symbol,company_name,security_type,geography,market_cap_raw_usd,market_cap_bucket,coverage_domain,starmine_ess_text,provider,source_file,snapshot_date,created_at_utc,run_id
SRCE,1st Source Corp,Common Stock,UNKNOWN,1740000000,MICRO,STARMINE_COVERED,VERY_BULLISH,FIDELITY,SecurityExtract_ESS_2026May13.csv,2026-05-13,2026-05-13T15:28:42.873928+00:00,RUN-REAL-ESS-20260513-002
ACEL,Accel Entertainment Inc,Common Stock,UNKNOWN,933580000,MICRO,STARMINE_COVERED,VERY_BULLISH,FIDELITY,SecurityExtract_ESS_2026May13.csv,2026-05-13,2026-05-13T15:28:42.873928+00:00,RUN-REAL-ESS-20260513-002
ADUS,Addus HomeCare Corp,Common Stock,UNKNOWN,1840000000,MICRO,STARMINE_COVERED,VERY_BULLISH,FIDELITY,SecurityExtract_ESS_2026May13.csv,2026-05-13,2026-05-13T15:28:42.873928+00:00,RUN-REAL-ESS-20260513-002
AGEN,Agenus Inc/DE,Common Stock,UNKNOWN,143250000,MICRO,STARMINE_COVERED,VERY_BULLISH,FIDELITY,SecurityExtract_ESS_2026May13.csv,2026-05-13,2026-05-13T15:28:42.873928+00:00,RUN-REAL-ESS-20260513-002
AKAM,Akamai Technologies Inc,Common Stock,UNKNOWN,21740000000,MID,STARMINE_COVERED,BULLISH,FIDELITY,SecurityExtract_ESS_2026May13.csv,2026-05-13,2026-05-13T15:28:42.873928+00:00,RUN-REAL-ESS-20260513-002
ALNT,Allient Inc,Common Stock,UNKNOWN,1070000000,MICRO,STARMINE_COVERED,VERY_BULLISH,FIDELITY,SecurityExtract_ESS_2026May13.csv,2026-05-13,2026-05-13T15:28:42.873928+00:00,RUN-REAL-ESS-20260513-002
AMCX,AMC Global Media Inc,Common Stock,UNKNOWN,354940000,MICRO,STARMINE_COVERED,BULLISH,FIDELITY,SecurityExtract_ESS_2026May13.csv,2026-05-13,2026-05-13T15:28:42.873928+00:00,RUN-REAL-ESS-20260513-002
APEI,American Public Education Inc,Common Stock,UNKNOWN,972180000,MICRO,STARMINE_COVERED,VERY_BULLISH,FIDELITY,SecurityExtract_ESS_2026May13.csv,2026-05-13,2026-05-13T15:28:42.873928+00:00,RUN-REAL-ESS-20260513-002
AWR,American States Water Co,Common Stock,UNKNOWN,3040000000,MICRO,STARMINE_COVERED,BULLISH,FIDELITY,SecurityExtract_ESS_2026May13.csv,2026-05-13,2026-05-13T15:28:42.873928+00:00,RUN-REAL-ESS-20260513-002
AME,AMETEK Inc,Common Stock,UNKNOWN,52990000000,MID,STARMINE_COVERED,BULLISH,FIDELITY,SecurityExtract_ESS_2026May13.csv,2026-05-13,2026-05-13T15:28:42.873928+00:00,RUN-REAL-ESS-20260513-002
AMN,AMN Healthcare Services Inc.,Common Stock,UNKNOWN,1140000000,MICRO,STARMINE_COVERED,VERY_BULLISH,FIDELITY,SecurityExtract_ESS_2026May13.csv,2026-05-13,2026-05-13T15:28:42.873928+00:00,RUN-REAL-ESS-20260513-002
ADI,Analog Devices Inc,Common Stock,UNKNOWN,204870000000,LARGE,STARMINE_COVERED,VERY_BULLISH,FIDELITY,SecurityExtract_ESS_2026May13.csv,2026-05-13,2026-05-13T15:28:42.873928+00:00,RUN-REAL-ESS-20260513-002
ANAB,AnaptysBio Inc,Common Stock,UNKNOWN,1910000000,MICRO,STARMINE_COVERED,VERY_BULLISH,FIDELITY,SecurityExtract_ESS_2026May13.csv,2026-05-13,2026-05-13T15:28:42.873928+00:00,RUN-REAL-ESS-20260513-002
APA,APA Corporation,Common Stock,UNKNOWN,13110000000,SMALL,STARMINE_COVERED,BULLISH,FIDELITY,SecurityExtract_ESS_2026May13.csv,2026-05-13,2026-05-13T15:28:42.873928+00:00,RUN-REAL-ESS-20260513-002
AAPL,Apple Inc,Common Stock,UNKNOWN,4330000000000,MEGA,STARMINE_COVERED,BULLISH,FIDELITY,SecurityExtract_ESS_2026May13.csv,2026-05-13,2026-05-13T15:28:42.873928+00:00,RUN-REAL-ESS-20260513-002
AMAT,Applied Materials Inc,Common Stock,UNKNOWN,342200000000,LARGE,STARMINE_COVERED,VERY_BULLISH,FIDELITY,SecurityExtract_ESS_2026May13.csv,2026-05-13,2026-05-13T15:28:42.873928+00:00,RUN-REAL-ESS-20260513-002
ARCO,Arcos Dorados Holdings Inc,Common Stock,UNKNOWN,1820000000,MICRO,STARMINE_COVERED,BULLISH,FIDELITY,SecurityExtract_ESS_2026May13.csv,2026-05-13,2026-05-13T15:28:42.873928+00:00,RUN-REAL-ESS-20260513-002
AGX,Argan Inc,Common Stock,UNKNOWN,9510000000,SMALL,STARMINE_COVERED,VERY_BULLISH,FIDELITY,SecurityExtract_ESS_2026May13.csv,2026-05-13,2026-05-13T15:28:42.873928+00:00,RUN-REAL-ESS-20260513-002
ANET,Arista Networks Inc,Common Stock,UNKNOWN,179490000000,LARGE,STARMINE_COVERED,VERY_BULLISH,FIDELITY,SecurityExtract_ESS_2026May13.csv,2026-05-13,2026-05-13T15:28:42.873928+00:00,RUN-REAL-ESS-20260513-002
ARR,ARMOUR Residential REIT Inc,Common Stock (REIT),UNKNOWN,2180000000,MICRO,STARMINE_COVERED,VERY_BULLISH,FIDELITY,SecurityExtract_ESS_2026May13.csv,2026-05-13,2026-05-13T15:28:42.873928+00:00,RUN-REAL-ESS-20260513-002
ARW,Arrow Electronics Inc,Common Stock,UNKNOWN,10300000000,SMALL,STARMINE_COVERED,VERY_BULLISH,FIDELITY,SecurityExtract_ESS_2026May13.csv,2026-05-13,2026-05-13T15:28:42.873928+00:00,RUN-REAL-ESS-20260513-002
ASML,ASML Holding NV,Depository Receipt,UNKNOWN,586200000000,MEGA,STARMINE_COVERED,VERY_BULLISH,FIDELITY,SecurityExtract_ESS_2026May13.csv,2026-05-13,2026-05-13T15:28:42.873928+00:00,RUN-REAL-ESS-20260513-002
ATRO,Astronics Corp,Common Stock,UNKNOWN,2510000000,MICRO,STARMINE_COVERED,VERY_BULLISH,FIDELITY,SecurityExtract_ESS_2026May13.csv,2026-05-13,2026-05-13T15:28:42.873928+00:00,RUN-REAL-ESS-20260513-002
ATLC,Atlanticus Holdings Corp,Common Stock,UNKNOWN,1170000000,MICRO,STARMINE_COVERED,VERY_BULLISH,FIDELITY,SecurityExtract_ESS_2026May13.csv,2026-05-13,2026-05-13T15:28:42.873928+00:00,RUN-REAL-ESS-20260513-002
ATRC,AtriCure Inc,Common Stock,UNKNOWN,1350000000,MICRO,STARMINE_COVERED,VERY_BULLISH,FIDELITY,SecurityExtract_ESS_2026May13.csv,2026-05-13,2026-05-13T15:28:42.873928+00:00,RUN-REAL-ESS-20260513-002
ATHM,Autohome Inc,Depository Receipt,UNKNOWN,2230000000,MICRO,STARMINE_COVERED,VERY_BULLISH,FIDELITY,SecurityExtract_ESS_2026May13.csv,2026-05-13,2026-05-13T15:28:42.873928+00:00,RUN-REAL-ESS-20260513-002
AVA,Avista Corp,Common Stock,UNKNOWN,3370000000,MICRO,STARMINE_COVERED,BULLISH,FIDELITY,SecurityExtract_ESS_2026May13.csv,2026-05-13,2026-05-13T15:28:42.873928+00:00,RUN-REAL-ESS-20260513-002
AVT,Avnet Inc,Common Stock,UNKNOWN,6730000000,SMALL,STARMINE_COVERED,VERY_BULLISH,FIDELITY,SecurityExtract_ESS_2026May13.csv,2026-05-13,2026-05-13T15:28:42.873928+00:00,RUN-REAL-ESS-20260513-002
AXS,AXIS Capital Holdings Ltd,Common Stock,UNKNOWN,7320000000,SMALL,STARMINE_COVERED,VERY_BULLISH,FIDELITY,SecurityExtract_ESS_2026May13.csv,2026-05-13,2026-05-13T15:28:42.873928+00:00,RUN-REAL-ESS-20260513-002
AZZ,AZZ Inc,Common Stock,UNKNOWN,4430000000,SMALL,STARMINE_COVERED,VERY_BULLISH,FIDELITY,SecurityExtract_ESS_2026May13.csv,2026-05-13,2026-05-13T15:28:42.873928+00:00,RUN-REAL-ESS-20260513-002
BMO,Bank of Montreal,Common Stock,UNKNOWN,107720000000,LARGE,STARMINE_COVERED,BULLISH,FIDELITY,SecurityExtract_ESS_2026May13.csv,2026-05-13,2026-05-13T15:28:42.873928+00:00,RUN-REAL-ESS-20260513-002
BK,Bank of New York Mellon Corp (The),Common Stock,UNKNOWN,91590000000,LARGE,STARMINE_COVERED,VERY_BULLISH,FIDELITY,SecurityExtract_ESS_2026May13.csv,2026-05-13,2026-05-13T15:28:42.873928+00:00,RUN-REAL-ESS-20260513-002
OZK,Bank OZK,Common Stock,UNKNOWN,5170000000,SMALL,STARMINE_COVERED,BULLISH,FIDELITY,SecurityExtract_ESS_2026May13.csv,2026-05-13,2026-05-13T15:28:42.873928+00:00,RUN-REAL-ESS-20260513-002
BSVN,Bank7 Corp,Common Stock,UNKNOWN,402080000,MICRO,STARMINE_COVERED,VERY_BULLISH,FIDELITY,SecurityExtract_ESS_2026May13.csv,2026-05-13,2026-05-13T15:28:42.873928+00:00,RUN-REAL-ESS-20260513-002
BWFG,Bankwell Financial Group Inc,Common Stock,UNKNOWN,403910000,MICRO,STARMINE_COVERED,BULLISH,FIDELITY,SecurityExtract_ESS_2026May13.csv,2026-05-13,2026-05-13T15:28:42.873928+00:00,RUN-REAL-ESS-20260513-002
BDC,Belden Inc,Common Stock,UNKNOWN,4280000000,SMALL,STARMINE_COVERED,BULLISH,FIDELITY,SecurityExtract_ESS_2026May13.csv,2026-05-13,2026-05-13T15:28:42.873928+00:00,RUN-REAL-ESS-20260513-002
BHE,Benchmark Electronics Inc,Common Stock,UNKNOWN,2990000000,MICRO,STARMINE_COVERED,VERY_BULLISH,FIDELITY,SecurityExtract_ESS_2026May13.csv,2026-05-13,2026-05-13T15:28:42.873928+00:00,RUN-REAL-ESS-20260513-002
WRB,Berkley (W.R.) Corp,Common Stock,UNKNOWN,24780000000,MID,STARMINE_COVERED,BULLISH,FIDELITY,SecurityExtract_ESS_2026May13.csv,2026-05-13,2026-05-13T15:28:42.873928+00:00,RUN-REAL-ESS-20260513-002
BIIB,Biogen Inc,Common Stock,UNKNOWN,29430000000,MID,STARMINE_COVERED,BULLISH,FIDELITY,SecurityExtract_ESS_2026May13.csv,2026-05-13,2026-05-13T15:28:42.873928+00:00,RUN-REAL-ESS-20260513-002
XYZ,Block Inc,Common Stock,UNKNOWN,42920000000,MID,STARMINE_COVERED,VERY_BULLISH,FIDELITY,SecurityExtract_ESS_2026May13.csv,2026-05-13,2026-05-13T15:28:42.873928+00:00,RUN-REAL-ESS-20260513-002
BP,BP plc,Depository Receipt,UNKNOWN,116230000000,LARGE,STARMINE_COVERED,VERY_BULLISH,FIDELITY,SecurityExtract_ESS_2026May13.csv,2026-05-13,2026-05-13T15:28:42.873928+00:00,RUN-REAL-ESS-20260513-002
BFH,Bread Financial Holdings Inc,Common Stock,UNKNOWN,3420000000,MICRO,STARMINE_COVERED,VERY_BULLISH,FIDELITY,SecurityExtract_ESS_2026May13.csv,2026-05-13,2026-05-13T15:28:42.873928+00:00,RUN-REAL-ESS-20260513-002
AVGO,Broadcom Inc,Common Stock,UNKNOWN,1990000000000,MEGA,STARMINE_COVERED,VERY_BULLISH,FIDELITY,SecurityExtract_ESS_2026May13.csv,2026-05-13,2026-05-13T15:28:42.873928+00:00,RUN-REAL-ESS-20260513-002
BMBL,Bumble Inc,Common Stock,UNKNOWN,509500000,MICRO,STARMINE_COVERED,VERY_BULLISH,FIDELITY,SecurityExtract_ESS_2026May13.csv,2026-05-13,2026-05-13T15:28:42.873928+00:00,RUN-REAL-ESS-20260513-002
CALM,Cal Maine Foods Inc,Common Stock,UNKNOWN,3740000000,SMALL,STARMINE_COVERED,BULLISH,FIDELITY,SecurityExtract_ESS_2026May13.csv,2026-05-13,2026-05-13T15:28:42.873928+00:00,RUN-REAL-ESS-20260513-002
CRC,California Resources Corp,Common Stock,UNKNOWN,5300000000,SMALL,STARMINE_COVERED,VERY_BULLISH,FIDELITY,SecurityExtract_ESS_2026May13.csv,2026-05-13,2026-05-13T15:28:42.873928+00:00,RUN-REAL-ESS-20260513-002
CM,Canadian Imperial Bank of Commerce,Common Stock,UNKNOWN,103080000000,LARGE,STARMINE_COVERED,BULLISH,FIDELITY,SecurityExtract_ESS_2026May13.csv,2026-05-13,2026-05-13T15:28:42.873928+00:00,RUN-REAL-ESS-20260513-002
CNI,Canadian National Railway Co,Common Stock,UNKNOWN,68420000000,MID,STARMINE_COVERED,VERY_BULLISH,FIDELITY,SecurityExtract_ESS_2026May13.csv,2026-05-13,2026-05-13T15:28:42.873928+00:00,RUN-REAL-ESS-20260513-002
CNQ,Canadian Natural Resources Ltd,Common Stock,UNKNOWN,97870000000,LARGE,STARMINE_COVERED,VERY_BULLISH,FIDELITY,SecurityExtract_ESS_2026May13.csv,2026-05-13,2026-05-13T15:28:42.873928+00:00,RUN-REAL-ESS-20260513-002
CAH,Cardinal Health Inc,Common Stock,UNKNOWN,42760000000,MID,STARMINE_COVERED,VERY_BULLISH,FIDELITY,SecurityExtract_ESS_2026May13.csv,2026-05-13,2026-05-13T15:28:42.873928+00:00,RUN-REAL-ESS-20260513-002
CARS,Cars.com Inc,Common Stock,UNKNOWN,589780000,MICRO,STARMINE_COVERED,BULLISH,FIDELITY,SecurityExtract_ESS_2026May13.csv,2026-05-13,2026-05-13T15:28:42.873928+00:00,RUN-REAL-ESS-20260513-002
CPRX,Catalyst Pharmaceutical Inc,Common Stock,UNKNOWN,3810000000,SMALL,STARMINE_COVERED,VERY_BULLISH,FIDELITY,SecurityExtract_ESS_2026May13.csv,2026-05-13,2026-05-13T15:28:42.873928+00:00,RUN-REAL-ESS-20260513-002
CBOE,Cboe Global Markets Inc,Common Stock,UNKNOWN,37240000000,MID,STARMINE_COVERED,VERY_BULLISH,FIDELITY,SecurityExtract_ESS_2026May13.csv,2026-05-13,2026-05-13T15:28:42.873928+00:00,RUN-REAL-ESS-20260513-002
CVE,Cenovus Energy Inc,Common Stock,UNKNOWN,56270000000,MID,STARMINE_COVERED,VERY_BULLISH,FIDELITY,SecurityExtract_ESS_2026May13.csv,2026-05-13,2026-05-13T15:28:42.873928+00:00,RUN-REAL-ESS-20260513-002
CF,CF Industries Holdings Inc,Common Stock,UNKNOWN,20030000000,MID,STARMINE_COVERED,VERY_BULLISH,FIDELITY,SecurityExtract_ESS_2026May13.csv,2026-05-13,2026-05-13T15:28:42.873928+00:00,RUN-REAL-ESS-20260513-002
CHTR,Charter Communications Inc,Common Stock,UNKNOWN,18190000000,MID,STARMINE_COVERED,VERY_BULLISH,FIDELITY,SecurityExtract_ESS_2026May13.csv,2026-05-13,2026-05-13T15:28:42.873928+00:00,RUN-REAL-ESS-20260513-002
CLDT,Chatham Lodging Trust,Common Stock (REIT),UNKNOWN,461680000,MICRO,STARMINE_COVERED,BULLISH,FIDELITY,SecurityExtract_ESS_2026May13.csv,2026-05-13,2026-05-13T15:28:42.873928+00:00,RUN-REAL-ESS-20260513-002
CHRD,Chord Energy Corp,Common Stock,UNKNOWN,8000000000,SMALL,STARMINE_COVERED,VERY_BULLISH,FIDELITY,SecurityExtract_ESS_2026May13.csv,2026-05-13,2026-05-13T15:28:42.873928+00:00,RUN-REAL-ESS-20260513-002
CIEN,Ciena Corp,Common Stock,UNKNOWN,81610000000,MID,STARMINE_COVERED,VERY_BULLISH,FIDELITY,SecurityExtract_ESS_2026May13.csv,2026-05-13,2026-05-13T15:28:42.873928+00:00,RUN-REAL-ESS-20260513-002
CRUS,Cirrus Logic Inc.,Common Stock,UNKNOWN,8490000000,SMALL,STARMINE_COVERED,VERY_BULLISH,FIDELITY,SecurityExtract_ESS_2026May13.csv,2026-05-13,2026-05-13T15:28:42.873928+00:00,RUN-REAL-ESS-20260513-002
YOU,Clear Secure Inc,Common Stock,UNKNOWN,7700000000,SMALL,STARMINE_COVERED,VERY_BULLISH,FIDELITY,SecurityExtract_ESS_2026May13.csv,2026-05-13,2026-05-13T15:28:42.873928+00:00,RUN-REAL-ESS-20260513-002
CLMB,Climb Global Solutions Inc,Common Stock,UNKNOWN,358550000,MICRO,STARMINE_COVERED,VERY_BULLISH,FIDELITY,SecurityExtract_ESS_2026May13.csv,2026-05-13,2026-05-13T15:28:42.873928+00:00,RUN-REAL-ESS-20260513-002
CCNE,CNB Financial Corp/PA,Common Stock,UNKNOWN,903680000,MICRO,STARMINE_COVERED,BULLISH,FIDELITY,SecurityExtract_ESS_2026May13.csv,2026-05-13,2026-05-13T15:28:42.873928+00:00,RUN-REAL-ESS-20260513-002
COHR,Coherent Corp,Common Stock,UNKNOWN,73170000000,MID,STARMINE_COVERED,BULLISH,FIDELITY,SecurityExtract_ESS_2026May13.csv,2026-05-13,2026-05-13T15:28:42.873928+00:00,RUN-REAL-ESS-20260513-002
CMCO,Columbus McKinnon Corp,Common Stock,UNKNOWN,444590000,MICRO,STARMINE_COVERED,VERY_BULLISH,FIDELITY,SecurityExtract_ESS_2026May13.csv,2026-05-13,2026-05-13T15:28:42.873928+00:00,RUN-REAL-ESS-20260513-002
CMCSA,Comcast Corp,Common Stock,UNKNOWN,88950000000,LARGE,STARMINE_COVERED,VERY_BULLISH,FIDELITY,SecurityExtract_ESS_2026May13.csv,2026-05-13,2026-05-13T15:28:42.873928+00:00,RUN-REAL-ESS-20260513-002
CYH,Community Health Systems Inc,Common Stock,UNKNOWN,404430000,MICRO,STARMINE_COVERED,BULLISH,FIDELITY,SecurityExtract_ESS_2026May13.csv,2026-05-13,2026-05-13T15:28:42.873928+00:00,RUN-REAL-ESS-20260513-002
CTBI,Community Trust Bancorp Inc,Common Stock,UNKNOWN,1180000000,MICRO,STARMINE_COVERED,VERY_BULLISH,FIDELITY,SecurityExtract_ESS_2026May13.csv,2026-05-13,2026-05-13T15:28:42.873928+00:00,RUN-REAL-ESS-20260513-002
CSTM,Constellium SE,Common Stock,UNKNOWN,4540000000,SMALL,STARMINE_COVERED,BULLISH,FIDELITY,SecurityExtract_ESS_2026May13.csv,2026-05-13,2026-05-13T15:28:42.873928+00:00,RUN-REAL-ESS-20260513-002
CRMD,CorMedix Inc,Common Stock,UNKNOWN,589100000,MICRO,STARMINE_COVERED,BULLISH,FIDELITY,SecurityExtract_ESS_2026May13.csv,2026-05-13,2026-05-13T15:28:42.873928+00:00,RUN-REAL-ESS-20260513-002
GLW,Corning Inc,Common Stock,UNKNOWN,170610000000,LARGE,STARMINE_COVERED,BULLISH,FIDELITY,SecurityExtract_ESS_2026May13.csv,2026-05-13,2026-05-13T15:28:42.873928+00:00,RUN-REAL-ESS-20260513-002
COST,Costco Wholesale Corp,Common Stock,UNKNOWN,453360000000,LARGE,STARMINE_COVERED,VERY_BULLISH,FIDELITY,SecurityExtract_ESS_2026May13.csv,2026-05-13,2026-05-13T15:28:42.873928+00:00,RUN-REAL-ESS-20260513-002
CRGY,Crescent Energy Co,Common Stock,UNKNOWN,4200000000,SMALL,STARMINE_COVERED,VERY_BULLISH,FIDELITY,SecurityExtract_ESS_2026May13.csv,2026-05-13,2026-05-13T15:28:42.873928+00:00,RUN-REAL-ESS-20260513-002
CRCT,Cricut Inc,Common Stock,UNKNOWN,894170000,MICRO,STARMINE_COVERED,BULLISH,FIDELITY,SecurityExtract_ESS_2026May13.csv,2026-05-13,2026-05-13T15:28:42.873928+00:00,RUN-REAL-ESS-20260513-002
CRWD,CrowdStrike Holdings Inc,Common Stock,UNKNOWN,139020000000,LARGE,STARMINE_COVERED,VERY_BULLISH,FIDELITY,SecurityExtract_ESS_2026May13.csv,2026-05-13,2026-05-13T15:28:42.873928+00:00,RUN-REAL-ESS-20260513-002
CTS,CTS Corp,Common Stock,UNKNOWN,1680000000,MICRO,STARMINE_COVERED,VERY_BULLISH,FIDELITY,SecurityExtract_ESS_2026May13.csv,2026-05-13,2026-05-13T15:28:42.873928+00:00,RUN-REAL-ESS-20260513-002
DDOG,Datadog Inc,Common Stock,UNKNOWN,71170000000,MID,STARMINE_COVERED,BULLISH,FIDELITY,SecurityExtract_ESS_2026May13.csv,2026-05-13,2026-05-13T15:28:42.873928+00:00,RUN-REAL-ESS-20260513-002
DVA,DaVita Inc,Common Stock,UNKNOWN,12870000000,SMALL,STARMINE_COVERED,BULLISH,FIDELITY,SecurityExtract_ESS_2026May13.csv,2026-05-13,2026-05-13T15:28:42.873928+00:00,RUN-REAL-ESS-20260513-002
DCTH,Delcath Systems Inc,Common Stock,UNKNOWN,391480000,MICRO,STARMINE_COVERED,VERY_BULLISH,FIDELITY,SecurityExtract_ESS_2026May13.csv,2026-05-13,2026-05-13T15:28:42.873928+00:00,RUN-REAL-ESS-20260513-002
DELL,Dell Technologies Inc,Common Stock,UNKNOWN,155360000000,LARGE,STARMINE_COVERED,VERY_BULLISH,FIDELITY,SecurityExtract_ESS_2026May13.csv,2026-05-13,2026-05-13T15:28:42.873928+00:00,RUN-REAL-ESS-20260513-002
DVN,Devon Energy Corp,Common Stock,UNKNOWN,53920000000,MID,STARMINE_COVERED,VERY_BULLISH,FIDELITY,SecurityExtract_ESS_2026May13.csv,2026-05-13,2026-05-13T15:28:42.873928+00:00,RUN-REAL-ESS-20260513-002
DHX,DHI Group Inc,Common Stock,UNKNOWN,157240000,MICRO,STARMINE_COVERED,BULLISH,FIDELITY,SecurityExtract_ESS_2026May13.csv,2026-05-13,2026-05-13T15:28:42.873928+00:00,RUN-REAL-ESS-20260513-002
DGII,Digi International Inc,Common Stock,UNKNOWN,2320000000,MICRO,STARMINE_COVERED,BULLISH,FIDELITY,SecurityExtract_ESS_2026May13.csv,2026-05-13,2026-05-13T15:28:42.873928+00:00,RUN-REAL-ESS-20260513-002
DMRC,Digimarc Corp,Common Stock,UNKNOWN,196850000,MICRO,STARMINE_COVERED,VERY_BULLISH,FIDELITY,SecurityExtract_ESS_2026May13.csv,2026-05-13,2026-05-13T15:28:42.873928+00:00,RUN-REAL-ESS-20260513-002
DCOM,Dime Community Bancshares Inc,Common Stock,UNKNOWN,1610000000,MICRO,STARMINE_COVERED,BULLISH,FIDELITY,SecurityExtract_ESS_2026May13.csv,2026-05-13,2026-05-13T15:28:42.873928+00:00,RUN-REAL-ESS-20260513-002
DOW,Dow Inc,Common Stock,UNKNOWN,28420000000,MID,STARMINE_COVERED,VERY_BULLISH,FIDELITY,SecurityExtract_ESS_2026May13.csv,2026-05-13,2026-05-13T15:28:42.873928+00:00,RUN-REAL-ESS-20260513-002
DBX,Dropbox Inc,Common Stock,UNKNOWN,5810000000,SMALL,STARMINE_COVERED,VERY_BULLISH,FIDELITY,SecurityExtract_ESS_2026May13.csv,2026-05-13,2026-05-13T15:28:42.873928+00:00,RUN-REAL-ESS-20260513-002
DXPE,DXP Enterprises Inc,Common Stock,UNKNOWN,2230000000,MICRO,STARMINE_COVERED,BULLISH,FIDELITY,SecurityExtract_ESS_2026May13.csv,2026-05-13,2026-05-13T15:28:42.873928+00:00,RUN-REAL-ESS-20260513-002
DT,Dynatrace Inc,Common Stock,UNKNOWN,11690000000,SMALL,STARMINE_COVERED,VERY_BULLISH,FIDELITY,SecurityExtract_ESS_2026May13.csv,2026-05-13,2026-05-13T15:28:42.873928+00:00,RUN-REAL-ESS-20260513-002
EBMT,Eagle Bancorp Montana Inc,Common Stock,UNKNOWN,178650000,MICRO,STARMINE_COVERED,BULLISH,FIDELITY,SecurityExtract_ESS_2026May13.csv,2026-05-13,2026-05-13T15:28:42.873928+00:00,RUN-REAL-ESS-20260513-002
ELMD,Electromed Inc,Common Stock,UNKNOWN,225080000,MICRO,STARMINE_COVERED,VERY_BULLISH,FIDELITY,SecurityExtract_ESS_2026May13.csv,2026-05-13,2026-05-13T15:28:42.873928+00:00,RUN-REAL-ESS-20260513-002
EME,EMCOR Group Inc.,Common Stock,UNKNOWN,41100000000,MID,STARMINE_COVERED,VERY_BULLISH,FIDELITY,SecurityExtract_ESS_2026May13.csv,2026-05-13,2026-05-13T15:28:42.873928+00:00,RUN-REAL-ESS-20260513-002
ENS,EnerSys,Common Stock,UNKNOWN,8570000000,SMALL,STARMINE_COVERED,BULLISH,FIDELITY,SecurityExtract_ESS_2026May13.csv,2026-05-13,2026-05-13T15:28:42.873928+00:00,RUN-REAL-ESS-20260513-002
E,Eni SpA,Depository Receipt,UNKNOWN,82100000000,MID,STARMINE_COVERED,VERY_BULLISH,FIDELITY,SecurityExtract_ESS_2026May13.csv,2026-05-13,2026-05-13T15:28:42.873928+00:00,RUN-REAL-ESS-20260513-002
ENTG,Entegris Inc,Common Stock,UNKNOWN,22160000000,MID,STARMINE_COVERED,BULLISH,FIDELITY,SecurityExtract_ESS_2026May13.csv,2026-05-13,2026-05-13T15:28:42.873928+00:00,RUN-REAL-ESS-20260513-002
EPD,Enterprise Products Partners LP,Unit Trust Fund,UNKNOWN,82560000000,MID,STARMINE_COVERED,VERY_BULLISH,FIDELITY,SecurityExtract_ESS_2026May13.csv,2026-05-13,2026-05-13T15:28:42.873928+00:00,RUN-REAL-ESS-20260513-002
EOG,EOG Resources Inc.,Common Stock,UNKNOWN,71440000000,MID,STARMINE_COVERED,VERY_BULLISH,FIDELITY,SecurityExtract_ESS_2026May13.csv,2026-05-13,2026-05-13T15:28:42.873928+00:00,RUN-REAL-ESS-20260513-002
EG,Everest Group Ltd,Common Stock,UNKNOWN,13920000000,SMALL,STARMINE_COVERED,BULLISH,FIDELITY,SecurityExtract_ESS_2026May13.csv,2026-05-13,2026-05-13T15:28:42.873928+00:00,RUN-REAL-ESS-20260513-002
EXEL,Exelixis Inc,Common Stock,UNKNOWN,12430000000,SMALL,STARMINE_COVERED,VERY_BULLISH,FIDELITY,SecurityExtract_ESS_2026May13.csv,2026-05-13,2026-05-13T15:28:42.873928+00:00,RUN-REAL-ESS-20260513-002
EXPD,Expeditors International of Washington Inc.,Common Stock,UNKNOWN,20200000000,MID,STARMINE_COVERED,VERY_BULLISH,FIDELITY,SecurityExtract_ESS_2026May13.csv,2026-05-13,2026-05-13T15:28:42.873928+00:00,RUN-REAL-ESS-20260513-002
EZPW,EZCORP Inc,Common Stock,UNKNOWN,2070000000,MICRO,STARMINE_COVERED,BULLISH,FIDELITY,SecurityExtract_ESS_2026May13.csv,2026-05-13,2026-05-13T15:28:42.873928+00:00,RUN-REAL-ESS-20260513-002
FFIV,F5 Inc,Common Stock,UNKNOWN,20030000000,MID,STARMINE_COVERED,VERY_BULLISH,FIDELITY,SecurityExtract_ESS_2026May13.csv,2026-05-13,2026-05-13T15:28:42.873928+00:00,RUN-REAL-ESS-20260513-002
FN,Fabrinet,Common Stock,UNKNOWN,22730000000,MID,STARMINE_COVERED,BULLISH,FIDELITY,SecurityExtract_ESS_2026May13.csv,2026-05-13,2026-05-13T15:28:42.873928+00:00,RUN-REAL-ESS-20260513-002
FPI,Farmland Partners Inc,Common Stock (REIT),UNKNOWN,453620000,MICRO,STARMINE_COVERED,BULLISH,FIDELITY,SecurityExtract_ESS_2026May13.csv,2026-05-13,2026-05-13T15:28:42.873928+00:00,RUN-REAL-ESS-20260513-002
FSS,Federal Signal Corp.,Common Stock,UNKNOWN,7040000000,SMALL,STARMINE_COVERED,VERY_BULLISH,FIDELITY,SecurityExtract_ESS_2026May13.csv,2026-05-13,2026-05-13T15:28:42.873928+00:00,RUN-REAL-ESS-20260513-002
FISI,Financial Institutions Inc,Common Stock,UNKNOWN,682510000,MICRO,STARMINE_COVERED,VERY_BULLISH,FIDELITY,SecurityExtract_ESS_2026May13.csv,2026-05-13,2026-05-13T15:28:42.873928+00:00,RUN-REAL-ESS-20260513-002
FAF,First American Financial Corp,Common Stock,UNKNOWN,6910000000,SMALL,STARMINE_COVERED,VERY_BULLISH,FIDELITY,SecurityExtract_ESS_2026May13.csv,2026-05-13,2026-05-13T15:28:42.873928+00:00,RUN-REAL-ESS-20260513-002
FBIZ,First Business Financial Services Inc,Common Stock,UNKNOWN,460160000,MICRO,STARMINE_COVERED,VERY_BULLISH,FIDELITY,SecurityExtract_ESS_2026May13.csv,2026-05-13,2026-05-13T15:28:42.873928+00:00,RUN-REAL-ESS-20260513-002
FCCO,First Community Corp,Common Stock,UNKNOWN,279400000,MICRO,STARMINE_COVERED,BULLISH,FIDELITY,SecurityExtract_ESS_2026May13.csv,2026-05-13,2026-05-13T15:28:42.873928+00:00,RUN-REAL-ESS-20260513-002
FR,First Industrial Realty Trust Inc,Common Stock (REIT),UNKNOWN,8270000000,SMALL,STARMINE_COVERED,BULLISH,FIDELITY,SecurityExtract_ESS_2026May13.csv,2026-05-13,2026-05-13T15:28:42.873928+00:00,RUN-REAL-ESS-20260513-002
FUNC,First United Corp,Common Stock,UNKNOWN,238350000,MICRO,STARMINE_COVERED,VERY_BULLISH,FIDELITY,SecurityExtract_ESS_2026May13.csv,2026-05-13,2026-05-13T15:28:42.873928+00:00,RUN-REAL-ESS-20260513-002
FISV,Fiserv Inc.,Common Stock,UNKNOWN,29260000000,MID,STARMINE_COVERED,VERY_BULLISH,FIDELITY,SecurityExtract_ESS_2026May13.csv,2026-05-13,2026-05-13T15:28:42.873928+00:00,RUN-REAL-ESS-20260513-002
FIVN,Five9 Inc,Common Stock,UNKNOWN,1600000000,MICRO,STARMINE_COVERED,VERY_BULLISH,FIDELITY,SecurityExtract_ESS_2026May13.csv,2026-05-13,2026-05-13T15:28:42.873928+00:00,RUN-REAL-ESS-20260513-002
FLEX,Flex Ltd,Common Stock,UNKNOWN,51360000000,MID,STARMINE_COVERED,VERY_BULLISH,FIDELITY,SecurityExtract_ESS_2026May13.csv,2026-05-13,2026-05-13T15:28:42.873928+00:00,RUN-REAL-ESS-20260513-002
FLXS,Flexsteel Industries Inc,Common Stock,UNKNOWN,225970000,MICRO,STARMINE_COVERED,VERY_BULLISH,FIDELITY,SecurityExtract_ESS_2026May13.csv,2026-05-13,2026-05-13T15:28:42.873928+00:00,RUN-REAL-ESS-20260513-002
FTNT,Fortinet Inc,Common Stock,UNKNOWN,83430000000,MID,STARMINE_COVERED,BULLISH,FIDELITY,SecurityExtract_ESS_2026May13.csv,2026-05-13,2026-05-13T15:28:42.873928+00:00,RUN-REAL-ESS-20260513-002
FET,Forum Energy Technologies Inc,Common Stock,UNKNOWN,628390000,MICRO,STARMINE_COVERED,VERY_BULLISH,FIDELITY,SecurityExtract_ESS_2026May13.csv,2026-05-13,2026-05-13T15:28:42.873928+00:00,RUN-REAL-ESS-20260513-002
GAIA,Gaia Inc,Common Stock,UNKNOWN,63540000,MICRO,STARMINE_COVERED,VERY_BULLISH,FIDELITY,SecurityExtract_ESS_2026May13.csv,2026-05-13,2026-05-13T15:28:42.873928+00:00,RUN-REAL-ESS-20260513-002
GEN,Gen Digital Inc,Common Stock,UNKNOWN,13350000000,SMALL,STARMINE_COVERED,VERY_BULLISH,FIDELITY,SecurityExtract_ESS_2026May13.csv,2026-05-13,2026-05-13T15:28:42.873928+00:00,RUN-REAL-ESS-20260513-002
GCT,GigaCloud Technology Inc,Common Stock,UNKNOWN,1410000000,MICRO,STARMINE_COVERED,BULLISH,FIDELITY,SecurityExtract_ESS_2026May13.csv,2026-05-13,2026-05-13T15:28:42.873928+00:00,RUN-REAL-ESS-20260513-002
GIC,Global Industrial Co,Common Stock,UNKNOWN,1110000000,MICRO,STARMINE_COVERED,VERY_BULLISH,FIDELITY,SecurityExtract_ESS_2026May13.csv,2026-05-13,2026-05-13T15:28:42.873928+00:00,RUN-REAL-ESS-20260513-002
GL,Globe Life Inc,Common Stock,UNKNOWN,12030000000,SMALL,STARMINE_COVERED,VERY_BULLISH,FIDELITY,SecurityExtract_ESS_2026May13.csv,2026-05-13,2026-05-13T15:28:42.873928+00:00,RUN-REAL-ESS-20260513-002
GMED,Globus Medical Inc,Common Stock,UNKNOWN,10330000000,SMALL,STARMINE_COVERED,VERY_BULLISH,FIDELITY,SecurityExtract_ESS_2026May13.csv,2026-05-13,2026-05-13T15:28:42.873928+00:00,RUN-REAL-ESS-20260513-002
THG,Hanover Insurance Group Inc (The),Common Stock,UNKNOWN,6630000000,SMALL,STARMINE_COVERED,VERY_BULLISH,FIDELITY,SecurityExtract_ESS_2026May13.csv,2026-05-13,2026-05-13T15:28:42.873928+00:00,RUN-REAL-ESS-20260513-002
HCSG,Healthcare Services Group Inc,Common Stock,UNKNOWN,1520000000,MICRO,STARMINE_COVERED,BULLISH,FIDELITY,SecurityExtract_ESS_2026May13.csv,2026-05-13,2026-05-13T15:28:42.873928+00:00,RUN-REAL-ESS-20260513-002
HELE,Helen of Troy Ltd,Common Stock,UNKNOWN,557490000,MICRO,STARMINE_COVERED,BULLISH,FIDELITY,SecurityExtract_ESS_2026May13.csv,2026-05-13,2026-05-13T15:28:42.873928+00:00,RUN-REAL-ESS-20260513-002
HRTG,Heritage Insurance Holdings Inc,Common Stock,UNKNOWN,698350000,MICRO,STARMINE_COVERED,BULLISH,FIDELITY,SecurityExtract_ESS_2026May13.csv,2026-05-13,2026-05-13T15:28:42.873928+00:00,RUN-REAL-ESS-20260513-002
DINO,HF Sinclair Corp,Common Stock,UNKNOWN,12860000000,SMALL,STARMINE_COVERED,VERY_BULLISH,FIDELITY,SecurityExtract_ESS_2026May13.csv,2026-05-13,2026-05-13T15:28:42.873928+00:00,RUN-REAL-ESS-20260513-002
HTH,Hilltop Holdings Inc,Common Stock,UNKNOWN,2170000000,MICRO,STARMINE_COVERED,BULLISH,FIDELITY,SecurityExtract_ESS_2026May13.csv,2026-05-13,2026-05-13T15:28:42.873928+00:00,RUN-REAL-ESS-20260513-002
HST,Host Hotels & Resorts Inc,Common Stock (REIT),UNKNOWN,14900000000,MID,STARMINE_COVERED,BULLISH,FIDELITY,SecurityExtract_ESS_2026May13.csv,2026-05-13,2026-05-13T15:28:42.873928+00:00,RUN-REAL-ESS-20260513-002
HWM,Howmet Aerospace Inc,Common Stock,UNKNOWN,107930000000,LARGE,STARMINE_COVERED,BULLISH,FIDELITY,SecurityExtract_ESS_2026May13.csv,2026-05-13,2026-05-13T15:28:42.873928+00:00,RUN-REAL-ESS-20260513-002
HPQ,HP Inc,Common Stock,UNKNOWN,19280000000,MID,STARMINE_COVERED,VERY_BULLISH,FIDELITY,SecurityExtract_ESS_2026May13.csv,2026-05-13,2026-05-13T15:28:42.873928+00:00,RUN-REAL-ESS-20260513-002
HPP,Hudson Pacific Properties Inc,Common Stock (REIT),UNKNOWN,647650000,MICRO,STARMINE_COVERED,VERY_BULLISH,FIDELITY,SecurityExtract_ESS_2026May13.csv,2026-05-13,2026-05-13T15:28:42.873928+00:00,RUN-REAL-ESS-20260513-002
ILMN,Illumina Inc,Common Stock,UNKNOWN,22040000000,MID,STARMINE_COVERED,VERY_BULLISH,FIDELITY,SecurityExtract_ESS_2026May13.csv,2026-05-13,2026-05-13T15:28:42.873928+00:00,RUN-REAL-ESS-20260513-002
IMO,Imperial Oil Ltd,Common Stock,UNKNOWN,64520000000,MID,STARMINE_COVERED,VERY_BULLISH,FIDELITY,SecurityExtract_ESS_2026May13.csv,2026-05-13,2026-05-13T15:28:42.873928+00:00,RUN-REAL-ESS-20260513-002
III,Information Services Group Inc,Common Stock,UNKNOWN,202840000,MICRO,STARMINE_COVERED,BULLISH,FIDELITY,SecurityExtract_ESS_2026May13.csv,2026-05-13,2026-05-13T15:28:42.873928+00:00,RUN-REAL-ESS-20260513-002
IMKTA,Ingles Markets Inc,Common Stock,UNKNOWN,1600000000,MICRO,STARMINE_COVERED,VERY_BULLISH,FIDELITY,SecurityExtract_ESS_2026May13.csv,2026-05-13,2026-05-13T15:28:42.873928+00:00,RUN-REAL-ESS-20260513-002
IDN,Intellicheck Inc,Common Stock,UNKNOWN,146130000,MICRO,STARMINE_COVERED,VERY_BULLISH,FIDELITY,SecurityExtract_ESS_2026May13.csv,2026-05-13,2026-05-13T15:28:42.873928+00:00,RUN-REAL-ESS-20260513-002
JBL,Jabil Inc,Common Stock,UNKNOWN,37010000000,MID,STARMINE_COVERED,BULLISH,FIDELITY,SecurityExtract_ESS_2026May13.csv,2026-05-13,2026-05-13T15:28:42.873928+00:00,RUN-REAL-ESS-20260513-002
JHG,Janus Henderson Group PLC,Common Stock,UNKNOWN,7970000000,SMALL,STARMINE_COVERED,BULLISH,FIDELITY,SecurityExtract_ESS_2026May13.csv,2026-05-13,2026-05-13T15:28:42.873928+00:00,RUN-REAL-ESS-20260513-002
KROS,Keros Therapeutics Inc,Common Stock,UNKNOWN,230530000,MICRO,STARMINE_COVERED,BULLISH,FIDELITY,SecurityExtract_ESS_2026May13.csv,2026-05-13,2026-05-13T15:28:42.873928+00:00,RUN-REAL-ESS-20260513-002
KEYS,Keysight Technologies Inc,Common Stock,UNKNOWN,62020000000,MID,STARMINE_COVERED,BULLISH,FIDELITY,SecurityExtract_ESS_2026May13.csv,2026-05-13,2026-05-13T15:28:42.873928+00:00,RUN-REAL-ESS-20260513-002
KLAC,KLA Corp,Common Stock,UNKNOWN,236610000000,LARGE,STARMINE_COVERED,VERY_BULLISH,FIDELITY,SecurityExtract_ESS_2026May13.csv,2026-05-13,2026-05-13T15:28:42.873928+00:00,RUN-REAL-ESS-20260513-002
KFY,Korn Ferry,Common Stock,UNKNOWN,3420000000,MICRO,STARMINE_COVERED,VERY_BULLISH,FIDELITY,SecurityExtract_ESS_2026May13.csv,2026-05-13,2026-05-13T15:28:42.873928+00:00,RUN-REAL-ESS-20260513-002
LRCX,Lam Research Corp,Common Stock,UNKNOWN,361720000000,LARGE,STARMINE_COVERED,VERY_BULLISH,FIDELITY,SecurityExtract_ESS_2026May13.csv,2026-05-13,2026-05-13T15:28:42.873928+00:00,RUN-REAL-ESS-20260513-002
LTRX,Lantronix Inc,Common Stock,UNKNOWN,243280000,MICRO,STARMINE_COVERED,VERY_BULLISH,FIDELITY,SecurityExtract_ESS_2026May13.csv,2026-05-13,2026-05-13T15:28:42.873928+00:00,RUN-REAL-ESS-20260513-002
TREE,LendingTree Inc,Common Stock,UNKNOWN,527000000,MICRO,STARMINE_COVERED,VERY_BULLISH,FIDELITY,SecurityExtract_ESS_2026May13.csv,2026-05-13,2026-05-13T15:28:42.873928+00:00,RUN-REAL-ESS-20260513-002
LECO,Lincoln Electric Holdings Inc,Common Stock,UNKNOWN,14580000000,MID,STARMINE_COVERED,BULLISH,FIDELITY,SecurityExtract_ESS_2026May13.csv,2026-05-13,2026-05-13T15:28:42.873928+00:00,RUN-REAL-ESS-20260513-002
LFUS,Littelfuse Inc,Common Stock,UNKNOWN,11540000000,SMALL,STARMINE_COVERED,VERY_BULLISH,FIDELITY,SecurityExtract_ESS_2026May13.csv,2026-05-13,2026-05-13T15:28:42.873928+00:00,RUN-REAL-ESS-20260513-002
RAMP,Liveramp Holdings Inc,Common Stock,UNKNOWN,1810000000,MICRO,STARMINE_COVERED,VERY_BULLISH,FIDELITY,SecurityExtract_ESS_2026May13.csv,2026-05-13,2026-05-13T15:28:42.873928+00:00,RUN-REAL-ESS-20260513-002
LUMN,Lumen Technologies Inc,Common Stock,UNKNOWN,8930000000,SMALL,STARMINE_COVERED,VERY_BULLISH,FIDELITY,SecurityExtract_ESS_2026May13.csv,2026-05-13,2026-05-13T15:28:42.873928+00:00,RUN-REAL-ESS-20260513-002
LYB,LyondellBasell Industries NV,Common Stock,UNKNOWN,23990000000,MID,STARMINE_COVERED,VERY_BULLISH,FIDELITY,SecurityExtract_ESS_2026May13.csv,2026-05-13,2026-05-13T15:28:42.873928+00:00,RUN-REAL-ESS-20260513-002
MGY,Magnolia Oil & Gas Corp,Common Stock,UNKNOWN,5300000000,SMALL,STARMINE_COVERED,VERY_BULLISH,FIDELITY,SecurityExtract_ESS_2026May13.csv,2026-05-13,2026-05-13T15:28:42.873928+00:00,RUN-REAL-ESS-20260513-002
MNSB,MainStreet Bancshares Inc,Common Stock,UNKNOWN,163050000,MICRO,STARMINE_COVERED,BULLISH,FIDELITY,SecurityExtract_ESS_2026May13.csv,2026-05-13,2026-05-13T15:28:42.873928+00:00,RUN-REAL-ESS-20260513-002
MPC,Marathon Petroleum Corp,Common Stock,UNKNOWN,73570000000,MID,STARMINE_COVERED,VERY_BULLISH,FIDELITY,SecurityExtract_ESS_2026May13.csv,2026-05-13,2026-05-13T15:28:42.873928+00:00,RUN-REAL-ESS-20260513-002
MQ,Marqeta Inc,Common Stock,UNKNOWN,1690000000,MICRO,STARMINE_COVERED,VERY_BULLISH,FIDELITY,SecurityExtract_ESS_2026May13.csv,2026-05-13,2026-05-13T15:28:42.873928+00:00,RUN-REAL-ESS-20260513-002
MAS,Masco Corporation,Common Stock,UNKNOWN,14080000000,MID,STARMINE_COVERED,BULLISH,FIDELITY,SecurityExtract_ESS_2026May13.csv,2026-05-13,2026-05-13T15:28:42.873928+00:00,RUN-REAL-ESS-20260513-002
MCK,McKesson Corp,Common Stock,UNKNOWN,88310000000,LARGE,STARMINE_COVERED,BULLISH,FIDELITY,SecurityExtract_ESS_2026May13.csv,2026-05-13,2026-05-13T15:28:42.873928+00:00,RUN-REAL-ESS-20260513-002
MLAB,Mesa Laboratories Inc,Common Stock,UNKNOWN,572890000,MICRO,STARMINE_COVERED,VERY_BULLISH,FIDELITY,SecurityExtract_ESS_2026May13.csv,2026-05-13,2026-05-13T15:28:42.873928+00:00,RUN-REAL-ESS-20260513-002
MU,Micron Technology Inc.,Common Stock,UNKNOWN,864500000000,MEGA,STARMINE_COVERED,VERY_BULLISH,FIDELITY,SecurityExtract_ESS_2026May13.csv,2026-05-13,2026-05-13T15:28:42.873928+00:00,RUN-REAL-ESS-20260513-002
MDXG,MiMedx Group Inc,Common Stock,UNKNOWN,527270000,MICRO,STARMINE_COVERED,BULLISH,FIDELITY,SecurityExtract_ESS_2026May13.csv,2026-05-13,2026-05-13T15:28:42.873928+00:00,RUN-REAL-ESS-20260513-002
MCRI,Monarch Casino & Resort Inc,Common Stock,UNKNOWN,2050000000,MICRO,STARMINE_COVERED,VERY_BULLISH,FIDELITY,SecurityExtract_ESS_2026May13.csv,2026-05-13,2026-05-13T15:28:42.873928+00:00,RUN-REAL-ESS-20260513-002
MNST,Monster Beverage Corp,Common Stock,UNKNOWN,83980000000,MID,STARMINE_COVERED,VERY_BULLISH,FIDELITY,SecurityExtract_ESS_2026May13.csv,2026-05-13,2026-05-13T15:28:42.873928+00:00,RUN-REAL-ESS-20260513-002
MYE,Myers Industries Inc.,Common Stock,UNKNOWN,839400000,MICRO,STARMINE_COVERED,VERY_BULLISH,FIDELITY,SecurityExtract_ESS_2026May13.csv,2026-05-13,2026-05-13T15:28:42.873928+00:00,RUN-REAL-ESS-20260513-002
MYRG,MYR Group Inc,Common Stock,UNKNOWN,7090000000,SMALL,STARMINE_COVERED,VERY_BULLISH,FIDELITY,SecurityExtract_ESS_2026May13.csv,2026-05-13,2026-05-13T15:28:42.873928+00:00,RUN-REAL-ESS-20260513-002
NBR,Nabors Industries Ltd,Common Stock,UNKNOWN,1510000000,MICRO,STARMINE_COVERED,VERY_BULLISH,FIDELITY,SecurityExtract_ESS_2026May13.csv,2026-05-13,2026-05-13T15:28:42.873928+00:00,RUN-REAL-ESS-20260513-002
NATH,Nathan's Famous Inc,Common Stock,UNKNOWN,413740000,MICRO,STARMINE_COVERED,VERY_BULLISH,FIDELITY,SecurityExtract_ESS_2026May13.csv,2026-05-13,2026-05-13T15:28:42.873928+00:00,RUN-REAL-ESS-20260513-002
NGVC,Natural Grocers by Vitamin Cottage Inc,Common Stock,UNKNOWN,622800000,MICRO,STARMINE_COVERED,VERY_BULLISH,FIDELITY,SecurityExtract_ESS_2026May13.csv,2026-05-13,2026-05-13T15:28:42.873928+00:00,RUN-REAL-ESS-20260513-002
NATR,Nature's Sunshine Products Inc,Common Stock,UNKNOWN,394430000,MICRO,STARMINE_COVERED,VERY_BULLISH,FIDELITY,SecurityExtract_ESS_2026May13.csv,2026-05-13,2026-05-13T15:28:42.873928+00:00,RUN-REAL-ESS-20260513-002
NVGS,Navigator Holdings Ltd,Common Stock,UNKNOWN,1450000000,MICRO,STARMINE_COVERED,BULLISH,FIDELITY,SecurityExtract_ESS_2026May13.csv,2026-05-13,2026-05-13T15:28:42.873928+00:00,RUN-REAL-ESS-20260513-002
NBTB,NBT Bancorp Inc,Common Stock,UNKNOWN,2340000000,MICRO,STARMINE_COVERED,BULLISH,FIDELITY,SecurityExtract_ESS_2026May13.csv,2026-05-13,2026-05-13T15:28:42.873928+00:00,RUN-REAL-ESS-20260513-002
NATL,NCR Atleos Corp,Common Stock,UNKNOWN,3320000000,MICRO,STARMINE_COVERED,VERY_BULLISH,FIDELITY,SecurityExtract_ESS_2026May13.csv,2026-05-13,2026-05-13T15:28:42.873928+00:00,RUN-REAL-ESS-20260513-002
NTAP,NetApp Inc,Common Stock,UNKNOWN,22940000000,MID,STARMINE_COVERED,VERY_BULLISH,FIDELITY,SecurityExtract_ESS_2026May13.csv,2026-05-13,2026-05-13T15:28:42.873928+00:00,RUN-REAL-ESS-20260513-002
NBIX,Neurocrine Biosciences Inc,Common Stock,UNKNOWN,15670000000,MID,STARMINE_COVERED,VERY_BULLISH,FIDELITY,SecurityExtract_ESS_2026May13.csv,2026-05-13,2026-05-13T15:28:42.873928+00:00,RUN-REAL-ESS-20260513-002
NEU,NewMarket Corp,Common Stock,UNKNOWN,6320000000,SMALL,STARMINE_COVERED,VERY_BULLISH,FIDELITY,SecurityExtract_ESS_2026May13.csv,2026-05-13,2026-05-13T15:28:42.873928+00:00,RUN-REAL-ESS-20260513-002
NOK,Nokia OYJ,Depository Receipt,UNKNOWN,73660000000,MID,STARMINE_COVERED,VERY_BULLISH,FIDELITY,SecurityExtract_ESS_2026May13.csv,2026-05-13,2026-05-13T15:28:42.873928+00:00,RUN-REAL-ESS-20260513-002
NECB,Northeast Community Bancorp Inc,Common Stock,UNKNOWN,328110000,MICRO,STARMINE_COVERED,VERY_BULLISH,FIDELITY,SecurityExtract_ESS_2026May13.csv,2026-05-13,2026-05-13T15:28:42.873928+00:00,RUN-REAL-ESS-20260513-002
NVO,Novo Nordisk A/S,Depository Receipt,UNKNOWN,158080000000,LARGE,STARMINE_COVERED,VERY_BULLISH,FIDELITY,SecurityExtract_ESS_2026May13.csv,2026-05-13,2026-05-13T15:28:42.873928+00:00,RUN-REAL-ESS-20260513-002
NVT,nVent Electric plc,Common Stock,UNKNOWN,27610000000,MID,STARMINE_COVERED,BULLISH,FIDELITY,SecurityExtract_ESS_2026May13.csv,2026-05-13,2026-05-13T15:28:42.873928+00:00,RUN-REAL-ESS-20260513-002
NVDA,NVIDIA Corporation,Common Stock,UNKNOWN,5360000000000,MEGA,STARMINE_COVERED,VERY_BULLISH,FIDELITY,SecurityExtract_ESS_2026May13.csv,2026-05-13,2026-05-13T15:28:42.873928+00:00,RUN-REAL-ESS-20260513-002
OXY,Occidental Petroleum Corp,Common Stock,UNKNOWN,55970000000,MID,STARMINE_COVERED,VERY_BULLISH,FIDELITY,SecurityExtract_ESS_2026May13.csv,2026-05-13,2026-05-13T15:28:42.873928+00:00,RUN-REAL-ESS-20260513-002
OII,Oceaneering International Inc.,Common Stock,UNKNOWN,3800000000,SMALL,STARMINE_COVERED,VERY_BULLISH,FIDELITY,SecurityExtract_ESS_2026May13.csv,2026-05-13,2026-05-13T15:28:42.873928+00:00,RUN-REAL-ESS-20260513-002
OFG,OFG Bancorp,Common Stock,UNKNOWN,1870000000,MICRO,STARMINE_COVERED,VERY_BULLISH,FIDELITY,SecurityExtract_ESS_2026May13.csv,2026-05-13,2026-05-13T15:28:42.873928+00:00,RUN-REAL-ESS-20260513-002
OHI,Omega Healthcare Investors Inc.,Common Stock (REIT),UNKNOWN,14190000000,MID,STARMINE_COVERED,BULLISH,FIDELITY,SecurityExtract_ESS_2026May13.csv,2026-05-13,2026-05-13T15:28:42.873928+00:00,RUN-REAL-ESS-20260513-002
OMCL,Omnicell Inc,Common Stock,UNKNOWN,1990000000,MICRO,STARMINE_COVERED,BULLISH,FIDELITY,SecurityExtract_ESS_2026May13.csv,2026-05-13,2026-05-13T15:28:42.873928+00:00,RUN-REAL-ESS-20260513-002
ON,ON Semiconductor Corp,Common Stock,UNKNOWN,40800000000,MID,STARMINE_COVERED,BULLISH,FIDELITY,SecurityExtract_ESS_2026May13.csv,2026-05-13,2026-05-13T15:28:42.873928+00:00,RUN-REAL-ESS-20260513-002
OKE,ONEOK Inc,Common Stock,UNKNOWN,55710000000,MID,STARMINE_COVERED,VERY_BULLISH,FIDELITY,SecurityExtract_ESS_2026May13.csv,2026-05-13,2026-05-13T15:28:42.873928+00:00,RUN-REAL-ESS-20260513-002
OPBK,OP Bancorp,Common Stock,UNKNOWN,208520000,MICRO,STARMINE_COVERED,VERY_BULLISH,FIDELITY,SecurityExtract_ESS_2026May13.csv,2026-05-13,2026-05-13T15:28:42.873928+00:00,RUN-REAL-ESS-20260513-002
OPRT,Oportun Financial Corp,Common Stock,UNKNOWN,258880000,MICRO,STARMINE_COVERED,VERY_BULLISH,FIDELITY,SecurityExtract_ESS_2026May13.csv,2026-05-13,2026-05-13T15:28:42.873928+00:00,RUN-REAL-ESS-20260513-002
OPRX,OptimizeRX Corp,Common Stock,UNKNOWN,118970000,MICRO,STARMINE_COVERED,BULLISH,FIDELITY,SecurityExtract_ESS_2026May13.csv,2026-05-13,2026-05-13T15:28:42.873928+00:00,RUN-REAL-ESS-20260513-002
ORRF,Orrstown Financial Services Inc,Common Stock,UNKNOWN,709880000,MICRO,STARMINE_COVERED,VERY_BULLISH,FIDELITY,SecurityExtract_ESS_2026May13.csv,2026-05-13,2026-05-13T15:28:42.873928+00:00,RUN-REAL-ESS-20260513-002
OTTR,Otter Tail Corp,Common Stock,UNKNOWN,3770000000,SMALL,STARMINE_COVERED,VERY_BULLISH,FIDELITY,SecurityExtract_ESS_2026May13.csv,2026-05-13,2026-05-13T15:28:42.873928+00:00,RUN-REAL-ESS-20260513-002
OVV,Ovintiv Inc,Common Stock,UNKNOWN,16420000000,MID,STARMINE_COVERED,BULLISH,FIDELITY,SecurityExtract_ESS_2026May13.csv,2026-05-13,2026-05-13T15:28:42.873928+00:00,RUN-REAL-ESS-20260513-002
PAGS,PagSeguro Digital Ltd,Common Stock,UNKNOWN,2730000000,MICRO,STARMINE_COVERED,VERY_BULLISH,FIDELITY,SecurityExtract_ESS_2026May13.csv,2026-05-13,2026-05-13T15:28:42.873928+00:00,RUN-REAL-ESS-20260513-002
PLMR,Palomar Holdings Inc,Common Stock,UNKNOWN,2880000000,MICRO,STARMINE_COVERED,BULLISH,FIDELITY,SecurityExtract_ESS_2026May13.csv,2026-05-13,2026-05-13T15:28:42.873928+00:00,RUN-REAL-ESS-20260513-002
PKOH,Park Ohio Holdings Corp.,Common Stock,UNKNOWN,426760000,MICRO,STARMINE_COVERED,VERY_BULLISH,FIDELITY,SecurityExtract_ESS_2026May13.csv,2026-05-13,2026-05-13T15:28:42.873928+00:00,RUN-REAL-ESS-20260513-002
PTEN,Patterson-UTI Energy Inc,Common Stock,UNKNOWN,4580000000,SMALL,STARMINE_COVERED,VERY_BULLISH,FIDELITY,SecurityExtract_ESS_2026May13.csv,2026-05-13,2026-05-13T15:28:42.873928+00:00,RUN-REAL-ESS-20260513-002
PCB,PCB Bancorp,Common Stock,UNKNOWN,336660000,MICRO,STARMINE_COVERED,VERY_BULLISH,FIDELITY,SecurityExtract_ESS_2026May13.csv,2026-05-13,2026-05-13T15:28:42.873928+00:00,RUN-REAL-ESS-20260513-002
PEBO,Peoples Bancorp Inc,Common Stock,UNKNOWN,1200000000,MICRO,STARMINE_COVERED,BULLISH,FIDELITY,SecurityExtract_ESS_2026May13.csv,2026-05-13,2026-05-13T15:28:42.873928+00:00,RUN-REAL-ESS-20260513-002
WOOF,Petco Health and Wellness Co Inc,Common Stock,UNKNOWN,815030000,MICRO,STARMINE_COVERED,BULLISH,FIDELITY,SecurityExtract_ESS_2026May13.csv,2026-05-13,2026-05-13T15:28:42.873928+00:00,RUN-REAL-ESS-20260513-002
PBR,Petroleo Brasileiro S.A.- Petrobras,Depository Receipt,UNKNOWN,76280000000,MID,STARMINE_COVERED,VERY_BULLISH,FIDELITY,SecurityExtract_ESS_2026May13.csv,2026-05-13,2026-05-13T15:28:42.873928+00:00,RUN-REAL-ESS-20260513-002
PAHC,Phibro Animal Health Corp,Common Stock,UNKNOWN,1480000000,MICRO,STARMINE_COVERED,BULLISH,FIDELITY,SecurityExtract_ESS_2026May13.csv,2026-05-13,2026-05-13T15:28:42.873928+00:00,RUN-REAL-ESS-20260513-002
PSX,Phillips 66,Common Stock,UNKNOWN,70340000000,MID,STARMINE_COVERED,VERY_BULLISH,FIDELITY,SecurityExtract_ESS_2026May13.csv,2026-05-13,2026-05-13T15:28:42.873928+00:00,RUN-REAL-ESS-20260513-002
PBI,Pitney Bowes Inc.,Common Stock,UNKNOWN,2070000000,MICRO,STARMINE_COVERED,VERY_BULLISH,FIDELITY,SecurityExtract_ESS_2026May13.csv,2026-05-13,2026-05-13T15:28:42.873928+00:00,RUN-REAL-ESS-20260513-002
PLXS,Plexus Corp,Common Stock,UNKNOWN,7080000000,SMALL,STARMINE_COVERED,BULLISH,FIDELITY,SecurityExtract_ESS_2026May13.csv,2026-05-13,2026-05-13T15:28:42.873928+00:00,RUN-REAL-ESS-20260513-002
PRI,Primerica Inc,Common Stock,UNKNOWN,8540000000,SMALL,STARMINE_COVERED,VERY_BULLISH,FIDELITY,SecurityExtract_ESS_2026May13.csv,2026-05-13,2026-05-13T15:28:42.873928+00:00,RUN-REAL-ESS-20260513-002
PFS,Provident Financial Services Inc,Common Stock,UNKNOWN,2860000000,MICRO,STARMINE_COVERED,VERY_BULLISH,FIDELITY,SecurityExtract_ESS_2026May13.csv,2026-05-13,2026-05-13T15:28:42.873928+00:00,RUN-REAL-ESS-20260513-002
PTCT,PTC Therapeutics Inc,Common Stock,UNKNOWN,6220000000,SMALL,STARMINE_COVERED,BULLISH,FIDELITY,SecurityExtract_ESS_2026May13.csv,2026-05-13,2026-05-13T15:28:42.873928+00:00,RUN-REAL-ESS-20260513-002
PRSU,Pursuit Attractions and Hospitality Inc,Common Stock,UNKNOWN,1140000000,MICRO,STARMINE_COVERED,VERY_BULLISH,FIDELITY,SecurityExtract_ESS_2026May13.csv,2026-05-13,2026-05-13T15:28:42.873928+00:00,RUN-REAL-ESS-20260513-002
QCOM,QUALCOMM Inc.,Common Stock,UNKNOWN,221670000000,LARGE,STARMINE_COVERED,VERY_BULLISH,FIDELITY,SecurityExtract_ESS_2026May13.csv,2026-05-13,2026-05-13T15:28:42.873928+00:00,RUN-REAL-ESS-20260513-002
RDN,Radian Group Inc,Common Stock,UNKNOWN,4950000000,SMALL,STARMINE_COVERED,VERY_BULLISH,FIDELITY,SecurityExtract_ESS_2026May13.csv,2026-05-13,2026-05-13T15:28:42.873928+00:00,RUN-REAL-ESS-20260513-002
RLGT,Radiant Logistics Inc,Common Stock,UNKNOWN,405570000,MICRO,STARMINE_COVERED,VERY_BULLISH,FIDELITY,SecurityExtract_ESS_2026May13.csv,2026-05-13,2026-05-13T15:28:42.873928+00:00,RUN-REAL-ESS-20260513-002
RMBS,Rambus Inc,Common Stock,UNKNOWN,14090000000,MID,STARMINE_COVERED,BULLISH,FIDELITY,SecurityExtract_ESS_2026May13.csv,2026-05-13,2026-05-13T15:28:42.873928+00:00,RUN-REAL-ESS-20260513-002
RJF,Raymond James Financial Inc.,Common Stock,UNKNOWN,29910000000,MID,STARMINE_COVERED,VERY_BULLISH,FIDELITY,SecurityExtract_ESS_2026May13.csv,2026-05-13,2026-05-13T15:28:42.873928+00:00,RUN-REAL-ESS-20260513-002
RBB,RBB Bancorp,Common Stock,UNKNOWN,398840000,MICRO,STARMINE_COVERED,VERY_BULLISH,FIDELITY,SecurityExtract_ESS_2026May13.csv,2026-05-13,2026-05-13T15:28:42.873928+00:00,RUN-REAL-ESS-20260513-002
RBC,RBC Bearings Inc,Common Stock,UNKNOWN,19390000000,MID,STARMINE_COVERED,VERY_BULLISH,FIDELITY,SecurityExtract_ESS_2026May13.csv,2026-05-13,2026-05-13T15:28:42.873928+00:00,RUN-REAL-ESS-20260513-002
RCMT,RCM Technologies Inc,Common Stock,UNKNOWN,214060000,MICRO,STARMINE_COVERED,VERY_BULLISH,FIDELITY,SecurityExtract_ESS_2026May13.csv,2026-05-13,2026-05-13T15:28:42.873928+00:00,RUN-REAL-ESS-20260513-002
RDVT,Red Violet Inc,Common Stock,UNKNOWN,667210000,MICRO,STARMINE_COVERED,VERY_BULLISH,FIDELITY,SecurityExtract_ESS_2026May13.csv,2026-05-13,2026-05-13T15:28:42.873928+00:00,RUN-REAL-ESS-20260513-002
RNR,RenaissanceRe Holdings Ltd,Common Stock,UNKNOWN,12630000000,SMALL,STARMINE_COVERED,VERY_BULLISH,FIDELITY,SecurityExtract_ESS_2026May13.csv,2026-05-13,2026-05-13T15:28:42.873928+00:00,RUN-REAL-ESS-20260513-002
REI,Ring Energy Inc,Common Stock,UNKNOWN,372750000,MICRO,STARMINE_COVERED,VERY_BULLISH,FIDELITY,SecurityExtract_ESS_2026May13.csv,2026-05-13,2026-05-13T15:28:42.873928+00:00,RUN-REAL-ESS-20260513-002
RLJ,RLJ Lodging Trust,Common Stock (REIT),UNKNOWN,1340000000,MICRO,STARMINE_COVERED,BULLISH,FIDELITY,SecurityExtract_ESS_2026May13.csv,2026-05-13,2026-05-13T15:28:42.873928+00:00,RUN-REAL-ESS-20260513-002
RMR,RMR Group Inc (The),Common Stock,UNKNOWN,617790000,MICRO,STARMINE_COVERED,BULLISH,FIDELITY,SecurityExtract_ESS_2026May13.csv,2026-05-13,2026-05-13T15:28:42.873928+00:00,RUN-REAL-ESS-20260513-002
RCKY,Rocky Brands Inc,Common Stock,UNKNOWN,248330000,MICRO,STARMINE_COVERED,VERY_BULLISH,FIDELITY,SecurityExtract_ESS_2026May13.csv,2026-05-13,2026-05-13T15:28:42.873928+00:00,RUN-REAL-ESS-20260513-002
RY,Royal Bank of Canada,Common Stock,UNKNOWN,254770000000,LARGE,STARMINE_COVERED,BULLISH,FIDELITY,SecurityExtract_ESS_2026May13.csv,2026-05-13,2026-05-13T15:28:42.873928+00:00,RUN-REAL-ESS-20260513-002
R,Ryder System Inc,Common Stock,UNKNOWN,8810000000,SMALL,STARMINE_COVERED,VERY_BULLISH,FIDELITY,SecurityExtract_ESS_2026May13.csv,2026-05-13,2026-05-13T15:28:42.873928+00:00,RUN-REAL-ESS-20260513-002
SNDK,Sandisk Corp,Common Stock,UNKNOWN,215030000000,LARGE,STARMINE_COVERED,VERY_BULLISH,FIDELITY,SecurityExtract_ESS_2026May13.csv,2026-05-13,2026-05-13T15:28:42.873928+00:00,RUN-REAL-ESS-20260513-002
STNG,Scorpio Tankers Inc,Common Stock,UNKNOWN,4210000000,SMALL,STARMINE_COVERED,VERY_BULLISH,FIDELITY,SecurityExtract_ESS_2026May13.csv,2026-05-13,2026-05-13T15:28:42.873928+00:00,RUN-REAL-ESS-20260513-002
STX,Seagate Technology Holdings plc,Common Stock,UNKNOWN,181360000000,LARGE,STARMINE_COVERED,BULLISH,FIDELITY,SecurityExtract_ESS_2026May13.csv,2026-05-13,2026-05-13T15:28:42.873928+00:00,RUN-REAL-ESS-20260513-002
SEIC,SEI Investments Co,Common Stock,UNKNOWN,11100000000,SMALL,STARMINE_COVERED,VERY_BULLISH,FIDELITY,SecurityExtract_ESS_2026May13.csv,2026-05-13,2026-05-13T15:28:42.873928+00:00,RUN-REAL-ESS-20260513-002
SHBI,Shore Bancshares Inc,Common Stock,UNKNOWN,651050000,MICRO,STARMINE_COVERED,VERY_BULLISH,FIDELITY,SecurityExtract_ESS_2026May13.csv,2026-05-13,2026-05-13T15:28:42.873928+00:00,RUN-REAL-ESS-20260513-002
SIMO,Silicon Motion Technology Corp,Depository Receipt,UNKNOWN,8790000000,SMALL,STARMINE_COVERED,VERY_BULLISH,FIDELITY,SecurityExtract_ESS_2026May13.csv,2026-05-13,2026-05-13T15:28:42.873928+00:00,RUN-REAL-ESS-20260513-002
SPNT,SiriusPoint Ltd,Common Stock,UNKNOWN,2680000000,MICRO,STARMINE_COVERED,VERY_BULLISH,FIDELITY,SecurityExtract_ESS_2026May13.csv,2026-05-13,2026-05-13T15:28:42.873928+00:00,RUN-REAL-ESS-20260513-002
SMSI,Smith Micro Software Inc,Common Stock,UNKNOWN,22200000,MICRO,STARMINE_COVERED,BULLISH,FIDELITY,SecurityExtract_ESS_2026May13.csv,2026-05-13,2026-05-13T15:28:42.873928+00:00,RUN-REAL-ESS-20260513-002
SSTI,SoundThinking Inc,Common Stock,UNKNOWN,86660000,MICRO,STARMINE_COVERED,BULLISH,FIDELITY,SecurityExtract_ESS_2026May13.csv,2026-05-13,2026-05-13T15:28:42.873928+00:00,RUN-REAL-ESS-20260513-002
SSB,SouthState Bank Corp,Common Stock,UNKNOWN,9150000000,SMALL,STARMINE_COVERED,VERY_BULLISH,FIDELITY,SecurityExtract_ESS_2026May13.csv,2026-05-13,2026-05-13T15:28:42.873928+00:00,RUN-REAL-ESS-20260513-002
SMP,Standard Motor Products Inc.,Common Stock,UNKNOWN,853790000,MICRO,STARMINE_COVERED,VERY_BULLISH,FIDELITY,SecurityExtract_ESS_2026May13.csv,2026-05-13,2026-05-13T15:28:42.873928+00:00,RUN-REAL-ESS-20260513-002
STT,State Street Corporation,Common Stock,UNKNOWN,41640000000,MID,STARMINE_COVERED,VERY_BULLISH,FIDELITY,SecurityExtract_ESS_2026May13.csv,2026-05-13,2026-05-13T15:28:42.873928+00:00,RUN-REAL-ESS-20260513-002
SNEX,StoneX Group Inc,Common Stock,UNKNOWN,9260000000,SMALL,STARMINE_COVERED,BULLISH,FIDELITY,SecurityExtract_ESS_2026May13.csv,2026-05-13,2026-05-13T15:28:42.873928+00:00,RUN-REAL-ESS-20260513-002
SMFG,Sumitomo Mitsui Financial Group Inc,Depository Receipt,UNKNOWN,140650000000,LARGE,STARMINE_COVERED,VERY_BULLISH,FIDELITY,SecurityExtract_ESS_2026May13.csv,2026-05-13,2026-05-13T15:28:42.873928+00:00,RUN-REAL-ESS-20260513-002
SU,Suncor Energy Inc.,Common Stock,UNKNOWN,78590000000,MID,STARMINE_COVERED,VERY_BULLISH,FIDELITY,SecurityExtract_ESS_2026May13.csv,2026-05-13,2026-05-13T15:28:42.873928+00:00,RUN-REAL-ESS-20260513-002
SGC,Superior Group of Cos Inc,Common Stock,UNKNOWN,179790000,MICRO,STARMINE_COVERED,VERY_BULLISH,FIDELITY,SecurityExtract_ESS_2026May13.csv,2026-05-13,2026-05-13T15:28:42.873928+00:00,RUN-REAL-ESS-20260513-002
TROW,T. Rowe Price Group Inc,Common Stock,UNKNOWN,22040000000,MID,STARMINE_COVERED,BULLISH,FIDELITY,SecurityExtract_ESS_2026May13.csv,2026-05-13,2026-05-13T15:28:42.873928+00:00,RUN-REAL-ESS-20260513-002
TAL,TAL Education Group,Depository Receipt,UNKNOWN,6750000000,SMALL,STARMINE_COVERED,VERY_BULLISH,FIDELITY,SecurityExtract_ESS_2026May13.csv,2026-05-13,2026-05-13T15:28:42.873928+00:00,RUN-REAL-ESS-20260513-002
TPR,Tapestry Inc,Common Stock,UNKNOWN,26620000000,MID,STARMINE_COVERED,VERY_BULLISH,FIDELITY,SecurityExtract_ESS_2026May13.csv,2026-05-13,2026-05-13T15:28:42.873928+00:00,RUN-REAL-ESS-20260513-002
SNX,TD SYNNEX Corp,Common Stock,UNKNOWN,18560000000,MID,STARMINE_COVERED,VERY_BULLISH,FIDELITY,SecurityExtract_ESS_2026May13.csv,2026-05-13,2026-05-13T15:28:42.873928+00:00,RUN-REAL-ESS-20260513-002
FTI,TechnipFMC plc,Common Stock,UNKNOWN,29180000000,MID,STARMINE_COVERED,VERY_BULLISH,FIDELITY,SecurityExtract_ESS_2026May13.csv,2026-05-13,2026-05-13T15:28:42.873928+00:00,RUN-REAL-ESS-20260513-002
TK,Teekay Corporation Ltd,Common Stock,UNKNOWN,1170000000,MICRO,STARMINE_COVERED,VERY_BULLISH,FIDELITY,SecurityExtract_ESS_2026May13.csv,2026-05-13,2026-05-13T15:28:42.873928+00:00,RUN-REAL-ESS-20260513-002
TNK,Teekay Tankers Ltd,Common Stock,UNKNOWN,2770000000,MICRO,STARMINE_COVERED,VERY_BULLISH,FIDELITY,SecurityExtract_ESS_2026May13.csv,2026-05-13,2026-05-13T15:28:42.873928+00:00,RUN-REAL-ESS-20260513-002
ERIC,Telefonaktiebolaget LM Ericsson (publ),Depository Receipt,UNKNOWN,37760000000,MID,STARMINE_COVERED,BULLISH,FIDELITY,SecurityExtract_ESS_2026May13.csv,2026-05-13,2026-05-13T15:28:42.873928+00:00,RUN-REAL-ESS-20260513-002
TENB,Tenable Holdings Inc,Common Stock,UNKNOWN,2320000000,MICRO,STARMINE_COVERED,VERY_BULLISH,FIDELITY,SecurityExtract_ESS_2026May13.csv,2026-05-13,2026-05-13T15:28:42.873928+00:00,RUN-REAL-ESS-20260513-002
TXN,Texas Instruments Inc,Common Stock,UNKNOWN,268630000000,LARGE,STARMINE_COVERED,VERY_BULLISH,FIDELITY,SecurityExtract_ESS_2026May13.csv,2026-05-13,2026-05-13T15:28:42.873928+00:00,RUN-REAL-ESS-20260513-002
ALL,The Allstate Corporation,Common Stock,UNKNOWN,55470000000,MID,STARMINE_COVERED,VERY_BULLISH,FIDELITY,SecurityExtract_ESS_2026May13.csv,2026-05-13,2026-05-13T15:28:42.873928+00:00,RUN-REAL-ESS-20260513-002
CI,The Cigna Group,Common Stock,UNKNOWN,78960000000,MID,STARMINE_COVERED,VERY_BULLISH,FIDELITY,SecurityExtract_ESS_2026May13.csv,2026-05-13,2026-05-13T15:28:42.873928+00:00,RUN-REAL-ESS-20260513-002
RIG,Transocean Ltd,Common Stock,UNKNOWN,7300000000,SMALL,STARMINE_COVERED,VERY_BULLISH,FIDELITY,SecurityExtract_ESS_2026May13.csv,2026-05-13,2026-05-13T15:28:42.873928+00:00,RUN-REAL-ESS-20260513-002
TRV,Travelers Companies Inc (The),Common Stock,UNKNOWN,63420000000,MID,STARMINE_COVERED,VERY_BULLISH,FIDELITY,SecurityExtract_ESS_2026May13.csv,2026-05-13,2026-05-13T15:28:42.873928+00:00,RUN-REAL-ESS-20260513-002
TZOO,Travelzoo,Common Stock,UNKNOWN,98060000,MICRO,STARMINE_COVERED,BULLISH,FIDELITY,SecurityExtract_ESS_2026May13.csv,2026-05-13,2026-05-13T15:28:42.873928+00:00,RUN-REAL-ESS-20260513-002
TBRG,TruBridge Inc,Common Stock,UNKNOWN,388320000,MICRO,STARMINE_COVERED,VERY_BULLISH,FIDELITY,SecurityExtract_ESS_2026May13.csv,2026-05-13,2026-05-13T15:28:42.873928+00:00,RUN-REAL-ESS-20260513-002
TRST,TrustCo Bank Corp NY,Common Stock,UNKNOWN,852260000,MICRO,STARMINE_COVERED,BULLISH,FIDELITY,SecurityExtract_ESS_2026May13.csv,2026-05-13,2026-05-13T15:28:42.873928+00:00,RUN-REAL-ESS-20260513-002
UNP,Union Pacific Corp,Common Stock,UNKNOWN,157690000000,LARGE,STARMINE_COVERED,BULLISH,FIDELITY,SecurityExtract_ESS_2026May13.csv,2026-05-13,2026-05-13T15:28:42.873928+00:00,RUN-REAL-ESS-20260513-002
UFCS,United Fire Group Inc,Common Stock,UNKNOWN,1240000000,MICRO,STARMINE_COVERED,VERY_BULLISH,FIDELITY,SecurityExtract_ESS_2026May13.csv,2026-05-13,2026-05-13T15:28:42.873928+00:00,RUN-REAL-ESS-20260513-002
UTL,Unitil Corp,Common Stock,UNKNOWN,913580000,MICRO,STARMINE_COVERED,VERY_BULLISH,FIDELITY,SecurityExtract_ESS_2026May13.csv,2026-05-13,2026-05-13T15:28:42.873928+00:00,RUN-REAL-ESS-20260513-002
UHS,Universal Health Services Inc.,Common Stock,UNKNOWN,10270000000,SMALL,STARMINE_COVERED,VERY_BULLISH,FIDELITY,SecurityExtract_ESS_2026May13.csv,2026-05-13,2026-05-13T15:28:42.873928+00:00,RUN-REAL-ESS-20260513-002
USNA,USANA Health Sciences Inc,Common Stock,UNKNOWN,320410000,MICRO,STARMINE_COVERED,BULLISH,FIDELITY,SecurityExtract_ESS_2026May13.csv,2026-05-13,2026-05-13T15:28:42.873928+00:00,RUN-REAL-ESS-20260513-002
VVX,V2X Inc,Common Stock,UNKNOWN,2200000000,MICRO,STARMINE_COVERED,VERY_BULLISH,FIDELITY,SecurityExtract_ESS_2026May13.csv,2026-05-13,2026-05-13T15:28:42.873928+00:00,RUN-REAL-ESS-20260513-002
VLO,Valero Energy Corp,Common Stock,UNKNOWN,73380000000,MID,STARMINE_COVERED,VERY_BULLISH,FIDELITY,SecurityExtract_ESS_2026May13.csv,2026-05-13,2026-05-13T15:28:42.873928+00:00,RUN-REAL-ESS-20260513-002
VMI,Valmont Industries Inc,Common Stock,UNKNOWN,9980000000,SMALL,STARMINE_COVERED,VERY_BULLISH,FIDELITY,SecurityExtract_ESS_2026May13.csv,2026-05-13,2026-05-13T15:28:42.873928+00:00,RUN-REAL-ESS-20260513-002
VREX,Varex Imaging Corp,Common Stock,UNKNOWN,415530000,MICRO,STARMINE_COVERED,VERY_BULLISH,FIDELITY,SecurityExtract_ESS_2026May13.csv,2026-05-13,2026-05-13T15:28:42.873928+00:00,RUN-REAL-ESS-20260513-002
VSNT,Versant Media Group Inc,Common Stock,UNKNOWN,5710000000,SMALL,STARMINE_COVERED,VERY_BULLISH,FIDELITY,SecurityExtract_ESS_2026May13.csv,2026-05-13,2026-05-13T15:28:42.873928+00:00,RUN-REAL-ESS-20260513-002
VICI,VICI Properties Inc,Common Stock,UNKNOWN,31200000000,MID,STARMINE_COVERED,BULLISH,FIDELITY,SecurityExtract_ESS_2026May13.csv,2026-05-13,2026-05-13T15:28:42.873928+00:00,RUN-REAL-ESS-20260513-002
VICR,Vicor Corp,Common Stock,UNKNOWN,13330000000,SMALL,STARMINE_COVERED,VERY_BULLISH,FIDELITY,SecurityExtract_ESS_2026May13.csv,2026-05-13,2026-05-13T15:28:42.873928+00:00,RUN-REAL-ESS-20260513-002
VRTS,Virtus Investment Partners Inc,Common Stock,UNKNOWN,941160000,MICRO,STARMINE_COVERED,VERY_BULLISH,FIDELITY,SecurityExtract_ESS_2026May13.csv,2026-05-13,2026-05-13T15:28:42.873928+00:00,RUN-REAL-ESS-20260513-002
VOYA,Voya Financial Inc,Common Stock,UNKNOWN,7340000000,SMALL,STARMINE_COVERED,VERY_BULLISH,FIDELITY,SecurityExtract_ESS_2026May13.csv,2026-05-13,2026-05-13T15:28:42.873928+00:00,RUN-REAL-ESS-20260513-002
WAFD,WaFd Inc,Common Stock,UNKNOWN,2600000000,MICRO,STARMINE_COVERED,VERY_BULLISH,FIDELITY,SecurityExtract_ESS_2026May13.csv,2026-05-13,2026-05-13T15:28:42.873928+00:00,RUN-REAL-ESS-20260513-002
WFRD,Weatherford International plc,Common Stock,UNKNOWN,7730000000,SMALL,STARMINE_COVERED,VERY_BULLISH,FIDELITY,SecurityExtract_ESS_2026May13.csv,2026-05-13,2026-05-13T15:28:42.873928+00:00,RUN-REAL-ESS-20260513-002
WSFS,WSFS Financial Corp,Common Stock,UNKNOWN,3660000000,SMALL,STARMINE_COVERED,VERY_BULLISH,FIDELITY,SecurityExtract_ESS_2026May13.csv,2026-05-13,2026-05-13T15:28:42.873928+00:00,RUN-REAL-ESS-20260513-002
YELP,Yelp Inc,Common Stock,UNKNOWN,1270000000,MICRO,STARMINE_COVERED,VERY_BULLISH,FIDELITY,SecurityExtract_ESS_2026May13.csv,2026-05-13,2026-05-13T15:28:42.873928+00:00,RUN-REAL-ESS-20260513-002
ZM,Zoom Communications Inc,Common Stock,UNKNOWN,30350000000,MID,STARMINE_COVERED,VERY_BULLISH,FIDELITY,SecurityExtract_ESS_2026May13.csv,2026-05-13,2026-05-13T15:28:42.873928+00:00,RUN-REAL-ESS-20260513-002
ZWS,Zurn Elkay Water Solutions Corp,Common Stock,UNKNOWN,8310000000,SMALL,STARMINE_COVERED,VERY_BULLISH,FIDELITY,SecurityExtract_ESS_2026May13.csv,2026-05-13,2026-05-13T15:28:42.873928+00:00,RUN-REAL-ESS-20260513-002
TXG,10x Genomics Inc,Common Stock,UNKNOWN,2660000000,MICRO,STARMINE_COVERED,BULLISH,FIDELITY,SecurityExtract_ESS_2026May13.csv,2026-05-13,2026-05-13T15:28:42.873928+00:00,RUN-REAL-ESS-20260513-002
EGHT,8x8 Inc,Common Stock,UNKNOWN,345510000,MICRO,STARMINE_COVERED,BULLISH,FIDELITY,SecurityExtract_ESS_2026May13.csv,2026-05-13,2026-05-13T15:28:42.873928+00:00,RUN-REAL-ESS-20260513-002
ASO,Academy Sports and Outdoors Inc,Common Stock,UNKNOWN,3300000000,MICRO,STARMINE_COVERED,BULLISH,FIDELITY,SecurityExtract_ESS_2026May13.csv,2026-05-13,2026-05-13T15:28:42.873928+00:00,RUN-REAL-ESS-20260513-002
AKR,Acadia Realty Trust,Common Stock (REIT),UNKNOWN,2880000000,MICRO,STARMINE_COVERED,BULLISH,FIDELITY,SecurityExtract_ESS_2026May13.csv,2026-05-13,2026-05-13T15:28:42.873928+00:00,RUN-REAL-ESS-20260513-002
AAMI,Acadian Asset Management Inc,Common Stock,UNKNOWN,2510000000,MICRO,STARMINE_COVERED,BULLISH,FIDELITY,SecurityExtract_ESS_2026May13.csv,2026-05-13,2026-05-13T15:28:42.873928+00:00,RUN-REAL-ESS-20260513-002
ACU,Acme United Corp,Common Stock,UNKNOWN,156590000,MICRO,STARMINE_COVERED,BULLISH,FIDELITY,SecurityExtract_ESS_2026May13.csv,2026-05-13,2026-05-13T15:28:42.873928+00:00,RUN-REAL-ESS-20260513-002
ACNB,ACNB Corp,Common Stock,UNKNOWN,537560000,MICRO,STARMINE_COVERED,BULLISH,FIDELITY,SecurityExtract_ESS_2026May13.csv,2026-05-13,2026-05-13T15:28:42.873928+00:00,RUN-REAL-ESS-20260513-002
AHCO,AdaptHealth Corp,Common Stock,UNKNOWN,1530000000,MICRO,STARMINE_COVERED,BULLISH,FIDELITY,SecurityExtract_ESS_2026May13.csv,2026-05-13,2026-05-13T15:28:42.873928+00:00,RUN-REAL-ESS-20260513-002
ADEA,Adeia Inc,Common Stock,UNKNOWN,3440000000,MICRO,STARMINE_COVERED,BULLISH,FIDELITY,SecurityExtract_ESS_2026May13.csv,2026-05-13,2026-05-13T15:28:42.873928+00:00,RUN-REAL-ESS-20260513-002
ADBE,Adobe Inc,Common Stock,UNKNOWN,97340000000,LARGE,STARMINE_COVERED,BULLISH,FIDELITY,SecurityExtract_ESS_2026May13.csv,2026-05-13,2026-05-13T15:28:42.873928+00:00,RUN-REAL-ESS-20260513-002
ADT,ADT Inc,Common Stock,UNKNOWN,5390000000,SMALL,STARMINE_COVERED,BULLISH,FIDELITY,SecurityExtract_ESS_2026May13.csv,2026-05-13,2026-05-13T15:28:42.873928+00:00,RUN-REAL-ESS-20260513-002
AMD,Advanced Micro Devices Inc,Common Stock,UNKNOWN,730980000000,MEGA,STARMINE_COVERED,BULLISH,FIDELITY,SecurityExtract_ESS_2026May13.csv,2026-05-13,2026-05-13T15:28:42.873928+00:00,RUN-REAL-ESS-20260513-002
ASIX,AdvanSix Inc,Common Stock,UNKNOWN,606310000,MICRO,STARMINE_COVERED,BULLISH,FIDELITY,SecurityExtract_ESS_2026May13.csv,2026-05-13,2026-05-13T15:28:42.873928+00:00,RUN-REAL-ESS-20260513-002
AES,AES Corp (The),Common Stock,UNKNOWN,10280000000,SMALL,STARMINE_COVERED,BULLISH,FIDELITY,SecurityExtract_ESS_2026May13.csv,2026-05-13,2026-05-13T15:28:42.873928+00:00,RUN-REAL-ESS-20260513-002
AFL,Aflac Incorporated,Common Stock,UNKNOWN,59120000000,MID,STARMINE_COVERED,BULLISH,FIDELITY,SecurityExtract_ESS_2026May13.csv,2026-05-13,2026-05-13T15:28:42.873928+00:00,RUN-REAL-ESS-20260513-002
AKBA,Akebia Therapeutics Inc,Common Stock,UNKNOWN,316540000,MICRO,STARMINE_COVERED,BULLISH,FIDELITY,SecurityExtract_ESS_2026May13.csv,2026-05-13,2026-05-13T15:28:42.873928+00:00,RUN-REAL-ESS-20260513-002
AA,Alcoa Corporation,Common Stock,UNKNOWN,17840000000,MID,STARMINE_COVERED,BULLISH,FIDELITY,SecurityExtract_ESS_2026May13.csv,2026-05-13,2026-05-13T15:28:42.873928+00:00,RUN-REAL-ESS-20260513-002
ALGN,Align Technology Inc,Common Stock,UNKNOWN,11870000000,SMALL,STARMINE_COVERED,BULLISH,FIDELITY,SecurityExtract_ESS_2026May13.csv,2026-05-13,2026-05-13T15:28:42.873928+00:00,RUN-REAL-ESS-20260513-002
ALGM,Allegro MicroSystems Inc,Common Stock,UNKNOWN,8500000000,SMALL,STARMINE_COVERED,BULLISH,FIDELITY,SecurityExtract_ESS_2026May13.csv,2026-05-13,2026-05-13T15:28:42.873928+00:00,RUN-REAL-ESS-20260513-002
PINE,Alpine Income Property Trust Inc,Common Stock,UNKNOWN,315460000,MICRO,STARMINE_COVERED,BULLISH,FIDELITY,SecurityExtract_ESS_2026May13.csv,2026-05-13,2026-05-13T15:28:42.873928+00:00,RUN-REAL-ESS-20260513-002
AMX,America Movil SAB de CV,Depository Receipt,UNKNOWN,81650000000,MID,STARMINE_COVERED,BULLISH,FIDELITY,SecurityExtract_ESS_2026May13.csv,2026-05-13,2026-05-13T15:28:42.873928+00:00,RUN-REAL-ESS-20260513-002
AMH,American Homes 4 Rent,Common Stock (REIT),UNKNOWN,11380000000,SMALL,STARMINE_COVERED,BULLISH,FIDELITY,SecurityExtract_ESS_2026May13.csv,2026-05-13,2026-05-13T15:28:42.873928+00:00,RUN-REAL-ESS-20260513-002
COLD,Americold Realty Trust Inc,Common Stock,UNKNOWN,4220000000,SMALL,STARMINE_COVERED,BULLISH,FIDELITY,SecurityExtract_ESS_2026May13.csv,2026-05-13,2026-05-13T15:28:42.873928+00:00,RUN-REAL-ESS-20260513-002
ABCB,Ameris Bancorp,Common Stock,UNKNOWN,5650000000,SMALL,STARMINE_COVERED,BULLISH,FIDELITY,SecurityExtract_ESS_2026May13.csv,2026-05-13,2026-05-13T15:28:42.873928+00:00,RUN-REAL-ESS-20260513-002
AMPH,Amphastar Pharmaceuticals Inc,Common Stock,UNKNOWN,771630000,MICRO,STARMINE_COVERED,BULLISH,FIDELITY,SecurityExtract_ESS_2026May13.csv,2026-05-13,2026-05-13T15:28:42.873928+00:00,RUN-REAL-ESS-20260513-002
ANGI,Angi Inc,Common Stock,UNKNOWN,209520000,MICRO,STARMINE_COVERED,BULLISH,FIDELITY,SecurityExtract_ESS_2026May13.csv,2026-05-13,2026-05-13T15:28:42.873928+00:00,RUN-REAL-ESS-20260513-002
ANGO,AngioDynamics Inc,Common Stock,UNKNOWN,450380000,MICRO,STARMINE_COVERED,BULLISH,FIDELITY,SecurityExtract_ESS_2026May13.csv,2026-05-13,2026-05-13T15:28:42.873928+00:00,RUN-REAL-ESS-20260513-002
ANIP,ANI Pharmaceuticals Inc,Common Stock,UNKNOWN,1810000000,MICRO,STARMINE_COVERED,BULLISH,FIDELITY,SecurityExtract_ESS_2026May13.csv,2026-05-13,2026-05-13T15:28:42.873928+00:00,RUN-REAL-ESS-20260513-002
ANIK,Anika Therapeutics Inc,Common Stock,UNKNOWN,195330000,MICRO,STARMINE_COVERED,BULLISH,FIDELITY,SecurityExtract_ESS_2026May13.csv,2026-05-13,2026-05-13T15:28:42.873928+00:00,RUN-REAL-ESS-20260513-002
APO,Apollo Global Management Inc,Common Stock,UNKNOWN,76060000000,MID,STARMINE_COVERED,BULLISH,FIDELITY,SecurityExtract_ESS_2026May13.csv,2026-05-13,2026-05-13T15:28:42.873928+00:00,RUN-REAL-ESS-20260513-002
AIT,Applied Industrial Technologies Inc,Common Stock,UNKNOWN,11590000000,SMALL,STARMINE_COVERED,BULLISH,FIDELITY,SecurityExtract_ESS_2026May13.csv,2026-05-13,2026-05-13T15:28:42.873928+00:00,RUN-REAL-ESS-20260513-002
ARCB,ArcBest Corp,Common Stock,UNKNOWN,2510000000,MICRO,STARMINE_COVERED,BULLISH,FIDELITY,SecurityExtract_ESS_2026May13.csv,2026-05-13,2026-05-13T15:28:42.873928+00:00,RUN-REAL-ESS-20260513-002
ARCT,Arcturus Therapeutics Holdings Inc,Common Stock,UNKNOWN,234490000,MICRO,STARMINE_COVERED,BULLISH,FIDELITY,SecurityExtract_ESS_2026May13.csv,2026-05-13,2026-05-13T15:28:42.873928+00:00,RUN-REAL-ESS-20260513-002
ARWR,Arrowhead Pharmaceuticals Inc,Common Stock,UNKNOWN,11130000000,SMALL,STARMINE_COVERED,BULLISH,FIDELITY,SecurityExtract_ESS_2026May13.csv,2026-05-13,2026-05-13T15:28:42.873928+00:00,RUN-REAL-ESS-20260513-002
ASB,Associated Banc-Corp,Common Stock,UNKNOWN,4630000000,SMALL,STARMINE_COVERED,BULLISH,FIDELITY,SecurityExtract_ESS_2026May13.csv,2026-05-13,2026-05-13T15:28:42.873928+00:00,RUN-REAL-ESS-20260513-002
AGO,Assured Guaranty Ltd,Common Stock,UNKNOWN,3410000000,MICRO,STARMINE_COVERED,BULLISH,FIDELITY,SecurityExtract_ESS_2026May13.csv,2026-05-13,2026-05-13T15:28:42.873928+00:00,RUN-REAL-ESS-20260513-002
ATI,ATI Inc,Common Stock,UNKNOWN,21970000000,MID,STARMINE_COVERED,BULLISH,FIDELITY,SecurityExtract_ESS_2026May13.csv,2026-05-13,2026-05-13T15:28:42.873928+00:00,RUN-REAL-ESS-20260513-002
AUPH,Aurinia Pharmaceuticals Inc,Common Stock,UNKNOWN,2060000000,MICRO,STARMINE_COVERED,BULLISH,FIDELITY,SecurityExtract_ESS_2026May13.csv,2026-05-13,2026-05-13T15:28:42.873928+00:00,RUN-REAL-ESS-20260513-002
AVB,AvalonBay Communities Inc.,Common Stock,UNKNOWN,26020000000,MID,STARMINE_COVERED,BULLISH,FIDELITY,SecurityExtract_ESS_2026May13.csv,2026-05-13,2026-05-13T15:28:42.873928+00:00,RUN-REAL-ESS-20260513-002
AVTR,Avantor Inc,Common Stock,UNKNOWN,5580000000,SMALL,STARMINE_COVERED,BULLISH,FIDELITY,SecurityExtract_ESS_2026May13.csv,2026-05-13,2026-05-13T15:28:42.873928+00:00,RUN-REAL-ESS-20260513-002
AX,Axos Financial Inc.,Common Stock,UNKNOWN,4800000000,SMALL,STARMINE_COVERED,BULLISH,FIDELITY,SecurityExtract_ESS_2026May13.csv,2026-05-13,2026-05-13T15:28:42.873928+00:00,RUN-REAL-ESS-20260513-002
AZTA,Azenta Inc,Common Stock,UNKNOWN,808010000,MICRO,STARMINE_COVERED,BULLISH,FIDELITY,SecurityExtract_ESS_2026May13.csv,2026-05-13,2026-05-13T15:28:42.873928+00:00,RUN-REAL-ESS-20260513-002
BGS,B&G Foods Inc,Common Stock,UNKNOWN,407680000,MICRO,STARMINE_COVERED,BULLISH,FIDELITY,SecurityExtract_ESS_2026May13.csv,2026-05-13,2026-05-13T15:28:42.873928+00:00,RUN-REAL-ESS-20260513-002
BBSI,Barrett Business Services Inc,Common Stock,UNKNOWN,717640000,MICRO,STARMINE_COVERED,BULLISH,FIDELITY,SecurityExtract_ESS_2026May13.csv,2026-05-13,2026-05-13T15:28:42.873928+00:00,RUN-REAL-ESS-20260513-002
BCML,BayCom Corp,Common Stock,UNKNOWN,332180000,MICRO,STARMINE_COVERED,BULLISH,FIDELITY,SecurityExtract_ESS_2026May13.csv,2026-05-13,2026-05-13T15:28:42.873928+00:00,RUN-REAL-ESS-20260513-002
BHP,BHP Group Ltd,Depository Receipt,UNKNOWN,224360000000,LARGE,STARMINE_COVERED,BULLISH,FIDELITY,SecurityExtract_ESS_2026May13.csv,2026-05-13,2026-05-13T15:28:42.873928+00:00,RUN-REAL-ESS-20260513-002
BCRX,BioCryst Pharmaceuticals Inc,Common Stock,UNKNOWN,2240000000,MICRO,STARMINE_COVERED,BULLISH,FIDELITY,SecurityExtract_ESS_2026May13.csv,2026-05-13,2026-05-13T15:28:42.873928+00:00,RUN-REAL-ESS-20260513-002
BMRN,BioMarin Pharmaceutical Inc,Common Stock,UNKNOWN,10220000000,SMALL,STARMINE_COVERED,BULLISH,FIDELITY,SecurityExtract_ESS_2026May13.csv,2026-05-13,2026-05-13T15:28:42.873928+00:00,RUN-REAL-ESS-20260513-002
BB,BlackBerry Ltd,Common Stock,UNKNOWN,3650000000,SMALL,STARMINE_COVERED,BULLISH,FIDELITY,SecurityExtract_ESS_2026May13.csv,2026-05-13,2026-05-13T15:28:42.873928+00:00,RUN-REAL-ESS-20260513-002
BE,Bloom Energy Corp,Common Stock,UNKNOWN,79840000000,MID,STARMINE_COVERED,BULLISH,FIDELITY,SecurityExtract_ESS_2026May13.csv,2026-05-13,2026-05-13T15:28:42.873928+00:00,RUN-REAL-ESS-20260513-002
BLBD,Blue Bird Corp,Common Stock,UNKNOWN,2380000000,MICRO,STARMINE_COVERED,BULLISH,FIDELITY,SecurityExtract_ESS_2026May13.csv,2026-05-13,2026-05-13T15:28:42.873928+00:00,RUN-REAL-ESS-20260513-002
BOX,Box Inc,Common Stock,UNKNOWN,3330000000,MICRO,STARMINE_COVERED,BULLISH,FIDELITY,SecurityExtract_ESS_2026May13.csv,2026-05-13,2026-05-13T15:28:42.873928+00:00,RUN-REAL-ESS-20260513-002
BRC,Brady Corp,Common Stock,UNKNOWN,3540000000,SMALL,STARMINE_COVERED,BULLISH,FIDELITY,SecurityExtract_ESS_2026May13.csv,2026-05-13,2026-05-13T15:28:42.873928+00:00,RUN-REAL-ESS-20260513-002
BMY,Bristol-Myers Squibb Co,Common Stock,UNKNOWN,115270000000,LARGE,STARMINE_COVERED,BULLISH,FIDELITY,SecurityExtract_ESS_2026May13.csv,2026-05-13,2026-05-13T15:28:42.873928+00:00,RUN-REAL-ESS-20260513-002
BTI,British American Tobacco PLC,Depository Receipt,UNKNOWN,138050000000,LARGE,STARMINE_COVERED,BULLISH,FIDELITY,SecurityExtract_ESS_2026May13.csv,2026-05-13,2026-05-13T15:28:42.873928+00:00,RUN-REAL-ESS-20260513-002
BRX,Brixmor Property Group Inc,Common Stock (REIT),UNKNOWN,9190000000,SMALL,STARMINE_COVERED,BULLISH,FIDELITY,SecurityExtract_ESS_2026May13.csv,2026-05-13,2026-05-13T15:28:42.873928+00:00,RUN-REAL-ESS-20260513-002
BG,Bunge Global SA,Common Stock,UNKNOWN,24490000000,MID,STARMINE_COVERED,BULLISH,FIDELITY,SecurityExtract_ESS_2026May13.csv,2026-05-13,2026-05-13T15:28:42.873928+00:00,RUN-REAL-ESS-20260513-002
BY,Byline Bancorp Inc,Common Stock,UNKNOWN,1480000000,MICRO,STARMINE_COVERED,BULLISH,FIDELITY,SecurityExtract_ESS_2026May13.csv,2026-05-13,2026-05-13T15:28:42.873928+00:00,RUN-REAL-ESS-20260513-002
CABO,Cable One Inc,Common Stock,UNKNOWN,286090000,MICRO,STARMINE_COVERED,BULLISH,FIDELITY,SecurityExtract_ESS_2026May13.csv,2026-05-13,2026-05-13T15:28:42.873928+00:00,RUN-REAL-ESS-20260513-002
CBT,Cabot Corp,Common Stock,UNKNOWN,4360000000,SMALL,STARMINE_COVERED,BULLISH,FIDELITY,SecurityExtract_ESS_2026May13.csv,2026-05-13,2026-05-13T15:28:42.873928+00:00,RUN-REAL-ESS-20260513-002
CVGW,Calavo Growers Inc,Common Stock,UNKNOWN,484030000,MICRO,STARMINE_COVERED,BULLISH,FIDELITY,SecurityExtract_ESS_2026May13.csv,2026-05-13,2026-05-13T15:28:42.873928+00:00,RUN-REAL-ESS-20260513-002
CCJ,Cameco Corp,Common Stock,UNKNOWN,50930000000,MID,STARMINE_COVERED,BULLISH,FIDELITY,SecurityExtract_ESS_2026May13.csv,2026-05-13,2026-05-13T15:28:42.873928+00:00,RUN-REAL-ESS-20260513-002
CBNK,Capital Bancorp Inc,Common Stock,UNKNOWN,499060000,MICRO,STARMINE_COVERED,BULLISH,FIDELITY,SecurityExtract_ESS_2026May13.csv,2026-05-13,2026-05-13T15:28:42.873928+00:00,RUN-REAL-ESS-20260513-002
CFFN,Capitol Federal Financial Inc,Common Stock,UNKNOWN,973590000,MICRO,STARMINE_COVERED,BULLISH,FIDELITY,SecurityExtract_ESS_2026May13.csv,2026-05-13,2026-05-13T15:28:42.873928+00:00,RUN-REAL-ESS-20260513-002
CDNA,CareDx Inc,Common Stock,UNKNOWN,1110000000,MICRO,STARMINE_COVERED,BULLISH,FIDELITY,SecurityExtract_ESS_2026May13.csv,2026-05-13,2026-05-13T15:28:42.873928+00:00,RUN-REAL-ESS-20260513-002
CSL,Carlisle Cos Inc,Common Stock,UNKNOWN,14210000000,MID,STARMINE_COVERED,BULLISH,FIDELITY,SecurityExtract_ESS_2026May13.csv,2026-05-13,2026-05-13T15:28:42.873928+00:00,RUN-REAL-ESS-20260513-002
CRS,Carpenter Technology Corp,Common Stock,UNKNOWN,21100000000,MID,STARMINE_COVERED,BULLISH,FIDELITY,SecurityExtract_ESS_2026May13.csv,2026-05-13,2026-05-13T15:28:42.873928+00:00,RUN-REAL-ESS-20260513-002
CRI,Carter's Inc.,Common Stock,UNKNOWN,1230000000,MICRO,STARMINE_COVERED,BULLISH,FIDELITY,SecurityExtract_ESS_2026May13.csv,2026-05-13,2026-05-13T15:28:42.873928+00:00,RUN-REAL-ESS-20260513-002
CASY,Casey's General Stores Inc.,Common Stock,UNKNOWN,32050000000,MID,STARMINE_COVERED,BULLISH,FIDELITY,SecurityExtract_ESS_2026May13.csv,2026-05-13,2026-05-13T15:28:42.873928+00:00,RUN-REAL-ESS-20260513-002
CATY,Cathay General Bancorp,Common Stock,UNKNOWN,3790000000,SMALL,STARMINE_COVERED,BULLISH,FIDELITY,SecurityExtract_ESS_2026May13.csv,2026-05-13,2026-05-13T15:28:42.873928+00:00,RUN-REAL-ESS-20260513-002
CDW,CDW Corp,Common Stock,UNKNOWN,12690000000,SMALL,STARMINE_COVERED,BULLISH,FIDELITY,SecurityExtract_ESS_2026May13.csv,2026-05-13,2026-05-13T15:28:42.873928+00:00,RUN-REAL-ESS-20260513-002
CECO,CECO Environmental Corp.,Common Stock,UNKNOWN,2890000000,MICRO,STARMINE_COVERED,BULLISH,FIDELITY,SecurityExtract_ESS_2026May13.csv,2026-05-13,2026-05-13T15:28:42.873928+00:00,RUN-REAL-ESS-20260513-002
CE,Celanese Corp,Common Stock,UNKNOWN,6520000000,SMALL,STARMINE_COVERED,BULLISH,FIDELITY,SecurityExtract_ESS_2026May13.csv,2026-05-13,2026-05-13T15:28:42.873928+00:00,RUN-REAL-ESS-20260513-002
CX,CEMEX SAB de CV,Depository Receipt,UNKNOWN,19960000000,MID,STARMINE_COVERED,BULLISH,FIDELITY,SecurityExtract_ESS_2026May13.csv,2026-05-13,2026-05-13T15:28:42.873928+00:00,RUN-REAL-ESS-20260513-002
COR,Cencora Inc,Common Stock,UNKNOWN,50770000000,MID,STARMINE_COVERED,BULLISH,FIDELITY,SecurityExtract_ESS_2026May13.csv,2026-05-13,2026-05-13T15:28:42.873928+00:00,RUN-REAL-ESS-20260513-002
CENTA,Central Garden & Pet Co,Common Stock,UNKNOWN,1770000000,MICRO,STARMINE_COVERED,BULLISH,FIDELITY,SecurityExtract_ESS_2026May13.csv,2026-05-13,2026-05-13T15:28:42.873928+00:00,RUN-REAL-ESS-20260513-002
CERS,Cerus Corp,Common Stock,UNKNOWN,510940000,MICRO,STARMINE_COVERED,BULLISH,FIDELITY,SecurityExtract_ESS_2026May13.csv,2026-05-13,2026-05-13T15:28:42.873928+00:00,RUN-REAL-ESS-20260513-002
GIB,CGI Inc,Common Stock,UNKNOWN,13360000000,SMALL,STARMINE_COVERED,BULLISH,FIDELITY,SecurityExtract_ESS_2026May13.csv,2026-05-13,2026-05-13T15:28:42.873928+00:00,RUN-REAL-ESS-20260513-002
CHGG,Chegg Inc,Common Stock,UNKNOWN,103860000,MICRO,STARMINE_COVERED,BULLISH,FIDELITY,SecurityExtract_ESS_2026May13.csv,2026-05-13,2026-05-13T15:28:42.873928+00:00,RUN-REAL-ESS-20260513-002
CC,Chemours Co (The),Common Stock,UNKNOWN,3710000000,SMALL,STARMINE_COVERED,BULLISH,FIDELITY,SecurityExtract_ESS_2026May13.csv,2026-05-13,2026-05-13T15:28:42.873928+00:00,RUN-REAL-ESS-20260513-002
CQP,Cheniere Energy Partners LP,Unit Trust Fund,UNKNOWN,30290000000,MID,STARMINE_COVERED,BULLISH,FIDELITY,SecurityExtract_ESS_2026May13.csv,2026-05-13,2026-05-13T15:28:42.873928+00:00,RUN-REAL-ESS-20260513-002
CHWY,Chewy Inc,Common Stock,UNKNOWN,9540000000,SMALL,STARMINE_COVERED,BULLISH,FIDELITY,SecurityExtract_ESS_2026May13.csv,2026-05-13,2026-05-13T15:28:42.873928+00:00,RUN-REAL-ESS-20260513-002
CIM,Chimera Investment Corp,Common Stock (REIT),UNKNOWN,1120000000,MICRO,STARMINE_COVERED,BULLISH,FIDELITY,SecurityExtract_ESS_2026May13.csv,2026-05-13,2026-05-13T15:28:42.873928+00:00,RUN-REAL-ESS-20260513-002
COFS,ChoiceOne Financial Services Inc,Common Stock,UNKNOWN,462280000,MICRO,STARMINE_COVERED,BULLISH,FIDELITY,SecurityExtract_ESS_2026May13.csv,2026-05-13,2026-05-13T15:28:42.873928+00:00,RUN-REAL-ESS-20260513-002
CHDN,Churchill Downs Inc,Common Stock,UNKNOWN,6030000000,SMALL,STARMINE_COVERED,BULLISH,FIDELITY,SecurityExtract_ESS_2026May13.csv,2026-05-13,2026-05-13T15:28:42.873928+00:00,RUN-REAL-ESS-20260513-002
CINF,Cincinnati Financial Corp,Common Stock,UNKNOWN,25340000000,MID,STARMINE_COVERED,BULLISH,FIDELITY,SecurityExtract_ESS_2026May13.csv,2026-05-13,2026-05-13T15:28:42.873928+00:00,RUN-REAL-ESS-20260513-002
CSCO,Cisco Systems Inc,Common Stock,UNKNOWN,392180000000,LARGE,STARMINE_COVERED,BULLISH,FIDELITY,SecurityExtract_ESS_2026May13.csv,2026-05-13,2026-05-13T15:28:42.873928+00:00,RUN-REAL-ESS-20260513-002
CZFS,Citizens Financial Services Inc,Common Stock,UNKNOWN,303340000,MICRO,STARMINE_COVERED,BULLISH,FIDELITY,SecurityExtract_ESS_2026May13.csv,2026-05-13,2026-05-13T15:28:42.873928+00:00,RUN-REAL-ESS-20260513-002
CIVB,Civista Bancshares Inc,Common Stock,UNKNOWN,510010000,MICRO,STARMINE_COVERED,BULLISH,FIDELITY,SecurityExtract_ESS_2026May13.csv,2026-05-13,2026-05-13T15:28:42.873928+00:00,RUN-REAL-ESS-20260513-002
CLAR,Clarus Corp,Common Stock,UNKNOWN,101100000,MICRO,STARMINE_COVERED,BULLISH,FIDELITY,SecurityExtract_ESS_2026May13.csv,2026-05-13,2026-05-13T15:28:42.873928+00:00,RUN-REAL-ESS-20260513-002
CLH,Clean Harbors Inc,Common Stock,UNKNOWN,15660000000,MID,STARMINE_COVERED,BULLISH,FIDELITY,SecurityExtract_ESS_2026May13.csv,2026-05-13,2026-05-13T15:28:42.873928+00:00,RUN-REAL-ESS-20260513-002
CMS,CMS Energy Corp,Common Stock,UNKNOWN,22650000000,MID,STARMINE_COVERED,BULLISH,FIDELITY,SecurityExtract_ESS_2026May13.csv,2026-05-13,2026-05-13T15:28:42.873928+00:00,RUN-REAL-ESS-20260513-002
CNX,CNX Resources Corp,Common Stock,UNKNOWN,5060000000,SMALL,STARMINE_COVERED,BULLISH,FIDELITY,SecurityExtract_ESS_2026May13.csv,2026-05-13,2026-05-13T15:28:42.873928+00:00,RUN-REAL-ESS-20260513-002
COKE,Coca Cola Consolidated Inc,Common Stock,UNKNOWN,11480000000,SMALL,STARMINE_COVERED,BULLISH,FIDELITY,SecurityExtract_ESS_2026May13.csv,2026-05-13,2026-05-13T15:28:42.873928+00:00,RUN-REAL-ESS-20260513-002
KO,Coca-Cola Co (The),Common Stock,UNKNOWN,344330000000,LARGE,STARMINE_COVERED,BULLISH,FIDELITY,SecurityExtract_ESS_2026May13.csv,2026-05-13,2026-05-13T15:28:42.873928+00:00,RUN-REAL-ESS-20260513-002
CGNX,Cognex Corporation,Common Stock,UNKNOWN,10930000000,SMALL,STARMINE_COVERED,BULLISH,FIDELITY,SecurityExtract_ESS_2026May13.csv,2026-05-13,2026-05-13T15:28:42.873928+00:00,RUN-REAL-ESS-20260513-002
CHRS,Coherus Oncology Inc,Common Stock,UNKNOWN,263770000,MICRO,STARMINE_COVERED,BULLISH,FIDELITY,SecurityExtract_ESS_2026May13.csv,2026-05-13,2026-05-13T15:28:42.873928+00:00,RUN-REAL-ESS-20260513-002
COLL,Collegium Pharmaceutical Inc,Common Stock,UNKNOWN,1160000000,MICRO,STARMINE_COVERED,BULLISH,FIDELITY,SecurityExtract_ESS_2026May13.csv,2026-05-13,2026-05-13T15:28:42.873928+00:00,RUN-REAL-ESS-20260513-002
CBAN,Colony Bankcorp Inc,Common Stock,UNKNOWN,411990000,MICRO,STARMINE_COVERED,BULLISH,FIDELITY,SecurityExtract_ESS_2026May13.csv,2026-05-13,2026-05-13T15:28:42.873928+00:00,RUN-REAL-ESS-20260513-002
COLM,Columbia Sportswear Co,Common Stock,UNKNOWN,3000000000,MICRO,STARMINE_COVERED,BULLISH,FIDELITY,SecurityExtract_ESS_2026May13.csv,2026-05-13,2026-05-13T15:28:42.873928+00:00,RUN-REAL-ESS-20260513-002
CVGI,Commercial Vehicle Group Inc,Common Stock,UNKNOWN,195790000,MICRO,STARMINE_COVERED,BULLISH,FIDELITY,SecurityExtract_ESS_2026May13.csv,2026-05-13,2026-05-13T15:28:42.873928+00:00,RUN-REAL-ESS-20260513-002
CGEN,Compugen Ltd,Common Stock,UNKNOWN,267590000,MICRO,STARMINE_COVERED,BULLISH,FIDELITY,SecurityExtract_ESS_2026May13.csv,2026-05-13,2026-05-13T15:28:42.873928+00:00,RUN-REAL-ESS-20260513-002
CIX,CompX International Inc.,Common Stock,UNKNOWN,301170000,MICRO,STARMINE_COVERED,BULLISH,FIDELITY,SecurityExtract_ESS_2026May13.csv,2026-05-13,2026-05-13T15:28:42.873928+00:00,RUN-REAL-ESS-20260513-002
CRK,Comstock Resources Inc,Common Stock,UNKNOWN,4320000000,SMALL,STARMINE_COVERED,BULLISH,FIDELITY,SecurityExtract_ESS_2026May13.csv,2026-05-13,2026-05-13T15:28:42.873928+00:00,RUN-REAL-ESS-20260513-002
CNDT,Conduent Inc,Common Stock,UNKNOWN,231090000,MICRO,STARMINE_COVERED,BULLISH,FIDELITY,SecurityExtract_ESS_2026May13.csv,2026-05-13,2026-05-13T15:28:42.873928+00:00,RUN-REAL-ESS-20260513-002
CNMD,CONMED Corp,Common Stock,UNKNOWN,1080000000,MICRO,STARMINE_COVERED,BULLISH,FIDELITY,SecurityExtract_ESS_2026May13.csv,2026-05-13,2026-05-13T15:28:42.873928+00:00,RUN-REAL-ESS-20260513-002
COP,Conocophillips,Common Stock,UNKNOWN,143600000000,LARGE,STARMINE_COVERED,BULLISH,FIDELITY,SecurityExtract_ESS_2026May13.csv,2026-05-13,2026-05-13T15:28:42.873928+00:00,RUN-REAL-ESS-20260513-002
CNM,Core & Main Inc,Common Stock,UNKNOWN,9240000000,SMALL,STARMINE_COVERED,BULLISH,FIDELITY,SecurityExtract_ESS_2026May13.csv,2026-05-13,2026-05-13T15:28:42.873928+00:00,RUN-REAL-ESS-20260513-002
CRSR,Corsair Gaming Inc,Common Stock,UNKNOWN,801620000,MICRO,STARMINE_COVERED,BULLISH,FIDELITY,SecurityExtract_ESS_2026May13.csv,2026-05-13,2026-05-13T15:28:42.873928+00:00,RUN-REAL-ESS-20260513-002
CTVA,Corteva Inc,Common Stock,UNKNOWN,55240000000,MID,STARMINE_COVERED,BULLISH,FIDELITY,SecurityExtract_ESS_2026May13.csv,2026-05-13,2026-05-13T15:28:42.873928+00:00,RUN-REAL-ESS-20260513-002
CRVL,CorVel Corp.,Common Stock,UNKNOWN,2950000000,MICRO,STARMINE_COVERED,BULLISH,FIDELITY,SecurityExtract_ESS_2026May13.csv,2026-05-13,2026-05-13T15:28:42.873928+00:00,RUN-REAL-ESS-20260513-002
CMRE,Costamare Inc,Common Stock,UNKNOWN,2080000000,MICRO,STARMINE_COVERED,BULLISH,FIDELITY,SecurityExtract_ESS_2026May13.csv,2026-05-13,2026-05-13T15:28:42.873928+00:00,RUN-REAL-ESS-20260513-002
CUZ,Cousins Properties Incorporated,Common Stock (REIT),UNKNOWN,4350000000,SMALL,STARMINE_COVERED,BULLISH,FIDELITY,SecurityExtract_ESS_2026May13.csv,2026-05-13,2026-05-13T15:28:42.873928+00:00,RUN-REAL-ESS-20260513-002
CVLG,Covenant Logistics Group Inc,Common Stock,UNKNOWN,796410000,MICRO,STARMINE_COVERED,BULLISH,FIDELITY,SecurityExtract_ESS_2026May13.csv,2026-05-13,2026-05-13T15:28:42.873928+00:00,RUN-REAL-ESS-20260513-002
PMTS,CPI Card Group Inc,Common Stock,UNKNOWN,181670000,MICRO,STARMINE_COVERED,BULLISH,FIDELITY,SecurityExtract_ESS_2026May13.csv,2026-05-13,2026-05-13T15:28:42.873928+00:00,RUN-REAL-ESS-20260513-002
CRAI,CRA International Inc,Common Stock,UNKNOWN,909020000,MICRO,STARMINE_COVERED,BULLISH,FIDELITY,SecurityExtract_ESS_2026May13.csv,2026-05-13,2026-05-13T15:28:42.873928+00:00,RUN-REAL-ESS-20260513-002
CSGS,CSG Systems International Inc.,Common Stock,UNKNOWN,2300000000,MICRO,STARMINE_COVERED,BULLISH,FIDELITY,SecurityExtract_ESS_2026May13.csv,2026-05-13,2026-05-13T15:28:42.873928+00:00,RUN-REAL-ESS-20260513-002
CUBE,CubeSmart,Common Stock (REIT),UNKNOWN,9270000000,SMALL,STARMINE_COVERED,BULLISH,FIDELITY,SecurityExtract_ESS_2026May13.csv,2026-05-13,2026-05-13T15:28:42.873928+00:00,RUN-REAL-ESS-20260513-002
CMI,Cummins Inc.,Common Stock,UNKNOWN,97220000000,LARGE,STARMINE_COVERED,BULLISH,FIDELITY,SecurityExtract_ESS_2026May13.csv,2026-05-13,2026-05-13T15:28:42.873928+00:00,RUN-REAL-ESS-20260513-002
CW,Curtiss-Wright Corp,Common Stock,UNKNOWN,27160000000,MID,STARMINE_COVERED,BULLISH,FIDELITY,SecurityExtract_ESS_2026May13.csv,2026-05-13,2026-05-13T15:28:42.873928+00:00,RUN-REAL-ESS-20260513-002
CWK,Cushman & Wakefield Ltd,Common Stock,UNKNOWN,3130000000,MICRO,STARMINE_COVERED,BULLISH,FIDELITY,SecurityExtract_ESS_2026May13.csv,2026-05-13,2026-05-13T15:28:42.873928+00:00,RUN-REAL-ESS-20260513-002
DK,Delek US Holdings Inc,Common Stock,UNKNOWN,2820000000,MICRO,STARMINE_COVERED,BULLISH,FIDELITY,SecurityExtract_ESS_2026May13.csv,2026-05-13,2026-05-13T15:28:42.873928+00:00,RUN-REAL-ESS-20260513-002
DAL,Delta Air Lines Inc,Common Stock,UNKNOWN,46460000000,MID,STARMINE_COVERED,BULLISH,FIDELITY,SecurityExtract_ESS_2026May13.csv,2026-05-13,2026-05-13T15:28:42.873928+00:00,RUN-REAL-ESS-20260513-002
DLX,Deluxe Corp,Common Stock,UNKNOWN,1160000000,MICRO,STARMINE_COVERED,BULLISH,FIDELITY,SecurityExtract_ESS_2026May13.csv,2026-05-13,2026-05-13T15:28:42.873928+00:00,RUN-REAL-ESS-20260513-002
DBI,Designer Brands Inc,Common Stock,UNKNOWN,324800000,MICRO,STARMINE_COVERED,BULLISH,FIDELITY,SecurityExtract_ESS_2026May13.csv,2026-05-13,2026-05-13T15:28:42.873928+00:00,RUN-REAL-ESS-20260513-002
FANG,Diamondback Energy Inc,Common Stock,UNKNOWN,55740000000,MID,STARMINE_COVERED,BULLISH,FIDELITY,SecurityExtract_ESS_2026May13.csv,2026-05-13,2026-05-13T15:28:42.873928+00:00,RUN-REAL-ESS-20260513-002
DRH,DiamondRock Hospitality Co,Common Stock (REIT),UNKNOWN,2160000000,MICRO,STARMINE_COVERED,BULLISH,FIDELITY,SecurityExtract_ESS_2026May13.csv,2026-05-13,2026-05-13T15:28:42.873928+00:00,RUN-REAL-ESS-20260513-002
DLR,Digital Realty Trust Inc,Common Stock (REIT),UNKNOWN,68620000000,MID,STARMINE_COVERED,BULLISH,FIDELITY,SecurityExtract_ESS_2026May13.csv,2026-05-13,2026-05-13T15:28:42.873928+00:00,RUN-REAL-ESS-20260513-002
DOCN,DigitalOcean Holdings Inc,Common Stock,UNKNOWN,16250000000,MID,STARMINE_COVERED,BULLISH,FIDELITY,SecurityExtract_ESS_2026May13.csv,2026-05-13,2026-05-13T15:28:42.873928+00:00,RUN-REAL-ESS-20260513-002
DIOD,Diodes Inc,Common Stock,UNKNOWN,4750000000,SMALL,STARMINE_COVERED,BULLISH,FIDELITY,SecurityExtract_ESS_2026May13.csv,2026-05-13,2026-05-13T15:28:42.873928+00:00,RUN-REAL-ESS-20260513-002
DHC,Diversified Healthcare Trust,Common Stock (REIT),UNKNOWN,2020000000,MICRO,STARMINE_COVERED,BULLISH,FIDELITY,SecurityExtract_ESS_2026May13.csv,2026-05-13,2026-05-13T15:28:42.873928+00:00,RUN-REAL-ESS-20260513-002
DOMO,Domo Inc,Common Stock,UNKNOWN,167940000,MICRO,STARMINE_COVERED,BULLISH,FIDELITY,SecurityExtract_ESS_2026May13.csv,2026-05-13,2026-05-13T15:28:42.873928+00:00,RUN-REAL-ESS-20260513-002
DGICA,Donegal Group Inc,Common Stock,UNKNOWN,532520000,MICRO,STARMINE_COVERED,BULLISH,FIDELITY,SecurityExtract_ESS_2026May13.csv,2026-05-13,2026-05-13T15:28:42.873928+00:00,RUN-REAL-ESS-20260513-002
PLOW,Douglas Dynamics Inc,Common Stock,UNKNOWN,1040000000,MICRO,STARMINE_COVERED,BULLISH,FIDELITY,SecurityExtract_ESS_2026May13.csv,2026-05-13,2026-05-13T15:28:42.873928+00:00,RUN-REAL-ESS-20260513-002
DOV,Dover Corp,Common Stock,UNKNOWN,29180000000,MID,STARMINE_COVERED,BULLISH,FIDELITY,SecurityExtract_ESS_2026May13.csv,2026-05-13,2026-05-13T15:28:42.873928+00:00,RUN-REAL-ESS-20260513-002
RDY,Dr Reddy'S Laboratories Ltd,Depository Receipt,UNKNOWN,10380000000,SMALL,STARMINE_COVERED,BULLISH,FIDELITY,SecurityExtract_ESS_2026May13.csv,2026-05-13,2026-05-13T15:28:42.873928+00:00,RUN-REAL-ESS-20260513-002
DLTH,Duluth Holdings Inc,Common Stock,UNKNOWN,113240000,MICRO,STARMINE_COVERED,BULLISH,FIDELITY,SecurityExtract_ESS_2026May13.csv,2026-05-13,2026-05-13T15:28:42.873928+00:00,RUN-REAL-ESS-20260513-002
EWBC,East West Bancorp Inc,Common Stock,UNKNOWN,16560000000,MID,STARMINE_COVERED,BULLISH,FIDELITY,SecurityExtract_ESS_2026May13.csv,2026-05-13,2026-05-13T15:28:42.873928+00:00,RUN-REAL-ESS-20260513-002
EML,Eastern Co (The),Common Stock,UNKNOWN,134720000,MICRO,STARMINE_COVERED,BULLISH,FIDELITY,SecurityExtract_ESS_2026May13.csv,2026-05-13,2026-05-13T15:28:42.873928+00:00,RUN-REAL-ESS-20260513-002
EGP,EastGroup Properties Inc.,Common Stock (REIT),UNKNOWN,10970000000,SMALL,STARMINE_COVERED,BULLISH,FIDELITY,SecurityExtract_ESS_2026May13.csv,2026-05-13,2026-05-13T15:28:42.873928+00:00,RUN-REAL-ESS-20260513-002
ETN,Eaton Corporation plc,Common Stock,UNKNOWN,155910000000,LARGE,STARMINE_COVERED,BULLISH,FIDELITY,SecurityExtract_ESS_2026May13.csv,2026-05-13,2026-05-13T15:28:42.873928+00:00,RUN-REAL-ESS-20260513-002
ECVT,Ecovyst Inc,Common Stock,UNKNOWN,1600000000,MICRO,STARMINE_COVERED,BULLISH,FIDELITY,SecurityExtract_ESS_2026May13.csv,2026-05-13,2026-05-13T15:28:42.873928+00:00,RUN-REAL-ESS-20260513-002
EIX,Edison International,Common Stock,UNKNOWN,27420000000,MID,STARMINE_COVERED,BULLISH,FIDELITY,SecurityExtract_ESS_2026May13.csv,2026-05-13,2026-05-13T15:28:42.873928+00:00,RUN-REAL-ESS-20260513-002
EBS,Emergent BioSolutions Inc,Common Stock,UNKNOWN,438570000,MICRO,STARMINE_COVERED,BULLISH,FIDELITY,SecurityExtract_ESS_2026May13.csv,2026-05-13,2026-05-13T15:28:42.873928+00:00,RUN-REAL-ESS-20260513-002
ACT,Enact Holdings Inc,Common Stock,UNKNOWN,5970000000,SMALL,STARMINE_COVERED,BULLISH,FIDELITY,SecurityExtract_ESS_2026May13.csv,2026-05-13,2026-05-13T15:28:42.873928+00:00,RUN-REAL-ESS-20260513-002
ENB,Enbridge Inc,Common Stock,UNKNOWN,119750000000,LARGE,STARMINE_COVERED,BULLISH,FIDELITY,SecurityExtract_ESS_2026May13.csv,2026-05-13,2026-05-13T15:28:42.873928+00:00,RUN-REAL-ESS-20260513-002
EHC,Encompass Health Corp,Common Stock,UNKNOWN,10720000000,SMALL,STARMINE_COVERED,BULLISH,FIDELITY,SecurityExtract_ESS_2026May13.csv,2026-05-13,2026-05-13T15:28:42.873928+00:00,RUN-REAL-ESS-20260513-002
ET,Energy Transfer LP,Unit Trust Fund,UNKNOWN,68820000000,MID,STARMINE_COVERED,BULLISH,FIDELITY,SecurityExtract_ESS_2026May13.csv,2026-05-13,2026-05-13T15:28:42.873928+00:00,RUN-REAL-ESS-20260513-002
EBF,Ennis Inc,Common Stock,UNKNOWN,510920000,MICRO,STARMINE_COVERED,BULLISH,FIDELITY,SecurityExtract_ESS_2026May13.csv,2026-05-13,2026-05-13T15:28:42.873928+00:00,RUN-REAL-ESS-20260513-002
ENVA,Enova International Inc,Common Stock,UNKNOWN,4150000000,SMALL,STARMINE_COVERED,BULLISH,FIDELITY,SecurityExtract_ESS_2026May13.csv,2026-05-13,2026-05-13T15:28:42.873928+00:00,RUN-REAL-ESS-20260513-002
ENOV,Enovis Corporation,Common Stock,UNKNOWN,1500000000,MICRO,STARMINE_COVERED,BULLISH,FIDELITY,SecurityExtract_ESS_2026May13.csv,2026-05-13,2026-05-13T15:28:42.873928+00:00,RUN-REAL-ESS-20260513-002
PLUS,ePlus Inc,Common Stock,UNKNOWN,2220000000,MICRO,STARMINE_COVERED,BULLISH,FIDELITY,SecurityExtract_ESS_2026May13.csv,2026-05-13,2026-05-13T15:28:42.873928+00:00,RUN-REAL-ESS-20260513-002
EPR,EPR Properties,Common Stock (REIT),UNKNOWN,4460000000,SMALL,STARMINE_COVERED,BULLISH,FIDELITY,SecurityExtract_ESS_2026May13.csv,2026-05-13,2026-05-13T15:28:42.873928+00:00,RUN-REAL-ESS-20260513-002
EQR,Equity Residential,Common Stock,UNKNOWN,24690000000,MID,STARMINE_COVERED,BULLISH,FIDELITY,SecurityExtract_ESS_2026May13.csv,2026-05-13,2026-05-13T15:28:42.873928+00:00,RUN-REAL-ESS-20260513-002
ESCA,Escalade Inc,Common Stock,UNKNOWN,246970000,MICRO,STARMINE_COVERED,BULLISH,FIDELITY,SecurityExtract_ESS_2026May13.csv,2026-05-13,2026-05-13T15:28:42.873928+00:00,RUN-REAL-ESS-20260513-002
ESNT,Essent Group Ltd,Common Stock,UNKNOWN,5610000000,SMALL,STARMINE_COVERED,BULLISH,FIDELITY,SecurityExtract_ESS_2026May13.csv,2026-05-13,2026-05-13T15:28:42.873928+00:00,RUN-REAL-ESS-20260513-002
EEFT,Euronet Worldwide Inc,Common Stock,UNKNOWN,2660000000,MICRO,STARMINE_COVERED,BULLISH,FIDELITY,SecurityExtract_ESS_2026May13.csv,2026-05-13,2026-05-13T15:28:42.873928+00:00,RUN-REAL-ESS-20260513-002
EVR,Evercore Inc,Common Stock,UNKNOWN,14070000000,MID,STARMINE_COVERED,BULLISH,FIDELITY,SecurityExtract_ESS_2026May13.csv,2026-05-13,2026-05-13T15:28:42.873928+00:00,RUN-REAL-ESS-20260513-002
ES,Eversource Energy,Common Stock,UNKNOWN,25850000000,MID,STARMINE_COVERED,BULLISH,FIDELITY,SecurityExtract_ESS_2026May13.csv,2026-05-13,2026-05-13T15:28:42.873928+00:00,RUN-REAL-ESS-20260513-002
EPM,Evolution Petroleum Corp,Common Stock,UNKNOWN,167670000,MICRO,STARMINE_COVERED,BULLISH,FIDELITY,SecurityExtract_ESS_2026May13.csv,2026-05-13,2026-05-13T15:28:42.873928+00:00,RUN-REAL-ESS-20260513-002
EXC,Exelon Corp,Common Stock,UNKNOWN,46020000000,MID,STARMINE_COVERED,BULLISH,FIDELITY,SecurityExtract_ESS_2026May13.csv,2026-05-13,2026-05-13T15:28:42.873928+00:00,RUN-REAL-ESS-20260513-002
EXE,Expand Energy Corporation,Common Stock,UNKNOWN,23070000000,MID,STARMINE_COVERED,BULLISH,FIDELITY,SecurityExtract_ESS_2026May13.csv,2026-05-13,2026-05-13T15:28:42.873928+00:00,RUN-REAL-ESS-20260513-002
EXR,Extra Space Storage Inc,Common Stock (REIT),UNKNOWN,30590000000,MID,STARMINE_COVERED,BULLISH,FIDELITY,SecurityExtract_ESS_2026May13.csv,2026-05-13,2026-05-13T15:28:42.873928+00:00,RUN-REAL-ESS-20260513-002
XOM,Exxon Mobil Corp,Common Stock,UNKNOWN,624350000000,MEGA,STARMINE_COVERED,BULLISH,FIDELITY,SecurityExtract_ESS_2026May13.csv,2026-05-13,2026-05-13T15:28:42.873928+00:00,RUN-REAL-ESS-20260513-002
FSLY,Fastly Inc,Common Stock,UNKNOWN,2980000000,MICRO,STARMINE_COVERED,BULLISH,FIDELITY,SecurityExtract_ESS_2026May13.csv,2026-05-13,2026-05-13T15:28:42.873928+00:00,RUN-REAL-ESS-20260513-002
FHI,Federated Hermes Inc,Common Stock,UNKNOWN,4260000000,SMALL,STARMINE_COVERED,BULLISH,FIDELITY,SecurityExtract_ESS_2026May13.csv,2026-05-13,2026-05-13T15:28:42.873928+00:00,RUN-REAL-ESS-20260513-002
FDX,FedEx Corp.,Common Stock,UNKNOWN,89820000000,LARGE,STARMINE_COVERED,BULLISH,FIDELITY,SecurityExtract_ESS_2026May13.csv,2026-05-13,2026-05-13T15:28:42.873928+00:00,RUN-REAL-ESS-20260513-002
FE,FirstEnergy Corp.,Common Stock,UNKNOWN,25860000000,MID,STARMINE_COVERED,BULLISH,FIDELITY,SecurityExtract_ESS_2026May13.csv,2026-05-13,2026-05-13T15:28:42.873928+00:00,RUN-REAL-ESS-20260513-002
FIVE,Five Below Inc,Common Stock,UNKNOWN,11530000000,SMALL,STARMINE_COVERED,BULLISH,FIDELITY,SecurityExtract_ESS_2026May13.csv,2026-05-13,2026-05-13T15:28:42.873928+00:00,RUN-REAL-ESS-20260513-002
FELE,Franklin Electric Co Inc,Common Stock,UNKNOWN,4320000000,SMALL,STARMINE_COVERED,BULLISH,FIDELITY,SecurityExtract_ESS_2026May13.csv,2026-05-13,2026-05-13T15:28:42.873928+00:00,RUN-REAL-ESS-20260513-002
FMS,Fresenius Medical Care AG,Depository Receipt,UNKNOWN,12010000000,SMALL,STARMINE_COVERED,BULLISH,FIDELITY,SecurityExtract_ESS_2026May13.csv,2026-05-13,2026-05-13T15:28:42.873928+00:00,RUN-REAL-ESS-20260513-002
FSBW,FS Bancorp Inc,Common Stock,UNKNOWN,216440000,MICRO,STARMINE_COVERED,BULLISH,FIDELITY,SecurityExtract_ESS_2026May13.csv,2026-05-13,2026-05-13T15:28:42.873928+00:00,RUN-REAL-ESS-20260513-002
FUBO,FuboTV Inc,Common Stock,UNKNOWN,1070000000,MICRO,STARMINE_COVERED,BULLISH,FIDELITY,SecurityExtract_ESS_2026May13.csv,2026-05-13,2026-05-13T15:28:42.873928+00:00,RUN-REAL-ESS-20260513-002
FULT,Fulton Financial Corp,Common Stock,UNKNOWN,4040000000,SMALL,STARMINE_COVERED,BULLISH,FIDELITY,SecurityExtract_ESS_2026May13.csv,2026-05-13,2026-05-13T15:28:42.873928+00:00,RUN-REAL-ESS-20260513-002
GLPI,Gaming and Leisure Properties Inc,Common Stock (REIT),UNKNOWN,13510000000,SMALL,STARMINE_COVERED,BULLISH,FIDELITY,SecurityExtract_ESS_2026May13.csv,2026-05-13,2026-05-13T15:28:42.873928+00:00,RUN-REAL-ESS-20260513-002
GEV,GE Vernova Inc,Common Stock,UNKNOWN,288060000000,LARGE,STARMINE_COVERED,BULLISH,FIDELITY,SecurityExtract_ESS_2026May13.csv,2026-05-13,2026-05-13T15:28:42.873928+00:00,RUN-REAL-ESS-20260513-002
GNRC,Generac Holdings Inc,Common Stock,UNKNOWN,15870000000,MID,STARMINE_COVERED,BULLISH,FIDELITY,SecurityExtract_ESS_2026May13.csv,2026-05-13,2026-05-13T15:28:42.873928+00:00,RUN-REAL-ESS-20260513-002
GCO,Genesco Inc.,Common Stock,UNKNOWN,344310000,MICRO,STARMINE_COVERED,BULLISH,FIDELITY,SecurityExtract_ESS_2026May13.csv,2026-05-13,2026-05-13T15:28:42.873928+00:00,RUN-REAL-ESS-20260513-002
GILD,Gilead Sciences Inc,Common Stock,UNKNOWN,167540000000,LARGE,STARMINE_COVERED,BULLISH,FIDELITY,SecurityExtract_ESS_2026May13.csv,2026-05-13,2026-05-13T15:28:42.873928+00:00,RUN-REAL-ESS-20260513-002
LAND,Gladstone Land Corporation,Common Stock (REIT),UNKNOWN,407640000,MICRO,STARMINE_COVERED,BULLISH,FIDELITY,SecurityExtract_ESS_2026May13.csv,2026-05-13,2026-05-13T15:28:42.873928+00:00,RUN-REAL-ESS-20260513-002
GFS,GLOBALFOUNDRIES Inc,Common Stock,UNKNOWN,39570000000,MID,STARMINE_COVERED,BULLISH,FIDELITY,SecurityExtract_ESS_2026May13.csv,2026-05-13,2026-05-13T15:28:42.873928+00:00,RUN-REAL-ESS-20260513-002
GORO,Gold Resource Corp,Common Stock,UNKNOWN,215300000,MICRO,STARMINE_COVERED,BULLISH,FIDELITY,SecurityExtract_ESS_2026May13.csv,2026-05-13,2026-05-13T15:28:42.873928+00:00,RUN-REAL-ESS-20260513-002
GHM,Graham Corp,Common Stock,UNKNOWN,1160000000,MICRO,STARMINE_COVERED,BULLISH,FIDELITY,SecurityExtract_ESS_2026May13.csv,2026-05-13,2026-05-13T15:28:42.873928+00:00,RUN-REAL-ESS-20260513-002
GWW,Grainger (W.W.) Inc,Common Stock,UNKNOWN,58460000000,MID,STARMINE_COVERED,BULLISH,FIDELITY,SecurityExtract_ESS_2026May13.csv,2026-05-13,2026-05-13T15:28:42.873928+00:00,RUN-REAL-ESS-20260513-002
GSBC,Great Southern Bancorp Inc,Common Stock,UNKNOWN,746170000,MICRO,STARMINE_COVERED,BULLISH,FIDELITY,SecurityExtract_ESS_2026May13.csv,2026-05-13,2026-05-13T15:28:42.873928+00:00,RUN-REAL-ESS-20260513-002
GPRE,Green Plains Inc,Common Stock,UNKNOWN,1170000000,MICRO,STARMINE_COVERED,BULLISH,FIDELITY,SecurityExtract_ESS_2026May13.csv,2026-05-13,2026-05-13T15:28:42.873928+00:00,RUN-REAL-ESS-20260513-002
GFF,Griffon Corp.,Common Stock,UNKNOWN,3820000000,SMALL,STARMINE_COVERED,BULLISH,FIDELITY,SecurityExtract_ESS_2026May13.csv,2026-05-13,2026-05-13T15:28:42.873928+00:00,RUN-REAL-ESS-20260513-002
GSK,GSK plc,Depository Receipt,UNKNOWN,103200000000,LARGE,STARMINE_COVERED,BULLISH,FIDELITY,SecurityExtract_ESS_2026May13.csv,2026-05-13,2026-05-13T15:28:42.873928+00:00,RUN-REAL-ESS-20260513-002
HTHT,H World Group Limited,Depository Receipt,UNKNOWN,14930000000,MID,STARMINE_COVERED,BULLISH,FIDELITY,SecurityExtract_ESS_2026May13.csv,2026-05-13,2026-05-13T15:28:42.873928+00:00,RUN-REAL-ESS-20260513-002
HRB,H&R Block Inc,Common Stock,UNKNOWN,4650000000,SMALL,STARMINE_COVERED,BULLISH,FIDELITY,SecurityExtract_ESS_2026May13.csv,2026-05-13,2026-05-13T15:28:42.873928+00:00,RUN-REAL-ESS-20260513-002
HAL,Halliburton Co,Common Stock,UNKNOWN,34840000000,MID,STARMINE_COVERED,BULLISH,FIDELITY,SecurityExtract_ESS_2026May13.csv,2026-05-13,2026-05-13T15:28:42.873928+00:00,RUN-REAL-ESS-20260513-002
HALO,Halozyme Therapeutics Inc,Common Stock,UNKNOWN,8410000000,SMALL,STARMINE_COVERED,BULLISH,FIDELITY,SecurityExtract_ESS_2026May13.csv,2026-05-13,2026-05-13T15:28:42.873928+00:00,RUN-REAL-ESS-20260513-002
HLNE,Hamilton Lane Inc,Common Stock,UNKNOWN,4860000000,SMALL,STARMINE_COVERED,BULLISH,FIDELITY,SecurityExtract_ESS_2026May13.csv,2026-05-13,2026-05-13T15:28:42.873928+00:00,RUN-REAL-ESS-20260513-002
HRMY,Harmony Biosciences Holdings Inc,Common Stock,UNKNOWN,1750000000,MICRO,STARMINE_COVERED,BULLISH,FIDELITY,SecurityExtract_ESS_2026May13.csv,2026-05-13,2026-05-13T15:28:42.873928+00:00,RUN-REAL-ESS-20260513-002
HIG,Hartford Insurance Group Inc (The),Common Stock,UNKNOWN,36490000000,MID,STARMINE_COVERED,BULLISH,FIDELITY,SecurityExtract_ESS_2026May13.csv,2026-05-13,2026-05-13T15:28:42.873928+00:00,RUN-REAL-ESS-20260513-002
HCI,HCI Group Inc,Common Stock,UNKNOWN,1960000000,MICRO,STARMINE_COVERED,BULLISH,FIDELITY,SecurityExtract_ESS_2026May13.csv,2026-05-13,2026-05-13T15:28:42.873928+00:00,RUN-REAL-ESS-20260513-002
HQY,HealthEquity Inc,Common Stock,UNKNOWN,6800000000,SMALL,STARMINE_COVERED,BULLISH,FIDELITY,SecurityExtract_ESS_2026May13.csv,2026-05-13,2026-05-13T15:28:42.873928+00:00,RUN-REAL-ESS-20260513-002
HSTM,HealthStream Inc,Common Stock,UNKNOWN,682460000,MICRO,STARMINE_COVERED,BULLISH,FIDELITY,SecurityExtract_ESS_2026May13.csv,2026-05-13,2026-05-13T15:28:42.873928+00:00,RUN-REAL-ESS-20260513-002
HTLD,Heartland Express Inc,Common Stock,UNKNOWN,956230000,MICRO,STARMINE_COVERED,BULLISH,FIDELITY,SecurityExtract_ESS_2026May13.csv,2026-05-13,2026-05-13T15:28:42.873928+00:00,RUN-REAL-ESS-20260513-002
HP,Helmerich & Payne Inc.,Common Stock,UNKNOWN,3910000000,SMALL,STARMINE_COVERED,BULLISH,FIDELITY,SecurityExtract_ESS_2026May13.csv,2026-05-13,2026-05-13T15:28:42.873928+00:00,RUN-REAL-ESS-20260513-002
HRTX,Heron Therapeutics Inc,Common Stock,UNKNOWN,182500000,MICRO,STARMINE_COVERED,BULLISH,FIDELITY,SecurityExtract_ESS_2026May13.csv,2026-05-13,2026-05-13T15:28:42.873928+00:00,RUN-REAL-ESS-20260513-002
HESM,Hess Midstream LP,Common Stock,UNKNOWN,8050000000,SMALL,STARMINE_COVERED,BULLISH,FIDELITY,SecurityExtract_ESS_2026May13.csv,2026-05-13,2026-05-13T15:28:42.873928+00:00,RUN-REAL-ESS-20260513-002
HPE,Hewlett Packard Enterprise Co,Common Stock,UNKNOWN,40080000000,MID,STARMINE_COVERED,BULLISH,FIDELITY,SecurityExtract_ESS_2026May13.csv,2026-05-13,2026-05-13T15:28:42.873928+00:00,RUN-REAL-ESS-20260513-002
HXL,Hexcel Corp,Common Stock,UNKNOWN,6970000000,SMALL,STARMINE_COVERED,BULLISH,FIDELITY,SecurityExtract_ESS_2026May13.csv,2026-05-13,2026-05-13T15:28:42.873928+00:00,RUN-REAL-ESS-20260513-002
HGV,Hilton Grand Vacations Inc,Common Stock,UNKNOWN,3600000000,SMALL,STARMINE_COVERED,BULLISH,FIDELITY,SecurityExtract_ESS_2026May13.csv,2026-05-13,2026-05-13T15:28:42.873928+00:00,RUN-REAL-ESS-20260513-002
HLT,Hilton Worldwide Holdings Inc,Common Stock,UNKNOWN,71380000000,MID,STARMINE_COVERED,BULLISH,FIDELITY,SecurityExtract_ESS_2026May13.csv,2026-05-13,2026-05-13T15:28:42.873928+00:00,RUN-REAL-ESS-20260513-002
HIMX,Himax Technologies Inc,Depository Receipt,UNKNOWN,3330000000,MICRO,STARMINE_COVERED,BULLISH,FIDELITY,SecurityExtract_ESS_2026May13.csv,2026-05-13,2026-05-13T15:28:42.873928+00:00,RUN-REAL-ESS-20260513-002
HOMB,Home Bancshares Inc,Common Stock,UNKNOWN,5290000000,SMALL,STARMINE_COVERED,BULLISH,FIDELITY,SecurityExtract_ESS_2026May13.csv,2026-05-13,2026-05-13T15:28:42.873928+00:00,RUN-REAL-ESS-20260513-002
ICFI,ICF International Inc,Common Stock,UNKNOWN,1170000000,MICRO,STARMINE_COVERED,BULLISH,FIDELITY,SecurityExtract_ESS_2026May13.csv,2026-05-13,2026-05-13T15:28:42.873928+00:00,RUN-REAL-ESS-20260513-002
ICLR,ICON Public Limited Company,Common Stock,UNKNOWN,9310000000,SMALL,STARMINE_COVERED,BULLISH,FIDELITY,SecurityExtract_ESS_2026May13.csv,2026-05-13,2026-05-13T15:28:42.873928+00:00,RUN-REAL-ESS-20260513-002
IEX,IDEX Corp,Common Stock,UNKNOWN,15830000000,MID,STARMINE_COVERED,BULLISH,FIDELITY,SecurityExtract_ESS_2026May13.csv,2026-05-13,2026-05-13T15:28:42.873928+00:00,RUN-REAL-ESS-20260513-002
IDXX,IDEXX Laboratories Inc,Common Stock,UNKNOWN,42120000000,MID,STARMINE_COVERED,BULLISH,FIDELITY,SecurityExtract_ESS_2026May13.csv,2026-05-13,2026-05-13T15:28:42.873928+00:00,RUN-REAL-ESS-20260513-002
INCY,Incyte Corp,Common Stock,UNKNOWN,19800000000,MID,STARMINE_COVERED,BULLISH,FIDELITY,SecurityExtract_ESS_2026May13.csv,2026-05-13,2026-05-13T15:28:42.873928+00:00,RUN-REAL-ESS-20260513-002
INFU,InfuSystem Holdings Inc,Common Stock,UNKNOWN,169730000,MICRO,STARMINE_COVERED,BULLISH,FIDELITY,SecurityExtract_ESS_2026May13.csv,2026-05-13,2026-05-13T15:28:42.873928+00:00,RUN-REAL-ESS-20260513-002
NGVT,Ingevity Corp,Common Stock,UNKNOWN,2490000000,MICRO,STARMINE_COVERED,BULLISH,FIDELITY,SecurityExtract_ESS_2026May13.csv,2026-05-13,2026-05-13T15:28:42.873928+00:00,RUN-REAL-ESS-20260513-002
IIPR,Innovative Industrial Properties Inc,Common Stock,UNKNOWN,1600000000,MICRO,STARMINE_COVERED,BULLISH,FIDELITY,SecurityExtract_ESS_2026May13.csv,2026-05-13,2026-05-13T15:28:42.873928+00:00,RUN-REAL-ESS-20260513-002
ISSC,Innovative Solutions and Support Inc,Common Stock,UNKNOWN,377250000,MICRO,STARMINE_COVERED,BULLISH,FIDELITY,SecurityExtract_ESS_2026May13.csv,2026-05-13,2026-05-13T15:28:42.873928+00:00,RUN-REAL-ESS-20260513-002
INVA,Innoviva Inc,Common Stock,UNKNOWN,1680000000,MICRO,STARMINE_COVERED,BULLISH,FIDELITY,SecurityExtract_ESS_2026May13.csv,2026-05-13,2026-05-13T15:28:42.873928+00:00,RUN-REAL-ESS-20260513-002
INGN,Inogen Inc,Common Stock,UNKNOWN,180860000,MICRO,STARMINE_COVERED,BULLISH,FIDELITY,SecurityExtract_ESS_2026May13.csv,2026-05-13,2026-05-13T15:28:42.873928+00:00,RUN-REAL-ESS-20260513-002
NSIT,Insight Enterprises Inc,Common Stock,UNKNOWN,2630000000,MICRO,STARMINE_COVERED,BULLISH,FIDELITY,SecurityExtract_ESS_2026May13.csv,2026-05-13,2026-05-13T15:28:42.873928+00:00,RUN-REAL-ESS-20260513-002
IBP,Installed Building Products Inc,Common Stock,UNKNOWN,5460000000,SMALL,STARMINE_COVERED,BULLISH,FIDELITY,SecurityExtract_ESS_2026May13.csv,2026-05-13,2026-05-13T15:28:42.873928+00:00,RUN-REAL-ESS-20260513-002
IVR,Invesco Mortgage Capital Inc,Common Stock (REIT),UNKNOWN,758360000,MICRO,STARMINE_COVERED,BULLISH,FIDELITY,SecurityExtract_ESS_2026May13.csv,2026-05-13,2026-05-13T15:28:42.873928+00:00,RUN-REAL-ESS-20260513-002
IONQ,IonQ Inc,Common Stock,UNKNOWN,20850000000,MID,STARMINE_COVERED,BULLISH,FIDELITY,SecurityExtract_ESS_2026May13.csv,2026-05-13,2026-05-13T15:28:42.873928+00:00,RUN-REAL-ESS-20260513-002
IQV,IQVIA Holdings Inc,Common Stock,UNKNOWN,29220000000,MID,STARMINE_COVERED,BULLISH,FIDELITY,SecurityExtract_ESS_2026May13.csv,2026-05-13,2026-05-13T15:28:42.873928+00:00,RUN-REAL-ESS-20260513-002
IRMD,iRadimed Corp,Common Stock,UNKNOWN,1080000000,MICRO,STARMINE_COVERED,BULLISH,FIDELITY,SecurityExtract_ESS_2026May13.csv,2026-05-13,2026-05-13T15:28:42.873928+00:00,RUN-REAL-ESS-20260513-002
IRWD,Ironwood Pharmaceuticals Inc,Common Stock,UNKNOWN,673270000,MICRO,STARMINE_COVERED,BULLISH,FIDELITY,SecurityExtract_ESS_2026May13.csv,2026-05-13,2026-05-13T15:28:42.873928+00:00,RUN-REAL-ESS-20260513-002
JBHT,J.B. Hunt Transport Services Inc.,Common Stock,UNKNOWN,22330000000,MID,STARMINE_COVERED,BULLISH,FIDELITY,SecurityExtract_ESS_2026May13.csv,2026-05-13,2026-05-13T15:28:42.873928+00:00,RUN-REAL-ESS-20260513-002
JAKK,JAKKS Pacific Inc,Common Stock,UNKNOWN,250510000,MICRO,STARMINE_COVERED,BULLISH,FIDELITY,SecurityExtract_ESS_2026May13.csv,2026-05-13,2026-05-13T15:28:42.873928+00:00,RUN-REAL-ESS-20260513-002
JAZZ,Jazz Pharmaceuticals plc,Common Stock,UNKNOWN,14300000000,MID,STARMINE_COVERED,BULLISH,FIDELITY,SecurityExtract_ESS_2026May13.csv,2026-05-13,2026-05-13T15:28:42.873928+00:00,RUN-REAL-ESS-20260513-002
JBSS,John B Sanfilippo & Son Inc,Common Stock,UNKNOWN,893230000,MICRO,STARMINE_COVERED,BULLISH,FIDELITY,SecurityExtract_ESS_2026May13.csv,2026-05-13,2026-05-13T15:28:42.873928+00:00,RUN-REAL-ESS-20260513-002
WLY,John Wiley & Sons Inc.,Common Stock,UNKNOWN,1700000000,MICRO,STARMINE_COVERED,BULLISH,FIDELITY,SecurityExtract_ESS_2026May13.csv,2026-05-13,2026-05-13T15:28:42.873928+00:00,RUN-REAL-ESS-20260513-002
JCI,Johnson Controls International Plc,Common Stock,UNKNOWN,86050000000,LARGE,STARMINE_COVERED,BULLISH,FIDELITY,SecurityExtract_ESS_2026May13.csv,2026-05-13,2026-05-13T15:28:42.873928+00:00,RUN-REAL-ESS-20260513-002
JYNT,Joint Corp (The),Common Stock,UNKNOWN,123730000,MICRO,STARMINE_COVERED,BULLISH,FIDELITY,SecurityExtract_ESS_2026May13.csv,2026-05-13,2026-05-13T15:28:42.873928+00:00,RUN-REAL-ESS-20260513-002
JLL,Jones Lang LaSalle Inc,Common Stock,UNKNOWN,14650000000,MID,STARMINE_COVERED,BULLISH,FIDELITY,SecurityExtract_ESS_2026May13.csv,2026-05-13,2026-05-13T15:28:42.873928+00:00,RUN-REAL-ESS-20260513-002
KMT,Kennametal Inc.,Common Stock,UNKNOWN,2730000000,MICRO,STARMINE_COVERED,BULLISH,FIDELITY,SecurityExtract_ESS_2026May13.csv,2026-05-13,2026-05-13T15:28:42.873928+00:00,RUN-REAL-ESS-20260513-002
KFRC,Kforce Inc,Common Stock,UNKNOWN,726120000,MICRO,STARMINE_COVERED,BULLISH,FIDELITY,SecurityExtract_ESS_2026May13.csv,2026-05-13,2026-05-13T15:28:42.873928+00:00,RUN-REAL-ESS-20260513-002
KIM,Kimco Realty Corp,Common Stock (REIT),UNKNOWN,15880000000,MID,STARMINE_COVERED,BULLISH,FIDELITY,SecurityExtract_ESS_2026May13.csv,2026-05-13,2026-05-13T15:28:42.873928+00:00,RUN-REAL-ESS-20260513-002
KMI,Kinder Morgan Inc.,Common Stock,UNKNOWN,72200000000,MID,STARMINE_COVERED,BULLISH,FIDELITY,SecurityExtract_ESS_2026May13.csv,2026-05-13,2026-05-13T15:28:42.873928+00:00,RUN-REAL-ESS-20260513-002
KNSL,Kinsale Capital Group Inc,Common Stock,UNKNOWN,6990000000,SMALL,STARMINE_COVERED,BULLISH,FIDELITY,SecurityExtract_ESS_2026May13.csv,2026-05-13,2026-05-13T15:28:42.873928+00:00,RUN-REAL-ESS-20260513-002
KEX,Kirby Corp,Common Stock,UNKNOWN,7650000000,SMALL,STARMINE_COVERED,BULLISH,FIDELITY,SecurityExtract_ESS_2026May13.csv,2026-05-13,2026-05-13T15:28:42.873928+00:00,RUN-REAL-ESS-20260513-002
KGS,Kodiak Gas Services Inc,Common Stock,UNKNOWN,6670000000,SMALL,STARMINE_COVERED,BULLISH,FIDELITY,SecurityExtract_ESS_2026May13.csv,2026-05-13,2026-05-13T15:28:42.873928+00:00,RUN-REAL-ESS-20260513-002
KOPN,Kopin Corp,Common Stock,UNKNOWN,980990000,MICRO,STARMINE_COVERED,BULLISH,FIDELITY,SecurityExtract_ESS_2026May13.csv,2026-05-13,2026-05-13T15:28:42.873928+00:00,RUN-REAL-ESS-20260513-002
KOP,Koppers Holdings Inc,Common Stock,UNKNOWN,837550000,MICRO,STARMINE_COVERED,BULLISH,FIDELITY,SecurityExtract_ESS_2026May13.csv,2026-05-13,2026-05-13T15:28:42.873928+00:00,RUN-REAL-ESS-20260513-002
KRNT,Kornit Digital Ltd,Common Stock,UNKNOWN,745150000,MICRO,STARMINE_COVERED,BULLISH,FIDELITY,SecurityExtract_ESS_2026May13.csv,2026-05-13,2026-05-13T15:28:42.873928+00:00,RUN-REAL-ESS-20260513-002
KRO,Kronos Worldwide Inc,Common Stock,UNKNOWN,804220000,MICRO,STARMINE_COVERED,BULLISH,FIDELITY,SecurityExtract_ESS_2026May13.csv,2026-05-13,2026-05-13T15:28:42.873928+00:00,RUN-REAL-ESS-20260513-002
KRYS,Krystal Biotech Inc,Common Stock,UNKNOWN,9150000000,SMALL,STARMINE_COVERED,BULLISH,FIDELITY,SecurityExtract_ESS_2026May13.csv,2026-05-13,2026-05-13T15:28:42.873928+00:00,RUN-REAL-ESS-20260513-002
LAMR,Lamar Advertising Co,Common Stock (REIT),UNKNOWN,14970000000,MID,STARMINE_COVERED,BULLISH,FIDELITY,SecurityExtract_ESS_2026May13.csv,2026-05-13,2026-05-13T15:28:42.873928+00:00,RUN-REAL-ESS-20260513-002
LSTR,Landstar System Inc,Common Stock,UNKNOWN,5960000000,SMALL,STARMINE_COVERED,BULLISH,FIDELITY,SecurityExtract_ESS_2026May13.csv,2026-05-13,2026-05-13T15:28:42.873928+00:00,RUN-REAL-ESS-20260513-002
LSCC,Lattice Semiconductor Corporation,Common Stock,UNKNOWN,17180000000,MID,STARMINE_COVERED,BULLISH,FIDELITY,SecurityExtract_ESS_2026May13.csv,2026-05-13,2026-05-13T15:28:42.873928+00:00,RUN-REAL-ESS-20260513-002
LCII,LCI Industries,Common Stock,UNKNOWN,2730000000,MICRO,STARMINE_COVERED,BULLISH,FIDELITY,SecurityExtract_ESS_2026May13.csv,2026-05-13,2026-05-13T15:28:42.873928+00:00,RUN-REAL-ESS-20260513-002
LMAT,LeMaitre Vascular Inc,Common Stock,UNKNOWN,2220000000,MICRO,STARMINE_COVERED,BULLISH,FIDELITY,SecurityExtract_ESS_2026May13.csv,2026-05-13,2026-05-13T15:28:42.873928+00:00,RUN-REAL-ESS-20260513-002
LII,Lennox International Inc.,Common Stock,UNKNOWN,17700000000,MID,STARMINE_COVERED,BULLISH,FIDELITY,SecurityExtract_ESS_2026May13.csv,2026-05-13,2026-05-13T15:28:42.873928+00:00,RUN-REAL-ESS-20260513-002
DRS,Leonardo DRS Inc,Common Stock,UNKNOWN,11440000000,SMALL,STARMINE_COVERED,BULLISH,FIDELITY,SecurityExtract_ESS_2026May13.csv,2026-05-13,2026-05-13T15:28:42.873928+00:00,RUN-REAL-ESS-20260513-002
LPL,LG Display Co Ltd,Depository Receipt,UNKNOWN,4440000000,SMALL,STARMINE_COVERED,BULLISH,FIDELITY,SecurityExtract_ESS_2026May13.csv,2026-05-13,2026-05-13T15:28:42.873928+00:00,RUN-REAL-ESS-20260513-002
LTH,Life Time Group Holdings Inc,Common Stock,UNKNOWN,7480000000,SMALL,STARMINE_COVERED,BULLISH,FIDELITY,SecurityExtract_ESS_2026May13.csv,2026-05-13,2026-05-13T15:28:42.873928+00:00,RUN-REAL-ESS-20260513-002
LCUT,Lifetime Brands Inc,Common Stock,UNKNOWN,158160000,MICRO,STARMINE_COVERED,BULLISH,FIDELITY,SecurityExtract_ESS_2026May13.csv,2026-05-13,2026-05-13T15:28:42.873928+00:00,RUN-REAL-ESS-20260513-002
LFVN,LifeVantage Corp,Common Stock,UNKNOWN,64970000,MICRO,STARMINE_COVERED,BULLISH,FIDELITY,SecurityExtract_ESS_2026May13.csv,2026-05-13,2026-05-13T15:28:42.873928+00:00,RUN-REAL-ESS-20260513-002
LNC,Lincoln National Corp,Common Stock,UNKNOWN,6710000000,SMALL,STARMINE_COVERED,BULLISH,FIDELITY,SecurityExtract_ESS_2026May13.csv,2026-05-13,2026-05-13T15:28:42.873928+00:00,RUN-REAL-ESS-20260513-002
LXU,LSB Industries Inc,Common Stock,UNKNOWN,1110000000,MICRO,STARMINE_COVERED,BULLISH,FIDELITY,SecurityExtract_ESS_2026May13.csv,2026-05-13,2026-05-13T15:28:42.873928+00:00,RUN-REAL-ESS-20260513-002
LXP,LXP Industrial Trust,Common Stock (REIT),UNKNOWN,3040000000,MICRO,STARMINE_COVERED,BULLISH,FIDELITY,SecurityExtract_ESS_2026May13.csv,2026-05-13,2026-05-13T15:28:42.873928+00:00,RUN-REAL-ESS-20260513-002
MTB,M&T Bank Corp,Common Stock,UNKNOWN,30570000000,MID,STARMINE_COVERED,BULLISH,FIDELITY,SecurityExtract_ESS_2026May13.csv,2026-05-13,2026-05-13T15:28:42.873928+00:00,RUN-REAL-ESS-20260513-002
MFC,Manulife Financial Corp,Common Stock,UNKNOWN,66940000000,MID,STARMINE_COVERED,BULLISH,FIDELITY,SecurityExtract_ESS_2026May13.csv,2026-05-13,2026-05-13T15:28:42.873928+00:00,RUN-REAL-ESS-20260513-002
MTZ,MasTec Inc.,Common Stock,UNKNOWN,33210000000,MID,STARMINE_COVERED,BULLISH,FIDELITY,SecurityExtract_ESS_2026May13.csv,2026-05-13,2026-05-13T15:28:42.873928+00:00,RUN-REAL-ESS-20260513-002
MCFT,MasterCraft Boat Holdings Inc,Common Stock,UNKNOWN,404720000,MICRO,STARMINE_COVERED,BULLISH,FIDELITY,SecurityExtract_ESS_2026May13.csv,2026-05-13,2026-05-13T15:28:42.873928+00:00,RUN-REAL-ESS-20260513-002
MTDR,Matador Resources Co,Common Stock,UNKNOWN,7030000000,SMALL,STARMINE_COVERED,BULLISH,FIDELITY,SecurityExtract_ESS_2026May13.csv,2026-05-13,2026-05-13T15:28:42.873928+00:00,RUN-REAL-ESS-20260513-002
MTRX,Matrix Service Co,Common Stock,UNKNOWN,342390000,MICRO,STARMINE_COVERED,BULLISH,FIDELITY,SecurityExtract_ESS_2026May13.csv,2026-05-13,2026-05-13T15:28:42.873928+00:00,RUN-REAL-ESS-20260513-002
MATX,Matson Inc,Common Stock,UNKNOWN,5420000000,SMALL,STARMINE_COVERED,BULLISH,FIDELITY,SecurityExtract_ESS_2026May13.csv,2026-05-13,2026-05-13T15:28:42.873928+00:00,RUN-REAL-ESS-20260513-002
MEDP,Medpace Holdings Inc,Common Stock,UNKNOWN,11990000000,SMALL,STARMINE_COVERED,BULLISH,FIDELITY,SecurityExtract_ESS_2026May13.csv,2026-05-13,2026-05-13T15:28:42.873928+00:00,RUN-REAL-ESS-20260513-002
MRK,Merck and Co Inc,Common Stock,UNKNOWN,277530000000,LARGE,STARMINE_COVERED,BULLISH,FIDELITY,SecurityExtract_ESS_2026May13.csv,2026-05-13,2026-05-13T15:28:42.873928+00:00,RUN-REAL-ESS-20260513-002
MCY,Mercury General Corp,Common Stock,UNKNOWN,5630000000,SMALL,STARMINE_COVERED,BULLISH,FIDELITY,SecurityExtract_ESS_2026May13.csv,2026-05-13,2026-05-13T15:28:42.873928+00:00,RUN-REAL-ESS-20260513-002
MTD,Mettler-Toledo International Inc,Common Stock,UNKNOWN,21670000000,MID,STARMINE_COVERED,BULLISH,FIDELITY,SecurityExtract_ESS_2026May13.csv,2026-05-13,2026-05-13T15:28:42.873928+00:00,RUN-REAL-ESS-20260513-002
MFA,MFA Financial Inc,Common Stock (REIT),UNKNOWN,972270000,MICRO,STARMINE_COVERED,BULLISH,FIDELITY,SecurityExtract_ESS_2026May13.csv,2026-05-13,2026-05-13T15:28:42.873928+00:00,RUN-REAL-ESS-20260513-002
MGPI,MGP Ingredients Inc,Common Stock,UNKNOWN,390880000,MICRO,STARMINE_COVERED,BULLISH,FIDELITY,SecurityExtract_ESS_2026May13.csv,2026-05-13,2026-05-13T15:28:42.873928+00:00,RUN-REAL-ESS-20260513-002
MCHP,Microchip Technology Inc,Common Stock,UNKNOWN,52870000000,MID,STARMINE_COVERED,BULLISH,FIDELITY,SecurityExtract_ESS_2026May13.csv,2026-05-13,2026-05-13T15:28:42.873928+00:00,RUN-REAL-ESS-20260513-002
MSBI,Midland States Bancorp Inc,Common Stock,UNKNOWN,559710000,MICRO,STARMINE_COVERED,BULLISH,FIDELITY,SecurityExtract_ESS_2026May13.csv,2026-05-13,2026-05-13T15:28:42.873928+00:00,RUN-REAL-ESS-20260513-002
MG,Mistras Group Inc,Common Stock,UNKNOWN,536120000,MICRO,STARMINE_COVERED,BULLISH,FIDELITY,SecurityExtract_ESS_2026May13.csv,2026-05-13,2026-05-13T15:28:42.873928+00:00,RUN-REAL-ESS-20260513-002
MKSI,MKS Inc,Common Stock,UNKNOWN,21050000000,MID,STARMINE_COVERED,BULLISH,FIDELITY,SecurityExtract_ESS_2026May13.csv,2026-05-13,2026-05-13T15:28:42.873928+00:00,RUN-REAL-ESS-20260513-002
MPWR,Monolithic Power Systems Inc,Common Stock,UNKNOWN,78580000000,MID,STARMINE_COVERED,BULLISH,FIDELITY,SecurityExtract_ESS_2026May13.csv,2026-05-13,2026-05-13T15:28:42.873928+00:00,RUN-REAL-ESS-20260513-002
MOG/A,Moog Inc.,Common Stock,UNKNOWN,8760000000,SMALL,STARMINE_COVERED,BULLISH,FIDELITY,SecurityExtract_ESS_2026May13.csv,2026-05-13,2026-05-13T15:28:42.873928+00:00,RUN-REAL-ESS-20260513-002
MORN,Morningstar Inc,Common Stock,UNKNOWN,6690000000,SMALL,STARMINE_COVERED,BULLISH,FIDELITY,SecurityExtract_ESS_2026May13.csv,2026-05-13,2026-05-13T15:28:42.873928+00:00,RUN-REAL-ESS-20260513-002
MSM,MSC Industrial Direct Co Inc.,Common Stock,UNKNOWN,5970000000,SMALL,STARMINE_COVERED,BULLISH,FIDELITY,SecurityExtract_ESS_2026May13.csv,2026-05-13,2026-05-13T15:28:42.873928+00:00,RUN-REAL-ESS-20260513-002
MSCI,MSCI Inc,Common Stock,UNKNOWN,42300000000,MID,STARMINE_COVERED,BULLISH,FIDELITY,SecurityExtract_ESS_2026May13.csv,2026-05-13,2026-05-13T15:28:42.873928+00:00,RUN-REAL-ESS-20260513-002
MLI,Mueller Industries Inc.,Common Stock,UNKNOWN,15320000000,MID,STARMINE_COVERED,BULLISH,FIDELITY,SecurityExtract_ESS_2026May13.csv,2026-05-13,2026-05-13T15:28:42.873928+00:00,RUN-REAL-ESS-20260513-002
MWA,Mueller Water Products Inc,Common Stock,UNKNOWN,3970000000,SMALL,STARMINE_COVERED,BULLISH,FIDELITY,SecurityExtract_ESS_2026May13.csv,2026-05-13,2026-05-13T15:28:42.873928+00:00,RUN-REAL-ESS-20260513-002
MUSA,Murphy USA Inc,Common Stock,UNKNOWN,10660000000,SMALL,STARMINE_COVERED,BULLISH,FIDELITY,SecurityExtract_ESS_2026May13.csv,2026-05-13,2026-05-13T15:28:42.873928+00:00,RUN-REAL-ESS-20260513-002
MYGN,Myriad Genetics Inc,Common Stock,UNKNOWN,384400000,MICRO,STARMINE_COVERED,BULLISH,FIDELITY,SecurityExtract_ESS_2026May13.csv,2026-05-13,2026-05-13T15:28:42.873928+00:00,RUN-REAL-ESS-20260513-002
NKSH,National Bankshares Inc,Common Stock,UNKNOWN,219140000,MICRO,STARMINE_COVERED,BULLISH,FIDELITY,SecurityExtract_ESS_2026May13.csv,2026-05-13,2026-05-13T15:28:42.873928+00:00,RUN-REAL-ESS-20260513-002
NFG,National Fuel Gas Co,Common Stock,UNKNOWN,7640000000,SMALL,STARMINE_COVERED,BULLISH,FIDELITY,SecurityExtract_ESS_2026May13.csv,2026-05-13,2026-05-13T15:28:42.873928+00:00,RUN-REAL-ESS-20260513-002
NHC,National HealthCare Corp,Common Stock,UNKNOWN,2960000000,MICRO,STARMINE_COVERED,BULLISH,FIDELITY,SecurityExtract_ESS_2026May13.csv,2026-05-13,2026-05-13T15:28:42.873928+00:00,RUN-REAL-ESS-20260513-002
NNI,Nelnet Inc.,Common Stock,UNKNOWN,4390000000,SMALL,STARMINE_COVERED,BULLISH,FIDELITY,SecurityExtract_ESS_2026May13.csv,2026-05-13,2026-05-13T15:28:42.873928+00:00,RUN-REAL-ESS-20260513-002
NFLX,Netflix Inc,Common Stock,UNKNOWN,369120000000,LARGE,STARMINE_COVERED,BULLISH,FIDELITY,SecurityExtract_ESS_2026May13.csv,2026-05-13,2026-05-13T15:28:42.873928+00:00,RUN-REAL-ESS-20260513-002
NEWT,NewtekOne Inc,Common Stock,UNKNOWN,377190000,MICRO,STARMINE_COVERED,BULLISH,FIDELITY,SecurityExtract_ESS_2026May13.csv,2026-05-13,2026-05-13T15:28:42.873928+00:00,RUN-REAL-ESS-20260513-002
NICE,NICE Ltd,Depository Receipt,UNKNOWN,5070000000,SMALL,STARMINE_COVERED,BULLISH,FIDELITY,SecurityExtract_ESS_2026May13.csv,2026-05-13,2026-05-13T15:28:42.873928+00:00,RUN-REAL-ESS-20260513-002
NMIH,NMI Holdings Inc,Common Stock,UNKNOWN,2840000000,MICRO,STARMINE_COVERED,BULLISH,FIDELITY,SecurityExtract_ESS_2026May13.csv,2026-05-13,2026-05-13T15:28:42.873928+00:00,RUN-REAL-ESS-20260513-002
NNN,NNN REIT Inc,Common Stock (REIT),UNKNOWN,8470000000,SMALL,STARMINE_COVERED,BULLISH,FIDELITY,SecurityExtract_ESS_2026May13.csv,2026-05-13,2026-05-13T15:28:42.873928+00:00,RUN-REAL-ESS-20260513-002
NMR,Nomura Holdings Inc,Depository Receipt,UNKNOWN,23090000000,MID,STARMINE_COVERED,BULLISH,FIDELITY,SecurityExtract_ESS_2026May13.csv,2026-05-13,2026-05-13T15:28:42.873928+00:00,RUN-REAL-ESS-20260513-002
NDSN,Nordson Corp,Common Stock,UNKNOWN,15680000000,MID,STARMINE_COVERED,BULLISH,FIDELITY,SecurityExtract_ESS_2026May13.csv,2026-05-13,2026-05-13T15:28:42.873928+00:00,RUN-REAL-ESS-20260513-002
NSC,Norfolk Southern Corp,Common Stock,UNKNOWN,70150000000,MID,STARMINE_COVERED,BULLISH,FIDELITY,SecurityExtract_ESS_2026May13.csv,2026-05-13,2026-05-13T15:28:42.873928+00:00,RUN-REAL-ESS-20260513-002
NRIM,Northrim BanCorp Inc,Common Stock,UNKNOWN,526090000,MICRO,STARMINE_COVERED,BULLISH,FIDELITY,SecurityExtract_ESS_2026May13.csv,2026-05-13,2026-05-13T15:28:42.873928+00:00,RUN-REAL-ESS-20260513-002
NWFL,Norwood Financial Corp.,Common Stock,UNKNOWN,322920000,MICRO,STARMINE_COVERED,BULLISH,FIDELITY,SecurityExtract_ESS_2026May13.csv,2026-05-13,2026-05-13T15:28:42.873928+00:00,RUN-REAL-ESS-20260513-002
NVAX,Novavax Inc,Common Stock,UNKNOWN,1580000000,MICRO,STARMINE_COVERED,BULLISH,FIDELITY,SecurityExtract_ESS_2026May13.csv,2026-05-13,2026-05-13T15:28:42.873928+00:00,RUN-REAL-ESS-20260513-002
NUE,Nucor Corp,Common Stock,UNKNOWN,52340000000,MID,STARMINE_COVERED,BULLISH,FIDELITY,SecurityExtract_ESS_2026May13.csv,2026-05-13,2026-05-13T15:28:42.873928+00:00,RUN-REAL-ESS-20260513-002
NWPX,NWPX Infrastructure Inc,Common Stock,UNKNOWN,1100000000,MICRO,STARMINE_COVERED,BULLISH,FIDELITY,SecurityExtract_ESS_2026May13.csv,2026-05-13,2026-05-13T15:28:42.873928+00:00,RUN-REAL-ESS-20260513-002
NXPI,NXP Semiconductors NV,Common Stock,UNKNOWN,74280000000,MID,STARMINE_COVERED,BULLISH,FIDELITY,SecurityExtract_ESS_2026May13.csv,2026-05-13,2026-05-13T15:28:42.873928+00:00,RUN-REAL-ESS-20260513-002
OIS,Oil States International Inc,Common Stock,UNKNOWN,538730000,MICRO,STARMINE_COVERED,BULLISH,FIDELITY,SecurityExtract_ESS_2026May13.csv,2026-05-13,2026-05-13T15:28:42.873928+00:00,RUN-REAL-ESS-20260513-002
ORI,Old Republic International Corp,Common Stock,UNKNOWN,9540000000,SMALL,STARMINE_COVERED,BULLISH,FIDELITY,SecurityExtract_ESS_2026May13.csv,2026-05-13,2026-05-13T15:28:42.873928+00:00,RUN-REAL-ESS-20260513-002
OMER,Omeros Corp,Common Stock,UNKNOWN,1070000000,MICRO,STARMINE_COVERED,BULLISH,FIDELITY,SecurityExtract_ESS_2026May13.csv,2026-05-13,2026-05-13T15:28:42.873928+00:00,RUN-REAL-ESS-20260513-002
OGS,ONE Gas Inc,Common Stock,UNKNOWN,5320000000,SMALL,STARMINE_COVERED,BULLISH,FIDELITY,SecurityExtract_ESS_2026May13.csv,2026-05-13,2026-05-13T15:28:42.873928+00:00,RUN-REAL-ESS-20260513-002
OSPN,OneSpan Inc,Common Stock,UNKNOWN,443020000,MICRO,STARMINE_COVERED,BULLISH,FIDELITY,SecurityExtract_ESS_2026May13.csv,2026-05-13,2026-05-13T15:28:42.873928+00:00,RUN-REAL-ESS-20260513-002
OPLN,OPENLANE Inc,Common Stock,UNKNOWN,3830000000,SMALL,STARMINE_COVERED,BULLISH,FIDELITY,SecurityExtract_ESS_2026May13.csv,2026-05-13,2026-05-13T15:28:42.873928+00:00,RUN-REAL-ESS-20260513-002
OPCH,Option Care Health Inc,Common Stock,UNKNOWN,3080000000,MICRO,STARMINE_COVERED,BULLISH,FIDELITY,SecurityExtract_ESS_2026May13.csv,2026-05-13,2026-05-13T15:28:42.873928+00:00,RUN-REAL-ESS-20260513-002
ORCL,Oracle Corp,Common Stock,UNKNOWN,537330000000,LARGE,STARMINE_COVERED,BULLISH,FIDELITY,SecurityExtract_ESS_2026May13.csv,2026-05-13,2026-05-13T15:28:42.873928+00:00,RUN-REAL-ESS-20260513-002
OGN,Organon & Co,Common Stock,UNKNOWN,3500000000,MICRO,STARMINE_COVERED,BULLISH,FIDELITY,SecurityExtract_ESS_2026May13.csv,2026-05-13,2026-05-13T15:28:42.873928+00:00,RUN-REAL-ESS-20260513-002
OEC,Orion SA,Common Stock,UNKNOWN,424050000,MICRO,STARMINE_COVERED,BULLISH,FIDELITY,SecurityExtract_ESS_2026May13.csv,2026-05-13,2026-05-13T15:28:42.873928+00:00,RUN-REAL-ESS-20260513-002
OFIX,Orthofix Medical Inc,Common Stock,UNKNOWN,492340000,MICRO,STARMINE_COVERED,BULLISH,FIDELITY,SecurityExtract_ESS_2026May13.csv,2026-05-13,2026-05-13T15:28:42.873928+00:00,RUN-REAL-ESS-20260513-002
POWW,Outdoor Holding Co,Common Stock,UNKNOWN,229890000,MICRO,STARMINE_COVERED,BULLISH,FIDELITY,SecurityExtract_ESS_2026May13.csv,2026-05-13,2026-05-13T15:28:42.873928+00:00,RUN-REAL-ESS-20260513-002
OUT,OUTFRONT Media Inc,Common Stock (REIT),UNKNOWN,5610000000,SMALL,STARMINE_COVERED,BULLISH,FIDELITY,SecurityExtract_ESS_2026May13.csv,2026-05-13,2026-05-13T15:28:42.873928+00:00,RUN-REAL-ESS-20260513-002
OC,Owens Corning,Common Stock,UNKNOWN,9650000000,SMALL,STARMINE_COVERED,BULLISH,FIDELITY,SecurityExtract_ESS_2026May13.csv,2026-05-13,2026-05-13T15:28:42.873928+00:00,RUN-REAL-ESS-20260513-002
PCRX,Pacira BioSciences Inc,Common Stock,UNKNOWN,898710000,MICRO,STARMINE_COVERED,BULLISH,FIDELITY,SecurityExtract_ESS_2026May13.csv,2026-05-13,2026-05-13T15:28:42.873928+00:00,RUN-REAL-ESS-20260513-002
PANW,Palo Alto Networks Inc,Common Stock,UNKNOWN,174850000000,LARGE,STARMINE_COVERED,BULLISH,FIDELITY,SecurityExtract_ESS_2026May13.csv,2026-05-13,2026-05-13T15:28:42.873928+00:00,RUN-REAL-ESS-20260513-002
PK,Park Hotels & Resorts Inc,Common Stock,UNKNOWN,2210000000,MICRO,STARMINE_COVERED,BULLISH,FIDELITY,SecurityExtract_ESS_2026May13.csv,2026-05-13,2026-05-13T15:28:42.873928+00:00,RUN-REAL-ESS-20260513-002
CASH,Pathward Financial Inc,Common Stock,UNKNOWN,1740000000,MICRO,STARMINE_COVERED,BULLISH,FIDELITY,SecurityExtract_ESS_2026May13.csv,2026-05-13,2026-05-13T15:28:42.873928+00:00,RUN-REAL-ESS-20260513-002
PAYC,Paycom Software Inc,Common Stock,UNKNOWN,6420000000,SMALL,STARMINE_COVERED,BULLISH,FIDELITY,SecurityExtract_ESS_2026May13.csv,2026-05-13,2026-05-13T15:28:42.873928+00:00,RUN-REAL-ESS-20260513-002
PYPL,PayPal Holdings Inc,Common Stock,UNKNOWN,40080000000,MID,STARMINE_COVERED,BULLISH,FIDELITY,SecurityExtract_ESS_2026May13.csv,2026-05-13,2026-05-13T15:28:42.873928+00:00,RUN-REAL-ESS-20260513-002
PAYS,Paysign Inc,Common Stock,UNKNOWN,366980000,MICRO,STARMINE_COVERED,BULLISH,FIDELITY,SecurityExtract_ESS_2026May13.csv,2026-05-13,2026-05-13T15:28:42.873928+00:00,RUN-REAL-ESS-20260513-002
CNXN,PC Connection Inc,Common Stock,UNKNOWN,1610000000,MICRO,STARMINE_COVERED,BULLISH,FIDELITY,SecurityExtract_ESS_2026May13.csv,2026-05-13,2026-05-13T15:28:42.873928+00:00,RUN-REAL-ESS-20260513-002
PEB,Pebblebrook Hotel Trust,Common Stock (REIT),UNKNOWN,1620000000,MICRO,STARMINE_COVERED,BULLISH,FIDELITY,SecurityExtract_ESS_2026May13.csv,2026-05-13,2026-05-13T15:28:42.873928+00:00,RUN-REAL-ESS-20260513-002
MD,Pediatrix Medical Group Inc,Common Stock,UNKNOWN,1940000000,MICRO,STARMINE_COVERED,BULLISH,FIDELITY,SecurityExtract_ESS_2026May13.csv,2026-05-13,2026-05-13T15:28:42.873928+00:00,RUN-REAL-ESS-20260513-002
PFE,Pfizer Inc,Common Stock,UNKNOWN,147440000000,LARGE,STARMINE_COVERED,BULLISH,FIDELITY,SecurityExtract_ESS_2026May13.csv,2026-05-13,2026-05-13T15:28:42.873928+00:00,RUN-REAL-ESS-20260513-002
PCG,PG&E Corp,Common Stock,UNKNOWN,37020000000,MID,STARMINE_COVERED,BULLISH,FIDELITY,SecurityExtract_ESS_2026May13.csv,2026-05-13,2026-05-13T15:28:42.873928+00:00,RUN-REAL-ESS-20260513-002
PHIN,PHINIA Inc,Common Stock,UNKNOWN,2900000000,MICRO,STARMINE_COVERED,BULLISH,FIDELITY,SecurityExtract_ESS_2026May13.csv,2026-05-13,2026-05-13T15:28:42.873928+00:00,RUN-REAL-ESS-20260513-002
PLAB,Photronics Inc,Common Stock,UNKNOWN,3070000000,MICRO,STARMINE_COVERED,BULLISH,FIDELITY,SecurityExtract_ESS_2026May13.csv,2026-05-13,2026-05-13T15:28:42.873928+00:00,RUN-REAL-ESS-20260513-002
PHR,Phreesia Inc,Common Stock,UNKNOWN,583930000,MICRO,STARMINE_COVERED,BULLISH,FIDELITY,SecurityExtract_ESS_2026May13.csv,2026-05-13,2026-05-13T15:28:42.873928+00:00,RUN-REAL-ESS-20260513-002
PIPR,Piper Sandler Cos,Common Stock,UNKNOWN,5710000000,SMALL,STARMINE_COVERED,BULLISH,FIDELITY,SecurityExtract_ESS_2026May13.csv,2026-05-13,2026-05-13T15:28:42.873928+00:00,RUN-REAL-ESS-20260513-002
PAA,Plains All American Pipeline LP,Unit Trust Fund,UNKNOWN,15480000000,MID,STARMINE_COVERED,BULLISH,FIDELITY,SecurityExtract_ESS_2026May13.csv,2026-05-13,2026-05-13T15:28:42.873928+00:00,RUN-REAL-ESS-20260513-002
PAGP,Plains GP Holdings LP,Unit Trust Fund,UNKNOWN,4640000000,SMALL,STARMINE_COVERED,BULLISH,FIDELITY,SecurityExtract_ESS_2026May13.csv,2026-05-13,2026-05-13T15:28:42.873928+00:00,RUN-REAL-ESS-20260513-002
PLTK,Playtika Holding Corp,Common Stock,UNKNOWN,1420000000,MICRO,STARMINE_COVERED,BULLISH,FIDELITY,SecurityExtract_ESS_2026May13.csv,2026-05-13,2026-05-13T15:28:42.873928+00:00,RUN-REAL-ESS-20260513-002
POR,Portland General Electric Co,Common Stock,UNKNOWN,5600000000,SMALL,STARMINE_COVERED,BULLISH,FIDELITY,SecurityExtract_ESS_2026May13.csv,2026-05-13,2026-05-13T15:28:42.873928+00:00,RUN-REAL-ESS-20260513-002
POWL,Powell Industries Inc,Common Stock,UNKNOWN,11220000000,SMALL,STARMINE_COVERED,BULLISH,FIDELITY,SecurityExtract_ESS_2026May13.csv,2026-05-13,2026-05-13T15:28:42.873928+00:00,RUN-REAL-ESS-20260513-002
PRAA,PRA Group Inc,Common Stock,UNKNOWN,640010000,MICRO,STARMINE_COVERED,BULLISH,FIDELITY,SecurityExtract_ESS_2026May13.csv,2026-05-13,2026-05-13T15:28:42.873928+00:00,RUN-REAL-ESS-20260513-002
PFBC,Preferred Bank of Los Angeles,Common Stock,UNKNOWN,1100000000,MICRO,STARMINE_COVERED,BULLISH,FIDELITY,SecurityExtract_ESS_2026May13.csv,2026-05-13,2026-05-13T15:28:42.873928+00:00,RUN-REAL-ESS-20260513-002
PBH,Prestige Consumer Healthcare Inc,Common Stock,UNKNOWN,2390000000,MICRO,STARMINE_COVERED,BULLISH,FIDELITY,SecurityExtract_ESS_2026May13.csv,2026-05-13,2026-05-13T15:28:42.873928+00:00,RUN-REAL-ESS-20260513-002
PSMT,PriceSmart Inc,Common Stock,UNKNOWN,4830000000,SMALL,STARMINE_COVERED,BULLISH,FIDELITY,SecurityExtract_ESS_2026May13.csv,2026-05-13,2026-05-13T15:28:42.873928+00:00,RUN-REAL-ESS-20260513-002
PRG,PROG Holdings Inc,Common Stock,UNKNOWN,1390000000,MICRO,STARMINE_COVERED,BULLISH,FIDELITY,SecurityExtract_ESS_2026May13.csv,2026-05-13,2026-05-13T15:28:42.873928+00:00,RUN-REAL-ESS-20260513-002
PRGS,Progress Software Corp,Common Stock,UNKNOWN,1140000000,MICRO,STARMINE_COVERED,BULLISH,FIDELITY,SecurityExtract_ESS_2026May13.csv,2026-05-13,2026-05-13T15:28:42.873928+00:00,RUN-REAL-ESS-20260513-002
PGR,Progressive Corp (The),Common Stock,UNKNOWN,115940000000,LARGE,STARMINE_COVERED,BULLISH,FIDELITY,SecurityExtract_ESS_2026May13.csv,2026-05-13,2026-05-13T15:28:42.873928+00:00,RUN-REAL-ESS-20260513-002
PGNY,Progyny Inc,Common Stock,UNKNOWN,1840000000,MICRO,STARMINE_COVERED,BULLISH,FIDELITY,SecurityExtract_ESS_2026May13.csv,2026-05-13,2026-05-13T15:28:42.873928+00:00,RUN-REAL-ESS-20260513-002
PLD,Prologis Inc,Common Stock (REIT),UNKNOWN,134030000000,LARGE,STARMINE_COVERED,BULLISH,FIDELITY,SecurityExtract_ESS_2026May13.csv,2026-05-13,2026-05-13T15:28:42.873928+00:00,RUN-REAL-ESS-20260513-002
PUMP,ProPetro Holding Corp,Common Stock,UNKNOWN,1980000000,MICRO,STARMINE_COVERED,BULLISH,FIDELITY,SecurityExtract_ESS_2026May13.csv,2026-05-13,2026-05-13T15:28:42.873928+00:00,RUN-REAL-ESS-20260513-002
PSA,Public Storage,Common Stock (REIT),UNKNOWN,54640000000,MID,STARMINE_COVERED,BULLISH,FIDELITY,SecurityExtract_ESS_2026May13.csv,2026-05-13,2026-05-13T15:28:42.873928+00:00,RUN-REAL-ESS-20260513-002
PBYI,Puma Biotechnology Inc,Common Stock,UNKNOWN,360360000,MICRO,STARMINE_COVERED,BULLISH,FIDELITY,SecurityExtract_ESS_2026May13.csv,2026-05-13,2026-05-13T15:28:42.873928+00:00,RUN-REAL-ESS-20260513-002
PCYO,Pure Cycle Corp,Common Stock,UNKNOWN,268760000,MICRO,STARMINE_COVERED,BULLISH,FIDELITY,SecurityExtract_ESS_2026May13.csv,2026-05-13,2026-05-13T15:28:42.873928+00:00,RUN-REAL-ESS-20260513-002
QGEN,Qiagen NV,Common Stock,UNKNOWN,6950000000,SMALL,STARMINE_COVERED,BULLISH,FIDELITY,SecurityExtract_ESS_2026May13.csv,2026-05-13,2026-05-13T15:28:42.873928+00:00,RUN-REAL-ESS-20260513-002
QRVO,Qorvo Inc,Common Stock,UNKNOWN,7900000000,SMALL,STARMINE_COVERED,BULLISH,FIDELITY,SecurityExtract_ESS_2026May13.csv,2026-05-13,2026-05-13T15:28:42.873928+00:00,RUN-REAL-ESS-20260513-002
QUAD,Quad/Graphics Inc,Common Stock,UNKNOWN,382580000,MICRO,STARMINE_COVERED,BULLISH,FIDELITY,SecurityExtract_ESS_2026May13.csv,2026-05-13,2026-05-13T15:28:42.873928+00:00,RUN-REAL-ESS-20260513-002
PWR,Quanta Services Inc.,Common Stock,UNKNOWN,114920000000,LARGE,STARMINE_COVERED,BULLISH,FIDELITY,SecurityExtract_ESS_2026May13.csv,2026-05-13,2026-05-13T15:28:42.873928+00:00,RUN-REAL-ESS-20260513-002
QUBT,Quantum Computing Inc,Common Stock,UNKNOWN,2660000000,MICRO,STARMINE_COVERED,BULLISH,FIDELITY,SecurityExtract_ESS_2026May13.csv,2026-05-13,2026-05-13T15:28:42.873928+00:00,RUN-REAL-ESS-20260513-002
RRX,Regal Rexnord Corp,Common Stock,UNKNOWN,13970000000,SMALL,STARMINE_COVERED,BULLISH,FIDELITY,SecurityExtract_ESS_2026May13.csv,2026-05-13,2026-05-13T15:28:42.873928+00:00,RUN-REAL-ESS-20260513-002
REG,Regency Centers Corp.,Common Stock (REIT),UNKNOWN,14210000000,MID,STARMINE_COVERED,BULLISH,FIDELITY,SecurityExtract_ESS_2026May13.csv,2026-05-13,2026-05-13T15:28:42.873928+00:00,RUN-REAL-ESS-20260513-002
REGN,Regeneron Pharmaceuticals Inc,Common Stock,UNKNOWN,75840000000,MID,STARMINE_COVERED,BULLISH,FIDELITY,SecurityExtract_ESS_2026May13.csv,2026-05-13,2026-05-13T15:28:42.873928+00:00,RUN-REAL-ESS-20260513-002
RGNX,REGENXBIO Inc,Common Stock,UNKNOWN,528560000,MICRO,STARMINE_COVERED,BULLISH,FIDELITY,SecurityExtract_ESS_2026May13.csv,2026-05-13,2026-05-13T15:28:42.873928+00:00,RUN-REAL-ESS-20260513-002
RF,Regions Financial Corp,Common Stock,UNKNOWN,23170000000,MID,STARMINE_COVERED,BULLISH,FIDELITY,SecurityExtract_ESS_2026May13.csv,2026-05-13,2026-05-13T15:28:42.873928+00:00,RUN-REAL-ESS-20260513-002
RGA,Reinsurance Group of America Inc,Common Stock,UNKNOWN,13770000000,SMALL,STARMINE_COVERED,BULLISH,FIDELITY,SecurityExtract_ESS_2026May13.csv,2026-05-13,2026-05-13T15:28:42.873928+00:00,RUN-REAL-ESS-20260513-002
RS,Reliance Inc,Common Stock,UNKNOWN,18390000000,MID,STARMINE_COVERED,BULLISH,FIDELITY,SecurityExtract_ESS_2026May13.csv,2026-05-13,2026-05-13T15:28:42.873928+00:00,RUN-REAL-ESS-20260513-002
REZI,Resideo Technologies Inc,Common Stock,UNKNOWN,5550000000,SMALL,STARMINE_COVERED,BULLISH,FIDELITY,SecurityExtract_ESS_2026May13.csv,2026-05-13,2026-05-13T15:28:42.873928+00:00,RUN-REAL-ESS-20260513-002
RMD,Resmed Inc,Common Stock,UNKNOWN,29560000000,MID,STARMINE_COVERED,BULLISH,FIDELITY,SecurityExtract_ESS_2026May13.csv,2026-05-13,2026-05-13T15:28:42.873928+00:00,RUN-REAL-ESS-20260513-002
QSR,Restaurant Brands International Inc,Common Stock,UNKNOWN,27170000000,MID,STARMINE_COVERED,BULLISH,FIDELITY,SecurityExtract_ESS_2026May13.csv,2026-05-13,2026-05-13T15:28:42.873928+00:00,RUN-REAL-ESS-20260513-002
RNG,RingCentral Inc,Common Stock,UNKNOWN,3510000000,SMALL,STARMINE_COVERED,BULLISH,FIDELITY,SecurityExtract_ESS_2026May13.csv,2026-05-13,2026-05-13T15:28:42.873928+00:00,RUN-REAL-ESS-20260513-002
RPT,Rithm Property Trust Inc,Common Stock (REIT),UNKNOWN,115040000,MICRO,STARMINE_COVERED,BULLISH,FIDELITY,SecurityExtract_ESS_2026May13.csv,2026-05-13,2026-05-13T15:28:42.873928+00:00,RUN-REAL-ESS-20260513-002
ROK,Rockwell Automation Inc.,Common Stock,UNKNOWN,50640000000,MID,STARMINE_COVERED,BULLISH,FIDELITY,SecurityExtract_ESS_2026May13.csv,2026-05-13,2026-05-13T15:28:42.873928+00:00,RUN-REAL-ESS-20260513-002
ROG,Rogers Corp.,Common Stock,UNKNOWN,2470000000,MICRO,STARMINE_COVERED,BULLISH,FIDELITY,SecurityExtract_ESS_2026May13.csv,2026-05-13,2026-05-13T15:28:42.873928+00:00,RUN-REAL-ESS-20260513-002
RPRX,Royalty Pharma plc,Common Stock,UNKNOWN,29770000000,MID,STARMINE_COVERED,BULLISH,FIDELITY,SecurityExtract_ESS_2026May13.csv,2026-05-13,2026-05-13T15:28:42.873928+00:00,RUN-REAL-ESS-20260513-002
SAFT,Safety Insurance Group Inc,Common Stock,UNKNOWN,1030000000,MICRO,STARMINE_COVERED,BULLISH,FIDELITY,SecurityExtract_ESS_2026May13.csv,2026-05-13,2026-05-13T15:28:42.873928+00:00,RUN-REAL-ESS-20260513-002
SAIA,Saia Inc,Common Stock,UNKNOWN,11600000000,SMALL,STARMINE_COVERED,BULLISH,FIDELITY,SecurityExtract_ESS_2026May13.csv,2026-05-13,2026-05-13T15:28:42.873928+00:00,RUN-REAL-ESS-20260513-002
SANM,Sanmina Corp,Common Stock,UNKNOWN,12640000000,SMALL,STARMINE_COVERED,BULLISH,FIDELITY,SecurityExtract_ESS_2026May13.csv,2026-05-13,2026-05-13T15:28:42.873928+00:00,RUN-REAL-ESS-20260513-002
SRPT,Sarepta Therapeutics Inc,Common Stock,UNKNOWN,2020000000,MICRO,STARMINE_COVERED,BULLISH,FIDELITY,SecurityExtract_ESS_2026May13.csv,2026-05-13,2026-05-13T15:28:42.873928+00:00,RUN-REAL-ESS-20260513-002
SBFG,SB Financial Group Inc,Common Stock,UNKNOWN,141060000,MICRO,STARMINE_COVERED,BULLISH,FIDELITY,SecurityExtract_ESS_2026May13.csv,2026-05-13,2026-05-13T15:28:42.873928+00:00,RUN-REAL-ESS-20260513-002
SNDR,Schneider National Inc,Common Stock,UNKNOWN,5070000000,SMALL,STARMINE_COVERED,BULLISH,FIDELITY,SecurityExtract_ESS_2026May13.csv,2026-05-13,2026-05-13T15:28:42.873928+00:00,RUN-REAL-ESS-20260513-002
SEM,Select Medical Holdings Corp,Common Stock,UNKNOWN,2040000000,MICRO,STARMINE_COVERED,BULLISH,FIDELITY,SecurityExtract_ESS_2026May13.csv,2026-05-13,2026-05-13T15:28:42.873928+00:00,RUN-REAL-ESS-20260513-002
SLQT,SelectQuote Inc,Common Stock,UNKNOWN,178110000,MICRO,STARMINE_COVERED,BULLISH,FIDELITY,SecurityExtract_ESS_2026May13.csv,2026-05-13,2026-05-13T15:28:42.873928+00:00,RUN-REAL-ESS-20260513-002
S,SentinelOne Inc,Common Stock,UNKNOWN,5360000000,SMALL,STARMINE_COVERED,BULLISH,FIDELITY,SecurityExtract_ESS_2026May13.csv,2026-05-13,2026-05-13T15:28:42.873928+00:00,RUN-REAL-ESS-20260513-002
SVC,Service Properties Trust,Common Stock (REIT),UNKNOWN,1050000000,MICRO,STARMINE_COVERED,BULLISH,FIDELITY,SecurityExtract_ESS_2026May13.csv,2026-05-13,2026-05-13T15:28:42.873928+00:00,RUN-REAL-ESS-20260513-002
SCVL,Shoe Carnival Inc,Common Stock,UNKNOWN,447990000,MICRO,STARMINE_COVERED,BULLISH,FIDELITY,SecurityExtract_ESS_2026May13.csv,2026-05-13,2026-05-13T15:28:42.873928+00:00,RUN-REAL-ESS-20260513-002
SPG,Simon Property Group Inc,Common Stock (REIT),UNKNOWN,66690000000,MID,STARMINE_COVERED,BULLISH,FIDELITY,SecurityExtract_ESS_2026May13.csv,2026-05-13,2026-05-13T15:28:42.873928+00:00,RUN-REAL-ESS-20260513-002
SLP,Simulations Plus Inc,Common Stock,UNKNOWN,282060000,MICRO,STARMINE_COVERED,BULLISH,FIDELITY,SecurityExtract_ESS_2026May13.csv,2026-05-13,2026-05-13T15:28:42.873928+00:00,RUN-REAL-ESS-20260513-002
SIRI,Sirius XM Holdings Inc,Common Stock,UNKNOWN,8810000000,SMALL,STARMINE_COVERED,BULLISH,FIDELITY,SecurityExtract_ESS_2026May13.csv,2026-05-13,2026-05-13T15:28:42.873928+00:00,RUN-REAL-ESS-20260513-002
SITC,SITE Centers Corp,Common Stock (REIT),UNKNOWN,291240000,MICRO,STARMINE_COVERED,BULLISH,FIDELITY,SecurityExtract_ESS_2026May13.csv,2026-05-13,2026-05-13T15:28:42.873928+00:00,RUN-REAL-ESS-20260513-002
SLB,SLB Ltd,Common Stock,UNKNOWN,83190000000,MID,STARMINE_COVERED,BULLISH,FIDELITY,SecurityExtract_ESS_2026May13.csv,2026-05-13,2026-05-13T15:28:42.873928+00:00,RUN-REAL-ESS-20260513-002
SLM,SLM Corp,Common Stock,UNKNOWN,4150000000,SMALL,STARMINE_COVERED,BULLISH,FIDELITY,SecurityExtract_ESS_2026May13.csv,2026-05-13,2026-05-13T15:28:42.873928+00:00,RUN-REAL-ESS-20260513-002
SM,SM Energy Co,Common Stock,UNKNOWN,7520000000,SMALL,STARMINE_COVERED,BULLISH,FIDELITY,SecurityExtract_ESS_2026May13.csv,2026-05-13,2026-05-13T15:28:42.873928+00:00,RUN-REAL-ESS-20260513-002
SNA,Snap-On Inc,Common Stock,UNKNOWN,19130000000,MID,STARMINE_COVERED,BULLISH,FIDELITY,SecurityExtract_ESS_2026May13.csv,2026-05-13,2026-05-13T15:28:42.873928+00:00,RUN-REAL-ESS-20260513-002
SR,Spire Inc,Common Stock,UNKNOWN,5120000000,SMALL,STARMINE_COVERED,BULLISH,FIDELITY,SecurityExtract_ESS_2026May13.csv,2026-05-13,2026-05-13T15:28:42.873928+00:00,RUN-REAL-ESS-20260513-002
SPSC,SPS Commerce Inc,Common Stock,UNKNOWN,1910000000,MICRO,STARMINE_COVERED,BULLISH,FIDELITY,SecurityExtract_ESS_2026May13.csv,2026-05-13,2026-05-13T15:28:42.873928+00:00,RUN-REAL-ESS-20260513-002
STGW,Stagwell Inc,Common Stock,UNKNOWN,1500000000,MICRO,STARMINE_COVERED,BULLISH,FIDELITY,SecurityExtract_ESS_2026May13.csv,2026-05-13,2026-05-13T15:28:42.873928+00:00,RUN-REAL-ESS-20260513-002
LAB,Standard BioTools Inc,Common Stock,UNKNOWN,394270000,MICRO,STARMINE_COVERED,BULLISH,FIDELITY,SecurityExtract_ESS_2026May13.csv,2026-05-13,2026-05-13T15:28:42.873928+00:00,RUN-REAL-ESS-20260513-002
SARO,StandardAero Inc,Common Stock,UNKNOWN,8910000000,SMALL,STARMINE_COVERED,BULLISH,FIDELITY,SecurityExtract_ESS_2026May13.csv,2026-05-13,2026-05-13T15:28:42.873928+00:00,RUN-REAL-ESS-20260513-002
STN,Stantec Inc,Common Stock,UNKNOWN,9500000000,SMALL,STARMINE_COVERED,BULLISH,FIDELITY,SecurityExtract_ESS_2026May13.csv,2026-05-13,2026-05-13T15:28:42.873928+00:00,RUN-REAL-ESS-20260513-002
STE,Steris Plc,Common Stock,UNKNOWN,20680000000,MID,STARMINE_COVERED,BULLISH,FIDELITY,SecurityExtract_ESS_2026May13.csv,2026-05-13,2026-05-13T15:28:42.873928+00:00,RUN-REAL-ESS-20260513-002
STC,Stewart Information Services Corp,Common Stock,UNKNOWN,2030000000,MICRO,STARMINE_COVERED,BULLISH,FIDELITY,SecurityExtract_ESS_2026May13.csv,2026-05-13,2026-05-13T15:28:42.873928+00:00,RUN-REAL-ESS-20260513-002
SF,Stifel Financial Corp.,Common Stock,UNKNOWN,11510000000,SMALL,STARMINE_COVERED,BULLISH,FIDELITY,SecurityExtract_ESS_2026May13.csv,2026-05-13,2026-05-13T15:28:42.873928+00:00,RUN-REAL-ESS-20260513-002
STRA,Strategic Education Inc,Common Stock,UNKNOWN,1780000000,MICRO,STARMINE_COVERED,BULLISH,FIDELITY,SecurityExtract_ESS_2026May13.csv,2026-05-13,2026-05-13T15:28:42.873928+00:00,RUN-REAL-ESS-20260513-002
STRT,Strattec Security Corp,Common Stock,UNKNOWN,256370000,MICRO,STARMINE_COVERED,BULLISH,FIDELITY,SecurityExtract_ESS_2026May13.csv,2026-05-13,2026-05-13T15:28:42.873928+00:00,RUN-REAL-ESS-20260513-002
SLF,Sun Life Financial Inc,Common Stock,UNKNOWN,39130000000,MID,STARMINE_COVERED,BULLISH,FIDELITY,SecurityExtract_ESS_2026May13.csv,2026-05-13,2026-05-13T15:28:42.873928+00:00,RUN-REAL-ESS-20260513-002
SHO,Sunstone Hotel Investors Inc,Common Stock (REIT),UNKNOWN,1910000000,MICRO,STARMINE_COVERED,BULLISH,FIDELITY,SecurityExtract_ESS_2026May13.csv,2026-05-13,2026-05-13T15:28:42.873928+00:00,RUN-REAL-ESS-20260513-002
SYF,Synchrony Financial,Common Stock,UNKNOWN,23830000000,MID,STARMINE_COVERED,BULLISH,FIDELITY,SecurityExtract_ESS_2026May13.csv,2026-05-13,2026-05-13T15:28:42.873928+00:00,RUN-REAL-ESS-20260513-002
TMUS,T-Mobile US Inc,Common Stock,UNKNOWN,209190000000,LARGE,STARMINE_COVERED,BULLISH,FIDELITY,SecurityExtract_ESS_2026May13.csv,2026-05-13,2026-05-13T15:28:42.873928+00:00,RUN-REAL-ESS-20260513-002
TCMD,Tactile Systems Technology Inc,Common Stock,UNKNOWN,530740000,MICRO,STARMINE_COVERED,BULLISH,FIDELITY,SecurityExtract_ESS_2026May13.csv,2026-05-13,2026-05-13T15:28:42.873928+00:00,RUN-REAL-ESS-20260513-002
TSM,Taiwan Semiconductor Manufacturing Co Ltd,Depository Receipt,UNKNOWN,2060000000000,MEGA,STARMINE_COVERED,BULLISH,FIDELITY,SecurityExtract_ESS_2026May13.csv,2026-05-13,2026-05-13T15:28:42.873928+00:00,RUN-REAL-ESS-20260513-002
TRGP,Targa Resources Corp,Common Stock,UNKNOWN,54770000000,MID,STARMINE_COVERED,BULLISH,FIDELITY,SecurityExtract_ESS_2026May13.csv,2026-05-13,2026-05-13T15:28:42.873928+00:00,RUN-REAL-ESS-20260513-002
TEL,TE Connectivity plc,Common Stock,UNKNOWN,62390000000,MID,STARMINE_COVERED,BULLISH,FIDELITY,SecurityExtract_ESS_2026May13.csv,2026-05-13,2026-05-13T15:28:42.873928+00:00,RUN-REAL-ESS-20260513-002
TDY,Teledyne Technologies Inc.,Common Stock,UNKNOWN,29290000000,MID,STARMINE_COVERED,BULLISH,FIDELITY,SecurityExtract_ESS_2026May13.csv,2026-05-13,2026-05-13T15:28:42.873928+00:00,RUN-REAL-ESS-20260513-002
TME,Tencent Music Entertainment Group,Depository Receipt,UNKNOWN,14280000000,MID,STARMINE_COVERED,BULLISH,FIDELITY,SecurityExtract_ESS_2026May13.csv,2026-05-13,2026-05-13T15:28:42.873928+00:00,RUN-REAL-ESS-20260513-002
THC,Tenet Healthcare Corp,Common Stock,UNKNOWN,16870000000,MID,STARMINE_COVERED,BULLISH,FIDELITY,SecurityExtract_ESS_2026May13.csv,2026-05-13,2026-05-13T15:28:42.873928+00:00,RUN-REAL-ESS-20260513-002
TDC,Teradata Corporation,Common Stock,UNKNOWN,2990000000,MICRO,STARMINE_COVERED,BULLISH,FIDELITY,SecurityExtract_ESS_2026May13.csv,2026-05-13,2026-05-13T15:28:42.873928+00:00,RUN-REAL-ESS-20260513-002
TER,Teradyne Inc,Common Stock,UNKNOWN,56110000000,MID,STARMINE_COVERED,BULLISH,FIDELITY,SecurityExtract_ESS_2026May13.csv,2026-05-13,2026-05-13T15:28:42.873928+00:00,RUN-REAL-ESS-20260513-002
TEX,Terex Corp,Common Stock,UNKNOWN,7300000000,SMALL,STARMINE_COVERED,BULLISH,FIDELITY,SecurityExtract_ESS_2026May13.csv,2026-05-13,2026-05-13T15:28:42.873928+00:00,RUN-REAL-ESS-20260513-002
TX,Ternium S A,Depository Receipt,UNKNOWN,9120000000,SMALL,STARMINE_COVERED,BULLISH,FIDELITY,SecurityExtract_ESS_2026May13.csv,2026-05-13,2026-05-13T15:28:42.873928+00:00,RUN-REAL-ESS-20260513-002
TRNO,Terreno Realty Corp,Common Stock (REIT),UNKNOWN,7010000000,SMALL,STARMINE_COVERED,BULLISH,FIDELITY,SecurityExtract_ESS_2026May13.csv,2026-05-13,2026-05-13T15:28:42.873928+00:00,RUN-REAL-ESS-20260513-002
TEVA,Teva Pharmaceutical Industries Ltd,Depository Receipt,UNKNOWN,41700000000,MID,STARMINE_COVERED,BULLISH,FIDELITY,SecurityExtract_ESS_2026May13.csv,2026-05-13,2026-05-13T15:28:42.873928+00:00,RUN-REAL-ESS-20260513-002
TCBI,Texas Capital Bancshares Inc,Common Stock,UNKNOWN,4260000000,SMALL,STARMINE_COVERED,BULLISH,FIDELITY,SecurityExtract_ESS_2026May13.csv,2026-05-13,2026-05-13T15:28:42.873928+00:00,RUN-REAL-ESS-20260513-002
THR,Thermon Group Holdings Inc,Common Stock,UNKNOWN,2130000000,MICRO,STARMINE_COVERED,BULLISH,FIDELITY,SecurityExtract_ESS_2026May13.csv,2026-05-13,2026-05-13T15:28:42.873928+00:00,RUN-REAL-ESS-20260513-002
TLYS,Tilly's Inc,Common Stock,UNKNOWN,119210000,MICRO,STARMINE_COVERED,BULLISH,FIDELITY,SecurityExtract_ESS_2026May13.csv,2026-05-13,2026-05-13T15:28:42.873928+00:00,RUN-REAL-ESS-20260513-002
TM,Toyota Motor Corp,Depository Receipt,UNKNOWN,236780000000,LARGE,STARMINE_COVERED,BULLISH,FIDELITY,SecurityExtract_ESS_2026May13.csv,2026-05-13,2026-05-13T15:28:42.873928+00:00,RUN-REAL-ESS-20260513-002
TT,Trane Technologies plc,Common Stock,UNKNOWN,103380000000,LARGE,STARMINE_COVERED,BULLISH,FIDELITY,SecurityExtract_ESS_2026May13.csv,2026-05-13,2026-05-13T15:28:42.873928+00:00,RUN-REAL-ESS-20260513-002
TCBK,TriCo Bancshares,Common Stock,UNKNOWN,1590000000,MICRO,STARMINE_COVERED,BULLISH,FIDELITY,SecurityExtract_ESS_2026May13.csv,2026-05-13,2026-05-13T15:28:42.873928+00:00,RUN-REAL-ESS-20260513-002
TROX,Tronox Holdings plc,Common Stock,UNKNOWN,1400000000,MICRO,STARMINE_COVERED,BULLISH,FIDELITY,SecurityExtract_ESS_2026May13.csv,2026-05-13,2026-05-13T15:28:42.873928+00:00,RUN-REAL-ESS-20260513-002
TFC,Truist Financial Corp,Common Stock,UNKNOWN,59540000000,MID,STARMINE_COVERED,BULLISH,FIDELITY,SecurityExtract_ESS_2026May13.csv,2026-05-13,2026-05-13T15:28:42.873928+00:00,RUN-REAL-ESS-20260513-002
TPC,Tutor Perini Corp,Common Stock,UNKNOWN,4350000000,SMALL,STARMINE_COVERED,BULLISH,FIDELITY,SecurityExtract_ESS_2026May13.csv,2026-05-13,2026-05-13T15:28:42.873928+00:00,RUN-REAL-ESS-20260513-002
TWLO,Twilio Inc,Common Stock,UNKNOWN,29260000000,MID,STARMINE_COVERED,BULLISH,FIDELITY,SecurityExtract_ESS_2026May13.csv,2026-05-13,2026-05-13T15:28:42.873928+00:00,RUN-REAL-ESS-20260513-002
UHAL,U-Haul Holding Co,Common Stock,UNKNOWN,994130000,MICRO,STARMINE_COVERED,BULLISH,FIDELITY,SecurityExtract_ESS_2026May13.csv,2026-05-13,2026-05-13T15:28:42.873928+00:00,RUN-REAL-ESS-20260513-002
UI,Ubiquiti Inc,Common Stock,UNKNOWN,42580000000,MID,STARMINE_COVERED,BULLISH,FIDELITY,SecurityExtract_ESS_2026May13.csv,2026-05-13,2026-05-13T15:28:42.873928+00:00,RUN-REAL-ESS-20260513-002
UDR,UDR Inc,Common Stock (REIT),UNKNOWN,12140000000,SMALL,STARMINE_COVERED,BULLISH,FIDELITY,SecurityExtract_ESS_2026May13.csv,2026-05-13,2026-05-13T15:28:42.873928+00:00,RUN-REAL-ESS-20260513-002
UGI,UGI Corp,Common Stock,UNKNOWN,7080000000,SMALL,STARMINE_COVERED,BULLISH,FIDELITY,SecurityExtract_ESS_2026May13.csv,2026-05-13,2026-05-13T15:28:42.873928+00:00,RUN-REAL-ESS-20260513-002
UMBF,UMB Financial Corp,Common Stock,UNKNOWN,9800000000,SMALL,STARMINE_COVERED,BULLISH,FIDELITY,SecurityExtract_ESS_2026May13.csv,2026-05-13,2026-05-13T15:28:42.873928+00:00,RUN-REAL-ESS-20260513-002
UBSI,United Bankshares Inc,Common Stock,UNKNOWN,5860000000,SMALL,STARMINE_COVERED,BULLISH,FIDELITY,SecurityExtract_ESS_2026May13.csv,2026-05-13,2026-05-13T15:28:42.873928+00:00,RUN-REAL-ESS-20260513-002
UCB,United Community Banks Inc,Common Stock,UNKNOWN,3920000000,SMALL,STARMINE_COVERED,BULLISH,FIDELITY,SecurityExtract_ESS_2026May13.csv,2026-05-13,2026-05-13T15:28:42.873928+00:00,RUN-REAL-ESS-20260513-002
URI,United Rentals Inc.,Common Stock,UNKNOWN,59880000000,MID,STARMINE_COVERED,BULLISH,FIDELITY,SecurityExtract_ESS_2026May13.csv,2026-05-13,2026-05-13T15:28:42.873928+00:00,RUN-REAL-ESS-20260513-002
UTHR,United Therapeutics Corp,Common Stock,UNKNOWN,24690000000,MID,STARMINE_COVERED,BULLISH,FIDELITY,SecurityExtract_ESS_2026May13.csv,2026-05-13,2026-05-13T15:28:42.873928+00:00,RUN-REAL-ESS-20260513-002
ULH,Universal Logistics Holdings Inc,Common Stock,UNKNOWN,320940000,MICRO,STARMINE_COVERED,BULLISH,FIDELITY,SecurityExtract_ESS_2026May13.csv,2026-05-13,2026-05-13T15:28:42.873928+00:00,RUN-REAL-ESS-20260513-002
UPBD,Upbound Group Inc,Common Stock,UNKNOWN,1050000000,MICRO,STARMINE_COVERED,BULLISH,FIDELITY,SecurityExtract_ESS_2026May13.csv,2026-05-13,2026-05-13T15:28:42.873928+00:00,RUN-REAL-ESS-20260513-002
VFC,V.F. Corp,Common Stock,UNKNOWN,6880000000,SMALL,STARMINE_COVERED,BULLISH,FIDELITY,SecurityExtract_ESS_2026May13.csv,2026-05-13,2026-05-13T15:28:42.873928+00:00,RUN-REAL-ESS-20260513-002
VALE,Vale SA,Depository Receipt,UNKNOWN,72630000000,MID,STARMINE_COVERED,BULLISH,FIDELITY,SecurityExtract_ESS_2026May13.csv,2026-05-13,2026-05-13T15:28:42.873928+00:00,RUN-REAL-ESS-20260513-002
VLY,Valley National Bancorp,Common Stock,UNKNOWN,7290000000,SMALL,STARMINE_COVERED,BULLISH,FIDELITY,SecurityExtract_ESS_2026May13.csv,2026-05-13,2026-05-13T15:28:42.873928+00:00,RUN-REAL-ESS-20260513-002
VEEV,Veeva Systems Inc,Common Stock,UNKNOWN,26020000000,MID,STARMINE_COVERED,BULLISH,FIDELITY,SecurityExtract_ESS_2026May13.csv,2026-05-13,2026-05-13T15:28:42.873928+00:00,RUN-REAL-ESS-20260513-002
VRSN,VeriSign Inc,Common Stock,UNKNOWN,26010000000,MID,STARMINE_COVERED,BULLISH,FIDELITY,SecurityExtract_ESS_2026May13.csv,2026-05-13,2026-05-13T15:28:42.873928+00:00,RUN-REAL-ESS-20260513-002
VRT,Vertiv Holdings Co,Common Stock,UNKNOWN,141020000000,LARGE,STARMINE_COVERED,BULLISH,FIDELITY,SecurityExtract_ESS_2026May13.csv,2026-05-13,2026-05-13T15:28:42.873928+00:00,RUN-REAL-ESS-20260513-002
VSAT,ViaSat Inc,Common Stock,UNKNOWN,9640000000,SMALL,STARMINE_COVERED,BULLISH,FIDELITY,SecurityExtract_ESS_2026May13.csv,2026-05-13,2026-05-13T15:28:42.873928+00:00,RUN-REAL-ESS-20260513-002
VTRS,Viatris Inc,Common Stock,UNKNOWN,20000000000,MID,STARMINE_COVERED,BULLISH,FIDELITY,SecurityExtract_ESS_2026May13.csv,2026-05-13,2026-05-13T15:28:42.873928+00:00,RUN-REAL-ESS-20260513-002
VSCO,Victoria's Secret & Co,Common Stock,UNKNOWN,3700000000,SMALL,STARMINE_COVERED,BULLISH,FIDELITY,SecurityExtract_ESS_2026May13.csv,2026-05-13,2026-05-13T15:28:42.873928+00:00,RUN-REAL-ESS-20260513-002
VCTR,Victory Capital Holdings Inc,Common Stock,UNKNOWN,5440000000,SMALL,STARMINE_COVERED,BULLISH,FIDELITY,SecurityExtract_ESS_2026May13.csv,2026-05-13,2026-05-13T15:28:42.873928+00:00,RUN-REAL-ESS-20260513-002
VIRT,Virtu Financial Inc,Common Stock,UNKNOWN,8040000000,SMALL,STARMINE_COVERED,BULLISH,FIDELITY,SecurityExtract_ESS_2026May13.csv,2026-05-13,2026-05-13T15:28:42.873928+00:00,RUN-REAL-ESS-20260513-002
VNO,Vornado Realty Trust,Common Stock (REIT),UNKNOWN,5870000000,SMALL,STARMINE_COVERED,BULLISH,FIDELITY,SecurityExtract_ESS_2026May13.csv,2026-05-13,2026-05-13T15:28:42.873928+00:00,RUN-REAL-ESS-20260513-002
WTI,W&T Offshore Inc,Common Stock,UNKNOWN,626360000,MICRO,STARMINE_COVERED,BULLISH,FIDELITY,SecurityExtract_ESS_2026May13.csv,2026-05-13,2026-05-13T15:28:42.873928+00:00,RUN-REAL-ESS-20260513-002
WPC,W. P. Carey Inc,Common Stock (REIT),UNKNOWN,16650000000,MID,STARMINE_COVERED,BULLISH,FIDELITY,SecurityExtract_ESS_2026May13.csv,2026-05-13,2026-05-13T15:28:42.873928+00:00,RUN-REAL-ESS-20260513-002
WELL,Welltower Inc,Common Stock (REIT),UNKNOWN,153540000000,LARGE,STARMINE_COVERED,BULLISH,FIDELITY,SecurityExtract_ESS_2026May13.csv,2026-05-13,2026-05-13T15:28:42.873928+00:00,RUN-REAL-ESS-20260513-002
WCC,WESCO International Inc,Common Stock,UNKNOWN,17640000000,MID,STARMINE_COVERED,BULLISH,FIDELITY,SecurityExtract_ESS_2026May13.csv,2026-05-13,2026-05-13T15:28:42.873928+00:00,RUN-REAL-ESS-20260513-002
WST,West Pharmaceutical Services Inc.,Common Stock,UNKNOWN,22050000000,MID,STARMINE_COVERED,BULLISH,FIDELITY,SecurityExtract_ESS_2026May13.csv,2026-05-13,2026-05-13T15:28:42.873928+00:00,RUN-REAL-ESS-20260513-002
WDC,Western Digital Corp,Common Stock,UNKNOWN,168460000000,LARGE,STARMINE_COVERED,BULLISH,FIDELITY,SecurityExtract_ESS_2026May13.csv,2026-05-13,2026-05-13T15:28:42.873928+00:00,RUN-REAL-ESS-20260513-002
WEX,WEX Inc,Common Stock,UNKNOWN,4710000000,SMALL,STARMINE_COVERED,BULLISH,FIDELITY,SecurityExtract_ESS_2026May13.csv,2026-05-13,2026-05-13T15:28:42.873928+00:00,RUN-REAL-ESS-20260513-002
WSR,Whitestone REIT,Common Stock (REIT),UNKNOWN,975460000,MICRO,STARMINE_COVERED,BULLISH,FIDELITY,SecurityExtract_ESS_2026May13.csv,2026-05-13,2026-05-13T15:28:42.873928+00:00,RUN-REAL-ESS-20260513-002
WLDN,Willdan Group Inc,Common Stock,UNKNOWN,1400000000,MICRO,STARMINE_COVERED,BULLISH,FIDELITY,SecurityExtract_ESS_2026May13.csv,2026-05-13,2026-05-13T15:28:42.873928+00:00,RUN-REAL-ESS-20260513-002
WMB,Williams Cos Inc. (The),Common Stock,UNKNOWN,91390000000,LARGE,STARMINE_COVERED,BULLISH,FIDELITY,SecurityExtract_ESS_2026May13.csv,2026-05-13,2026-05-13T15:28:42.873928+00:00,RUN-REAL-ESS-20260513-002
WTW,Willis Towers Watson plc,Common Stock,UNKNOWN,23750000000,MID,STARMINE_COVERED,BULLISH,FIDELITY,SecurityExtract_ESS_2026May13.csv,2026-05-13,2026-05-13T15:28:42.873928+00:00,RUN-REAL-ESS-20260513-002
WKC,World Kinect Corp,Common Stock,UNKNOWN,1410000000,MICRO,STARMINE_COVERED,BULLISH,FIDELITY,SecurityExtract_ESS_2026May13.csv,2026-05-13,2026-05-13T15:28:42.873928+00:00,RUN-REAL-ESS-20260513-002
XPEL,XPEL Inc,Common Stock,UNKNOWN,1120000000,MICRO,STARMINE_COVERED,BULLISH,FIDELITY,SecurityExtract_ESS_2026May13.csv,2026-05-13,2026-05-13T15:28:42.873928+00:00,RUN-REAL-ESS-20260513-002
XPO,XPO Inc,Common Stock,UNKNOWN,23010000000,MID,STARMINE_COVERED,BULLISH,FIDELITY,SecurityExtract_ESS_2026May13.csv,2026-05-13,2026-05-13T15:28:42.873928+00:00,RUN-REAL-ESS-20260513-002
ZD,Ziff Davis Inc,Common Stock,UNKNOWN,1500000000,MICRO,STARMINE_COVERED,BULLISH,FIDELITY,SecurityExtract_ESS_2026May13.csv,2026-05-13,2026-05-13T15:28:42.873928+00:00,RUN-REAL-ESS-20260513-002
ZTS,Zoetis Inc,Common Stock,UNKNOWN,32260000000,MID,STARMINE_COVERED,BULLISH,FIDELITY,SecurityExtract_ESS_2026May13.csv,2026-05-13,2026-05-13T15:28:42.873928+00:00,RUN-REAL-ESS-20260513-002
DDD,3D Systems Corp,Common Stock,UNKNOWN,457010000,MICRO,STARMINE_COVERED,NEUTRAL,FIDELITY,SecurityExtract_ESS_2026May13.csv,2026-05-13,2026-05-13T15:28:42.873928+00:00,RUN-REAL-ESS-20260513-002
ATEN,A10 Networks Inc,Common Stock,UNKNOWN,1970000000,MICRO,STARMINE_COVERED,NEUTRAL,FIDELITY,SecurityExtract_ESS_2026May13.csv,2026-05-13,2026-05-13T15:28:42.873928+00:00,RUN-REAL-ESS-20260513-002
ABM,ABM Industries Inc,Common Stock,UNKNOWN,2300000000,MICRO,STARMINE_COVERED,NEUTRAL,FIDELITY,SecurityExtract_ESS_2026May13.csv,2026-05-13,2026-05-13T15:28:42.873928+00:00,RUN-REAL-ESS-20260513-002
ACTG,Acacia Research Corp,Common Stock,UNKNOWN,453000000,MICRO,STARMINE_COVERED,NEUTRAL,FIDELITY,SecurityExtract_ESS_2026May13.csv,2026-05-13,2026-05-13T15:28:42.873928+00:00,RUN-REAL-ESS-20260513-002
ACAD,ACADIA Pharmaceuticals Inc,Common Stock,UNKNOWN,3720000000,SMALL,STARMINE_COVERED,NEUTRAL,FIDELITY,SecurityExtract_ESS_2026May13.csv,2026-05-13,2026-05-13T15:28:42.873928+00:00,RUN-REAL-ESS-20260513-002
ACIW,ACI Worldwide Inc,Common Stock,UNKNOWN,4290000000,SMALL,STARMINE_COVERED,NEUTRAL,FIDELITY,SecurityExtract_ESS_2026May13.csv,2026-05-13,2026-05-13T15:28:42.873928+00:00,RUN-REAL-ESS-20260513-002
AYI,Acuity Inc,Common Stock,UNKNOWN,8730000000,SMALL,STARMINE_COVERED,NEUTRAL,FIDELITY,SecurityExtract_ESS_2026May13.csv,2026-05-13,2026-05-13T15:28:42.873928+00:00,RUN-REAL-ESS-20260513-002
GOLF,Acushnet Holdings Corp,Common Stock,UNKNOWN,4960000000,SMALL,STARMINE_COVERED,NEUTRAL,FIDELITY,SecurityExtract_ESS_2026May13.csv,2026-05-13,2026-05-13T15:28:42.873928+00:00,RUN-REAL-ESS-20260513-002
ADAM,Adamas Trust Inc,Common Stock (REIT),UNKNOWN,797070000,MICRO,STARMINE_COVERED,NEUTRAL,FIDELITY,SecurityExtract_ESS_2026May13.csv,2026-05-13,2026-05-13T15:28:42.873928+00:00,RUN-REAL-ESS-20260513-002
ADTN,ADTRAN Holdings Inc,Common Stock,UNKNOWN,1220000000,MICRO,STARMINE_COVERED,NEUTRAL,FIDELITY,SecurityExtract_ESS_2026May13.csv,2026-05-13,2026-05-13T15:28:42.873928+00:00,RUN-REAL-ESS-20260513-002
AER,AerCap Holdings NV,Common Stock,UNKNOWN,22790000000,MID,STARMINE_COVERED,NEUTRAL,FIDELITY,SecurityExtract_ESS_2026May13.csv,2026-05-13,2026-05-13T15:28:42.873928+00:00,RUN-REAL-ESS-20260513-002
AMG,Affiliated Managers Group Inc.,Common Stock,UNKNOWN,7960000000,SMALL,STARMINE_COVERED,NEUTRAL,FIDELITY,SecurityExtract_ESS_2026May13.csv,2026-05-13,2026-05-13T15:28:42.873928+00:00,RUN-REAL-ESS-20260513-002
AGNC,AGNC Investment Corp,Common Stock (REIT),UNKNOWN,12330000000,SMALL,STARMINE_COVERED,NEUTRAL,FIDELITY,SecurityExtract_ESS_2026May13.csv,2026-05-13,2026-05-13T15:28:42.873928+00:00,RUN-REAL-ESS-20260513-002
ABNB,Airbnb Inc,Common Stock,UNKNOWN,80410000000,MID,STARMINE_COVERED,NEUTRAL,FIDELITY,SecurityExtract_ESS_2026May13.csv,2026-05-13,2026-05-13T15:28:42.873928+00:00,RUN-REAL-ESS-20260513-002
ALG,Alamo Group Inc.,Common Stock,UNKNOWN,1850000000,MICRO,STARMINE_COVERED,NEUTRAL,FIDELITY,SecurityExtract_ESS_2026May13.csv,2026-05-13,2026-05-13T15:28:42.873928+00:00,RUN-REAL-ESS-20260513-002
ALRM,Alarm.com Holdings Inc,Common Stock,UNKNOWN,2080000000,MICRO,STARMINE_COVERED,NEUTRAL,FIDELITY,SecurityExtract_ESS_2026May13.csv,2026-05-13,2026-05-13T15:28:42.873928+00:00,RUN-REAL-ESS-20260513-002
ALB,Albemarle Corp,Common Stock,UNKNOWN,24240000000,MID,STARMINE_COVERED,NEUTRAL,FIDELITY,SecurityExtract_ESS_2026May13.csv,2026-05-13,2026-05-13T15:28:42.873928+00:00,RUN-REAL-ESS-20260513-002
ALC,Alcon Inc,Common Stock,UNKNOWN,31090000000,MID,STARMINE_COVERED,NEUTRAL,FIDELITY,SecurityExtract_ESS_2026May13.csv,2026-05-13,2026-05-13T15:28:42.873928+00:00,RUN-REAL-ESS-20260513-002
ALDX,Aldeyra Therapeutics Inc,Common Stock,UNKNOWN,103150000,MICRO,STARMINE_COVERED,NEUTRAL,FIDELITY,SecurityExtract_ESS_2026May13.csv,2026-05-13,2026-05-13T15:28:42.873928+00:00,RUN-REAL-ESS-20260513-002
ALX,Alexander's Inc.,Common Stock (REIT),UNKNOWN,1190000000,MICRO,STARMINE_COVERED,NEUTRAL,FIDELITY,SecurityExtract_ESS_2026May13.csv,2026-05-13,2026-05-13T15:28:42.873928+00:00,RUN-REAL-ESS-20260513-002
ALSN,Allison Transmission Holdings Inc,Common Stock,UNKNOWN,9940000000,SMALL,STARMINE_COVERED,NEUTRAL,FIDELITY,SecurityExtract_ESS_2026May13.csv,2026-05-13,2026-05-13T15:28:42.873928+00:00,RUN-REAL-ESS-20260513-002
ALT,Altimmune Inc,Common Stock,UNKNOWN,598130000,MICRO,STARMINE_COVERED,NEUTRAL,FIDELITY,SecurityExtract_ESS_2026May13.csv,2026-05-13,2026-05-13T15:28:42.873928+00:00,RUN-REAL-ESS-20260513-002
AMBA,Ambarella Inc,Common Stock,UNKNOWN,3420000000,MICRO,STARMINE_COVERED,NEUTRAL,FIDELITY,SecurityExtract_ESS_2026May13.csv,2026-05-13,2026-05-13T15:28:42.873928+00:00,RUN-REAL-ESS-20260513-002
ABEV,Ambev SA,Depository Receipt,UNKNOWN,50850000000,MID,STARMINE_COVERED,NEUTRAL,FIDELITY,SecurityExtract_ESS_2026May13.csv,2026-05-13,2026-05-13T15:28:42.873928+00:00,RUN-REAL-ESS-20260513-002
DOX,Amdocs Ltd,Common Stock,UNKNOWN,6710000000,SMALL,STARMINE_COVERED,NEUTRAL,FIDELITY,SecurityExtract_ESS_2026May13.csv,2026-05-13,2026-05-13T15:28:42.873928+00:00,RUN-REAL-ESS-20260513-002
AEE,Ameren Corporation,Common Stock,UNKNOWN,30300000000,MID,STARMINE_COVERED,NEUTRAL,FIDELITY,SecurityExtract_ESS_2026May13.csv,2026-05-13,2026-05-13T15:28:42.873928+00:00,RUN-REAL-ESS-20260513-002
AVD,American Vanguard Corp,Common Stock,UNKNOWN,83820000,MICRO,STARMINE_COVERED,NEUTRAL,FIDELITY,SecurityExtract_ESS_2026May13.csv,2026-05-13,2026-05-13T15:28:42.873928+00:00,RUN-REAL-ESS-20260513-002
AMGN,Amgen Inc,Common Stock,UNKNOWN,181500000000,LARGE,STARMINE_COVERED,NEUTRAL,FIDELITY,SecurityExtract_ESS_2026May13.csv,2026-05-13,2026-05-13T15:28:42.873928+00:00,RUN-REAL-ESS-20260513-002
AVXL,Anavex Life Sciences Corp,Common Stock,UNKNOWN,283580000,MICRO,STARMINE_COVERED,NEUTRAL,FIDELITY,SecurityExtract_ESS_2026May13.csv,2026-05-13,2026-05-13T15:28:42.873928+00:00,RUN-REAL-ESS-20260513-002
BUD,Anheuser-Busch InBev SA/NV,Depository Receipt,UNKNOWN,137970000000,LARGE,STARMINE_COVERED,NEUTRAL,FIDELITY,SecurityExtract_ESS_2026May13.csv,2026-05-13,2026-05-13T15:28:42.873928+00:00,RUN-REAL-ESS-20260513-002
AR,Antero Resources Corporation,Common Stock,UNKNOWN,11260000000,SMALL,STARMINE_COVERED,NEUTRAL,FIDELITY,SecurityExtract_ESS_2026May13.csv,2026-05-13,2026-05-13T15:28:42.873928+00:00,RUN-REAL-ESS-20260513-002
APOG,Apogee Enterprises Inc,Common Stock,UNKNOWN,755890000,MICRO,STARMINE_COVERED,NEUTRAL,FIDELITY,SecurityExtract_ESS_2026May13.csv,2026-05-13,2026-05-13T15:28:42.873928+00:00,RUN-REAL-ESS-20260513-002
ARI,Apollo Commercial Real Estate Finance Inc,Common Stock (REIT),UNKNOWN,1430000000,MICRO,STARMINE_COVERED,NEUTRAL,FIDELITY,SecurityExtract_ESS_2026May13.csv,2026-05-13,2026-05-13T15:28:42.873928+00:00,RUN-REAL-ESS-20260513-002
APLE,Apple Hospitality REIT Inc,Common Stock (REIT),UNKNOWN,3260000000,MICRO,STARMINE_COVERED,NEUTRAL,FIDELITY,SecurityExtract_ESS_2026May13.csv,2026-05-13,2026-05-13T15:28:42.873928+00:00,RUN-REAL-ESS-20260513-002
ABR,Arbor Realty Trust Inc.,Common Stock (REIT),UNKNOWN,1130000000,MICRO,STARMINE_COVERED,NEUTRAL,FIDELITY,SecurityExtract_ESS_2026May13.csv,2026-05-13,2026-05-13T15:28:42.873928+00:00,RUN-REAL-ESS-20260513-002
ACRE,Ares Commercial Real Estate Corp,Common Stock (REIT),UNKNOWN,269640000,MICRO,STARMINE_COVERED,NEUTRAL,FIDELITY,SecurityExtract_ESS_2026May13.csv,2026-05-13,2026-05-13T15:28:42.873928+00:00,RUN-REAL-ESS-20260513-002
APAM,Artisan Partners Asset Management Inc,Common Stock,UNKNOWN,2990000000,MICRO,STARMINE_COVERED,NEUTRAL,FIDELITY,SecurityExtract_ESS_2026May13.csv,2026-05-13,2026-05-13T15:28:42.873928+00:00,RUN-REAL-ESS-20260513-002
ABG,Asbury Automotive Group Inc,Common Stock,UNKNOWN,3610000000,SMALL,STARMINE_COVERED,NEUTRAL,FIDELITY,SecurityExtract_ESS_2026May13.csv,2026-05-13,2026-05-13T15:28:42.873928+00:00,RUN-REAL-ESS-20260513-002
ASND,Ascendis Pharma AS,Common Stock,UNKNOWN,14760000000,MID,STARMINE_COVERED,NEUTRAL,FIDELITY,SecurityExtract_ESS_2026May13.csv,2026-05-13,2026-05-13T15:28:42.873928+00:00,RUN-REAL-ESS-20260513-002
ASUR,Asure Software Inc,Common Stock,UNKNOWN,246090000,MICRO,STARMINE_COVERED,NEUTRAL,FIDELITY,SecurityExtract_ESS_2026May13.csv,2026-05-13,2026-05-13T15:28:42.873928+00:00,RUN-REAL-ESS-20260513-002
AUB,Atlantic Union Bankshares Corp,Common Stock,UNKNOWN,5300000000,SMALL,STARMINE_COVERED,NEUTRAL,FIDELITY,SecurityExtract_ESS_2026May13.csv,2026-05-13,2026-05-13T15:28:42.873928+00:00,RUN-REAL-ESS-20260513-002
ATMU,Atmus Filtration Technologies Inc,Common Stock,UNKNOWN,4530000000,SMALL,STARMINE_COVERED,NEUTRAL,FIDELITY,SecurityExtract_ESS_2026May13.csv,2026-05-13,2026-05-13T15:28:42.873928+00:00,RUN-REAL-ESS-20260513-002
ADP,Automatic Data Processing Inc,Common Stock,UNKNOWN,85470000000,LARGE,STARMINE_COVERED,NEUTRAL,FIDELITY,SecurityExtract_ESS_2026May13.csv,2026-05-13,2026-05-13T15:28:42.873928+00:00,RUN-REAL-ESS-20260513-002
ACLS,Axcelis Technologies Inc.,Common Stock,UNKNOWN,4970000000,SMALL,STARMINE_COVERED,NEUTRAL,FIDELITY,SecurityExtract_ESS_2026May13.csv,2026-05-13,2026-05-13T15:28:42.873928+00:00,RUN-REAL-ESS-20260513-002
BTG,B2Gold Corp,Common Stock,UNKNOWN,7180000000,SMALL,STARMINE_COVERED,NEUTRAL,FIDELITY,SecurityExtract_ESS_2026May13.csv,2026-05-13,2026-05-13T15:28:42.873928+00:00,RUN-REAL-ESS-20260513-002
BMI,Badger Meter Inc.,Common Stock,UNKNOWN,3360000000,MICRO,STARMINE_COVERED,NEUTRAL,FIDELITY,SecurityExtract_ESS_2026May13.csv,2026-05-13,2026-05-13T15:28:42.873928+00:00,RUN-REAL-ESS-20260513-002
BCPC,Balchem Corp,Common Stock,UNKNOWN,5120000000,SMALL,STARMINE_COVERED,NEUTRAL,FIDELITY,SecurityExtract_ESS_2026May13.csv,2026-05-13,2026-05-13T15:28:42.873928+00:00,RUN-REAL-ESS-20260513-002
BANC,Banc of California Inc,Common Stock,UNKNOWN,2960000000,MICRO,STARMINE_COVERED,NEUTRAL,FIDELITY,SecurityExtract_ESS_2026May13.csv,2026-05-13,2026-05-13T15:28:42.873928+00:00,RUN-REAL-ESS-20260513-002
BSBR,Banco Santander Brasil SA,Depository Receipt,UNKNOWN,21500000000,MID,STARMINE_COVERED,NEUTRAL,FIDELITY,SecurityExtract_ESS_2026May13.csv,2026-05-13,2026-05-13T15:28:42.873928+00:00,RUN-REAL-ESS-20260513-002
BANR,Banner Corp,Common Stock,UNKNOWN,2190000000,MICRO,STARMINE_COVERED,NEUTRAL,FIDELITY,SecurityExtract_ESS_2026May13.csv,2026-05-13,2026-05-13T15:28:42.873928+00:00,RUN-REAL-ESS-20260513-002
BCS,Barclays PLC,Depository Receipt,UNKNOWN,77350000000,MID,STARMINE_COVERED,NEUTRAL,FIDELITY,SecurityExtract_ESS_2026May13.csv,2026-05-13,2026-05-13T15:28:42.873928+00:00,RUN-REAL-ESS-20260513-002
BNED,Barnes & Noble Education Inc,Common Stock,UNKNOWN,354960000,MICRO,STARMINE_COVERED,NEUTRAL,FIDELITY,SecurityExtract_ESS_2026May13.csv,2026-05-13,2026-05-13T15:28:42.873928+00:00,RUN-REAL-ESS-20260513-002
B,Barrick Mining Corporation,Common Stock,UNKNOWN,76820000000,MID,STARMINE_COVERED,NEUTRAL,FIDELITY,SecurityExtract_ESS_2026May13.csv,2026-05-13,2026-05-13T15:28:42.873928+00:00,RUN-REAL-ESS-20260513-002
BCE,BCE Inc.,Common Stock,UNKNOWN,22820000000,MID,STARMINE_COVERED,NEUTRAL,FIDELITY,SecurityExtract_ESS_2026May13.csv,2026-05-13,2026-05-13T15:28:42.873928+00:00,RUN-REAL-ESS-20260513-002
BDX,Becton Dickinson and Co,Common Stock,UNKNOWN,40640000000,MID,STARMINE_COVERED,NEUTRAL,FIDELITY,SecurityExtract_ESS_2026May13.csv,2026-05-13,2026-05-13T15:28:42.873928+00:00,RUN-REAL-ESS-20260513-002
BGC,BGC Group Inc,Common Stock,UNKNOWN,5280000000,SMALL,STARMINE_COVERED,NEUTRAL,FIDELITY,SecurityExtract_ESS_2026May13.csv,2026-05-13,2026-05-13T15:28:42.873928+00:00,RUN-REAL-ESS-20260513-002
BJ,BJ's Wholesale Club Holdings Inc,Common Stock,UNKNOWN,11750000000,SMALL,STARMINE_COVERED,NEUTRAL,FIDELITY,SecurityExtract_ESS_2026May13.csv,2026-05-13,2026-05-13T15:28:42.873928+00:00,RUN-REAL-ESS-20260513-002
BA,Boeing Co,Common Stock,UNKNOWN,186730000000,LARGE,STARMINE_COVERED,NEUTRAL,FIDELITY,SecurityExtract_ESS_2026May13.csv,2026-05-13,2026-05-13T15:28:42.873928+00:00,RUN-REAL-ESS-20260513-002
BOKF,BOK Financial Corp,Common Stock,UNKNOWN,7840000000,SMALL,STARMINE_COVERED,NEUTRAL,FIDELITY,SecurityExtract_ESS_2026May13.csv,2026-05-13,2026-05-13T15:28:42.873928+00:00,RUN-REAL-ESS-20260513-002
BDN,Brandywine Realty Trust,Common Stock (REIT),UNKNOWN,528080000,MICRO,STARMINE_COVERED,NEUTRAL,FIDELITY,SecurityExtract_ESS_2026May13.csv,2026-05-13,2026-05-13T15:28:42.873928+00:00,RUN-REAL-ESS-20260513-002
BTSG,BrightSpring Health Services Inc,Common Stock,UNKNOWN,10760000000,SMALL,STARMINE_COVERED,NEUTRAL,FIDELITY,SecurityExtract_ESS_2026May13.csv,2026-05-13,2026-05-13T15:28:42.873928+00:00,RUN-REAL-ESS-20260513-002
EAT,Brinker International Inc.,Common Stock,UNKNOWN,5800000000,SMALL,STARMINE_COVERED,NEUTRAL,FIDELITY,SecurityExtract_ESS_2026May13.csv,2026-05-13,2026-05-13T15:28:42.873928+00:00,RUN-REAL-ESS-20260513-002
BNL,Broadstone Net Lease Inc,Common Stock,UNKNOWN,3840000000,SMALL,STARMINE_COVERED,NEUTRAL,FIDELITY,SecurityExtract_ESS_2026May13.csv,2026-05-13,2026-05-13T15:28:42.873928+00:00,RUN-REAL-ESS-20260513-002
BRO,Brown & Brown Inc,Common Stock,UNKNOWN,18900000000,MID,STARMINE_COVERED,NEUTRAL,FIDELITY,SecurityExtract_ESS_2026May13.csv,2026-05-13,2026-05-13T15:28:42.873928+00:00,RUN-REAL-ESS-20260513-002
BKE,Buckle Inc (The),Common Stock,UNKNOWN,2540000000,MICRO,STARMINE_COVERED,NEUTRAL,FIDELITY,SecurityExtract_ESS_2026May13.csv,2026-05-13,2026-05-13T15:28:42.873928+00:00,RUN-REAL-ESS-20260513-002
BBW,Build-A-Bear Workshop Inc,Common Stock,UNKNOWN,454390000,MICRO,STARMINE_COVERED,NEUTRAL,FIDELITY,SecurityExtract_ESS_2026May13.csv,2026-05-13,2026-05-13T15:28:42.873928+00:00,RUN-REAL-ESS-20260513-002
BWXT,BWX Technologies Inc,Common Stock,UNKNOWN,18950000000,MID,STARMINE_COVERED,NEUTRAL,FIDELITY,SecurityExtract_ESS_2026May13.csv,2026-05-13,2026-05-13T15:28:42.873928+00:00,RUN-REAL-ESS-20260513-002
BYRN,Byrna Technologies Inc,Common Stock,UNKNOWN,115020000,MICRO,STARMINE_COVERED,NEUTRAL,FIDELITY,SecurityExtract_ESS_2026May13.csv,2026-05-13,2026-05-13T15:28:42.873928+00:00,RUN-REAL-ESS-20260513-002
WHD,Cactus Inc,Common Stock,UNKNOWN,4590000000,SMALL,STARMINE_COVERED,NEUTRAL,FIDELITY,SecurityExtract_ESS_2026May13.csv,2026-05-13,2026-05-13T15:28:42.873928+00:00,RUN-REAL-ESS-20260513-002
CCBG,Capital City Bank Group Inc,Common Stock,UNKNOWN,785790000,MICRO,STARMINE_COVERED,NEUTRAL,FIDELITY,SecurityExtract_ESS_2026May13.csv,2026-05-13,2026-05-13T15:28:42.873928+00:00,RUN-REAL-ESS-20260513-002
CARG,CarGurus Inc,Common Stock,UNKNOWN,2850000000,MICRO,STARMINE_COVERED,NEUTRAL,FIDELITY,SecurityExtract_ESS_2026May13.csv,2026-05-13,2026-05-13T15:28:42.873928+00:00,RUN-REAL-ESS-20260513-002
CARR,Carrier Global Corp,Common Stock,UNKNOWN,54450000000,MID,STARMINE_COVERED,NEUTRAL,FIDELITY,SecurityExtract_ESS_2026May13.csv,2026-05-13,2026-05-13T15:28:42.873928+00:00,RUN-REAL-ESS-20260513-002
CASS,Cass Information Systems Inc,Common Stock,UNKNOWN,592320000,MICRO,STARMINE_COVERED,NEUTRAL,FIDELITY,SecurityExtract_ESS_2026May13.csv,2026-05-13,2026-05-13T15:28:42.873928+00:00,RUN-REAL-ESS-20260513-002
CAT,Caterpillar Inc,Common Stock,UNKNOWN,420120000000,LARGE,STARMINE_COVERED,NEUTRAL,FIDELITY,SecurityExtract_ESS_2026May13.csv,2026-05-13,2026-05-13T15:28:42.873928+00:00,RUN-REAL-ESS-20260513-002
CAVA,CAVA Group Inc,Common Stock,UNKNOWN,8980000000,SMALL,STARMINE_COVERED,NEUTRAL,FIDELITY,SecurityExtract_ESS_2026May13.csv,2026-05-13,2026-05-13T15:28:42.873928+00:00,RUN-REAL-ESS-20260513-002
CELC,Celcuity Inc,Common Stock,UNKNOWN,6030000000,SMALL,STARMINE_COVERED,NEUTRAL,FIDELITY,SecurityExtract_ESS_2026May13.csv,2026-05-13,2026-05-13T15:28:42.873928+00:00,RUN-REAL-ESS-20260513-002
CLS,Celestica Inc,Common Stock,UNKNOWN,43010000000,MID,STARMINE_COVERED,NEUTRAL,FIDELITY,SecurityExtract_ESS_2026May13.csv,2026-05-13,2026-05-13T15:28:42.873928+00:00,RUN-REAL-ESS-20260513-002
CPF,Central Pacific Financial Corp.,Common Stock,UNKNOWN,890310000,MICRO,STARMINE_COVERED,NEUTRAL,FIDELITY,SecurityExtract_ESS_2026May13.csv,2026-05-13,2026-05-13T15:28:42.873928+00:00,RUN-REAL-ESS-20260513-002
CENX,Century Aluminum Co,Common Stock,UNKNOWN,6260000000,SMALL,STARMINE_COVERED,NEUTRAL,FIDELITY,SecurityExtract_ESS_2026May13.csv,2026-05-13,2026-05-13T15:28:42.873928+00:00,RUN-REAL-ESS-20260513-002
CRNT,Ceragon Networks Ltd,Common Stock,UNKNOWN,229960000,MICRO,STARMINE_COVERED,NEUTRAL,FIDELITY,SecurityExtract_ESS_2026May13.csv,2026-05-13,2026-05-13T15:28:42.873928+00:00,RUN-REAL-ESS-20260513-002
SKY,Champion Homes Inc,Common Stock,UNKNOWN,3810000000,SMALL,STARMINE_COVERED,NEUTRAL,FIDELITY,SecurityExtract_ESS_2026May13.csv,2026-05-13,2026-05-13T15:28:42.873928+00:00,RUN-REAL-ESS-20260513-002
CVX,Chevron Corp,Common Stock,UNKNOWN,370340000000,LARGE,STARMINE_COVERED,NEUTRAL,FIDELITY,SecurityExtract_ESS_2026May13.csv,2026-05-13,2026-05-13T15:28:42.873928+00:00,RUN-REAL-ESS-20260513-002
CHH,Choice Hotels International Inc.,Common Stock,UNKNOWN,4800000000,SMALL,STARMINE_COVERED,NEUTRAL,FIDELITY,SecurityExtract_ESS_2026May13.csv,2026-05-13,2026-05-13T15:28:42.873928+00:00,RUN-REAL-ESS-20260513-002
CB,Chubb Ltd,Common Stock,UNKNOWN,124910000000,LARGE,STARMINE_COVERED,NEUTRAL,FIDELITY,SecurityExtract_ESS_2026May13.csv,2026-05-13,2026-05-13T15:28:42.873928+00:00,RUN-REAL-ESS-20260513-002
CHT,Chunghwa Telecom Co Ltd,Depository Receipt,UNKNOWN,33610000000,MID,STARMINE_COVERED,NEUTRAL,FIDELITY,SecurityExtract_ESS_2026May13.csv,2026-05-13,2026-05-13T15:28:42.873928+00:00,RUN-REAL-ESS-20260513-002
CMPR,Cimpress PLC,Common Stock,UNKNOWN,2220000000,MICRO,STARMINE_COVERED,NEUTRAL,FIDELITY,SecurityExtract_ESS_2026May13.csv,2026-05-13,2026-05-13T15:28:42.873928+00:00,RUN-REAL-ESS-20260513-002
CZWI,Citizens Community Bancorp Inc,Common Stock,UNKNOWN,202520000,MICRO,STARMINE_COVERED,NEUTRAL,FIDELITY,SecurityExtract_ESS_2026May13.csv,2026-05-13,2026-05-13T15:28:42.873928+00:00,RUN-REAL-ESS-20260513-002
CHCO,City Holding Co,Common Stock,UNKNOWN,1720000000,MICRO,STARMINE_COVERED,NEUTRAL,FIDELITY,SecurityExtract_ESS_2026May13.csv,2026-05-13,2026-05-13T15:28:42.873928+00:00,RUN-REAL-ESS-20260513-002
CTSH,Cognizant Technology Solutions Corp,Common Stock,UNKNOWN,22620000000,MID,STARMINE_COVERED,NEUTRAL,FIDELITY,SecurityExtract_ESS_2026May13.csv,2026-05-13,2026-05-13T15:28:42.873928+00:00,RUN-REAL-ESS-20260513-002
CNS,Cohen & Steers Inc,Common Stock,UNKNOWN,3710000000,SMALL,STARMINE_COVERED,NEUTRAL,FIDELITY,SecurityExtract_ESS_2026May13.csv,2026-05-13,2026-05-13T15:28:42.873928+00:00,RUN-REAL-ESS-20260513-002
FIX,Comfort Systems USA Inc,Common Stock,UNKNOWN,70980000000,MID,STARMINE_COVERED,NEUTRAL,FIDELITY,SecurityExtract_ESS_2026May13.csv,2026-05-13,2026-05-13T15:28:42.873928+00:00,RUN-REAL-ESS-20260513-002
CBSH,Commerce Bancshares Inc,Common Stock,UNKNOWN,7460000000,SMALL,STARMINE_COVERED,NEUTRAL,FIDELITY,SecurityExtract_ESS_2026May13.csv,2026-05-13,2026-05-13T15:28:42.873928+00:00,RUN-REAL-ESS-20260513-002
CHCT,Community Healthcare Trust Inc,Common Stock (REIT),UNKNOWN,486300000,MICRO,STARMINE_COVERED,NEUTRAL,FIDELITY,SecurityExtract_ESS_2026May13.csv,2026-05-13,2026-05-13T15:28:42.873928+00:00,RUN-REAL-ESS-20260513-002
CMP,Compass Minerals International Inc,Common Stock,UNKNOWN,1230000000,MICRO,STARMINE_COVERED,NEUTRAL,FIDELITY,SecurityExtract_ESS_2026May13.csv,2026-05-13,2026-05-13T15:28:42.873928+00:00,RUN-REAL-ESS-20260513-002
CMTL,Comtech Telecommunications Corp.,Common Stock,UNKNOWN,108630000,MICRO,STARMINE_COVERED,NEUTRAL,FIDELITY,SecurityExtract_ESS_2026May13.csv,2026-05-13,2026-05-13T15:28:42.873928+00:00,RUN-REAL-ESS-20260513-002
COO,Cooper Cos Inc (The),Common Stock,UNKNOWN,11700000000,SMALL,STARMINE_COVERED,NEUTRAL,FIDELITY,SecurityExtract_ESS_2026May13.csv,2026-05-13,2026-05-13T15:28:42.873928+00:00,RUN-REAL-ESS-20260513-002
CMT,Core Molding Technologies Inc.,Common Stock,UNKNOWN,209020000,MICRO,STARMINE_COVERED,NEUTRAL,FIDELITY,SecurityExtract_ESS_2026May13.csv,2026-05-13,2026-05-13T15:28:42.873928+00:00,RUN-REAL-ESS-20260513-002
CPAY,Corpay Inc,Common Stock,UNKNOWN,22110000000,MID,STARMINE_COVERED,NEUTRAL,FIDELITY,SecurityExtract_ESS_2026May13.csv,2026-05-13,2026-05-13T15:28:42.873928+00:00,RUN-REAL-ESS-20260513-002
CROX,Crocs Inc,Common Stock,UNKNOWN,4940000000,SMALL,STARMINE_COVERED,NEUTRAL,FIDELITY,SecurityExtract_ESS_2026May13.csv,2026-05-13,2026-05-13T15:28:42.873928+00:00,RUN-REAL-ESS-20260513-002
CCRN,Cross Country Healthcare Inc,Common Stock,UNKNOWN,406820000,MICRO,STARMINE_COVERED,NEUTRAL,FIDELITY,SecurityExtract_ESS_2026May13.csv,2026-05-13,2026-05-13T15:28:42.873928+00:00,RUN-REAL-ESS-20260513-002
CVI,CVR Energy Inc,Common Stock,UNKNOWN,3460000000,MICRO,STARMINE_COVERED,NEUTRAL,FIDELITY,SecurityExtract_ESS_2026May13.csv,2026-05-13,2026-05-13T15:28:42.873928+00:00,RUN-REAL-ESS-20260513-002
CVS,CVS Health Corp,Common Stock,UNKNOWN,121400000000,LARGE,STARMINE_COVERED,NEUTRAL,FIDELITY,SecurityExtract_ESS_2026May13.csv,2026-05-13,2026-05-13T15:28:42.873928+00:00,RUN-REAL-ESS-20260513-002
QBTS,D-Wave Quantum Inc,Common Stock,UNKNOWN,8280000000,SMALL,STARMINE_COVERED,NEUTRAL,FIDELITY,SecurityExtract_ESS_2026May13.csv,2026-05-13,2026-05-13T15:28:42.873928+00:00,RUN-REAL-ESS-20260513-002
DNLI,Denali Therapeutics Inc,Common Stock,UNKNOWN,3090000000,MICRO,STARMINE_COVERED,NEUTRAL,FIDELITY,SecurityExtract_ESS_2026May13.csv,2026-05-13,2026-05-13T15:28:42.873928+00:00,RUN-REAL-ESS-20260513-002
DXCM,DexCom Inc,Common Stock,UNKNOWN,23590000000,MID,STARMINE_COVERED,NEUTRAL,FIDELITY,SecurityExtract_ESS_2026May13.csv,2026-05-13,2026-05-13T15:28:42.873928+00:00,RUN-REAL-ESS-20260513-002
DHT,DHT Holdings Inc,Common Stock,UNKNOWN,3010000000,MICRO,STARMINE_COVERED,NEUTRAL,FIDELITY,SecurityExtract_ESS_2026May13.csv,2026-05-13,2026-05-13T15:28:42.873928+00:00,RUN-REAL-ESS-20260513-002
DBD,Diebold Nixdorf Inc,Common Stock,UNKNOWN,2610000000,MICRO,STARMINE_COVERED,NEUTRAL,FIDELITY,SecurityExtract_ESS_2026May13.csv,2026-05-13,2026-05-13T15:28:42.873928+00:00,RUN-REAL-ESS-20260513-002
DBRG,DigitalBridge Group Inc,Common Stock,UNKNOWN,2850000000,MICRO,STARMINE_COVERED,NEUTRAL,FIDELITY,SecurityExtract_ESS_2026May13.csv,2026-05-13,2026-05-13T15:28:42.873928+00:00,RUN-REAL-ESS-20260513-002
DG,Dollar General Corporation,Common Stock,UNKNOWN,22680000000,MID,STARMINE_COVERED,NEUTRAL,FIDELITY,SecurityExtract_ESS_2026May13.csv,2026-05-13,2026-05-13T15:28:42.873928+00:00,RUN-REAL-ESS-20260513-002
DFIN,Donnelley Financial Solutions Inc,Common Stock,UNKNOWN,1010000000,MICRO,STARMINE_COVERED,NEUTRAL,FIDELITY,SecurityExtract_ESS_2026May13.csv,2026-05-13,2026-05-13T15:28:42.873928+00:00,RUN-REAL-ESS-20260513-002
DV,DoubleVerify Holdings Inc,Common Stock,UNKNOWN,1540000000,MICRO,STARMINE_COVERED,NEUTRAL,FIDELITY,SecurityExtract_ESS_2026May13.csv,2026-05-13,2026-05-13T15:28:42.873928+00:00,RUN-REAL-ESS-20260513-002
DEI,Douglas Emmett Inc,Common Stock (REIT),UNKNOWN,2000000000,MICRO,STARMINE_COVERED,NEUTRAL,FIDELITY,SecurityExtract_ESS_2026May13.csv,2026-05-13,2026-05-13T15:28:42.873928+00:00,RUN-REAL-ESS-20260513-002
DOCS,Doximity Inc,Common Stock,UNKNOWN,4890000000,SMALL,STARMINE_COVERED,NEUTRAL,FIDELITY,SecurityExtract_ESS_2026May13.csv,2026-05-13,2026-05-13T15:28:42.873928+00:00,RUN-REAL-ESS-20260513-002
DD,DuPont  De Nemours Inc,Common Stock,UNKNOWN,20720000000,MID,STARMINE_COVERED,NEUTRAL,FIDELITY,SecurityExtract_ESS_2026May13.csv,2026-05-13,2026-05-13T15:28:42.873928+00:00,RUN-REAL-ESS-20260513-002
BROS,Dutch Bros Inc,Common Stock,UNKNOWN,8850000000,SMALL,STARMINE_COVERED,NEUTRAL,FIDELITY,SecurityExtract_ESS_2026May13.csv,2026-05-13,2026-05-13T15:28:42.873928+00:00,RUN-REAL-ESS-20260513-002
EMN,Eastman Chemical Co,Common Stock,UNKNOWN,8490000000,SMALL,STARMINE_COVERED,NEUTRAL,FIDELITY,SecurityExtract_ESS_2026May13.csv,2026-05-13,2026-05-13T15:28:42.873928+00:00,RUN-REAL-ESS-20260513-002
EBAY,eBay Inc.,Common Stock,UNKNOWN,49020000000,MID,STARMINE_COVERED,NEUTRAL,FIDELITY,SecurityExtract_ESS_2026May13.csv,2026-05-13,2026-05-13T15:28:42.873928+00:00,RUN-REAL-ESS-20260513-002
LOCO,El Pollo Loco Holdings Inc,Common Stock,UNKNOWN,412360000,MICRO,STARMINE_COVERED,NEUTRAL,FIDELITY,SecurityExtract_ESS_2026May13.csv,2026-05-13,2026-05-13T15:28:42.873928+00:00,RUN-REAL-ESS-20260513-002
EMR,Emerson Electric Co.,Common Stock,UNKNOWN,76890000000,MID,STARMINE_COVERED,NEUTRAL,FIDELITY,SecurityExtract_ESS_2026May13.csv,2026-05-13,2026-05-13T15:28:42.873928+00:00,RUN-REAL-ESS-20260513-002
ESRT,Empire State Realty Trust Inc,Common Stock (REIT),UNKNOWN,958710000,MICRO,STARMINE_COVERED,NEUTRAL,FIDELITY,SecurityExtract_ESS_2026May13.csv,2026-05-13,2026-05-13T15:28:42.873928+00:00,RUN-REAL-ESS-20260513-002
ECPG,Encore Capital Group Inc,Common Stock,UNKNOWN,1750000000,MICRO,STARMINE_COVERED,NEUTRAL,FIDELITY,SecurityExtract_ESS_2026May13.csv,2026-05-13,2026-05-13T15:28:42.873928+00:00,RUN-REAL-ESS-20260513-002
ENSG,Ensign Group Inc (The),Common Stock,UNKNOWN,10290000000,SMALL,STARMINE_COVERED,NEUTRAL,FIDELITY,SecurityExtract_ESS_2026May13.csv,2026-05-13,2026-05-13T15:28:42.873928+00:00,RUN-REAL-ESS-20260513-002
EFSC,Enterprise Financial Services Corp,Common Stock,UNKNOWN,2160000000,MICRO,STARMINE_COVERED,NEUTRAL,FIDELITY,SecurityExtract_ESS_2026May13.csv,2026-05-13,2026-05-13T15:28:42.873928+00:00,RUN-REAL-ESS-20260513-002
NVRI,Enviri Corp,Common Stock,UNKNOWN,1630000000,MICRO,STARMINE_COVERED,NEUTRAL,FIDELITY,SecurityExtract_ESS_2026May13.csv,2026-05-13,2026-05-13T15:28:42.873928+00:00,RUN-REAL-ESS-20260513-002
EQIX,Equinix Inc,Common Stock (REIT),UNKNOWN,106580000000,LARGE,STARMINE_COVERED,NEUTRAL,FIDELITY,SecurityExtract_ESS_2026May13.csv,2026-05-13,2026-05-13T15:28:42.873928+00:00,RUN-REAL-ESS-20260513-002
EVRG,Evergy Inc,Common Stock,UNKNOWN,19200000000,MID,STARMINE_COVERED,NEUTRAL,FIDELITY,SecurityExtract_ESS_2026May13.csv,2026-05-13,2026-05-13T15:28:42.873928+00:00,RUN-REAL-ESS-20260513-002
EVER,EverQuote Inc,Common Stock,UNKNOWN,676330000,MICRO,STARMINE_COVERED,NEUTRAL,FIDELITY,SecurityExtract_ESS_2026May13.csv,2026-05-13,2026-05-13T15:28:42.873928+00:00,RUN-REAL-ESS-20260513-002
EVTC,EVERTEC Inc,Common Stock,UNKNOWN,1480000000,MICRO,STARMINE_COVERED,NEUTRAL,FIDELITY,SecurityExtract_ESS_2026May13.csv,2026-05-13,2026-05-13T15:28:42.873928+00:00,RUN-REAL-ESS-20260513-002
EXLS,ExlService Holdings Inc,Common Stock,UNKNOWN,4540000000,SMALL,STARMINE_COVERED,NEUTRAL,FIDELITY,SecurityExtract_ESS_2026May13.csv,2026-05-13,2026-05-13T15:28:42.873928+00:00,RUN-REAL-ESS-20260513-002
EXPE,Expedia Group Inc,Common Stock,UNKNOWN,26580000000,MID,STARMINE_COVERED,NEUTRAL,FIDELITY,SecurityExtract_ESS_2026May13.csv,2026-05-13,2026-05-13T15:28:42.873928+00:00,RUN-REAL-ESS-20260513-002
FDS,FactSet Research Systems Inc.,Common Stock,UNKNOWN,7870000000,SMALL,STARMINE_COVERED,NEUTRAL,FIDELITY,SecurityExtract_ESS_2026May13.csv,2026-05-13,2026-05-13T15:28:42.873928+00:00,RUN-REAL-ESS-20260513-002
FMAO,Farmers & Merchants Bancorp Inc,Common Stock,UNKNOWN,371050000,MICRO,STARMINE_COVERED,NEUTRAL,FIDELITY,SecurityExtract_ESS_2026May13.csv,2026-05-13,2026-05-13T15:28:42.873928+00:00,RUN-REAL-ESS-20260513-002
FAST,Fastenal Co,Common Stock,UNKNOWN,49730000000,MID,STARMINE_COVERED,NEUTRAL,FIDELITY,SecurityExtract_ESS_2026May13.csv,2026-05-13,2026-05-13T15:28:42.873928+00:00,RUN-REAL-ESS-20260513-002
FATE,Fate Therapeutics Inc,Common Stock,UNKNOWN,261630000,MICRO,STARMINE_COVERED,NEUTRAL,FIDELITY,SecurityExtract_ESS_2026May13.csv,2026-05-13,2026-05-13T15:28:42.873928+00:00,RUN-REAL-ESS-20260513-002
FITB,Fifth Third Bancorp,Common Stock,UNKNOWN,44070000000,MID,STARMINE_COVERED,NEUTRAL,FIDELITY,SecurityExtract_ESS_2026May13.csv,2026-05-13,2026-05-13T15:28:42.873928+00:00,RUN-REAL-ESS-20260513-002
FIGS,FIGS Inc,Common Stock,UNKNOWN,1920000000,MICRO,STARMINE_COVERED,NEUTRAL,FIDELITY,SecurityExtract_ESS_2026May13.csv,2026-05-13,2026-05-13T15:28:42.873928+00:00,RUN-REAL-ESS-20260513-002
FBP,First BanCorp (Puerto Rico),Common Stock,UNKNOWN,3610000000,SMALL,STARMINE_COVERED,NEUTRAL,FIDELITY,SecurityExtract_ESS_2026May13.csv,2026-05-13,2026-05-13T15:28:42.873928+00:00,RUN-REAL-ESS-20260513-002
FCF,First Commonwealth Financial Corp.,Common Stock,UNKNOWN,1860000000,MICRO,STARMINE_COVERED,NEUTRAL,FIDELITY,SecurityExtract_ESS_2026May13.csv,2026-05-13,2026-05-13T15:28:42.873928+00:00,RUN-REAL-ESS-20260513-002
FFBC,First Financial Bancorp.,Common Stock,UNKNOWN,3140000000,MICRO,STARMINE_COVERED,NEUTRAL,FIDELITY,SecurityExtract_ESS_2026May13.csv,2026-05-13,2026-05-13T15:28:42.873928+00:00,RUN-REAL-ESS-20260513-002
THFF,First Financial Corp,Common Stock,UNKNOWN,789870000,MICRO,STARMINE_COVERED,NEUTRAL,FIDELITY,SecurityExtract_ESS_2026May13.csv,2026-05-13,2026-05-13T15:28:42.873928+00:00,RUN-REAL-ESS-20260513-002
FHN,First Horizon Corp,Common Stock,UNKNOWN,11340000000,SMALL,STARMINE_COVERED,NEUTRAL,FIDELITY,SecurityExtract_ESS_2026May13.csv,2026-05-13,2026-05-13T15:28:42.873928+00:00,RUN-REAL-ESS-20260513-002
FSLR,First Solar Inc,Common Stock,UNKNOWN,24510000000,MID,STARMINE_COVERED,NEUTRAL,FIDELITY,SecurityExtract_ESS_2026May13.csv,2026-05-13,2026-05-13T15:28:42.873928+00:00,RUN-REAL-ESS-20260513-002
F,Ford Motor Co,Common Stock,UNKNOWN,47780000000,MID,STARMINE_COVERED,NEUTRAL,FIDELITY,SecurityExtract_ESS_2026May13.csv,2026-05-13,2026-05-13T15:28:42.873928+00:00,RUN-REAL-ESS-20260513-002
FOR,Forestar Group Inc,Common Stock,UNKNOWN,1350000000,MICRO,STARMINE_COVERED,NEUTRAL,FIDELITY,SecurityExtract_ESS_2026May13.csv,2026-05-13,2026-05-13T15:28:42.873928+00:00,RUN-REAL-ESS-20260513-002
FTV,Fortive Corp,Common Stock,UNKNOWN,18370000000,MID,STARMINE_COVERED,NEUTRAL,FIDELITY,SecurityExtract_ESS_2026May13.csv,2026-05-13,2026-05-13T15:28:42.873928+00:00,RUN-REAL-ESS-20260513-002
FTRE,Fortrea Holdings Inc,Common Stock,UNKNOWN,1380000000,MICRO,STARMINE_COVERED,NEUTRAL,FIDELITY,SecurityExtract_ESS_2026May13.csv,2026-05-13,2026-05-13T15:28:42.873928+00:00,RUN-REAL-ESS-20260513-002
BEN,Franklin Resources Inc,Common Stock,UNKNOWN,16460000000,MID,STARMINE_COVERED,NEUTRAL,FIDELITY,SecurityExtract_ESS_2026May13.csv,2026-05-13,2026-05-13T15:28:42.873928+00:00,RUN-REAL-ESS-20260513-002
RAIL,FreightCar America Inc,Common Stock,UNKNOWN,151570000,MICRO,STARMINE_COVERED,NEUTRAL,FIDELITY,SecurityExtract_ESS_2026May13.csv,2026-05-13,2026-05-13T15:28:42.873928+00:00,RUN-REAL-ESS-20260513-002
FDP,Fresh Del Monte Produce Inc.,Common Stock,UNKNOWN,1690000000,MICRO,STARMINE_COVERED,NEUTRAL,FIDELITY,SecurityExtract_ESS_2026May13.csv,2026-05-13,2026-05-13T15:28:42.873928+00:00,RUN-REAL-ESS-20260513-002
FCN,FTI Consulting Inc,Common Stock,UNKNOWN,4560000000,SMALL,STARMINE_COVERED,NEUTRAL,FIDELITY,SecurityExtract_ESS_2026May13.csv,2026-05-13,2026-05-13T15:28:42.873928+00:00,RUN-REAL-ESS-20260513-002
FVCB,FVCBankcorp Inc,Common Stock,UNKNOWN,278770000,MICRO,STARMINE_COVERED,NEUTRAL,FIDELITY,SecurityExtract_ESS_2026May13.csv,2026-05-13,2026-05-13T15:28:42.873928+00:00,RUN-REAL-ESS-20260513-002
GNSS,Genasys Inc,Common Stock,UNKNOWN,87710000,MICRO,STARMINE_COVERED,NEUTRAL,FIDELITY,SecurityExtract_ESS_2026May13.csv,2026-05-13,2026-05-13T15:28:42.873928+00:00,RUN-REAL-ESS-20260513-002
GENC,Gencor Industries Inc,Common Stock,UNKNOWN,222800000,MICRO,STARMINE_COVERED,NEUTRAL,FIDELITY,SecurityExtract_ESS_2026May13.csv,2026-05-13,2026-05-13T15:28:42.873928+00:00,RUN-REAL-ESS-20260513-002
GPN,Global Payments Inc,Common Stock,UNKNOWN,18770000000,MID,STARMINE_COVERED,NEUTRAL,FIDELITY,SecurityExtract_ESS_2026May13.csv,2026-05-13,2026-05-13T15:28:42.873928+00:00,RUN-REAL-ESS-20260513-002
GHC,Graham Holdings Co,Common Stock,UNKNOWN,4780000000,SMALL,STARMINE_COVERED,NEUTRAL,FIDELITY,SecurityExtract_ESS_2026May13.csv,2026-05-13,2026-05-13T15:28:42.873928+00:00,RUN-REAL-ESS-20260513-002
LOPE,Grand Canyon Education Inc,Common Stock,UNKNOWN,4270000000,SMALL,STARMINE_COVERED,NEUTRAL,FIDELITY,SecurityExtract_ESS_2026May13.csv,2026-05-13,2026-05-13T15:28:42.873928+00:00,RUN-REAL-ESS-20260513-002
GRBK,Green Brick Partners Inc,Common Stock,UNKNOWN,2770000000,MICRO,STARMINE_COVERED,NEUTRAL,FIDELITY,SecurityExtract_ESS_2026May13.csv,2026-05-13,2026-05-13T15:28:42.873928+00:00,RUN-REAL-ESS-20260513-002
HBB,Hamilton Beach Brands Holding Co,Common Stock,UNKNOWN,252900000,MICRO,STARMINE_COVERED,NEUTRAL,FIDELITY,SecurityExtract_ESS_2026May13.csv,2026-05-13,2026-05-13T15:28:42.873928+00:00,RUN-REAL-ESS-20260513-002
HAFC,Hanmi Financial Corp,Common Stock,UNKNOWN,874530000,MICRO,STARMINE_COVERED,NEUTRAL,FIDELITY,SecurityExtract_ESS_2026May13.csv,2026-05-13,2026-05-13T15:28:42.873928+00:00,RUN-REAL-ESS-20260513-002
HBIO,Harvard Bioscience Inc,Common Stock,UNKNOWN,24400000,MICRO,STARMINE_COVERED,NEUTRAL,FIDELITY,SecurityExtract_ESS_2026May13.csv,2026-05-13,2026-05-13T15:28:42.873928+00:00,RUN-REAL-ESS-20260513-002
HVT,Haverty Furniture Cos Inc,Common Stock,UNKNOWN,308120000,MICRO,STARMINE_COVERED,NEUTRAL,FIDELITY,SecurityExtract_ESS_2026May13.csv,2026-05-13,2026-05-13T15:28:42.873928+00:00,RUN-REAL-ESS-20260513-002
HBT,HBT Financial Inc,Common Stock,UNKNOWN,997930000,MICRO,STARMINE_COVERED,NEUTRAL,FIDELITY,SecurityExtract_ESS_2026May13.csv,2026-05-13,2026-05-13T15:28:42.873928+00:00,RUN-REAL-ESS-20260513-002
DOC,Healthpeak Properties Inc,Common Stock (REIT),UNKNOWN,13640000000,SMALL,STARMINE_COVERED,NEUTRAL,FIDELITY,SecurityExtract_ESS_2026May13.csv,2026-05-13,2026-05-13T15:28:42.873928+00:00,RUN-REAL-ESS-20260513-002
JKHY,Henry (Jack) & Associates Inc,Common Stock,UNKNOWN,10280000000,SMALL,STARMINE_COVERED,NEUTRAL,FIDELITY,SecurityExtract_ESS_2026May13.csv,2026-05-13,2026-05-13T15:28:42.873928+00:00,RUN-REAL-ESS-20260513-002
HSIC,Henry Schein Inc,Common Stock,UNKNOWN,7900000000,SMALL,STARMINE_COVERED,NEUTRAL,FIDELITY,SecurityExtract_ESS_2026May13.csv,2026-05-13,2026-05-13T15:28:42.873928+00:00,RUN-REAL-ESS-20260513-002
HQI,HireQuest Inc,Common Stock,UNKNOWN,158780000,MICRO,STARMINE_COVERED,NEUTRAL,FIDELITY,SecurityExtract_ESS_2026May13.csv,2026-05-13,2026-05-13T15:28:42.873928+00:00,RUN-REAL-ESS-20260513-002
HBCP,Home Bancorp Inc,Common Stock,UNKNOWN,496230000,MICRO,STARMINE_COVERED,NEUTRAL,FIDELITY,SecurityExtract_ESS_2026May13.csv,2026-05-13,2026-05-13T15:28:42.873928+00:00,RUN-REAL-ESS-20260513-002
HOPE,Hope Bancorp Inc,Common Stock,UNKNOWN,1540000000,MICRO,STARMINE_COVERED,NEUTRAL,FIDELITY,SecurityExtract_ESS_2026May13.csv,2026-05-13,2026-05-13T15:28:42.873928+00:00,RUN-REAL-ESS-20260513-002
HMN,Horace Mann Educators Corp,Common Stock,UNKNOWN,1790000000,MICRO,STARMINE_COVERED,NEUTRAL,FIDELITY,SecurityExtract_ESS_2026May13.csv,2026-05-13,2026-05-13T15:28:42.873928+00:00,RUN-REAL-ESS-20260513-002
HUN,Huntsman Corp,Common Stock,UNKNOWN,2520000000,MICRO,STARMINE_COVERED,NEUTRAL,FIDELITY,SecurityExtract_ESS_2026May13.csv,2026-05-13,2026-05-13T15:28:42.873928+00:00,RUN-REAL-ESS-20260513-002
IAG,IAMGold Corp,Common Stock,UNKNOWN,11010000000,SMALL,STARMINE_COVERED,NEUTRAL,FIDELITY,SecurityExtract_ESS_2026May13.csv,2026-05-13,2026-05-13T15:28:42.873928+00:00,RUN-REAL-ESS-20260513-002
IDT,IDT Corp,Common Stock,UNKNOWN,1320000000,MICRO,STARMINE_COVERED,NEUTRAL,FIDELITY,SecurityExtract_ESS_2026May13.csv,2026-05-13,2026-05-13T15:28:42.873928+00:00,RUN-REAL-ESS-20260513-002
IBCP,Independent Bank Corp,Common Stock,UNKNOWN,691330000,MICRO,STARMINE_COVERED,NEUTRAL,FIDELITY,SecurityExtract_ESS_2026May13.csv,2026-05-13,2026-05-13T15:28:42.873928+00:00,RUN-REAL-ESS-20260513-002
INDB,Independent Bank Corp,Common Stock,UNKNOWN,3720000000,SMALL,STARMINE_COVERED,NEUTRAL,FIDELITY,SecurityExtract_ESS_2026May13.csv,2026-05-13,2026-05-13T15:28:42.873928+00:00,RUN-REAL-ESS-20260513-002
ILPT,Industrial Logistics Properties Trust,Common Stock,UNKNOWN,511990000,MICRO,STARMINE_COVERED,NEUTRAL,FIDELITY,SecurityExtract_ESS_2026May13.csv,2026-05-13,2026-05-13T15:28:42.873928+00:00,RUN-REAL-ESS-20260513-002
IOSP,Innospec Inc,Common Stock,UNKNOWN,1980000000,MICRO,STARMINE_COVERED,NEUTRAL,FIDELITY,SecurityExtract_ESS_2026May13.csv,2026-05-13,2026-05-13T15:28:42.873928+00:00,RUN-REAL-ESS-20260513-002
INSG,Inseego Corp,Common Stock,UNKNOWN,239430000,MICRO,STARMINE_COVERED,NEUTRAL,FIDELITY,SecurityExtract_ESS_2026May13.csv,2026-05-13,2026-05-13T15:28:42.873928+00:00,RUN-REAL-ESS-20260513-002
INSP,Inspire Medical Systems Inc,Common Stock,UNKNOWN,1270000000,MICRO,STARMINE_COVERED,NEUTRAL,FIDELITY,SecurityExtract_ESS_2026May13.csv,2026-05-13,2026-05-13T15:28:42.873928+00:00,RUN-REAL-ESS-20260513-002
INSE,Inspired Entertainment Inc,Common Stock,UNKNOWN,196060000,MICRO,STARMINE_COVERED,NEUTRAL,FIDELITY,SecurityExtract_ESS_2026May13.csv,2026-05-13,2026-05-13T15:28:42.873928+00:00,RUN-REAL-ESS-20260513-002
PODD,Insulet Corp,Common Stock,UNKNOWN,10970000000,SMALL,STARMINE_COVERED,NEUTRAL,FIDELITY,SecurityExtract_ESS_2026May13.csv,2026-05-13,2026-05-13T15:28:42.873928+00:00,RUN-REAL-ESS-20260513-002
ITGR,Integer Holdings Corp,Common Stock,UNKNOWN,2890000000,MICRO,STARMINE_COVERED,NEUTRAL,FIDELITY,SecurityExtract_ESS_2026May13.csv,2026-05-13,2026-05-13T15:28:42.873928+00:00,RUN-REAL-ESS-20260513-002
IBKR,Interactive Brokers Group Inc,Common Stock,UNKNOWN,143480000000,LARGE,STARMINE_COVERED,NEUTRAL,FIDELITY,SecurityExtract_ESS_2026May13.csv,2026-05-13,2026-05-13T15:28:42.873928+00:00,RUN-REAL-ESS-20260513-002
TILE,Interface Inc,Common Stock,UNKNOWN,1640000000,MICRO,STARMINE_COVERED,NEUTRAL,FIDELITY,SecurityExtract_ESS_2026May13.csv,2026-05-13,2026-05-13T15:28:42.873928+00:00,RUN-REAL-ESS-20260513-002
INSW,International Seaways Inc,Common Stock,UNKNOWN,4380000000,SMALL,STARMINE_COVERED,NEUTRAL,FIDELITY,SecurityExtract_ESS_2026May13.csv,2026-05-13,2026-05-13T15:28:42.873928+00:00,RUN-REAL-ESS-20260513-002
INTT,InTest Corp,Common Stock,UNKNOWN,209460000,MICRO,STARMINE_COVERED,NEUTRAL,FIDELITY,SecurityExtract_ESS_2026May13.csv,2026-05-13,2026-05-13T15:28:42.873928+00:00,RUN-REAL-ESS-20260513-002
IVZ,Invesco Ltd,Common Stock,UNKNOWN,12580000000,SMALL,STARMINE_COVERED,NEUTRAL,FIDELITY,SecurityExtract_ESS_2026May13.csv,2026-05-13,2026-05-13T15:28:42.873928+00:00,RUN-REAL-ESS-20260513-002
INVH,Invitation Homes Inc,Common Stock,UNKNOWN,16910000000,MID,STARMINE_COVERED,NEUTRAL,FIDELITY,SecurityExtract_ESS_2026May13.csv,2026-05-13,2026-05-13T15:28:42.873928+00:00,RUN-REAL-ESS-20260513-002
ITRI,Itron Inc,Common Stock,UNKNOWN,3600000000,SMALL,STARMINE_COVERED,NEUTRAL,FIDELITY,SecurityExtract_ESS_2026May13.csv,2026-05-13,2026-05-13T15:28:42.873928+00:00,RUN-REAL-ESS-20260513-002
JD,JD.com Inc,Depository Receipt,UNKNOWN,39310000000,MID,STARMINE_COVERED,NEUTRAL,FIDELITY,SecurityExtract_ESS_2026May13.csv,2026-05-13,2026-05-13T15:28:42.873928+00:00,RUN-REAL-ESS-20260513-002
JNJ,Johnson & Johnson,Common Stock,UNKNOWN,539840000000,LARGE,STARMINE_COVERED,NEUTRAL,FIDELITY,SecurityExtract_ESS_2026May13.csv,2026-05-13,2026-05-13T15:28:42.873928+00:00,RUN-REAL-ESS-20260513-002
KELYA,Kelly Services Inc.,Common Stock,UNKNOWN,308710000,MICRO,STARMINE_COVERED,NEUTRAL,FIDELITY,SecurityExtract_ESS_2026May13.csv,2026-05-13,2026-05-13T15:28:42.873928+00:00,RUN-REAL-ESS-20260513-002
KVUE,Kenvue Inc,Common Stock,UNKNOWN,33540000000,MID,STARMINE_COVERED,NEUTRAL,FIDELITY,SecurityExtract_ESS_2026May13.csv,2026-05-13,2026-05-13T15:28:42.873928+00:00,RUN-REAL-ESS-20260513-002
KRC,Kilroy Realty Corp,Common Stock (REIT),UNKNOWN,4040000000,SMALL,STARMINE_COVERED,NEUTRAL,FIDELITY,SecurityExtract_ESS_2026May13.csv,2026-05-13,2026-05-13T15:28:42.873928+00:00,RUN-REAL-ESS-20260513-002
KNX,Knight-Swift Transportation Holdings Inc,Common Stock,UNKNOWN,9730000000,SMALL,STARMINE_COVERED,NEUTRAL,FIDELITY,SecurityExtract_ESS_2026May13.csv,2026-05-13,2026-05-13T15:28:42.873928+00:00,RUN-REAL-ESS-20260513-002
KOD,Kodiak Sciences Inc,Common Stock,UNKNOWN,2470000000,MICRO,STARMINE_COVERED,NEUTRAL,FIDELITY,SecurityExtract_ESS_2026May13.csv,2026-05-13,2026-05-13T15:28:42.873928+00:00,RUN-REAL-ESS-20260513-002
KSS,Kohl's Corp,Common Stock,UNKNOWN,1430000000,MICRO,STARMINE_COVERED,NEUTRAL,FIDELITY,SecurityExtract_ESS_2026May13.csv,2026-05-13,2026-05-13T15:28:42.873928+00:00,RUN-REAL-ESS-20260513-002
KEP,Korea Electric Power Corp,Depository Receipt,UNKNOWN,17950000000,MID,STARMINE_COVERED,NEUTRAL,FIDELITY,SecurityExtract_ESS_2026May13.csv,2026-05-13,2026-05-13T15:28:42.873928+00:00,RUN-REAL-ESS-20260513-002
LZB,La-Z-Boy Inc,Common Stock,UNKNOWN,1450000000,MICRO,STARMINE_COVERED,NEUTRAL,FIDELITY,SecurityExtract_ESS_2026May13.csv,2026-05-13,2026-05-13T15:28:42.873928+00:00,RUN-REAL-ESS-20260513-002
LEG,Leggett & Platt Inc,Common Stock,UNKNOWN,1300000000,MICRO,STARMINE_COVERED,NEUTRAL,FIDELITY,SecurityExtract_ESS_2026May13.csv,2026-05-13,2026-05-13T15:28:42.873928+00:00,RUN-REAL-ESS-20260513-002
LEVI,Levi Strauss & Co,Common Stock,UNKNOWN,8290000000,SMALL,STARMINE_COVERED,NEUTRAL,FIDELITY,SecurityExtract_ESS_2026May13.csv,2026-05-13,2026-05-13T15:28:42.873928+00:00,RUN-REAL-ESS-20260513-002
LXRX,Lexicon Pharmaceuticals Inc,Common Stock,UNKNOWN,1070000000,MICRO,STARMINE_COVERED,NEUTRAL,FIDELITY,SecurityExtract_ESS_2026May13.csv,2026-05-13,2026-05-13T15:28:42.873928+00:00,RUN-REAL-ESS-20260513-002
LFST,LifeStance Health Group Inc,Common Stock,UNKNOWN,3080000000,MICRO,STARMINE_COVERED,NEUTRAL,FIDELITY,SecurityExtract_ESS_2026May13.csv,2026-05-13,2026-05-13T15:28:42.873928+00:00,RUN-REAL-ESS-20260513-002
LGND,Ligand Pharmaceuticals Inc,Common Stock,UNKNOWN,4450000000,SMALL,STARMINE_COVERED,NEUTRAL,FIDELITY,SecurityExtract_ESS_2026May13.csv,2026-05-13,2026-05-13T15:28:42.873928+00:00,RUN-REAL-ESS-20260513-002
LPTH,LightPath Technologies Inc,Common Stock,UNKNOWN,766650000,MICRO,STARMINE_COVERED,NEUTRAL,FIDELITY,SecurityExtract_ESS_2026May13.csv,2026-05-13,2026-05-13T15:28:42.873928+00:00,RUN-REAL-ESS-20260513-002
LPSN,LivePerson Inc,Common Stock,UNKNOWN,27150000,MICRO,STARMINE_COVERED,NEUTRAL,FIDELITY,SecurityExtract_ESS_2026May13.csv,2026-05-13,2026-05-13T15:28:42.873928+00:00,RUN-REAL-ESS-20260513-002
MTSI,MACOM Technology Solutions Holdings Inc,Common Stock,UNKNOWN,27680000000,MID,STARMINE_COVERED,NEUTRAL,FIDELITY,SecurityExtract_ESS_2026May13.csv,2026-05-13,2026-05-13T15:28:42.873928+00:00,RUN-REAL-ESS-20260513-002
MX,MagnaChip Semiconductor Corp,Common Stock,UNKNOWN,143580000,MICRO,STARMINE_COVERED,NEUTRAL,FIDELITY,SecurityExtract_ESS_2026May13.csv,2026-05-13,2026-05-13T15:28:42.873928+00:00,RUN-REAL-ESS-20260513-002
MANH,Manhattan Associates Inc,Common Stock,UNKNOWN,7980000000,SMALL,STARMINE_COVERED,NEUTRAL,FIDELITY,SecurityExtract_ESS_2026May13.csv,2026-05-13,2026-05-13T15:28:42.873928+00:00,RUN-REAL-ESS-20260513-002
MAN,ManpowerGroup Inc,Common Stock,UNKNOWN,1300000000,MICRO,STARMINE_COVERED,NEUTRAL,FIDELITY,SecurityExtract_ESS_2026May13.csv,2026-05-13,2026-05-13T15:28:42.873928+00:00,RUN-REAL-ESS-20260513-002
MCS,Marcus Corp (The),Common Stock,UNKNOWN,532520000,MICRO,STARMINE_COVERED,NEUTRAL,FIDELITY,SecurityExtract_ESS_2026May13.csv,2026-05-13,2026-05-13T15:28:42.873928+00:00,RUN-REAL-ESS-20260513-002
MKL,Markel Group Inc,Common Stock,UNKNOWN,22940000000,MID,STARMINE_COVERED,NEUTRAL,FIDELITY,SecurityExtract_ESS_2026May13.csv,2026-05-13,2026-05-13T15:28:42.873928+00:00,RUN-REAL-ESS-20260513-002
MAR,Marriott International Inc,Common Stock,UNKNOWN,92350000000,LARGE,STARMINE_COVERED,NEUTRAL,FIDELITY,SecurityExtract_ESS_2026May13.csv,2026-05-13,2026-05-13T15:28:42.873928+00:00,RUN-REAL-ESS-20260513-002
VAC,Marriott Vacations Worldwide Corp,Common Stock,UNKNOWN,2490000000,MICRO,STARMINE_COVERED,NEUTRAL,FIDELITY,SecurityExtract_ESS_2026May13.csv,2026-05-13,2026-05-13T15:28:42.873928+00:00,RUN-REAL-ESS-20260513-002
MRVL,Marvell Technology Inc,Common Stock,UNKNOWN,143850000000,LARGE,STARMINE_COVERED,NEUTRAL,FIDELITY,SecurityExtract_ESS_2026May13.csv,2026-05-13,2026-05-13T15:28:42.873928+00:00,RUN-REAL-ESS-20260513-002
MA,Mastercard Inc,Common Stock,UNKNOWN,441620000000,LARGE,STARMINE_COVERED,NEUTRAL,FIDELITY,SecurityExtract_ESS_2026May13.csv,2026-05-13,2026-05-13T15:28:42.873928+00:00,RUN-REAL-ESS-20260513-002
MATW,Matthews International Corp,Common Stock,UNKNOWN,869290000,MICRO,STARMINE_COVERED,NEUTRAL,FIDELITY,SecurityExtract_ESS_2026May13.csv,2026-05-13,2026-05-13T15:28:42.873928+00:00,RUN-REAL-ESS-20260513-002
MFIN,Medallion Financial Corp.,Common Stock,UNKNOWN,221330000,MICRO,STARMINE_COVERED,NEUTRAL,FIDELITY,SecurityExtract_ESS_2026May13.csv,2026-05-13,2026-05-13T15:28:42.873928+00:00,RUN-REAL-ESS-20260513-002
MBIN,Merchants Bancorp,Common Stock,UNKNOWN,2100000000,MICRO,STARMINE_COVERED,NEUTRAL,FIDELITY,SecurityExtract_ESS_2026May13.csv,2026-05-13,2026-05-13T15:28:42.873928+00:00,RUN-REAL-ESS-20260513-002
MSFT,Microsoft Corp,Common Stock,UNKNOWN,3030000000000,MEGA,STARMINE_COVERED,NEUTRAL,FIDELITY,SecurityExtract_ESS_2026May13.csv,2026-05-13,2026-05-13T15:28:42.873928+00:00,RUN-REAL-ESS-20260513-002
MLR,Miller Industries Inc/TN,Common Stock,UNKNOWN,532540000,MICRO,STARMINE_COVERED,NEUTRAL,FIDELITY,SecurityExtract_ESS_2026May13.csv,2026-05-13,2026-05-13T15:28:42.873928+00:00,RUN-REAL-ESS-20260513-002
MTX,Minerals Technologies Inc.,Common Stock,UNKNOWN,2510000000,MICRO,STARMINE_COVERED,NEUTRAL,FIDELITY,SecurityExtract_ESS_2026May13.csv,2026-05-13,2026-05-13T15:28:42.873928+00:00,RUN-REAL-ESS-20260513-002
MITK,Mitek Systems Inc,Common Stock,UNKNOWN,662480000,MICRO,STARMINE_COVERED,NEUTRAL,FIDELITY,SecurityExtract_ESS_2026May13.csv,2026-05-13,2026-05-13T15:28:42.873928+00:00,RUN-REAL-ESS-20260513-002
MOV,Movado Group Inc,Common Stock,UNKNOWN,417800000,MICRO,STARMINE_COVERED,NEUTRAL,FIDELITY,SecurityExtract_ESS_2026May13.csv,2026-05-13,2026-05-13T15:28:42.873928+00:00,RUN-REAL-ESS-20260513-002
MUR,Murphy Oil Corp,Common Stock,UNKNOWN,5550000000,SMALL,STARMINE_COVERED,NEUTRAL,FIDELITY,SecurityExtract_ESS_2026May13.csv,2026-05-13,2026-05-13T15:28:42.873928+00:00,RUN-REAL-ESS-20260513-002
NSSC,NAPCO Security Technologies Inc,Common Stock,UNKNOWN,1370000000,MICRO,STARMINE_COVERED,NEUTRAL,FIDELITY,SecurityExtract_ESS_2026May13.csv,2026-05-13,2026-05-13T15:28:42.873928+00:00,RUN-REAL-ESS-20260513-002
FIZZ,National Beverage Corp,Common Stock,UNKNOWN,3240000000,MICRO,STARMINE_COVERED,NEUTRAL,FIDELITY,SecurityExtract_ESS_2026May13.csv,2026-05-13,2026-05-13T15:28:42.873928+00:00,RUN-REAL-ESS-20260513-002
NSA,National Storage Affiliates Trust,Common Stock (REIT),UNKNOWN,3360000000,MICRO,STARMINE_COVERED,NEUTRAL,FIDELITY,SecurityExtract_ESS_2026May13.csv,2026-05-13,2026-05-13T15:28:42.873928+00:00,RUN-REAL-ESS-20260513-002
NTES,NetEase Inc,Depository Receipt,UNKNOWN,74700000000,MID,STARMINE_COVERED,NEUTRAL,FIDELITY,SecurityExtract_ESS_2026May13.csv,2026-05-13,2026-05-13T15:28:42.873928+00:00,RUN-REAL-ESS-20260513-002
NTGR,NETGEAR Inc,Common Stock,UNKNOWN,688980000,MICRO,STARMINE_COVERED,NEUTRAL,FIDELITY,SecurityExtract_ESS_2026May13.csv,2026-05-13,2026-05-13T15:28:42.873928+00:00,RUN-REAL-ESS-20260513-002
NJR,New Jersey Resources Corp,Common Stock,UNKNOWN,5750000000,SMALL,STARMINE_COVERED,NEUTRAL,FIDELITY,SecurityExtract_ESS_2026May13.csv,2026-05-13,2026-05-13T15:28:42.873928+00:00,RUN-REAL-ESS-20260513-002
NEM,Newmont Corporation,Common Stock,UNKNOWN,127780000000,LARGE,STARMINE_COVERED,NEUTRAL,FIDELITY,SecurityExtract_ESS_2026May13.csv,2026-05-13,2026-05-13T15:28:42.873928+00:00,RUN-REAL-ESS-20260513-002
NWSA,News Corp,Common Stock,UNKNOWN,9680000000,SMALL,STARMINE_COVERED,NEUTRAL,FIDELITY,SecurityExtract_ESS_2026May13.csv,2026-05-13,2026-05-13T15:28:42.873928+00:00,RUN-REAL-ESS-20260513-002
NXST,Nexstar Media Group Inc.,Common Stock,UNKNOWN,6030000000,SMALL,STARMINE_COVERED,NEUTRAL,FIDELITY,SecurityExtract_ESS_2026May13.csv,2026-05-13,2026-05-13T15:28:42.873928+00:00,RUN-REAL-ESS-20260513-002
NXT,Nextpower Inc,Common Stock,UNKNOWN,18610000000,MID,STARMINE_COVERED,NEUTRAL,FIDELITY,SecurityExtract_ESS_2026May13.csv,2026-05-13,2026-05-13T15:28:42.873928+00:00,RUN-REAL-ESS-20260513-002
LASR,nLIGHT Inc,Common Stock,UNKNOWN,4730000000,SMALL,STARMINE_COVERED,NEUTRAL,FIDELITY,SecurityExtract_ESS_2026May13.csv,2026-05-13,2026-05-13T15:28:42.873928+00:00,RUN-REAL-ESS-20260513-002
NTRS,Northern Trust Corp,Common Stock,UNKNOWN,30040000000,MID,STARMINE_COVERED,NEUTRAL,FIDELITY,SecurityExtract_ESS_2026May13.csv,2026-05-13,2026-05-13T15:28:42.873928+00:00,RUN-REAL-ESS-20260513-002
NWBI,Northwest Bancshares Inc,Common Stock,UNKNOWN,2010000000,MICRO,STARMINE_COVERED,NEUTRAL,FIDELITY,SecurityExtract_ESS_2026May13.csv,2026-05-13,2026-05-13T15:28:42.873928+00:00,RUN-REAL-ESS-20260513-002
NWN,Northwest Natural Holding Co,Common Stock,UNKNOWN,2110000000,MICRO,STARMINE_COVERED,NEUTRAL,FIDELITY,SecurityExtract_ESS_2026May13.csv,2026-05-13,2026-05-13T15:28:42.873928+00:00,RUN-REAL-ESS-20260513-002
NVMI,Nova Ltd,Common Stock,UNKNOWN,15680000000,MID,STARMINE_COVERED,NEUTRAL,FIDELITY,SecurityExtract_ESS_2026May13.csv,2026-05-13,2026-05-13T15:28:42.873928+00:00,RUN-REAL-ESS-20260513-002
NOVT,Novanta Inc,Common Stock,UNKNOWN,5670000000,SMALL,STARMINE_COVERED,NEUTRAL,FIDELITY,SecurityExtract_ESS_2026May13.csv,2026-05-13,2026-05-13T15:28:42.873928+00:00,RUN-REAL-ESS-20260513-002
NVS,Novartis AG,Depository Receipt,UNKNOWN,282700000000,LARGE,STARMINE_COVERED,NEUTRAL,FIDELITY,SecurityExtract_ESS_2026May13.csv,2026-05-13,2026-05-13T15:28:42.873928+00:00,RUN-REAL-ESS-20260513-002
NTNX,Nutanix Inc,Common Stock,UNKNOWN,11780000000,SMALL,STARMINE_COVERED,NEUTRAL,FIDELITY,SecurityExtract_ESS_2026May13.csv,2026-05-13,2026-05-13T15:28:42.873928+00:00,RUN-REAL-ESS-20260513-002
NVEC,NVE Corp,Common Stock,UNKNOWN,444470000,MICRO,STARMINE_COVERED,NEUTRAL,FIDELITY,SecurityExtract_ESS_2026May13.csv,2026-05-13,2026-05-13T15:28:42.873928+00:00,RUN-REAL-ESS-20260513-002
ODC,Oil-Dri Corp of America,Common Stock,UNKNOWN,1110000000,MICRO,STARMINE_COVERED,NEUTRAL,FIDELITY,SecurityExtract_ESS_2026May13.csv,2026-05-13,2026-05-13T15:28:42.873928+00:00,RUN-REAL-ESS-20260513-002
ONB,Old National Bancorp,Common Stock,UNKNOWN,9330000000,SMALL,STARMINE_COVERED,NEUTRAL,FIDELITY,SecurityExtract_ESS_2026May13.csv,2026-05-13,2026-05-13T15:28:42.873928+00:00,RUN-REAL-ESS-20260513-002
OLN,Olin Corp,Common Stock,UNKNOWN,3140000000,MICRO,STARMINE_COVERED,NEUTRAL,FIDELITY,SecurityExtract_ESS_2026May13.csv,2026-05-13,2026-05-13T15:28:42.873928+00:00,RUN-REAL-ESS-20260513-002
ONCY,Oncolytics Biotech Inc,Common Stock,UNKNOWN,104900000,MICRO,STARMINE_COVERED,NEUTRAL,FIDELITY,SecurityExtract_ESS_2026May13.csv,2026-05-13,2026-05-13T15:28:42.873928+00:00,RUN-REAL-ESS-20260513-002
ONTO,Onto Innovation Inc,Common Stock,UNKNOWN,13830000000,SMALL,STARMINE_COVERED,NEUTRAL,FIDELITY,SecurityExtract_ESS_2026May13.csv,2026-05-13,2026-05-13T15:28:42.873928+00:00,RUN-REAL-ESS-20260513-002
OOMA,Ooma Inc,Common Stock,UNKNOWN,504440000,MICRO,STARMINE_COVERED,NEUTRAL,FIDELITY,SecurityExtract_ESS_2026May13.csv,2026-05-13,2026-05-13T15:28:42.873928+00:00,RUN-REAL-ESS-20260513-002
OTEX,Open Text Corp,Common Stock,UNKNOWN,5800000000,SMALL,STARMINE_COVERED,NEUTRAL,FIDELITY,SecurityExtract_ESS_2026May13.csv,2026-05-13,2026-05-13T15:28:42.873928+00:00,RUN-REAL-ESS-20260513-002
ORN,Orion Group Holdings Inc,Common Stock,UNKNOWN,599490000,MICRO,STARMINE_COVERED,NEUTRAL,FIDELITY,SecurityExtract_ESS_2026May13.csv,2026-05-13,2026-05-13T15:28:42.873928+00:00,RUN-REAL-ESS-20260513-002
OSIS,OSI Systems Inc,Common Stock,UNKNOWN,3750000000,SMALL,STARMINE_COVERED,NEUTRAL,FIDELITY,SecurityExtract_ESS_2026May13.csv,2026-05-13,2026-05-13T15:28:42.873928+00:00,RUN-REAL-ESS-20260513-002
PACB,Pacific Biosciences of California Inc,Common Stock,UNKNOWN,397570000,MICRO,STARMINE_COVERED,NEUTRAL,FIDELITY,SecurityExtract_ESS_2026May13.csv,2026-05-13,2026-05-13T15:28:42.873928+00:00,RUN-REAL-ESS-20260513-002
PD,PagerDuty Inc,Common Stock,UNKNOWN,517380000,MICRO,STARMINE_COVERED,NEUTRAL,FIDELITY,SecurityExtract_ESS_2026May13.csv,2026-05-13,2026-05-13T15:28:42.873928+00:00,RUN-REAL-ESS-20260513-002
PH,Parker-Hannifin Corp,Common Stock,UNKNOWN,111120000000,LARGE,STARMINE_COVERED,NEUTRAL,FIDELITY,SecurityExtract_ESS_2026May13.csv,2026-05-13,2026-05-13T15:28:42.873928+00:00,RUN-REAL-ESS-20260513-002
PBF,PBF Energy Inc,Common Stock,UNKNOWN,5020000000,SMALL,STARMINE_COVERED,NEUTRAL,FIDELITY,SecurityExtract_ESS_2026May13.csv,2026-05-13,2026-05-13T15:28:42.873928+00:00,RUN-REAL-ESS-20260513-002
PRDO,Perdoceo Education Corp,Common Stock,UNKNOWN,2200000000,MICRO,STARMINE_COVERED,NEUTRAL,FIDELITY,SecurityExtract_ESS_2026May13.csv,2026-05-13,2026-05-13T15:28:42.873928+00:00,RUN-REAL-ESS-20260513-002
PERI,Perion Network Ltd,Common Stock,UNKNOWN,405490000,MICRO,STARMINE_COVERED,NEUTRAL,FIDELITY,SecurityExtract_ESS_2026May13.csv,2026-05-13,2026-05-13T15:28:42.873928+00:00,RUN-REAL-ESS-20260513-002
PR,Permian Resources Corp,Common Stock,UNKNOWN,16890000000,MID,STARMINE_COVERED,NEUTRAL,FIDELITY,SecurityExtract_ESS_2026May13.csv,2026-05-13,2026-05-13T15:28:42.873928+00:00,RUN-REAL-ESS-20260513-002
PXLW,Pixelworks Inc,Common Stock,UNKNOWN,37590000,MICRO,STARMINE_COVERED,NEUTRAL,FIDELITY,SecurityExtract_ESS_2026May13.csv,2026-05-13,2026-05-13T15:28:42.873928+00:00,RUN-REAL-ESS-20260513-002
PLUG,Plug Power Inc,Common Stock,UNKNOWN,4970000000,SMALL,STARMINE_COVERED,NEUTRAL,FIDELITY,SecurityExtract_ESS_2026May13.csv,2026-05-13,2026-05-13T15:28:42.873928+00:00,RUN-REAL-ESS-20260513-002
PDLB,Ponce Financial Group Inc,Common Stock,UNKNOWN,427160000,MICRO,STARMINE_COVERED,NEUTRAL,FIDELITY,SecurityExtract_ESS_2026May13.csv,2026-05-13,2026-05-13T15:28:42.873928+00:00,RUN-REAL-ESS-20260513-002
POST,Post Holdings Inc,Common Stock,UNKNOWN,4660000000,SMALL,STARMINE_COVERED,NEUTRAL,FIDELITY,SecurityExtract_ESS_2026May13.csv,2026-05-13,2026-05-13T15:28:42.873928+00:00,RUN-REAL-ESS-20260513-002
POWI,Power Integrations Inc,Common Stock,UNKNOWN,3950000000,SMALL,STARMINE_COVERED,NEUTRAL,FIDELITY,SecurityExtract_ESS_2026May13.csv,2026-05-13,2026-05-13T15:28:42.873928+00:00,RUN-REAL-ESS-20260513-002
AIOT,PowerFleet Inc,Common Stock,UNKNOWN,434640000,MICRO,STARMINE_COVERED,NEUTRAL,FIDELITY,SecurityExtract_ESS_2026May13.csv,2026-05-13,2026-05-13T15:28:42.873928+00:00,RUN-REAL-ESS-20260513-002
PPL,PPL Corp,Common Stock,UNKNOWN,27350000000,MID,STARMINE_COVERED,NEUTRAL,FIDELITY,SecurityExtract_ESS_2026May13.csv,2026-05-13,2026-05-13T15:28:42.873928+00:00,RUN-REAL-ESS-20260513-002
PEG,Public Service Enterprise Group Inc,Common Stock,UNKNOWN,39180000000,MID,STARMINE_COVERED,NEUTRAL,FIDELITY,SecurityExtract_ESS_2026May13.csv,2026-05-13,2026-05-13T15:28:42.873928+00:00,RUN-REAL-ESS-20260513-002
PVH,PVH Corp,Common Stock,UNKNOWN,3800000000,SMALL,STARMINE_COVERED,NEUTRAL,FIDELITY,SecurityExtract_ESS_2026May13.csv,2026-05-13,2026-05-13T15:28:42.873928+00:00,RUN-REAL-ESS-20260513-002
DGX,Quest Diagnostics Inc,Common Stock,UNKNOWN,21050000000,MID,STARMINE_COVERED,NEUTRAL,FIDELITY,SecurityExtract_ESS_2026May13.csv,2026-05-13,2026-05-13T15:28:42.873928+00:00,RUN-REAL-ESS-20260513-002
RL,Ralph Lauren Corp,Common Stock,UNKNOWN,20410000000,MID,STARMINE_COVERED,NEUTRAL,FIDELITY,SecurityExtract_ESS_2026May13.csv,2026-05-13,2026-05-13T15:28:42.873928+00:00,RUN-REAL-ESS-20260513-002
RRC,Range Resources Corp.,Common Stock,UNKNOWN,9640000000,SMALL,STARMINE_COVERED,NEUTRAL,FIDELITY,SecurityExtract_ESS_2026May13.csv,2026-05-13,2026-05-13T15:28:42.873928+00:00,RUN-REAL-ESS-20260513-002
RMAX,RE/MAX Holdings Inc,Common Stock,UNKNOWN,204470000,MICRO,STARMINE_COVERED,NEUTRAL,FIDELITY,SecurityExtract_ESS_2026May13.csv,2026-05-13,2026-05-13T15:28:42.873928+00:00,RUN-REAL-ESS-20260513-002
RDDT,Reddit Inc,Common Stock,UNKNOWN,29330000000,MID,STARMINE_COVERED,NEUTRAL,FIDELITY,SecurityExtract_ESS_2026May13.csv,2026-05-13,2026-05-13T15:28:42.873928+00:00,RUN-REAL-ESS-20260513-002
RVLV,Revolve Group Inc,Common Stock,UNKNOWN,1340000000,MICRO,STARMINE_COVERED,NEUTRAL,FIDELITY,SecurityExtract_ESS_2026May13.csv,2026-05-13,2026-05-13T15:28:42.873928+00:00,RUN-REAL-ESS-20260513-002
RGCO,RGC Resources Inc,Common Stock,UNKNOWN,244040000,MICRO,STARMINE_COVERED,NEUTRAL,FIDELITY,SecurityExtract_ESS_2026May13.csv,2026-05-13,2026-05-13T15:28:42.873928+00:00,RUN-REAL-ESS-20260513-002
RELL,Richardson Electronics Ltd,Common Stock,UNKNOWN,220100000,MICRO,STARMINE_COVERED,NEUTRAL,FIDELITY,SecurityExtract_ESS_2026May13.csv,2026-05-13,2026-05-13T15:28:42.873928+00:00,RUN-REAL-ESS-20260513-002
RIGL,Rigel Pharmaceuticals Inc,Common Stock,UNKNOWN,543400000,MICRO,STARMINE_COVERED,NEUTRAL,FIDELITY,SecurityExtract_ESS_2026May13.csv,2026-05-13,2026-05-13T15:28:42.873928+00:00,RUN-REAL-ESS-20260513-002
RGTI,Rigetti Computing Inc,Common Stock,UNKNOWN,6340000000,SMALL,STARMINE_COVERED,NEUTRAL,FIDELITY,SecurityExtract_ESS_2026May13.csv,2026-05-13,2026-05-13T15:28:42.873928+00:00,RUN-REAL-ESS-20260513-002
RIO,Rio Tinto Group,Depository Receipt,UNKNOWN,137430000000,LARGE,STARMINE_COVERED,NEUTRAL,FIDELITY,SecurityExtract_ESS_2026May13.csv,2026-05-13,2026-05-13T15:28:42.873928+00:00,RUN-REAL-ESS-20260513-002
RITM,Rithm Capital Corp,Common Stock (REIT),UNKNOWN,5390000000,SMALL,STARMINE_COVERED,NEUTRAL,FIDELITY,SecurityExtract_ESS_2026May13.csv,2026-05-13,2026-05-13T15:28:42.873928+00:00,RUN-REAL-ESS-20260513-002
RCKT,Rocket Pharmaceuticals Inc,Common Stock,UNKNOWN,397470000,MICRO,STARMINE_COVERED,NEUTRAL,FIDELITY,SecurityExtract_ESS_2026May13.csv,2026-05-13,2026-05-13T15:28:42.873928+00:00,RUN-REAL-ESS-20260513-002
ROST,Ross Stores Inc,Common Stock,UNKNOWN,70120000000,MID,STARMINE_COVERED,NEUTRAL,FIDELITY,SecurityExtract_ESS_2026May13.csv,2026-05-13,2026-05-13T15:28:42.873928+00:00,RUN-REAL-ESS-20260513-002
RES,RPC Inc.,Common Stock,UNKNOWN,1560000000,MICRO,STARMINE_COVERED,NEUTRAL,FIDELITY,SecurityExtract_ESS_2026May13.csv,2026-05-13,2026-05-13T15:28:42.873928+00:00,RUN-REAL-ESS-20260513-002
RHP,Ryman Hospitality Properties Inc,Common Stock (REIT),UNKNOWN,6780000000,SMALL,STARMINE_COVERED,NEUTRAL,FIDELITY,SecurityExtract_ESS_2026May13.csv,2026-05-13,2026-05-13T15:28:42.873928+00:00,RUN-REAL-ESS-20260513-002
SBH,Sally Beauty Holdings Inc,Common Stock,UNKNOWN,1190000000,MICRO,STARMINE_COVERED,NEUTRAL,FIDELITY,SecurityExtract_ESS_2026May13.csv,2026-05-13,2026-05-13T15:28:42.873928+00:00,RUN-REAL-ESS-20260513-002
SNY,Sanofi,Depository Receipt,UNKNOWN,103510000000,LARGE,STARMINE_COVERED,NEUTRAL,FIDELITY,SecurityExtract_ESS_2026May13.csv,2026-05-13,2026-05-13T15:28:42.873928+00:00,RUN-REAL-ESS-20260513-002
SAP,SAP SE,Depository Receipt,UNKNOWN,195300000000,LARGE,STARMINE_COVERED,NEUTRAL,FIDELITY,SecurityExtract_ESS_2026May13.csv,2026-05-13,2026-05-13T15:28:42.873928+00:00,RUN-REAL-ESS-20260513-002
SCHL,Scholastic Corp,Common Stock,UNKNOWN,847290000,MICRO,STARMINE_COVERED,NEUTRAL,FIDELITY,SecurityExtract_ESS_2026May13.csv,2026-05-13,2026-05-13T15:28:42.873928+00:00,RUN-REAL-ESS-20260513-002
SAIC,Science Applications International Corp,Common Stock,UNKNOWN,4050000000,SMALL,STARMINE_COVERED,NEUTRAL,FIDELITY,SecurityExtract_ESS_2026May13.csv,2026-05-13,2026-05-13T15:28:42.873928+00:00,RUN-REAL-ESS-20260513-002
SLS,SELLAS Life Sciences Group Inc,Common Stock,UNKNOWN,963260000,MICRO,STARMINE_COVERED,NEUTRAL,FIDELITY,SecurityExtract_ESS_2026May13.csv,2026-05-13,2026-05-13T15:28:42.873928+00:00,RUN-REAL-ESS-20260513-002
SMTC,Semtech Corp,Common Stock,UNKNOWN,12300000000,SMALL,STARMINE_COVERED,NEUTRAL,FIDELITY,SecurityExtract_ESS_2026May13.csv,2026-05-13,2026-05-13T15:28:42.873928+00:00,RUN-REAL-ESS-20260513-002
ST,Sensata Technologies Holding Plc,Common Stock,UNKNOWN,6470000000,SMALL,STARMINE_COVERED,NEUTRAL,FIDELITY,SecurityExtract_ESS_2026May13.csv,2026-05-13,2026-05-13T15:28:42.873928+00:00,RUN-REAL-ESS-20260513-002
SHLS,Shoals Technologies Group Inc,Common Stock,UNKNOWN,1450000000,MICRO,STARMINE_COVERED,NEUTRAL,FIDELITY,SecurityExtract_ESS_2026May13.csv,2026-05-13,2026-05-13T15:28:42.873928+00:00,RUN-REAL-ESS-20260513-002
BSRR,Sierra Bancorp,Common Stock,UNKNOWN,481260000,MICRO,STARMINE_COVERED,NEUTRAL,FIDELITY,SecurityExtract_ESS_2026May13.csv,2026-05-13,2026-05-13T15:28:42.873928+00:00,RUN-REAL-ESS-20260513-002
SSD,Simpson Manufacturing Co. Inc.,Common Stock,UNKNOWN,7580000000,SMALL,STARMINE_COVERED,NEUTRAL,FIDELITY,SecurityExtract_ESS_2026May13.csv,2026-05-13,2026-05-13T15:28:42.873928+00:00,RUN-REAL-ESS-20260513-002
SMBK,SmartFinancial Inc,Common Stock,UNKNOWN,701190000,MICRO,STARMINE_COVERED,NEUTRAL,FIDELITY,SecurityExtract_ESS_2026May13.csv,2026-05-13,2026-05-13T15:28:42.873928+00:00,RUN-REAL-ESS-20260513-002
SOLV,Solventum Corp,Common Stock,UNKNOWN,13010000000,SMALL,STARMINE_COVERED,NEUTRAL,FIDELITY,SecurityExtract_ESS_2026May13.csv,2026-05-13,2026-05-13T15:28:42.873928+00:00,RUN-REAL-ESS-20260513-002
SHC,Sotera Health Co,Common Stock,UNKNOWN,4460000000,SMALL,STARMINE_COVERED,NEUTRAL,FIDELITY,SecurityExtract_ESS_2026May13.csv,2026-05-13,2026-05-13T15:28:42.873928+00:00,RUN-REAL-ESS-20260513-002
SOUN,SoundHound AI Inc,Common Stock,UNKNOWN,3490000000,MICRO,STARMINE_COVERED,NEUTRAL,FIDELITY,SecurityExtract_ESS_2026May13.csv,2026-05-13,2026-05-13T15:28:42.873928+00:00,RUN-REAL-ESS-20260513-002
SPFI,South Plains Financial Inc,Common Stock,UNKNOWN,754160000,MICRO,STARMINE_COVERED,NEUTRAL,FIDELITY,SecurityExtract_ESS_2026May13.csv,2026-05-13,2026-05-13T15:28:42.873928+00:00,RUN-REAL-ESS-20260513-002
SPOK,Spok Holdings Inc,Common Stock,UNKNOWN,224330000,MICRO,STARMINE_COVERED,NEUTRAL,FIDELITY,SecurityExtract_ESS_2026May13.csv,2026-05-13,2026-05-13T15:28:42.873928+00:00,RUN-REAL-ESS-20260513-002
SFM,Sprouts Farmers Market Inc,Common Stock,UNKNOWN,8170000000,SMALL,STARMINE_COVERED,NEUTRAL,FIDELITY,SecurityExtract_ESS_2026May13.csv,2026-05-13,2026-05-13T15:28:42.873928+00:00,RUN-REAL-ESS-20260513-002
STLD,Steel Dynamics Inc,Common Stock,UNKNOWN,33570000000,MID,STARMINE_COVERED,NEUTRAL,FIDELITY,SecurityExtract_ESS_2026May13.csv,2026-05-13,2026-05-13T15:28:42.873928+00:00,RUN-REAL-ESS-20260513-002
SFIX,Stitch Fix Inc,Common Stock,UNKNOWN,438240000,MICRO,STARMINE_COVERED,NEUTRAL,FIDELITY,SecurityExtract_ESS_2026May13.csv,2026-05-13,2026-05-13T15:28:42.873928+00:00,RUN-REAL-ESS-20260513-002
SYK,Stryker Corp,Common Stock,UNKNOWN,112880000000,LARGE,STARMINE_COVERED,NEUTRAL,FIDELITY,SecurityExtract_ESS_2026May13.csv,2026-05-13,2026-05-13T15:28:42.873928+00:00,RUN-REAL-ESS-20260513-002
SYNA,Synaptics Inc,Common Stock,UNKNOWN,4620000000,SMALL,STARMINE_COVERED,NEUTRAL,FIDELITY,SecurityExtract_ESS_2026May13.csv,2026-05-13,2026-05-13T15:28:42.873928+00:00,RUN-REAL-ESS-20260513-002
SKT,Tanger Inc,Common Stock (REIT),UNKNOWN,4140000000,SMALL,STARMINE_COVERED,NEUTRAL,FIDELITY,SecurityExtract_ESS_2026May13.csv,2026-05-13,2026-05-13T15:28:42.873928+00:00,RUN-REAL-ESS-20260513-002
TRP,TC Energy Corp,Common Stock,UNKNOWN,69080000000,MID,STARMINE_COVERED,NEUTRAL,FIDELITY,SecurityExtract_ESS_2026May13.csv,2026-05-13,2026-05-13T15:28:42.873928+00:00,RUN-REAL-ESS-20260513-002
TECK,Teck Resources Ltd,Common Stock,UNKNOWN,31790000000,MID,STARMINE_COVERED,NEUTRAL,FIDELITY,SecurityExtract_ESS_2026May13.csv,2026-05-13,2026-05-13T15:28:42.873928+00:00,RUN-REAL-ESS-20260513-002
TU,TELUS Corp,Common Stock,UNKNOWN,19630000000,MID,STARMINE_COVERED,NEUTRAL,FIDELITY,SecurityExtract_ESS_2026May13.csv,2026-05-13,2026-05-13T15:28:42.873928+00:00,RUN-REAL-ESS-20260513-002
TXT,Textron Inc,Common Stock,UNKNOWN,15790000000,MID,STARMINE_COVERED,NEUTRAL,FIDELITY,SecurityExtract_ESS_2026May13.csv,2026-05-13,2026-05-13T15:28:42.873928+00:00,RUN-REAL-ESS-20260513-002
NTB,The Bank of N T Butterfield & Son Limited,Common Stock,UNKNOWN,2210000000,MICRO,STARMINE_COVERED,NEUTRAL,FIDELITY,SecurityExtract_ESS_2026May13.csv,2026-05-13,2026-05-13T15:28:42.873928+00:00,RUN-REAL-ESS-20260513-002
BNS,The Bank of Nova Scotia,Common Stock,UNKNOWN,95190000000,LARGE,STARMINE_COVERED,NEUTRAL,FIDELITY,SecurityExtract_ESS_2026May13.csv,2026-05-13,2026-05-13T15:28:42.873928+00:00,RUN-REAL-ESS-20260513-002
KHC,The Kraft Heinz Co,Common Stock,UNKNOWN,27710000000,MID,STARMINE_COVERED,NEUTRAL,FIDELITY,SecurityExtract_ESS_2026May13.csv,2026-05-13,2026-05-13T15:28:42.873928+00:00,RUN-REAL-ESS-20260513-002
NYT,The New York Times Company,Common Stock,UNKNOWN,12620000000,SMALL,STARMINE_COVERED,NEUTRAL,FIDELITY,SecurityExtract_ESS_2026May13.csv,2026-05-13,2026-05-13T15:28:42.873928+00:00,RUN-REAL-ESS-20260513-002
TBPH,Theravance Biopharma Inc,Common Stock,UNKNOWN,849590000,MICRO,STARMINE_COVERED,NEUTRAL,FIDELITY,SecurityExtract_ESS_2026May13.csv,2026-05-13,2026-05-13T15:28:42.873928+00:00,RUN-REAL-ESS-20260513-002
TITN,Titan Machinery Inc,Common Stock,UNKNOWN,479230000,MICRO,STARMINE_COVERED,NEUTRAL,FIDELITY,SecurityExtract_ESS_2026May13.csv,2026-05-13,2026-05-13T15:28:42.873928+00:00,RUN-REAL-ESS-20260513-002
TD,Toronto-Dominion Bank (The),Common Stock,UNKNOWN,180100000000,LARGE,STARMINE_COVERED,NEUTRAL,FIDELITY,SecurityExtract_ESS_2026May13.csv,2026-05-13,2026-05-13T15:28:42.873928+00:00,RUN-REAL-ESS-20260513-002
TNL,Travel Plus Leisure Co,Common Stock,UNKNOWN,3940000000,SMALL,STARMINE_COVERED,NEUTRAL,FIDELITY,SecurityExtract_ESS_2026May13.csv,2026-05-13,2026-05-13T15:28:42.873928+00:00,RUN-REAL-ESS-20260513-002
TCOM,Trip com Group Ltd,Depository Receipt,UNKNOWN,33990000000,MID,STARMINE_COVERED,NEUTRAL,FIDELITY,SecurityExtract_ESS_2026May13.csv,2026-05-13,2026-05-13T15:28:42.873928+00:00,RUN-REAL-ESS-20260513-002
TRUP,Trupanion Inc,Common Stock,UNKNOWN,1040000000,MICRO,STARMINE_COVERED,NEUTRAL,FIDELITY,SecurityExtract_ESS_2026May13.csv,2026-05-13,2026-05-13T15:28:42.873928+00:00,RUN-REAL-ESS-20260513-002
TRMK,Trustmark Corp,Common Stock,UNKNOWN,2570000000,MICRO,STARMINE_COVERED,NEUTRAL,FIDELITY,SecurityExtract_ESS_2026May13.csv,2026-05-13,2026-05-13T15:28:42.873928+00:00,RUN-REAL-ESS-20260513-002
TYL,Tyler Technologies Inc,Common Stock,UNKNOWN,13060000000,SMALL,STARMINE_COVERED,NEUTRAL,FIDELITY,SecurityExtract_ESS_2026May13.csv,2026-05-13,2026-05-13T15:28:42.873928+00:00,RUN-REAL-ESS-20260513-002
ULS,UL Solutions Inc,Common Stock,UNKNOWN,19600000000,MID,STARMINE_COVERED,NEUTRAL,FIDELITY,SecurityExtract_ESS_2026May13.csv,2026-05-13,2026-05-13T15:28:42.873928+00:00,RUN-REAL-ESS-20260513-002
UFI,Unifi Inc,Common Stock,UNKNOWN,77140000,MICRO,STARMINE_COVERED,NEUTRAL,FIDELITY,SecurityExtract_ESS_2026May13.csv,2026-05-13,2026-05-13T15:28:42.873928+00:00,RUN-REAL-ESS-20260513-002
UNF,UniFirst Corp,Common Stock,UNKNOWN,4640000000,SMALL,STARMINE_COVERED,NEUTRAL,FIDELITY,SecurityExtract_ESS_2026May13.csv,2026-05-13,2026-05-13T15:28:42.873928+00:00,RUN-REAL-ESS-20260513-002
UIS,Unisys Corp,Common Stock,UNKNOWN,236210000,MICRO,STARMINE_COVERED,NEUTRAL,FIDELITY,SecurityExtract_ESS_2026May13.csv,2026-05-13,2026-05-13T15:28:42.873928+00:00,RUN-REAL-ESS-20260513-002
UVV,Universal Corp,Common Stock,UNKNOWN,1340000000,MICRO,STARMINE_COVERED,NEUTRAL,FIDELITY,SecurityExtract_ESS_2026May13.csv,2026-05-13,2026-05-13T15:28:42.873928+00:00,RUN-REAL-ESS-20260513-002
UTI,Universal Technical Institute Inc.,Common Stock,UNKNOWN,2070000000,MICRO,STARMINE_COVERED,NEUTRAL,FIDELITY,SecurityExtract_ESS_2026May13.csv,2026-05-13,2026-05-13T15:28:42.873928+00:00,RUN-REAL-ESS-20260513-002
VTR,Ventas Inc.,Common Stock (REIT),UNKNOWN,43040000000,MID,STARMINE_COVERED,NEUTRAL,FIDELITY,SecurityExtract_ESS_2026May13.csv,2026-05-13,2026-05-13T15:28:42.873928+00:00,RUN-REAL-ESS-20260513-002
VSH,Vishay Intertechnology Inc.,Common Stock,UNKNOWN,4580000000,SMALL,STARMINE_COVERED,NEUTRAL,FIDELITY,SecurityExtract_ESS_2026May13.csv,2026-05-13,2026-05-13T15:28:42.873928+00:00,RUN-REAL-ESS-20260513-002
VC,Visteon Corp.,Common Stock,UNKNOWN,3060000000,MICRO,STARMINE_COVERED,NEUTRAL,FIDELITY,SecurityExtract_ESS_2026May13.csv,2026-05-13,2026-05-13T15:28:42.873928+00:00,RUN-REAL-ESS-20260513-002
DIS,Walt Disney Co (The),Common Stock,UNKNOWN,184350000000,LARGE,STARMINE_COVERED,NEUTRAL,FIDELITY,SecurityExtract_ESS_2026May13.csv,2026-05-13,2026-05-13T15:28:42.873928+00:00,RUN-REAL-ESS-20260513-002
WSO,Watsco Inc,Common Stock,UNKNOWN,14600000000,MID,STARMINE_COVERED,NEUTRAL,FIDELITY,SecurityExtract_ESS_2026May13.csv,2026-05-13,2026-05-13T15:28:42.873928+00:00,RUN-REAL-ESS-20260513-002
WAY,Waystar Holding Corp,Common Stock,UNKNOWN,3720000000,SMALL,STARMINE_COVERED,NEUTRAL,FIDELITY,SecurityExtract_ESS_2026May13.csv,2026-05-13,2026-05-13T15:28:42.873928+00:00,RUN-REAL-ESS-20260513-002
WBS,Webster Financial Corp,Common Stock,UNKNOWN,11660000000,SMALL,STARMINE_COVERED,NEUTRAL,FIDELITY,SecurityExtract_ESS_2026May13.csv,2026-05-13,2026-05-13T15:28:42.873928+00:00,RUN-REAL-ESS-20260513-002
WU,Western Union Co,Common Stock,UNKNOWN,2760000000,MICRO,STARMINE_COVERED,NEUTRAL,FIDELITY,SecurityExtract_ESS_2026May13.csv,2026-05-13,2026-05-13T15:28:42.873928+00:00,RUN-REAL-ESS-20260513-002
WSC,WillScot Holdings Corporation,Common Stock,UNKNOWN,4890000000,SMALL,STARMINE_COVERED,NEUTRAL,FIDELITY,SecurityExtract_ESS_2026May13.csv,2026-05-13,2026-05-13T15:28:42.873928+00:00,RUN-REAL-ESS-20260513-002
WING,Wingstop Inc,Common Stock,UNKNOWN,3370000000,MICRO,STARMINE_COVERED,NEUTRAL,FIDELITY,SecurityExtract_ESS_2026May13.csv,2026-05-13,2026-05-13T15:28:42.873928+00:00,RUN-REAL-ESS-20260513-002
WWW,Wolverine World Wide Inc.,Common Stock,UNKNOWN,1290000000,MICRO,STARMINE_COVERED,NEUTRAL,FIDELITY,SecurityExtract_ESS_2026May13.csv,2026-05-13,2026-05-13T15:28:42.873928+00:00,RUN-REAL-ESS-20260513-002
WWD,Woodward Inc,Common Stock,UNKNOWN,21890000000,MID,STARMINE_COVERED,NEUTRAL,FIDELITY,SecurityExtract_ESS_2026May13.csv,2026-05-13,2026-05-13T15:28:42.873928+00:00,RUN-REAL-ESS-20260513-002
XP,XP Inc,Common Stock,UNKNOWN,9580000000,SMALL,STARMINE_COVERED,NEUTRAL,FIDELITY,SecurityExtract_ESS_2026May13.csv,2026-05-13,2026-05-13T15:28:42.873928+00:00,RUN-REAL-ESS-20260513-002
ZBRA,Zebra Technologies Corp,Common Stock,UNKNOWN,11690000000,SMALL,STARMINE_COVERED,NEUTRAL,FIDELITY,SecurityExtract_ESS_2026May13.csv,2026-05-13,2026-05-13T15:28:42.873928+00:00,RUN-REAL-ESS-20260513-002
ZUMZ,Zumiez Inc,Common Stock,UNKNOWN,394820000,MICRO,STARMINE_COVERED,NEUTRAL,FIDELITY,SecurityExtract_ESS_2026May13.csv,2026-05-13,2026-05-13T15:28:42.873928+00:00,RUN-REAL-ESS-20260513-002
FLWS,1-800-FLOWERS.COM Inc,Common Stock,UNKNOWN,281390000,MICRO,STARMINE_COVERED,NEUTRAL,FIDELITY,SecurityExtract_ESS_2026May13.csv,2026-05-13,2026-05-13T15:28:42.873928+00:00,RUN-REAL-ESS-20260513-002
AIR,AAR Corp,Common Stock,UNKNOWN,4430000000,SMALL,STARMINE_COVERED,NEUTRAL,FIDELITY,SecurityExtract_ESS_2026May13.csv,2026-05-13,2026-05-13T15:28:42.873928+00:00,RUN-REAL-ESS-20260513-002
ABT,Abbott Laboratories,Common Stock,UNKNOWN,146920000000,LARGE,STARMINE_COVERED,NEUTRAL,FIDELITY,SecurityExtract_ESS_2026May13.csv,2026-05-13,2026-05-13T15:28:42.873928+00:00,RUN-REAL-ESS-20260513-002
ABBV,AbbVie Inc,Common Stock,UNKNOWN,367250000000,LARGE,STARMINE_COVERED,NEUTRAL,FIDELITY,SecurityExtract_ESS_2026May13.csv,2026-05-13,2026-05-13T15:28:42.873928+00:00,RUN-REAL-ESS-20260513-002
ACH,Accendra Health Inc,Common Stock,UNKNOWN,245070000,MICRO,STARMINE_COVERED,NEUTRAL,FIDELITY,SecurityExtract_ESS_2026May13.csv,2026-05-13,2026-05-13T15:28:42.873928+00:00,RUN-REAL-ESS-20260513-002
ARAY,Accuray Inc,Common Stock,UNKNOWN,37220000,MICRO,STARMINE_COVERED,NEUTRAL,FIDELITY,SecurityExtract_ESS_2026May13.csv,2026-05-13,2026-05-13T15:28:42.873928+00:00,RUN-REAL-ESS-20260513-002
ADMA,ADMA Biologics Inc,Common Stock,UNKNOWN,1950000000,MICRO,STARMINE_COVERED,NEUTRAL,FIDELITY,SecurityExtract_ESS_2026May13.csv,2026-05-13,2026-05-13T15:28:42.873928+00:00,RUN-REAL-ESS-20260513-002
AAP,Advance Auto Parts Inc.,Common Stock,UNKNOWN,3170000000,MICRO,STARMINE_COVERED,NEUTRAL,FIDELITY,SecurityExtract_ESS_2026May13.csv,2026-05-13,2026-05-13T15:28:42.873928+00:00,RUN-REAL-ESS-20260513-002
A,Agilent Technologies Inc,Common Stock,UNKNOWN,31910000000,MID,STARMINE_COVERED,NEUTRAL,FIDELITY,SecurityExtract_ESS_2026May13.csv,2026-05-13,2026-05-13T15:28:42.873928+00:00,RUN-REAL-ESS-20260513-002
ADC,Agree Realty Corp,Common Stock (REIT),UNKNOWN,9190000000,SMALL,STARMINE_COVERED,NEUTRAL,FIDELITY,SecurityExtract_ESS_2026May13.csv,2026-05-13,2026-05-13T15:28:42.873928+00:00,RUN-REAL-ESS-20260513-002
AIM,AIM ImmunoTech Inc,Common Stock,UNKNOWN,2360000,MICRO,STARMINE_COVERED,NEUTRAL,FIDELITY,SecurityExtract_ESS_2026May13.csv,2026-05-13,2026-05-13T15:28:42.873928+00:00,RUN-REAL-ESS-20260513-002
ALEC,Alector Inc,Common Stock,UNKNOWN,239810000,MICRO,STARMINE_COVERED,NEUTRAL,FIDELITY,SecurityExtract_ESS_2026May13.csv,2026-05-13,2026-05-13T15:28:42.873928+00:00,RUN-REAL-ESS-20260513-002
ALRS,Alerus Financial Corp,Common Stock,UNKNOWN,676980000,MICRO,STARMINE_COVERED,NEUTRAL,FIDELITY,SecurityExtract_ESS_2026May13.csv,2026-05-13,2026-05-13T15:28:42.873928+00:00,RUN-REAL-ESS-20260513-002
ALIT,Alight Inc,Common Stock,UNKNOWN,390090000,MICRO,STARMINE_COVERED,NEUTRAL,FIDELITY,SecurityExtract_ESS_2026May13.csv,2026-05-13,2026-05-13T15:28:42.873928+00:00,RUN-REAL-ESS-20260513-002
ALKS,Alkermes Plc,Common Stock,UNKNOWN,6380000000,SMALL,STARMINE_COVERED,NEUTRAL,FIDELITY,SecurityExtract_ESS_2026May13.csv,2026-05-13,2026-05-13T15:28:42.873928+00:00,RUN-REAL-ESS-20260513-002
ALGT,Allegiant Travel Co,Common Stock,UNKNOWN,1430000000,MICRO,STARMINE_COVERED,NEUTRAL,FIDELITY,SecurityExtract_ESS_2026May13.csv,2026-05-13,2026-05-13T15:28:42.873928+00:00,RUN-REAL-ESS-20260513-002
LNT,Alliant Energy Corporation,Common Stock,UNKNOWN,18750000000,MID,STARMINE_COVERED,NEUTRAL,FIDELITY,SecurityExtract_ESS_2026May13.csv,2026-05-13,2026-05-13T15:28:42.873928+00:00,RUN-REAL-ESS-20260513-002
AMZN,Amazon.com Inc,Common Stock,UNKNOWN,2860000000000,MEGA,STARMINE_COVERED,NEUTRAL,FIDELITY,SecurityExtract_ESS_2026May13.csv,2026-05-13,2026-05-13T15:28:42.873928+00:00,RUN-REAL-ESS-20260513-002
AAL,American Airlines Group Inc,Common Stock,UNKNOWN,8390000000,SMALL,STARMINE_COVERED,NEUTRAL,FIDELITY,SecurityExtract_ESS_2026May13.csv,2026-05-13,2026-05-13T15:28:42.873928+00:00,RUN-REAL-ESS-20260513-002
AAT,American Assets Trust Inc,Common Stock (REIT),UNKNOWN,1300000000,MICRO,STARMINE_COVERED,NEUTRAL,FIDELITY,SecurityExtract_ESS_2026May13.csv,2026-05-13,2026-05-13T15:28:42.873928+00:00,RUN-REAL-ESS-20260513-002
AEP,American Electric Power Co Inc,Common Stock,UNKNOWN,71790000000,MID,STARMINE_COVERED,NEUTRAL,FIDELITY,SecurityExtract_ESS_2026May13.csv,2026-05-13,2026-05-13T15:28:42.873928+00:00,RUN-REAL-ESS-20260513-002
AXP,American Express Co,Common Stock,UNKNOWN,214460000000,LARGE,STARMINE_COVERED,NEUTRAL,FIDELITY,SecurityExtract_ESS_2026May13.csv,2026-05-13,2026-05-13T15:28:42.873928+00:00,RUN-REAL-ESS-20260513-002
AFG,American Financial Group Inc,Common Stock,UNKNOWN,11090000000,SMALL,STARMINE_COVERED,NEUTRAL,FIDELITY,SecurityExtract_ESS_2026May13.csv,2026-05-13,2026-05-13T15:28:42.873928+00:00,RUN-REAL-ESS-20260513-002
AIG,American International Group Inc,Common Stock,UNKNOWN,40510000000,MID,STARMINE_COVERED,NEUTRAL,FIDELITY,SecurityExtract_ESS_2026May13.csv,2026-05-13,2026-05-13T15:28:42.873928+00:00,RUN-REAL-ESS-20260513-002
AMT,American Tower Corp,Common Stock (REIT),UNKNOWN,83310000000,MID,STARMINE_COVERED,NEUTRAL,FIDELITY,SecurityExtract_ESS_2026May13.csv,2026-05-13,2026-05-13T15:28:42.873928+00:00,RUN-REAL-ESS-20260513-002
ATLO,Ames National Corp,Common Stock,UNKNOWN,246840000,MICRO,STARMINE_COVERED,NEUTRAL,FIDELITY,SecurityExtract_ESS_2026May13.csv,2026-05-13,2026-05-13T15:28:42.873928+00:00,RUN-REAL-ESS-20260513-002
AMKR,Amkor Technology Inc,Common Stock,UNKNOWN,18210000000,MID,STARMINE_COVERED,NEUTRAL,FIDELITY,SecurityExtract_ESS_2026May13.csv,2026-05-13,2026-05-13T15:28:42.873928+00:00,RUN-REAL-ESS-20260513-002
ATEX,Anterix Inc,Common Stock,UNKNOWN,1020000000,MICRO,STARMINE_COVERED,NEUTRAL,FIDELITY,SecurityExtract_ESS_2026May13.csv,2026-05-13,2026-05-13T15:28:42.873928+00:00,RUN-REAL-ESS-20260513-002
AM,Antero Midstream Corp,Common Stock,UNKNOWN,10150000000,SMALL,STARMINE_COVERED,NEUTRAL,FIDELITY,SecurityExtract_ESS_2026May13.csv,2026-05-13,2026-05-13T15:28:42.873928+00:00,RUN-REAL-ESS-20260513-002
AON,Aon plc,Common Stock,UNKNOWN,67570000000,MID,STARMINE_COVERED,NEUTRAL,FIDELITY,SecurityExtract_ESS_2026May13.csv,2026-05-13,2026-05-13T15:28:42.873928+00:00,RUN-REAL-ESS-20260513-002
APLS,Apellis Pharmaceuticals Inc,Common Stock,UNKNOWN,5260000000,SMALL,STARMINE_COVERED,NEUTRAL,FIDELITY,SecurityExtract_ESS_2026May13.csv,2026-05-13,2026-05-13T15:28:42.873928+00:00,RUN-REAL-ESS-20260513-002
APPF,AppFolio Inc,Common Stock,UNKNOWN,5490000000,SMALL,STARMINE_COVERED,NEUTRAL,FIDELITY,SecurityExtract_ESS_2026May13.csv,2026-05-13,2026-05-13T15:28:42.873928+00:00,RUN-REAL-ESS-20260513-002
APP,AppLovin Corporation,Common Stock,UNKNOWN,164840000000,LARGE,STARMINE_COVERED,NEUTRAL,FIDELITY,SecurityExtract_ESS_2026May13.csv,2026-05-13,2026-05-13T15:28:42.873928+00:00,RUN-REAL-ESS-20260513-002
ARMK,Aramark,Common Stock,UNKNOWN,12720000000,SMALL,STARMINE_COVERED,NEUTRAL,FIDELITY,SecurityExtract_ESS_2026May13.csv,2026-05-13,2026-05-13T15:28:42.873928+00:00,RUN-REAL-ESS-20260513-002
MT,Arcelormittal,Depository Receipt,UNKNOWN,47190000000,MID,STARMINE_COVERED,NEUTRAL,FIDELITY,SecurityExtract_ESS_2026May13.csv,2026-05-13,2026-05-13T15:28:42.873928+00:00,RUN-REAL-ESS-20260513-002
ADM,Archer-Daniels-Midland Co,Common Stock,UNKNOWN,38910000000,MID,STARMINE_COVERED,NEUTRAL,FIDELITY,SecurityExtract_ESS_2026May13.csv,2026-05-13,2026-05-13T15:28:42.873928+00:00,RUN-REAL-ESS-20260513-002
ARLO,Arlo Technologies Inc,Common Stock,UNKNOWN,1410000000,MICRO,STARMINE_COVERED,NEUTRAL,FIDELITY,SecurityExtract_ESS_2026May13.csv,2026-05-13,2026-05-13T15:28:42.873928+00:00,RUN-REAL-ESS-20260513-002
T,AT&T Inc,Common Stock,UNKNOWN,175310000000,LARGE,STARMINE_COVERED,NEUTRAL,FIDELITY,SecurityExtract_ESS_2026May13.csv,2026-05-13,2026-05-13T15:28:42.873928+00:00,RUN-REAL-ESS-20260513-002
ATKR,Atkore Inc,Common Stock,UNKNOWN,2500000000,MICRO,STARMINE_COVERED,NEUTRAL,FIDELITY,SecurityExtract_ESS_2026May13.csv,2026-05-13,2026-05-13T15:28:42.873928+00:00,RUN-REAL-ESS-20260513-002
ATO,Atmos Energy Corp,Common Stock,UNKNOWN,30370000000,MID,STARMINE_COVERED,NEUTRAL,FIDELITY,SecurityExtract_ESS_2026May13.csv,2026-05-13,2026-05-13T15:28:42.873928+00:00,RUN-REAL-ESS-20260513-002
ATOM,Atomera Inc,Common Stock,UNKNOWN,323290000,MICRO,STARMINE_COVERED,NEUTRAL,FIDELITY,SecurityExtract_ESS_2026May13.csv,2026-05-13,2026-05-13T15:28:42.873928+00:00,RUN-REAL-ESS-20260513-002
AEYE,AudioEye Inc,Common Stock,UNKNOWN,94720000,MICRO,STARMINE_COVERED,NEUTRAL,FIDELITY,SecurityExtract_ESS_2026May13.csv,2026-05-13,2026-05-13T15:28:42.873928+00:00,RUN-REAL-ESS-20260513-002
ALV,Autoliv Inc,Common Stock,UNKNOWN,8900000000,SMALL,STARMINE_COVERED,NEUTRAL,FIDELITY,SecurityExtract_ESS_2026May13.csv,2026-05-13,2026-05-13T15:28:42.873928+00:00,RUN-REAL-ESS-20260513-002
AN,AutoNation Inc,Common Stock,UNKNOWN,6540000000,SMALL,STARMINE_COVERED,NEUTRAL,FIDELITY,SecurityExtract_ESS_2026May13.csv,2026-05-13,2026-05-13T15:28:42.873928+00:00,RUN-REAL-ESS-20260513-002
AVNS,Avanos Medical Inc,Common Stock,UNKNOWN,1160000000,MICRO,STARMINE_COVERED,NEUTRAL,FIDELITY,SecurityExtract_ESS_2026May13.csv,2026-05-13,2026-05-13T15:28:42.873928+00:00,RUN-REAL-ESS-20260513-002
BKR,Baker Hughes a GE Co,Common Stock,UNKNOWN,64720000000,MID,STARMINE_COVERED,NEUTRAL,FIDELITY,SecurityExtract_ESS_2026May13.csv,2026-05-13,2026-05-13T15:28:42.873928+00:00,RUN-REAL-ESS-20260513-002
BBVA,Banco Bilbao Vizcaya Argentaria SA,Depository Receipt,UNKNOWN,122680000000,LARGE,STARMINE_COVERED,NEUTRAL,FIDELITY,SecurityExtract_ESS_2026May13.csv,2026-05-13,2026-05-13T15:28:42.873928+00:00,RUN-REAL-ESS-20260513-002
BCH,Banco De Chile,Depository Receipt,UNKNOWN,17930000000,MID,STARMINE_COVERED,NEUTRAL,FIDELITY,SecurityExtract_ESS_2026May13.csv,2026-05-13,2026-05-13T15:28:42.873928+00:00,RUN-REAL-ESS-20260513-002
SAN,Banco Santander SA,Depository Receipt,UNKNOWN,173400000000,LARGE,STARMINE_COVERED,NEUTRAL,FIDELITY,SecurityExtract_ESS_2026May13.csv,2026-05-13,2026-05-13T15:28:42.873928+00:00,RUN-REAL-ESS-20260513-002
BHB,Bar Harbor Bankshares,Common Stock,UNKNOWN,577260000,MICRO,STARMINE_COVERED,NEUTRAL,FIDELITY,SecurityExtract_ESS_2026May13.csv,2026-05-13,2026-05-13T15:28:42.873928+00:00,RUN-REAL-ESS-20260513-002
BHC,Bausch Health Cos Inc,Common Stock,UNKNOWN,2020000000,MICRO,STARMINE_COVERED,NEUTRAL,FIDELITY,SecurityExtract_ESS_2026May13.csv,2026-05-13,2026-05-13T15:28:42.873928+00:00,RUN-REAL-ESS-20260513-002
BBBY,Bed Bath & Beyond Inc,Common Stock,UNKNOWN,346770000,MICRO,STARMINE_COVERED,NEUTRAL,FIDELITY,SecurityExtract_ESS_2026May13.csv,2026-05-13,2026-05-13T15:28:42.873928+00:00,RUN-REAL-ESS-20260513-002
BH,Biglari Holdings Inc,Common Stock,UNKNOWN,532500000,MICRO,STARMINE_COVERED,NEUTRAL,FIDELITY,SecurityExtract_ESS_2026May13.csv,2026-05-13,2026-05-13T15:28:42.873928+00:00,RUN-REAL-ESS-20260513-002
BILI,Bilibili Inc,Depository Receipt,UNKNOWN,7220000000,SMALL,STARMINE_COVERED,NEUTRAL,FIDELITY,SecurityExtract_ESS_2026May13.csv,2026-05-13,2026-05-13T15:28:42.873928+00:00,RUN-REAL-ESS-20260513-002
BJRI,BJ's Restaurants Inc,Common Stock,UNKNOWN,870520000,MICRO,STARMINE_COVERED,NEUTRAL,FIDELITY,SecurityExtract_ESS_2026May13.csv,2026-05-13,2026-05-13T15:28:42.873928+00:00,RUN-REAL-ESS-20260513-002
BKH,Black Hills Corp,Common Stock,UNKNOWN,5660000000,SMALL,STARMINE_COVERED,NEUTRAL,FIDELITY,SecurityExtract_ESS_2026May13.csv,2026-05-13,2026-05-13T15:28:42.873928+00:00,RUN-REAL-ESS-20260513-002
BXMT,Blackstone Mortgage Trust Inc,Common Stock (REIT),UNKNOWN,3090000000,MICRO,STARMINE_COVERED,NEUTRAL,FIDELITY,SecurityExtract_ESS_2026May13.csv,2026-05-13,2026-05-13T15:28:42.873928+00:00,RUN-REAL-ESS-20260513-002
BLMN,Bloomin' Brands Inc,Common Stock,UNKNOWN,712310000,MICRO,STARMINE_COVERED,NEUTRAL,FIDELITY,SecurityExtract_ESS_2026May13.csv,2026-05-13,2026-05-13T15:28:42.873928+00:00,RUN-REAL-ESS-20260513-002
BCC,Boise Cascade Co,Common Stock,UNKNOWN,2390000000,MICRO,STARMINE_COVERED,NEUTRAL,FIDELITY,SecurityExtract_ESS_2026May13.csv,2026-05-13,2026-05-13T15:28:42.873928+00:00,RUN-REAL-ESS-20260513-002
BKNG,Booking Holdings Inc,Common Stock,UNKNOWN,124410000000,LARGE,STARMINE_COVERED,NEUTRAL,FIDELITY,SecurityExtract_ESS_2026May13.csv,2026-05-13,2026-05-13T15:28:42.873928+00:00,RUN-REAL-ESS-20260513-002
BSX,Boston Scientific Corp,Common Stock,UNKNOWN,80410000000,MID,STARMINE_COVERED,NEUTRAL,FIDELITY,SecurityExtract_ESS_2026May13.csv,2026-05-13,2026-05-13T15:28:42.873928+00:00,RUN-REAL-ESS-20260513-002
BYD,Boyd Gaming Corp,Common Stock,UNKNOWN,6110000000,SMALL,STARMINE_COVERED,NEUTRAL,FIDELITY,SecurityExtract_ESS_2026May13.csv,2026-05-13,2026-05-13T15:28:42.873928+00:00,RUN-REAL-ESS-20260513-002
BWB,Bridgewater Bancshares Inc,Common Stock,UNKNOWN,508590000,MICRO,STARMINE_COVERED,NEUTRAL,FIDELITY,SecurityExtract_ESS_2026May13.csv,2026-05-13,2026-05-13T15:28:42.873928+00:00,RUN-REAL-ESS-20260513-002
BHF,Brighthouse Financial Inc,Common Stock,UNKNOWN,3510000000,SMALL,STARMINE_COVERED,NEUTRAL,FIDELITY,SecurityExtract_ESS_2026May13.csv,2026-05-13,2026-05-13T15:28:42.873928+00:00,RUN-REAL-ESS-20260513-002
BV,BrightView Holdings Inc,Common Stock,UNKNOWN,1200000000,MICRO,STARMINE_COVERED,NEUTRAL,FIDELITY,SecurityExtract_ESS_2026May13.csv,2026-05-13,2026-05-13T15:28:42.873928+00:00,RUN-REAL-ESS-20260513-002
VTOL,Bristow Group Inc,Common Stock,UNKNOWN,1250000000,MICRO,STARMINE_COVERED,NEUTRAL,FIDELITY,SecurityExtract_ESS_2026May13.csv,2026-05-13,2026-05-13T15:28:42.873928+00:00,RUN-REAL-ESS-20260513-002
BIP,Brookfield Infrastructure Partners LP,Unit Trust Fund,UNKNOWN,17500000000,MID,STARMINE_COVERED,NEUTRAL,FIDELITY,SecurityExtract_ESS_2026May13.csv,2026-05-13,2026-05-13T15:28:42.873928+00:00,RUN-REAL-ESS-20260513-002
BRKR,Bruker Corporation,Common Stock,UNKNOWN,6810000000,SMALL,STARMINE_COVERED,NEUTRAL,FIDELITY,SecurityExtract_ESS_2026May13.csv,2026-05-13,2026-05-13T15:28:42.873928+00:00,RUN-REAL-ESS-20260513-002
BFST,Business First Bancshares Inc,Common Stock,UNKNOWN,884920000,MICRO,STARMINE_COVERED,NEUTRAL,FIDELITY,SecurityExtract_ESS_2026May13.csv,2026-05-13,2026-05-13T15:28:42.873928+00:00,RUN-REAL-ESS-20260513-002
BXP,BXP Inc,Common Stock (REIT),UNKNOWN,9410000000,SMALL,STARMINE_COVERED,NEUTRAL,FIDELITY,SecurityExtract_ESS_2026May13.csv,2026-05-13,2026-05-13T15:28:42.873928+00:00,RUN-REAL-ESS-20260513-002
CDNS,Cadence Design Systems Inc,Common Stock,UNKNOWN,98750000000,LARGE,STARMINE_COVERED,NEUTRAL,FIDELITY,SecurityExtract_ESS_2026May13.csv,2026-05-13,2026-05-13T15:28:42.873928+00:00,RUN-REAL-ESS-20260513-002
CPT,Camden Property Trust,Common Stock (REIT),UNKNOWN,10580000000,SMALL,STARMINE_COVERED,NEUTRAL,FIDELITY,SecurityExtract_ESS_2026May13.csv,2026-05-13,2026-05-13T15:28:42.873928+00:00,RUN-REAL-ESS-20260513-002
CAPR,Capricor Therapeutics Inc,Common Stock,UNKNOWN,1820000000,MICRO,STARMINE_COVERED,NEUTRAL,FIDELITY,SecurityExtract_ESS_2026May13.csv,2026-05-13,2026-05-13T15:28:42.873928+00:00,RUN-REAL-ESS-20260513-002
CRDF,Cardiff Oncology Inc,Common Stock,UNKNOWN,112130000,MICRO,STARMINE_COVERED,NEUTRAL,FIDELITY,SecurityExtract_ESS_2026May13.csv,2026-05-13,2026-05-13T15:28:42.873928+00:00,RUN-REAL-ESS-20260513-002
CTRE,CareTrust REIT Inc,Common Stock (REIT),UNKNOWN,9940000000,SMALL,STARMINE_COVERED,NEUTRAL,FIDELITY,SecurityExtract_ESS_2026May13.csv,2026-05-13,2026-05-13T15:28:42.873928+00:00,RUN-REAL-ESS-20260513-002
CSTL,Castle Biosciences Inc,Common Stock,UNKNOWN,565050000,MICRO,STARMINE_COVERED,NEUTRAL,FIDELITY,SecurityExtract_ESS_2026May13.csv,2026-05-13,2026-05-13T15:28:42.873928+00:00,RUN-REAL-ESS-20260513-002
CBRE,CBRE Group Inc,Common Stock,UNKNOWN,42180000000,MID,STARMINE_COVERED,NEUTRAL,FIDELITY,SecurityExtract_ESS_2026May13.csv,2026-05-13,2026-05-13T15:28:42.873928+00:00,RUN-REAL-ESS-20260513-002
CNP,CenterPoint Energy Inc.,Common Stock,UNKNOWN,27560000000,MID,STARMINE_COVERED,NEUTRAL,FIDELITY,SecurityExtract_ESS_2026May13.csv,2026-05-13,2026-05-13T15:28:42.873928+00:00,RUN-REAL-ESS-20260513-002
CNTY,Century Casinos Inc,Common Stock,UNKNOWN,39160000,MICRO,STARMINE_COVERED,NEUTRAL,FIDELITY,SecurityExtract_ESS_2026May13.csv,2026-05-13,2026-05-13T15:28:42.873928+00:00,RUN-REAL-ESS-20260513-002
CRNC,Cerence Inc,Common Stock,UNKNOWN,449170000,MICRO,STARMINE_COVERED,NEUTRAL,FIDELITY,SecurityExtract_ESS_2026May13.csv,2026-05-13,2026-05-13T15:28:42.873928+00:00,RUN-REAL-ESS-20260513-002
GTLS,Chart Industries Inc,Common Stock,UNKNOWN,9930000000,SMALL,STARMINE_COVERED,NEUTRAL,FIDELITY,SecurityExtract_ESS_2026May13.csv,2026-05-13,2026-05-13T15:28:42.873928+00:00,RUN-REAL-ESS-20260513-002
CHE,Chemed Corp,Common Stock,UNKNOWN,5570000000,SMALL,STARMINE_COVERED,NEUTRAL,FIDELITY,SecurityExtract_ESS_2026May13.csv,2026-05-13,2026-05-13T15:28:42.873928+00:00,RUN-REAL-ESS-20260513-002
CHMG,Chemung Financial Corp,Common Stock,UNKNOWN,316140000,MICRO,STARMINE_COVERED,NEUTRAL,FIDELITY,SecurityExtract_ESS_2026May13.csv,2026-05-13,2026-05-13T15:28:42.873928+00:00,RUN-REAL-ESS-20260513-002
CPK,Chesapeake Utilities Corp.,Common Stock,UNKNOWN,3030000000,MICRO,STARMINE_COVERED,NEUTRAL,FIDELITY,SecurityExtract_ESS_2026May13.csv,2026-05-13,2026-05-13T15:28:42.873928+00:00,RUN-REAL-ESS-20260513-002
CMG,Chipotle Mexican Grill Inc,Common Stock,UNKNOWN,41910000000,MID,STARMINE_COVERED,NEUTRAL,FIDELITY,SecurityExtract_ESS_2026May13.csv,2026-05-13,2026-05-13T15:28:42.873928+00:00,RUN-REAL-ESS-20260513-002
CTRN,Citi Trends Inc,Common Stock,UNKNOWN,363120000,MICRO,STARMINE_COVERED,NEUTRAL,FIDELITY,SecurityExtract_ESS_2026May13.csv,2026-05-13,2026-05-13T15:28:42.873928+00:00,RUN-REAL-ESS-20260513-002
CFG,Citizens Financial Group Inc,Common Stock,UNKNOWN,26200000000,MID,STARMINE_COVERED,NEUTRAL,FIDELITY,SecurityExtract_ESS_2026May13.csv,2026-05-13,2026-05-13T15:28:42.873928+00:00,RUN-REAL-ESS-20260513-002
CIA,Citizens Inc.,Common Stock,UNKNOWN,259340000,MICRO,STARMINE_COVERED,NEUTRAL,FIDELITY,SecurityExtract_ESS_2026May13.csv,2026-05-13,2026-05-13T15:28:42.873928+00:00,RUN-REAL-ESS-20260513-002
CLPR,Clipper Realty Inc,Common Stock,UNKNOWN,48310000,MICRO,STARMINE_COVERED,NEUTRAL,FIDELITY,SecurityExtract_ESS_2026May13.csv,2026-05-13,2026-05-13T15:28:42.873928+00:00,RUN-REAL-ESS-20260513-002
NET,Cloudflare Inc,Common Stock,UNKNOWN,66020000000,MID,STARMINE_COVERED,NEUTRAL,FIDELITY,SecurityExtract_ESS_2026May13.csv,2026-05-13,2026-05-13T15:28:42.873928+00:00,RUN-REAL-ESS-20260513-002
CME,CME Group Inc,Common Stock,UNKNOWN,103540000000,LARGE,STARMINE_COVERED,NEUTRAL,FIDELITY,SecurityExtract_ESS_2026May13.csv,2026-05-13,2026-05-13T15:28:42.873928+00:00,RUN-REAL-ESS-20260513-002
CCEP,Coca-Cola Europacific Partners PLC,Common Stock,UNKNOWN,41180000000,MID,STARMINE_COVERED,NEUTRAL,FIDELITY,SecurityExtract_ESS_2026May13.csv,2026-05-13,2026-05-13T15:28:42.873928+00:00,RUN-REAL-ESS-20260513-002
CDXS,Codexis Inc,Common Stock,UNKNOWN,230880000,MICRO,STARMINE_COVERED,NEUTRAL,FIDELITY,SecurityExtract_ESS_2026May13.csv,2026-05-13,2026-05-13T15:28:42.873928+00:00,RUN-REAL-ESS-20260513-002
CCOI,Cogent Communications Holdings Inc,Common Stock,UNKNOWN,806760000,MICRO,STARMINE_COVERED,NEUTRAL,FIDELITY,SecurityExtract_ESS_2026May13.csv,2026-05-13,2026-05-13T15:28:42.873928+00:00,RUN-REAL-ESS-20260513-002
CVLT,Commvault Systems Inc,Common Stock,UNKNOWN,4220000000,SMALL,STARMINE_COVERED,NEUTRAL,FIDELITY,SecurityExtract_ESS_2026May13.csv,2026-05-13,2026-05-13T15:28:42.873928+00:00,RUN-REAL-ESS-20260513-002
COMP,Compass Inc,Common Stock,UNKNOWN,6250000000,SMALL,STARMINE_COVERED,NEUTRAL,FIDELITY,SecurityExtract_ESS_2026May13.csv,2026-05-13,2026-05-13T15:28:42.873928+00:00,RUN-REAL-ESS-20260513-002
BBCP,Concrete Pumping Holdings Inc,Common Stock,UNKNOWN,368230000,MICRO,STARMINE_COVERED,NEUTRAL,FIDELITY,SecurityExtract_ESS_2026May13.csv,2026-05-13,2026-05-13T15:28:42.873928+00:00,RUN-REAL-ESS-20260513-002
CNOB,ConnectOne Bancorp Inc,Common Stock,UNKNOWN,1480000000,MICRO,STARMINE_COVERED,NEUTRAL,FIDELITY,SecurityExtract_ESS_2026May13.csv,2026-05-13,2026-05-13T15:28:42.873928+00:00,RUN-REAL-ESS-20260513-002
ED,Consolidated Edison Inc.,Common Stock,UNKNOWN,39400000000,MID,STARMINE_COVERED,NEUTRAL,FIDELITY,SecurityExtract_ESS_2026May13.csv,2026-05-13,2026-05-13T15:28:42.873928+00:00,RUN-REAL-ESS-20260513-002
CDP,COPT Defense Properties,Common Stock (REIT),UNKNOWN,3590000000,SMALL,STARMINE_COVERED,NEUTRAL,FIDELITY,SecurityExtract_ESS_2026May13.csv,2026-05-13,2026-05-13T15:28:42.873928+00:00,RUN-REAL-ESS-20260513-002
CRBP,Corbus Pharmaceuticals Holdings Inc,Common Stock,UNKNOWN,202720000,MICRO,STARMINE_COVERED,NEUTRAL,FIDELITY,SecurityExtract_ESS_2026May13.csv,2026-05-13,2026-05-13T15:28:42.873928+00:00,RUN-REAL-ESS-20260513-002
CRVS,Corvus Pharmaceuticals Inc,Common Stock,UNKNOWN,1340000000,MICRO,STARMINE_COVERED,NEUTRAL,FIDELITY,SecurityExtract_ESS_2026May13.csv,2026-05-13,2026-05-13T15:28:42.873928+00:00,RUN-REAL-ESS-20260513-002
COUR,Coursera Inc,Common Stock,UNKNOWN,1640000000,MICRO,STARMINE_COVERED,NEUTRAL,FIDELITY,SecurityExtract_ESS_2026May13.csv,2026-05-13,2026-05-13T15:28:42.873928+00:00,RUN-REAL-ESS-20260513-002
CVSA,Covista Inc,Common Stock,UNKNOWN,4370000000,SMALL,STARMINE_COVERED,NEUTRAL,FIDELITY,SecurityExtract_ESS_2026May13.csv,2026-05-13,2026-05-13T15:28:42.873928+00:00,RUN-REAL-ESS-20260513-002
CACC,Credit Acceptance Corp,Common Stock,UNKNOWN,5510000000,SMALL,STARMINE_COVERED,NEUTRAL,FIDELITY,SecurityExtract_ESS_2026May13.csv,2026-05-13,2026-05-13T15:28:42.873928+00:00,RUN-REAL-ESS-20260513-002
DECK,Deckers Outdoor Corp,Common Stock,UNKNOWN,13470000000,SMALL,STARMINE_COVERED,NEUTRAL,FIDELITY,SecurityExtract_ESS_2026May13.csv,2026-05-13,2026-05-13T15:28:42.873928+00:00,RUN-REAL-ESS-20260513-002
XRAY,DENTSPLY SIRONA Inc,Common Stock,UNKNOWN,2200000000,MICRO,STARMINE_COVERED,NEUTRAL,FIDELITY,SecurityExtract_ESS_2026May13.csv,2026-05-13,2026-05-13T15:28:42.873928+00:00,RUN-REAL-ESS-20260513-002
APPS,Digital Turbine Inc,Common Stock,UNKNOWN,464010000,MICRO,STARMINE_COVERED,NEUTRAL,FIDELITY,SecurityExtract_ESS_2026May13.csv,2026-05-13,2026-05-13T15:28:42.873928+00:00,RUN-REAL-ESS-20260513-002
DDS,Dillard's Inc.,Common Stock,UNKNOWN,8360000000,SMALL,STARMINE_COVERED,NEUTRAL,FIDELITY,SecurityExtract_ESS_2026May13.csv,2026-05-13,2026-05-13T15:28:42.873928+00:00,RUN-REAL-ESS-20260513-002
DIN,Dine Brands Global Inc,Common Stock,UNKNOWN,375980000,MICRO,STARMINE_COVERED,NEUTRAL,FIDELITY,SecurityExtract_ESS_2026May13.csv,2026-05-13,2026-05-13T15:28:42.873928+00:00,RUN-REAL-ESS-20260513-002
DOCU,DocuSign Inc.,Common Stock,UNKNOWN,8780000000,SMALL,STARMINE_COVERED,NEUTRAL,FIDELITY,SecurityExtract_ESS_2026May13.csv,2026-05-13,2026-05-13T15:28:42.873928+00:00,RUN-REAL-ESS-20260513-002
DLB,Dolby Laboratories Inc,Common Stock,UNKNOWN,5240000000,SMALL,STARMINE_COVERED,NEUTRAL,FIDELITY,SecurityExtract_ESS_2026May13.csv,2026-05-13,2026-05-13T15:28:42.873928+00:00,RUN-REAL-ESS-20260513-002
LPG,Dorian LPG Ltd,Common Stock,UNKNOWN,1720000000,MICRO,STARMINE_COVERED,NEUTRAL,FIDELITY,SecurityExtract_ESS_2026May13.csv,2026-05-13,2026-05-13T15:28:42.873928+00:00,RUN-REAL-ESS-20260513-002
DTE,DTE Energy Co,Common Stock,UNKNOWN,29660000000,MID,STARMINE_COVERED,NEUTRAL,FIDELITY,SecurityExtract_ESS_2026May13.csv,2026-05-13,2026-05-13T15:28:42.873928+00:00,RUN-REAL-ESS-20260513-002
DCO,Ducommun Inc,Common Stock,UNKNOWN,2190000000,MICRO,STARMINE_COVERED,NEUTRAL,FIDELITY,SecurityExtract_ESS_2026May13.csv,2026-05-13,2026-05-13T15:28:42.873928+00:00,RUN-REAL-ESS-20260513-002
DUK,Duke Energy Corp,Common Stock,UNKNOWN,97500000000,LARGE,STARMINE_COVERED,NEUTRAL,FIDELITY,SecurityExtract_ESS_2026May13.csv,2026-05-13,2026-05-13T15:28:42.873928+00:00,RUN-REAL-ESS-20260513-002
DUOL,Duolingo Inc,Common Stock,UNKNOWN,4940000000,SMALL,STARMINE_COVERED,NEUTRAL,FIDELITY,SecurityExtract_ESS_2026May13.csv,2026-05-13,2026-05-13T15:28:42.873928+00:00,RUN-REAL-ESS-20260513-002
EGBN,Eagle Bancorp Inc,Common Stock,UNKNOWN,774600000,MICRO,STARMINE_COVERED,NEUTRAL,FIDELITY,SecurityExtract_ESS_2026May13.csv,2026-05-13,2026-05-13T15:28:42.873928+00:00,RUN-REAL-ESS-20260513-002
EXP,Eagle Materials Inc,Common Stock,UNKNOWN,6350000000,SMALL,STARMINE_COVERED,NEUTRAL,FIDELITY,SecurityExtract_ESS_2026May13.csv,2026-05-13,2026-05-13T15:28:42.873928+00:00,RUN-REAL-ESS-20260513-002
DEA,Easterly Government Properties Inc,Common Stock (REIT),UNKNOWN,1070000000,MICRO,STARMINE_COVERED,NEUTRAL,FIDELITY,SecurityExtract_ESS_2026May13.csv,2026-05-13,2026-05-13T15:28:42.873928+00:00,RUN-REAL-ESS-20260513-002
SATS,EchoStar Corp,Common Stock,UNKNOWN,37500000000,MID,STARMINE_COVERED,NEUTRAL,FIDELITY,SecurityExtract_ESS_2026May13.csv,2026-05-13,2026-05-13T15:28:42.873928+00:00,RUN-REAL-ESS-20260513-002
EA,Electronic Arts Inc,Common Stock,UNKNOWN,50200000000,MID,STARMINE_COVERED,NEUTRAL,FIDELITY,SecurityExtract_ESS_2026May13.csv,2026-05-13,2026-05-13T15:28:42.873928+00:00,RUN-REAL-ESS-20260513-002
LLY,Eli Lilly and Co,Common Stock,UNKNOWN,932200000000,MEGA,STARMINE_COVERED,NEUTRAL,FIDELITY,SecurityExtract_ESS_2026May13.csv,2026-05-13,2026-05-13T15:28:42.873928+00:00,RUN-REAL-ESS-20260513-002
EIG,Employers Holdings Inc,Common Stock,UNKNOWN,753980000,MICRO,STARMINE_COVERED,NEUTRAL,FIDELITY,SecurityExtract_ESS_2026May13.csv,2026-05-13,2026-05-13T15:28:42.873928+00:00,RUN-REAL-ESS-20260513-002
ENTA,Enanta Pharmaceuticals Inc,Common Stock,UNKNOWN,421650000,MICRO,STARMINE_COVERED,NEUTRAL,FIDELITY,SecurityExtract_ESS_2026May13.csv,2026-05-13,2026-05-13T15:28:42.873928+00:00,RUN-REAL-ESS-20260513-002
ENR,Energizer Holdings Inc,Common Stock,UNKNOWN,1210000000,MICRO,STARMINE_COVERED,NEUTRAL,FIDELITY,SecurityExtract_ESS_2026May13.csv,2026-05-13,2026-05-13T15:28:42.873928+00:00,RUN-REAL-ESS-20260513-002
EPAC,Enerpac Tool Group Corp,Common Stock,UNKNOWN,1770000000,MICRO,STARMINE_COVERED,NEUTRAL,FIDELITY,SecurityExtract_ESS_2026May13.csv,2026-05-13,2026-05-13T15:28:42.873928+00:00,RUN-REAL-ESS-20260513-002
ETR,Entergy corporation,Common Stock,UNKNOWN,51710000000,MID,STARMINE_COVERED,NEUTRAL,FIDELITY,SecurityExtract_ESS_2026May13.csv,2026-05-13,2026-05-13T15:28:42.873928+00:00,RUN-REAL-ESS-20260513-002
NVST,Envista Holdings Corp,Common Stock,UNKNOWN,3950000000,SMALL,STARMINE_COVERED,NEUTRAL,FIDELITY,SecurityExtract_ESS_2026May13.csv,2026-05-13,2026-05-13T15:28:42.873928+00:00,RUN-REAL-ESS-20260513-002
EPAM,EPAM Systems Inc,Common Stock,UNKNOWN,4970000000,SMALL,STARMINE_COVERED,NEUTRAL,FIDELITY,SecurityExtract_ESS_2026May13.csv,2026-05-13,2026-05-13T15:28:42.873928+00:00,RUN-REAL-ESS-20260513-002
EQT,EQT Corp,Common Stock,UNKNOWN,34890000000,MID,STARMINE_COVERED,NEUTRAL,FIDELITY,SecurityExtract_ESS_2026May13.csv,2026-05-13,2026-05-13T15:28:42.873928+00:00,RUN-REAL-ESS-20260513-002
ESE,ESCO Technologies Inc.,Common Stock,UNKNOWN,7770000000,SMALL,STARMINE_COVERED,NEUTRAL,FIDELITY,SecurityExtract_ESS_2026May13.csv,2026-05-13,2026-05-13T15:28:42.873928+00:00,RUN-REAL-ESS-20260513-002
ESQ,Esquire Financial Holdings Inc,Common Stock,UNKNOWN,910290000,MICRO,STARMINE_COVERED,NEUTRAL,FIDELITY,SecurityExtract_ESS_2026May13.csv,2026-05-13,2026-05-13T15:28:42.873928+00:00,RUN-REAL-ESS-20260513-002
WTRG,Essential Utilities Inc,Common Stock,UNKNOWN,10770000000,SMALL,STARMINE_COVERED,NEUTRAL,FIDELITY,SecurityExtract_ESS_2026May13.csv,2026-05-13,2026-05-13T15:28:42.873928+00:00,RUN-REAL-ESS-20260513-002
ECG,Everus Construction Group Inc,Common Stock,UNKNOWN,8140000000,SMALL,STARMINE_COVERED,NEUTRAL,FIDELITY,SecurityExtract_ESS_2026May13.csv,2026-05-13,2026-05-13T15:28:42.873928+00:00,RUN-REAL-ESS-20260513-002
EVI,EVI Industries Inc,Common Stock,UNKNOWN,217610000,MICRO,STARMINE_COVERED,NEUTRAL,FIDELITY,SecurityExtract_ESS_2026May13.csv,2026-05-13,2026-05-13T15:28:42.873928+00:00,RUN-REAL-ESS-20260513-002
EXTR,Extreme Networks Inc,Common Stock,UNKNOWN,2980000000,MICRO,STARMINE_COVERED,NEUTRAL,FIDELITY,SecurityExtract_ESS_2026May13.csv,2026-05-13,2026-05-13T15:28:42.873928+00:00,RUN-REAL-ESS-20260513-002
FNB,F.N.B. Corp,Common Stock,UNKNOWN,6250000000,SMALL,STARMINE_COVERED,NEUTRAL,FIDELITY,SecurityExtract_ESS_2026May13.csv,2026-05-13,2026-05-13T15:28:42.873928+00:00,RUN-REAL-ESS-20260513-002
FMNB,Farmers National Banc Corp/OH,Common Stock,UNKNOWN,826050000,MICRO,STARMINE_COVERED,NEUTRAL,FIDELITY,SecurityExtract_ESS_2026May13.csv,2026-05-13,2026-05-13T15:28:42.873928+00:00,RUN-REAL-ESS-20260513-002
RACE,Ferrari NV,Common Stock,UNKNOWN,58070000000,MID,STARMINE_COVERED,NEUTRAL,FIDELITY,SecurityExtract_ESS_2026May13.csv,2026-05-13,2026-05-13T15:28:42.873928+00:00,RUN-REAL-ESS-20260513-002
FHB,First Hawaiian Inc,Common Stock,UNKNOWN,3210000000,MICRO,STARMINE_COVERED,NEUTRAL,FIDELITY,SecurityExtract_ESS_2026May13.csv,2026-05-13,2026-05-13T15:28:42.873928+00:00,RUN-REAL-ESS-20260513-002
INBK,First Internet Bancorp,Common Stock,UNKNOWN,213300000,MICRO,STARMINE_COVERED,NEUTRAL,FIDELITY,SecurityExtract_ESS_2026May13.csv,2026-05-13,2026-05-13T15:28:42.873928+00:00,RUN-REAL-ESS-20260513-002
FMBH,First Mid Bancshares Inc,Common Stock,UNKNOWN,1140000000,MICRO,STARMINE_COVERED,NEUTRAL,FIDELITY,SecurityExtract_ESS_2026May13.csv,2026-05-13,2026-05-13T15:28:42.873928+00:00,RUN-REAL-ESS-20260513-002
MYFW,First Western Financial Inc,Common Stock,UNKNOWN,282720000,MICRO,STARMINE_COVERED,NEUTRAL,FIDELITY,SecurityExtract_ESS_2026May13.csv,2026-05-13,2026-05-13T15:28:42.873928+00:00,RUN-REAL-ESS-20260513-002
FVRR,Fiverr International Ltd,Common Stock,UNKNOWN,392230000,MICRO,STARMINE_COVERED,NEUTRAL,FIDELITY,SecurityExtract_ESS_2026May13.csv,2026-05-13,2026-05-13T15:28:42.873928+00:00,RUN-REAL-ESS-20260513-002
FTK,Flotek Industries Inc,Common Stock,UNKNOWN,615010000,MICRO,STARMINE_COVERED,NEUTRAL,FIDELITY,SecurityExtract_ESS_2026May13.csv,2026-05-13,2026-05-13T15:28:42.873928+00:00,RUN-REAL-ESS-20260513-002
FLS,Flowserve Corp.,Common Stock,UNKNOWN,8870000000,SMALL,STARMINE_COVERED,NEUTRAL,FIDELITY,SecurityExtract_ESS_2026May13.csv,2026-05-13,2026-05-13T15:28:42.873928+00:00,RUN-REAL-ESS-20260513-002
FBRX,Forte Biosciences Inc,Common Stock,UNKNOWN,497430000,MICRO,STARMINE_COVERED,NEUTRAL,FIDELITY,SecurityExtract_ESS_2026May13.csv,2026-05-13,2026-05-13T15:28:42.873928+00:00,RUN-REAL-ESS-20260513-002
FNV,Franco-Nevada Corp,Common Stock,UNKNOWN,45690000000,MID,STARMINE_COVERED,NEUTRAL,FIDELITY,SecurityExtract_ESS_2026May13.csv,2026-05-13,2026-05-13T15:28:42.873928+00:00,RUN-REAL-ESS-20260513-002
FCX,Freeport-McMoRan Inc,Common Stock,UNKNOWN,94920000000,LARGE,STARMINE_COVERED,NEUTRAL,FIDELITY,SecurityExtract_ESS_2026May13.csv,2026-05-13,2026-05-13T15:28:42.873928+00:00,RUN-REAL-ESS-20260513-002
FTDR,Frontdoor Inc,Common Stock,UNKNOWN,4460000000,SMALL,STARMINE_COVERED,NEUTRAL,FIDELITY,SecurityExtract_ESS_2026May13.csv,2026-05-13,2026-05-13T15:28:42.873928+00:00,RUN-REAL-ESS-20260513-002
FTAI,FTAI Aviation Ltd,Common Stock,UNKNOWN,27310000000,MID,STARMINE_COVERED,NEUTRAL,FIDELITY,SecurityExtract_ESS_2026May13.csv,2026-05-13,2026-05-13T15:28:42.873928+00:00,RUN-REAL-ESS-20260513-002
GALT,Galectin Therapeutics Inc,Common Stock,UNKNOWN,148110000,MICRO,STARMINE_COVERED,NEUTRAL,FIDELITY,SecurityExtract_ESS_2026May13.csv,2026-05-13,2026-05-13T15:28:42.873928+00:00,RUN-REAL-ESS-20260513-002
GAP,Gap Inc,Common Stock,UNKNOWN,7820000000,SMALL,STARMINE_COVERED,NEUTRAL,FIDELITY,SecurityExtract_ESS_2026May13.csv,2026-05-13,2026-05-13T15:28:42.873928+00:00,RUN-REAL-ESS-20260513-002
GRMN,Garmin Ltd,Common Stock,UNKNOWN,45700000000,MID,STARMINE_COVERED,NEUTRAL,FIDELITY,SecurityExtract_ESS_2026May13.csv,2026-05-13,2026-05-13T15:28:42.873928+00:00,RUN-REAL-ESS-20260513-002
GTX,Garrett Motion Inc,Common Stock,UNKNOWN,5540000000,SMALL,STARMINE_COVERED,NEUTRAL,FIDELITY,SecurityExtract_ESS_2026May13.csv,2026-05-13,2026-05-13T15:28:42.873928+00:00,RUN-REAL-ESS-20260513-002
GEHC,GE HealthCare Technologies Inc,Common Stock,UNKNOWN,28340000000,MID,STARMINE_COVERED,NEUTRAL,FIDELITY,SecurityExtract_ESS_2026May13.csv,2026-05-13,2026-05-13T15:28:42.873928+00:00,RUN-REAL-ESS-20260513-002
G,Genpact Ltd,Common Stock,UNKNOWN,5300000000,SMALL,STARMINE_COVERED,NEUTRAL,FIDELITY,SecurityExtract_ESS_2026May13.csv,2026-05-13,2026-05-13T15:28:42.873928+00:00,RUN-REAL-ESS-20260513-002
ROCK,Gibraltar Industries Inc,Common Stock,UNKNOWN,1120000000,MICRO,STARMINE_COVERED,NEUTRAL,FIDELITY,SecurityExtract_ESS_2026May13.csv,2026-05-13,2026-05-13T15:28:42.873928+00:00,RUN-REAL-ESS-20260513-002
GNL,Global Net Lease Inc,Common Stock (REIT),UNKNOWN,1930000000,MICRO,STARMINE_COVERED,NEUTRAL,FIDELITY,SecurityExtract_ESS_2026May13.csv,2026-05-13,2026-05-13T15:28:42.873928+00:00,RUN-REAL-ESS-20260513-002
GDDY,GoDaddy Inc,Common Stock,UNKNOWN,11520000000,SMALL,STARMINE_COVERED,NEUTRAL,FIDELITY,SecurityExtract_ESS_2026May13.csv,2026-05-13,2026-05-13T15:28:42.873928+00:00,RUN-REAL-ESS-20260513-002
GLNG,Golar LNG Ltd,Common Stock,UNKNOWN,5830000000,SMALL,STARMINE_COVERED,NEUTRAL,FIDELITY,SecurityExtract_ESS_2026May13.csv,2026-05-13,2026-05-13T15:28:42.873928+00:00,RUN-REAL-ESS-20260513-002
GOLD,Gold.com Inc,Common Stock,UNKNOWN,1200000000,MICRO,STARMINE_COVERED,NEUTRAL,FIDELITY,SecurityExtract_ESS_2026May13.csv,2026-05-13,2026-05-13T15:28:42.873928+00:00,RUN-REAL-ESS-20260513-002
GOSS,Gossamer Bio Inc,Common Stock,UNKNOWN,79940000,MICRO,STARMINE_COVERED,NEUTRAL,FIDELITY,SecurityExtract_ESS_2026May13.csv,2026-05-13,2026-05-13T15:28:42.873928+00:00,RUN-REAL-ESS-20260513-002
GVA,Granite Construction Inc,Common Stock,UNKNOWN,6140000000,SMALL,STARMINE_COVERED,NEUTRAL,FIDELITY,SecurityExtract_ESS_2026May13.csv,2026-05-13,2026-05-13T15:28:42.873928+00:00,RUN-REAL-ESS-20260513-002
TV,Grupo Televisa SAB,Depository Receipt,UNKNOWN,1520000000,MICRO,STARMINE_COVERED,NEUTRAL,FIDELITY,SecurityExtract_ESS_2026May13.csv,2026-05-13,2026-05-13T15:28:42.873928+00:00,RUN-REAL-ESS-20260513-002
FUL,H.B. Fuller Co.,Common Stock,UNKNOWN,3290000000,MICRO,STARMINE_COVERED,NEUTRAL,FIDELITY,SecurityExtract_ESS_2026May13.csv,2026-05-13,2026-05-13T15:28:42.873928+00:00,RUN-REAL-ESS-20260513-002
HCKT,Hackett Group Inc (The),Common Stock,UNKNOWN,257940000,MICRO,STARMINE_COVERED,NEUTRAL,FIDELITY,SecurityExtract_ESS_2026May13.csv,2026-05-13,2026-05-13T15:28:42.873928+00:00,RUN-REAL-ESS-20260513-002
HAE,Haemonetics Corp,Common Stock,UNKNOWN,2510000000,MICRO,STARMINE_COVERED,NEUTRAL,FIDELITY,SecurityExtract_ESS_2026May13.csv,2026-05-13,2026-05-13T15:28:42.873928+00:00,RUN-REAL-ESS-20260513-002
HROW,Harrow Inc,Common Stock,UNKNOWN,1080000000,MICRO,STARMINE_COVERED,NEUTRAL,FIDELITY,SecurityExtract_ESS_2026May13.csv,2026-05-13,2026-05-13T15:28:42.873928+00:00,RUN-REAL-ESS-20260513-002
HAS,Hasbro Inc.,Common Stock,UNKNOWN,13370000000,SMALL,STARMINE_COVERED,NEUTRAL,FIDELITY,SecurityExtract_ESS_2026May13.csv,2026-05-13,2026-05-13T15:28:42.873928+00:00,RUN-REAL-ESS-20260513-002
HWKN,Hawkins Inc,Common Stock,UNKNOWN,3520000000,SMALL,STARMINE_COVERED,NEUTRAL,FIDELITY,SecurityExtract_ESS_2026May13.csv,2026-05-13,2026-05-13T15:28:42.873928+00:00,RUN-REAL-ESS-20260513-002
HAYW,Hayward Holdings Inc,Common Stock,UNKNOWN,3020000000,MICRO,STARMINE_COVERED,NEUTRAL,FIDELITY,SecurityExtract_ESS_2026May13.csv,2026-05-13,2026-05-13T15:28:42.873928+00:00,RUN-REAL-ESS-20260513-002
HCA,HCA Healthcare Inc,Common Stock,UNKNOWN,95320000000,LARGE,STARMINE_COVERED,NEUTRAL,FIDELITY,SecurityExtract_ESS_2026May13.csv,2026-05-13,2026-05-13T15:28:42.873928+00:00,RUN-REAL-ESS-20260513-002
HCAT,Health Catalyst Inc,Common Stock,UNKNOWN,109360000,MICRO,STARMINE_COVERED,NEUTRAL,FIDELITY,SecurityExtract_ESS_2026May13.csv,2026-05-13,2026-05-13T15:28:42.873928+00:00,RUN-REAL-ESS-20260513-002
HL,Hecla Mining Co,Common Stock,UNKNOWN,13800000000,SMALL,STARMINE_COVERED,NEUTRAL,FIDELITY,SecurityExtract_ESS_2026May13.csv,2026-05-13,2026-05-13T15:28:42.873928+00:00,RUN-REAL-ESS-20260513-002
HOFT,Hooker Furnishings Corp,Common Stock,UNKNOWN,135250000,MICRO,STARMINE_COVERED,NEUTRAL,FIDELITY,SecurityExtract_ESS_2026May13.csv,2026-05-13,2026-05-13T15:28:42.873928+00:00,RUN-REAL-ESS-20260513-002
HLI,Houlihan Lokey Inc,Common Stock,UNKNOWN,10390000000,SMALL,STARMINE_COVERED,NEUTRAL,FIDELITY,SecurityExtract_ESS_2026May13.csv,2026-05-13,2026-05-13T15:28:42.873928+00:00,RUN-REAL-ESS-20260513-002
HSBC,HSBC Holdings PLC,Depository Receipt,UNKNOWN,309200000000,LARGE,STARMINE_COVERED,NEUTRAL,FIDELITY,SecurityExtract_ESS_2026May13.csv,2026-05-13,2026-05-13T15:28:42.873928+00:00,RUN-REAL-ESS-20260513-002
HUBG,Hub Group Inc,Common Stock,UNKNOWN,2240000000,MICRO,STARMINE_COVERED,NEUTRAL,FIDELITY,SecurityExtract_ESS_2026May13.csv,2026-05-13,2026-05-13T15:28:42.873928+00:00,RUN-REAL-ESS-20260513-002
HBM,Hudbay Minerals Inc,Common Stock,UNKNOWN,10770000000,SMALL,STARMINE_COVERED,NEUTRAL,FIDELITY,SecurityExtract_ESS_2026May13.csv,2026-05-13,2026-05-13T15:28:42.873928+00:00,RUN-REAL-ESS-20260513-002
HURN,Huron Consulting Group Inc,Common Stock,UNKNOWN,1790000000,MICRO,STARMINE_COVERED,NEUTRAL,FIDELITY,SecurityExtract_ESS_2026May13.csv,2026-05-13,2026-05-13T15:28:42.873928+00:00,RUN-REAL-ESS-20260513-002
HY,Hyster Yale Inc,Common Stock,UNKNOWN,652500000,MICRO,STARMINE_COVERED,NEUTRAL,FIDELITY,SecurityExtract_ESS_2026May13.csv,2026-05-13,2026-05-13T15:28:42.873928+00:00,RUN-REAL-ESS-20260513-002
IIIV,i3 Verticals Inc,Common Stock,UNKNOWN,528190000,MICRO,STARMINE_COVERED,NEUTRAL,FIDELITY,SecurityExtract_ESS_2026May13.csv,2026-05-13,2026-05-13T15:28:42.873928+00:00,RUN-REAL-ESS-20260513-002
ICUI,ICU Medical Inc,Common Stock,UNKNOWN,3080000000,MICRO,STARMINE_COVERED,NEUTRAL,FIDELITY,SecurityExtract_ESS_2026May13.csv,2026-05-13,2026-05-13T15:28:42.873928+00:00,RUN-REAL-ESS-20260513-002
IESC,IES Holdings Inc,Common Stock,UNKNOWN,13660000000,SMALL,STARMINE_COVERED,NEUTRAL,FIDELITY,SecurityExtract_ESS_2026May13.csv,2026-05-13,2026-05-13T15:28:42.873928+00:00,RUN-REAL-ESS-20260513-002
IRT,Independence Realty Trust Inc,Common Stock,UNKNOWN,3880000000,SMALL,STARMINE_COVERED,NEUTRAL,FIDELITY,SecurityExtract_ESS_2026May13.csv,2026-05-13,2026-05-13T15:28:42.873928+00:00,RUN-REAL-ESS-20260513-002
INGR,Ingredion Inc,Common Stock,UNKNOWN,6730000000,SMALL,STARMINE_COVERED,NEUTRAL,FIDELITY,SecurityExtract_ESS_2026May13.csv,2026-05-13,2026-05-13T15:28:42.873928+00:00,RUN-REAL-ESS-20260513-002
INO,Inovio Pharmaceuticals Inc,Common Stock,UNKNOWN,114910000,MICRO,STARMINE_COVERED,NEUTRAL,FIDELITY,SecurityExtract_ESS_2026May13.csv,2026-05-13,2026-05-13T15:28:42.873928+00:00,RUN-REAL-ESS-20260513-002
NSP,Insperity Inc.,Common Stock,UNKNOWN,1200000000,MICRO,STARMINE_COVERED,NEUTRAL,FIDELITY,SecurityExtract_ESS_2026May13.csv,2026-05-13,2026-05-13T15:28:42.873928+00:00,RUN-REAL-ESS-20260513-002
INTC,Intel Corp,Common Stock,UNKNOWN,606190000000,MEGA,STARMINE_COVERED,NEUTRAL,FIDELITY,SecurityExtract_ESS_2026May13.csv,2026-05-13,2026-05-13T15:28:42.873928+00:00,RUN-REAL-ESS-20260513-002
ICE,Intercontinental Exchange Inc,Common Stock,UNKNOWN,88110000000,LARGE,STARMINE_COVERED,NEUTRAL,FIDELITY,SecurityExtract_ESS_2026May13.csv,2026-05-13,2026-05-13T15:28:42.873928+00:00,RUN-REAL-ESS-20260513-002
IPAR,Interparfums Inc,Common Stock,UNKNOWN,2890000000,MICRO,STARMINE_COVERED,NEUTRAL,FIDELITY,SecurityExtract_ESS_2026May13.csv,2026-05-13,2026-05-13T15:28:42.873928+00:00,RUN-REAL-ESS-20260513-002
IPI,Intrepid Potash Inc,Common Stock,UNKNOWN,627050000,MICRO,STARMINE_COVERED,NEUTRAL,FIDELITY,SecurityExtract_ESS_2026May13.csv,2026-05-13,2026-05-13T15:28:42.873928+00:00,RUN-REAL-ESS-20260513-002
ISRG,Intuitive Surgical Inc,Common Stock,UNKNOWN,152950000000,LARGE,STARMINE_COVERED,NEUTRAL,FIDELITY,SecurityExtract_ESS_2026May13.csv,2026-05-13,2026-05-13T15:28:42.873928+00:00,RUN-REAL-ESS-20260513-002
ISTR,Investar Holding Corp,Common Stock,UNKNOWN,384580000,MICRO,STARMINE_COVERED,NEUTRAL,FIDELITY,SecurityExtract_ESS_2026May13.csv,2026-05-13,2026-05-13T15:28:42.873928+00:00,RUN-REAL-ESS-20260513-002
IOVA,Iovance Biotherapeutics Inc,Common Stock,UNKNOWN,1590000000,MICRO,STARMINE_COVERED,NEUTRAL,FIDELITY,SecurityExtract_ESS_2026May13.csv,2026-05-13,2026-05-13T15:28:42.873928+00:00,RUN-REAL-ESS-20260513-002
IRM,Iron Mountain Inc,Common Stock (REIT),UNKNOWN,37550000000,MID,STARMINE_COVERED,NEUTRAL,FIDELITY,SecurityExtract_ESS_2026May13.csv,2026-05-13,2026-05-13T15:28:42.873928+00:00,RUN-REAL-ESS-20260513-002
JILL,J Jill Inc,Common Stock,UNKNOWN,176040000,MICRO,STARMINE_COVERED,NEUTRAL,FIDELITY,SecurityExtract_ESS_2026May13.csv,2026-05-13,2026-05-13T15:28:42.873928+00:00,RUN-REAL-ESS-20260513-002
JBLU,JetBlue Airways Corp,Common Stock,UNKNOWN,1760000000,MICRO,STARMINE_COVERED,NEUTRAL,FIDELITY,SecurityExtract_ESS_2026May13.csv,2026-05-13,2026-05-13T15:28:42.873928+00:00,RUN-REAL-ESS-20260513-002
JOUT,Johnson Outdoors Inc,Common Stock,UNKNOWN,455240000,MICRO,STARMINE_COVERED,NEUTRAL,FIDELITY,SecurityExtract_ESS_2026May13.csv,2026-05-13,2026-05-13T15:28:42.873928+00:00,RUN-REAL-ESS-20260513-002
KNTK,Kinetik Holdings Inc,Common Stock,UNKNOWN,7940000000,SMALL,STARMINE_COVERED,NEUTRAL,FIDELITY,SecurityExtract_ESS_2026May13.csv,2026-05-13,2026-05-13T15:28:42.873928+00:00,RUN-REAL-ESS-20260513-002
KGC,Kinross Gold Corp,Common Stock,UNKNOWN,37890000000,MID,STARMINE_COVERED,NEUTRAL,FIDELITY,SecurityExtract_ESS_2026May13.csv,2026-05-13,2026-05-13T15:28:42.873928+00:00,RUN-REAL-ESS-20260513-002
KR,Kroger Co. (The),Common Stock,UNKNOWN,39580000000,MID,STARMINE_COVERED,NEUTRAL,FIDELITY,SecurityExtract_ESS_2026May13.csv,2026-05-13,2026-05-13T15:28:42.873928+00:00,RUN-REAL-ESS-20260513-002
FSTR,L.B. Foster Co,Common Stock,UNKNOWN,428300000,MICRO,STARMINE_COVERED,NEUTRAL,FIDELITY,SecurityExtract_ESS_2026May13.csv,2026-05-13,2026-05-13T15:28:42.873928+00:00,RUN-REAL-ESS-20260513-002
LNTH,Lantheus Holdings Inc,Common Stock,UNKNOWN,6270000000,SMALL,STARMINE_COVERED,NEUTRAL,FIDELITY,SecurityExtract_ESS_2026May13.csv,2026-05-13,2026-05-13T15:28:42.873928+00:00,RUN-REAL-ESS-20260513-002
LCNB,LCNB Corp,Common Stock,UNKNOWN,224800000,MICRO,STARMINE_COVERED,NEUTRAL,FIDELITY,SecurityExtract_ESS_2026May13.csv,2026-05-13,2026-05-13T15:28:42.873928+00:00,RUN-REAL-ESS-20260513-002
LEGH,Legacy Housing Corp,Common Stock,UNKNOWN,528670000,MICRO,STARMINE_COVERED,NEUTRAL,FIDELITY,SecurityExtract_ESS_2026May13.csv,2026-05-13,2026-05-13T15:28:42.873928+00:00,RUN-REAL-ESS-20260513-002
LC,LendingClub Corp,Common Stock,UNKNOWN,1880000000,MICRO,STARMINE_COVERED,NEUTRAL,FIDELITY,SecurityExtract_ESS_2026May13.csv,2026-05-13,2026-05-13T15:28:42.873928+00:00,RUN-REAL-ESS-20260513-002
LBRDK,Liberty Broadband Corp,Common Stock,UNKNOWN,4310000000,SMALL,STARMINE_COVERED,NEUTRAL,FIDELITY,SecurityExtract_ESS_2026May13.csv,2026-05-13,2026-05-13T15:28:42.873928+00:00,RUN-REAL-ESS-20260513-002
LWAY,Lifeway Foods Inc,Common Stock,UNKNOWN,387550000,MICRO,STARMINE_COVERED,NEUTRAL,FIDELITY,SecurityExtract_ESS_2026May13.csv,2026-05-13,2026-05-13T15:28:42.873928+00:00,RUN-REAL-ESS-20260513-002
LIND,Lindblad Expeditions Holdings Inc,Common Stock,UNKNOWN,1250000000,MICRO,STARMINE_COVERED,NEUTRAL,FIDELITY,SecurityExtract_ESS_2026May13.csv,2026-05-13,2026-05-13T15:28:42.873928+00:00,RUN-REAL-ESS-20260513-002
LIN,Linde Plc,Common Stock,UNKNOWN,232960000000,LARGE,STARMINE_COVERED,NEUTRAL,FIDELITY,SecurityExtract_ESS_2026May13.csv,2026-05-13,2026-05-13T15:28:42.873928+00:00,RUN-REAL-ESS-20260513-002
LQDT,Liquidity Services Inc,Common Stock,UNKNOWN,1050000000,MICRO,STARMINE_COVERED,NEUTRAL,FIDELITY,SecurityExtract_ESS_2026May13.csv,2026-05-13,2026-05-13T15:28:42.873928+00:00,RUN-REAL-ESS-20260513-002
LAD,Lithia Motors Inc.,Common Stock,UNKNOWN,6280000000,SMALL,STARMINE_COVERED,NEUTRAL,FIDELITY,SecurityExtract_ESS_2026May13.csv,2026-05-13,2026-05-13T15:28:42.873928+00:00,RUN-REAL-ESS-20260513-002
LIVN,LivaNova PLC,Common Stock,UNKNOWN,3940000000,SMALL,STARMINE_COVERED,NEUTRAL,FIDELITY,SecurityExtract_ESS_2026May13.csv,2026-05-13,2026-05-13T15:28:42.873928+00:00,RUN-REAL-ESS-20260513-002
LKQ,LKQ Corporation,Common Stock,UNKNOWN,6840000000,SMALL,STARMINE_COVERED,NEUTRAL,FIDELITY,SecurityExtract_ESS_2026May13.csv,2026-05-13,2026-05-13T15:28:42.873928+00:00,RUN-REAL-ESS-20260513-002
LOVE,Lovesac Co (The),Common Stock,UNKNOWN,233970000,MICRO,STARMINE_COVERED,NEUTRAL,FIDELITY,SecurityExtract_ESS_2026May13.csv,2026-05-13,2026-05-13T15:28:42.873928+00:00,RUN-REAL-ESS-20260513-002
LYTS,LSI Industries Inc,Common Stock,UNKNOWN,888430000,MICRO,STARMINE_COVERED,NEUTRAL,FIDELITY,SecurityExtract_ESS_2026May13.csv,2026-05-13,2026-05-13T15:28:42.873928+00:00,RUN-REAL-ESS-20260513-002
LITE,Lumentum Holdings Inc,Common Stock,UNKNOWN,77210000000,MID,STARMINE_COVERED,NEUTRAL,FIDELITY,SecurityExtract_ESS_2026May13.csv,2026-05-13,2026-05-13T15:28:42.873928+00:00,RUN-REAL-ESS-20260513-002
LXFR,Luxfer Holdings PLC,Common Stock,UNKNOWN,406710000,MICRO,STARMINE_COVERED,NEUTRAL,FIDELITY,SecurityExtract_ESS_2026May13.csv,2026-05-13,2026-05-13T15:28:42.873928+00:00,RUN-REAL-ESS-20260513-002
MAC,Macerich Co (The),Common Stock (REIT),UNKNOWN,5810000000,SMALL,STARMINE_COVERED,NEUTRAL,FIDELITY,SecurityExtract_ESS_2026May13.csv,2026-05-13,2026-05-13T15:28:42.873928+00:00,RUN-REAL-ESS-20260513-002
MBUU,Malibu Boats Inc,Common Stock,UNKNOWN,551800000,MICRO,STARMINE_COVERED,NEUTRAL,FIDELITY,SecurityExtract_ESS_2026May13.csv,2026-05-13,2026-05-13T15:28:42.873928+00:00,RUN-REAL-ESS-20260513-002
TUSK,Mammoth Energy Services Inc,Common Stock,UNKNOWN,141620000,MICRO,STARMINE_COVERED,NEUTRAL,FIDELITY,SecurityExtract_ESS_2026May13.csv,2026-05-13,2026-05-13T15:28:42.873928+00:00,RUN-REAL-ESS-20260513-002
MNKD,MannKind Corp,Common Stock,UNKNOWN,1010000000,MICRO,STARMINE_COVERED,NEUTRAL,FIDELITY,SecurityExtract_ESS_2026May13.csv,2026-05-13,2026-05-13T15:28:42.873928+00:00,RUN-REAL-ESS-20260513-002
CART,Maplebear Inc,Common Stock,UNKNOWN,9180000000,SMALL,STARMINE_COVERED,NEUTRAL,FIDELITY,SecurityExtract_ESS_2026May13.csv,2026-05-13,2026-05-13T15:28:42.873928+00:00,RUN-REAL-ESS-20260513-002
MPX,Marine Products Corp,Common Stock,UNKNOWN,279690000,MICRO,STARMINE_COVERED,NEUTRAL,FIDELITY,SecurityExtract_ESS_2026May13.csv,2026-05-13,2026-05-13T15:28:42.873928+00:00,RUN-REAL-ESS-20260513-002
MRSH,Marsh and McLennan Companies Inc,Common Stock,UNKNOWN,78720000000,MID,STARMINE_COVERED,NEUTRAL,FIDELITY,SecurityExtract_ESS_2026May13.csv,2026-05-13,2026-05-13T15:28:42.873928+00:00,RUN-REAL-ESS-20260513-002
MRTN,Marten Transport Ltd,Common Stock,UNKNOWN,1210000000,MICRO,STARMINE_COVERED,NEUTRAL,FIDELITY,SecurityExtract_ESS_2026May13.csv,2026-05-13,2026-05-13T15:28:42.873928+00:00,RUN-REAL-ESS-20260513-002
MXL,MaxLinear Inc,Common Stock,UNKNOWN,8230000000,SMALL,STARMINE_COVERED,NEUTRAL,FIDELITY,SecurityExtract_ESS_2026May13.csv,2026-05-13,2026-05-13T15:28:42.873928+00:00,RUN-REAL-ESS-20260513-002
MGRC,McGrath RentCorp,Common Stock,UNKNOWN,2790000000,MICRO,STARMINE_COVERED,NEUTRAL,FIDELITY,SecurityExtract_ESS_2026May13.csv,2026-05-13,2026-05-13T15:28:42.873928+00:00,RUN-REAL-ESS-20260513-002
MDU,MDU Resources Group Inc.,Common Stock,UNKNOWN,4760000000,SMALL,STARMINE_COVERED,NEUTRAL,FIDELITY,SecurityExtract_ESS_2026May13.csv,2026-05-13,2026-05-13T15:28:42.873928+00:00,RUN-REAL-ESS-20260513-002
MPT,Medical Properties Trust Inc,Common Stock (REIT),UNKNOWN,3060000000,MICRO,STARMINE_COVERED,NEUTRAL,FIDELITY,SecurityExtract_ESS_2026May13.csv,2026-05-13,2026-05-13T15:28:42.873928+00:00,RUN-REAL-ESS-20260513-002
MNOV,Medicinova Inc,Common Stock,UNKNOWN,67920000,MICRO,STARMINE_COVERED,NEUTRAL,FIDELITY,SecurityExtract_ESS_2026May13.csv,2026-05-13,2026-05-13T15:28:42.873928+00:00,RUN-REAL-ESS-20260513-002
MLCO,Melco Resorts & Entertainment Ltd,Depository Receipt,UNKNOWN,2140000000,MICRO,STARMINE_COVERED,NEUTRAL,FIDELITY,SecurityExtract_ESS_2026May13.csv,2026-05-13,2026-05-13T15:28:42.873928+00:00,RUN-REAL-ESS-20260513-002
MBWM,Mercantile Bank Corp,Common Stock,UNKNOWN,885640000,MICRO,STARMINE_COVERED,NEUTRAL,FIDELITY,SecurityExtract_ESS_2026May13.csv,2026-05-13,2026-05-13T15:28:42.873928+00:00,RUN-REAL-ESS-20260513-002
MERC,Mercer International Inc,Common Stock,UNKNOWN,58950000,MICRO,STARMINE_COVERED,NEUTRAL,FIDELITY,SecurityExtract_ESS_2026May13.csv,2026-05-13,2026-05-13T15:28:42.873928+00:00,RUN-REAL-ESS-20260513-002
MMSI,Merit Medical Systems Inc,Common Stock,UNKNOWN,3650000000,SMALL,STARMINE_COVERED,NEUTRAL,FIDELITY,SecurityExtract_ESS_2026May13.csv,2026-05-13,2026-05-13T15:28:42.873928+00:00,RUN-REAL-ESS-20260513-002
META,Meta Platforms Inc,Common Stock,UNKNOWN,1530000000000,MEGA,STARMINE_COVERED,NEUTRAL,FIDELITY,SecurityExtract_ESS_2026May13.csv,2026-05-13,2026-05-13T15:28:42.873928+00:00,RUN-REAL-ESS-20260513-002
MTUS,Metallus Inc,Common Stock,UNKNOWN,733490000,MICRO,STARMINE_COVERED,NEUTRAL,FIDELITY,SecurityExtract_ESS_2026May13.csv,2026-05-13,2026-05-13T15:28:42.873928+00:00,RUN-REAL-ESS-20260513-002
MEOH,Methanex Corp,Common Stock,UNKNOWN,4960000000,SMALL,STARMINE_COVERED,NEUTRAL,FIDELITY,SecurityExtract_ESS_2026May13.csv,2026-05-13,2026-05-13T15:28:42.873928+00:00,RUN-REAL-ESS-20260513-002
MEI,Methode Electronics Inc,Common Stock,UNKNOWN,331620000,MICRO,STARMINE_COVERED,NEUTRAL,FIDELITY,SecurityExtract_ESS_2026May13.csv,2026-05-13,2026-05-13T15:28:42.873928+00:00,RUN-REAL-ESS-20260513-002
MGEE,MGE Energy Inc,Common Stock,UNKNOWN,2840000000,MICRO,STARMINE_COVERED,NEUTRAL,FIDELITY,SecurityExtract_ESS_2026May13.csv,2026-05-13,2026-05-13T15:28:42.873928+00:00,RUN-REAL-ESS-20260513-002
MGM,MGM Resorts International,Common Stock,UNKNOWN,9440000000,SMALL,STARMINE_COVERED,NEUTRAL,FIDELITY,SecurityExtract_ESS_2026May13.csv,2026-05-13,2026-05-13T15:28:42.873928+00:00,RUN-REAL-ESS-20260513-002
MVIS,MicroVision Inc,Common Stock,UNKNOWN,227970000,MICRO,STARMINE_COVERED,NEUTRAL,FIDELITY,SecurityExtract_ESS_2026May13.csv,2026-05-13,2026-05-13T15:28:42.873928+00:00,RUN-REAL-ESS-20260513-002
NERV,Minerva Neurosciences Inc,Common Stock,UNKNOWN,260900000,MICRO,STARMINE_COVERED,NEUTRAL,FIDELITY,SecurityExtract_ESS_2026May13.csv,2026-05-13,2026-05-13T15:28:42.873928+00:00,RUN-REAL-ESS-20260513-002
MC,Moelis & Co,Common Stock,UNKNOWN,5030000000,SMALL,STARMINE_COVERED,NEUTRAL,FIDELITY,SecurityExtract_ESS_2026May13.csv,2026-05-13,2026-05-13T15:28:42.873928+00:00,RUN-REAL-ESS-20260513-002
MCO,Moody's Corp.,Common Stock,UNKNOWN,78920000000,MID,STARMINE_COVERED,NEUTRAL,FIDELITY,SecurityExtract_ESS_2026May13.csv,2026-05-13,2026-05-13T15:28:42.873928+00:00,RUN-REAL-ESS-20260513-002
MPAA,Motorcar Parts of America Inc,Common Stock,UNKNOWN,215740000,MICRO,STARMINE_COVERED,NEUTRAL,FIDELITY,SecurityExtract_ESS_2026May13.csv,2026-05-13,2026-05-13T15:28:42.873928+00:00,RUN-REAL-ESS-20260513-002
NHI,National Health Investors Inc.,Common Stock (REIT),UNKNOWN,3610000000,SMALL,STARMINE_COVERED,NEUTRAL,FIDELITY,SecurityExtract_ESS_2026May13.csv,2026-05-13,2026-05-13T15:28:42.873928+00:00,RUN-REAL-ESS-20260513-002
EYE,National Vision Holdings Inc,Common Stock,UNKNOWN,1680000000,MICRO,STARMINE_COVERED,NEUTRAL,FIDELITY,SecurityExtract_ESS_2026May13.csv,2026-05-13,2026-05-13T15:28:42.873928+00:00,RUN-REAL-ESS-20260513-002
NTCT,NetScout Systems Inc,Common Stock,UNKNOWN,2760000000,MICRO,STARMINE_COVERED,NEUTRAL,FIDELITY,SecurityExtract_ESS_2026May13.csv,2026-05-13,2026-05-13T15:28:42.873928+00:00,RUN-REAL-ESS-20260513-002
EDU,New Oriental Education & Technology Group Inc,Depository Receipt,UNKNOWN,8960000000,SMALL,STARMINE_COVERED,NEUTRAL,FIDELITY,SecurityExtract_ESS_2026May13.csv,2026-05-13,2026-05-13T15:28:42.873928+00:00,RUN-REAL-ESS-20260513-002
NWS,News Corp,Common Stock,UNKNOWN,5550000000,SMALL,STARMINE_COVERED,NEUTRAL,FIDELITY,SecurityExtract_ESS_2026May13.csv,2026-05-13,2026-05-13T15:28:42.873928+00:00,RUN-REAL-ESS-20260513-002
NUS,Nu Skin Enterprises Inc.,Common Stock,UNKNOWN,318010000,MICRO,STARMINE_COVERED,NEUTRAL,FIDELITY,SecurityExtract_ESS_2026May13.csv,2026-05-13,2026-05-13T15:28:42.873928+00:00,RUN-REAL-ESS-20260513-002
OCFC,OceanFirst Financial Corp.,Common Stock,UNKNOWN,1050000000,MICRO,STARMINE_COVERED,NEUTRAL,FIDELITY,SecurityExtract_ESS_2026May13.csv,2026-05-13,2026-05-13T15:28:42.873928+00:00,RUN-REAL-ESS-20260513-002
OSG,Octave Specialty Group Inc,Common Stock,UNKNOWN,263330000,MICRO,STARMINE_COVERED,NEUTRAL,FIDELITY,SecurityExtract_ESS_2026May13.csv,2026-05-13,2026-05-13T15:28:42.873928+00:00,RUN-REAL-ESS-20260513-002
OKTA,Okta Inc,Common Stock,UNKNOWN,13860000000,SMALL,STARMINE_COVERED,NEUTRAL,FIDELITY,SecurityExtract_ESS_2026May13.csv,2026-05-13,2026-05-13T15:28:42.873928+00:00,RUN-REAL-ESS-20260513-002
ODFL,Old Dominion Freight Line Inc,Common Stock,UNKNOWN,39750000000,MID,STARMINE_COVERED,NEUTRAL,FIDELITY,SecurityExtract_ESS_2026May13.csv,2026-05-13,2026-05-13T15:28:42.873928+00:00,RUN-REAL-ESS-20260513-002
OSBC,Old Second Bancorp Inc,Common Stock,UNKNOWN,1070000000,MICRO,STARMINE_COVERED,NEUTRAL,FIDELITY,SecurityExtract_ESS_2026May13.csv,2026-05-13,2026-05-13T15:28:42.873928+00:00,RUN-REAL-ESS-20260513-002
OFLX,Omega Flex Inc,Common Stock,UNKNOWN,294540000,MICRO,STARMINE_COVERED,NEUTRAL,FIDELITY,SecurityExtract_ESS_2026May13.csv,2026-05-13,2026-05-13T15:28:42.873928+00:00,RUN-REAL-ESS-20260513-002
OMF,OneMain Holdings Inc,Common Stock,UNKNOWN,6130000000,SMALL,STARMINE_COVERED,NEUTRAL,FIDELITY,SecurityExtract_ESS_2026May13.csv,2026-05-13,2026-05-13T15:28:42.873928+00:00,RUN-REAL-ESS-20260513-002
OPK,OPKO Health Inc,Common Stock,UNKNOWN,830600000,MICRO,STARMINE_COVERED,NEUTRAL,FIDELITY,SecurityExtract_ESS_2026May13.csv,2026-05-13,2026-05-13T15:28:42.873928+00:00,RUN-REAL-ESS-20260513-002
OPTU,Optimum Communications Inc,Common Stock,UNKNOWN,453410000,MICRO,STARMINE_COVERED,NEUTRAL,FIDELITY,SecurityExtract_ESS_2026May13.csv,2026-05-13,2026-05-13T15:28:42.873928+00:00,RUN-REAL-ESS-20260513-002
OSCR,Oscar Health Inc,Common Stock,UNKNOWN,7150000000,SMALL,STARMINE_COVERED,NEUTRAL,FIDELITY,SecurityExtract_ESS_2026May13.csv,2026-05-13,2026-05-13T15:28:42.873928+00:00,RUN-REAL-ESS-20260513-002
OVID,Ovid Therapeutics Inc,Common Stock,UNKNOWN,496620000,MICRO,STARMINE_COVERED,NEUTRAL,FIDELITY,SecurityExtract_ESS_2026May13.csv,2026-05-13,2026-05-13T15:28:42.873928+00:00,RUN-REAL-ESS-20260513-002
PAAS,Pan American Silver Corp,Common Stock,UNKNOWN,26870000000,MID,STARMINE_COVERED,NEUTRAL,FIDELITY,SecurityExtract_ESS_2026May13.csv,2026-05-13,2026-05-13T15:28:42.873928+00:00,RUN-REAL-ESS-20260513-002
PANL,Pangaea Logistics Solutions Ltd,Common Stock,UNKNOWN,565190000,MICRO,STARMINE_COVERED,NEUTRAL,FIDELITY,SecurityExtract_ESS_2026May13.csv,2026-05-13,2026-05-13T15:28:42.873928+00:00,RUN-REAL-ESS-20260513-002
PAR,PAR Technology Corp,Common Stock,UNKNOWN,640550000,MICRO,STARMINE_COVERED,NEUTRAL,FIDELITY,SecurityExtract_ESS_2026May13.csv,2026-05-13,2026-05-13T15:28:42.873928+00:00,RUN-REAL-ESS-20260513-002
PAYX,Paychex Inc.,Common Stock,UNKNOWN,33580000000,MID,STARMINE_COVERED,NEUTRAL,FIDELITY,SecurityExtract_ESS_2026May13.csv,2026-05-13,2026-05-13T15:28:42.873928+00:00,RUN-REAL-ESS-20260513-002
PAG,Penske Automotive Group Inc,Common Stock,UNKNOWN,11110000000,SMALL,STARMINE_COVERED,NEUTRAL,FIDELITY,SecurityExtract_ESS_2026May13.csv,2026-05-13,2026-05-13T15:28:42.873928+00:00,RUN-REAL-ESS-20260513-002
PEN,Penumbra Inc,Common Stock,UNKNOWN,12700000000,SMALL,STARMINE_COVERED,NEUTRAL,FIDELITY,SecurityExtract_ESS_2026May13.csv,2026-05-13,2026-05-13T15:28:42.873928+00:00,RUN-REAL-ESS-20260513-002
PEP,PepsiCo Inc,Common Stock,UNKNOWN,207540000000,LARGE,STARMINE_COVERED,NEUTRAL,FIDELITY,SecurityExtract_ESS_2026May13.csv,2026-05-13,2026-05-13T15:28:42.873928+00:00,RUN-REAL-ESS-20260513-002
PETS,PetMed Express Inc,Common Stock,UNKNOWN,47510000,MICRO,STARMINE_COVERED,NEUTRAL,FIDELITY,SecurityExtract_ESS_2026May13.csv,2026-05-13,2026-05-13T15:28:42.873928+00:00,RUN-REAL-ESS-20260513-002
PINS,Pinterest Inc,Common Stock,UNKNOWN,11520000000,SMALL,STARMINE_COVERED,NEUTRAL,FIDELITY,SecurityExtract_ESS_2026May13.csv,2026-05-13,2026-05-13T15:28:42.873928+00:00,RUN-REAL-ESS-20260513-002
PII,Polaris Inc,Common Stock,UNKNOWN,3680000000,SMALL,STARMINE_COVERED,NEUTRAL,FIDELITY,SecurityExtract_ESS_2026May13.csv,2026-05-13,2026-05-13T15:28:42.873928+00:00,RUN-REAL-ESS-20260513-002
POOL,Pool Corp,Common Stock,UNKNOWN,6640000000,SMALL,STARMINE_COVERED,NEUTRAL,FIDELITY,SecurityExtract_ESS_2026May13.csv,2026-05-13,2026-05-13T15:28:42.873928+00:00,RUN-REAL-ESS-20260513-002
PSTL,Postal Realty Trust Inc,Common Stock,UNKNOWN,643990000,MICRO,STARMINE_COVERED,NEUTRAL,FIDELITY,SecurityExtract_ESS_2026May13.csv,2026-05-13,2026-05-13T15:28:42.873928+00:00,RUN-REAL-ESS-20260513-002
PDS,Precision Drilling Corp,Common Stock,UNKNOWN,1210000000,MICRO,STARMINE_COVERED,NEUTRAL,FIDELITY,SecurityExtract_ESS_2026May13.csv,2026-05-13,2026-05-13T15:28:42.873928+00:00,RUN-REAL-ESS-20260513-002
PLPC,Preformed Line Products Co,Common Stock,UNKNOWN,1680000000,MICRO,STARMINE_COVERED,NEUTRAL,FIDELITY,SecurityExtract_ESS_2026May13.csv,2026-05-13,2026-05-13T15:28:42.873928+00:00,RUN-REAL-ESS-20260513-002
PNRG,PrimeEnergy Resources Corp,Common Stock,UNKNOWN,405550000,MICRO,STARMINE_COVERED,NEUTRAL,FIDELITY,SecurityExtract_ESS_2026May13.csv,2026-05-13,2026-05-13T15:28:42.873928+00:00,RUN-REAL-ESS-20260513-002
PRTH,Priority Technology Holdings Inc,Common Stock,UNKNOWN,508130000,MICRO,STARMINE_COVERED,NEUTRAL,FIDELITY,SecurityExtract_ESS_2026May13.csv,2026-05-13,2026-05-13T15:28:42.873928+00:00,RUN-REAL-ESS-20260513-002
PRA,ProAssurance Corp,Common Stock,UNKNOWN,1270000000,MICRO,STARMINE_COVERED,NEUTRAL,FIDELITY,SecurityExtract_ESS_2026May13.csv,2026-05-13,2026-05-13T15:28:42.873928+00:00,RUN-REAL-ESS-20260513-002
PCOR,Procore Technologies Inc,Common Stock,UNKNOWN,7260000000,SMALL,STARMINE_COVERED,NEUTRAL,FIDELITY,SecurityExtract_ESS_2026May13.csv,2026-05-13,2026-05-13T15:28:42.873928+00:00,RUN-REAL-ESS-20260513-002
PRQR,ProQR Therapeutics NV,Common Stock,UNKNOWN,168580000,MICRO,STARMINE_COVERED,NEUTRAL,FIDELITY,SecurityExtract_ESS_2026May13.csv,2026-05-13,2026-05-13T15:28:42.873928+00:00,RUN-REAL-ESS-20260513-002
PB,Prosperity Bancshares Inc,Common Stock,UNKNOWN,6830000000,SMALL,STARMINE_COVERED,NEUTRAL,FIDELITY,SecurityExtract_ESS_2026May13.csv,2026-05-13,2026-05-13T15:28:42.873928+00:00,RUN-REAL-ESS-20260513-002
PRLB,Proto Labs Inc,Common Stock,UNKNOWN,1690000000,MICRO,STARMINE_COVERED,NEUTRAL,FIDELITY,SecurityExtract_ESS_2026May13.csv,2026-05-13,2026-05-13T15:28:42.873928+00:00,RUN-REAL-ESS-20260513-002
QTWO,Q2 Holdings Inc,Common Stock,UNKNOWN,2940000000,MICRO,STARMINE_COVERED,NEUTRAL,FIDELITY,SecurityExtract_ESS_2026May13.csv,2026-05-13,2026-05-13T15:28:42.873928+00:00,RUN-REAL-ESS-20260513-002
QCRH,QCR Holdings Inc,Common Stock,UNKNOWN,1470000000,MICRO,STARMINE_COVERED,NEUTRAL,FIDELITY,SecurityExtract_ESS_2026May13.csv,2026-05-13,2026-05-13T15:28:42.873928+00:00,RUN-REAL-ESS-20260513-002
QLYS,Qualys Inc,Common Stock,UNKNOWN,3170000000,MICRO,STARMINE_COVERED,NEUTRAL,FIDELITY,SecurityExtract_ESS_2026May13.csv,2026-05-13,2026-05-13T15:28:42.873928+00:00,RUN-REAL-ESS-20260513-002
QTRX,Quanterix Corp,Common Stock,UNKNOWN,137080000,MICRO,STARMINE_COVERED,NEUTRAL,FIDELITY,SecurityExtract_ESS_2026May13.csv,2026-05-13,2026-05-13T15:28:42.873928+00:00,RUN-REAL-ESS-20260513-002
QNST,QuinStreet Inc,Common Stock,UNKNOWN,685890000,MICRO,STARMINE_COVERED,NEUTRAL,FIDELITY,SecurityExtract_ESS_2026May13.csv,2026-05-13,2026-05-13T15:28:42.873928+00:00,RUN-REAL-ESS-20260513-002
RBA,RB Global Inc,Common Stock,UNKNOWN,19260000000,MID,STARMINE_COVERED,NEUTRAL,FIDELITY,SecurityExtract_ESS_2026May13.csv,2026-05-13,2026-05-13T15:28:42.873928+00:00,RUN-REAL-ESS-20260513-002
RVTY,Revvity Inc,Common Stock,UNKNOWN,11100000000,SMALL,STARMINE_COVERED,NEUTRAL,FIDELITY,SecurityExtract_ESS_2026May13.csv,2026-05-13,2026-05-13T15:28:42.873928+00:00,RUN-REAL-ESS-20260513-002
REX,REX American Resources Corp,Common Stock,UNKNOWN,1630000000,MICRO,STARMINE_COVERED,NEUTRAL,FIDELITY,SecurityExtract_ESS_2026May13.csv,2026-05-13,2026-05-13T15:28:42.873928+00:00,RUN-REAL-ESS-20260513-002
REXR,Rexford Industrial Realty Inc,Common Stock (REIT),UNKNOWN,8000000000,SMALL,STARMINE_COVERED,NEUTRAL,FIDELITY,SecurityExtract_ESS_2026May13.csv,2026-05-13,2026-05-13T15:28:42.873928+00:00,RUN-REAL-ESS-20260513-002
RHI,Robert Half Inc,Common Stock,UNKNOWN,2670000000,MICRO,STARMINE_COVERED,NEUTRAL,FIDELITY,SecurityExtract_ESS_2026May13.csv,2026-05-13,2026-05-13T15:28:42.873928+00:00,RUN-REAL-ESS-20260513-002
RMTI,Rockwell Medical Inc,Common Stock,UNKNOWN,33280000,MICRO,STARMINE_COVERED,NEUTRAL,FIDELITY,SecurityExtract_ESS_2026May13.csv,2026-05-13,2026-05-13T15:28:42.873928+00:00,RUN-REAL-ESS-20260513-002
RYZ,Ryerson Holding Corp,Common Stock,UNKNOWN,1250000000,MICRO,STARMINE_COVERED,NEUTRAL,FIDELITY,SecurityExtract_ESS_2026May13.csv,2026-05-13,2026-05-13T15:28:42.873928+00:00,RUN-REAL-ESS-20260513-002
SPGI,S&P Global Inc,Common Stock,UNKNOWN,125550000000,LARGE,STARMINE_COVERED,NEUTRAL,FIDELITY,SecurityExtract_ESS_2026May13.csv,2026-05-13,2026-05-13T15:28:42.873928+00:00,RUN-REAL-ESS-20260513-002
STBA,S&T Bancorp Inc,Common Stock,UNKNOWN,1580000000,MICRO,STARMINE_COVERED,NEUTRAL,FIDELITY,SecurityExtract_ESS_2026May13.csv,2026-05-13,2026-05-13T15:28:42.873928+00:00,RUN-REAL-ESS-20260513-002
SABR,Sabre Corp,Common Stock,UNKNOWN,723420000,MICRO,STARMINE_COVERED,NEUTRAL,FIDELITY,SecurityExtract_ESS_2026May13.csv,2026-05-13,2026-05-13T15:28:42.873928+00:00,RUN-REAL-ESS-20260513-002
SB,Safe Bulkers Inc,Common Stock,UNKNOWN,749460000,MICRO,STARMINE_COVERED,NEUTRAL,FIDELITY,SecurityExtract_ESS_2026May13.csv,2026-05-13,2026-05-13T15:28:42.873928+00:00,RUN-REAL-ESS-20260513-002
SAFE,Safehold Inc,Common Stock (REIT),UNKNOWN,1090000000,MICRO,STARMINE_COVERED,NEUTRAL,FIDELITY,SecurityExtract_ESS_2026May13.csv,2026-05-13,2026-05-13T15:28:42.873928+00:00,RUN-REAL-ESS-20260513-002
SAIL,SailPoint Inc,Common Stock,UNKNOWN,6590000000,SMALL,STARMINE_COVERED,NEUTRAL,FIDELITY,SecurityExtract_ESS_2026May13.csv,2026-05-13,2026-05-13T15:28:42.873928+00:00,RUN-REAL-ESS-20260513-002
SBAC,SBA Communications Corp,Common Stock,UNKNOWN,22660000000,MID,STARMINE_COVERED,NEUTRAL,FIDELITY,SecurityExtract_ESS_2026May13.csv,2026-05-13,2026-05-13T15:28:42.873928+00:00,RUN-REAL-ESS-20260513-002
SCSC,ScanSource Inc,Common Stock,UNKNOWN,884140000,MICRO,STARMINE_COVERED,NEUTRAL,FIDELITY,SecurityExtract_ESS_2026May13.csv,2026-05-13,2026-05-13T15:28:42.873928+00:00,RUN-REAL-ESS-20260513-002
SMG,Scotts Miracle-Gro Co (The),Common Stock,UNKNOWN,3470000000,MICRO,STARMINE_COVERED,NEUTRAL,FIDELITY,SecurityExtract_ESS_2026May13.csv,2026-05-13,2026-05-13T15:28:42.873928+00:00,RUN-REAL-ESS-20260513-002
SSP,Scripps (E.W.) Co (The),Common Stock,UNKNOWN,325890000,MICRO,STARMINE_COVERED,NEUTRAL,FIDELITY,SecurityExtract_ESS_2026May13.csv,2026-05-13,2026-05-13T15:28:42.873928+00:00,RUN-REAL-ESS-20260513-002
SMHI,SEACOR Marine Holdings Inc,Common Stock,UNKNOWN,199450000,MICRO,STARMINE_COVERED,NEUTRAL,FIDELITY,SecurityExtract_ESS_2026May13.csv,2026-05-13,2026-05-13T15:28:42.873928+00:00,RUN-REAL-ESS-20260513-002
SXT,Sensient Technologies Corp,Common Stock,UNKNOWN,4940000000,SMALL,STARMINE_COVERED,NEUTRAL,FIDELITY,SecurityExtract_ESS_2026May13.csv,2026-05-13,2026-05-13T15:28:42.873928+00:00,RUN-REAL-ESS-20260513-002
SCI,Service Corp International,Common Stock,UNKNOWN,10720000000,SMALL,STARMINE_COVERED,NEUTRAL,FIDELITY,SecurityExtract_ESS_2026May13.csv,2026-05-13,2026-05-13T15:28:42.873928+00:00,RUN-REAL-ESS-20260513-002
SSTK,Shutterstock Inc,Common Stock,UNKNOWN,590010000,MICRO,STARMINE_COVERED,NEUTRAL,FIDELITY,SecurityExtract_ESS_2026May13.csv,2026-05-13,2026-05-13T15:28:42.873928+00:00,RUN-REAL-ESS-20260513-002
SLAB,Silicon Laboratories Inc,Common Stock,UNKNOWN,7140000000,SMALL,STARMINE_COVERED,NEUTRAL,FIDELITY,SecurityExtract_ESS_2026May13.csv,2026-05-13,2026-05-13T15:28:42.873928+00:00,RUN-REAL-ESS-20260513-002
SAMG,Silvercrest Asset Management Group Inc,Common Stock,UNKNOWN,148810000,MICRO,STARMINE_COVERED,NEUTRAL,FIDELITY,SecurityExtract_ESS_2026May13.csv,2026-05-13,2026-05-13T15:28:42.873928+00:00,RUN-REAL-ESS-20260513-002
SWKS,Skyworks Solutions Inc,Common Stock,UNKNOWN,9970000000,SMALL,STARMINE_COVERED,NEUTRAL,FIDELITY,SecurityExtract_ESS_2026May13.csv,2026-05-13,2026-05-13T15:28:42.873928+00:00,RUN-REAL-ESS-20260513-002
SLG,SL Green Realty Corp,Common Stock (REIT),UNKNOWN,3100000000,MICRO,STARMINE_COVERED,NEUTRAL,FIDELITY,SecurityExtract_ESS_2026May13.csv,2026-05-13,2026-05-13T15:28:42.873928+00:00,RUN-REAL-ESS-20260513-002
SAH,Sonic Automotive Inc.,Common Stock,UNKNOWN,2480000000,MICRO,STARMINE_COVERED,NEUTRAL,FIDELITY,SecurityExtract_ESS_2026May13.csv,2026-05-13,2026-05-13T15:28:42.873928+00:00,RUN-REAL-ESS-20260513-002
SCCO,Southern Copper Corporation,Common Stock,UNKNOWN,158400000000,LARGE,STARMINE_COVERED,NEUTRAL,FIDELITY,SecurityExtract_ESS_2026May13.csv,2026-05-13,2026-05-13T15:28:42.873928+00:00,RUN-REAL-ESS-20260513-002
SMBC,Southern Missouri Bancorp Inc,Common Stock,UNKNOWN,748210000,MICRO,STARMINE_COVERED,NEUTRAL,FIDELITY,SecurityExtract_ESS_2026May13.csv,2026-05-13,2026-05-13T15:28:42.873928+00:00,RUN-REAL-ESS-20260513-002
SPOT,Spotify Technology SA,Common Stock,UNKNOWN,90770000000,LARGE,STARMINE_COVERED,NEUTRAL,FIDELITY,SecurityExtract_ESS_2026May13.csv,2026-05-13,2026-05-13T15:28:42.873928+00:00,RUN-REAL-ESS-20260513-002
SPT,Sprout Social Inc,Common Stock,UNKNOWN,393690000,MICRO,STARMINE_COVERED,NEUTRAL,FIDELITY,SecurityExtract_ESS_2026May13.csv,2026-05-13,2026-05-13T15:28:42.873928+00:00,RUN-REAL-ESS-20260513-002
STAG,STAG Industrial Inc,Common Stock (REIT),UNKNOWN,7390000000,SMALL,STARMINE_COVERED,NEUTRAL,FIDELITY,SecurityExtract_ESS_2026May13.csv,2026-05-13,2026-05-13T15:28:42.873928+00:00,RUN-REAL-ESS-20260513-002
STWD,Starwood Property Trust Inc,Common Stock (REIT),UNKNOWN,6380000000,SMALL,STARMINE_COVERED,NEUTRAL,FIDELITY,SecurityExtract_ESS_2026May13.csv,2026-05-13,2026-05-13T15:28:42.873928+00:00,RUN-REAL-ESS-20260513-002
STRL,Sterling Infrastructure Inc,Common Stock,UNKNOWN,26120000000,MID,STARMINE_COVERED,NEUTRAL,FIDELITY,SecurityExtract_ESS_2026May13.csv,2026-05-13,2026-05-13T15:28:42.873928+00:00,RUN-REAL-ESS-20260513-002
STM,STMicroelectronics NV,Depository Receipt,UNKNOWN,51490000000,MID,STARMINE_COVERED,NEUTRAL,FIDELITY,SecurityExtract_ESS_2026May13.csv,2026-05-13,2026-05-13T15:28:42.873928+00:00,RUN-REAL-ESS-20260513-002
STOK,Stoke Therapeutics Inc,Common Stock,UNKNOWN,2020000000,MICRO,STARMINE_COVERED,NEUTRAL,FIDELITY,SecurityExtract_ESS_2026May13.csv,2026-05-13,2026-05-13T15:28:42.873928+00:00,RUN-REAL-ESS-20260513-002
SSYS,Stratasys Ltd,Common Stock,UNKNOWN,745730000,MICRO,STARMINE_COVERED,NEUTRAL,FIDELITY,SecurityExtract_ESS_2026May13.csv,2026-05-13,2026-05-13T15:28:42.873928+00:00,RUN-REAL-ESS-20260513-002
MSTR,Strategy Inc,Common Stock,UNKNOWN,64630000000,MID,STARMINE_COVERED,NEUTRAL,FIDELITY,SecurityExtract_ESS_2026May13.csv,2026-05-13,2026-05-13T15:28:42.873928+00:00,RUN-REAL-ESS-20260513-002
SPH,Suburban Propane Partners LP,Unit Trust Fund,UNKNOWN,1320000000,MICRO,STARMINE_COVERED,NEUTRAL,FIDELITY,SecurityExtract_ESS_2026May13.csv,2026-05-13,2026-05-13T15:28:42.873928+00:00,RUN-REAL-ESS-20260513-002
SXC,SunCoke Energy Inc,Common Stock,UNKNOWN,638940000,MICRO,STARMINE_COVERED,NEUTRAL,FIDELITY,SecurityExtract_ESS_2026May13.csv,2026-05-13,2026-05-13T15:28:42.873928+00:00,RUN-REAL-ESS-20260513-002
SNPS,Synopsys Inc,Common Stock,UNKNOWN,98310000000,LARGE,STARMINE_COVERED,NEUTRAL,FIDELITY,SecurityExtract_ESS_2026May13.csv,2026-05-13,2026-05-13T15:28:42.873928+00:00,RUN-REAL-ESS-20260513-002
SYY,Sysco Corporation,Common Stock,UNKNOWN,34900000000,MID,STARMINE_COVERED,NEUTRAL,FIDELITY,SecurityExtract_ESS_2026May13.csv,2026-05-13,2026-05-13T15:28:42.873928+00:00,RUN-REAL-ESS-20260513-002
TGT,Target Corp,Common Stock,UNKNOWN,55320000000,MID,STARMINE_COVERED,NEUTRAL,FIDELITY,SecurityExtract_ESS_2026May13.csv,2026-05-13,2026-05-13T15:28:42.873928+00:00,RUN-REAL-ESS-20260513-002
TMHC,Taylor Morrison Home Corporation,Common Stock,UNKNOWN,5440000000,SMALL,STARMINE_COVERED,NEUTRAL,FIDELITY,SecurityExtract_ESS_2026May13.csv,2026-05-13,2026-05-13T15:28:42.873928+00:00,RUN-REAL-ESS-20260513-002
TDOC,Teladoc Health Inc,Common Stock,UNKNOWN,1220000000,MICRO,STARMINE_COVERED,NEUTRAL,FIDELITY,SecurityExtract_ESS_2026May13.csv,2026-05-13,2026-05-13T15:28:42.873928+00:00,RUN-REAL-ESS-20260513-002
TEO,Telecom Argentina SA,Depository Receipt,UNKNOWN,1470000000,MICRO,STARMINE_COVERED,NEUTRAL,FIDELITY,SecurityExtract_ESS_2026May13.csv,2026-05-13,2026-05-13T15:28:42.873928+00:00,RUN-REAL-ESS-20260513-002
TDS,Telephone and Data Systems Inc,Common Stock,UNKNOWN,4870000000,SMALL,STARMINE_COVERED,NEUTRAL,FIDELITY,SecurityExtract_ESS_2026May13.csv,2026-05-13,2026-05-13T15:28:42.873928+00:00,RUN-REAL-ESS-20260513-002
PNC,The PNC Financial Services Group Inc,Common Stock,UNKNOWN,86420000000,LARGE,STARMINE_COVERED,NEUTRAL,FIDELITY,SecurityExtract_ESS_2026May13.csv,2026-05-13,2026-05-13T15:28:42.873928+00:00,RUN-REAL-ESS-20260513-002
TRI,Thomson Reuters Corp,Common Stock,UNKNOWN,38090000000,MID,STARMINE_COVERED,NEUTRAL,FIDELITY,SecurityExtract_ESS_2026May13.csv,2026-05-13,2026-05-13T15:28:42.873928+00:00,RUN-REAL-ESS-20260513-002
TWI,Titan International Inc,Common Stock,UNKNOWN,487940000,MICRO,STARMINE_COVERED,NEUTRAL,FIDELITY,SecurityExtract_ESS_2026May13.csv,2026-05-13,2026-05-13T15:28:42.873928+00:00,RUN-REAL-ESS-20260513-002
TJX,TJX Companies Inc (The),Common Stock,UNKNOWN,166160000000,LARGE,STARMINE_COVERED,NEUTRAL,FIDELITY,SecurityExtract_ESS_2026May13.csv,2026-05-13,2026-05-13T15:28:42.873928+00:00,RUN-REAL-ESS-20260513-002
TKO,TKO Group Holdings Inc,Common Stock,UNKNOWN,35040000000,MID,STARMINE_COVERED,NEUTRAL,FIDELITY,SecurityExtract_ESS_2026May13.csv,2026-05-13,2026-05-13T15:28:42.873928+00:00,RUN-REAL-ESS-20260513-002
TMP,Tompkins Financial Corp,Common Stock,UNKNOWN,1200000000,MICRO,STARMINE_COVERED,NEUTRAL,FIDELITY,SecurityExtract_ESS_2026May13.csv,2026-05-13,2026-05-13T15:28:42.873928+00:00,RUN-REAL-ESS-20260513-002
TR,Tootsie Roll Industries Inc.,Common Stock,UNKNOWN,1750000000,MICRO,STARMINE_COVERED,NEUTRAL,FIDELITY,SecurityExtract_ESS_2026May13.csv,2026-05-13,2026-05-13T15:28:42.873928+00:00,RUN-REAL-ESS-20260513-002
TTD,Trade Desk Inc (The),Common Stock,UNKNOWN,9940000000,SMALL,STARMINE_COVERED,NEUTRAL,FIDELITY,SecurityExtract_ESS_2026May13.csv,2026-05-13,2026-05-13T15:28:42.873928+00:00,RUN-REAL-ESS-20260513-002
TW,Tradeweb Markets Inc,Common Stock,UNKNOWN,23260000000,MID,STARMINE_COVERED,NEUTRAL,FIDELITY,SecurityExtract_ESS_2026May13.csv,2026-05-13,2026-05-13T15:28:42.873928+00:00,RUN-REAL-ESS-20260513-002
TAC,TransAlta Corp,Common Stock,UNKNOWN,3750000000,SMALL,STARMINE_COVERED,NEUTRAL,FIDELITY,SecurityExtract_ESS_2026May13.csv,2026-05-13,2026-05-13T15:28:42.873928+00:00,RUN-REAL-ESS-20260513-002
TREX,Trex Co Inc,Common Stock,UNKNOWN,4060000000,SMALL,STARMINE_COVERED,NEUTRAL,FIDELITY,SecurityExtract_ESS_2026May13.csv,2026-05-13,2026-05-13T15:28:42.873928+00:00,RUN-REAL-ESS-20260513-002
TNET,TriNet Group Inc,Common Stock,UNKNOWN,1900000000,MICRO,STARMINE_COVERED,NEUTRAL,FIDELITY,SecurityExtract_ESS_2026May13.csv,2026-05-13,2026-05-13T15:28:42.873928+00:00,RUN-REAL-ESS-20260513-002
TRN,Trinity Industries Inc,Common Stock,UNKNOWN,2870000000,MICRO,STARMINE_COVERED,NEUTRAL,FIDELITY,SecurityExtract_ESS_2026May13.csv,2026-05-13,2026-05-13T15:28:42.873928+00:00,RUN-REAL-ESS-20260513-002
TXNM,TXNM Energy Inc,Common Stock,UNKNOWN,6560000000,SMALL,STARMINE_COVERED,NEUTRAL,FIDELITY,SecurityExtract_ESS_2026May13.csv,2026-05-13,2026-05-13T15:28:42.873928+00:00,RUN-REAL-ESS-20260513-002
TSN,Tyson Foods Inc.,Common Stock,UNKNOWN,23750000000,MID,STARMINE_COVERED,NEUTRAL,FIDELITY,SecurityExtract_ESS_2026May13.csv,2026-05-13,2026-05-13T15:28:42.873928+00:00,RUN-REAL-ESS-20260513-002
USB,U.S. Bancorp,Common Stock,UNKNOWN,84570000000,MID,STARMINE_COVERED,NEUTRAL,FIDELITY,SecurityExtract_ESS_2026May13.csv,2026-05-13,2026-05-13T15:28:42.873928+00:00,RUN-REAL-ESS-20260513-002
UFPT,UFP Technologies Inc,Common Stock,UNKNOWN,1710000000,MICRO,STARMINE_COVERED,NEUTRAL,FIDELITY,SecurityExtract_ESS_2026May13.csv,2026-05-13,2026-05-13T15:28:42.873928+00:00,RUN-REAL-ESS-20260513-002
UCTT,Ultra Clean Holdings Inc,Common Stock,UNKNOWN,3720000000,SMALL,STARMINE_COVERED,NEUTRAL,FIDELITY,SecurityExtract_ESS_2026May13.csv,2026-05-13,2026-05-13T15:28:42.873928+00:00,RUN-REAL-ESS-20260513-002
RARE,Ultragenyx Pharmaceutical Inc,Common Stock,UNKNOWN,2640000000,MICRO,STARMINE_COVERED,NEUTRAL,FIDELITY,SecurityExtract_ESS_2026May13.csv,2026-05-13,2026-05-13T15:28:42.873928+00:00,RUN-REAL-ESS-20260513-002
UPS,United Parcel Service Inc,Common Stock,UNKNOWN,83670000000,MID,STARMINE_COVERED,NEUTRAL,FIDELITY,SecurityExtract_ESS_2026May13.csv,2026-05-13,2026-05-13T15:28:42.873928+00:00,RUN-REAL-ESS-20260513-002
UNIT,Uniti Group Inc,Common Stock (REIT),UNKNOWN,2720000000,MICRO,STARMINE_COVERED,NEUTRAL,FIDELITY,SecurityExtract_ESS_2026May13.csv,2026-05-13,2026-05-13T15:28:42.873928+00:00,RUN-REAL-ESS-20260513-002
UHT,Universal Health Realty Income Trust,Common Stock (REIT),UNKNOWN,555180000,MICRO,STARMINE_COVERED,NEUTRAL,FIDELITY,SecurityExtract_ESS_2026May13.csv,2026-05-13,2026-05-13T15:28:42.873928+00:00,RUN-REAL-ESS-20260513-002
UE,Urban Edge Properties,Common Stock (REIT),UNKNOWN,2730000000,MICRO,STARMINE_COVERED,NEUTRAL,FIDELITY,SecurityExtract_ESS_2026May13.csv,2026-05-13,2026-05-13T15:28:42.873928+00:00,RUN-REAL-ESS-20260513-002
URBN,Urban Outfitters Inc,Common Stock,UNKNOWN,5740000000,SMALL,STARMINE_COVERED,NEUTRAL,FIDELITY,SecurityExtract_ESS_2026May13.csv,2026-05-13,2026-05-13T15:28:42.873928+00:00,RUN-REAL-ESS-20260513-002
USFD,US Foods Holding Corp,Common Stock,UNKNOWN,18490000000,MID,STARMINE_COVERED,NEUTRAL,FIDELITY,SecurityExtract_ESS_2026May13.csv,2026-05-13,2026-05-13T15:28:42.873928+00:00,RUN-REAL-ESS-20260513-002
VNDA,Vanda Pharmaceuticals Inc,Common Stock,UNKNOWN,386070000,MICRO,STARMINE_COVERED,NEUTRAL,FIDELITY,SecurityExtract_ESS_2026May13.csv,2026-05-13,2026-05-13T15:28:42.873928+00:00,RUN-REAL-ESS-20260513-002
VRNS,Varonis Systems Inc,Common Stock,UNKNOWN,3200000000,MICRO,STARMINE_COVERED,NEUTRAL,FIDELITY,SecurityExtract_ESS_2026May13.csv,2026-05-13,2026-05-13T15:28:42.873928+00:00,RUN-REAL-ESS-20260513-002
VRE,Veris Residential Inc,Common Stock (REIT),UNKNOWN,1780000000,MICRO,STARMINE_COVERED,NEUTRAL,FIDELITY,SecurityExtract_ESS_2026May13.csv,2026-05-13,2026-05-13T15:28:42.873928+00:00,RUN-REAL-ESS-20260513-002
VZ,Verizon Communications Inc,Common Stock,UNKNOWN,200130000000,LARGE,STARMINE_COVERED,NEUTRAL,FIDELITY,SecurityExtract_ESS_2026May13.csv,2026-05-13,2026-05-13T15:28:42.873928+00:00,RUN-REAL-ESS-20260513-002
VRRM,Verra Mobility Corp,Common Stock,UNKNOWN,2060000000,MICRO,STARMINE_COVERED,NEUTRAL,FIDELITY,SecurityExtract_ESS_2026May13.csv,2026-05-13,2026-05-13T15:28:42.873928+00:00,RUN-REAL-ESS-20260513-002
VIAV,Viavi Solutions Inc,Common Stock,UNKNOWN,12490000000,SMALL,STARMINE_COVERED,NEUTRAL,FIDELITY,SecurityExtract_ESS_2026May13.csv,2026-05-13,2026-05-13T15:28:42.873928+00:00,RUN-REAL-ESS-20260513-002
VNOM,Viper Energy Inc,Common Stock,UNKNOWN,17260000000,MID,STARMINE_COVERED,NEUTRAL,FIDELITY,SecurityExtract_ESS_2026May13.csv,2026-05-13,2026-05-13T15:28:42.873928+00:00,RUN-REAL-ESS-20260513-002
VIR,Vir Biotechnology Inc,Common Stock,UNKNOWN,1590000000,MICRO,STARMINE_COVERED,NEUTRAL,FIDELITY,SecurityExtract_ESS_2026May13.csv,2026-05-13,2026-05-13T15:28:42.873928+00:00,RUN-REAL-ESS-20260513-002
COCO,Vita Coco Company Inc,Common Stock,UNKNOWN,4260000000,SMALL,STARMINE_COVERED,NEUTRAL,FIDELITY,SecurityExtract_ESS_2026May13.csv,2026-05-13,2026-05-13T15:28:42.873928+00:00,RUN-REAL-ESS-20260513-002
VYGR,Voyager Therapeutics Inc,Common Stock,UNKNOWN,250750000,MICRO,STARMINE_COVERED,NEUTRAL,FIDELITY,SecurityExtract_ESS_2026May13.csv,2026-05-13,2026-05-13T15:28:42.873928+00:00,RUN-REAL-ESS-20260513-002
VSEC,VSE Corp,Common Stock,UNKNOWN,5110000000,SMALL,STARMINE_COVERED,NEUTRAL,FIDELITY,SecurityExtract_ESS_2026May13.csv,2026-05-13,2026-05-13T15:28:42.873928+00:00,RUN-REAL-ESS-20260513-002
VMC,Vulcan Materials Co,Common Stock,UNKNOWN,36240000000,MID,STARMINE_COVERED,NEUTRAL,FIDELITY,SecurityExtract_ESS_2026May13.csv,2026-05-13,2026-05-13T15:28:42.873928+00:00,RUN-REAL-ESS-20260513-002
WMT,Walmart Inc,Common Stock,UNKNOWN,1040000000000,MEGA,STARMINE_COVERED,NEUTRAL,FIDELITY,SecurityExtract_ESS_2026May13.csv,2026-05-13,2026-05-13T15:28:42.873928+00:00,RUN-REAL-ESS-20260513-002
WEC,WEC Energy Group Inc,Common Stock,UNKNOWN,36670000000,MID,STARMINE_COVERED,NEUTRAL,FIDELITY,SecurityExtract_ESS_2026May13.csv,2026-05-13,2026-05-13T15:28:42.873928+00:00,RUN-REAL-ESS-20260513-002
WH,Wyndham Hotels & Resorts Inc,Common Stock,UNKNOWN,6130000000,SMALL,STARMINE_COVERED,NEUTRAL,FIDELITY,SecurityExtract_ESS_2026May13.csv,2026-05-13,2026-05-13T15:28:42.873928+00:00,RUN-REAL-ESS-20260513-002
XEL,Xcel Energy Inc.,Common Stock,UNKNOWN,49880000000,MID,STARMINE_COVERED,NEUTRAL,FIDELITY,SecurityExtract_ESS_2026May13.csv,2026-05-13,2026-05-13T15:28:42.873928+00:00,RUN-REAL-ESS-20260513-002
YUM,YUM Brands Inc,Common Stock,UNKNOWN,42130000000,MID,STARMINE_COVERED,NEUTRAL,FIDELITY,SecurityExtract_ESS_2026May13.csv,2026-05-13,2026-05-13T15:28:42.873928+00:00,RUN-REAL-ESS-20260513-002
Z,Zillow Group Inc,Common Stock,UNKNOWN,7140000000,SMALL,STARMINE_COVERED,NEUTRAL,FIDELITY,SecurityExtract_ESS_2026May13.csv,2026-05-13,2026-05-13T15:28:42.873928+00:00,RUN-REAL-ESS-20260513-002
ZBH,Zimmer Biomet Holdings Inc,Common Stock,UNKNOWN,16130000000,MID,STARMINE_COVERED,NEUTRAL,FIDELITY,SecurityExtract_ESS_2026May13.csv,2026-05-13,2026-05-13T15:28:42.873928+00:00,RUN-REAL-ESS-20260513-002
ZION,Zions Bancorporation National Association,Common Stock,UNKNOWN,8950000000,SMALL,STARMINE_COVERED,NEUTRAL,FIDELITY,SecurityExtract_ESS_2026May13.csv,2026-05-13,2026-05-13T15:28:42.873928+00:00,RUN-REAL-ESS-20260513-002
GTM,ZoomInfo Technologies Inc,Common Stock,UNKNOWN,1200000000,MICRO,STARMINE_COVERED,NEUTRAL,FIDELITY,SecurityExtract_ESS_2026May13.csv,2026-05-13,2026-05-13T15:28:42.873928+00:00,RUN-REAL-ESS-20260513-002
AOS,A. O. Smith Corp,Common Stock,UNKNOWN,8010000000,SMALL,STARMINE_COVERED,NEUTRAL,FIDELITY,SecurityExtract_ESS_2026May13.csv,2026-05-13,2026-05-13T15:28:42.873928+00:00,RUN-REAL-ESS-20260513-002
ABEO,Abeona Therapeutics Inc,Common Stock,UNKNOWN,323100000,MICRO,STARMINE_COVERED,BEARISH,FIDELITY,SecurityExtract_ESS_2026May13.csv,2026-05-13,2026-05-13T15:28:42.873928+00:00,RUN-REAL-ESS-20260513-002
ACIU,AC Immune SA,Common Stock,UNKNOWN,281910000,MICRO,STARMINE_COVERED,BEARISH,FIDELITY,SecurityExtract_ESS_2026May13.csv,2026-05-13,2026-05-13T15:28:42.873928+00:00,RUN-REAL-ESS-20260513-002
ACN,Accenture PLC,Common Stock,UNKNOWN,104230000000,LARGE,STARMINE_COVERED,BEARISH,FIDELITY,SecurityExtract_ESS_2026May13.csv,2026-05-13,2026-05-13T15:28:42.873928+00:00,RUN-REAL-ESS-20260513-002
ACRS,Aclaris Therapeutics Inc,Common Stock,UNKNOWN,681560000,MICRO,STARMINE_COVERED,BEARISH,FIDELITY,SecurityExtract_ESS_2026May13.csv,2026-05-13,2026-05-13T15:28:42.873928+00:00,RUN-REAL-ESS-20260513-002
ADCT,ADC Therapeutics SA,Common Stock,UNKNOWN,436270000,MICRO,STARMINE_COVERED,BEARISH,FIDELITY,SecurityExtract_ESS_2026May13.csv,2026-05-13,2026-05-13T15:28:42.873928+00:00,RUN-REAL-ESS-20260513-002
AGRO,Adecoagro SA,Common Stock,UNKNOWN,1890000000,MICRO,STARMINE_COVERED,NEUTRAL,FIDELITY,SecurityExtract_ESS_2026May13.csv,2026-05-13,2026-05-13T15:28:42.873928+00:00,RUN-REAL-ESS-20260513-002
ADNT,Adient plc,Common Stock,UNKNOWN,1730000000,MICRO,STARMINE_COVERED,NEUTRAL,FIDELITY,SecurityExtract_ESS_2026May13.csv,2026-05-13,2026-05-13T15:28:42.873928+00:00,RUN-REAL-ESS-20260513-002
AGYS,Agilysys Inc,Common Stock,UNKNOWN,1950000000,MICRO,STARMINE_COVERED,BEARISH,FIDELITY,SecurityExtract_ESS_2026May13.csv,2026-05-13,2026-05-13T15:28:42.873928+00:00,RUN-REAL-ESS-20260513-002
AEM,Agnico Eagle Mines Ltd,Common Stock,UNKNOWN,98530000000,LARGE,STARMINE_COVERED,BEARISH,FIDELITY,SecurityExtract_ESS_2026May13.csv,2026-05-13,2026-05-13T15:28:42.873928+00:00,RUN-REAL-ESS-20260513-002
APD,Air Products and Chemicals Inc.,Common Stock,UNKNOWN,67610000000,MID,STARMINE_COVERED,BEARISH,FIDELITY,SecurityExtract_ESS_2026May13.csv,2026-05-13,2026-05-13T15:28:42.873928+00:00,RUN-REAL-ESS-20260513-002
ACI,Albertsons Cos Inc,Common Stock,UNKNOWN,7870000000,SMALL,STARMINE_COVERED,BEARISH,FIDELITY,SecurityExtract_ESS_2026May13.csv,2026-05-13,2026-05-13T15:28:42.873928+00:00,RUN-REAL-ESS-20260513-002
ALLE,Allegion PLC,Common Stock,UNKNOWN,11280000000,SMALL,STARMINE_COVERED,BEARISH,FIDELITY,SecurityExtract_ESS_2026May13.csv,2026-05-13,2026-05-13T15:28:42.873928+00:00,RUN-REAL-ESS-20260513-002
ALLY,Ally Financial Inc,Common Stock,UNKNOWN,13130000000,SMALL,STARMINE_COVERED,BEARISH,FIDELITY,SecurityExtract_ESS_2026May13.csv,2026-05-13,2026-05-13T15:28:42.873928+00:00,RUN-REAL-ESS-20260513-002
ALNY,Alnylam Pharmaceuticals Inc,Common Stock,UNKNOWN,38990000000,MID,STARMINE_COVERED,BEARISH,FIDELITY,SecurityExtract_ESS_2026May13.csv,2026-05-13,2026-05-13T15:28:42.873928+00:00,RUN-REAL-ESS-20260513-002
AOSL,Alpha and Omega Semiconductor Limited,Common Stock,UNKNOWN,1130000000,MICRO,STARMINE_COVERED,BEARISH,FIDELITY,SecurityExtract_ESS_2026May13.csv,2026-05-13,2026-05-13T15:28:42.873928+00:00,RUN-REAL-ESS-20260513-002
GOOGL,Alphabet Inc,Common Stock,UNKNOWN,2580000000000,MEGA,STARMINE_COVERED,BEARISH,FIDELITY,SecurityExtract_ESS_2026May13.csv,2026-05-13,2026-05-13T15:28:42.873928+00:00,RUN-REAL-ESS-20260513-002
AMTB,Amerant Bancorp Inc,Common Stock,UNKNOWN,904380000,MICRO,STARMINE_COVERED,NEUTRAL,FIDELITY,SecurityExtract_ESS_2026May13.csv,2026-05-13,2026-05-13T15:28:42.873928+00:00,RUN-REAL-ESS-20260513-002
CRMT,America's Car-Mart Inc,Common Stock,UNKNOWN,103190000,MICRO,STARMINE_COVERED,BEARISH,FIDELITY,SecurityExtract_ESS_2026May13.csv,2026-05-13,2026-05-13T15:28:42.873928+00:00,RUN-REAL-ESS-20260513-002
AEO,American Eagle Outfitters Inc.,Common Stock,UNKNOWN,2610000000,MICRO,STARMINE_COVERED,BEARISH,FIDELITY,SecurityExtract_ESS_2026May13.csv,2026-05-13,2026-05-13T15:28:42.873928+00:00,RUN-REAL-ESS-20260513-002
AHR,American Healthcare REIT Inc,Common Stock,UNKNOWN,9920000000,SMALL,STARMINE_COVERED,BEARISH,FIDELITY,SecurityExtract_ESS_2026May13.csv,2026-05-13,2026-05-13T15:28:42.873928+00:00,RUN-REAL-ESS-20260513-002
AMP,Ameriprise Financial Inc,Common Stock,UNKNOWN,42260000000,MID,STARMINE_COVERED,NEUTRAL,FIDELITY,SecurityExtract_ESS_2026May13.csv,2026-05-13,2026-05-13T15:28:42.873928+00:00,RUN-REAL-ESS-20260513-002
AMSF,AMERISAFE Inc,Common Stock,UNKNOWN,566920000,MICRO,STARMINE_COVERED,BEARISH,FIDELITY,SecurityExtract_ESS_2026May13.csv,2026-05-13,2026-05-13T15:28:42.873928+00:00,RUN-REAL-ESS-20260513-002
APH,Amphenol Corp,Common Stock,UNKNOWN,157310000000,LARGE,STARMINE_COVERED,BEARISH,FIDELITY,SecurityExtract_ESS_2026May13.csv,2026-05-13,2026-05-13T15:28:42.873928+00:00,RUN-REAL-ESS-20260513-002
NLY,Annaly Capital Management Inc,Common Stock (REIT),UNKNOWN,16340000000,MID,STARMINE_COVERED,NEUTRAL,FIDELITY,SecurityExtract_ESS_2026May13.csv,2026-05-13,2026-05-13T15:28:42.873928+00:00,RUN-REAL-ESS-20260513-002
APG,APi Group Corp,Common Stock,UNKNOWN,18700000000,MID,STARMINE_COVERED,NEUTRAL,FIDELITY,SecurityExtract_ESS_2026May13.csv,2026-05-13,2026-05-13T15:28:42.873928+00:00,RUN-REAL-ESS-20260513-002
APPN,Appian Corp,Common Stock,UNKNOWN,1510000000,MICRO,STARMINE_COVERED,BEARISH,FIDELITY,SecurityExtract_ESS_2026May13.csv,2026-05-13,2026-05-13T15:28:42.873928+00:00,RUN-REAL-ESS-20260513-002
AAOI,Applied Optoelectronics Inc,Common Stock,UNKNOWN,15110000000,MID,STARMINE_COVERED,BEARISH,FIDELITY,SecurityExtract_ESS_2026May13.csv,2026-05-13,2026-05-13T15:28:42.873928+00:00,RUN-REAL-ESS-20260513-002
ATR,AptarGroup Inc.,Common Stock,UNKNOWN,7530000000,SMALL,STARMINE_COVERED,NEUTRAL,FIDELITY,SecurityExtract_ESS_2026May13.csv,2026-05-13,2026-05-13T15:28:42.873928+00:00,RUN-REAL-ESS-20260513-002
ABUS,Arbutus Biopharma Corp,Common Stock,UNKNOWN,848810000,MICRO,STARMINE_COVERED,BEARISH,FIDELITY,SecurityExtract_ESS_2026May13.csv,2026-05-13,2026-05-13T15:28:42.873928+00:00,RUN-REAL-ESS-20260513-002
ARQT,Arcutis Biotherapeutics Inc,Common Stock,UNKNOWN,2590000000,MICRO,STARMINE_COVERED,BEARISH,FIDELITY,SecurityExtract_ESS_2026May13.csv,2026-05-13,2026-05-13T15:28:42.873928+00:00,RUN-REAL-ESS-20260513-002
AMBP,Ardagh Metal Packaging SA,Common Stock,UNKNOWN,2390000000,MICRO,STARMINE_COVERED,BEARISH,FIDELITY,SecurityExtract_ESS_2026May13.csv,2026-05-13,2026-05-13T15:28:42.873928+00:00,RUN-REAL-ESS-20260513-002
ARQ,Arq Inc,Common Stock,UNKNOWN,116330000,MICRO,STARMINE_COVERED,NEUTRAL,FIDELITY,SecurityExtract_ESS_2026May13.csv,2026-05-13,2026-05-13T15:28:42.873928+00:00,RUN-REAL-ESS-20260513-002
AJG,Arthur J. Gallagher & Co.,Common Stock,UNKNOWN,51250000000,MID,STARMINE_COVERED,BEARISH,FIDELITY,SecurityExtract_ESS_2026May13.csv,2026-05-13,2026-05-13T15:28:42.873928+00:00,RUN-REAL-ESS-20260513-002
ASAN,Asana Inc,Common Stock,UNKNOWN,1430000000,MICRO,STARMINE_COVERED,NEUTRAL,FIDELITY,SecurityExtract_ESS_2026May13.csv,2026-05-13,2026-05-13T15:28:42.873928+00:00,RUN-REAL-ESS-20260513-002
ASTE,Astec Industries Inc.,Common Stock,UNKNOWN,1150000000,MICRO,STARMINE_COVERED,BEARISH,FIDELITY,SecurityExtract_ESS_2026May13.csv,2026-05-13,2026-05-13T15:28:42.873928+00:00,RUN-REAL-ESS-20260513-002
AESI,Atlas Energy Solutions Inc,Common Stock,UNKNOWN,2280000000,MICRO,STARMINE_COVERED,BEARISH,FIDELITY,SecurityExtract_ESS_2026May13.csv,2026-05-13,2026-05-13T15:28:42.873928+00:00,RUN-REAL-ESS-20260513-002
TEAM,Atlassian Corporation,Common Stock,UNKNOWN,21570000000,MID,STARMINE_COVERED,BEARISH,FIDELITY,SecurityExtract_ESS_2026May13.csv,2026-05-13,2026-05-13T15:28:42.873928+00:00,RUN-REAL-ESS-20260513-002
ATNI,ATN International Inc,Common Stock,UNKNOWN,406520000,MICRO,STARMINE_COVERED,BEARISH,FIDELITY,SecurityExtract_ESS_2026May13.csv,2026-05-13,2026-05-13T15:28:42.873928+00:00,RUN-REAL-ESS-20260513-002
ADSK,Autodesk Inc,Common Stock,UNKNOWN,49590000000,MID,STARMINE_COVERED,BEARISH,FIDELITY,SecurityExtract_ESS_2026May13.csv,2026-05-13,2026-05-13T15:28:42.873928+00:00,RUN-REAL-ESS-20260513-002
AZO,AutoZone Inc,Common Stock,UNKNOWN,56180000000,MID,STARMINE_COVERED,NEUTRAL,FIDELITY,SecurityExtract_ESS_2026May13.csv,2026-05-13,2026-05-13T15:28:42.873928+00:00,RUN-REAL-ESS-20260513-002
AVY,Avery Dennison Corp,Common Stock,UNKNOWN,12250000000,SMALL,STARMINE_COVERED,BEARISH,FIDELITY,SecurityExtract_ESS_2026May13.csv,2026-05-13,2026-05-13T15:28:42.873928+00:00,RUN-REAL-ESS-20260513-002
AVNT,Avient Corp,Common Stock,UNKNOWN,3230000000,MICRO,STARMINE_COVERED,BEARISH,FIDELITY,SecurityExtract_ESS_2026May13.csv,2026-05-13,2026-05-13T15:28:42.873928+00:00,RUN-REAL-ESS-20260513-002
AXTA,Axalta Coating Systems Ltd,Common Stock,UNKNOWN,5950000000,SMALL,STARMINE_COVERED,BEARISH,FIDELITY,SecurityExtract_ESS_2026May13.csv,2026-05-13,2026-05-13T15:28:42.873928+00:00,RUN-REAL-ESS-20260513-002
AXSM,Axsome Therapeutics Inc,Common Stock,UNKNOWN,11530000000,SMALL,STARMINE_COVERED,BEARISH,FIDELITY,SecurityExtract_ESS_2026May13.csv,2026-05-13,2026-05-13T15:28:42.873928+00:00,RUN-REAL-ESS-20260513-002
BSAC,Banco Santander-Chile,Depository Receipt,UNKNOWN,14230000000,MID,STARMINE_COVERED,BEARISH,FIDELITY,SecurityExtract_ESS_2026May13.csv,2026-05-13,2026-05-13T15:28:42.873928+00:00,RUN-REAL-ESS-20260513-002
BAND,Bandwidth Inc,Common Stock,UNKNOWN,1580000000,MICRO,STARMINE_COVERED,BEARISH,FIDELITY,SecurityExtract_ESS_2026May13.csv,2026-05-13,2026-05-13T15:28:42.873928+00:00,RUN-REAL-ESS-20260513-002
BKU,BankUnited Inc,Common Stock,UNKNOWN,3360000000,MICRO,STARMINE_COVERED,BEARISH,FIDELITY,SecurityExtract_ESS_2026May13.csv,2026-05-13,2026-05-13T15:28:42.873928+00:00,RUN-REAL-ESS-20260513-002
BCBP,BCB Bancorp Inc,Common Stock,UNKNOWN,167210000,MICRO,STARMINE_COVERED,BEARISH,FIDELITY,SecurityExtract_ESS_2026May13.csv,2026-05-13,2026-05-13T15:28:42.873928+00:00,RUN-REAL-ESS-20260513-002
BBT,Beacon Financial Corp,Common Stock,UNKNOWN,2370000000,MICRO,STARMINE_COVERED,BEARISH,FIDELITY,SecurityExtract_ESS_2026May13.csv,2026-05-13,2026-05-13T15:28:42.873928+00:00,RUN-REAL-ESS-20260513-002
BELFB,Bel Fuse Inc.,Common Stock,UNKNOWN,3160000000,MICRO,STARMINE_COVERED,BEARISH,FIDELITY,SecurityExtract_ESS_2026May13.csv,2026-05-13,2026-05-13T15:28:42.873928+00:00,RUN-REAL-ESS-20260513-002
BRBR,BellRing Brands Inc,Common Stock,UNKNOWN,1100000000,MICRO,STARMINE_COVERED,BEARISH,FIDELITY,SecurityExtract_ESS_2026May13.csv,2026-05-13,2026-05-13T15:28:42.873928+00:00,RUN-REAL-ESS-20260513-002
BSY,Bentley System Inc,Common Stock,UNKNOWN,9930000000,SMALL,STARMINE_COVERED,BEARISH,FIDELITY,SecurityExtract_ESS_2026May13.csv,2026-05-13,2026-05-13T15:28:42.873928+00:00,RUN-REAL-ESS-20260513-002
BRK/B,Berkshire Hathaway Inc,Common Stock,UNKNOWN,678120000000,MEGA,STARMINE_COVERED,BEARISH,FIDELITY,SecurityExtract_ESS_2026May13.csv,2026-05-13,2026-05-13T15:28:42.873928+00:00,RUN-REAL-ESS-20260513-002
BBY,Best Buy Co Inc,Common Stock,UNKNOWN,12050000000,SMALL,STARMINE_COVERED,BEARISH,FIDELITY,SecurityExtract_ESS_2026May13.csv,2026-05-13,2026-05-13T15:28:42.873928+00:00,RUN-REAL-ESS-20260513-002
BILL,BILL Holdings Inc,Common Stock,UNKNOWN,4110000000,SMALL,STARMINE_COVERED,BEARISH,FIDELITY,SecurityExtract_ESS_2026May13.csv,2026-05-13,2026-05-13T15:28:42.873928+00:00,RUN-REAL-ESS-20260513-002
TECH,Bio-Techne Corp,Common Stock,UNKNOWN,7420000000,SMALL,STARMINE_COVERED,BEARISH,FIDELITY,SecurityExtract_ESS_2026May13.csv,2026-05-13,2026-05-13T15:28:42.873928+00:00,RUN-REAL-ESS-20260513-002
BHVN,Biohaven Ltd,Common Stock,UNKNOWN,1390000000,MICRO,STARMINE_COVERED,BEARISH,FIDELITY,SecurityExtract_ESS_2026May13.csv,2026-05-13,2026-05-13T15:28:42.873928+00:00,RUN-REAL-ESS-20260513-002
BLFS,Biolife Solutions Inc,Common Stock,UNKNOWN,1040000000,MICRO,STARMINE_COVERED,NEUTRAL,FIDELITY,SecurityExtract_ESS_2026May13.csv,2026-05-13,2026-05-13T15:28:42.873928+00:00,RUN-REAL-ESS-20260513-002
BNTX,BioNTech SE,Depository Receipt,UNKNOWN,23690000000,MID,STARMINE_COVERED,BEARISH,FIDELITY,SecurityExtract_ESS_2026May13.csv,2026-05-13,2026-05-13T15:28:42.873928+00:00,RUN-REAL-ESS-20260513-002
BLKB,Blackbaud Inc,Common Stock,UNKNOWN,1490000000,MICRO,STARMINE_COVERED,BEARISH,FIDELITY,SecurityExtract_ESS_2026May13.csv,2026-05-13,2026-05-13T15:28:42.873928+00:00,RUN-REAL-ESS-20260513-002
BLNK,Blink Charging Co,Common Stock,UNKNOWN,129330000,MICRO,STARMINE_COVERED,BEARISH,FIDELITY,SecurityExtract_ESS_2026May13.csv,2026-05-13,2026-05-13T15:28:42.873928+00:00,RUN-REAL-ESS-20260513-002
BXC,BlueLinx Holdings Inc,Common Stock,UNKNOWN,378830000,MICRO,STARMINE_COVERED,BEARISH,FIDELITY,SecurityExtract_ESS_2026May13.csv,2026-05-13,2026-05-13T15:28:42.873928+00:00,RUN-REAL-ESS-20260513-002
BOOT,Boot Barn Holdings Inc,Common Stock,UNKNOWN,4400000000,SMALL,STARMINE_COVERED,NEUTRAL,FIDELITY,SecurityExtract_ESS_2026May13.csv,2026-05-13,2026-05-13T15:28:42.873928+00:00,RUN-REAL-ESS-20260513-002
BAH,Booz Allen Hamilton Holding Corporation,Common Stock,UNKNOWN,9100000000,SMALL,STARMINE_COVERED,BEARISH,FIDELITY,SecurityExtract_ESS_2026May13.csv,2026-05-13,2026-05-13T15:28:42.873928+00:00,RUN-REAL-ESS-20260513-002
BWA,BorgWarner Inc,Common Stock,UNKNOWN,13070000000,SMALL,STARMINE_COVERED,BEARISH,FIDELITY,SecurityExtract_ESS_2026May13.csv,2026-05-13,2026-05-13T15:28:42.873928+00:00,RUN-REAL-ESS-20260513-002
SAM,Boston Beer Co Inc (The),Common Stock,UNKNOWN,1890000000,MICRO,STARMINE_COVERED,NEUTRAL,FIDELITY,SecurityExtract_ESS_2026May13.csv,2026-05-13,2026-05-13T15:28:42.873928+00:00,RUN-REAL-ESS-20260513-002
BHR,Braemar Hotels & Resorts Inc,Common Stock (REIT),UNKNOWN,172380000,MICRO,STARMINE_COVERED,BEARISH,FIDELITY,SecurityExtract_ESS_2026May13.csv,2026-05-13,2026-05-13T15:28:42.873928+00:00,RUN-REAL-ESS-20260513-002
BR,Broadridge Financial Solutions Inc,Common Stock,UNKNOWN,17290000000,MID,STARMINE_COVERED,BEARISH,FIDELITY,SecurityExtract_ESS_2026May13.csv,2026-05-13,2026-05-13T15:28:42.873928+00:00,RUN-REAL-ESS-20260513-002
BWEN,Broadwind Inc,Common Stock,UNKNOWN,103210000,MICRO,STARMINE_COVERED,NEUTRAL,FIDELITY,SecurityExtract_ESS_2026May13.csv,2026-05-13,2026-05-13T15:28:42.873928+00:00,RUN-REAL-ESS-20260513-002
BN,Brookfield Corp,Common Stock,UNKNOWN,112500000000,LARGE,STARMINE_COVERED,BEARISH,FIDELITY,SecurityExtract_ESS_2026May13.csv,2026-05-13,2026-05-13T15:28:42.873928+00:00,RUN-REAL-ESS-20260513-002
BC,Brunswick Corp,Common Stock,UNKNOWN,5040000000,SMALL,STARMINE_COVERED,BEARISH,FIDELITY,SecurityExtract_ESS_2026May13.csv,2026-05-13,2026-05-13T15:28:42.873928+00:00,RUN-REAL-ESS-20260513-002
BURL,Burlington Stores Inc,Common Stock,UNKNOWN,18150000000,MID,STARMINE_COVERED,BEARISH,FIDELITY,SecurityExtract_ESS_2026May13.csv,2026-05-13,2026-05-13T15:28:42.873928+00:00,RUN-REAL-ESS-20260513-002
CHRW,C.H. Robinson Worldwide Inc.,Common Stock,UNKNOWN,19710000000,MID,STARMINE_COVERED,NEUTRAL,FIDELITY,SecurityExtract_ESS_2026May13.csv,2026-05-13,2026-05-13T15:28:42.873928+00:00,RUN-REAL-ESS-20260513-002
AI,C3.ai Inc,Common Stock,UNKNOWN,1280000000,MICRO,STARMINE_COVERED,BEARISH,FIDELITY,SecurityExtract_ESS_2026May13.csv,2026-05-13,2026-05-13T15:28:42.873928+00:00,RUN-REAL-ESS-20260513-002
CAN,Canaan Inc,Depository Receipt,UNKNOWN,377080000,MICRO,STARMINE_COVERED,BEARISH,FIDELITY,SecurityExtract_ESS_2026May13.csv,2026-05-13,2026-05-13T15:28:42.873928+00:00,RUN-REAL-ESS-20260513-002
COF,Capital One Financial Corp,Common Stock,UNKNOWN,114320000000,LARGE,STARMINE_COVERED,BEARISH,FIDELITY,SecurityExtract_ESS_2026May13.csv,2026-05-13,2026-05-13T15:28:42.873928+00:00,RUN-REAL-ESS-20260513-002
CAI,Caris Life Sciences Inc,Common Stock,UNKNOWN,4740000000,SMALL,STARMINE_COVERED,BEARISH,FIDELITY,SecurityExtract_ESS_2026May13.csv,2026-05-13,2026-05-13T15:28:42.873928+00:00,RUN-REAL-ESS-20260513-002
RNAC,Cartesian Therapeutics Inc,Common Stock,UNKNOWN,255620000,MICRO,STARMINE_COVERED,BEARISH,FIDELITY,SecurityExtract_ESS_2026May13.csv,2026-05-13,2026-05-13T15:28:42.873928+00:00,RUN-REAL-ESS-20260513-002
CVNA,Carvana Co,Common Stock,UNKNOWN,80860000000,MID,STARMINE_COVERED,BEARISH,FIDELITY,SecurityExtract_ESS_2026May13.csv,2026-05-13,2026-05-13T15:28:42.873928+00:00,RUN-REAL-ESS-20260513-002
CVCO,Cavco Industries Inc,Common Stock,UNKNOWN,3690000000,SMALL,STARMINE_COVERED,NEUTRAL,FIDELITY,SecurityExtract_ESS_2026May13.csv,2026-05-13,2026-05-13T15:28:42.873928+00:00,RUN-REAL-ESS-20260513-002
CBZ,CBIZ Inc,Common Stock,UNKNOWN,1590000000,MICRO,STARMINE_COVERED,NEUTRAL,FIDELITY,SecurityExtract_ESS_2026May13.csv,2026-05-13,2026-05-13T15:28:42.873928+00:00,RUN-REAL-ESS-20260513-002
CENT,Central Garden & Pet Co,Common Stock,UNKNOWN,430430000,MICRO,STARMINE_COVERED,BEARISH,FIDELITY,SecurityExtract_ESS_2026May13.csv,2026-05-13,2026-05-13T15:28:42.873928+00:00,RUN-REAL-ESS-20260513-002
CRL,Charles River Laboratories International Inc,Common Stock,UNKNOWN,8130000000,SMALL,STARMINE_COVERED,BEARISH,FIDELITY,SecurityExtract_ESS_2026May13.csv,2026-05-13,2026-05-13T15:28:42.873928+00:00,RUN-REAL-ESS-20260513-002
CHKP,Check Point Software Technologies Ltd,Common Stock,UNKNOWN,12100000000,SMALL,STARMINE_COVERED,BEARISH,FIDELITY,SecurityExtract_ESS_2026May13.csv,2026-05-13,2026-05-13T15:28:42.873928+00:00,RUN-REAL-ESS-20260513-002
CHD,Church & Dwight Co Inc,Common Stock,UNKNOWN,22160000000,MID,STARMINE_COVERED,BEARISH,FIDELITY,SecurityExtract_ESS_2026May13.csv,2026-05-13,2026-05-13T15:28:42.873928+00:00,RUN-REAL-ESS-20260513-002
CNK,Cinemark Holdings Inc,Common Stock,UNKNOWN,3070000000,MICRO,STARMINE_COVERED,BEARISH,FIDELITY,SecurityExtract_ESS_2026May13.csv,2026-05-13,2026-05-13T15:28:42.873928+00:00,RUN-REAL-ESS-20260513-002
CTAS,Cintas Corp,Common Stock,UNKNOWN,66190000000,MID,STARMINE_COVERED,BEARISH,FIDELITY,SecurityExtract_ESS_2026May13.csv,2026-05-13,2026-05-13T15:28:42.873928+00:00,RUN-REAL-ESS-20260513-002
CZNC,Citizens & Northern Corp,Common Stock,UNKNOWN,376260000,MICRO,STARMINE_COVERED,BEARISH,FIDELITY,SecurityExtract_ESS_2026May13.csv,2026-05-13,2026-05-13T15:28:42.873928+00:00,RUN-REAL-ESS-20260513-002
CLIR,ClearSign Technologies Corp,Common Stock,UNKNOWN,24610000,MICRO,STARMINE_COVERED,NEUTRAL,FIDELITY,SecurityExtract_ESS_2026May13.csv,2026-05-13,2026-05-13T15:28:42.873928+00:00,RUN-REAL-ESS-20260513-002
CLW,Clearwater Paper Corp,Common Stock,UNKNOWN,219140000,MICRO,STARMINE_COVERED,BEARISH,FIDELITY,SecurityExtract_ESS_2026May13.csv,2026-05-13,2026-05-13T15:28:42.873928+00:00,RUN-REAL-ESS-20260513-002
CNA,CNA Financial Corp,Common Stock,UNKNOWN,11720000000,SMALL,STARMINE_COVERED,NEUTRAL,FIDELITY,SecurityExtract_ESS_2026May13.csv,2026-05-13,2026-05-13T15:28:42.873928+00:00,RUN-REAL-ESS-20260513-002
COHU,Cohu Inc,Common Stock,UNKNOWN,2330000000,MICRO,STARMINE_COVERED,BEARISH,FIDELITY,SecurityExtract_ESS_2026May13.csv,2026-05-13,2026-05-13T15:28:42.873928+00:00,RUN-REAL-ESS-20260513-002
CL,Colgate-Palmolive Co,Common Stock,UNKNOWN,69970000000,MID,STARMINE_COVERED,BEARISH,FIDELITY,SecurityExtract_ESS_2026May13.csv,2026-05-13,2026-05-13T15:28:42.873928+00:00,RUN-REAL-ESS-20260513-002
BVN,Compania de Minas Buenaventura SAA,Depository Receipt,UNKNOWN,10470000000,SMALL,STARMINE_COVERED,BEARISH,FIDELITY,SecurityExtract_ESS_2026May13.csv,2026-05-13,2026-05-13T15:28:42.873928+00:00,RUN-REAL-ESS-20260513-002
CAG,Conagra Brands Inc,Common Stock,UNKNOWN,6700000000,SMALL,STARMINE_COVERED,BEARISH,FIDELITY,SecurityExtract_ESS_2026May13.csv,2026-05-13,2026-05-13T15:28:42.873928+00:00,RUN-REAL-ESS-20260513-002
ROAD,Construction Partners inc,Common Stock,UNKNOWN,7170000000,SMALL,STARMINE_COVERED,NEUTRAL,FIDELITY,SecurityExtract_ESS_2026May13.csv,2026-05-13,2026-05-13T15:28:42.873928+00:00,RUN-REAL-ESS-20260513-002
CPRT,Copart Inc,Common Stock,UNKNOWN,32210000000,MID,STARMINE_COVERED,BEARISH,FIDELITY,SecurityExtract_ESS_2026May13.csv,2026-05-13,2026-05-13T15:28:42.873928+00:00,RUN-REAL-ESS-20260513-002
CLB,Core Laboratories Inc,Common Stock,UNKNOWN,607560000,MICRO,STARMINE_COVERED,NEUTRAL,FIDELITY,SecurityExtract_ESS_2026May13.csv,2026-05-13,2026-05-13T15:28:42.873928+00:00,RUN-REAL-ESS-20260513-002
CXW,CoreCivic Inc,Common Stock (REIT),UNKNOWN,1940000000,MICRO,STARMINE_COVERED,BEARISH,FIDELITY,SecurityExtract_ESS_2026May13.csv,2026-05-13,2026-05-13T15:28:42.873928+00:00,RUN-REAL-ESS-20260513-002
CXT,Crane NXT Co,Common Stock,UNKNOWN,2450000000,MICRO,STARMINE_COVERED,BEARISH,FIDELITY,SecurityExtract_ESS_2026May13.csv,2026-05-13,2026-05-13T15:28:42.873928+00:00,RUN-REAL-ESS-20260513-002
CCI,Crown Castle Inc,Common Stock (REIT),UNKNOWN,39940000000,MID,STARMINE_COVERED,BEARISH,FIDELITY,SecurityExtract_ESS_2026May13.csv,2026-05-13,2026-05-13T15:28:42.873928+00:00,RUN-REAL-ESS-20260513-002
CCK,Crown Holdings Inc,Common Stock,UNKNOWN,11180000000,SMALL,STARMINE_COVERED,BEARISH,FIDELITY,SecurityExtract_ESS_2026May13.csv,2026-05-13,2026-05-13T15:28:42.873928+00:00,RUN-REAL-ESS-20260513-002
CYRX,Cryoport Inc,Common Stock,UNKNOWN,657240000,MICRO,STARMINE_COVERED,BEARISH,FIDELITY,SecurityExtract_ESS_2026May13.csv,2026-05-13,2026-05-13T15:28:42.873928+00:00,RUN-REAL-ESS-20260513-002
CFR,Cullen/Frost Bankers Inc,Common Stock,UNKNOWN,8550000000,SMALL,STARMINE_COVERED,BEARISH,FIDELITY,SecurityExtract_ESS_2026May13.csv,2026-05-13,2026-05-13T15:28:42.873928+00:00,RUN-REAL-ESS-20260513-002
CUBI,Customers Bancorp Inc,Common Stock,UNKNOWN,2500000000,MICRO,STARMINE_COVERED,NEUTRAL,FIDELITY,SecurityExtract_ESS_2026May13.csv,2026-05-13,2026-05-13T15:28:42.873928+00:00,RUN-REAL-ESS-20260513-002
CTMX,CytomX Therapeutics Inc,Common Stock,UNKNOWN,844690000,MICRO,STARMINE_COVERED,NEUTRAL,FIDELITY,SecurityExtract_ESS_2026May13.csv,2026-05-13,2026-05-13T15:28:42.873928+00:00,RUN-REAL-ESS-20260513-002
CTSO,Cytosorbents Corp,Common Stock,UNKNOWN,36740000,MICRO,STARMINE_COVERED,BEARISH,FIDELITY,SecurityExtract_ESS_2026May13.csv,2026-05-13,2026-05-13T15:28:42.873928+00:00,RUN-REAL-ESS-20260513-002
DHI,D.R. Horton Inc,Common Stock,UNKNOWN,40630000000,MID,STARMINE_COVERED,BEARISH,FIDELITY,SecurityExtract_ESS_2026May13.csv,2026-05-13,2026-05-13T15:28:42.873928+00:00,RUN-REAL-ESS-20260513-002
DRI,Darden Restaurants Inc,Common Stock,UNKNOWN,22810000000,MID,STARMINE_COVERED,NEUTRAL,FIDELITY,SecurityExtract_ESS_2026May13.csv,2026-05-13,2026-05-13T15:28:42.873928+00:00,RUN-REAL-ESS-20260513-002
DAR,Darling Ingredients Inc,Common Stock,UNKNOWN,10090000000,SMALL,STARMINE_COVERED,NEUTRAL,FIDELITY,SecurityExtract_ESS_2026May13.csv,2026-05-13,2026-05-13T15:28:42.873928+00:00,RUN-REAL-ESS-20260513-002
DCH,Dauch Corp,Common Stock,UNKNOWN,1540000000,MICRO,STARMINE_COVERED,BEARISH,FIDELITY,SecurityExtract_ESS_2026May13.csv,2026-05-13,2026-05-13T15:28:42.873928+00:00,RUN-REAL-ESS-20260513-002
DE,DEERE & COMPANY,Common Stock,UNKNOWN,159140000000,LARGE,STARMINE_COVERED,NEUTRAL,FIDELITY,SecurityExtract_ESS_2026May13.csv,2026-05-13,2026-05-13T15:28:42.873928+00:00,RUN-REAL-ESS-20260513-002
DB,Deutsche Bank AG,Common Stock,UNKNOWN,60700000000,MID,STARMINE_COVERED,NEUTRAL,FIDELITY,SecurityExtract_ESS_2026May13.csv,2026-05-13,2026-05-13T15:28:42.873928+00:00,RUN-REAL-ESS-20260513-002
DPZ,Domino's Pizza Inc,Common Stock,UNKNOWN,10320000000,SMALL,STARMINE_COVERED,BEARISH,FIDELITY,SecurityExtract_ESS_2026May13.csv,2026-05-13,2026-05-13T15:28:42.873928+00:00,RUN-REAL-ESS-20260513-002
DY,Dycom Industries Inc.,Common Stock,UNKNOWN,12890000000,SMALL,STARMINE_COVERED,BEARISH,FIDELITY,SecurityExtract_ESS_2026May13.csv,2026-05-13,2026-05-13T15:28:42.873928+00:00,RUN-REAL-ESS-20260513-002
ECL,Ecolab Inc.,Common Stock,UNKNOWN,70840000000,MID,STARMINE_COVERED,BEARISH,FIDELITY,SecurityExtract_ESS_2026May13.csv,2026-05-13,2026-05-13T15:28:42.873928+00:00,RUN-REAL-ESS-20260513-002
EDIT,Editas Medicine Inc,Common Stock,UNKNOWN,286860000,MICRO,STARMINE_COVERED,BEARISH,FIDELITY,SecurityExtract_ESS_2026May13.csv,2026-05-13,2026-05-13T15:28:42.873928+00:00,RUN-REAL-ESS-20260513-002
EW,Edwards Lifesciences Corp,Common Stock,UNKNOWN,45910000000,MID,STARMINE_COVERED,BEARISH,FIDELITY,SecurityExtract_ESS_2026May13.csv,2026-05-13,2026-05-13T15:28:42.873928+00:00,RUN-REAL-ESS-20260513-002
ELAN,Elanco Animal Health Inc,Common Stock,UNKNOWN,10700000000,SMALL,STARMINE_COVERED,NEUTRAL,FIDELITY,SecurityExtract_ESS_2026May13.csv,2026-05-13,2026-05-13T15:28:42.873928+00:00,RUN-REAL-ESS-20260513-002
ELV,Elevance Health Inc,Common Stock,UNKNOWN,85410000000,LARGE,STARMINE_COVERED,BEARISH,FIDELITY,SecurityExtract_ESS_2026May13.csv,2026-05-13,2026-05-13T15:28:42.873928+00:00,RUN-REAL-ESS-20260513-002
EMBC,Embecta Corp,Common Stock,UNKNOWN,202310000,MICRO,STARMINE_COVERED,BEARISH,FIDELITY,SecurityExtract_ESS_2026May13.csv,2026-05-13,2026-05-13T15:28:42.873928+00:00,RUN-REAL-ESS-20260513-002
NPO,Enpro Inc,Common Stock,UNKNOWN,6550000000,SMALL,STARMINE_COVERED,NEUTRAL,FIDELITY,SecurityExtract_ESS_2026May13.csv,2026-05-13,2026-05-13T15:28:42.873928+00:00,RUN-REAL-ESS-20260513-002
EQH,Equitable Holdings Inc,Common Stock,UNKNOWN,11430000000,SMALL,STARMINE_COVERED,NEUTRAL,FIDELITY,SecurityExtract_ESS_2026May13.csv,2026-05-13,2026-05-13T15:28:42.873928+00:00,RUN-REAL-ESS-20260513-002
ELS,Equity LifeStyle Properties Inc,Common Stock (REIT),UNKNOWN,12300000000,SMALL,STARMINE_COVERED,BEARISH,FIDELITY,SecurityExtract_ESS_2026May13.csv,2026-05-13,2026-05-13T15:28:42.873928+00:00,RUN-REAL-ESS-20260513-002
ESAB,ESAB Corp,Common Stock,UNKNOWN,5740000000,SMALL,STARMINE_COVERED,BEARISH,FIDELITY,SecurityExtract_ESS_2026May13.csv,2026-05-13,2026-05-13T15:28:42.873928+00:00,RUN-REAL-ESS-20260513-002
ESPR,Esperion Therapeutics Inc,Common Stock,UNKNOWN,805760000,MICRO,STARMINE_COVERED,BEARISH,FIDELITY,SecurityExtract_ESS_2026May13.csv,2026-05-13,2026-05-13T15:28:42.873928+00:00,RUN-REAL-ESS-20260513-002
EPRT,Essential Properties Realty Trust Inc,Common Stock,UNKNOWN,6760000000,SMALL,STARMINE_COVERED,BEARISH,FIDELITY,SecurityExtract_ESS_2026May13.csv,2026-05-13,2026-05-13T15:28:42.873928+00:00,RUN-REAL-ESS-20260513-002
ETON,Eton Pharmaceuticals Inc,Common Stock,UNKNOWN,812870000,MICRO,STARMINE_COVERED,BEARISH,FIDELITY,SecurityExtract_ESS_2026May13.csv,2026-05-13,2026-05-13T15:28:42.873928+00:00,RUN-REAL-ESS-20260513-002
ETSY,Etsy Inc,Common Stock,UNKNOWN,5460000000,SMALL,STARMINE_COVERED,BEARISH,FIDELITY,SecurityExtract_ESS_2026May13.csv,2026-05-13,2026-05-13T15:28:42.873928+00:00,RUN-REAL-ESS-20260513-002
EOLS,Evolus Inc,Common Stock,UNKNOWN,428060000,MICRO,STARMINE_COVERED,BEARISH,FIDELITY,SecurityExtract_ESS_2026May13.csv,2026-05-13,2026-05-13T15:28:42.873928+00:00,RUN-REAL-ESS-20260513-002
FBK,FB Financial Corp,Common Stock,UNKNOWN,2680000000,MICRO,STARMINE_COVERED,BEARISH,FIDELITY,SecurityExtract_ESS_2026May13.csv,2026-05-13,2026-05-13T15:28:42.873928+00:00,RUN-REAL-ESS-20260513-002
FNF,Fidelity National Financial Inc,Common Stock,UNKNOWN,12810000000,SMALL,STARMINE_COVERED,BEARISH,FIDELITY,SecurityExtract_ESS_2026May13.csv,2026-05-13,2026-05-13T15:28:42.873928+00:00,RUN-REAL-ESS-20260513-002
FIS,Fidelity National Information Services Inc,Common Stock,UNKNOWN,22230000000,MID,STARMINE_COVERED,NEUTRAL,FIDELITY,SecurityExtract_ESS_2026May13.csv,2026-05-13,2026-05-13T15:28:42.873928+00:00,RUN-REAL-ESS-20260513-002
FBNC,First Bancorp/NC,Common Stock,UNKNOWN,2430000000,MICRO,STARMINE_COVERED,BEARISH,FIDELITY,SecurityExtract_ESS_2026May13.csv,2026-05-13,2026-05-13T15:28:42.873928+00:00,RUN-REAL-ESS-20260513-002
FIBK,First Interstate BancSystem Inc,Common Stock,UNKNOWN,3360000000,MICRO,STARMINE_COVERED,NEUTRAL,FIDELITY,SecurityExtract_ESS_2026May13.csv,2026-05-13,2026-05-13T15:28:42.873928+00:00,RUN-REAL-ESS-20260513-002
FCFS,FirstCash Holdings Inc,Common Stock,UNKNOWN,10110000000,SMALL,STARMINE_COVERED,NEUTRAL,FIDELITY,SecurityExtract_ESS_2026May13.csv,2026-05-13,2026-05-13T15:28:42.873928+00:00,RUN-REAL-ESS-20260513-002
FLR,Fluor Corp,Common Stock,UNKNOWN,6250000000,SMALL,STARMINE_COVERED,BEARISH,FIDELITY,SecurityExtract_ESS_2026May13.csv,2026-05-13,2026-05-13T15:28:42.873928+00:00,RUN-REAL-ESS-20260513-002
FORM,FormFactor Inc,Common Stock,UNKNOWN,10290000000,SMALL,STARMINE_COVERED,BEARISH,FIDELITY,SecurityExtract_ESS_2026May13.csv,2026-05-13,2026-05-13T15:28:42.873928+00:00,RUN-REAL-ESS-20260513-002
FBIN,Fortune Brands Innovations Inc,Common Stock,UNKNOWN,4410000000,SMALL,STARMINE_COVERED,BEARISH,FIDELITY,SecurityExtract_ESS_2026May13.csv,2026-05-13,2026-05-13T15:28:42.873928+00:00,RUN-REAL-ESS-20260513-002
FCPT,Four Corners Property Trust Inc,Common Stock,UNKNOWN,2750000000,MICRO,STARMINE_COVERED,NEUTRAL,FIDELITY,SecurityExtract_ESS_2026May13.csv,2026-05-13,2026-05-13T15:28:42.873928+00:00,RUN-REAL-ESS-20260513-002
FOXA,Fox Corp,Common Stock,UNKNOWN,13200000000,SMALL,STARMINE_COVERED,BEARISH,FIDELITY,SecurityExtract_ESS_2026May13.csv,2026-05-13,2026-05-13T15:28:42.873928+00:00,RUN-REAL-ESS-20260513-002
FC,Franklin Covey Co.,Common Stock,UNKNOWN,241670000,MICRO,STARMINE_COVERED,BEARISH,FIDELITY,SecurityExtract_ESS_2026May13.csv,2026-05-13,2026-05-13T15:28:42.873928+00:00,RUN-REAL-ESS-20260513-002
FCEL,FuelCell Energy Inc,Common Stock,UNKNOWN,905390000,MICRO,STARMINE_COVERED,NEUTRAL,FIDELITY,SecurityExtract_ESS_2026May13.csv,2026-05-13,2026-05-13T15:28:42.873928+00:00,RUN-REAL-ESS-20260513-002
FNKO,Funko Inc,Common Stock,UNKNOWN,309860000,MICRO,STARMINE_COVERED,NEUTRAL,FIDELITY,SecurityExtract_ESS_2026May13.csv,2026-05-13,2026-05-13T15:28:42.873928+00:00,RUN-REAL-ESS-20260513-002
GME,GameStop Corp.,Common Stock,UNKNOWN,10030000000,SMALL,STARMINE_COVERED,BEARISH,FIDELITY,SecurityExtract_ESS_2026May13.csv,2026-05-13,2026-05-13T15:28:42.873928+00:00,RUN-REAL-ESS-20260513-002
IT,Gartner Inc,Common Stock,UNKNOWN,10240000000,SMALL,STARMINE_COVERED,BEARISH,FIDELITY,SecurityExtract_ESS_2026May13.csv,2026-05-13,2026-05-13T15:28:42.873928+00:00,RUN-REAL-ESS-20260513-002
GATX,GATX Corp.,Common Stock,UNKNOWN,6530000000,SMALL,STARMINE_COVERED,BEARISH,FIDELITY,SecurityExtract_ESS_2026May13.csv,2026-05-13,2026-05-13T15:28:42.873928+00:00,RUN-REAL-ESS-20260513-002
GE,GE Aerospace,Common Stock,UNKNOWN,310340000000,LARGE,STARMINE_COVERED,BEARISH,FIDELITY,SecurityExtract_ESS_2026May13.csv,2026-05-13,2026-05-13T15:28:42.873928+00:00,RUN-REAL-ESS-20260513-002
GD,General Dynamics Corp,Common Stock,UNKNOWN,93690000000,LARGE,STARMINE_COVERED,BEARISH,FIDELITY,SecurityExtract_ESS_2026May13.csv,2026-05-13,2026-05-13T15:28:42.873928+00:00,RUN-REAL-ESS-20260513-002
GMAB,Genmab A/S,Depository Receipt,UNKNOWN,16630000000,MID,STARMINE_COVERED,NEUTRAL,FIDELITY,SecurityExtract_ESS_2026May13.csv,2026-05-13,2026-05-13T15:28:42.873928+00:00,RUN-REAL-ESS-20260513-002
GNTX,Gentex Corporation,Common Stock,UNKNOWN,4890000000,SMALL,STARMINE_COVERED,BEARISH,FIDELITY,SecurityExtract_ESS_2026May13.csv,2026-05-13,2026-05-13T15:28:42.873928+00:00,RUN-REAL-ESS-20260513-002
THRM,Gentherm Inc,Common Stock,UNKNOWN,929210000,MICRO,STARMINE_COVERED,BEARISH,FIDELITY,SecurityExtract_ESS_2026May13.csv,2026-05-13,2026-05-13T15:28:42.873928+00:00,RUN-REAL-ESS-20260513-002
GEO,GEO Group Inc (The),Common Stock (REIT),UNKNOWN,2860000000,MICRO,STARMINE_COVERED,BEARISH,FIDELITY,SecurityExtract_ESS_2026May13.csv,2026-05-13,2026-05-13T15:28:42.873928+00:00,RUN-REAL-ESS-20260513-002
GOOD,Gladstone Commercial Corp,Common Stock (REIT),UNKNOWN,603640000,MICRO,STARMINE_COVERED,BEARISH,FIDELITY,SecurityExtract_ESS_2026May13.csv,2026-05-13,2026-05-13T15:28:42.873928+00:00,RUN-REAL-ESS-20260513-002
GS,Goldman Sachs Group Inc (The),Common Stock,UNKNOWN,279050000000,LARGE,STARMINE_COVERED,BEARISH,FIDELITY,SecurityExtract_ESS_2026May13.csv,2026-05-13,2026-05-13T15:28:42.873928+00:00,RUN-REAL-ESS-20260513-002
GSHD,Goosehead Insurance Inc,Common Stock,UNKNOWN,1410000000,MICRO,STARMINE_COVERED,BEARISH,FIDELITY,SecurityExtract_ESS_2026May13.csv,2026-05-13,2026-05-13T15:28:42.873928+00:00,RUN-REAL-ESS-20260513-002
GPRO,GoPro Inc,Common Stock,UNKNOWN,193210000,MICRO,STARMINE_COVERED,BEARISH,FIDELITY,SecurityExtract_ESS_2026May13.csv,2026-05-13,2026-05-13T15:28:42.873928+00:00,RUN-REAL-ESS-20260513-002
GGG,Graco Inc.,Common Stock,UNKNOWN,12790000000,SMALL,STARMINE_COVERED,NEUTRAL,FIDELITY,SecurityExtract_ESS_2026May13.csv,2026-05-13,2026-05-13T15:28:42.873928+00:00,RUN-REAL-ESS-20260513-002
EAF,GrafTech International Ltd,Common Stock,UNKNOWN,239120000,MICRO,STARMINE_COVERED,BEARISH,FIDELITY,SecurityExtract_ESS_2026May13.csv,2026-05-13,2026-05-13T15:28:42.873928+00:00,RUN-REAL-ESS-20260513-002
GTN,Gray Media Inc,Common Stock,UNKNOWN,397480000,MICRO,STARMINE_COVERED,BEARISH,FIDELITY,SecurityExtract_ESS_2026May13.csv,2026-05-13,2026-05-13T15:28:42.873928+00:00,RUN-REAL-ESS-20260513-002
GPI,Group 1 Automotive Inc,Common Stock,UNKNOWN,4000000000,SMALL,STARMINE_COVERED,BEARISH,FIDELITY,SecurityExtract_ESS_2026May13.csv,2026-05-13,2026-05-13T15:28:42.873928+00:00,RUN-REAL-ESS-20260513-002
GRPN,Groupon Inc,Common Stock,UNKNOWN,661680000,MICRO,STARMINE_COVERED,BEARISH,FIDELITY,SecurityExtract_ESS_2026May13.csv,2026-05-13,2026-05-13T15:28:42.873928+00:00,RUN-REAL-ESS-20260513-002
HTO,H2O America,Common Stock,UNKNOWN,2400000000,MICRO,STARMINE_COVERED,NEUTRAL,FIDELITY,SecurityExtract_ESS_2026May13.csv,2026-05-13,2026-05-13T15:28:42.873928+00:00,RUN-REAL-ESS-20260513-002
HASI,HA Sustainable Infrastructure Capital Inc,Common Stock (REIT),UNKNOWN,5240000000,SMALL,STARMINE_COVERED,BEARISH,FIDELITY,SecurityExtract_ESS_2026May13.csv,2026-05-13,2026-05-13T15:28:42.873928+00:00,RUN-REAL-ESS-20260513-002
HAIN,Hain Celestial Group Inc (The),Common Stock,UNKNOWN,72640000,MICRO,STARMINE_COVERED,NEUTRAL,FIDELITY,SecurityExtract_ESS_2026May13.csv,2026-05-13,2026-05-13T15:28:42.873928+00:00,RUN-REAL-ESS-20260513-002
HNRG,Hallador Energy Co,Common Stock,UNKNOWN,930820000,MICRO,STARMINE_COVERED,NEUTRAL,FIDELITY,SecurityExtract_ESS_2026May13.csv,2026-05-13,2026-05-13T15:28:42.873928+00:00,RUN-REAL-ESS-20260513-002
HWC,Hancock Whitney Corp,Common Stock,UNKNOWN,5340000000,SMALL,STARMINE_COVERED,BEARISH,FIDELITY,SecurityExtract_ESS_2026May13.csv,2026-05-13,2026-05-13T15:28:42.873928+00:00,RUN-REAL-ESS-20260513-002
HOG,Harley-Davidson Inc.,Common Stock,UNKNOWN,2670000000,MICRO,STARMINE_COVERED,NEUTRAL,FIDELITY,SecurityExtract_ESS_2026May13.csv,2026-05-13,2026-05-13T15:28:42.873928+00:00,RUN-REAL-ESS-20260513-002
HDB,HDFC Bank Limited,Depository Receipt,UNKNOWN,123370000000,LARGE,STARMINE_COVERED,BEARISH,FIDELITY,SecurityExtract_ESS_2026May13.csv,2026-05-13,2026-05-13T15:28:42.873928+00:00,RUN-REAL-ESS-20260513-002
HLIO,Helios Technologies Inc,Common Stock,UNKNOWN,2560000000,MICRO,STARMINE_COVERED,BEARISH,FIDELITY,SecurityExtract_ESS_2026May13.csv,2026-05-13,2026-05-13T15:28:42.873928+00:00,RUN-REAL-ESS-20260513-002
HLX,Helix Energy Solutions Group Inc,Common Stock,UNKNOWN,1460000000,MICRO,STARMINE_COVERED,NEUTRAL,FIDELITY,SecurityExtract_ESS_2026May13.csv,2026-05-13,2026-05-13T15:28:42.873928+00:00,RUN-REAL-ESS-20260513-002
HLF,Herbalife Ltd,Common Stock,UNKNOWN,1410000000,MICRO,STARMINE_COVERED,NEUTRAL,FIDELITY,SecurityExtract_ESS_2026May13.csv,2026-05-13,2026-05-13T15:28:42.873928+00:00,RUN-REAL-ESS-20260513-002
HFFG,HF Foods Group Inc,Common Stock,UNKNOWN,113370000,MICRO,STARMINE_COVERED,BEARISH,FIDELITY,SecurityExtract_ESS_2026May13.csv,2026-05-13,2026-05-13T15:28:42.873928+00:00,RUN-REAL-ESS-20260513-002
HD,Home Depot Inc. (The),Common Stock,UNKNOWN,309230000000,LARGE,STARMINE_COVERED,BEARISH,FIDELITY,SecurityExtract_ESS_2026May13.csv,2026-05-13,2026-05-13T15:28:42.873928+00:00,RUN-REAL-ESS-20260513-002
HMC,Honda Motor Co Ltd,Depository Receipt,UNKNOWN,31280000000,MID,STARMINE_COVERED,BEARISH,FIDELITY,SecurityExtract_ESS_2026May13.csv,2026-05-13,2026-05-13T15:28:42.873928+00:00,RUN-REAL-ESS-20260513-002
HON,Honeywell International Inc,Common Stock,UNKNOWN,138480000000,LARGE,STARMINE_COVERED,BEARISH,FIDELITY,SecurityExtract_ESS_2026May13.csv,2026-05-13,2026-05-13T15:28:42.873928+00:00,RUN-REAL-ESS-20260513-002
HRL,Hormel Foods Corp,Common Stock,UNKNOWN,11100000000,SMALL,STARMINE_COVERED,BEARISH,FIDELITY,SecurityExtract_ESS_2026May13.csv,2026-05-13,2026-05-13T15:28:42.873928+00:00,RUN-REAL-ESS-20260513-002
HHH,Howard Hughes Holdings Inc,Common Stock,UNKNOWN,3830000000,SMALL,STARMINE_COVERED,BEARISH,FIDELITY,SecurityExtract_ESS_2026May13.csv,2026-05-13,2026-05-13T15:28:42.873928+00:00,RUN-REAL-ESS-20260513-002
HDSN,Hudson Technologies Inc,Common Stock,UNKNOWN,208660000,MICRO,STARMINE_COVERED,NEUTRAL,FIDELITY,SecurityExtract_ESS_2026May13.csv,2026-05-13,2026-05-13T15:28:42.873928+00:00,RUN-REAL-ESS-20260513-002
HBAN,Huntington Bancshares Inc,Common Stock,UNKNOWN,32110000000,MID,STARMINE_COVERED,BEARISH,FIDELITY,SecurityExtract_ESS_2026May13.csv,2026-05-13,2026-05-13T15:28:42.873928+00:00,RUN-REAL-ESS-20260513-002
H,Hyatt Hotels Corp,Common Stock,UNKNOWN,15680000000,MID,STARMINE_COVERED,BEARISH,FIDELITY,SecurityExtract_ESS_2026May13.csv,2026-05-13,2026-05-13T15:28:42.873928+00:00,RUN-REAL-ESS-20260513-002
ICHR,Ichor Holdings Ltd,Common Stock,UNKNOWN,2550000000,MICRO,STARMINE_COVERED,NEUTRAL,FIDELITY,SecurityExtract_ESS_2026May13.csv,2026-05-13,2026-05-13T15:28:42.873928+00:00,RUN-REAL-ESS-20260513-002
IDYA,IDEAYA Biosciences Inc,Common Stock,UNKNOWN,2470000000,MICRO,STARMINE_COVERED,BEARISH,FIDELITY,SecurityExtract_ESS_2026May13.csv,2026-05-13,2026-05-13T15:28:42.873928+00:00,RUN-REAL-ESS-20260513-002
ITW,Illinois Tool Works Inc.,Common Stock,UNKNOWN,72330000000,MID,STARMINE_COVERED,BEARISH,FIDELITY,SecurityExtract_ESS_2026May13.csv,2026-05-13,2026-05-13T15:28:42.873928+00:00,RUN-REAL-ESS-20260513-002
PI,Impinj Inc,Common Stock,UNKNOWN,4520000000,SMALL,STARMINE_COVERED,BEARISH,FIDELITY,SecurityExtract_ESS_2026May13.csv,2026-05-13,2026-05-13T15:28:42.873928+00:00,RUN-REAL-ESS-20260513-002
INOD,Innodata Inc,Common Stock,UNKNOWN,3010000000,MICRO,STARMINE_COVERED,NEUTRAL,FIDELITY,SecurityExtract_ESS_2026May13.csv,2026-05-13,2026-05-13T15:28:42.873928+00:00,RUN-REAL-ESS-20260513-002
IIIN,Insteel Industries Inc,Common Stock,UNKNOWN,510310000,MICRO,STARMINE_COVERED,BEARISH,FIDELITY,SecurityExtract_ESS_2026May13.csv,2026-05-13,2026-05-13T15:28:42.873928+00:00,RUN-REAL-ESS-20260513-002
IDCC,InterDigital Inc,Common Stock,UNKNOWN,6970000000,SMALL,STARMINE_COVERED,BEARISH,FIDELITY,SecurityExtract_ESS_2026May13.csv,2026-05-13,2026-05-13T15:28:42.873928+00:00,RUN-REAL-ESS-20260513-002
IBOC,International Bancshares Corp,Common Stock,UNKNOWN,4500000000,SMALL,STARMINE_COVERED,NEUTRAL,FIDELITY,SecurityExtract_ESS_2026May13.csv,2026-05-13,2026-05-13T15:28:42.873928+00:00,RUN-REAL-ESS-20260513-002
IBM,International Business Machines Corp,Common Stock,UNKNOWN,206040000000,LARGE,STARMINE_COVERED,BEARISH,FIDELITY,SecurityExtract_ESS_2026May13.csv,2026-05-13,2026-05-13T15:28:42.873928+00:00,RUN-REAL-ESS-20260513-002
IMXI,International Money Express Inc,Common Stock,UNKNOWN,476990000,MICRO,STARMINE_COVERED,BEARISH,FIDELITY,SecurityExtract_ESS_2026May13.csv,2026-05-13,2026-05-13T15:28:42.873928+00:00,RUN-REAL-ESS-20260513-002
ITT,ITT Inc,Common Stock,UNKNOWN,18390000000,MID,STARMINE_COVERED,NEUTRAL,FIDELITY,SecurityExtract_ESS_2026May13.csv,2026-05-13,2026-05-13T15:28:42.873928+00:00,RUN-REAL-ESS-20260513-002
JJSF,J & J Snack Foods Corp,Common Stock,UNKNOWN,1310000000,MICRO,STARMINE_COVERED,BEARISH,FIDELITY,SecurityExtract_ESS_2026May13.csv,2026-05-13,2026-05-13T15:28:42.873928+00:00,RUN-REAL-ESS-20260513-002
JACK,Jack in the Box Inc.,Common Stock,UNKNOWN,258320000,MICRO,STARMINE_COVERED,BEARISH,FIDELITY,SecurityExtract_ESS_2026May13.csv,2026-05-13,2026-05-13T15:28:42.873928+00:00,RUN-REAL-ESS-20260513-002
J,Jacobs Solutions Inc,Common Stock,UNKNOWN,13480000000,SMALL,STARMINE_COVERED,BEARISH,FIDELITY,SecurityExtract_ESS_2026May13.csv,2026-05-13,2026-05-13T15:28:42.873928+00:00,RUN-REAL-ESS-20260513-002
JRVR,James River Group Holdings Inc,Common Stock,UNKNOWN,194200000,MICRO,STARMINE_COVERED,NEUTRAL,FIDELITY,SecurityExtract_ESS_2026May13.csv,2026-05-13,2026-05-13T15:28:42.873928+00:00,RUN-REAL-ESS-20260513-002
JBGS,JBG SMITH Properties,Common Stock,UNKNOWN,868600000,MICRO,STARMINE_COVERED,BEARISH,FIDELITY,SecurityExtract_ESS_2026May13.csv,2026-05-13,2026-05-13T15:28:42.873928+00:00,RUN-REAL-ESS-20260513-002
JKS,JinkoSolar Holding Co Ltd,Depository Receipt,UNKNOWN,1300000000,MICRO,STARMINE_COVERED,BEARISH,FIDELITY,SecurityExtract_ESS_2026May13.csv,2026-05-13,2026-05-13T15:28:42.873928+00:00,RUN-REAL-ESS-20260513-002
KAI,Kadant Inc.,Common Stock,UNKNOWN,3860000000,SMALL,STARMINE_COVERED,NEUTRAL,FIDELITY,SecurityExtract_ESS_2026May13.csv,2026-05-13,2026-05-13T15:28:42.873928+00:00,RUN-REAL-ESS-20260513-002
KPTI,Karyopharm Therapeutics Inc,Common Stock,UNKNOWN,200970000,MICRO,STARMINE_COVERED,BEARISH,FIDELITY,SecurityExtract_ESS_2026May13.csv,2026-05-13,2026-05-13T15:28:42.873928+00:00,RUN-REAL-ESS-20260513-002
KB,KB Financial Group Inc,Depository Receipt,UNKNOWN,37590000000,MID,STARMINE_COVERED,NEUTRAL,FIDELITY,SecurityExtract_ESS_2026May13.csv,2026-05-13,2026-05-13T15:28:42.873928+00:00,RUN-REAL-ESS-20260513-002
KBR,KBR Inc,Common Stock,UNKNOWN,4070000000,SMALL,STARMINE_COVERED,BEARISH,FIDELITY,SecurityExtract_ESS_2026May13.csv,2026-05-13,2026-05-13T15:28:42.873928+00:00,RUN-REAL-ESS-20260513-002
KRNY,Kearny Financial Corp,Common Stock,UNKNOWN,514030000,MICRO,STARMINE_COVERED,BEARISH,FIDELITY,SecurityExtract_ESS_2026May13.csv,2026-05-13,2026-05-13T15:28:42.873928+00:00,RUN-REAL-ESS-20260513-002
KEY,KeyCorp,Common Stock,UNKNOWN,23070000000,MID,STARMINE_COVERED,BEARISH,FIDELITY,SecurityExtract_ESS_2026May13.csv,2026-05-13,2026-05-13T15:28:42.873928+00:00,RUN-REAL-ESS-20260513-002
KE,Kimball Electronics Inc,Common Stock,UNKNOWN,608440000,MICRO,STARMINE_COVERED,BEARISH,FIDELITY,SecurityExtract_ESS_2026May13.csv,2026-05-13,2026-05-13T15:28:42.873928+00:00,RUN-REAL-ESS-20260513-002
KMB,Kimberly-Clark Corporation,Common Stock,UNKNOWN,32310000000,MID,STARMINE_COVERED,BEARISH,FIDELITY,SecurityExtract_ESS_2026May13.csv,2026-05-13,2026-05-13T15:28:42.873928+00:00,RUN-REAL-ESS-20260513-002
KINS,Kingstone Cos Inc,Common Stock,UNKNOWN,212640000,MICRO,STARMINE_COVERED,BEARISH,FIDELITY,SecurityExtract_ESS_2026May13.csv,2026-05-13,2026-05-13T15:28:42.873928+00:00,RUN-REAL-ESS-20260513-002
KRG,Kite Realty Group Trust,Common Stock (REIT),UNKNOWN,5430000000,SMALL,STARMINE_COVERED,BEARISH,FIDELITY,SecurityExtract_ESS_2026May13.csv,2026-05-13,2026-05-13T15:28:42.873928+00:00,RUN-REAL-ESS-20260513-002
KKR,KKR & Co Inc,Common Stock,UNKNOWN,89310000000,LARGE,STARMINE_COVERED,BEARISH,FIDELITY,SecurityExtract_ESS_2026May13.csv,2026-05-13,2026-05-13T15:28:42.873928+00:00,RUN-REAL-ESS-20260513-002
KN,Knowles Corp,Common Stock,UNKNOWN,3020000000,MICRO,STARMINE_COVERED,BEARISH,FIDELITY,SecurityExtract_ESS_2026May13.csv,2026-05-13,2026-05-13T15:28:42.873928+00:00,RUN-REAL-ESS-20260513-002
PHG,Koninklijke Philips NV,Depository Receipt,UNKNOWN,25690000000,MID,STARMINE_COVERED,NEUTRAL,FIDELITY,SecurityExtract_ESS_2026May13.csv,2026-05-13,2026-05-13T15:28:42.873928+00:00,RUN-REAL-ESS-20260513-002
KTB,Kontoor Brands Inc,Common Stock,UNKNOWN,3740000000,SMALL,STARMINE_COVERED,BEARISH,FIDELITY,SecurityExtract_ESS_2026May13.csv,2026-05-13,2026-05-13T15:28:42.873928+00:00,RUN-REAL-ESS-20260513-002
KOS,Kosmos Energy Ltd,Common Stock,UNKNOWN,1840000000,MICRO,STARMINE_COVERED,NEUTRAL,FIDELITY,SecurityExtract_ESS_2026May13.csv,2026-05-13,2026-05-13T15:28:42.873928+00:00,RUN-REAL-ESS-20260513-002
LHX,L3Harris Technologies Inc,Common Stock,UNKNOWN,57650000000,MID,STARMINE_COVERED,BEARISH,FIDELITY,SecurityExtract_ESS_2026May13.csv,2026-05-13,2026-05-13T15:28:42.873928+00:00,RUN-REAL-ESS-20260513-002
LH,Labcorp Holdings Inc,Common Stock,UNKNOWN,21100000000,MID,STARMINE_COVERED,NEUTRAL,FIDELITY,SecurityExtract_ESS_2026May13.csv,2026-05-13,2026-05-13T15:28:42.873928+00:00,RUN-REAL-ESS-20260513-002
LADR,Ladder Capital Corp,Common Stock (REIT),UNKNOWN,1280000000,MICRO,STARMINE_COVERED,BEARISH,FIDELITY,SecurityExtract_ESS_2026May13.csv,2026-05-13,2026-05-13T15:28:42.873928+00:00,RUN-REAL-ESS-20260513-002
LAKE,Lakeland Industries Inc,Common Stock,UNKNOWN,104150000,MICRO,STARMINE_COVERED,NEUTRAL,FIDELITY,SecurityExtract_ESS_2026May13.csv,2026-05-13,2026-05-13T15:28:42.873928+00:00,RUN-REAL-ESS-20260513-002
LW,Lamb Weston Holdings Inc,Common Stock,UNKNOWN,5720000000,SMALL,STARMINE_COVERED,BEARISH,FIDELITY,SecurityExtract_ESS_2026May13.csv,2026-05-13,2026-05-13T15:28:42.873928+00:00,RUN-REAL-ESS-20260513-002
LVS,Las Vegas Sands Corp,Common Stock,UNKNOWN,34260000000,MID,STARMINE_COVERED,BEARISH,FIDELITY,SecurityExtract_ESS_2026May13.csv,2026-05-13,2026-05-13T15:28:42.873928+00:00,RUN-REAL-ESS-20260513-002
LEGN,Legend Biotech Corp,Depository Receipt,UNKNOWN,5230000000,SMALL,STARMINE_COVERED,NEUTRAL,FIDELITY,SecurityExtract_ESS_2026May13.csv,2026-05-13,2026-05-13T15:28:42.873928+00:00,RUN-REAL-ESS-20260513-002
LDOS,Leidos Holdings Inc,Common Stock,UNKNOWN,16150000000,MID,STARMINE_COVERED,BEARISH,FIDELITY,SecurityExtract_ESS_2026May13.csv,2026-05-13,2026-05-13T15:28:42.873928+00:00,RUN-REAL-ESS-20260513-002
LBRT,Liberty Energy Inc,Common Stock,UNKNOWN,5420000000,SMALL,STARMINE_COVERED,BEARISH,FIDELITY,SecurityExtract_ESS_2026May13.csv,2026-05-13,2026-05-13T15:28:42.873928+00:00,RUN-REAL-ESS-20260513-002
LIF,Life360 Inc,Common Stock,UNKNOWN,3130000000,MICRO,STARMINE_COVERED,BEARISH,FIDELITY,SecurityExtract_ESS_2026May13.csv,2026-05-13,2026-05-13T15:28:42.873928+00:00,RUN-REAL-ESS-20260513-002
LMB,Limbach Holdings Inc,Common Stock,UNKNOWN,862130000,MICRO,STARMINE_COVERED,BEARISH,FIDELITY,SecurityExtract_ESS_2026May13.csv,2026-05-13,2026-05-13T15:28:42.873928+00:00,RUN-REAL-ESS-20260513-002
LINC,Lincoln Educational Services Corp,Common Stock,UNKNOWN,1590000000,MICRO,STARMINE_COVERED,NEUTRAL,FIDELITY,SecurityExtract_ESS_2026May13.csv,2026-05-13,2026-05-13T15:28:42.873928+00:00,RUN-REAL-ESS-20260513-002
LNN,Lindsay Corp,Common Stock,UNKNOWN,1120000000,MICRO,STARMINE_COVERED,BEARISH,FIDELITY,SecurityExtract_ESS_2026May13.csv,2026-05-13,2026-05-13T15:28:42.873928+00:00,RUN-REAL-ESS-20260513-002
LYG,Lloyds Banking Group PLC,Depository Receipt,UNKNOWN,75950000000,MID,STARMINE_COVERED,BEARISH,FIDELITY,SecurityExtract_ESS_2026May13.csv,2026-05-13,2026-05-13T15:28:42.873928+00:00,RUN-REAL-ESS-20260513-002
LMT,Lockheed Martin Corp,Common Stock,UNKNOWN,120120000000,LARGE,STARMINE_COVERED,BEARISH,FIDELITY,SecurityExtract_ESS_2026May13.csv,2026-05-13,2026-05-13T15:28:42.873928+00:00,RUN-REAL-ESS-20260513-002
L,Loews Corp,Common Stock,UNKNOWN,21480000000,MID,STARMINE_COVERED,NEUTRAL,FIDELITY,SecurityExtract_ESS_2026May13.csv,2026-05-13,2026-05-13T15:28:42.873928+00:00,RUN-REAL-ESS-20260513-002
LOW,Lowe's Cos Inc,Common Stock,UNKNOWN,125750000000,LARGE,STARMINE_COVERED,BEARISH,FIDELITY,SecurityExtract_ESS_2026May13.csv,2026-05-13,2026-05-13T15:28:42.873928+00:00,RUN-REAL-ESS-20260513-002
LPLA,LPL Financial Holdings Inc,Common Stock (REIT),UNKNOWN,23550000000,MID,STARMINE_COVERED,BEARISH,FIDELITY,SecurityExtract_ESS_2026May13.csv,2026-05-13,2026-05-13T15:28:42.873928+00:00,RUN-REAL-ESS-20260513-002
LTC,LTC Properties Inc.,Common Stock (REIT),UNKNOWN,1970000000,MICRO,STARMINE_COVERED,BEARISH,FIDELITY,SecurityExtract_ESS_2026May13.csv,2026-05-13,2026-05-13T15:28:42.873928+00:00,RUN-REAL-ESS-20260513-002
LULU,Lululemon Athletica Inc,Common Stock,UNKNOWN,14460000000,MID,STARMINE_COVERED,NEUTRAL,FIDELITY,SecurityExtract_ESS_2026May13.csv,2026-05-13,2026-05-13T15:28:42.873928+00:00,RUN-REAL-ESS-20260513-002
LYFT,Lyft Inc,Common Stock,UNKNOWN,5270000000,SMALL,STARMINE_COVERED,BEARISH,FIDELITY,SecurityExtract_ESS_2026May13.csv,2026-05-13,2026-05-13T15:28:42.873928+00:00,RUN-REAL-ESS-20260513-002
MGNX,MacroGenics Inc,Common Stock,UNKNOWN,223730000,MICRO,STARMINE_COVERED,NEUTRAL,FIDELITY,SecurityExtract_ESS_2026May13.csv,2026-05-13,2026-05-13T15:28:42.873928+00:00,RUN-REAL-ESS-20260513-002
M,Macy's Inc,Common Stock,UNKNOWN,4880000000,SMALL,STARMINE_COVERED,NEUTRAL,FIDELITY,SecurityExtract_ESS_2026May13.csv,2026-05-13,2026-05-13T15:28:42.873928+00:00,RUN-REAL-ESS-20260513-002
MGA,Magna International Inc,Common Stock,UNKNOWN,17220000000,MID,STARMINE_COVERED,BEARISH,FIDELITY,SecurityExtract_ESS_2026May13.csv,2026-05-13,2026-05-13T15:28:42.873928+00:00,RUN-REAL-ESS-20260513-002
MARA,MARA Holdings Inc,Common Stock,UNKNOWN,4850000000,SMALL,STARMINE_COVERED,BEARISH,FIDELITY,SecurityExtract_ESS_2026May13.csv,2026-05-13,2026-05-13T15:28:42.873928+00:00,RUN-REAL-ESS-20260513-002
MRVI,Maravai LifeSciences Holdings Inc,Common Stock,UNKNOWN,1200000000,MICRO,STARMINE_COVERED,NEUTRAL,FIDELITY,SecurityExtract_ESS_2026May13.csv,2026-05-13,2026-05-13T15:28:42.873928+00:00,RUN-REAL-ESS-20260513-002
MZTI,Marzetti Co (The),Common Stock,UNKNOWN,3140000000,MICRO,STARMINE_COVERED,BEARISH,FIDELITY,SecurityExtract_ESS_2026May13.csv,2026-05-13,2026-05-13T15:28:42.873928+00:00,RUN-REAL-ESS-20260513-002
MASI,Masimo Corp,Common Stock,UNKNOWN,9350000000,SMALL,STARMINE_COVERED,BEARISH,FIDELITY,SecurityExtract_ESS_2026May13.csv,2026-05-13,2026-05-13T15:28:42.873928+00:00,RUN-REAL-ESS-20260513-002
MTRN,Materion Corp,Common Stock,UNKNOWN,4240000000,SMALL,STARMINE_COVERED,NEUTRAL,FIDELITY,SecurityExtract_ESS_2026May13.csv,2026-05-13,2026-05-13T15:28:42.873928+00:00,RUN-REAL-ESS-20260513-002
MAT,Mattel Inc.,Common Stock,UNKNOWN,4410000000,SMALL,STARMINE_COVERED,NEUTRAL,FIDELITY,SecurityExtract_ESS_2026May13.csv,2026-05-13,2026-05-13T15:28:42.873928+00:00,RUN-REAL-ESS-20260513-002
MMS,Maximus Inc,Common Stock,UNKNOWN,3210000000,MICRO,STARMINE_COVERED,BEARISH,FIDELITY,SecurityExtract_ESS_2026May13.csv,2026-05-13,2026-05-13T15:28:42.873928+00:00,RUN-REAL-ESS-20260513-002
MEC,Mayville Engineering Co Inc,Common Stock,UNKNOWN,544120000,MICRO,STARMINE_COVERED,BEARISH,FIDELITY,SecurityExtract_ESS_2026May13.csv,2026-05-13,2026-05-13T15:28:42.873928+00:00,RUN-REAL-ESS-20260513-002
MCD,McDonald's Corp,Common Stock,UNKNOWN,195280000000,LARGE,STARMINE_COVERED,NEUTRAL,FIDELITY,SecurityExtract_ESS_2026May13.csv,2026-05-13,2026-05-13T15:28:42.873928+00:00,RUN-REAL-ESS-20260513-002
MED,Medifast Inc,Common Stock,UNKNOWN,139770000,MICRO,STARMINE_COVERED,BEARISH,FIDELITY,SecurityExtract_ESS_2026May13.csv,2026-05-13,2026-05-13T15:28:42.873928+00:00,RUN-REAL-ESS-20260513-002
MDT,Medtronic PLC,Common Stock,UNKNOWN,98630000000,LARGE,STARMINE_COVERED,NEUTRAL,FIDELITY,SecurityExtract_ESS_2026May13.csv,2026-05-13,2026-05-13T15:28:42.873928+00:00,RUN-REAL-ESS-20260513-002
MGTX,Meiragtx Holdings plc,Common Stock,UNKNOWN,906300000,MICRO,STARMINE_COVERED,BEARISH,FIDELITY,SecurityExtract_ESS_2026May13.csv,2026-05-13,2026-05-13T15:28:42.873928+00:00,RUN-REAL-ESS-20260513-002
MRCY,Mercury Systems Inc,Common Stock,UNKNOWN,5540000000,SMALL,STARMINE_COVERED,NEUTRAL,FIDELITY,SecurityExtract_ESS_2026May13.csv,2026-05-13,2026-05-13T15:28:42.873928+00:00,RUN-REAL-ESS-20260513-002
MTH,Meritage Homes Corp,Common Stock,UNKNOWN,4170000000,SMALL,STARMINE_COVERED,NEUTRAL,FIDELITY,SecurityExtract_ESS_2026May13.csv,2026-05-13,2026-05-13T15:28:42.873928+00:00,RUN-REAL-ESS-20260513-002
MET,MetLife Inc,Common Stock,UNKNOWN,50600000000,MID,STARMINE_COVERED,BEARISH,FIDELITY,SecurityExtract_ESS_2026May13.csv,2026-05-13,2026-05-13T15:28:42.873928+00:00,RUN-REAL-ESS-20260513-002
MBOT,Microbot Medical Inc,Common Stock,UNKNOWN,147080000,MICRO,STARMINE_COVERED,NEUTRAL,FIDELITY,SecurityExtract_ESS_2026May13.csv,2026-05-13,2026-05-13T15:28:42.873928+00:00,RUN-REAL-ESS-20260513-002
MAA,Mid-America Apartment Communities Inc,Common Stock (REIT),UNKNOWN,15040000000,MID,STARMINE_COVERED,BEARISH,FIDELITY,SecurityExtract_ESS_2026May13.csv,2026-05-13,2026-05-13T15:28:42.873928+00:00,RUN-REAL-ESS-20260513-002
MIRM,Mirum Pharmaceuticals Inc,Common Stock,UNKNOWN,6520000000,SMALL,STARMINE_COVERED,BEARISH,FIDELITY,SecurityExtract_ESS_2026May13.csv,2026-05-13,2026-05-13T15:28:42.873928+00:00,RUN-REAL-ESS-20260513-002
MCW,Mister Car Wash Inc,Common Stock,UNKNOWN,2330000000,MICRO,STARMINE_COVERED,BEARISH,FIDELITY,SecurityExtract_ESS_2026May13.csv,2026-05-13,2026-05-13T15:28:42.873928+00:00,RUN-REAL-ESS-20260513-002
MFG,Mizuho Financial Group Inc,Depository Receipt,UNKNOWN,107900000000,LARGE,STARMINE_COVERED,BEARISH,FIDELITY,SecurityExtract_ESS_2026May13.csv,2026-05-13,2026-05-13T15:28:42.873928+00:00,RUN-REAL-ESS-20260513-002
MRNA,Moderna Inc,Common Stock,UNKNOWN,21140000000,MID,STARMINE_COVERED,BEARISH,FIDELITY,SecurityExtract_ESS_2026May13.csv,2026-05-13,2026-05-13T15:28:42.873928+00:00,RUN-REAL-ESS-20260513-002
TAP,Molson Coors Beverage Company,Common Stock,UNKNOWN,7240000000,SMALL,STARMINE_COVERED,NEUTRAL,FIDELITY,SecurityExtract_ESS_2026May13.csv,2026-05-13,2026-05-13T15:28:42.873928+00:00,RUN-REAL-ESS-20260513-002
MDLZ,Mondelez International Inc,Common Stock,UNKNOWN,79200000000,MID,STARMINE_COVERED,BEARISH,FIDELITY,SecurityExtract_ESS_2026May13.csv,2026-05-13,2026-05-13T15:28:42.873928+00:00,RUN-REAL-ESS-20260513-002
MNRO,Monro Inc,Common Stock,UNKNOWN,485120000,MICRO,STARMINE_COVERED,BEARISH,FIDELITY,SecurityExtract_ESS_2026May13.csv,2026-05-13,2026-05-13T15:28:42.873928+00:00,RUN-REAL-ESS-20260513-002
MSI,Motorola Solutions Inc,Common Stock,UNKNOWN,64970000000,MID,STARMINE_COVERED,BEARISH,FIDELITY,SecurityExtract_ESS_2026May13.csv,2026-05-13,2026-05-13T15:28:42.873928+00:00,RUN-REAL-ESS-20260513-002
MP,MP Materials Corp,Common Stock,UNKNOWN,11680000000,SMALL,STARMINE_COVERED,BEARISH,FIDELITY,SecurityExtract_ESS_2026May13.csv,2026-05-13,2026-05-13T15:28:42.873928+00:00,RUN-REAL-ESS-20260513-002
MYO,Myomo  Inc,Common Stock,UNKNOWN,30070000,MICRO,STARMINE_COVERED,NEUTRAL,FIDELITY,SecurityExtract_ESS_2026May13.csv,2026-05-13,2026-05-13T15:28:42.873928+00:00,RUN-REAL-ESS-20260513-002
NDAQ,Nasdaq Inc,Common Stock,UNKNOWN,50610000000,MID,STARMINE_COVERED,NEUTRAL,FIDELITY,SecurityExtract_ESS_2026May13.csv,2026-05-13,2026-05-13T15:28:42.873928+00:00,RUN-REAL-ESS-20260513-002
NTRA,Natera Inc,Common Stock,UNKNOWN,29250000000,MID,STARMINE_COVERED,BEARISH,FIDELITY,SecurityExtract_ESS_2026May13.csv,2026-05-13,2026-05-13T15:28:42.873928+00:00,RUN-REAL-ESS-20260513-002
NCMI,National CineMedia Inc,Common Stock,UNKNOWN,315290000,MICRO,STARMINE_COVERED,BEARISH,FIDELITY,SecurityExtract_ESS_2026May13.csv,2026-05-13,2026-05-13T15:28:42.873928+00:00,RUN-REAL-ESS-20260513-002
NESR,National Energy Services Reunited Corp,Common Stock,UNKNOWN,2710000000,MICRO,STARMINE_COVERED,BEARISH,FIDELITY,SecurityExtract_ESS_2026May13.csv,2026-05-13,2026-05-13T15:28:42.873928+00:00,RUN-REAL-ESS-20260513-002
NCNO,nCino Inc,Common Stock,UNKNOWN,1760000000,MICRO,STARMINE_COVERED,BEARISH,FIDELITY,SecurityExtract_ESS_2026May13.csv,2026-05-13,2026-05-13T15:28:42.873928+00:00,RUN-REAL-ESS-20260513-002
NEOG,Neogen Corp,Common Stock,UNKNOWN,1870000000,MICRO,STARMINE_COVERED,BEARISH,FIDELITY,SecurityExtract_ESS_2026May13.csv,2026-05-13,2026-05-13T15:28:42.873928+00:00,RUN-REAL-ESS-20260513-002
NMRK,Newmark Group Inc,Common Stock,UNKNOWN,2870000000,MICRO,STARMINE_COVERED,NEUTRAL,FIDELITY,SecurityExtract_ESS_2026May13.csv,2026-05-13,2026-05-13T15:28:42.873928+00:00,RUN-REAL-ESS-20260513-002
NREF,NexPoint Real Estate Finance Inc,Common Stock,UNKNOWN,288900000,MICRO,STARMINE_COVERED,NEUTRAL,FIDELITY,SecurityExtract_ESS_2026May13.csv,2026-05-13,2026-05-13T15:28:42.873928+00:00,RUN-REAL-ESS-20260513-002
NEE,NextEra Energy Inc,Common Stock,UNKNOWN,197250000000,LARGE,STARMINE_COVERED,NEUTRAL,FIDELITY,SecurityExtract_ESS_2026May13.csv,2026-05-13,2026-05-13T15:28:42.873928+00:00,RUN-REAL-ESS-20260513-002
NAGE,Niagen Bioscience Inc,Common Stock,UNKNOWN,306630000,MICRO,STARMINE_COVERED,BEARISH,FIDELITY,SecurityExtract_ESS_2026May13.csv,2026-05-13,2026-05-13T15:28:42.873928+00:00,RUN-REAL-ESS-20260513-002
NKE,NIKE Inc,Common Stock,UNKNOWN,62720000000,MID,STARMINE_COVERED,BEARISH,FIDELITY,SecurityExtract_ESS_2026May13.csv,2026-05-13,2026-05-13T15:28:42.873928+00:00,RUN-REAL-ESS-20260513-002
NAT,Nordic American Tankers Ltd,Common Stock,UNKNOWN,1230000000,MICRO,STARMINE_COVERED,BEARISH,FIDELITY,SecurityExtract_ESS_2026May13.csv,2026-05-13,2026-05-13T15:28:42.873928+00:00,RUN-REAL-ESS-20260513-002
NOG,Northern Oil and Gas Inc,Common Stock,UNKNOWN,2530000000,MICRO,STARMINE_COVERED,BEARISH,FIDELITY,SecurityExtract_ESS_2026May13.csv,2026-05-13,2026-05-13T15:28:42.873928+00:00,RUN-REAL-ESS-20260513-002
NWE,NorthWestern Energy Group Inc,Common Stock,UNKNOWN,4400000000,SMALL,STARMINE_COVERED,BEARISH,FIDELITY,SecurityExtract_ESS_2026May13.csv,2026-05-13,2026-05-13T15:28:42.873928+00:00,RUN-REAL-ESS-20260513-002
NOV,NOV Inc,Common Stock,UNKNOWN,7370000000,SMALL,STARMINE_COVERED,BEARISH,FIDELITY,SecurityExtract_ESS_2026May13.csv,2026-05-13,2026-05-13T15:28:42.873928+00:00,RUN-REAL-ESS-20260513-002
NRG,NRG Energy Inc,Common Stock,UNKNOWN,28980000000,MID,STARMINE_COVERED,BEARISH,FIDELITY,SecurityExtract_ESS_2026May13.csv,2026-05-13,2026-05-13T15:28:42.873928+00:00,RUN-REAL-ESS-20260513-002
NU,Nu Holdings Ltd,Common Stock,UNKNOWN,64500000000,MID,STARMINE_COVERED,BEARISH,FIDELITY,SecurityExtract_ESS_2026May13.csv,2026-05-13,2026-05-13T15:28:42.873928+00:00,RUN-REAL-ESS-20260513-002
NTR,Nutrien Ltd,Common Stock,UNKNOWN,34550000000,MID,STARMINE_COVERED,BEARISH,FIDELITY,SecurityExtract_ESS_2026May13.csv,2026-05-13,2026-05-13T15:28:42.873928+00:00,RUN-REAL-ESS-20260513-002
NVR,NVR Inc.,Common Stock,UNKNOWN,15640000000,MID,STARMINE_COVERED,BEARISH,FIDELITY,SecurityExtract_ESS_2026May13.csv,2026-05-13,2026-05-13T15:28:42.873928+00:00,RUN-REAL-ESS-20260513-002
OGE,OGE Energy Corp,Common Stock,UNKNOWN,9830000000,SMALL,STARMINE_COVERED,BEARISH,FIDELITY,SecurityExtract_ESS_2026May13.csv,2026-05-13,2026-05-13T15:28:42.873928+00:00,RUN-REAL-ESS-20260513-002
OLLI,Ollie's Bargain Outlet Holdings Inc,Common Stock,UNKNOWN,4560000000,SMALL,STARMINE_COVERED,BEARISH,FIDELITY,SecurityExtract_ESS_2026May13.csv,2026-05-13,2026-05-13T15:28:42.873928+00:00,RUN-REAL-ESS-20260513-002
OSUR,OraSure Technologies Inc,Common Stock,UNKNOWN,204480000,MICRO,STARMINE_COVERED,BEARISH,FIDELITY,SecurityExtract_ESS_2026May13.csv,2026-05-13,2026-05-13T15:28:42.873928+00:00,RUN-REAL-ESS-20260513-002
KIDS,OrthoPediatrics Corp,Common Stock,UNKNOWN,455140000,MICRO,STARMINE_COVERED,BEARISH,FIDELITY,SecurityExtract_ESS_2026May13.csv,2026-05-13,2026-05-13T15:28:42.873928+00:00,RUN-REAL-ESS-20260513-002
OSK,Oshkosh Corp,Common Stock,UNKNOWN,8190000000,SMALL,STARMINE_COVERED,BEARISH,FIDELITY,SecurityExtract_ESS_2026May13.csv,2026-05-13,2026-05-13T15:28:42.873928+00:00,RUN-REAL-ESS-20260513-002
PKG,Packaging Corp Of America,Common Stock,UNKNOWN,19600000000,MID,STARMINE_COVERED,BEARISH,FIDELITY,SecurityExtract_ESS_2026May13.csv,2026-05-13,2026-05-13T15:28:42.873928+00:00,RUN-REAL-ESS-20260513-002
PLTR,Palantir Technologies Inc,Common Stock,UNKNOWN,326030000000,LARGE,STARMINE_COVERED,BEARISH,FIDELITY,SecurityExtract_ESS_2026May13.csv,2026-05-13,2026-05-13T15:28:42.873928+00:00,RUN-REAL-ESS-20260513-002
PSN,Parsons Corp,Common Stock,UNKNOWN,5640000000,SMALL,STARMINE_COVERED,BEARISH,FIDELITY,SecurityExtract_ESS_2026May13.csv,2026-05-13,2026-05-13T15:28:42.873928+00:00,RUN-REAL-ESS-20260513-002
PCTY,Paylocity Holding Corp,Common Stock,UNKNOWN,5750000000,SMALL,STARMINE_COVERED,NEUTRAL,FIDELITY,SecurityExtract_ESS_2026May13.csv,2026-05-13,2026-05-13T15:28:42.873928+00:00,RUN-REAL-ESS-20260513-002
PSFE,Paysafe Limited,Common Stock,UNKNOWN,445390000,MICRO,STARMINE_COVERED,NEUTRAL,FIDELITY,SecurityExtract_ESS_2026May13.csv,2026-05-13,2026-05-13T15:28:42.873928+00:00,RUN-REAL-ESS-20260513-002
PDFS,PDF Solutions Inc,Common Stock,UNKNOWN,2030000000,MICRO,STARMINE_COVERED,BEARISH,FIDELITY,SecurityExtract_ESS_2026May13.csv,2026-05-13,2026-05-13T15:28:42.873928+00:00,RUN-REAL-ESS-20260513-002
PTON,Peloton Interactive Inc,Common Stock,UNKNOWN,2330000000,MICRO,STARMINE_COVERED,NEUTRAL,FIDELITY,SecurityExtract_ESS_2026May13.csv,2026-05-13,2026-05-13T15:28:42.873928+00:00,RUN-REAL-ESS-20260513-002
PENG,Penguin Solutions Inc,Common Stock,UNKNOWN,2240000000,MICRO,STARMINE_COVERED,NEUTRAL,FIDELITY,SecurityExtract_ESS_2026May13.csv,2026-05-13,2026-05-13T15:28:42.873928+00:00,RUN-REAL-ESS-20260513-002
PNR,Pentair plc,Common Stock,UNKNOWN,12160000000,SMALL,STARMINE_COVERED,BEARISH,FIDELITY,SecurityExtract_ESS_2026May13.csv,2026-05-13,2026-05-13T15:28:42.873928+00:00,RUN-REAL-ESS-20260513-002
PRGO,Perrigo Co Plc,Common Stock,UNKNOWN,1540000000,MICRO,STARMINE_COVERED,NEUTRAL,FIDELITY,SecurityExtract_ESS_2026May13.csv,2026-05-13,2026-05-13T15:28:42.873928+00:00,RUN-REAL-ESS-20260513-002
PM,Philip Morris International Inc,Common Stock,UNKNOWN,291340000000,LARGE,STARMINE_COVERED,BEARISH,FIDELITY,SecurityExtract_ESS_2026May13.csv,2026-05-13,2026-05-13T15:28:42.873928+00:00,RUN-REAL-ESS-20260513-002
PECO,Phillips Edison & Company Inc,Common Stock,UNKNOWN,5000000000,SMALL,STARMINE_COVERED,BEARISH,FIDELITY,SecurityExtract_ESS_2026May13.csv,2026-05-13,2026-05-13T15:28:42.873928+00:00,RUN-REAL-ESS-20260513-002
PJT,PJT Partners Inc,Common Stock,UNKNOWN,6170000000,SMALL,STARMINE_COVERED,BEARISH,FIDELITY,SecurityExtract_ESS_2026May13.csv,2026-05-13,2026-05-13T15:28:42.873928+00:00,RUN-REAL-ESS-20260513-002
PLBC,Plumas Bancorp,Common Stock,UNKNOWN,358920000,MICRO,STARMINE_COVERED,BEARISH,FIDELITY,SecurityExtract_ESS_2026May13.csv,2026-05-13,2026-05-13T15:28:42.873928+00:00,RUN-REAL-ESS-20260513-002
PPG,PPG Industries Inc.,Common Stock,UNKNOWN,23710000000,MID,STARMINE_COVERED,BEARISH,FIDELITY,SecurityExtract_ESS_2026May13.csv,2026-05-13,2026-05-13T15:28:42.873928+00:00,RUN-REAL-ESS-20260513-002
PFG,Principal Financial Group Inc,Common Stock,UNKNOWN,21780000000,MID,STARMINE_COVERED,BEARISH,FIDELITY,SecurityExtract_ESS_2026May13.csv,2026-05-13,2026-05-13T15:28:42.873928+00:00,RUN-REAL-ESS-20260513-002
PG,Procter & Gamble Co (The),Common Stock,UNKNOWN,335110000000,LARGE,STARMINE_COVERED,NEUTRAL,FIDELITY,SecurityExtract_ESS_2026May13.csv,2026-05-13,2026-05-13T15:28:42.873928+00:00,RUN-REAL-ESS-20260513-002
PLX,Protalix Biotherapeutics Inc,Common Stock,UNKNOWN,153890000,MICRO,STARMINE_COVERED,BEARISH,FIDELITY,SecurityExtract_ESS_2026May13.csv,2026-05-13,2026-05-13T15:28:42.873928+00:00,RUN-REAL-ESS-20260513-002
PRU,Prudential Financial Inc,Common Stock,UNKNOWN,35600000000,MID,STARMINE_COVERED,BEARISH,FIDELITY,SecurityExtract_ESS_2026May13.csv,2026-05-13,2026-05-13T15:28:42.873928+00:00,RUN-REAL-ESS-20260513-002
PTC,PTC Inc,Common Stock,UNKNOWN,16660000000,MID,STARMINE_COVERED,BEARISH,FIDELITY,SecurityExtract_ESS_2026May13.csv,2026-05-13,2026-05-13T15:28:42.873928+00:00,RUN-REAL-ESS-20260513-002
PHM,PulteGroup Inc,Common Stock,UNKNOWN,21820000000,MID,STARMINE_COVERED,NEUTRAL,FIDELITY,SecurityExtract_ESS_2026May13.csv,2026-05-13,2026-05-13T15:28:42.873928+00:00,RUN-REAL-ESS-20260513-002
RAL,Ralliant Corp,Common Stock,UNKNOWN,6620000000,SMALL,STARMINE_COVERED,BEARISH,FIDELITY,SecurityExtract_ESS_2026May13.csv,2026-05-13,2026-05-13T15:28:42.873928+00:00,RUN-REAL-ESS-20260513-002
PACK,Ranpak Holdings Corp,Common Stock,UNKNOWN,538930000,MICRO,STARMINE_COVERED,NEUTRAL,FIDELITY,SecurityExtract_ESS_2026May13.csv,2026-05-13,2026-05-13T15:28:42.873928+00:00,RUN-REAL-ESS-20260513-002
RPD,Rapid7 Inc,Common Stock,UNKNOWN,439080000,MICRO,STARMINE_COVERED,BEARISH,FIDELITY,SecurityExtract_ESS_2026May13.csv,2026-05-13,2026-05-13T15:28:42.873928+00:00,RUN-REAL-ESS-20260513-002
RYAM,Rayonier Advanced Materials Inc,Common Stock,UNKNOWN,632580000,MICRO,STARMINE_COVERED,NEUTRAL,FIDELITY,SecurityExtract_ESS_2026May13.csv,2026-05-13,2026-05-13T15:28:42.873928+00:00,RUN-REAL-ESS-20260513-002
RYN,Rayonier Inc.,Common Stock (REIT),UNKNOWN,6120000000,SMALL,STARMINE_COVERED,BEARISH,FIDELITY,SecurityExtract_ESS_2026May13.csv,2026-05-13,2026-05-13T15:28:42.873928+00:00,RUN-REAL-ESS-20260513-002
RC,Ready Capital Corp,Common Stock (REIT),UNKNOWN,297390000,MICRO,STARMINE_COVERED,BEARISH,FIDELITY,SecurityExtract_ESS_2026May13.csv,2026-05-13,2026-05-13T15:28:42.873928+00:00,RUN-REAL-ESS-20260513-002
REAL,RealReal Inc (The),Common Stock,UNKNOWN,1130000000,MICRO,STARMINE_COVERED,NEUTRAL,FIDELITY,SecurityExtract_ESS_2026May13.csv,2026-05-13,2026-05-13T15:28:42.873928+00:00,RUN-REAL-ESS-20260513-002
RNST,Renasant Corp,Common Stock,UNKNOWN,3650000000,SMALL,STARMINE_COVERED,BEARISH,FIDELITY,SecurityExtract_ESS_2026May13.csv,2026-05-13,2026-05-13T15:28:42.873928+00:00,RUN-REAL-ESS-20260513-002
RPAY,Repay Holdings Corp,Common Stock,UNKNOWN,295970000,MICRO,STARMINE_COVERED,BEARISH,FIDELITY,SecurityExtract_ESS_2026May13.csv,2026-05-13,2026-05-13T15:28:42.873928+00:00,RUN-REAL-ESS-20260513-002
RGP,Resources Connection Inc,Common Stock,UNKNOWN,147610000,MICRO,STARMINE_COVERED,BEARISH,FIDELITY,SecurityExtract_ESS_2026May13.csv,2026-05-13,2026-05-13T15:28:42.873928+00:00,RUN-REAL-ESS-20260513-002
REYN,Reynolds Consumer Products Inc,Common Stock,UNKNOWN,4550000000,SMALL,STARMINE_COVERED,NEUTRAL,FIDELITY,SecurityExtract_ESS_2026May13.csv,2026-05-13,2026-05-13T15:28:42.873928+00:00,RUN-REAL-ESS-20260513-002
RBBN,Ribbon Communications Inc,Common Stock,UNKNOWN,449150000,MICRO,STARMINE_COVERED,BEARISH,FIDELITY,SecurityExtract_ESS_2026May13.csv,2026-05-13,2026-05-13T15:28:42.873928+00:00,RUN-REAL-ESS-20260513-002
RIOT,Riot Platforms Inc,Common Stock,UNKNOWN,9270000000,SMALL,STARMINE_COVERED,NEUTRAL,FIDELITY,SecurityExtract_ESS_2026May13.csv,2026-05-13,2026-05-13T15:28:42.873928+00:00,RUN-REAL-ESS-20260513-002
RIVN,Rivian Automotive Inc,Common Stock,UNKNOWN,17860000000,MID,STARMINE_COVERED,BEARISH,FIDELITY,SecurityExtract_ESS_2026May13.csv,2026-05-13,2026-05-13T15:28:42.873928+00:00,RUN-REAL-ESS-20260513-002
RLI,RLI Corp,Common Stock,UNKNOWN,4460000000,SMALL,STARMINE_COVERED,BEARISH,FIDELITY,SecurityExtract_ESS_2026May13.csv,2026-05-13,2026-05-13T15:28:42.873928+00:00,RUN-REAL-ESS-20260513-002
RCI,Rogers Communications Inc,Common Stock,UNKNOWN,15580000000,MID,STARMINE_COVERED,BEARISH,FIDELITY,SecurityExtract_ESS_2026May13.csv,2026-05-13,2026-05-13T15:28:42.873928+00:00,RUN-REAL-ESS-20260513-002
ROKU,Roku Inc,Common Stock,UNKNOWN,18850000000,MID,STARMINE_COVERED,BEARISH,FIDELITY,SecurityExtract_ESS_2026May13.csv,2026-05-13,2026-05-13T15:28:42.873928+00:00,RUN-REAL-ESS-20260513-002
ROL,Rollins Inc,Common Stock,UNKNOWN,25510000000,MID,STARMINE_COVERED,BEARISH,FIDELITY,SecurityExtract_ESS_2026May13.csv,2026-05-13,2026-05-13T15:28:42.873928+00:00,RUN-REAL-ESS-20260513-002
RCL,Royal Caribbean Group,Common Stock,UNKNOWN,69230000000,MID,STARMINE_COVERED,BEARISH,FIDELITY,SecurityExtract_ESS_2026May13.csv,2026-05-13,2026-05-13T15:28:42.873928+00:00,RUN-REAL-ESS-20260513-002
RPM,RPM International Inc,Common Stock,UNKNOWN,12660000000,SMALL,STARMINE_COVERED,BEARISH,FIDELITY,SecurityExtract_ESS_2026May13.csv,2026-05-13,2026-05-13T15:28:42.873928+00:00,RUN-REAL-ESS-20260513-002
RTX,RTX Corp,Common Stock,UNKNOWN,240910000000,LARGE,STARMINE_COVERED,BEARISH,FIDELITY,SecurityExtract_ESS_2026May13.csv,2026-05-13,2026-05-13T15:28:42.873928+00:00,RUN-REAL-ESS-20260513-002
RYAN,Ryan Specialty Holdings Inc,Common Stock,UNKNOWN,8310000000,SMALL,STARMINE_COVERED,NEUTRAL,FIDELITY,SecurityExtract_ESS_2026May13.csv,2026-05-13,2026-05-13T15:28:42.873928+00:00,RUN-REAL-ESS-20260513-002
RYAAY,Ryanair Holdings PLC,Depository Receipt,UNKNOWN,29310000000,MID,STARMINE_COVERED,BEARISH,FIDELITY,SecurityExtract_ESS_2026May13.csv,2026-05-13,2026-05-13T15:28:42.873928+00:00,RUN-REAL-ESS-20260513-002
SBRA,Sabra Health Care REIT Inc,Common Stock (REIT),UNKNOWN,5290000000,SMALL,STARMINE_COVERED,BEARISH,FIDELITY,SecurityExtract_ESS_2026May13.csv,2026-05-13,2026-05-13T15:28:42.873928+00:00,RUN-REAL-ESS-20260513-002
SMTI,Sanara MedTech Inc,Common Stock,UNKNOWN,187330000,MICRO,STARMINE_COVERED,BEARISH,FIDELITY,SecurityExtract_ESS_2026May13.csv,2026-05-13,2026-05-13T15:28:42.873928+00:00,RUN-REAL-ESS-20260513-002
SVRA,Savara Inc,Common Stock,UNKNOWN,1040000000,MICRO,STARMINE_COVERED,NEUTRAL,FIDELITY,SecurityExtract_ESS_2026May13.csv,2026-05-13,2026-05-13T15:28:42.873928+00:00,RUN-REAL-ESS-20260513-002
SCHW,Schwab (Charles) Corp,Common Stock,UNKNOWN,156840000000,LARGE,STARMINE_COVERED,BEARISH,FIDELITY,SecurityExtract_ESS_2026May13.csv,2026-05-13,2026-05-13T15:28:42.873928+00:00,RUN-REAL-ESS-20260513-002
SEB,Seaboard Corp,Common Stock,UNKNOWN,4450000000,SMALL,STARMINE_COVERED,BEARISH,FIDELITY,SecurityExtract_ESS_2026May13.csv,2026-05-13,2026-05-13T15:28:42.873928+00:00,RUN-REAL-ESS-20260513-002
SBCF,Seacoast Banking Corp of Florida,Common Stock,UNKNOWN,2960000000,MICRO,STARMINE_COVERED,BEARISH,FIDELITY,SecurityExtract_ESS_2026May13.csv,2026-05-13,2026-05-13T15:28:42.873928+00:00,RUN-REAL-ESS-20260513-002
SIGI,Selective Insurance Group Inc,Common Stock,UNKNOWN,5140000000,SMALL,STARMINE_COVERED,NEUTRAL,FIDELITY,SecurityExtract_ESS_2026May13.csv,2026-05-13,2026-05-13T15:28:42.873928+00:00,RUN-REAL-ESS-20260513-002
SFBS,ServisFirst Bancshares Inc,Common Stock,UNKNOWN,4200000000,SMALL,STARMINE_COVERED,NEUTRAL,FIDELITY,SecurityExtract_ESS_2026May13.csv,2026-05-13,2026-05-13T15:28:42.873928+00:00,RUN-REAL-ESS-20260513-002
SEZL,Sezzle Inc,Common Stock,UNKNOWN,3350000000,MICRO,STARMINE_COVERED,BEARISH,FIDELITY,SecurityExtract_ESS_2026May13.csv,2026-05-13,2026-05-13T15:28:42.873928+00:00,RUN-REAL-ESS-20260513-002
SHAK,Shake Shack Inc,Common Stock,UNKNOWN,2820000000,MICRO,STARMINE_COVERED,BEARISH,FIDELITY,SecurityExtract_ESS_2026May13.csv,2026-05-13,2026-05-13T15:28:42.873928+00:00,RUN-REAL-ESS-20260513-002
SHW,Sherwin-Williams Co (The),Common Stock,UNKNOWN,76850000000,MID,STARMINE_COVERED,BEARISH,FIDELITY,SecurityExtract_ESS_2026May13.csv,2026-05-13,2026-05-13T15:28:42.873928+00:00,RUN-REAL-ESS-20260513-002
SIBN,SI-BONE Inc,Common Stock,UNKNOWN,616450000,MICRO,STARMINE_COVERED,BEARISH,FIDELITY,SecurityExtract_ESS_2026May13.csv,2026-05-13,2026-05-13T15:28:42.873928+00:00,RUN-REAL-ESS-20260513-002
SMPL,Simply Good Foods Co (The),Common Stock,UNKNOWN,1030000000,MICRO,STARMINE_COVERED,BEARISH,FIDELITY,SecurityExtract_ESS_2026May13.csv,2026-05-13,2026-05-13T15:28:42.873928+00:00,RUN-REAL-ESS-20260513-002
SITM,SiTime Corp,Common Stock,UNKNOWN,22360000000,MID,STARMINE_COVERED,BEARISH,FIDELITY,SecurityExtract_ESS_2026May13.csv,2026-05-13,2026-05-13T15:28:42.873928+00:00,RUN-REAL-ESS-20260513-002
FUN,Six Flags Entertainment Corp,Common Stock,UNKNOWN,1930000000,MICRO,STARMINE_COVERED,BEARISH,FIDELITY,SecurityExtract_ESS_2026May13.csv,2026-05-13,2026-05-13T15:28:42.873928+00:00,RUN-REAL-ESS-20260513-002
SWBI,Smith & Wesson Brands Inc,Common Stock,UNKNOWN,641600000,MICRO,STARMINE_COVERED,NEUTRAL,FIDELITY,SecurityExtract_ESS_2026May13.csv,2026-05-13,2026-05-13T15:28:42.873928+00:00,RUN-REAL-ESS-20260513-002
SEI,Solaris Energy Infrastructure Inc,Common Stock,UNKNOWN,5610000000,SMALL,STARMINE_COVERED,BEARISH,FIDELITY,SecurityExtract_ESS_2026May13.csv,2026-05-13,2026-05-13T15:28:42.873928+00:00,RUN-REAL-ESS-20260513-002
SLNO,Soleno Therapeutics Inc,Common Stock,UNKNOWN,2760000000,MICRO,STARMINE_COVERED,BEARISH,FIDELITY,SecurityExtract_ESS_2026May13.csv,2026-05-13,2026-05-13T15:28:42.873928+00:00,RUN-REAL-ESS-20260513-002
SO,Southern Co (The),Common Stock,UNKNOWN,105370000000,LARGE,STARMINE_COVERED,BEARISH,FIDELITY,SecurityExtract_ESS_2026May13.csv,2026-05-13,2026-05-13T15:28:42.873928+00:00,RUN-REAL-ESS-20260513-002
SWX,Southwest Gas Holdings Inc,Common Stock,UNKNOWN,6500000000,SMALL,STARMINE_COVERED,NEUTRAL,FIDELITY,SecurityExtract_ESS_2026May13.csv,2026-05-13,2026-05-13T15:28:42.873928+00:00,RUN-REAL-ESS-20260513-002
SPB,Spectrum Brands Holdings Inc,Common Stock,UNKNOWN,1870000000,MICRO,STARMINE_COVERED,NEUTRAL,FIDELITY,SecurityExtract_ESS_2026May13.csv,2026-05-13,2026-05-13T15:28:42.873928+00:00,RUN-REAL-ESS-20260513-002
SPHR,Sphere Entertainment Co,Common Stock,UNKNOWN,4870000000,SMALL,STARMINE_COVERED,BEARISH,FIDELITY,SecurityExtract_ESS_2026May13.csv,2026-05-13,2026-05-13T15:28:42.873928+00:00,RUN-REAL-ESS-20260513-002
CXM,Sprinklr Inc,Common Stock,UNKNOWN,1180000000,MICRO,STARMINE_COVERED,BEARISH,FIDELITY,SecurityExtract_ESS_2026May13.csv,2026-05-13,2026-05-13T15:28:42.873928+00:00,RUN-REAL-ESS-20260513-002
SSNC,SS&C Technologies Holdings Inc,Common Stock,UNKNOWN,16070000000,MID,STARMINE_COVERED,BEARISH,FIDELITY,SecurityExtract_ESS_2026May13.csv,2026-05-13,2026-05-13T15:28:42.873928+00:00,RUN-REAL-ESS-20260513-002
SBUX,Starbucks Corp,Common Stock,UNKNOWN,121470000000,LARGE,STARMINE_COVERED,BEARISH,FIDELITY,SecurityExtract_ESS_2026May13.csv,2026-05-13,2026-05-13T15:28:42.873928+00:00,RUN-REAL-ESS-20260513-002
STXS,Stereotaxis Inc,Common Stock,UNKNOWN,187160000,MICRO,STARMINE_COVERED,BEARISH,FIDELITY,SecurityExtract_ESS_2026May13.csv,2026-05-13,2026-05-13T15:28:42.873928+00:00,RUN-REAL-ESS-20260513-002
SHOO,Steven Madden Ltd,Common Stock,UNKNOWN,2820000000,MICRO,STARMINE_COVERED,BEARISH,FIDELITY,SecurityExtract_ESS_2026May13.csv,2026-05-13,2026-05-13T15:28:42.873928+00:00,RUN-REAL-ESS-20260513-002
SYBT,Stock Yards Bancorp Inc,Common Stock,UNKNOWN,2080000000,MICRO,STARMINE_COVERED,BEARISH,FIDELITY,SecurityExtract_ESS_2026May13.csv,2026-05-13,2026-05-13T15:28:42.873928+00:00,RUN-REAL-ESS-20260513-002
RGR,Sturm Ruger & Co Inc.,Common Stock,UNKNOWN,608260000,MICRO,STARMINE_COVERED,BEARISH,FIDELITY,SecurityExtract_ESS_2026May13.csv,2026-05-13,2026-05-13T15:28:42.873928+00:00,RUN-REAL-ESS-20260513-002
INN,Summit Hotel Properties Inc,Common Stock (REIT),UNKNOWN,576500000,MICRO,STARMINE_COVERED,BEARISH,FIDELITY,SecurityExtract_ESS_2026May13.csv,2026-05-13,2026-05-13T15:28:42.873928+00:00,RUN-REAL-ESS-20260513-002
SUNS,Sunrise Realty Trust Inc,Common Stock,UNKNOWN,99510000,MICRO,STARMINE_COVERED,NEUTRAL,FIDELITY,SecurityExtract_ESS_2026May13.csv,2026-05-13,2026-05-13T15:28:42.873928+00:00,RUN-REAL-ESS-20260513-002
RUN,Sunrun Inc,Common Stock,UNKNOWN,3360000000,MICRO,STARMINE_COVERED,BEARISH,FIDELITY,SecurityExtract_ESS_2026May13.csv,2026-05-13,2026-05-13T15:28:42.873928+00:00,RUN-REAL-ESS-20260513-002
SGRY,Surgery Partners Inc,Common Stock,UNKNOWN,1830000000,MICRO,STARMINE_COVERED,BEARISH,FIDELITY,SecurityExtract_ESS_2026May13.csv,2026-05-13,2026-05-13T15:28:42.873928+00:00,RUN-REAL-ESS-20260513-002
SG,Sweetgreen Inc,Common Stock,UNKNOWN,773570000,MICRO,STARMINE_COVERED,NEUTRAL,FIDELITY,SecurityExtract_ESS_2026May13.csv,2026-05-13,2026-05-13T15:28:42.873928+00:00,RUN-REAL-ESS-20260513-002
SLVM,Sylvamo Corp,Common Stock,UNKNOWN,1580000000,MICRO,STARMINE_COVERED,BEARISH,FIDELITY,SecurityExtract_ESS_2026May13.csv,2026-05-13,2026-05-13T15:28:42.873928+00:00,RUN-REAL-ESS-20260513-002
TALO,Talos Energy Inc,Common Stock,UNKNOWN,2560000000,MICRO,STARMINE_COVERED,NEUTRAL,FIDELITY,SecurityExtract_ESS_2026May13.csv,2026-05-13,2026-05-13T15:28:42.873928+00:00,RUN-REAL-ESS-20260513-002
TNDM,Tandem Diabetes Care Inc,Common Stock,UNKNOWN,1010000000,MICRO,STARMINE_COVERED,BEARISH,FIDELITY,SecurityExtract_ESS_2026May13.csv,2026-05-13,2026-05-13T15:28:42.873928+00:00,RUN-REAL-ESS-20260513-002
TH,Target Hospitality Corp,Common Stock,UNKNOWN,1750000000,MICRO,STARMINE_COVERED,NEUTRAL,FIDELITY,SecurityExtract_ESS_2026May13.csv,2026-05-13,2026-05-13T15:28:42.873928+00:00,RUN-REAL-ESS-20260513-002
TGLS,Tecnoglass Inc,Common Stock,UNKNOWN,1690000000,MICRO,STARMINE_COVERED,BEARISH,FIDELITY,SecurityExtract_ESS_2026May13.csv,2026-05-13,2026-05-13T15:28:42.873928+00:00,RUN-REAL-ESS-20260513-002
TFX,Teleflex Inc,Common Stock,UNKNOWN,5710000000,SMALL,STARMINE_COVERED,BEARISH,FIDELITY,SecurityExtract_ESS_2026May13.csv,2026-05-13,2026-05-13T15:28:42.873928+00:00,RUN-REAL-ESS-20260513-002
TNC,Tennant Co,Common Stock,UNKNOWN,1400000000,MICRO,STARMINE_COVERED,BEARISH,FIDELITY,SecurityExtract_ESS_2026May13.csv,2026-05-13,2026-05-13T15:28:42.873928+00:00,RUN-REAL-ESS-20260513-002
TSLA,Tesla Inc,Common Stock,UNKNOWN,1630000000000,MEGA,STARMINE_COVERED,BEARISH,FIDELITY,SecurityExtract_ESS_2026May13.csv,2026-05-13,2026-05-13T15:28:42.873928+00:00,RUN-REAL-ESS-20260513-002
TTEK,Tetra Tech Inc,Common Stock,UNKNOWN,7450000000,SMALL,STARMINE_COVERED,BEARISH,FIDELITY,SecurityExtract_ESS_2026May13.csv,2026-05-13,2026-05-13T15:28:42.873928+00:00,RUN-REAL-ESS-20260513-002
TXRH,Texas Roadhouse Inc,Common Stock,UNKNOWN,12070000000,SMALL,STARMINE_COVERED,NEUTRAL,FIDELITY,SecurityExtract_ESS_2026May13.csv,2026-05-13,2026-05-13T15:28:42.873928+00:00,RUN-REAL-ESS-20260513-002
TFSL,TFS Financial Corp,Common Stock,UNKNOWN,4200000000,SMALL,STARMINE_COVERED,BEARISH,FIDELITY,SecurityExtract_ESS_2026May13.csv,2026-05-13,2026-05-13T15:28:42.873928+00:00,RUN-REAL-ESS-20260513-002
TGTX,TG Therapeutics Inc,Common Stock,UNKNOWN,6510000000,SMALL,STARMINE_COVERED,BEARISH,FIDELITY,SecurityExtract_ESS_2026May13.csv,2026-05-13,2026-05-13T15:28:42.873928+00:00,RUN-REAL-ESS-20260513-002
SJM,The J M Smucker Company,Common Stock,UNKNOWN,10700000000,SMALL,STARMINE_COVERED,BEARISH,FIDELITY,SecurityExtract_ESS_2026May13.csv,2026-05-13,2026-05-13T15:28:42.873928+00:00,RUN-REAL-ESS-20260513-002
TMO,Thermo Fisher Scientific Inc,Common Stock,UNKNOWN,170690000000,LARGE,STARMINE_COVERED,BEARISH,FIDELITY,SecurityExtract_ESS_2026May13.csv,2026-05-13,2026-05-13T15:28:42.873928+00:00,RUN-REAL-ESS-20260513-002
THO,THOR Industries Inc,Common Stock,UNKNOWN,3930000000,SMALL,STARMINE_COVERED,BEARISH,FIDELITY,SecurityExtract_ESS_2026May13.csv,2026-05-13,2026-05-13T15:28:42.873928+00:00,RUN-REAL-ESS-20260513-002
TLRY,Tilray Brands Inc,Common Stock,UNKNOWN,647060000,MICRO,STARMINE_COVERED,BEARISH,FIDELITY,SecurityExtract_ESS_2026May13.csv,2026-05-13,2026-05-13T15:28:42.873928+00:00,RUN-REAL-ESS-20260513-002
TOL,Toll Brothers Inc.,Common Stock,UNKNOWN,12730000000,SMALL,STARMINE_COVERED,NEUTRAL,FIDELITY,SecurityExtract_ESS_2026May13.csv,2026-05-13,2026-05-13T15:28:42.873928+00:00,RUN-REAL-ESS-20260513-002
BLD,TopBuild Corp,Common Stock,UNKNOWN,11730000000,SMALL,STARMINE_COVERED,BEARISH,FIDELITY,SecurityExtract_ESS_2026May13.csv,2026-05-13,2026-05-13T15:28:42.873928+00:00,RUN-REAL-ESS-20260513-002
TTC,Toro Co (The),Common Stock,UNKNOWN,9180000000,SMALL,STARMINE_COVERED,BEARISH,FIDELITY,SecurityExtract_ESS_2026May13.csv,2026-05-13,2026-05-13T15:28:42.873928+00:00,RUN-REAL-ESS-20260513-002
TRTX,TPG RE Finance Trust Inc,Common Stock,UNKNOWN,643200000,MICRO,STARMINE_COVERED,BEARISH,FIDELITY,SecurityExtract_ESS_2026May13.csv,2026-05-13,2026-05-13T15:28:42.873928+00:00,RUN-REAL-ESS-20260513-002
TSCO,Tractor Supply Co,Common Stock,UNKNOWN,16040000000,MID,STARMINE_COVERED,BEARISH,FIDELITY,SecurityExtract_ESS_2026May13.csv,2026-05-13,2026-05-13T15:28:42.873928+00:00,RUN-REAL-ESS-20260513-002
TDG,TransDigm Group Inc,Common Stock,UNKNOWN,66630000000,MID,STARMINE_COVERED,BEARISH,FIDELITY,SecurityExtract_ESS_2026May13.csv,2026-05-13,2026-05-13T15:28:42.873928+00:00,RUN-REAL-ESS-20260513-002
TMDX,TransMedics Group Inc,Common Stock,UNKNOWN,2210000000,MICRO,STARMINE_COVERED,NEUTRAL,FIDELITY,SecurityExtract_ESS_2026May13.csv,2026-05-13,2026-05-13T15:28:42.873928+00:00,RUN-REAL-ESS-20260513-002
TVTX,Travere Therapeutics Inc,Common Stock,UNKNOWN,3980000000,SMALL,STARMINE_COVERED,BEARISH,FIDELITY,SecurityExtract_ESS_2026May13.csv,2026-05-13,2026-05-13T15:28:42.873928+00:00,RUN-REAL-ESS-20260513-002
TPH,Tri Pointe Homes Inc,Common Stock,UNKNOWN,4000000000,SMALL,STARMINE_COVERED,BEARISH,FIDELITY,SecurityExtract_ESS_2026May13.csv,2026-05-13,2026-05-13T15:28:42.873928+00:00,RUN-REAL-ESS-20260513-002
TRMB,Trimble Inc,Common Stock,UNKNOWN,13170000000,SMALL,STARMINE_COVERED,BEARISH,FIDELITY,SecurityExtract_ESS_2026May13.csv,2026-05-13,2026-05-13T15:28:42.873928+00:00,RUN-REAL-ESS-20260513-002
TTEC,TTEC Holdings Inc,Common Stock,UNKNOWN,118730000,MICRO,STARMINE_COVERED,BEARISH,FIDELITY,SecurityExtract_ESS_2026May13.csv,2026-05-13,2026-05-13T15:28:42.873928+00:00,RUN-REAL-ESS-20260513-002
TTMI,TTM Technologies Inc,Common Stock,UNKNOWN,16960000000,MID,STARMINE_COVERED,NEUTRAL,FIDELITY,SecurityExtract_ESS_2026May13.csv,2026-05-13,2026-05-13T15:28:42.873928+00:00,RUN-REAL-ESS-20260513-002
TWO,Two Harbors Investment Corp,Common Stock (REIT),UNKNOWN,1330000000,MICRO,STARMINE_COVERED,BEARISH,FIDELITY,SecurityExtract_ESS_2026May13.csv,2026-05-13,2026-05-13T15:28:42.873928+00:00,RUN-REAL-ESS-20260513-002
UBER,Uber Technologies Inc,Common Stock,UNKNOWN,155440000000,LARGE,STARMINE_COVERED,NEUTRAL,FIDELITY,SecurityExtract_ESS_2026May13.csv,2026-05-13,2026-05-13T15:28:42.873928+00:00,RUN-REAL-ESS-20260513-002
ULTA,Ulta Beauty Inc,Common Stock,UNKNOWN,22010000000,MID,STARMINE_COVERED,BEARISH,FIDELITY,SecurityExtract_ESS_2026May13.csv,2026-05-13,2026-05-13T15:28:42.873928+00:00,RUN-REAL-ESS-20260513-002
QURE,UniQure NV,Common Stock,UNKNOWN,1840000000,MICRO,STARMINE_COVERED,BEARISH,FIDELITY,SecurityExtract_ESS_2026May13.csv,2026-05-13,2026-05-13T15:28:42.873928+00:00,RUN-REAL-ESS-20260513-002
UAL,United Airlines Holdings Inc,Common Stock,UNKNOWN,31110000000,MID,STARMINE_COVERED,BEARISH,FIDELITY,SecurityExtract_ESS_2026May13.csv,2026-05-13,2026-05-13T15:28:42.873928+00:00,RUN-REAL-ESS-20260513-002
UNFI,United Natural Foods Inc,Common Stock,UNKNOWN,3110000000,MICRO,STARMINE_COVERED,BEARISH,FIDELITY,SecurityExtract_ESS_2026May13.csv,2026-05-13,2026-05-13T15:28:42.873928+00:00,RUN-REAL-ESS-20260513-002
UNH,UnitedHealth Group Incorporated,Common Stock,UNKNOWN,359980000000,LARGE,STARMINE_COVERED,BEARISH,FIDELITY,SecurityExtract_ESS_2026May13.csv,2026-05-13,2026-05-13T15:28:42.873928+00:00,RUN-REAL-ESS-20260513-002
U,Unity Software Inc,Common Stock,UNKNOWN,11720000000,SMALL,STARMINE_COVERED,BEARISH,FIDELITY,SecurityExtract_ESS_2026May13.csv,2026-05-13,2026-05-13T15:28:42.873928+00:00,RUN-REAL-ESS-20260513-002
UNM,Unum Group,Common Stock,UNKNOWN,12970000000,SMALL,STARMINE_COVERED,BEARISH,FIDELITY,SecurityExtract_ESS_2026May13.csv,2026-05-13,2026-05-13T15:28:42.873928+00:00,RUN-REAL-ESS-20260513-002
UEC,Uranium Energy Corp,Common Stock,UNKNOWN,7600000000,SMALL,STARMINE_COVERED,BEARISH,FIDELITY,SecurityExtract_ESS_2026May13.csv,2026-05-13,2026-05-13T15:28:42.873928+00:00,RUN-REAL-ESS-20260513-002
VCYT,Veracyte Inc,Common Stock,UNKNOWN,3160000000,MICRO,STARMINE_COVERED,NEUTRAL,FIDELITY,SecurityExtract_ESS_2026May13.csv,2026-05-13,2026-05-13T15:28:42.873928+00:00,RUN-REAL-ESS-20260513-002
VLTO,Veralto Corp,Common Stock,UNKNOWN,21300000000,MID,STARMINE_COVERED,NEUTRAL,FIDELITY,SecurityExtract_ESS_2026May13.csv,2026-05-13,2026-05-13T15:28:42.873928+00:00,RUN-REAL-ESS-20260513-002
VSTM,Verastem Inc,Common Stock,UNKNOWN,406860000,MICRO,STARMINE_COVERED,NEUTRAL,FIDELITY,SecurityExtract_ESS_2026May13.csv,2026-05-13,2026-05-13T15:28:42.873928+00:00,RUN-REAL-ESS-20260513-002
VRSK,Verisk Analytics Inc,Common Stock,UNKNOWN,21790000000,MID,STARMINE_COVERED,BEARISH,FIDELITY,SecurityExtract_ESS_2026May13.csv,2026-05-13,2026-05-13T15:28:42.873928+00:00,RUN-REAL-ESS-20260513-002
VRTX,Vertex Pharmaceuticals Inc,Common Stock,UNKNOWN,113780000000,LARGE,STARMINE_COVERED,NEUTRAL,FIDELITY,SecurityExtract_ESS_2026May13.csv,2026-05-13,2026-05-13T15:28:42.873928+00:00,RUN-REAL-ESS-20260513-002
SPCE,Virgin Galactic Holdings Inc,Common Stock,UNKNOWN,263420000,MICRO,STARMINE_COVERED,BEARISH,FIDELITY,SecurityExtract_ESS_2026May13.csv,2026-05-13,2026-05-13T15:28:42.873928+00:00,RUN-REAL-ESS-20260513-002
V,Visa Inc,Common Stock,UNKNOWN,615020000000,MEGA,STARMINE_COVERED,BEARISH,FIDELITY,SecurityExtract_ESS_2026May13.csv,2026-05-13,2026-05-13T15:28:42.873928+00:00,RUN-REAL-ESS-20260513-002
VPG,Vishay Precision Group Inc,Common Stock,UNKNOWN,1140000000,MICRO,STARMINE_COVERED,NEUTRAL,FIDELITY,SecurityExtract_ESS_2026May13.csv,2026-05-13,2026-05-13T15:28:42.873928+00:00,RUN-REAL-ESS-20260513-002
VISN,Vistance Networks Inc,Common Stock,UNKNOWN,2650000000,MICRO,STARMINE_COVERED,BEARISH,FIDELITY,SecurityExtract_ESS_2026May13.csv,2026-05-13,2026-05-13T15:28:42.873928+00:00,RUN-REAL-ESS-20260513-002
VST,Vistra Corp,Common Stock,UNKNOWN,49520000000,MID,STARMINE_COVERED,BEARISH,FIDELITY,SecurityExtract_ESS_2026May13.csv,2026-05-13,2026-05-13T15:28:42.873928+00:00,RUN-REAL-ESS-20260513-002
VITL,Vital Farms Inc,Common Stock,UNKNOWN,370640000,MICRO,STARMINE_COVERED,BEARISH,FIDELITY,SecurityExtract_ESS_2026May13.csv,2026-05-13,2026-05-13T15:28:42.873928+00:00,RUN-REAL-ESS-20260513-002
WNC,Wabash National Corp,Common Stock,UNKNOWN,282680000,MICRO,STARMINE_COVERED,BEARISH,FIDELITY,SecurityExtract_ESS_2026May13.csv,2026-05-13,2026-05-13T15:28:42.873928+00:00,RUN-REAL-ESS-20260513-002
WBD,WARNER BROS DISCOVERY INC,Common Stock,UNKNOWN,68190000000,MID,STARMINE_COVERED,BEARISH,FIDELITY,SecurityExtract_ESS_2026May13.csv,2026-05-13,2026-05-13T15:28:42.873928+00:00,RUN-REAL-ESS-20260513-002
WAT,Waters Corp,Common Stock,UNKNOWN,34570000000,MID,STARMINE_COVERED,BEARISH,FIDELITY,SecurityExtract_ESS_2026May13.csv,2026-05-13,2026-05-13T15:28:42.873928+00:00,RUN-REAL-ESS-20260513-002
WTS,Watts Water Technologies Inc,Common Stock,UNKNOWN,10020000000,SMALL,STARMINE_COVERED,NEUTRAL,FIDELITY,SecurityExtract_ESS_2026May13.csv,2026-05-13,2026-05-13T15:28:42.873928+00:00,RUN-REAL-ESS-20260513-002
WVE,Wave Life Sciences Ltd,Common Stock,UNKNOWN,1310000000,MICRO,STARMINE_COVERED,BEARISH,FIDELITY,SecurityExtract_ESS_2026May13.csv,2026-05-13,2026-05-13T15:28:42.873928+00:00,RUN-REAL-ESS-20260513-002
W,Wayfair Inc,Common Stock,UNKNOWN,7980000000,SMALL,STARMINE_COVERED,BEARISH,FIDELITY,SecurityExtract_ESS_2026May13.csv,2026-05-13,2026-05-13T15:28:42.873928+00:00,RUN-REAL-ESS-20260513-002
WFC,Wells Fargo & Co,Common Stock,UNKNOWN,230070000000,LARGE,STARMINE_COVERED,BEARISH,FIDELITY,SecurityExtract_ESS_2026May13.csv,2026-05-13,2026-05-13T15:28:42.873928+00:00,RUN-REAL-ESS-20260513-002
WEN,Wendy's Co,Common Stock,UNKNOWN,1500000000,MICRO,STARMINE_COVERED,BEARISH,FIDELITY,SecurityExtract_ESS_2026May13.csv,2026-05-13,2026-05-13T15:28:42.873928+00:00,RUN-REAL-ESS-20260513-002
WAL,Western Alliance Bancorporation,Common Stock,UNKNOWN,8470000000,SMALL,STARMINE_COVERED,NEUTRAL,FIDELITY,SecurityExtract_ESS_2026May13.csv,2026-05-13,2026-05-13T15:28:42.873928+00:00,RUN-REAL-ESS-20260513-002
WSM,Williams-Sonoma Inc,Common Stock,UNKNOWN,20650000000,MID,STARMINE_COVERED,NEUTRAL,FIDELITY,SecurityExtract_ESS_2026May13.csv,2026-05-13,2026-05-13T15:28:42.873928+00:00,RUN-REAL-ESS-20260513-002
WTFC,Wintrust Financial Corp.,Common Stock,UNKNOWN,9990000000,SMALL,STARMINE_COVERED,BEARISH,FIDELITY,SecurityExtract_ESS_2026May13.csv,2026-05-13,2026-05-13T15:28:42.873928+00:00,RUN-REAL-ESS-20260513-002
WYNN,Wynn Resorts Ltd,Common Stock,UNKNOWN,10090000000,SMALL,STARMINE_COVERED,BEARISH,FIDELITY,SecurityExtract_ESS_2026May13.csv,2026-05-13,2026-05-13T15:28:42.873928+00:00,RUN-REAL-ESS-20260513-002
XOMA,XOMA Royalty Corp,Common Stock,UNKNOWN,506390000,MICRO,STARMINE_COVERED,BEARISH,FIDELITY,SecurityExtract_ESS_2026May13.csv,2026-05-13,2026-05-13T15:28:42.873928+00:00,RUN-REAL-ESS-20260513-002
YETI,YETI Holdings Inc,Common Stock,UNKNOWN,3010000000,MICRO,STARMINE_COVERED,NEUTRAL,FIDELITY,SecurityExtract_ESS_2026May13.csv,2026-05-13,2026-05-13T15:28:42.873928+00:00,RUN-REAL-ESS-20260513-002
ZVRA,Zevra Therapeutics Inc,Common Stock,UNKNOWN,653220000,MICRO,STARMINE_COVERED,BEARISH,FIDELITY,SecurityExtract_ESS_2026May13.csv,2026-05-13,2026-05-13T15:28:42.873928+00:00,RUN-REAL-ESS-20260513-002
ZYME,Zymeworks Inc,Common Stock,UNKNOWN,1750000000,MICRO,STARMINE_COVERED,BEARISH,FIDELITY,SecurityExtract_ESS_2026May13.csv,2026-05-13,2026-05-13T15:28:42.873928+00:00,RUN-REAL-ESS-20260513-002
MMM,3M Co,Common Stock,UNKNOWN,74690000000,MID,STARMINE_COVERED,BEARISH,FIDELITY,SecurityExtract_ESS_2026May13.csv,2026-05-13,2026-05-13T15:28:42.873928+00:00,RUN-REAL-ESS-20260513-002
AAON,AAON Inc,Common Stock,UNKNOWN,10950000000,SMALL,STARMINE_COVERED,BEARISH,FIDELITY,SecurityExtract_ESS_2026May13.csv,2026-05-13,2026-05-13T15:28:42.873928+00:00,RUN-REAL-ESS-20260513-002
ACCO,ACCO Brands Corp,Common Stock,UNKNOWN,361650000,MICRO,STARMINE_COVERED,BEARISH,FIDELITY,SecurityExtract_ESS_2026May13.csv,2026-05-13,2026-05-13T15:28:42.873928+00:00,RUN-REAL-ESS-20260513-002
ACMR,ACM Research Inc,Common Stock,UNKNOWN,4170000000,SMALL,STARMINE_COVERED,BEARISH,FIDELITY,SecurityExtract_ESS_2026May13.csv,2026-05-13,2026-05-13T15:28:42.873928+00:00,RUN-REAL-ESS-20260513-002
ADPT,Adaptive Biotechnologies Corp,Common Stock,UNKNOWN,2180000000,MICRO,STARMINE_COVERED,BEARISH,FIDELITY,SecurityExtract_ESS_2026May13.csv,2026-05-13,2026-05-13T15:28:42.873928+00:00,RUN-REAL-ESS-20260513-002
WMS,Advanced Drainage Systems Inc,Common Stock,UNKNOWN,10890000000,SMALL,STARMINE_COVERED,BEARISH,FIDELITY,SecurityExtract_ESS_2026May13.csv,2026-05-13,2026-05-13T15:28:42.873928+00:00,RUN-REAL-ESS-20260513-002
AEIS,Advanced Energy Industries Inc,Common Stock,UNKNOWN,12910000000,SMALL,STARMINE_COVERED,BEARISH,FIDELITY,SecurityExtract_ESS_2026May13.csv,2026-05-13,2026-05-13T15:28:42.873928+00:00,RUN-REAL-ESS-20260513-002
ACM,AECOM,Common Stock,UNKNOWN,9040000000,SMALL,STARMINE_COVERED,BEARISH,FIDELITY,SecurityExtract_ESS_2026May13.csv,2026-05-13,2026-05-13T15:28:42.873928+00:00,RUN-REAL-ESS-20260513-002
AEHR,Aehr Test Systems,Common Stock,UNKNOWN,3040000000,MICRO,STARMINE_COVERED,BEARISH,FIDELITY,SecurityExtract_ESS_2026May13.csv,2026-05-13,2026-05-13T15:28:42.873928+00:00,RUN-REAL-ESS-20260513-002
AVAV,AeroVironment Inc,Common Stock,UNKNOWN,8550000000,SMALL,STARMINE_COVERED,BEARISH,FIDELITY,SecurityExtract_ESS_2026May13.csv,2026-05-13,2026-05-13T15:28:42.873928+00:00,RUN-REAL-ESS-20260513-002
AFRM,Affirm Holdings Inc,Common Stock,UNKNOWN,21910000000,MID,STARMINE_COVERED,VERY_BEARISH,FIDELITY,SecurityExtract_ESS_2026May13.csv,2026-05-13,2026-05-13T15:28:42.873928+00:00,RUN-REAL-ESS-20260513-002
AGCO,AGCO Corp,Common Stock,UNKNOWN,8550000000,SMALL,STARMINE_COVERED,VERY_BEARISH,FIDELITY,SecurityExtract_ESS_2026May13.csv,2026-05-13,2026-05-13T15:28:42.873928+00:00,RUN-REAL-ESS-20260513-002
AGL,agilon health inc,Common Stock,UNKNOWN,1160000000,MICRO,STARMINE_COVERED,BEARISH,FIDELITY,SecurityExtract_ESS_2026May13.csv,2026-05-13,2026-05-13T15:28:42.873928+00:00,RUN-REAL-ESS-20260513-002
AGIO,Agios Pharmaceuticals Inc,Common Stock,UNKNOWN,1690000000,MICRO,STARMINE_COVERED,BEARISH,FIDELITY,SecurityExtract_ESS_2026May13.csv,2026-05-13,2026-05-13T15:28:42.873928+00:00,RUN-REAL-ESS-20260513-002
AIRG,Airgain Inc,Common Stock,UNKNOWN,87840000,MICRO,STARMINE_COVERED,BEARISH,FIDELITY,SecurityExtract_ESS_2026May13.csv,2026-05-13,2026-05-13T15:28:42.873928+00:00,RUN-REAL-ESS-20260513-002
ALK,Alaska Air Group Inc,Common Stock,UNKNOWN,4320000000,SMALL,STARMINE_COVERED,VERY_BEARISH,FIDELITY,SecurityExtract_ESS_2026May13.csv,2026-05-13,2026-05-13T15:28:42.873928+00:00,RUN-REAL-ESS-20260513-002
AIN,Albany International Corp.,Common Stock,UNKNOWN,1750000000,MICRO,STARMINE_COVERED,BEARISH,FIDELITY,SecurityExtract_ESS_2026May13.csv,2026-05-13,2026-05-13T15:28:42.873928+00:00,RUN-REAL-ESS-20260513-002
ARE,Alexandria Real Estate Equities Inc.,Common Stock (REIT),UNKNOWN,8100000000,SMALL,STARMINE_COVERED,VERY_BEARISH,FIDELITY,SecurityExtract_ESS_2026May13.csv,2026-05-13,2026-05-13T15:28:42.873928+00:00,RUN-REAL-ESS-20260513-002
BABA,Alibaba Group Holding Ltd,Depository Receipt,UNKNOWN,323340000000,LARGE,STARMINE_COVERED,VERY_BEARISH,FIDELITY,SecurityExtract_ESS_2026May13.csv,2026-05-13,2026-05-13T15:28:42.873928+00:00,RUN-REAL-ESS-20260513-002
ALCO,Alico Inc,Common Stock,UNKNOWN,305320000,MICRO,STARMINE_COVERED,BEARISH,FIDELITY,SecurityExtract_ESS_2026May13.csv,2026-05-13,2026-05-13T15:28:42.873928+00:00,RUN-REAL-ESS-20260513-002
AB,AllianceBernstein Holding LP,Unit Trust Fund,UNKNOWN,3610000000,SMALL,STARMINE_COVERED,BEARISH,FIDELITY,SecurityExtract_ESS_2026May13.csv,2026-05-13,2026-05-13T15:28:42.873928+00:00,RUN-REAL-ESS-20260513-002
ALLT,Allot Ltd,Common Stock,UNKNOWN,409970000,MICRO,STARMINE_COVERED,BEARISH,FIDELITY,SecurityExtract_ESS_2026May13.csv,2026-05-13,2026-05-13T15:28:42.873928+00:00,RUN-REAL-ESS-20260513-002
AMR,Alpha Metallurgical Resource Inc,Common Stock,UNKNOWN,2390000000,MICRO,STARMINE_COVERED,VERY_BEARISH,FIDELITY,SecurityExtract_ESS_2026May13.csv,2026-05-13,2026-05-13T15:28:42.873928+00:00,RUN-REAL-ESS-20260513-002
ATEC,Alphatec Holdings Inc,Common Stock,UNKNOWN,1190000000,MICRO,STARMINE_COVERED,VERY_BEARISH,FIDELITY,SecurityExtract_ESS_2026May13.csv,2026-05-13,2026-05-13T15:28:42.873928+00:00,RUN-REAL-ESS-20260513-002
AMC,AMC Entertainment Holdings Inc,Common Stock,UNKNOWN,820170000,MICRO,STARMINE_COVERED,VERY_BEARISH,FIDELITY,SecurityExtract_ESS_2026May13.csv,2026-05-13,2026-05-13T15:28:42.873928+00:00,RUN-REAL-ESS-20260513-002
AMCR,Amcor Plc,Common Stock,UNKNOWN,18130000000,MID,STARMINE_COVERED,VERY_BEARISH,FIDELITY,SecurityExtract_ESS_2026May13.csv,2026-05-13,2026-05-13T15:28:42.873928+00:00,RUN-REAL-ESS-20260513-002
AMTM,Amentum Holdings Inc,Common Stock,UNKNOWN,5930000000,SMALL,STARMINE_COVERED,BEARISH,FIDELITY,SecurityExtract_ESS_2026May13.csv,2026-05-13,2026-05-13T15:28:42.873928+00:00,RUN-REAL-ESS-20260513-002
AMRC,Ameresco Inc,Common Stock,UNKNOWN,1550000000,MICRO,STARMINE_COVERED,VERY_BEARISH,FIDELITY,SecurityExtract_ESS_2026May13.csv,2026-05-13,2026-05-13T15:28:42.873928+00:00,RUN-REAL-ESS-20260513-002
AMSC,American Superconductor Corp,Common Stock,UNKNOWN,2600000000,MICRO,STARMINE_COVERED,VERY_BEARISH,FIDELITY,SecurityExtract_ESS_2026May13.csv,2026-05-13,2026-05-13T15:28:42.873928+00:00,RUN-REAL-ESS-20260513-002
AWK,American Water Works Company Inc,Common Stock,UNKNOWN,24930000000,MID,STARMINE_COVERED,BEARISH,FIDELITY,SecurityExtract_ESS_2026May13.csv,2026-05-13,2026-05-13T15:28:42.873928+00:00,RUN-REAL-ESS-20260513-002
AMWD,American Woodmark Corp,Common Stock,UNKNOWN,529620000,MICRO,STARMINE_COVERED,BEARISH,FIDELITY,SecurityExtract_ESS_2026May13.csv,2026-05-13,2026-05-13T15:28:42.873928+00:00,RUN-REAL-ESS-20260513-002
ANDE,Andersons Inc (The),Common Stock,UNKNOWN,2400000000,MICRO,STARMINE_COVERED,BEARISH,FIDELITY,SecurityExtract_ESS_2026May13.csv,2026-05-13,2026-05-13T15:28:42.873928+00:00,RUN-REAL-ESS-20260513-002
APTV,Aptiv PLC,Common Stock,UNKNOWN,11630000000,SMALL,STARMINE_COVERED,VERY_BEARISH,FIDELITY,SecurityExtract_ESS_2026May13.csv,2026-05-13,2026-05-13T15:28:42.873928+00:00,RUN-REAL-ESS-20260513-002
AQST,Aquestive Therapeutics Inc,Common Stock,UNKNOWN,517030000,MICRO,STARMINE_COVERED,BEARISH,FIDELITY,SecurityExtract_ESS_2026May13.csv,2026-05-13,2026-05-13T15:28:42.873928+00:00,RUN-REAL-ESS-20260513-002
ACA,Arcosa Inc,Common Stock,UNKNOWN,6260000000,SMALL,STARMINE_COVERED,BEARISH,FIDELITY,SecurityExtract_ESS_2026May13.csv,2026-05-13,2026-05-13T15:28:42.873928+00:00,RUN-REAL-ESS-20260513-002
RCUS,Arcus Biosciences Inc,Common Stock,UNKNOWN,3130000000,MICRO,STARMINE_COVERED,BEARISH,FIDELITY,SecurityExtract_ESS_2026May13.csv,2026-05-13,2026-05-13T15:28:42.873928+00:00,RUN-REAL-ESS-20260513-002
ARDX,Ardelyx Inc,Common Stock,UNKNOWN,1630000000,MICRO,STARMINE_COVERED,BEARISH,FIDELITY,SecurityExtract_ESS_2026May13.csv,2026-05-13,2026-05-13T15:28:42.873928+00:00,RUN-REAL-ESS-20260513-002
ASC,Ardmore Shipping Corp,Common Stock,UNKNOWN,773620000,MICRO,STARMINE_COVERED,VERY_BEARISH,FIDELITY,SecurityExtract_ESS_2026May13.csv,2026-05-13,2026-05-13T15:28:42.873928+00:00,RUN-REAL-ESS-20260513-002
ARES,Ares Management Corp,Common Stock,UNKNOWN,40790000000,MID,STARMINE_COVERED,VERY_BEARISH,FIDELITY,SecurityExtract_ESS_2026May13.csv,2026-05-13,2026-05-13T15:28:42.873928+00:00,RUN-REAL-ESS-20260513-002
AWI,Armstrong World Industries Inc,Common Stock,UNKNOWN,6790000000,SMALL,STARMINE_COVERED,VERY_BEARISH,FIDELITY,SecurityExtract_ESS_2026May13.csv,2026-05-13,2026-05-13T15:28:42.873928+00:00,RUN-REAL-ESS-20260513-002
AD,Array Digital Infrastructure Inc,Common Stock,UNKNOWN,4450000000,SMALL,STARMINE_COVERED,BEARISH,FIDELITY,SecurityExtract_ESS_2026May13.csv,2026-05-13,2026-05-13T15:28:42.873928+00:00,RUN-REAL-ESS-20260513-002
AORT,Artivion Inc,Common Stock,UNKNOWN,1120000000,MICRO,STARMINE_COVERED,BEARISH,FIDELITY,SecurityExtract_ESS_2026May13.csv,2026-05-13,2026-05-13T15:28:42.873928+00:00,RUN-REAL-ESS-20260513-002
ARVN,Arvinas Inc,Common Stock,UNKNOWN,617470000,MICRO,STARMINE_COVERED,VERY_BEARISH,FIDELITY,SecurityExtract_ESS_2026May13.csv,2026-05-13,2026-05-13T15:28:42.873928+00:00,RUN-REAL-ESS-20260513-002
ASH,Ashland Inc,Common Stock,UNKNOWN,2600000000,MICRO,STARMINE_COVERED,VERY_BEARISH,FIDELITY,SecurityExtract_ESS_2026May13.csv,2026-05-13,2026-05-13T15:28:42.873928+00:00,RUN-REAL-ESS-20260513-002
ASPN,Aspen Aerogels Inc,Common Stock,UNKNOWN,419360000,MICRO,STARMINE_COVERED,VERY_BEARISH,FIDELITY,SecurityExtract_ESS_2026May13.csv,2026-05-13,2026-05-13T15:28:42.873928+00:00,RUN-REAL-ESS-20260513-002
AIZ,Assurant Inc.,Common Stock,UNKNOWN,12060000000,SMALL,STARMINE_COVERED,BEARISH,FIDELITY,SecurityExtract_ESS_2026May13.csv,2026-05-13,2026-05-13T15:28:42.873928+00:00,RUN-REAL-ESS-20260513-002
ASTH,Astrana Health Inc,Common Stock,UNKNOWN,1930000000,MICRO,STARMINE_COVERED,VERY_BEARISH,FIDELITY,SecurityExtract_ESS_2026May13.csv,2026-05-13,2026-05-13T15:28:42.873928+00:00,RUN-REAL-ESS-20260513-002
ATRA,Atara Biotherapeutics Inc,Common Stock,UNKNOWN,83500000,MICRO,STARMINE_COVERED,BEARISH,FIDELITY,SecurityExtract_ESS_2026May13.csv,2026-05-13,2026-05-13T15:28:42.873928+00:00,RUN-REAL-ESS-20260513-002
BATRK,Atlanta Braves Holdings Inc,Common Stock,UNKNOWN,2620000000,MICRO,STARMINE_COVERED,BEARISH,FIDELITY,SecurityExtract_ESS_2026May13.csv,2026-05-13,2026-05-13T15:28:42.873928+00:00,RUN-REAL-ESS-20260513-002
AVNW,Aviat Networks Inc,Common Stock,UNKNOWN,198100000,MICRO,STARMINE_COVERED,VERY_BEARISH,FIDELITY,SecurityExtract_ESS_2026May13.csv,2026-05-13,2026-05-13T15:28:42.873928+00:00,RUN-REAL-ESS-20260513-002
CAR,Avis Budget Group Inc,Common Stock,UNKNOWN,5320000000,SMALL,STARMINE_COVERED,VERY_BEARISH,FIDELITY,SecurityExtract_ESS_2026May13.csv,2026-05-13,2026-05-13T15:28:42.873928+00:00,RUN-REAL-ESS-20260513-002
AXGN,Axogen Inc,Common Stock,UNKNOWN,2180000000,MICRO,STARMINE_COVERED,VERY_BEARISH,FIDELITY,SecurityExtract_ESS_2026May13.csv,2026-05-13,2026-05-13T15:28:42.873928+00:00,RUN-REAL-ESS-20260513-002
AXON,Axon Enterprise Inc,Common Stock,UNKNOWN,31730000000,MID,STARMINE_COVERED,VERY_BEARISH,FIDELITY,SecurityExtract_ESS_2026May13.csv,2026-05-13,2026-05-13T15:28:42.873928+00:00,RUN-REAL-ESS-20260513-002
AXTI,AXT Inc,Common Stock,UNKNOWN,6830000000,SMALL,STARMINE_COVERED,BEARISH,FIDELITY,SecurityExtract_ESS_2026May13.csv,2026-05-13,2026-05-13T15:28:42.873928+00:00,RUN-REAL-ESS-20260513-002
BIDU,Baidu Inc,Depository Receipt,UNKNOWN,47620000000,MID,STARMINE_COVERED,VERY_BEARISH,FIDELITY,SecurityExtract_ESS_2026May13.csv,2026-05-13,2026-05-13T15:28:42.873928+00:00,RUN-REAL-ESS-20260513-002
BALL,Ball Corporation,Common Stock,UNKNOWN,15330000000,MID,STARMINE_COVERED,VERY_BEARISH,FIDELITY,SecurityExtract_ESS_2026May13.csv,2026-05-13,2026-05-13T15:28:42.873928+00:00,RUN-REAL-ESS-20260513-002
BLDP,Ballard Power Systems Inc,Common Stock,UNKNOWN,1250000000,MICRO,STARMINE_COVERED,BEARISH,FIDELITY,SecurityExtract_ESS_2026May13.csv,2026-05-13,2026-05-13T15:28:42.873928+00:00,RUN-REAL-ESS-20260513-002
BANF,BancFirst Corp,Common Stock,UNKNOWN,3690000000,SMALL,STARMINE_COVERED,BEARISH,FIDELITY,SecurityExtract_ESS_2026May13.csv,2026-05-13,2026-05-13T15:28:42.873928+00:00,RUN-REAL-ESS-20260513-002
BFC,Bank First Corp,Common Stock,UNKNOWN,1610000000,MICRO,STARMINE_COVERED,VERY_BEARISH,FIDELITY,SecurityExtract_ESS_2026May13.csv,2026-05-13,2026-05-13T15:28:42.873928+00:00,RUN-REAL-ESS-20260513-002
BOH,Bank of Hawaii Corp,Common Stock,UNKNOWN,3070000000,MICRO,STARMINE_COVERED,BEARISH,FIDELITY,SecurityExtract_ESS_2026May13.csv,2026-05-13,2026-05-13T15:28:42.873928+00:00,RUN-REAL-ESS-20260513-002
BMRC,Bank of Marin Bancorp,Common Stock,UNKNOWN,416240000,MICRO,STARMINE_COVERED,VERY_BEARISH,FIDELITY,SecurityExtract_ESS_2026May13.csv,2026-05-13,2026-05-13T15:28:42.873928+00:00,RUN-REAL-ESS-20260513-002
BSET,Bassett Furniture Industries Inc.,Common Stock,UNKNOWN,122610000,MICRO,STARMINE_COVERED,VERY_BEARISH,FIDELITY,SecurityExtract_ESS_2026May13.csv,2026-05-13,2026-05-13T15:28:42.873928+00:00,RUN-REAL-ESS-20260513-002
BBWI,Bath & Body Works Inc,Common Stock,UNKNOWN,3840000000,SMALL,STARMINE_COVERED,BEARISH,FIDELITY,SecurityExtract_ESS_2026May13.csv,2026-05-13,2026-05-13T15:28:42.873928+00:00,RUN-REAL-ESS-20260513-002
BAX,Baxter International Inc,Common Stock,UNKNOWN,9240000000,SMALL,STARMINE_COVERED,BEARISH,FIDELITY,SecurityExtract_ESS_2026May13.csv,2026-05-13,2026-05-13T15:28:42.873928+00:00,RUN-REAL-ESS-20260513-002
BEAM,Beam Therapeutics Inc,Common Stock,UNKNOWN,3250000000,MICRO,STARMINE_COVERED,BEARISH,FIDELITY,SecurityExtract_ESS_2026May13.csv,2026-05-13,2026-05-13T15:28:42.873928+00:00,RUN-REAL-ESS-20260513-002
BZH,Beazer Homes USA Inc,Common Stock,UNKNOWN,637700000,MICRO,STARMINE_COVERED,VERY_BEARISH,FIDELITY,SecurityExtract_ESS_2026May13.csv,2026-05-13,2026-05-13T15:28:42.873928+00:00,RUN-REAL-ESS-20260513-002
BYND,Beyond Meat Inc,Common Stock,UNKNOWN,409590000,MICRO,STARMINE_COVERED,BEARISH,FIDELITY,SecurityExtract_ESS_2026May13.csv,2026-05-13,2026-05-13T15:28:42.873928+00:00,RUN-REAL-ESS-20260513-002
BL,BlackLine Inc,Common Stock,UNKNOWN,1540000000,MICRO,STARMINE_COVERED,VERY_BEARISH,FIDELITY,SecurityExtract_ESS_2026May13.csv,2026-05-13,2026-05-13T15:28:42.873928+00:00,RUN-REAL-ESS-20260513-002
BLK,BlackRock Inc,Common Stock,UNKNOWN,177900000000,LARGE,STARMINE_COVERED,VERY_BEARISH,FIDELITY,SecurityExtract_ESS_2026May13.csv,2026-05-13,2026-05-13T15:28:42.873928+00:00,RUN-REAL-ESS-20260513-002
BX,Blackstone Inc,Common Stock,UNKNOWN,145780000000,LARGE,STARMINE_COVERED,VERY_BEARISH,FIDELITY,SecurityExtract_ESS_2026May13.csv,2026-05-13,2026-05-13T15:28:42.873928+00:00,RUN-REAL-ESS-20260513-002
OWL,Blue Owl Capital Inc,Common Stock,UNKNOWN,15590000000,MID,STARMINE_COVERED,VERY_BEARISH,FIDELITY,SecurityExtract_ESS_2026May13.csv,2026-05-13,2026-05-13T15:28:42.873928+00:00,RUN-REAL-ESS-20260513-002
BBIO,BridgeBio Pharma Inc,Common Stock,UNKNOWN,12920000000,SMALL,STARMINE_COVERED,VERY_BEARISH,FIDELITY,SecurityExtract_ESS_2026May13.csv,2026-05-13,2026-05-13T15:28:42.873928+00:00,RUN-REAL-ESS-20260513-002
BRSL,Brightstar Lottery PLC,Common Stock,UNKNOWN,2130000000,MICRO,STARMINE_COVERED,BEARISH,FIDELITY,SecurityExtract_ESS_2026May13.csv,2026-05-13,2026-05-13T15:28:42.873928+00:00,RUN-REAL-ESS-20260513-002
BCO,Brink's Co (The),Common Stock,UNKNOWN,4350000000,SMALL,STARMINE_COVERED,BEARISH,FIDELITY,SecurityExtract_ESS_2026May13.csv,2026-05-13,2026-05-13T15:28:42.873928+00:00,RUN-REAL-ESS-20260513-002
BKD,Brookdale Senior Living Inc,Common Stock,UNKNOWN,3100000000,MICRO,STARMINE_COVERED,VERY_BEARISH,FIDELITY,SecurityExtract_ESS_2026May13.csv,2026-05-13,2026-05-13T15:28:42.873928+00:00,RUN-REAL-ESS-20260513-002
BF/B,Brown-Forman Corp,Common Stock,UNKNOWN,7710000000,SMALL,STARMINE_COVERED,BEARISH,FIDELITY,SecurityExtract_ESS_2026May13.csv,2026-05-13,2026-05-13T15:28:42.873928+00:00,RUN-REAL-ESS-20260513-002
BLDR,Builders FirstSource Inc,Common Stock,UNKNOWN,7830000000,SMALL,STARMINE_COVERED,VERY_BEARISH,FIDELITY,SecurityExtract_ESS_2026May13.csv,2026-05-13,2026-05-13T15:28:42.873928+00:00,RUN-REAL-ESS-20260513-002
CACI,CACI International Inc,Common Stock,UNKNOWN,11030000000,SMALL,STARMINE_COVERED,BEARISH,FIDELITY,SecurityExtract_ESS_2026May13.csv,2026-05-13,2026-05-13T15:28:42.873928+00:00,RUN-REAL-ESS-20260513-002
CDZI,Cadiz Inc,Common Stock,UNKNOWN,386700000,MICRO,STARMINE_COVERED,VERY_BEARISH,FIDELITY,SecurityExtract_ESS_2026May13.csv,2026-05-13,2026-05-13T15:28:42.873928+00:00,RUN-REAL-ESS-20260513-002
CAE,CAE Inc.,Common Stock,UNKNOWN,8360000000,SMALL,STARMINE_COVERED,BEARISH,FIDELITY,SecurityExtract_ESS_2026May13.csv,2026-05-13,2026-05-13T15:28:42.873928+00:00,RUN-REAL-ESS-20260513-002
CZR,Caesars Entertainment Inc,Common Stock,UNKNOWN,5180000000,SMALL,STARMINE_COVERED,VERY_BEARISH,FIDELITY,SecurityExtract_ESS_2026May13.csv,2026-05-13,2026-05-13T15:28:42.873928+00:00,RUN-REAL-ESS-20260513-002
CAL,Caleres Inc,Common Stock,UNKNOWN,383300000,MICRO,STARMINE_COVERED,BEARISH,FIDELITY,SecurityExtract_ESS_2026May13.csv,2026-05-13,2026-05-13T15:28:42.873928+00:00,RUN-REAL-ESS-20260513-002
CWT,California Water Service Group,Common Stock,UNKNOWN,2600000000,MICRO,STARMINE_COVERED,VERY_BEARISH,FIDELITY,SecurityExtract_ESS_2026May13.csv,2026-05-13,2026-05-13T15:28:42.873928+00:00,RUN-REAL-ESS-20260513-002
CALX,Calix Inc,Common Stock,UNKNOWN,2660000000,MICRO,STARMINE_COVERED,VERY_BEARISH,FIDELITY,SecurityExtract_ESS_2026May13.csv,2026-05-13,2026-05-13T15:28:42.873928+00:00,RUN-REAL-ESS-20260513-002
CPB,Campbell's Co (The),Common Stock,UNKNOWN,6080000000,SMALL,STARMINE_COVERED,BEARISH,FIDELITY,SecurityExtract_ESS_2026May13.csv,2026-05-13,2026-05-13T15:28:42.873928+00:00,RUN-REAL-ESS-20260513-002
CWH,Camping World Holdings Inc,Common Stock,UNKNOWN,690010000,MICRO,STARMINE_COVERED,BEARISH,FIDELITY,SecurityExtract_ESS_2026May13.csv,2026-05-13,2026-05-13T15:28:42.873928+00:00,RUN-REAL-ESS-20260513-002
CNNE,Cannae Holdings Inc,Common Stock,UNKNOWN,590570000,MICRO,STARMINE_COVERED,VERY_BEARISH,FIDELITY,SecurityExtract_ESS_2026May13.csv,2026-05-13,2026-05-13T15:28:42.873928+00:00,RUN-REAL-ESS-20260513-002
CGC,Canopy Growth Corp,Common Stock,UNKNOWN,496910000,MICRO,STARMINE_COVERED,VERY_BEARISH,FIDELITY,SecurityExtract_ESS_2026May13.csv,2026-05-13,2026-05-13T15:28:42.873928+00:00,RUN-REAL-ESS-20260513-002
CPRI,Capri Holdings Ltd,Common Stock,UNKNOWN,2070000000,MICRO,STARMINE_COVERED,BEARISH,FIDELITY,SecurityExtract_ESS_2026May13.csv,2026-05-13,2026-05-13T15:28:42.873928+00:00,RUN-REAL-ESS-20260513-002
CG,Carlyle Group Inc (The),Common Stock,UNKNOWN,18010000000,MID,STARMINE_COVERED,VERY_BEARISH,FIDELITY,SecurityExtract_ESS_2026May13.csv,2026-05-13,2026-05-13T15:28:42.873928+00:00,RUN-REAL-ESS-20260513-002
KMX,CarMax Inc,Common Stock,UNKNOWN,5420000000,SMALL,STARMINE_COVERED,VERY_BEARISH,FIDELITY,SecurityExtract_ESS_2026May13.csv,2026-05-13,2026-05-13T15:28:42.873928+00:00,RUN-REAL-ESS-20260513-002
CWST,Casella Waste Systems Inc,Common Stock,UNKNOWN,5400000000,SMALL,STARMINE_COVERED,BEARISH,FIDELITY,SecurityExtract_ESS_2026May13.csv,2026-05-13,2026-05-13T15:28:42.873928+00:00,RUN-REAL-ESS-20260513-002
CBFV,CB Financial Services Inc,Common Stock,UNKNOWN,177720000,MICRO,STARMINE_COVERED,VERY_BEARISH,FIDELITY,SecurityExtract_ESS_2026May13.csv,2026-05-13,2026-05-13T15:28:42.873928+00:00,RUN-REAL-ESS-20260513-002
CLDX,Celldex Therapeutics Inc,Common Stock,UNKNOWN,2510000000,MICRO,STARMINE_COVERED,VERY_BEARISH,FIDELITY,SecurityExtract_ESS_2026May13.csv,2026-05-13,2026-05-13T15:28:42.873928+00:00,RUN-REAL-ESS-20260513-002
CELH,Celsius Holdings Inc,Common Stock,UNKNOWN,7570000000,SMALL,STARMINE_COVERED,VERY_BEARISH,FIDELITY,SecurityExtract_ESS_2026May13.csv,2026-05-13,2026-05-13T15:28:42.873928+00:00,RUN-REAL-ESS-20260513-002
CNC,Centene Corp,Common Stock,UNKNOWN,29290000000,MID,STARMINE_COVERED,BEARISH,FIDELITY,SecurityExtract_ESS_2026May13.csv,2026-05-13,2026-05-13T15:28:42.873928+00:00,RUN-REAL-ESS-20260513-002
CSR,Centrespace,Common Stock (REIT),UNKNOWN,1160000000,MICRO,STARMINE_COVERED,VERY_BEARISH,FIDELITY,SecurityExtract_ESS_2026May13.csv,2026-05-13,2026-05-13T15:28:42.873928+00:00,RUN-REAL-ESS-20260513-002
LEU,Centrus Energy Corp,Common Stock,UNKNOWN,3980000000,SMALL,STARMINE_COVERED,VERY_BEARISH,FIDELITY,SecurityExtract_ESS_2026May13.csv,2026-05-13,2026-05-13T15:28:42.873928+00:00,RUN-REAL-ESS-20260513-002
CCS,Century Communities Inc,Common Stock,UNKNOWN,1530000000,MICRO,STARMINE_COVERED,BEARISH,FIDELITY,SecurityExtract_ESS_2026May13.csv,2026-05-13,2026-05-13T15:28:42.873928+00:00,RUN-REAL-ESS-20260513-002
CERT,Certara Inc,Common Stock,UNKNOWN,791830000,MICRO,STARMINE_COVERED,BEARISH,FIDELITY,SecurityExtract_ESS_2026May13.csv,2026-05-13,2026-05-13T15:28:42.873928+00:00,RUN-REAL-ESS-20260513-002
CEVA,CEVA Inc,Common Stock,UNKNOWN,1030000000,MICRO,STARMINE_COVERED,BEARISH,FIDELITY,SecurityExtract_ESS_2026May13.csv,2026-05-13,2026-05-13T15:28:42.873928+00:00,RUN-REAL-ESS-20260513-002
CHEF,Chefs' Warehouse Inc (The),Common Stock,UNKNOWN,3260000000,MICRO,STARMINE_COVERED,BEARISH,FIDELITY,SecurityExtract_ESS_2026May13.csv,2026-05-13,2026-05-13T15:28:42.873928+00:00,RUN-REAL-ESS-20260513-002
CLSK,CleanSpark Inc,Common Stock,UNKNOWN,3460000000,MICRO,STARMINE_COVERED,BEARISH,FIDELITY,SecurityExtract_ESS_2026May13.csv,2026-05-13,2026-05-13T15:28:42.873928+00:00,RUN-REAL-ESS-20260513-002
CLFD,Clearfield Inc,Common Stock,UNKNOWN,613540000,MICRO,STARMINE_COVERED,BEARISH,FIDELITY,SecurityExtract_ESS_2026May13.csv,2026-05-13,2026-05-13T15:28:42.873928+00:00,RUN-REAL-ESS-20260513-002
CLPT,ClearPoint Neuro Inc,Common Stock,UNKNOWN,379020000,MICRO,STARMINE_COVERED,BEARISH,FIDELITY,SecurityExtract_ESS_2026May13.csv,2026-05-13,2026-05-13T15:28:42.873928+00:00,RUN-REAL-ESS-20260513-002
CWEN,Clearway Energy Inc,Common Stock,UNKNOWN,7790000000,SMALL,STARMINE_COVERED,VERY_BEARISH,FIDELITY,SecurityExtract_ESS_2026May13.csv,2026-05-13,2026-05-13T15:28:42.873928+00:00,RUN-REAL-ESS-20260513-002
CLF,Cleveland-Cliffs Inc,Common Stock,UNKNOWN,6150000000,SMALL,STARMINE_COVERED,BEARISH,FIDELITY,SecurityExtract_ESS_2026May13.csv,2026-05-13,2026-05-13T15:28:42.873928+00:00,RUN-REAL-ESS-20260513-002
CLX,Clorox Co (The),Common Stock,UNKNOWN,10780000000,SMALL,STARMINE_COVERED,BEARISH,FIDELITY,SecurityExtract_ESS_2026May13.csv,2026-05-13,2026-05-13T15:28:42.873928+00:00,RUN-REAL-ESS-20260513-002
CNH,CNH Industrial N V,Common Stock,UNKNOWN,13320000000,SMALL,STARMINE_COVERED,VERY_BEARISH,FIDELITY,SecurityExtract_ESS_2026May13.csv,2026-05-13,2026-05-13T15:28:42.873928+00:00,RUN-REAL-ESS-20260513-002
CNO,CNO Financial Group Inc,Common Stock,UNKNOWN,4310000000,SMALL,STARMINE_COVERED,VERY_BEARISH,FIDELITY,SecurityExtract_ESS_2026May13.csv,2026-05-13,2026-05-13T15:28:42.873928+00:00,RUN-REAL-ESS-20260513-002
CODX,Co-Diagnostic Inc,Common Stock,UNKNOWN,6200000,MICRO,STARMINE_COVERED,BEARISH,FIDELITY,SecurityExtract_ESS_2026May13.csv,2026-05-13,2026-05-13T15:28:42.873928+00:00,RUN-REAL-ESS-20260513-002
CDE,Coeur Mining Inc,Common Stock,UNKNOWN,20870000000,MID,STARMINE_COVERED,VERY_BEARISH,FIDELITY,SecurityExtract_ESS_2026May13.csv,2026-05-13,2026-05-13T15:28:42.873928+00:00,RUN-REAL-ESS-20260513-002
COIN,COINBASE GLOBAL INC,Common Stock,UNKNOWN,54710000000,MID,STARMINE_COVERED,VERY_BEARISH,FIDELITY,SecurityExtract_ESS_2026May13.csv,2026-05-13,2026-05-13T15:28:42.873928+00:00,RUN-REAL-ESS-20260513-002
COLB,Columbia Banking System Inc,Common Stock,UNKNOWN,8420000000,SMALL,STARMINE_COVERED,BEARISH,FIDELITY,SecurityExtract_ESS_2026May13.csv,2026-05-13,2026-05-13T15:28:42.873928+00:00,RUN-REAL-ESS-20260513-002
CLBK,Columbia Financial Inc,Common Stock,UNKNOWN,2000000000,MICRO,STARMINE_COVERED,VERY_BEARISH,FIDELITY,SecurityExtract_ESS_2026May13.csv,2026-05-13,2026-05-13T15:28:42.873928+00:00,RUN-REAL-ESS-20260513-002
CMC,Commercial Metals Co,Common Stock,UNKNOWN,7730000000,SMALL,STARMINE_COVERED,BEARISH,FIDELITY,SecurityExtract_ESS_2026May13.csv,2026-05-13,2026-05-13T15:28:42.873928+00:00,RUN-REAL-ESS-20260513-002
CBU,Community Financial System Inc,Common Stock,UNKNOWN,3280000000,MICRO,STARMINE_COVERED,BEARISH,FIDELITY,SecurityExtract_ESS_2026May13.csv,2026-05-13,2026-05-13T15:28:42.873928+00:00,RUN-REAL-ESS-20260513-002
CODI,Compass Diversified Holdings,Common Stock,UNKNOWN,900570000,MICRO,STARMINE_COVERED,BEARISH,FIDELITY,SecurityExtract_ESS_2026May13.csv,2026-05-13,2026-05-13T15:28:42.873928+00:00,RUN-REAL-ESS-20260513-002
CON,Concentra Group Holdings Parent Inc,Common Stock,UNKNOWN,3270000000,MICRO,STARMINE_COVERED,BEARISH,FIDELITY,SecurityExtract_ESS_2026May13.csv,2026-05-13,2026-05-13T15:28:42.873928+00:00,RUN-REAL-ESS-20260513-002
CNXC,Concentrix Corp,Common Stock,UNKNOWN,1400000000,MICRO,STARMINE_COVERED,VERY_BEARISH,FIDELITY,SecurityExtract_ESS_2026May13.csv,2026-05-13,2026-05-13T15:28:42.873928+00:00,RUN-REAL-ESS-20260513-002
STZ,Constellation Brands Inc,Common Stock,UNKNOWN,24540000000,MID,STARMINE_COVERED,VERY_BEARISH,FIDELITY,SecurityExtract_ESS_2026May13.csv,2026-05-13,2026-05-13T15:28:42.873928+00:00,RUN-REAL-ESS-20260513-002
CEG,Constellation Energy Corp,Common Stock,UNKNOWN,106050000000,LARGE,STARMINE_COVERED,BEARISH,FIDELITY,SecurityExtract_ESS_2026May13.csv,2026-05-13,2026-05-13T15:28:42.873928+00:00,RUN-REAL-ESS-20260513-002
CPA,Copa Holdings SA,Common Stock,UNKNOWN,4770000000,SMALL,STARMINE_COVERED,BEARISH,FIDELITY,SecurityExtract_ESS_2026May13.csv,2026-05-13,2026-05-13T15:28:42.873928+00:00,RUN-REAL-ESS-20260513-002
CORT,Corcept Therapeutics Inc,Common Stock,UNKNOWN,5490000000,SMALL,STARMINE_COVERED,VERY_BEARISH,FIDELITY,SecurityExtract_ESS_2026May13.csv,2026-05-13,2026-05-13T15:28:42.873928+00:00,RUN-REAL-ESS-20260513-002
CNR,Core Natural Resources Inc,Common Stock,UNKNOWN,4330000000,SMALL,STARMINE_COVERED,BEARISH,FIDELITY,SecurityExtract_ESS_2026May13.csv,2026-05-13,2026-05-13T15:28:42.873928+00:00,RUN-REAL-ESS-20260513-002
CRBG,Corebridge Financial Inc,Common Stock,UNKNOWN,11920000000,SMALL,STARMINE_COVERED,VERY_BEARISH,FIDELITY,SecurityExtract_ESS_2026May13.csv,2026-05-13,2026-05-13T15:28:42.873928+00:00,RUN-REAL-ESS-20260513-002
CSGP,CoStar Group Inc,Common Stock,UNKNOWN,13500000000,SMALL,STARMINE_COVERED,VERY_BEARISH,FIDELITY,SecurityExtract_ESS_2026May13.csv,2026-05-13,2026-05-13T15:28:42.873928+00:00,RUN-REAL-ESS-20260513-002
COTY,Coty Inc,Common Stock,UNKNOWN,2010000000,MICRO,STARMINE_COVERED,VERY_BEARISH,FIDELITY,SecurityExtract_ESS_2026May13.csv,2026-05-13,2026-05-13T15:28:42.873928+00:00,RUN-REAL-ESS-20260513-002
CPNG,Coupang Inc,Common Stock,UNKNOWN,28540000000,MID,STARMINE_COVERED,VERY_BEARISH,FIDELITY,SecurityExtract_ESS_2026May13.csv,2026-05-13,2026-05-13T15:28:42.873928+00:00,RUN-REAL-ESS-20260513-002
CBRL,Cracker Barrel Old Country Store Inc,Common Stock,UNKNOWN,664720000,MICRO,STARMINE_COVERED,BEARISH,FIDELITY,SecurityExtract_ESS_2026May13.csv,2026-05-13,2026-05-13T15:28:42.873928+00:00,RUN-REAL-ESS-20260513-002
CR,Crane Company,Common Stock,UNKNOWN,10430000000,SMALL,STARMINE_COVERED,VERY_BEARISH,FIDELITY,SecurityExtract_ESS_2026May13.csv,2026-05-13,2026-05-13T15:28:42.873928+00:00,RUN-REAL-ESS-20260513-002
CBIO,Crescent Biopharma Inc,Common Stock,UNKNOWN,508980000,MICRO,STARMINE_COVERED,VERY_BEARISH,FIDELITY,SecurityExtract_ESS_2026May13.csv,2026-05-13,2026-05-13T15:28:42.873928+00:00,RUN-REAL-ESS-20260513-002
CXDO,Crexendo Inc,Common Stock,UNKNOWN,296920000,MICRO,STARMINE_COVERED,BEARISH,FIDELITY,SecurityExtract_ESS_2026May13.csv,2026-05-13,2026-05-13T15:28:42.873928+00:00,RUN-REAL-ESS-20260513-002
CRNX,Crinetics Pharmaceuticals Inc,Common Stock,UNKNOWN,3890000000,SMALL,STARMINE_COVERED,VERY_BEARISH,FIDELITY,SecurityExtract_ESS_2026May13.csv,2026-05-13,2026-05-13T15:28:42.873928+00:00,RUN-REAL-ESS-20260513-002
CRSP,CRISPR Therapeutics AG,Common Stock,UNKNOWN,5100000000,SMALL,STARMINE_COVERED,VERY_BEARISH,FIDELITY,SecurityExtract_ESS_2026May13.csv,2026-05-13,2026-05-13T15:28:42.873928+00:00,RUN-REAL-ESS-20260513-002
CRON,Cronos Group Inc,Common Stock,UNKNOWN,1040000000,MICRO,STARMINE_COVERED,VERY_BEARISH,FIDELITY,SecurityExtract_ESS_2026May13.csv,2026-05-13,2026-05-13T15:28:42.873928+00:00,RUN-REAL-ESS-20260513-002
CSW,CSW Industrials Inc,Common Stock,UNKNOWN,4310000000,SMALL,STARMINE_COVERED,VERY_BEARISH,FIDELITY,SecurityExtract_ESS_2026May13.csv,2026-05-13,2026-05-13T15:28:42.873928+00:00,RUN-REAL-ESS-20260513-002
CULP,Culp Inc.,Common Stock,UNKNOWN,43810000,MICRO,STARMINE_COVERED,BEARISH,FIDELITY,SecurityExtract_ESS_2026May13.csv,2026-05-13,2026-05-13T15:28:42.873928+00:00,RUN-REAL-ESS-20260513-002
CURB,Curbline Properties Corp,Common Stock,UNKNOWN,2920000000,MICRO,STARMINE_COVERED,VERY_BEARISH,FIDELITY,SecurityExtract_ESS_2026May13.csv,2026-05-13,2026-05-13T15:28:42.873928+00:00,RUN-REAL-ESS-20260513-002
CVBF,CVB Financial Corp,Common Stock,UNKNOWN,3500000000,MICRO,STARMINE_COVERED,BEARISH,FIDELITY,SecurityExtract_ESS_2026May13.csv,2026-05-13,2026-05-13T15:28:42.873928+00:00,RUN-REAL-ESS-20260513-002
CTKB,Cytek Biosciences Inc,Common Stock,UNKNOWN,521740000,MICRO,STARMINE_COVERED,VERY_BEARISH,FIDELITY,SecurityExtract_ESS_2026May13.csv,2026-05-13,2026-05-13T15:28:42.873928+00:00,RUN-REAL-ESS-20260513-002
CYTK,Cytokinetics Inc,Common Stock,UNKNOWN,10140000000,SMALL,STARMINE_COVERED,VERY_BEARISH,FIDELITY,SecurityExtract_ESS_2026May13.csv,2026-05-13,2026-05-13T15:28:42.873928+00:00,RUN-REAL-ESS-20260513-002
DJCO,Daily Journal Corp,Common Stock,UNKNOWN,672160000,MICRO,STARMINE_COVERED,BEARISH,FIDELITY,SecurityExtract_ESS_2026May13.csv,2026-05-13,2026-05-13T15:28:42.873928+00:00,RUN-REAL-ESS-20260513-002
DAKT,Daktronics Inc,Common Stock,UNKNOWN,989630000,MICRO,STARMINE_COVERED,VERY_BEARISH,FIDELITY,SecurityExtract_ESS_2026May13.csv,2026-05-13,2026-05-13T15:28:42.873928+00:00,RUN-REAL-ESS-20260513-002
DHR,Danaher Corp,Common Stock,UNKNOWN,117670000000,LARGE,STARMINE_COVERED,BEARISH,FIDELITY,SecurityExtract_ESS_2026May13.csv,2026-05-13,2026-05-13T15:28:42.873928+00:00,RUN-REAL-ESS-20260513-002
DQ,Daqo New Energy Corp,Depository Receipt,UNKNOWN,1270000000,MICRO,STARMINE_COVERED,VERY_BEARISH,FIDELITY,SecurityExtract_ESS_2026May13.csv,2026-05-13,2026-05-13T15:28:42.873928+00:00,RUN-REAL-ESS-20260513-002
DAIO,Data I/O Corp,Common Stock,UNKNOWN,27050000,MICRO,STARMINE_COVERED,VERY_BEARISH,FIDELITY,SecurityExtract_ESS_2026May13.csv,2026-05-13,2026-05-13T15:28:42.873928+00:00,RUN-REAL-ESS-20260513-002
PLAY,Dave & Buster's Entertainment Inc,Common Stock,UNKNOWN,338010000,MICRO,STARMINE_COVERED,VERY_BEARISH,FIDELITY,SecurityExtract_ESS_2026May13.csv,2026-05-13,2026-05-13T15:28:42.873928+00:00,RUN-REAL-ESS-20260513-002
DEO,Diageo PLC,Depository Receipt,UNKNOWN,45150000000,MID,STARMINE_COVERED,BEARISH,FIDELITY,SecurityExtract_ESS_2026May13.csv,2026-05-13,2026-05-13T15:28:42.873928+00:00,RUN-REAL-ESS-20260513-002
DKS,DICK'S Sporting Goods Inc,Common Stock,UNKNOWN,19630000000,MID,STARMINE_COVERED,BEARISH,FIDELITY,SecurityExtract_ESS_2026May13.csv,2026-05-13,2026-05-13T15:28:42.873928+00:00,RUN-REAL-ESS-20260513-002
DSGR,Distribution Solutions Group Inc,Common Stock,UNKNOWN,1250000000,MICRO,STARMINE_COVERED,VERY_BEARISH,FIDELITY,SecurityExtract_ESS_2026May13.csv,2026-05-13,2026-05-13T15:28:42.873928+00:00,RUN-REAL-ESS-20260513-002
DLHC,DLH Holdings Corp,Common Stock,UNKNOWN,81450000,MICRO,STARMINE_COVERED,BEARISH,FIDELITY,SecurityExtract_ESS_2026May13.csv,2026-05-13,2026-05-13T15:28:42.873928+00:00,RUN-REAL-ESS-20260513-002
BOOM,DMC Global Inc,Common Stock,UNKNOWN,153720000,MICRO,STARMINE_COVERED,VERY_BEARISH,FIDELITY,SecurityExtract_ESS_2026May13.csv,2026-05-13,2026-05-13T15:28:42.873928+00:00,RUN-REAL-ESS-20260513-002
DNOW,DNOW Inc,Common Stock,UNKNOWN,2440000000,MICRO,STARMINE_COVERED,VERY_BEARISH,FIDELITY,SecurityExtract_ESS_2026May13.csv,2026-05-13,2026-05-13T15:28:42.873928+00:00,RUN-REAL-ESS-20260513-002
DLTR,Dollar Tree Inc,Common Stock,UNKNOWN,17340000000,MID,STARMINE_COVERED,BEARISH,FIDELITY,SecurityExtract_ESS_2026May13.csv,2026-05-13,2026-05-13T15:28:42.873928+00:00,RUN-REAL-ESS-20260513-002
D,Dominion Energy Inc,Common Stock,UNKNOWN,55340000000,MID,STARMINE_COVERED,BEARISH,FIDELITY,SecurityExtract_ESS_2026May13.csv,2026-05-13,2026-05-13T15:28:42.873928+00:00,RUN-REAL-ESS-20260513-002
DCI,Donaldson Co Inc.,Common Stock,UNKNOWN,9830000000,SMALL,STARMINE_COVERED,BEARISH,FIDELITY,SecurityExtract_ESS_2026May13.csv,2026-05-13,2026-05-13T15:28:42.873928+00:00,RUN-REAL-ESS-20260513-002
DASH,DoorDash Inc,Common Stock,UNKNOWN,67620000000,MID,STARMINE_COVERED,VERY_BEARISH,FIDELITY,SecurityExtract_ESS_2026May13.csv,2026-05-13,2026-05-13T15:28:42.873928+00:00,RUN-REAL-ESS-20260513-002
DORM,Dorman Products Inc,Common Stock,UNKNOWN,3570000000,SMALL,STARMINE_COVERED,BEARISH,FIDELITY,SecurityExtract_ESS_2026May13.csv,2026-05-13,2026-05-13T15:28:42.873928+00:00,RUN-REAL-ESS-20260513-002
DKNG,DraftKings Inc,Common Stock,UNKNOWN,12210000000,SMALL,STARMINE_COVERED,VERY_BEARISH,FIDELITY,SecurityExtract_ESS_2026May13.csv,2026-05-13,2026-05-13T15:28:42.873928+00:00,RUN-REAL-ESS-20260513-002
DFH,Dream Finders Homes Inc,Common Stock,UNKNOWN,1190000000,MICRO,STARMINE_COVERED,VERY_BEARISH,FIDELITY,SecurityExtract_ESS_2026May13.csv,2026-05-13,2026-05-13T15:28:42.873928+00:00,RUN-REAL-ESS-20260513-002
DTM,DT Midstream Inc,Common Stock,UNKNOWN,14800000000,MID,STARMINE_COVERED,BEARISH,FIDELITY,SecurityExtract_ESS_2026May13.csv,2026-05-13,2026-05-13T15:28:42.873928+00:00,RUN-REAL-ESS-20260513-002
DXC,DXC Technology Co,Common Stock,UNKNOWN,1450000000,MICRO,STARMINE_COVERED,BEARISH,FIDELITY,SecurityExtract_ESS_2026May13.csv,2026-05-13,2026-05-13T15:28:42.873928+00:00,RUN-REAL-ESS-20260513-002
ELF,e l f Beauty Inc,Common Stock,UNKNOWN,3290000000,MICRO,STARMINE_COVERED,BEARISH,FIDELITY,SecurityExtract_ESS_2026May13.csv,2026-05-13,2026-05-13T15:28:42.873928+00:00,RUN-REAL-ESS-20260513-002
EDAP,EDAP TMS SA,Depository Receipt,UNKNOWN,152930000,MICRO,STARMINE_COVERED,BEARISH,FIDELITY,SecurityExtract_ESS_2026May13.csv,2026-05-13,2026-05-13T15:28:42.873928+00:00,RUN-REAL-ESS-20260513-002
EPC,Edgewell Personal Care Co,Common Stock,UNKNOWN,887980000,MICRO,STARMINE_COVERED,BEARISH,FIDELITY,SecurityExtract_ESS_2026May13.csv,2026-05-13,2026-05-13T15:28:42.873928+00:00,RUN-REAL-ESS-20260513-002
ESTC,Elastic N.V.,Common Stock,UNKNOWN,5180000000,SMALL,STARMINE_COVERED,VERY_BEARISH,FIDELITY,SecurityExtract_ESS_2026May13.csv,2026-05-13,2026-05-13T15:28:42.873928+00:00,RUN-REAL-ESS-20260513-002
EGO,Eldorado Gold Corp,Common Stock,UNKNOWN,7060000000,SMALL,STARMINE_COVERED,VERY_BEARISH,FIDELITY,SecurityExtract_ESS_2026May13.csv,2026-05-13,2026-05-13T15:28:42.873928+00:00,RUN-REAL-ESS-20260513-002
EFC,Ellington Financial Inc,Common Stock,UNKNOWN,1690000000,MICRO,STARMINE_COVERED,BEARISH,FIDELITY,SecurityExtract_ESS_2026May13.csv,2026-05-13,2026-05-13T15:28:42.873928+00:00,RUN-REAL-ESS-20260513-002
EEX,Emerald Holding Inc,Common Stock,UNKNOWN,987570000,MICRO,STARMINE_COVERED,VERY_BEARISH,FIDELITY,SecurityExtract_ESS_2026May13.csv,2026-05-13,2026-05-13T15:28:42.873928+00:00,RUN-REAL-ESS-20260513-002
DAVA,Endava plc,Depository Receipt,UNKNOWN,206990000,MICRO,STARMINE_COVERED,VERY_BEARISH,FIDELITY,SecurityExtract_ESS_2026May13.csv,2026-05-13,2026-05-13T15:28:42.873928+00:00,RUN-REAL-ESS-20260513-002
ERII,Energy Recovery Inc,Common Stock,UNKNOWN,449990000,MICRO,STARMINE_COVERED,BEARISH,FIDELITY,SecurityExtract_ESS_2026May13.csv,2026-05-13,2026-05-13T15:28:42.873928+00:00,RUN-REAL-ESS-20260513-002
ENPH,Enphase Energy Inc,Common Stock,UNKNOWN,4940000000,SMALL,STARMINE_COVERED,VERY_BEARISH,FIDELITY,SecurityExtract_ESS_2026May13.csv,2026-05-13,2026-05-13T15:28:42.873928+00:00,RUN-REAL-ESS-20260513-002
EFX,Equifax Inc.,Common Stock,UNKNOWN,19860000000,MID,STARMINE_COVERED,BEARISH,FIDELITY,SecurityExtract_ESS_2026May13.csv,2026-05-13,2026-05-13T15:28:42.873928+00:00,RUN-REAL-ESS-20260513-002
EQBK,Equity Bancshares Inc,Common Stock,UNKNOWN,930700000,MICRO,STARMINE_COVERED,BEARISH,FIDELITY,SecurityExtract_ESS_2026May13.csv,2026-05-13,2026-05-13T15:28:42.873928+00:00,RUN-REAL-ESS-20260513-002
ERIE,Erie Indemnity Co,Common Stock,UNKNOWN,11430000000,SMALL,STARMINE_COVERED,BEARISH,FIDELITY,SecurityExtract_ESS_2026May13.csv,2026-05-13,2026-05-13T15:28:42.873928+00:00,RUN-REAL-ESS-20260513-002
EL,Estee Lauder Cos Inc (The),Common Stock,UNKNOWN,30710000000,MID,STARMINE_COVERED,VERY_BEARISH,FIDELITY,SecurityExtract_ESS_2026May13.csv,2026-05-13,2026-05-13T15:28:42.873928+00:00,RUN-REAL-ESS-20260513-002
ETD,Ethan Allen Interiors Inc,Common Stock,UNKNOWN,486780000,MICRO,STARMINE_COVERED,BEARISH,FIDELITY,SecurityExtract_ESS_2026May13.csv,2026-05-13,2026-05-13T15:28:42.873928+00:00,RUN-REAL-ESS-20260513-002
EFOR,Everforth Inc,Common Stock,UNKNOWN,733080000,MICRO,STARMINE_COVERED,VERY_BEARISH,FIDELITY,SecurityExtract_ESS_2026May13.csv,2026-05-13,2026-05-13T15:28:42.873928+00:00,RUN-REAL-ESS-20260513-002
P,Everpure Inc,Common Stock,UNKNOWN,27680000000,MID,STARMINE_COVERED,VERY_BEARISH,FIDELITY,SecurityExtract_ESS_2026May13.csv,2026-05-13,2026-05-13T15:28:42.873928+00:00,RUN-REAL-ESS-20260513-002
EVH,Evolent Health Inc,Common Stock,UNKNOWN,467920000,MICRO,STARMINE_COVERED,BEARISH,FIDELITY,SecurityExtract_ESS_2026May13.csv,2026-05-13,2026-05-13T15:28:42.873928+00:00,RUN-REAL-ESS-20260513-002
EE,Excelerate Energy Inc,Common Stock,UNKNOWN,4160000000,SMALL,STARMINE_COVERED,BEARISH,FIDELITY,SecurityExtract_ESS_2026May13.csv,2026-05-13,2026-05-13T15:28:42.873928+00:00,RUN-REAL-ESS-20260513-002
AGNT,eXp World Holdings Inc,Common Stock,UNKNOWN,856950000,MICRO,STARMINE_COVERED,BEARISH,FIDELITY,SecurityExtract_ESS_2026May13.csv,2026-05-13,2026-05-13T15:28:42.873928+00:00,RUN-REAL-ESS-20260513-002
EXPO,Exponent Inc,Common Stock,UNKNOWN,2770000000,MICRO,STARMINE_COVERED,BEARISH,FIDELITY,SecurityExtract_ESS_2026May13.csv,2026-05-13,2026-05-13T15:28:42.873928+00:00,RUN-REAL-ESS-20260513-002
FICO,Fair Isaac Corporation,Common Stock,UNKNOWN,25190000000,MID,STARMINE_COVERED,BEARISH,FIDELITY,SecurityExtract_ESS_2026May13.csv,2026-05-13,2026-05-13T15:28:42.873928+00:00,RUN-REAL-ESS-20260513-002
FENC,Fennec Pharmaceuticals Inc,Common Stock,UNKNOWN,244030000,MICRO,STARMINE_COVERED,VERY_BEARISH,FIDELITY,SecurityExtract_ESS_2026May13.csv,2026-05-13,2026-05-13T15:28:42.873928+00:00,RUN-REAL-ESS-20260513-002
GSM,Ferroglobe PLC,Common Stock,UNKNOWN,749310000,MICRO,STARMINE_COVERED,VERY_BEARISH,FIDELITY,SecurityExtract_ESS_2026May13.csv,2026-05-13,2026-05-13T15:28:42.873928+00:00,RUN-REAL-ESS-20260513-002
FLY,Firefly Aerospace Inc,Common Stock,UNKNOWN,6300000000,SMALL,STARMINE_COVERED,BEARISH,FIDELITY,SecurityExtract_ESS_2026May13.csv,2026-05-13,2026-05-13T15:28:42.873928+00:00,RUN-REAL-ESS-20260513-002
BUSE,First Busey Corp,Common Stock,UNKNOWN,2210000000,MICRO,STARMINE_COVERED,BEARISH,FIDELITY,SecurityExtract_ESS_2026May13.csv,2026-05-13,2026-05-13T15:28:42.873928+00:00,RUN-REAL-ESS-20260513-002
FCNCA,First Citizens BancShares Inc,Common Stock,UNKNOWN,20300000000,MID,STARMINE_COVERED,BEARISH,FIDELITY,SecurityExtract_ESS_2026May13.csv,2026-05-13,2026-05-13T15:28:42.873928+00:00,RUN-REAL-ESS-20260513-002
FFIN,First Financial Bankshares Inc,Common Stock,UNKNOWN,4540000000,SMALL,STARMINE_COVERED,VERY_BEARISH,FIDELITY,SecurityExtract_ESS_2026May13.csv,2026-05-13,2026-05-13T15:28:42.873928+00:00,RUN-REAL-ESS-20260513-002
FRME,First Merchants Corp,Common Stock,UNKNOWN,2520000000,MICRO,STARMINE_COVERED,BEARISH,FIDELITY,SecurityExtract_ESS_2026May13.csv,2026-05-13,2026-05-13T15:28:42.873928+00:00,RUN-REAL-ESS-20260513-002
FXNC,First National Corp/VA,Common Stock,UNKNOWN,244110000,MICRO,STARMINE_COVERED,BEARISH,FIDELITY,SecurityExtract_ESS_2026May13.csv,2026-05-13,2026-05-13T15:28:42.873928+00:00,RUN-REAL-ESS-20260513-002
FLG,Flagstar Bank NA,Common Stock,UNKNOWN,5790000000,SMALL,STARMINE_COVERED,BEARISH,FIDELITY,SecurityExtract_ESS_2026May13.csv,2026-05-13,2026-05-13T15:28:42.873928+00:00,RUN-REAL-ESS-20260513-002
FND,Floor & Decor Holdings Inc,Common Stock,UNKNOWN,5150000000,SMALL,STARMINE_COVERED,VERY_BEARISH,FIDELITY,SecurityExtract_ESS_2026May13.csv,2026-05-13,2026-05-13T15:28:42.873928+00:00,RUN-REAL-ESS-20260513-002
FLO,Flowers Foods Inc.,Common Stock,UNKNOWN,1710000000,MICRO,STARMINE_COVERED,BEARISH,FIDELITY,SecurityExtract_ESS_2026May13.csv,2026-05-13,2026-05-13T15:28:42.873928+00:00,RUN-REAL-ESS-20260513-002
FMC,FMC Corp.,Common Stock,UNKNOWN,1640000000,MICRO,STARMINE_COVERED,BEARISH,FIDELITY,SecurityExtract_ESS_2026May13.csv,2026-05-13,2026-05-13T15:28:42.873928+00:00,RUN-REAL-ESS-20260513-002
FWONK,Formula One Group - The Liberty Media Group,Common Stock,UNKNOWN,20340000000,MID,STARMINE_COVERED,VERY_BEARISH,FIDELITY,SecurityExtract_ESS_2026May13.csv,2026-05-13,2026-05-13T15:28:42.873928+00:00,RUN-REAL-ESS-20260513-002
FORR,Forrester Research Inc,Common Stock,UNKNOWN,123650000,MICRO,STARMINE_COVERED,BEARISH,FIDELITY,SecurityExtract_ESS_2026May13.csv,2026-05-13,2026-05-13T15:28:42.873928+00:00,RUN-REAL-ESS-20260513-002
FBIO,Fortress Biotech Inc,Common Stock,UNKNOWN,75070000,MICRO,STARMINE_COVERED,BEARISH,FIDELITY,SecurityExtract_ESS_2026May13.csv,2026-05-13,2026-05-13T15:28:42.873928+00:00,RUN-REAL-ESS-20260513-002
FWRD,Forward Air Corp,Common Stock,UNKNOWN,290480000,MICRO,STARMINE_COVERED,BEARISH,FIDELITY,SecurityExtract_ESS_2026May13.csv,2026-05-13,2026-05-13T15:28:42.873928+00:00,RUN-REAL-ESS-20260513-002
FOXF,Fox Factory Holding Corp,Common Stock,UNKNOWN,705780000,MICRO,STARMINE_COVERED,VERY_BEARISH,FIDELITY,SecurityExtract_ESS_2026May13.csv,2026-05-13,2026-05-13T15:28:42.873928+00:00,RUN-REAL-ESS-20260513-002
FEIM,Frequency Electronics Inc.,Common Stock,UNKNOWN,593470000,MICRO,STARMINE_COVERED,VERY_BEARISH,FIDELITY,SecurityExtract_ESS_2026May13.csv,2026-05-13,2026-05-13T15:28:42.873928+00:00,RUN-REAL-ESS-20260513-002
FRPT,Freshpet Inc,Common Stock,UNKNOWN,2520000000,MICRO,STARMINE_COVERED,BEARISH,FIDELITY,SecurityExtract_ESS_2026May13.csv,2026-05-13,2026-05-13T15:28:42.873928+00:00,RUN-REAL-ESS-20260513-002
FLGT,Fulgent Genetics Inc,Common Stock,UNKNOWN,448740000,MICRO,STARMINE_COVERED,VERY_BEARISH,FIDELITY,SecurityExtract_ESS_2026May13.csv,2026-05-13,2026-05-13T15:28:42.873928+00:00,RUN-REAL-ESS-20260513-002
FF,FutureFuel Corp,Common Stock,UNKNOWN,178530000,MICRO,STARMINE_COVERED,VERY_BEARISH,FIDELITY,SecurityExtract_ESS_2026May13.csv,2026-05-13,2026-05-13T15:28:42.873928+00:00,RUN-REAL-ESS-20260513-002
GIII,G III Apparel Group Ltd,Common Stock,UNKNOWN,1250000000,MICRO,STARMINE_COVERED,VERY_BEARISH,FIDELITY,SecurityExtract_ESS_2026May13.csv,2026-05-13,2026-05-13T15:28:42.873928+00:00,RUN-REAL-ESS-20260513-002
GIS,General Mills Inc.,Common Stock,UNKNOWN,18210000000,MID,STARMINE_COVERED,VERY_BEARISH,FIDELITY,SecurityExtract_ESS_2026May13.csv,2026-05-13,2026-05-13T15:28:42.873928+00:00,RUN-REAL-ESS-20260513-002
GPC,Genuine Parts Co,Common Stock,UNKNOWN,13860000000,SMALL,STARMINE_COVERED,VERY_BEARISH,FIDELITY,SecurityExtract_ESS_2026May13.csv,2026-05-13,2026-05-13T15:28:42.873928+00:00,RUN-REAL-ESS-20260513-002
GNW,Genworth Financial Inc,Common Stock,UNKNOWN,3480000000,MICRO,STARMINE_COVERED,VERY_BEARISH,FIDELITY,SecurityExtract_ESS_2026May13.csv,2026-05-13,2026-05-13T15:28:42.873928+00:00,RUN-REAL-ESS-20260513-002
GABC,German American Bancorp Inc,Common Stock,UNKNOWN,1600000000,MICRO,STARMINE_COVERED,BEARISH,FIDELITY,SecurityExtract_ESS_2026May13.csv,2026-05-13,2026-05-13T15:28:42.873928+00:00,RUN-REAL-ESS-20260513-002
GERN,Geron Corp,Common Stock,UNKNOWN,898130000,MICRO,STARMINE_COVERED,BEARISH,FIDELITY,SecurityExtract_ESS_2026May13.csv,2026-05-13,2026-05-13T15:28:42.873928+00:00,RUN-REAL-ESS-20260513-002
GTY,Getty Realty Corp.,Common Stock (REIT),UNKNOWN,1990000000,MICRO,STARMINE_COVERED,VERY_BEARISH,FIDELITY,SecurityExtract_ESS_2026May13.csv,2026-05-13,2026-05-13T15:28:42.873928+00:00,RUN-REAL-ESS-20260513-002
GILT,Gilat Satellite Networks Ltd,Common Stock,UNKNOWN,1500000000,MICRO,STARMINE_COVERED,BEARISH,FIDELITY,SecurityExtract_ESS_2026May13.csv,2026-05-13,2026-05-13T15:28:42.873928+00:00,RUN-REAL-ESS-20260513-002
GIL,Gildan Activewear Inc,Common Stock,UNKNOWN,10580000000,SMALL,STARMINE_COVERED,BEARISH,FIDELITY,SecurityExtract_ESS_2026May13.csv,2026-05-13,2026-05-13T15:28:42.873928+00:00,RUN-REAL-ESS-20260513-002
GBCI,Glacier Bancorp Inc,Common Stock,UNKNOWN,6070000000,SMALL,STARMINE_COVERED,VERY_BEARISH,FIDELITY,SecurityExtract_ESS_2026May13.csv,2026-05-13,2026-05-13T15:28:42.873928+00:00,RUN-REAL-ESS-20260513-002
GKOS,Glaukos Corp,Common Stock,UNKNOWN,8010000000,SMALL,STARMINE_COVERED,BEARISH,FIDELITY,SecurityExtract_ESS_2026May13.csv,2026-05-13,2026-05-13T15:28:42.873928+00:00,RUN-REAL-ESS-20260513-002
GWRS,Global Water Resources Inc,Common Stock,UNKNOWN,200490000,MICRO,STARMINE_COVERED,VERY_BEARISH,FIDELITY,SecurityExtract_ESS_2026May13.csv,2026-05-13,2026-05-13T15:28:42.873928+00:00,RUN-REAL-ESS-20260513-002
GSAT,Globalstar Inc,Common Stock,UNKNOWN,10650000000,SMALL,STARMINE_COVERED,BEARISH,FIDELITY,SecurityExtract_ESS_2026May13.csv,2026-05-13,2026-05-13T15:28:42.873928+00:00,RUN-REAL-ESS-20260513-002
GLOB,Globant SA,Common Stock,UNKNOWN,1540000000,MICRO,STARMINE_COVERED,BEARISH,FIDELITY,SecurityExtract_ESS_2026May13.csv,2026-05-13,2026-05-13T15:28:42.873928+00:00,RUN-REAL-ESS-20260513-002
GOGO,Gogo Inc,Common Stock,UNKNOWN,566650000,MICRO,STARMINE_COVERED,BEARISH,FIDELITY,SecurityExtract_ESS_2026May13.csv,2026-05-13,2026-05-13T15:28:42.873928+00:00,RUN-REAL-ESS-20260513-002
GFI,Gold Fields Ltd,Depository Receipt,UNKNOWN,40540000000,MID,STARMINE_COVERED,VERY_BEARISH,FIDELITY,SecurityExtract_ESS_2026May13.csv,2026-05-13,2026-05-13T15:28:42.873928+00:00,RUN-REAL-ESS-20260513-002
GT,Goodyear Tire & Rubber Co,Common Stock,UNKNOWN,1680000000,MICRO,STARMINE_COVERED,VERY_BEARISH,FIDELITY,SecurityExtract_ESS_2026May13.csv,2026-05-13,2026-05-13T15:28:42.873928+00:00,RUN-REAL-ESS-20260513-002
GPK,Graphic Packaging Holding Co,Common Stock,UNKNOWN,2990000000,MICRO,STARMINE_COVERED,VERY_BEARISH,FIDELITY,SecurityExtract_ESS_2026May13.csv,2026-05-13,2026-05-13T15:28:42.873928+00:00,RUN-REAL-ESS-20260513-002
GBX,Greenbrier Cos Inc (The),Common Stock,UNKNOWN,1550000000,MICRO,STARMINE_COVERED,BEARISH,FIDELITY,SecurityExtract_ESS_2026May13.csv,2026-05-13,2026-05-13T15:28:42.873928+00:00,RUN-REAL-ESS-20260513-002
GEF,Greif Inc.,Common Stock,UNKNOWN,1620000000,MICRO,STARMINE_COVERED,BEARISH,FIDELITY,SecurityExtract_ESS_2026May13.csv,2026-05-13,2026-05-13T15:28:42.873928+00:00,RUN-REAL-ESS-20260513-002
GDYN,Grid Dynamics Holdings Inc,Common Stock,UNKNOWN,556950000,MICRO,STARMINE_COVERED,BEARISH,FIDELITY,SecurityExtract_ESS_2026May13.csv,2026-05-13,2026-05-13T15:28:42.873928+00:00,RUN-REAL-ESS-20260513-002
GO,Grocery Outlet Holding Corp,Common Stock,UNKNOWN,787430000,MICRO,STARMINE_COVERED,VERY_BEARISH,FIDELITY,SecurityExtract_ESS_2026May13.csv,2026-05-13,2026-05-13T15:28:42.873928+00:00,RUN-REAL-ESS-20260513-002
GRWG,GrowGeneration Corp,Common Stock,UNKNOWN,82320000,MICRO,STARMINE_COVERED,BEARISH,FIDELITY,SecurityExtract_ESS_2026May13.csv,2026-05-13,2026-05-13T15:28:42.873928+00:00,RUN-REAL-ESS-20260513-002
GH,Guardant Health Inc,Common Stock,UNKNOWN,13250000000,SMALL,STARMINE_COVERED,VERY_BEARISH,FIDELITY,SecurityExtract_ESS_2026May13.csv,2026-05-13,2026-05-13T15:28:42.873928+00:00,RUN-REAL-ESS-20260513-002
GWRE,Guidewire Software Inc,Common Stock,UNKNOWN,11120000000,SMALL,STARMINE_COVERED,BEARISH,FIDELITY,SecurityExtract_ESS_2026May13.csv,2026-05-13,2026-05-13T15:28:42.873928+00:00,RUN-REAL-ESS-20260513-002
HLIT,Harmonic Inc,Common Stock,UNKNOWN,1400000000,MICRO,STARMINE_COVERED,VERY_BEARISH,FIDELITY,SecurityExtract_ESS_2026May13.csv,2026-05-13,2026-05-13T15:28:42.873928+00:00,RUN-REAL-ESS-20260513-002
HEI,HEICO Corp,Common Stock,UNKNOWN,15860000000,MID,STARMINE_COVERED,BEARISH,FIDELITY,SecurityExtract_ESS_2026May13.csv,2026-05-13,2026-05-13T15:28:42.873928+00:00,RUN-REAL-ESS-20260513-002
HFWA,Heritage Financial Corp,Common Stock,UNKNOWN,1100000000,MICRO,STARMINE_COVERED,VERY_BEARISH,FIDELITY,SecurityExtract_ESS_2026May13.csv,2026-05-13,2026-05-13T15:28:42.873928+00:00,RUN-REAL-ESS-20260513-002
HSY,Hershey Co (The),Common Stock,UNKNOWN,38930000000,MID,STARMINE_COVERED,VERY_BEARISH,FIDELITY,SecurityExtract_ESS_2026May13.csv,2026-05-13,2026-05-13T15:28:42.873928+00:00,RUN-REAL-ESS-20260513-002
HTZ,Hertz Global Holdings Inc,Common Stock,UNKNOWN,1820000000,MICRO,STARMINE_COVERED,VERY_BEARISH,FIDELITY,SecurityExtract_ESS_2026May13.csv,2026-05-13,2026-05-13T15:28:42.873928+00:00,RUN-REAL-ESS-20260513-002
HIMS,Hims & Hers Health Inc,Common Stock,UNKNOWN,5790000000,SMALL,STARMINE_COVERED,BEARISH,FIDELITY,SecurityExtract_ESS_2026May13.csv,2026-05-13,2026-05-13T15:28:42.873928+00:00,RUN-REAL-ESS-20260513-002
HNI,HNI Corp,Common Stock,UNKNOWN,2280000000,MICRO,STARMINE_COVERED,VERY_BEARISH,FIDELITY,SecurityExtract_ESS_2026May13.csv,2026-05-13,2026-05-13T15:28:42.873928+00:00,RUN-REAL-ESS-20260513-002
HOV,Hovnanian Enterprises Inc.,Common Stock,UNKNOWN,533340000,MICRO,STARMINE_COVERED,VERY_BEARISH,FIDELITY,SecurityExtract_ESS_2026May13.csv,2026-05-13,2026-05-13T15:28:42.873928+00:00,RUN-REAL-ESS-20260513-002
HUBS,HubSpot Inc,Common Stock,UNKNOWN,9200000000,SMALL,STARMINE_COVERED,VERY_BEARISH,FIDELITY,SecurityExtract_ESS_2026May13.csv,2026-05-13,2026-05-13T15:28:42.873928+00:00,RUN-REAL-ESS-20260513-002
HUM,Humana Inc.,Common Stock,UNKNOWN,35460000000,MID,STARMINE_COVERED,VERY_BEARISH,FIDELITY,SecurityExtract_ESS_2026May13.csv,2026-05-13,2026-05-13T15:28:42.873928+00:00,RUN-REAL-ESS-20260513-002
HII,Huntington Ingalls Industries Inc,Common Stock,UNKNOWN,13140000000,SMALL,STARMINE_COVERED,BEARISH,FIDELITY,SecurityExtract_ESS_2026May13.csv,2026-05-13,2026-05-13T15:28:42.873928+00:00,RUN-REAL-ESS-20260513-002
IAC,IAC Inc,Common Stock,UNKNOWN,3020000000,MICRO,STARMINE_COVERED,VERY_BEARISH,FIDELITY,SecurityExtract_ESS_2026May13.csv,2026-05-13,2026-05-13T15:28:42.873928+00:00,RUN-REAL-ESS-20260513-002
IBN,ICICI Bank Ltd,Depository Receipt,UNKNOWN,92410000000,LARGE,STARMINE_COVERED,VERY_BEARISH,FIDELITY,SecurityExtract_ESS_2026May13.csv,2026-05-13,2026-05-13T15:28:42.873928+00:00,RUN-REAL-ESS-20260513-002
IDA,IDACORP Inc.,Common Stock,UNKNOWN,7960000000,SMALL,STARMINE_COVERED,BEARISH,FIDELITY,SecurityExtract_ESS_2026May13.csv,2026-05-13,2026-05-13T15:28:42.873928+00:00,RUN-REAL-ESS-20260513-002
INVE,Identiv Inc,Common Stock,UNKNOWN,115690000,MICRO,STARMINE_COVERED,BEARISH,FIDELITY,SecurityExtract_ESS_2026May13.csv,2026-05-13,2026-05-13T15:28:42.873928+00:00,RUN-REAL-ESS-20260513-002
IHRT,iHeartMedia Inc,Common Stock,UNKNOWN,733090000,MICRO,STARMINE_COVERED,VERY_BEARISH,FIDELITY,SecurityExtract_ESS_2026May13.csv,2026-05-13,2026-05-13T15:28:42.873928+00:00,RUN-REAL-ESS-20260513-002
IMAX,IMAX Corp,Common Stock,UNKNOWN,1870000000,MICRO,STARMINE_COVERED,VERY_BEARISH,FIDELITY,SecurityExtract_ESS_2026May13.csv,2026-05-13,2026-05-13T15:28:42.873928+00:00,RUN-REAL-ESS-20260513-002
IMMR,Immersion Corp,Common Stock,UNKNOWN,210190000,MICRO,STARMINE_COVERED,VERY_BEARISH,FIDELITY,SecurityExtract_ESS_2026May13.csv,2026-05-13,2026-05-13T15:28:42.873928+00:00,RUN-REAL-ESS-20260513-002
IBRX,ImmunityBio Inc,Common Stock,UNKNOWN,8500000000,SMALL,STARMINE_COVERED,VERY_BEARISH,FIDELITY,SecurityExtract_ESS_2026May13.csv,2026-05-13,2026-05-13T15:28:42.873928+00:00,RUN-REAL-ESS-20260513-002
INFY,Infosys Ltd,Depository Receipt,UNKNOWN,48760000000,MID,STARMINE_COVERED,BEARISH,FIDELITY,SecurityExtract_ESS_2026May13.csv,2026-05-13,2026-05-13T15:28:42.873928+00:00,RUN-REAL-ESS-20260513-002
IR,Ingersoll Rand Inc,Common Stock,UNKNOWN,28650000000,MID,STARMINE_COVERED,BEARISH,FIDELITY,SecurityExtract_ESS_2026May13.csv,2026-05-13,2026-05-13T15:28:42.873928+00:00,RUN-REAL-ESS-20260513-002
INVX,Innovex International Inc,Common Stock,UNKNOWN,1880000000,MICRO,STARMINE_COVERED,VERY_BEARISH,FIDELITY,SecurityExtract_ESS_2026May13.csv,2026-05-13,2026-05-13T15:28:42.873928+00:00,RUN-REAL-ESS-20260513-002
INSM,Insmed Inc,Common Stock,UNKNOWN,25140000000,MID,STARMINE_COVERED,VERY_BEARISH,FIDELITY,SecurityExtract_ESS_2026May13.csv,2026-05-13,2026-05-13T15:28:42.873928+00:00,RUN-REAL-ESS-20260513-002
IART,Integra LifeSciences Holdings Corp,Common Stock,UNKNOWN,1070000000,MICRO,STARMINE_COVERED,BEARISH,FIDELITY,SecurityExtract_ESS_2026May13.csv,2026-05-13,2026-05-13T15:28:42.873928+00:00,RUN-REAL-ESS-20260513-002
NTLA,Intellia Therapeutics Inc,Common Stock,UNKNOWN,1950000000,MICRO,STARMINE_COVERED,BEARISH,FIDELITY,SecurityExtract_ESS_2026May13.csv,2026-05-13,2026-05-13T15:28:42.873928+00:00,RUN-REAL-ESS-20260513-002
IP,International Paper Company,Common Stock,UNKNOWN,17410000000,MID,STARMINE_COVERED,BEARISH,FIDELITY,SecurityExtract_ESS_2026May13.csv,2026-05-13,2026-05-13T15:28:42.873928+00:00,RUN-REAL-ESS-20260513-002
INTU,Intuit Inc.,Common Stock,UNKNOWN,107230000000,LARGE,STARMINE_COVERED,VERY_BEARISH,FIDELITY,SecurityExtract_ESS_2026May13.csv,2026-05-13,2026-05-13T15:28:42.873928+00:00,RUN-REAL-ESS-20260513-002
IONS,Ionis Pharmaceuticals Inc,Common Stock,UNKNOWN,12530000000,SMALL,STARMINE_COVERED,VERY_BEARISH,FIDELITY,SecurityExtract_ESS_2026May13.csv,2026-05-13,2026-05-13T15:28:42.873928+00:00,RUN-REAL-ESS-20260513-002
IPGP,IPG Photonics Corp,Common Stock,UNKNOWN,4360000000,SMALL,STARMINE_COVERED,VERY_BEARISH,FIDELITY,SecurityExtract_ESS_2026May13.csv,2026-05-13,2026-05-13T15:28:42.873928+00:00,RUN-REAL-ESS-20260513-002
IQ,iQIYI Inc,Depository Receipt,UNKNOWN,1110000000,MICRO,STARMINE_COVERED,VERY_BEARISH,FIDELITY,SecurityExtract_ESS_2026May13.csv,2026-05-13,2026-05-13T15:28:42.873928+00:00,RUN-REAL-ESS-20260513-002
IRTC,iRhythm Holdings Inc,Common Stock,UNKNOWN,3890000000,SMALL,STARMINE_COVERED,VERY_BEARISH,FIDELITY,SecurityExtract_ESS_2026May13.csv,2026-05-13,2026-05-13T15:28:42.873928+00:00,RUN-REAL-ESS-20260513-002
JBTM,JBT Marel Corporation,Common Stock,UNKNOWN,6730000000,SMALL,STARMINE_COVERED,BEARISH,FIDELITY,SecurityExtract_ESS_2026May13.csv,2026-05-13,2026-05-13T15:28:42.873928+00:00,RUN-REAL-ESS-20260513-002
JEF,Jefferies Financial Group Inc,Common Stock,UNKNOWN,10730000000,SMALL,STARMINE_COVERED,BEARISH,FIDELITY,SecurityExtract_ESS_2026May13.csv,2026-05-13,2026-05-13T15:28:42.873928+00:00,RUN-REAL-ESS-20260513-002
JELD,JELD-WEN Holding Inc,Common Stock,UNKNOWN,135260000,MICRO,STARMINE_COVERED,VERY_BEARISH,FIDELITY,SecurityExtract_ESS_2026May13.csv,2026-05-13,2026-05-13T15:28:42.873928+00:00,RUN-REAL-ESS-20260513-002
JOBY,Joby Aviation Inc,Common Stock,UNKNOWN,10320000000,SMALL,STARMINE_COVERED,BEARISH,FIDELITY,SecurityExtract_ESS_2026May13.csv,2026-05-13,2026-05-13T15:28:42.873928+00:00,RUN-REAL-ESS-20260513-002
DERM,Journey Medical Corp,Common Stock,UNKNOWN,106940000,MICRO,STARMINE_COVERED,BEARISH,FIDELITY,SecurityExtract_ESS_2026May13.csv,2026-05-13,2026-05-13T15:28:42.873928+00:00,RUN-REAL-ESS-20260513-002
JPM,JPMorgan Chase & Co,Common Stock,UNKNOWN,816930000000,MEGA,STARMINE_COVERED,BEARISH,FIDELITY,SecurityExtract_ESS_2026May13.csv,2026-05-13,2026-05-13T15:28:42.873928+00:00,RUN-REAL-ESS-20260513-002
KALV,KalVista Pharmaceuticals Inc,Common Stock,UNKNOWN,1420000000,MICRO,STARMINE_COVERED,BEARISH,FIDELITY,SecurityExtract_ESS_2026May13.csv,2026-05-13,2026-05-13T15:28:42.873928+00:00,RUN-REAL-ESS-20260513-002
KBH,KB Home,Common Stock,UNKNOWN,2940000000,MICRO,STARMINE_COVERED,VERY_BEARISH,FIDELITY,SecurityExtract_ESS_2026May13.csv,2026-05-13,2026-05-13T15:28:42.873928+00:00,RUN-REAL-ESS-20260513-002
KMPR,Kemper Corp,Common Stock,UNKNOWN,1810000000,MICRO,STARMINE_COVERED,VERY_BEARISH,FIDELITY,SecurityExtract_ESS_2026May13.csv,2026-05-13,2026-05-13T15:28:42.873928+00:00,RUN-REAL-ESS-20260513-002
KW,Kennedy-Wilson Holdings Inc,Common Stock,UNKNOWN,1530000000,MICRO,STARMINE_COVERED,VERY_BEARISH,FIDELITY,SecurityExtract_ESS_2026May13.csv,2026-05-13,2026-05-13T15:28:42.873928+00:00,RUN-REAL-ESS-20260513-002
KREF,KKR Real Estate Finance Trust Inc,Common Stock,UNKNOWN,411520000,MICRO,STARMINE_COVERED,BEARISH,FIDELITY,SecurityExtract_ESS_2026May13.csv,2026-05-13,2026-05-13T15:28:42.873928+00:00,RUN-REAL-ESS-20260513-002
KNF,Knife River Corp,Common Stock,UNKNOWN,4680000000,SMALL,STARMINE_COVERED,VERY_BEARISH,FIDELITY,SecurityExtract_ESS_2026May13.csv,2026-05-13,2026-05-13T15:28:42.873928+00:00,RUN-REAL-ESS-20260513-002
KRMD,KORU Medical Systems Inc,Common Stock,UNKNOWN,183730000,MICRO,STARMINE_COVERED,BEARISH,FIDELITY,SecurityExtract_ESS_2026May13.csv,2026-05-13,2026-05-13T15:28:42.873928+00:00,RUN-REAL-ESS-20260513-002
KTOS,Kratos Defense & Security Solutions Inc,Common Stock,UNKNOWN,10750000000,SMALL,STARMINE_COVERED,VERY_BEARISH,FIDELITY,SecurityExtract_ESS_2026May13.csv,2026-05-13,2026-05-13T15:28:42.873928+00:00,RUN-REAL-ESS-20260513-002
KLIC,Kulicke and Soffa Industries Inc,Common Stock,UNKNOWN,5130000000,SMALL,STARMINE_COVERED,BEARISH,FIDELITY,SecurityExtract_ESS_2026May13.csv,2026-05-13,2026-05-13T15:28:42.873928+00:00,RUN-REAL-ESS-20260513-002
KULR,KULR Technology Group Inc,Common Stock,UNKNOWN,147500000,MICRO,STARMINE_COVERED,BEARISH,FIDELITY,SecurityExtract_ESS_2026May13.csv,2026-05-13,2026-05-13T15:28:42.873928+00:00,RUN-REAL-ESS-20260513-002
KURA,Kura Oncology Inc,Common Stock,UNKNOWN,859230000,MICRO,STARMINE_COVERED,VERY_BEARISH,FIDELITY,SecurityExtract_ESS_2026May13.csv,2026-05-13,2026-05-13T15:28:42.873928+00:00,RUN-REAL-ESS-20260513-002
KRUS,Kura Sushi USA Inc,Common Stock,UNKNOWN,640560000,MICRO,STARMINE_COVERED,VERY_BEARISH,FIDELITY,SecurityExtract_ESS_2026May13.csv,2026-05-13,2026-05-13T15:28:42.873928+00:00,RUN-REAL-ESS-20260513-002
KD,Kyndryl Holdings Inc,Common Stock,UNKNOWN,2590000000,MICRO,STARMINE_COVERED,VERY_BEARISH,FIDELITY,SecurityExtract_ESS_2026May13.csv,2026-05-13,2026-05-13T15:28:42.873928+00:00,RUN-REAL-ESS-20260513-002
LKFN,Lakeland Financial Corp,Common Stock,UNKNOWN,1490000000,MICRO,STARMINE_COVERED,BEARISH,FIDELITY,SecurityExtract_ESS_2026May13.csv,2026-05-13,2026-05-13T15:28:42.873928+00:00,RUN-REAL-ESS-20260513-002
LB,LandBridge Co LLC,Common Stock,UNKNOWN,5240000000,SMALL,STARMINE_COVERED,VERY_BEARISH,FIDELITY,SecurityExtract_ESS_2026May13.csv,2026-05-13,2026-05-13T15:28:42.873928+00:00,RUN-REAL-ESS-20260513-002
LAZ,Lazard Inc,Common Stock,UNKNOWN,4540000000,SMALL,STARMINE_COVERED,BEARISH,FIDELITY,SecurityExtract_ESS_2026May13.csv,2026-05-13,2026-05-13T15:28:42.873928+00:00,RUN-REAL-ESS-20260513-002
LZ,LegalZoom.com Inc,Common Stock,UNKNOWN,1060000000,MICRO,STARMINE_COVERED,VERY_BEARISH,FIDELITY,SecurityExtract_ESS_2026May13.csv,2026-05-13,2026-05-13T15:28:42.873928+00:00,RUN-REAL-ESS-20260513-002
LMND,Lemonade Inc,Common Stock,UNKNOWN,4240000000,SMALL,STARMINE_COVERED,VERY_BEARISH,FIDELITY,SecurityExtract_ESS_2026May13.csv,2026-05-13,2026-05-13T15:28:42.873928+00:00,RUN-REAL-ESS-20260513-002
LEN,Lennar Corp,Common Stock,UNKNOWN,18480000000,MID,STARMINE_COVERED,BEARISH,FIDELITY,SecurityExtract_ESS_2026May13.csv,2026-05-13,2026-05-13T15:28:42.873928+00:00,RUN-REAL-ESS-20260513-002
LGIH,LGI Homes Inc,Common Stock,UNKNOWN,1060000000,MICRO,STARMINE_COVERED,BEARISH,FIDELITY,SecurityExtract_ESS_2026May13.csv,2026-05-13,2026-05-13T15:28:42.873928+00:00,RUN-REAL-ESS-20260513-002
LMNR,Limoneira Co,Common Stock,UNKNOWN,234670000,MICRO,STARMINE_COVERED,VERY_BEARISH,FIDELITY,SecurityExtract_ESS_2026May13.csv,2026-05-13,2026-05-13T15:28:42.873928+00:00,RUN-REAL-ESS-20260513-002
LYV,Live Nation Entertainment Inc,Common Stock,UNKNOWN,38550000000,MID,STARMINE_COVERED,VERY_BEARISH,FIDELITY,SecurityExtract_ESS_2026May13.csv,2026-05-13,2026-05-13T15:28:42.873928+00:00,RUN-REAL-ESS-20260513-002
LOB,Live Oak Bancshares Inc,Common Stock,UNKNOWN,1690000000,MICRO,STARMINE_COVERED,VERY_BEARISH,FIDELITY,SecurityExtract_ESS_2026May13.csv,2026-05-13,2026-05-13T15:28:42.873928+00:00,RUN-REAL-ESS-20260513-002
LOOP,Loop Industries Inc,Common Stock,UNKNOWN,69120000,MICRO,STARMINE_COVERED,VERY_BEARISH,FIDELITY,SecurityExtract_ESS_2026May13.csv,2026-05-13,2026-05-13T15:28:42.873928+00:00,RUN-REAL-ESS-20260513-002
LPX,Louisiana-Pacific Corp,Common Stock,UNKNOWN,5010000000,SMALL,STARMINE_COVERED,VERY_BEARISH,FIDELITY,SecurityExtract_ESS_2026May13.csv,2026-05-13,2026-05-13T15:28:42.873928+00:00,RUN-REAL-ESS-20260513-002
LCID,Lucid Group Inc,Common Stock,UNKNOWN,2350000000,MICRO,STARMINE_COVERED,VERY_BEARISH,FIDELITY,SecurityExtract_ESS_2026May13.csv,2026-05-13,2026-05-13T15:28:42.873928+00:00,RUN-REAL-ESS-20260513-002
MHO,M/I Homes Inc,Common Stock,UNKNOWN,3280000000,MICRO,STARMINE_COVERED,BEARISH,FIDELITY,SecurityExtract_ESS_2026May13.csv,2026-05-13,2026-05-13T15:28:42.873928+00:00,RUN-REAL-ESS-20260513-002
MSGS,Madison Square Garden Sports Corp,Common Stock,UNKNOWN,8090000000,SMALL,STARMINE_COVERED,VERY_BEARISH,FIDELITY,SecurityExtract_ESS_2026May13.csv,2026-05-13,2026-05-13T15:28:42.873928+00:00,RUN-REAL-ESS-20260513-002
MDGL,Madrigal Pharmaceuticals Inc,Common Stock,UNKNOWN,11760000000,SMALL,STARMINE_COVERED,BEARISH,FIDELITY,SecurityExtract_ESS_2026May13.csv,2026-05-13,2026-05-13T15:28:42.873928+00:00,RUN-REAL-ESS-20260513-002
MGNI,Magnite Inc,Common Stock,UNKNOWN,1980000000,MICRO,STARMINE_COVERED,BEARISH,FIDELITY,SecurityExtract_ESS_2026May13.csv,2026-05-13,2026-05-13T15:28:42.873928+00:00,RUN-REAL-ESS-20260513-002
MMYT,MakeMyTrip Ltd,Common Stock,UNKNOWN,4280000000,SMALL,STARMINE_COVERED,BEARISH,FIDELITY,SecurityExtract_ESS_2026May13.csv,2026-05-13,2026-05-13T15:28:42.873928+00:00,RUN-REAL-ESS-20260513-002
MAMA,Mama's Creations Inc,Common Stock (REIT),UNKNOWN,548460000,MICRO,STARMINE_COVERED,BEARISH,FIDELITY,SecurityExtract_ESS_2026May13.csv,2026-05-13,2026-05-13T15:28:42.873928+00:00,RUN-REAL-ESS-20260513-002
MCHX,Marchex Inc,Common Stock,UNKNOWN,70430000,MICRO,STARMINE_COVERED,BEARISH,FIDELITY,SecurityExtract_ESS_2026May13.csv,2026-05-13,2026-05-13T15:28:42.873928+00:00,RUN-REAL-ESS-20260513-002
MMI,Marcus & Millichap Inc,Common Stock,UNKNOWN,1140000000,MICRO,STARMINE_COVERED,VERY_BEARISH,FIDELITY,SecurityExtract_ESS_2026May13.csv,2026-05-13,2026-05-13T15:28:42.873928+00:00,RUN-REAL-ESS-20260513-002
HZO,MarineMax Inc,Common Stock,UNKNOWN,720540000,MICRO,STARMINE_COVERED,BEARISH,FIDELITY,SecurityExtract_ESS_2026May13.csv,2026-05-13,2026-05-13T15:28:42.873928+00:00,RUN-REAL-ESS-20260513-002
MLM,Martin Marietta Materials Inc,Common Stock,UNKNOWN,34900000000,MID,STARMINE_COVERED,BEARISH,FIDELITY,SecurityExtract_ESS_2026May13.csv,2026-05-13,2026-05-13T15:28:42.873928+00:00,RUN-REAL-ESS-20260513-002
MKC,McCormick & Co Inc,Common Stock,UNKNOWN,11890000000,SMALL,STARMINE_COVERED,BEARISH,FIDELITY,SecurityExtract_ESS_2026May13.csv,2026-05-13,2026-05-13T15:28:42.873928+00:00,RUN-REAL-ESS-20260513-002
MUX,McEwen Inc,Common Stock,UNKNOWN,1560000000,MICRO,STARMINE_COVERED,VERY_BEARISH,FIDELITY,SecurityExtract_ESS_2026May13.csv,2026-05-13,2026-05-13T15:28:42.873928+00:00,RUN-REAL-ESS-20260513-002
MDWD,MediWound Ltd,Common Stock,UNKNOWN,207300000,MICRO,STARMINE_COVERED,VERY_BEARISH,FIDELITY,SecurityExtract_ESS_2026May13.csv,2026-05-13,2026-05-13T15:28:42.873928+00:00,RUN-REAL-ESS-20260513-002
MELI,MercadoLibre Inc,Common Stock,UNKNOWN,80040000000,MID,STARMINE_COVERED,BEARISH,FIDELITY,SecurityExtract_ESS_2026May13.csv,2026-05-13,2026-05-13T15:28:42.873928+00:00,RUN-REAL-ESS-20260513-002
MIDD,Middleby Corp (The),Common Stock,UNKNOWN,7040000000,SMALL,STARMINE_COVERED,BEARISH,FIDELITY,SecurityExtract_ESS_2026May13.csv,2026-05-13,2026-05-13T15:28:42.873928+00:00,RUN-REAL-ESS-20260513-002
MSEX,Middlesex Water Co,Common Stock,UNKNOWN,967140000,MICRO,STARMINE_COVERED,VERY_BEARISH,FIDELITY,SecurityExtract_ESS_2026May13.csv,2026-05-13,2026-05-13T15:28:42.873928+00:00,RUN-REAL-ESS-20260513-002
MLKN,MillerKnoll Inc,Common Stock,UNKNOWN,1030000000,MICRO,STARMINE_COVERED,VERY_BEARISH,FIDELITY,SecurityExtract_ESS_2026May13.csv,2026-05-13,2026-05-13T15:28:42.873928+00:00,RUN-REAL-ESS-20260513-002
MIR,Mirion Technologies Inc,Common Stock,UNKNOWN,4750000000,SMALL,STARMINE_COVERED,BEARISH,FIDELITY,SecurityExtract_ESS_2026May13.csv,2026-05-13,2026-05-13T15:28:42.873928+00:00,RUN-REAL-ESS-20260513-002
MOD,Modine Manufacturing Co,Common Stock,UNKNOWN,14570000000,MID,STARMINE_COVERED,BEARISH,FIDELITY,SecurityExtract_ESS_2026May13.csv,2026-05-13,2026-05-13T15:28:42.873928+00:00,RUN-REAL-ESS-20260513-002
MHK,Mohawk Industries Inc.,Common Stock,UNKNOWN,6060000000,SMALL,STARMINE_COVERED,VERY_BEARISH,FIDELITY,SecurityExtract_ESS_2026May13.csv,2026-05-13,2026-05-13T15:28:42.873928+00:00,RUN-REAL-ESS-20260513-002
MOH,Molina Healthcare Inc.,Common Stock,UNKNOWN,9980000000,SMALL,STARMINE_COVERED,BEARISH,FIDELITY,SecurityExtract_ESS_2026May13.csv,2026-05-13,2026-05-13T15:28:42.873928+00:00,RUN-REAL-ESS-20260513-002
MDB,MongoDB Inc,Common Stock,UNKNOWN,24810000000,MID,STARMINE_COVERED,VERY_BEARISH,FIDELITY,SecurityExtract_ESS_2026May13.csv,2026-05-13,2026-05-13T15:28:42.873928+00:00,RUN-REAL-ESS-20260513-002
MOS,Mosaic Company (The),Common Stock,UNKNOWN,7120000000,SMALL,STARMINE_COVERED,VERY_BEARISH,FIDELITY,SecurityExtract_ESS_2026May13.csv,2026-05-13,2026-05-13T15:28:42.873928+00:00,RUN-REAL-ESS-20260513-002
MPLX,MPLX LP,Unit Trust Fund,UNKNOWN,55190000000,MID,STARMINE_COVERED,VERY_BEARISH,FIDELITY,SecurityExtract_ESS_2026May13.csv,2026-05-13,2026-05-13T15:28:42.873928+00:00,RUN-REAL-ESS-20260513-002
MSA,MSA Safety Inc,Common Stock,UNKNOWN,6550000000,SMALL,STARMINE_COVERED,BEARISH,FIDELITY,SecurityExtract_ESS_2026May13.csv,2026-05-13,2026-05-13T15:28:42.873928+00:00,RUN-REAL-ESS-20260513-002
MVBF,MVB Financial Corp,Common Stock,UNKNOWN,328450000,MICRO,STARMINE_COVERED,BEARISH,FIDELITY,SecurityExtract_ESS_2026May13.csv,2026-05-13,2026-05-13T15:28:42.873928+00:00,RUN-REAL-ESS-20260513-002
NABL,N-able Inc,Common Stock,UNKNOWN,736560000,MICRO,STARMINE_COVERED,BEARISH,FIDELITY,SecurityExtract_ESS_2026May13.csv,2026-05-13,2026-05-13T15:28:42.873928+00:00,RUN-REAL-ESS-20260513-002
NBHC,National Bank Holdings Corp,Common Stock,UNKNOWN,1860000000,MICRO,STARMINE_COVERED,BEARISH,FIDELITY,SecurityExtract_ESS_2026May13.csv,2026-05-13,2026-05-13T15:28:42.873928+00:00,RUN-REAL-ESS-20260513-002
NPK,National Presto Industries Inc.,Common Stock,UNKNOWN,973090000,MICRO,STARMINE_COVERED,VERY_BEARISH,FIDELITY,SecurityExtract_ESS_2026May13.csv,2026-05-13,2026-05-13T15:28:42.873928+00:00,RUN-REAL-ESS-20260513-002
NGS,Natural Gas Services Group Inc.,Common Stock,UNKNOWN,535420000,MICRO,STARMINE_COVERED,VERY_BEARISH,FIDELITY,SecurityExtract_ESS_2026May13.csv,2026-05-13,2026-05-13T15:28:42.873928+00:00,RUN-REAL-ESS-20260513-002
NAVI,Navient Corporation,Common Stock,UNKNOWN,781990000,MICRO,STARMINE_COVERED,BEARISH,FIDELITY,SecurityExtract_ESS_2026May13.csv,2026-05-13,2026-05-13T15:28:42.873928+00:00,RUN-REAL-ESS-20260513-002
NKTR,Nektar Therapeutics,Common Stock,UNKNOWN,2650000000,MICRO,STARMINE_COVERED,VERY_BEARISH,FIDELITY,SecurityExtract_ESS_2026May13.csv,2026-05-13,2026-05-13T15:28:42.873928+00:00,RUN-REAL-ESS-20260513-002
NEO,NeoGenomics Inc,Common Stock,UNKNOWN,1140000000,MICRO,STARMINE_COVERED,BEARISH,FIDELITY,SecurityExtract_ESS_2026May13.csv,2026-05-13,2026-05-13T15:28:42.873928+00:00,RUN-REAL-ESS-20260513-002
STIM,Neuronetics Inc,Common Stock,UNKNOWN,88380000,MICRO,STARMINE_COVERED,BEARISH,FIDELITY,SecurityExtract_ESS_2026May13.csv,2026-05-13,2026-05-13T15:28:42.873928+00:00,RUN-REAL-ESS-20260513-002
NFE,New Fortress Energy Inc,Common Stock,UNKNOWN,205940000,MICRO,STARMINE_COVERED,VERY_BEARISH,FIDELITY,SecurityExtract_ESS_2026May13.csv,2026-05-13,2026-05-13T15:28:42.873928+00:00,RUN-REAL-ESS-20260513-002
NWL,Newell Brands Inc,Common Stock,UNKNOWN,1720000000,MICRO,STARMINE_COVERED,VERY_BEARISH,FIDELITY,SecurityExtract_ESS_2026May13.csv,2026-05-13,2026-05-13T15:28:42.873928+00:00,RUN-REAL-ESS-20260513-002
NXRT,NexPoint Residential Trust Inc,Common Stock (REIT),UNKNOWN,750200000,MICRO,STARMINE_COVERED,VERY_BEARISH,FIDELITY,SecurityExtract_ESS_2026May13.csv,2026-05-13,2026-05-13T15:28:42.873928+00:00,RUN-REAL-ESS-20260513-002
NEXT,NextDecade Corp,Common Stock,UNKNOWN,2250000000,MICRO,STARMINE_COVERED,VERY_BEARISH,FIDELITY,SecurityExtract_ESS_2026May13.csv,2026-05-13,2026-05-13T15:28:42.873928+00:00,RUN-REAL-ESS-20260513-002
NL,NL Industries Inc.,Common Stock,UNKNOWN,286340000,MICRO,STARMINE_COVERED,VERY_BEARISH,FIDELITY,SecurityExtract_ESS_2026May13.csv,2026-05-13,2026-05-13T15:28:42.873928+00:00,RUN-REAL-ESS-20260513-002
NE,Noble Corporation Plc,Common Stock,UNKNOWN,8180000000,SMALL,STARMINE_COVERED,VERY_BEARISH,FIDELITY,SecurityExtract_ESS_2026May13.csv,2026-05-13,2026-05-13T15:28:42.873928+00:00,RUN-REAL-ESS-20260513-002
NTIC,Northern Technologies International Corp,Common Stock,UNKNOWN,75840000,MICRO,STARMINE_COVERED,VERY_BEARISH,FIDELITY,SecurityExtract_ESS_2026May13.csv,2026-05-13,2026-05-13T15:28:42.873928+00:00,RUN-REAL-ESS-20260513-002
NOC,Northrop Grumman Corp,Common Stock,UNKNOWN,79300000000,MID,STARMINE_COVERED,BEARISH,FIDELITY,SecurityExtract_ESS_2026May13.csv,2026-05-13,2026-05-13T15:28:42.873928+00:00,RUN-REAL-ESS-20260513-002
NCLH,Norwegian Cruise Line Holdings Ltd,Common Stock,UNKNOWN,7350000000,SMALL,STARMINE_COVERED,VERY_BEARISH,FIDELITY,SecurityExtract_ESS_2026May13.csv,2026-05-13,2026-05-13T15:28:42.873928+00:00,RUN-REAL-ESS-20260513-002
NG,NovaGold Resources Inc,Common Stock,UNKNOWN,4010000000,SMALL,STARMINE_COVERED,BEARISH,FIDELITY,SecurityExtract_ESS_2026May13.csv,2026-05-13,2026-05-13T15:28:42.873928+00:00,RUN-REAL-ESS-20260513-002
NVCR,NovoCure Limited,Common Stock,UNKNOWN,2120000000,MICRO,STARMINE_COVERED,VERY_BEARISH,FIDELITY,SecurityExtract_ESS_2026May13.csv,2026-05-13,2026-05-13T15:28:42.873928+00:00,RUN-REAL-ESS-20260513-002
OI,O I Glass Inc,Common Stock,UNKNOWN,1350000000,MICRO,STARMINE_COVERED,VERY_BEARISH,FIDELITY,SecurityExtract_ESS_2026May13.csv,2026-05-13,2026-05-13T15:28:42.873928+00:00,RUN-REAL-ESS-20260513-002
ORLY,O'Reilly Automotive Inc,Common Stock,UNKNOWN,76110000000,MID,STARMINE_COVERED,BEARISH,FIDELITY,SecurityExtract_ESS_2026May13.csv,2026-05-13,2026-05-13T15:28:42.873928+00:00,RUN-REAL-ESS-20260513-002
OCUL,Ocular Therapeutix Inc,Common Stock,UNKNOWN,2010000000,MICRO,STARMINE_COVERED,VERY_BEARISH,FIDELITY,SecurityExtract_ESS_2026May13.csv,2026-05-13,2026-05-13T15:28:42.873928+00:00,RUN-REAL-ESS-20260513-002
OMC,Omnicom Group Inc,Common Stock,UNKNOWN,21670000000,MID,STARMINE_COVERED,VERY_BEARISH,FIDELITY,SecurityExtract_ESS_2026May13.csv,2026-05-13,2026-05-13T15:28:42.873928+00:00,RUN-REAL-ESS-20260513-002
STKS,ONE Group Hospitality Inc (The),Common Stock,UNKNOWN,64710000,MICRO,STARMINE_COVERED,VERY_BEARISH,FIDELITY,SecurityExtract_ESS_2026May13.csv,2026-05-13,2026-05-13T15:28:42.873928+00:00,RUN-REAL-ESS-20260513-002
OLP,One Liberty Properties Inc.,Common Stock (REIT),UNKNOWN,511000000,MICRO,STARMINE_COVERED,VERY_BEARISH,FIDELITY,SecurityExtract_ESS_2026May13.csv,2026-05-13,2026-05-13T15:28:42.873928+00:00,RUN-REAL-ESS-20260513-002
ONEW,OneWater Marine Inc,Common Stock,UNKNOWN,185460000,MICRO,STARMINE_COVERED,BEARISH,FIDELITY,SecurityExtract_ESS_2026May13.csv,2026-05-13,2026-05-13T15:28:42.873928+00:00,RUN-REAL-ESS-20260513-002
ORA,Ormat Technologies Inc,Common Stock,UNKNOWN,7760000000,SMALL,STARMINE_COVERED,VERY_BEARISH,FIDELITY,SecurityExtract_ESS_2026May13.csv,2026-05-13,2026-05-13T15:28:42.873928+00:00,RUN-REAL-ESS-20260513-002
OTIS,Otis Worldwide Corp,Common Stock,UNKNOWN,28430000000,MID,STARMINE_COVERED,BEARISH,FIDELITY,SecurityExtract_ESS_2026May13.csv,2026-05-13,2026-05-13T15:28:42.873928+00:00,RUN-REAL-ESS-20260513-002
OXM,Oxford Industries Inc.,Common Stock,UNKNOWN,619150000,MICRO,STARMINE_COVERED,VERY_BEARISH,FIDELITY,SecurityExtract_ESS_2026May13.csv,2026-05-13,2026-05-13T15:28:42.873928+00:00,RUN-REAL-ESS-20260513-002
PCAR,PACCAR Inc,Common Stock,UNKNOWN,59490000000,MID,STARMINE_COVERED,BEARISH,FIDELITY,SecurityExtract_ESS_2026May13.csv,2026-05-13,2026-05-13T15:28:42.873928+00:00,RUN-REAL-ESS-20260513-002
PZZA,Papa John's International Inc,Common Stock,UNKNOWN,1120000000,MICRO,STARMINE_COVERED,BEARISH,FIDELITY,SecurityExtract_ESS_2026May13.csv,2026-05-13,2026-05-13T15:28:42.873928+00:00,RUN-REAL-ESS-20260513-002
PSKY,Paramount Skydance Corp,Common Stock,UNKNOWN,11960000000,SMALL,STARMINE_COVERED,BEARISH,FIDELITY,SecurityExtract_ESS_2026May13.csv,2026-05-13,2026-05-13T15:28:42.873928+00:00,RUN-REAL-ESS-20260513-002
PRK,Park National Corp,Common Stock,UNKNOWN,3060000000,MICRO,STARMINE_COVERED,VERY_BEARISH,FIDELITY,SecurityExtract_ESS_2026May13.csv,2026-05-13,2026-05-13T15:28:42.873928+00:00,RUN-REAL-ESS-20260513-002
PATK,Patrick Industries Inc,Common Stock,UNKNOWN,3100000000,MICRO,STARMINE_COVERED,VERY_BEARISH,FIDELITY,SecurityExtract_ESS_2026May13.csv,2026-05-13,2026-05-13T15:28:42.873928+00:00,RUN-REAL-ESS-20260513-002
PGC,Peapack-Gladstone Financial Corp,Common Stock,UNKNOWN,743620000,MICRO,STARMINE_COVERED,BEARISH,FIDELITY,SecurityExtract_ESS_2026May13.csv,2026-05-13,2026-05-13T15:28:42.873928+00:00,RUN-REAL-ESS-20260513-002
PEGA,Pegasystems Inc,Common Stock,UNKNOWN,5680000000,SMALL,STARMINE_COVERED,VERY_BEARISH,FIDELITY,SecurityExtract_ESS_2026May13.csv,2026-05-13,2026-05-13T15:28:42.873928+00:00,RUN-REAL-ESS-20260513-002
PENN,PENN Entertainment Inc,Common Stock,UNKNOWN,2100000000,MICRO,STARMINE_COVERED,BEARISH,FIDELITY,SecurityExtract_ESS_2026May13.csv,2026-05-13,2026-05-13T15:28:42.873928+00:00,RUN-REAL-ESS-20260513-002
PNTG,Pennant Group Inc (The),Common Stock,UNKNOWN,1230000000,MICRO,STARMINE_COVERED,BEARISH,FIDELITY,SecurityExtract_ESS_2026May13.csv,2026-05-13,2026-05-13T15:28:42.873928+00:00,RUN-REAL-ESS-20260513-002
PFSI,PennyMac Financial Services Inc,Common Stock,UNKNOWN,4600000000,SMALL,STARMINE_COVERED,VERY_BEARISH,FIDELITY,SecurityExtract_ESS_2026May13.csv,2026-05-13,2026-05-13T15:28:42.873928+00:00,RUN-REAL-ESS-20260513-002
PMT,PennyMac Mortgage Investment Trust,Common Stock (REIT),UNKNOWN,912130000,MICRO,STARMINE_COVERED,VERY_BEARISH,FIDELITY,SecurityExtract_ESS_2026May13.csv,2026-05-13,2026-05-13T15:28:42.873928+00:00,RUN-REAL-ESS-20260513-002
PFGC,PERFORMANCE FOOD GROUP COMPANY,Common Stock,UNKNOWN,14930000000,MID,STARMINE_COVERED,BEARISH,FIDELITY,SecurityExtract_ESS_2026May13.csv,2026-05-13,2026-05-13T15:28:42.873928+00:00,RUN-REAL-ESS-20260513-002
PESI,Perma Fix Environmental Services Inc,Common Stock,UNKNOWN,203660000,MICRO,STARMINE_COVERED,VERY_BEARISH,FIDELITY,SecurityExtract_ESS_2026May13.csv,2026-05-13,2026-05-13T15:28:42.873928+00:00,RUN-REAL-ESS-20260513-002
PSNL,Personalis Inc,Common Stock,UNKNOWN,632510000,MICRO,STARMINE_COVERED,VERY_BEARISH,FIDELITY,SecurityExtract_ESS_2026May13.csv,2026-05-13,2026-05-13T15:28:42.873928+00:00,RUN-REAL-ESS-20260513-002
PDM,Piedmont Office Realty Trust Inc,Common Stock (REIT),UNKNOWN,1020000000,MICRO,STARMINE_COVERED,BEARISH,FIDELITY,SecurityExtract_ESS_2026May13.csv,2026-05-13,2026-05-13T15:28:42.873928+00:00,RUN-REAL-ESS-20260513-002
PNFP,Pinnacle Financial Partners Inc,Common Stock,UNKNOWN,14580000000,MID,STARMINE_COVERED,BEARISH,FIDELITY,SecurityExtract_ESS_2026May13.csv,2026-05-13,2026-05-13T15:28:42.873928+00:00,RUN-REAL-ESS-20260513-002
PLNT,Planet Fitness Inc,Common Stock,UNKNOWN,3930000000,SMALL,STARMINE_COVERED,VERY_BEARISH,FIDELITY,SecurityExtract_ESS_2026May13.csv,2026-05-13,2026-05-13T15:28:42.873928+00:00,RUN-REAL-ESS-20260513-002
PKX,POSCO Holdings Inc,Depository Receipt,UNKNOWN,25040000000,MID,STARMINE_COVERED,VERY_BEARISH,FIDELITY,SecurityExtract_ESS_2026May13.csv,2026-05-13,2026-05-13T15:28:42.873928+00:00,RUN-REAL-ESS-20260513-002
PGEN,Precigen Inc,Common Stock,UNKNOWN,1450000000,MICRO,STARMINE_COVERED,VERY_BEARISH,FIDELITY,SecurityExtract_ESS_2026May13.csv,2026-05-13,2026-05-13T15:28:42.873928+00:00,RUN-REAL-ESS-20260513-002
PRIM,Primoris Services Corp,Common Stock,UNKNOWN,6150000000,SMALL,STARMINE_COVERED,BEARISH,FIDELITY,SecurityExtract_ESS_2026May13.csv,2026-05-13,2026-05-13T15:28:42.873928+00:00,RUN-REAL-ESS-20260513-002
PRVA,Privia Health Group Inc,Common Stock,UNKNOWN,2900000000,MICRO,STARMINE_COVERED,VERY_BEARISH,FIDELITY,SecurityExtract_ESS_2026May13.csv,2026-05-13,2026-05-13T15:28:42.873928+00:00,RUN-REAL-ESS-20260513-002
PTGX,Protagonist Therapeutics Inc,Common Stock,UNKNOWN,6430000000,SMALL,STARMINE_COVERED,VERY_BEARISH,FIDELITY,SecurityExtract_ESS_2026May13.csv,2026-05-13,2026-05-13T15:28:42.873928+00:00,RUN-REAL-ESS-20260513-002
PRTA,Prothena Corporation plc,Common Stock,UNKNOWN,493690000,MICRO,STARMINE_COVERED,VERY_BEARISH,FIDELITY,SecurityExtract_ESS_2026May13.csv,2026-05-13,2026-05-13T15:28:42.873928+00:00,RUN-REAL-ESS-20260513-002
PLSE,Pulse Biosciences Inc,Common Stock,UNKNOWN,1590000000,MICRO,STARMINE_COVERED,VERY_BEARISH,FIDELITY,SecurityExtract_ESS_2026May13.csv,2026-05-13,2026-05-13T15:28:42.873928+00:00,RUN-REAL-ESS-20260513-002
Q,Qnity Electronics Inc,Common Stock,UNKNOWN,35260000000,MID,STARMINE_COVERED,BEARISH,FIDELITY,SecurityExtract_ESS_2026May13.csv,2026-05-13,2026-05-13T15:28:42.873928+00:00,RUN-REAL-ESS-20260513-002
KWR,Quaker Houghton,Common Stock,UNKNOWN,2430000000,MICRO,STARMINE_COVERED,BEARISH,FIDELITY,SecurityExtract_ESS_2026May13.csv,2026-05-13,2026-05-13T15:28:42.873928+00:00,RUN-REAL-ESS-20260513-002
NX,Quanex Building Products Corp,Common Stock,UNKNOWN,896630000,MICRO,STARMINE_COVERED,BEARISH,FIDELITY,SecurityExtract_ESS_2026May13.csv,2026-05-13,2026-05-13T15:28:42.873928+00:00,RUN-REAL-ESS-20260513-002
QRHC,Quest Resource Holding Corp,Common Stock,UNKNOWN,22270000,MICRO,STARMINE_COVERED,BEARISH,FIDELITY,SecurityExtract_ESS_2026May13.csv,2026-05-13,2026-05-13T15:28:42.873928+00:00,RUN-REAL-ESS-20260513-002
QDEL,QuidelOrtho Corporation,Common Stock,UNKNOWN,758280000,MICRO,STARMINE_COVERED,BEARISH,FIDELITY,SecurityExtract_ESS_2026May13.csv,2026-05-13,2026-05-13T15:28:42.873928+00:00,RUN-REAL-ESS-20260513-002
RDNT,RadNet Inc,Common Stock,UNKNOWN,4400000000,SMALL,STARMINE_COVERED,VERY_BEARISH,FIDELITY,SecurityExtract_ESS_2026May13.csv,2026-05-13,2026-05-13T15:28:42.873928+00:00,RUN-REAL-ESS-20260513-002
METC,Ramaco Resources Inc,Common Stock,UNKNOWN,888320000,MICRO,STARMINE_COVERED,VERY_BEARISH,FIDELITY,SecurityExtract_ESS_2026May13.csv,2026-05-13,2026-05-13T15:28:42.873928+00:00,RUN-REAL-ESS-20260513-002
RNGR,Ranger Energy Services Inc,Common Stock,UNKNOWN,384940000,MICRO,STARMINE_COVERED,VERY_BEARISH,FIDELITY,SecurityExtract_ESS_2026May13.csv,2026-05-13,2026-05-13T15:28:42.873928+00:00,RUN-REAL-ESS-20260513-002
RRBI,Red River Bancshares Inc,Common Stock,UNKNOWN,591200000,MICRO,STARMINE_COVERED,BEARISH,FIDELITY,SecurityExtract_ESS_2026May13.csv,2026-05-13,2026-05-13T15:28:42.873928+00:00,RUN-REAL-ESS-20260513-002
RRR,Red Rock Resorts Inc,Common Stock,UNKNOWN,5530000000,SMALL,STARMINE_COVERED,VERY_BEARISH,FIDELITY,SecurityExtract_ESS_2026May13.csv,2026-05-13,2026-05-13T15:28:42.873928+00:00,RUN-REAL-ESS-20260513-002
RWT,Redwood Trust Inc,Common Stock (REIT),UNKNOWN,664900000,MICRO,STARMINE_COVERED,VERY_BEARISH,FIDELITY,SecurityExtract_ESS_2026May13.csv,2026-05-13,2026-05-13T15:28:42.873928+00:00,RUN-REAL-ESS-20260513-002
RGEN,Repligen Corp,Common Stock,UNKNOWN,6410000000,SMALL,STARMINE_COVERED,VERY_BEARISH,FIDELITY,SecurityExtract_ESS_2026May13.csv,2026-05-13,2026-05-13T15:28:42.873928+00:00,RUN-REAL-ESS-20260513-002
RSG,Republic Services Inc.,Common Stock,UNKNOWN,62270000000,MID,STARMINE_COVERED,BEARISH,FIDELITY,SecurityExtract_ESS_2026May13.csv,2026-05-13,2026-05-13T15:28:42.873928+00:00,RUN-REAL-ESS-20260513-002
RH,RH,Common Stock,UNKNOWN,2480000000,MICRO,STARMINE_COVERED,VERY_BEARISH,FIDELITY,SecurityExtract_ESS_2026May13.csv,2026-05-13,2026-05-13T15:28:42.873928+00:00,RUN-REAL-ESS-20260513-002
RYTM,Rhythm Pharmaceuticals Inc,Common Stock,UNKNOWN,6260000000,SMALL,STARMINE_COVERED,VERY_BEARISH,FIDELITY,SecurityExtract_ESS_2026May13.csv,2026-05-13,2026-05-13T15:28:42.873928+00:00,RUN-REAL-ESS-20260513-002
RMNI,Rimini Street Inc,Common Stock,UNKNOWN,332290000,MICRO,STARMINE_COVERED,VERY_BEARISH,FIDELITY,SecurityExtract_ESS_2026May13.csv,2026-05-13,2026-05-13T15:28:42.873928+00:00,RUN-REAL-ESS-20260513-002
RVSB,Riverview Bancorp Inc,Common Stock,UNKNOWN,112280000,MICRO,STARMINE_COVERED,BEARISH,FIDELITY,SecurityExtract_ESS_2026May13.csv,2026-05-13,2026-05-13T15:28:42.873928+00:00,RUN-REAL-ESS-20260513-002
HOOD,Robinhood Markets Inc,Common Stock,UNKNOWN,70480000000,MID,STARMINE_COVERED,BEARISH,FIDELITY,SecurityExtract_ESS_2026May13.csv,2026-05-13,2026-05-13T15:28:42.873928+00:00,RUN-REAL-ESS-20260513-002
RBLX,Roblox Corp,Common Stock,UNKNOWN,29740000000,MID,STARMINE_COVERED,VERY_BEARISH,FIDELITY,SecurityExtract_ESS_2026May13.csv,2026-05-13,2026-05-13T15:28:42.873928+00:00,RUN-REAL-ESS-20260513-002
RKT,Rocket Cos Inc,Common Stock,UNKNOWN,41870000000,MID,STARMINE_COVERED,VERY_BEARISH,FIDELITY,SecurityExtract_ESS_2026May13.csv,2026-05-13,2026-05-13T15:28:42.873928+00:00,RUN-REAL-ESS-20260513-002
ROIV,Roivant Sciences Ltd,Common Stock,UNKNOWN,21030000000,MID,STARMINE_COVERED,VERY_BEARISH,FIDELITY,SecurityExtract_ESS_2026May13.csv,2026-05-13,2026-05-13T15:28:42.873928+00:00,RUN-REAL-ESS-20260513-002
ROP,Roper Technologies Inc,Common Stock,UNKNOWN,32690000000,MID,STARMINE_COVERED,BEARISH,FIDELITY,SecurityExtract_ESS_2026May13.csv,2026-05-13,2026-05-13T15:28:42.873928+00:00,RUN-REAL-ESS-20260513-002
RGLD,Royal Gold Inc,Common Stock,UNKNOWN,20820000000,MID,STARMINE_COVERED,VERY_BEARISH,FIDELITY,SecurityExtract_ESS_2026May13.csv,2026-05-13,2026-05-13T15:28:42.873928+00:00,RUN-REAL-ESS-20260513-002
RUSHA,Rush Enterprises Inc,Common Stock,UNKNOWN,4390000000,SMALL,STARMINE_COVERED,BEARISH,FIDELITY,SecurityExtract_ESS_2026May13.csv,2026-05-13,2026-05-13T15:28:42.873928+00:00,RUN-REAL-ESS-20260513-002
RXO,RXO Inc,Common Stock,UNKNOWN,3310000000,MICRO,STARMINE_COVERED,BEARISH,FIDELITY,SecurityExtract_ESS_2026May13.csv,2026-05-13,2026-05-13T15:28:42.873928+00:00,RUN-REAL-ESS-20260513-002
CRM,SALESFORCE INC,Common Stock,UNKNOWN,140140000000,LARGE,STARMINE_COVERED,BEARISH,FIDELITY,SecurityExtract_ESS_2026May13.csv,2026-05-13,2026-05-13T15:28:42.873928+00:00,RUN-REAL-ESS-20260513-002
BFS,Saul Centers Inc,Common Stock (REIT),UNKNOWN,844770000,MICRO,STARMINE_COVERED,VERY_BEARISH,FIDELITY,SecurityExtract_ESS_2026May13.csv,2026-05-13,2026-05-13T15:28:42.873928+00:00,RUN-REAL-ESS-20260513-002
SDGR,Schrodinger Inc,Common Stock,UNKNOWN,948210000,MICRO,STARMINE_COVERED,VERY_BEARISH,FIDELITY,SecurityExtract_ESS_2026May13.csv,2026-05-13,2026-05-13T15:28:42.873928+00:00,RUN-REAL-ESS-20260513-002
SE,Sea Limited,Depository Receipt,UNKNOWN,58810000000,MID,STARMINE_COVERED,VERY_BEARISH,FIDELITY,SecurityExtract_ESS_2026May13.csv,2026-05-13,2026-05-13T15:28:42.873928+00:00,RUN-REAL-ESS-20260513-002
SRE,Sempra,Common Stock,UNKNOWN,61060000000,MID,STARMINE_COVERED,VERY_BEARISH,FIDELITY,SecurityExtract_ESS_2026May13.csv,2026-05-13,2026-05-13T15:28:42.873928+00:00,RUN-REAL-ESS-20260513-002
SERV,Serve Robotics Inc,Common Stock,UNKNOWN,677790000,MICRO,STARMINE_COVERED,VERY_BEARISH,FIDELITY,SecurityExtract_ESS_2026May13.csv,2026-05-13,2026-05-13T15:28:42.873928+00:00,RUN-REAL-ESS-20260513-002
NOW,ServiceNow Inc,Common Stock,UNKNOWN,91790000000,LARGE,STARMINE_COVERED,VERY_BEARISH,FIDELITY,SecurityExtract_ESS_2026May13.csv,2026-05-13,2026-05-13T15:28:42.873928+00:00,RUN-REAL-ESS-20260513-002
SHEN,Shenandoah Telecommunications Co,Common Stock,UNKNOWN,862470000,MICRO,STARMINE_COVERED,VERY_BEARISH,FIDELITY,SecurityExtract_ESS_2026May13.csv,2026-05-13,2026-05-13T15:28:42.873928+00:00,RUN-REAL-ESS-20260513-002
FOUR,Shift4 Payments Inc,Common Stock,UNKNOWN,3240000000,MICRO,STARMINE_COVERED,VERY_BEARISH,FIDELITY,SecurityExtract_ESS_2026May13.csv,2026-05-13,2026-05-13T15:28:42.873928+00:00,RUN-REAL-ESS-20260513-002
SHOP,Shopify Inc,Common Stock,UNKNOWN,129560000000,LARGE,STARMINE_COVERED,VERY_BEARISH,FIDELITY,SecurityExtract_ESS_2026May13.csv,2026-05-13,2026-05-13T15:28:42.873928+00:00,RUN-REAL-ESS-20260513-002
SI,Shoulder Innovations Inc,Common Stock,UNKNOWN,277130000,MICRO,STARMINE_COVERED,VERY_BEARISH,FIDELITY,SecurityExtract_ESS_2026May13.csv,2026-05-13,2026-05-13T15:28:42.873928+00:00,RUN-REAL-ESS-20260513-002
SLGN,Silgan Holdings Inc,Common Stock,UNKNOWN,4150000000,SMALL,STARMINE_COVERED,BEARISH,FIDELITY,SecurityExtract_ESS_2026May13.csv,2026-05-13,2026-05-13T15:28:42.873928+00:00,RUN-REAL-ESS-20260513-002
SFNC,Simmons First National Corp,Common Stock,UNKNOWN,3030000000,MICRO,STARMINE_COVERED,BEARISH,FIDELITY,SecurityExtract_ESS_2026May13.csv,2026-05-13,2026-05-13T15:28:42.873928+00:00,RUN-REAL-ESS-20260513-002
SBGI,Sinclair Inc,Common Stock,UNKNOWN,1010000000,MICRO,STARMINE_COVERED,BEARISH,FIDELITY,SecurityExtract_ESS_2026May13.csv,2026-05-13,2026-05-13T15:28:42.873928+00:00,RUN-REAL-ESS-20260513-002
SITE,SiteOne Landscape Supply Inc,Common Stock,UNKNOWN,5310000000,SMALL,STARMINE_COVERED,BEARISH,FIDELITY,SecurityExtract_ESS_2026May13.csv,2026-05-13,2026-05-13T15:28:42.873928+00:00,RUN-REAL-ESS-20260513-002
SKYW,SkyWest Inc,Common Stock,UNKNOWN,3380000000,MICRO,STARMINE_COVERED,BEARISH,FIDELITY,SecurityExtract_ESS_2026May13.csv,2026-05-13,2026-05-13T15:28:42.873928+00:00,RUN-REAL-ESS-20260513-002
SNBR,Sleep Number Corp,Common Stock,UNKNOWN,43780000,MICRO,STARMINE_COVERED,VERY_BEARISH,FIDELITY,SecurityExtract_ESS_2026May13.csv,2026-05-13,2026-05-13T15:28:42.873928+00:00,RUN-REAL-ESS-20260513-002
SMID,Smith-Midland Corp,Common Stock,UNKNOWN,163240000,MICRO,STARMINE_COVERED,BEARISH,FIDELITY,SecurityExtract_ESS_2026May13.csv,2026-05-13,2026-05-13T15:28:42.873928+00:00,RUN-REAL-ESS-20260513-002
SNAP,Snap Inc,Common Stock,UNKNOWN,9200000000,SMALL,STARMINE_COVERED,BEARISH,FIDELITY,SecurityExtract_ESS_2026May13.csv,2026-05-13,2026-05-13T15:28:42.873928+00:00,RUN-REAL-ESS-20260513-002
SNOW,Snowflake Inc,Common Stock,UNKNOWN,52540000000,MID,STARMINE_COVERED,VERY_BEARISH,FIDELITY,SecurityExtract_ESS_2026May13.csv,2026-05-13,2026-05-13T15:28:42.873928+00:00,RUN-REAL-ESS-20260513-002
SOFI,SoFi Technologies Inc,Common Stock,UNKNOWN,20400000000,MID,STARMINE_COVERED,VERY_BEARISH,FIDELITY,SecurityExtract_ESS_2026May13.csv,2026-05-13,2026-05-13T15:28:42.873928+00:00,RUN-REAL-ESS-20260513-002
SEDG,SolarEdge Technologies Inc,Common Stock,UNKNOWN,2460000000,MICRO,STARMINE_COVERED,BEARISH,FIDELITY,SecurityExtract_ESS_2026May13.csv,2026-05-13,2026-05-13T15:28:42.873928+00:00,RUN-REAL-ESS-20260513-002
SGI,Somnigroup International Inc,Common Stock,UNKNOWN,13790000000,SMALL,STARMINE_COVERED,BEARISH,FIDELITY,SecurityExtract_ESS_2026May13.csv,2026-05-13,2026-05-13T15:28:42.873928+00:00,RUN-REAL-ESS-20260513-002
SNDA,Sonida Senior Living Inc,Common Stock,UNKNOWN,1760000000,MICRO,STARMINE_COVERED,VERY_BEARISH,FIDELITY,SecurityExtract_ESS_2026May13.csv,2026-05-13,2026-05-13T15:28:42.873928+00:00,RUN-REAL-ESS-20260513-002
SONO,Sonos Inc,Common Stock,UNKNOWN,1750000000,MICRO,STARMINE_COVERED,VERY_BEARISH,FIDELITY,SecurityExtract_ESS_2026May13.csv,2026-05-13,2026-05-13T15:28:42.873928+00:00,RUN-REAL-ESS-20260513-002
SFST,Southern First Bankshares Inc,Common Stock,UNKNOWN,529950000,MICRO,STARMINE_COVERED,VERY_BEARISH,FIDELITY,SecurityExtract_ESS_2026May13.csv,2026-05-13,2026-05-13T15:28:42.873928+00:00,RUN-REAL-ESS-20260513-002
SBSI,Southside Bancshares Inc,Common Stock,UNKNOWN,972000000,MICRO,STARMINE_COVERED,BEARISH,FIDELITY,SecurityExtract_ESS_2026May13.csv,2026-05-13,2026-05-13T15:28:42.873928+00:00,RUN-REAL-ESS-20260513-002
LUV,Southwest Airlines Co.,Common Stock,UNKNOWN,19300000000,MID,STARMINE_COVERED,BEARISH,FIDELITY,SecurityExtract_ESS_2026May13.csv,2026-05-13,2026-05-13T15:28:42.873928+00:00,RUN-REAL-ESS-20260513-002
SPWH,Sportsmans Warehouse Holdings Inc,Common Stock,UNKNOWN,53370000,MICRO,STARMINE_COVERED,BEARISH,FIDELITY,SecurityExtract_ESS_2026May13.csv,2026-05-13,2026-05-13T15:28:42.873928+00:00,RUN-REAL-ESS-20260513-002
SPXC,SPX Technologies Inc,Common Stock,UNKNOWN,9960000000,SMALL,STARMINE_COVERED,BEARISH,FIDELITY,SecurityExtract_ESS_2026May13.csv,2026-05-13,2026-05-13T15:28:42.873928+00:00,RUN-REAL-ESS-20260513-002
STAA,STAAR Surgical Co,Common Stock,UNKNOWN,1400000000,MICRO,STARMINE_COVERED,BEARISH,FIDELITY,SecurityExtract_ESS_2026May13.csv,2026-05-13,2026-05-13T15:28:42.873928+00:00,RUN-REAL-ESS-20260513-002
SXI,Standex International Corp,Common Stock,UNKNOWN,3090000000,MICRO,STARMINE_COVERED,VERY_BEARISH,FIDELITY,SecurityExtract_ESS_2026May13.csv,2026-05-13,2026-05-13T15:28:42.873928+00:00,RUN-REAL-ESS-20260513-002
STEL,Stellar Bancorp Inc,Common Stock,UNKNOWN,1880000000,MICRO,STARMINE_COVERED,VERY_BEARISH,FIDELITY,SecurityExtract_ESS_2026May13.csv,2026-05-13,2026-05-13T15:28:42.873928+00:00,RUN-REAL-ESS-20260513-002
SCL,Stepan Co,Common Stock,UNKNOWN,1160000000,MICRO,STARMINE_COVERED,VERY_BEARISH,FIDELITY,SecurityExtract_ESS_2026May13.csv,2026-05-13,2026-05-13T15:28:42.873928+00:00,RUN-REAL-ESS-20260513-002
STEP,StepStone Group Inc,Common Stock,UNKNOWN,6700000000,SMALL,STARMINE_COVERED,BEARISH,FIDELITY,SecurityExtract_ESS_2026May13.csv,2026-05-13,2026-05-13T15:28:42.873928+00:00,RUN-REAL-ESS-20260513-002
STNE,StoneCo Ltd,Common Stock,UNKNOWN,2520000000,MICRO,STARMINE_COVERED,BEARISH,FIDELITY,SecurityExtract_ESS_2026May13.csv,2026-05-13,2026-05-13T15:28:42.873928+00:00,RUN-REAL-ESS-20260513-002
SRI,Stoneridge Inc.,Common Stock,UNKNOWN,196520000,MICRO,STARMINE_COVERED,BEARISH,FIDELITY,SecurityExtract_ESS_2026May13.csv,2026-05-13,2026-05-13T15:28:42.873928+00:00,RUN-REAL-ESS-20260513-002
SUI,Sun Communities Inc,Common Stock (REIT),UNKNOWN,15390000000,MID,STARMINE_COVERED,BEARISH,FIDELITY,SecurityExtract_ESS_2026May13.csv,2026-05-13,2026-05-13T15:28:42.873928+00:00,RUN-REAL-ESS-20260513-002
SNCY,Sun Country Airlines Holdings Inc,Common Stock,UNKNOWN,876350000,MICRO,STARMINE_COVERED,BEARISH,FIDELITY,SecurityExtract_ESS_2026May13.csv,2026-05-13,2026-05-13T15:28:42.873928+00:00,RUN-REAL-ESS-20260513-002
SPWR,SunPower Inc,Common Stock,UNKNOWN,122850000,MICRO,STARMINE_COVERED,VERY_BEARISH,FIDELITY,SecurityExtract_ESS_2026May13.csv,2026-05-13,2026-05-13T15:28:42.873928+00:00,RUN-REAL-ESS-20260513-002
SUPN,Supernus Pharmaceuticals Inc,Common Stock,UNKNOWN,2930000000,MICRO,STARMINE_COVERED,BEARISH,FIDELITY,SecurityExtract_ESS_2026May13.csv,2026-05-13,2026-05-13T15:28:42.873928+00:00,RUN-REAL-ESS-20260513-002
SNDX,Syndax Pharmaceuticals Inc,Common Stock,UNKNOWN,1810000000,MICRO,STARMINE_COVERED,VERY_BEARISH,FIDELITY,SecurityExtract_ESS_2026May13.csv,2026-05-13,2026-05-13T15:28:42.873928+00:00,RUN-REAL-ESS-20260513-002
TTWO,Take-Two Interactive Software Inc,Common Stock,UNKNOWN,41850000000,MID,STARMINE_COVERED,BEARISH,FIDELITY,SecurityExtract_ESS_2026May13.csv,2026-05-13,2026-05-13T15:28:42.873928+00:00,RUN-REAL-ESS-20260513-002
TLN,Talen Energy Corp,Common Stock,UNKNOWN,17010000000,MID,STARMINE_COVERED,VERY_BEARISH,FIDELITY,SecurityExtract_ESS_2026May13.csv,2026-05-13,2026-05-13T15:28:42.873928+00:00,RUN-REAL-ESS-20260513-002
TATT,TAT Technologies Ltd,Common Stock,UNKNOWN,467650000,MICRO,STARMINE_COVERED,BEARISH,FIDELITY,SecurityExtract_ESS_2026May13.csv,2026-05-13,2026-05-13T15:28:42.873928+00:00,RUN-REAL-ESS-20260513-002
TTGT,TechTarget Inc,Common Stock,UNKNOWN,362940000,MICRO,STARMINE_COVERED,BEARISH,FIDELITY,SecurityExtract_ESS_2026May13.csv,2026-05-13,2026-05-13T15:28:42.873928+00:00,RUN-REAL-ESS-20260513-002
TRNS,Transcat Inc,Common Stock,UNKNOWN,709790000,MICRO,STARMINE_COVERED,VERY_BEARISH,FIDELITY,SecurityExtract_ESS_2026May13.csv,2026-05-13,2026-05-13T15:28:42.873928+00:00,RUN-REAL-ESS-20260513-002
TRU,TransUnion,Common Stock,UNKNOWN,13340000000,SMALL,STARMINE_COVERED,BEARISH,FIDELITY,SecurityExtract_ESS_2026May13.csv,2026-05-13,2026-05-13T15:28:42.873928+00:00,RUN-REAL-ESS-20260513-002
TRIP,TripAdvisor Inc,Common Stock,UNKNOWN,1100000000,MICRO,STARMINE_COVERED,VERY_BEARISH,FIDELITY,SecurityExtract_ESS_2026May13.csv,2026-05-13,2026-05-13T15:28:42.873928+00:00,RUN-REAL-ESS-20260513-002
TFIN,Triumph Financial Inc,Common Stock,UNKNOWN,1530000000,MICRO,STARMINE_COVERED,BEARISH,FIDELITY,SecurityExtract_ESS_2026May13.csv,2026-05-13,2026-05-13T15:28:42.873928+00:00,RUN-REAL-ESS-20260513-002
TBI,TrueBlue Inc,Common Stock,UNKNOWN,160530000,MICRO,STARMINE_COVERED,BEARISH,FIDELITY,SecurityExtract_ESS_2026May13.csv,2026-05-13,2026-05-13T15:28:42.873928+00:00,RUN-REAL-ESS-20260513-002
TPB,Turning Point Brands Inc,Common Stock,UNKNOWN,1800000000,MICRO,STARMINE_COVERED,BEARISH,FIDELITY,SecurityExtract_ESS_2026May13.csv,2026-05-13,2026-05-13T15:28:42.873928+00:00,RUN-REAL-ESS-20260513-002
TWST,Twist Bioscience Corp,Common Stock,UNKNOWN,3480000000,MICRO,STARMINE_COVERED,VERY_BEARISH,FIDELITY,SecurityExtract_ESS_2026May13.csv,2026-05-13,2026-05-13T15:28:42.873928+00:00,RUN-REAL-ESS-20260513-002
UFPI,UFP Industries Inc,Common Stock,UNKNOWN,4650000000,SMALL,STARMINE_COVERED,BEARISH,FIDELITY,SecurityExtract_ESS_2026May13.csv,2026-05-13,2026-05-13T15:28:42.873928+00:00,RUN-REAL-ESS-20260513-002
PATH,UiPath Inc,Common Stock,UNKNOWN,5240000000,SMALL,STARMINE_COVERED,VERY_BEARISH,FIDELITY,SecurityExtract_ESS_2026May13.csv,2026-05-13,2026-05-13T15:28:42.873928+00:00,RUN-REAL-ESS-20260513-002
PRKS,United Parks & Resorts Inc,Common Stock,UNKNOWN,1660000000,MICRO,STARMINE_COVERED,VERY_BEARISH,FIDELITY,SecurityExtract_ESS_2026May13.csv,2026-05-13,2026-05-13T15:28:42.873928+00:00,RUN-REAL-ESS-20260513-002
OLED,Universal Display Corp,Common Stock,UNKNOWN,4310000000,SMALL,STARMINE_COVERED,VERY_BEARISH,FIDELITY,SecurityExtract_ESS_2026May13.csv,2026-05-13,2026-05-13T15:28:42.873928+00:00,RUN-REAL-ESS-20260513-002
UPST,Upstart Holdings Inc,Common Stock,UNKNOWN,2660000000,MICRO,STARMINE_COVERED,VERY_BEARISH,FIDELITY,SecurityExtract_ESS_2026May13.csv,2026-05-13,2026-05-13T15:28:42.873928+00:00,RUN-REAL-ESS-20260513-002
UPWK,Upwork Inc,Common Stock,UNKNOWN,1030000000,MICRO,STARMINE_COVERED,VERY_BEARISH,FIDELITY,SecurityExtract_ESS_2026May13.csv,2026-05-13,2026-05-13T15:28:42.873928+00:00,RUN-REAL-ESS-20260513-002
URGN,UroGen Pharma Ltd,Common Stock,UNKNOWN,1450000000,MICRO,STARMINE_COVERED,VERY_BEARISH,FIDELITY,SecurityExtract_ESS_2026May13.csv,2026-05-13,2026-05-13T15:28:42.873928+00:00,RUN-REAL-ESS-20260513-002
USPH,US Physical Therapy Inc,Common Stock,UNKNOWN,926080000,MICRO,STARMINE_COVERED,VERY_BEARISH,FIDELITY,SecurityExtract_ESS_2026May13.csv,2026-05-13,2026-05-13T15:28:42.873928+00:00,RUN-REAL-ESS-20260513-002
UWMC,UWM Holdings Corp,Common Stock,UNKNOWN,5200000000,SMALL,STARMINE_COVERED,VERY_BEARISH,FIDELITY,SecurityExtract_ESS_2026May13.csv,2026-05-13,2026-05-13T15:28:42.873928+00:00,RUN-REAL-ESS-20260513-002
EGY,VAALCO Energy Inc,Common Stock,UNKNOWN,632850000,MICRO,STARMINE_COVERED,BEARISH,FIDELITY,SecurityExtract_ESS_2026May13.csv,2026-05-13,2026-05-13T15:28:42.873928+00:00,RUN-REAL-ESS-20260513-002
MTN,Vail Resorts Inc.,Common Stock,UNKNOWN,4420000000,SMALL,STARMINE_COVERED,VERY_BEARISH,FIDELITY,SecurityExtract_ESS_2026May13.csv,2026-05-13,2026-05-13T15:28:42.873928+00:00,RUN-REAL-ESS-20260513-002
VVV,Valvoline Inc,Common Stock,UNKNOWN,4180000000,SMALL,STARMINE_COVERED,VERY_BEARISH,FIDELITY,SecurityExtract_ESS_2026May13.csv,2026-05-13,2026-05-13T15:28:42.873928+00:00,RUN-REAL-ESS-20260513-002
VECO,Veeco Instruments Inc,Common Stock,UNKNOWN,3750000000,SMALL,STARMINE_COVERED,BEARISH,FIDELITY,SecurityExtract_ESS_2026May13.csv,2026-05-13,2026-05-13T15:28:42.873928+00:00,RUN-REAL-ESS-20260513-002
VCEL,Vericel Corp,Common Stock,UNKNOWN,1680000000,MICRO,STARMINE_COVERED,BEARISH,FIDELITY,SecurityExtract_ESS_2026May13.csv,2026-05-13,2026-05-13T15:28:42.873928+00:00,RUN-REAL-ESS-20260513-002
VSTS,Vestis Corp,Common Stock,UNKNOWN,1580000000,MICRO,STARMINE_COVERED,BEARISH,FIDELITY,SecurityExtract_ESS_2026May13.csv,2026-05-13,2026-05-13T15:28:42.873928+00:00,RUN-REAL-ESS-20260513-002
VRDN,Viridian Therapeutics Inc,Common Stock,UNKNOWN,1860000000,MICRO,STARMINE_COVERED,VERY_BEARISH,FIDELITY,SecurityExtract_ESS_2026May13.csv,2026-05-13,2026-05-13T15:28:42.873928+00:00,RUN-REAL-ESS-20260513-002
VNT,Vontier Corp,Common Stock,UNKNOWN,4130000000,SMALL,STARMINE_COVERED,BEARISH,FIDELITY,SecurityExtract_ESS_2026May13.csv,2026-05-13,2026-05-13T15:28:42.873928+00:00,RUN-REAL-ESS-20260513-002
WMG,Warner Music Group Corp,Common Stock,UNKNOWN,17530000000,MID,STARMINE_COVERED,VERY_BEARISH,FIDELITY,SecurityExtract_ESS_2026May13.csv,2026-05-13,2026-05-13T15:28:42.873928+00:00,RUN-REAL-ESS-20260513-002
HCC,Warrior Met Coal Inc,Common Stock,UNKNOWN,4660000000,SMALL,STARMINE_COVERED,VERY_BEARISH,FIDELITY,SecurityExtract_ESS_2026May13.csv,2026-05-13,2026-05-13T15:28:42.873928+00:00,RUN-REAL-ESS-20260513-002
WCN,Waste Connections Inc.,Common Stock,UNKNOWN,38430000000,MID,STARMINE_COVERED,BEARISH,FIDELITY,SecurityExtract_ESS_2026May13.csv,2026-05-13,2026-05-13T15:28:42.873928+00:00,RUN-REAL-ESS-20260513-002
WM,Waste Management Inc.,Common Stock,UNKNOWN,87400000000,LARGE,STARMINE_COVERED,BEARISH,FIDELITY,SecurityExtract_ESS_2026May13.csv,2026-05-13,2026-05-13T15:28:42.873928+00:00,RUN-REAL-ESS-20260513-002
WDFC,WD-40 Co,Common Stock,UNKNOWN,2750000000,MICRO,STARMINE_COVERED,BEARISH,FIDELITY,SecurityExtract_ESS_2026May13.csv,2026-05-13,2026-05-13T15:28:42.873928+00:00,RUN-REAL-ESS-20260513-002
WERN,Werner Enterprises Inc.,Common Stock,UNKNOWN,2050000000,MICRO,STARMINE_COVERED,VERY_BEARISH,FIDELITY,SecurityExtract_ESS_2026May13.csv,2026-05-13,2026-05-13T15:28:42.873928+00:00,RUN-REAL-ESS-20260513-002
WLK,Westlake Corp,Common Stock,UNKNOWN,12370000000,SMALL,STARMINE_COVERED,BEARISH,FIDELITY,SecurityExtract_ESS_2026May13.csv,2026-05-13,2026-05-13T15:28:42.873928+00:00,RUN-REAL-ESS-20260513-002
WPRT,Westport Fuel Systems Inc,Common Stock,UNKNOWN,33600000,MICRO,STARMINE_COVERED,VERY_BEARISH,FIDELITY,SecurityExtract_ESS_2026May13.csv,2026-05-13,2026-05-13T15:28:42.873928+00:00,RUN-REAL-ESS-20260513-002
WY,Weyerhaeuser Co,Common Stock (REIT),UNKNOWN,16910000000,MID,STARMINE_COVERED,VERY_BEARISH,FIDELITY,SecurityExtract_ESS_2026May13.csv,2026-05-13,2026-05-13T15:28:42.873928+00:00,RUN-REAL-ESS-20260513-002
WHR,Whirlpool Corp,Common Stock,UNKNOWN,2680000000,MICRO,STARMINE_COVERED,BEARISH,FIDELITY,SecurityExtract_ESS_2026May13.csv,2026-05-13,2026-05-13T15:28:42.873928+00:00,RUN-REAL-ESS-20260513-002
WINA,Winmark Corp,Common Stock,UNKNOWN,1290000000,MICRO,STARMINE_COVERED,BEARISH,FIDELITY,SecurityExtract_ESS_2026May13.csv,2026-05-13,2026-05-13T15:28:42.873928+00:00,RUN-REAL-ESS-20260513-002
WGO,Winnebago Industries Inc.,Common Stock,UNKNOWN,835260000,MICRO,STARMINE_COVERED,BEARISH,FIDELITY,SecurityExtract_ESS_2026May13.csv,2026-05-13,2026-05-13T15:28:42.873928+00:00,RUN-REAL-ESS-20260513-002
WIX,Wix.com Ltd,Common Stock,UNKNOWN,4180000000,SMALL,STARMINE_COVERED,VERY_BEARISH,FIDELITY,SecurityExtract_ESS_2026May13.csv,2026-05-13,2026-05-13T15:28:42.873928+00:00,RUN-REAL-ESS-20260513-002
WDAY,Workday Inc,Common Stock,UNKNOWN,29620000000,MID,STARMINE_COVERED,VERY_BEARISH,FIDELITY,SecurityExtract_ESS_2026May13.csv,2026-05-13,2026-05-13T15:28:42.873928+00:00,RUN-REAL-ESS-20260513-002
WK,Workiva Inc,Common Stock,UNKNOWN,2630000000,MICRO,STARMINE_COVERED,VERY_BEARISH,FIDELITY,SecurityExtract_ESS_2026May13.csv,2026-05-13,2026-05-13T15:28:42.873928+00:00,RUN-REAL-ESS-20260513-002
WS,Worthington Steel Inc,Common Stock,UNKNOWN,1990000000,MICRO,STARMINE_COVERED,VERY_BEARISH,FIDELITY,SecurityExtract_ESS_2026May13.csv,2026-05-13,2026-05-13T15:28:42.873928+00:00,RUN-REAL-ESS-20260513-002
XNCR,Xencor Inc,Common Stock,UNKNOWN,922330000,MICRO,STARMINE_COVERED,BEARISH,FIDELITY,SecurityExtract_ESS_2026May13.csv,2026-05-13,2026-05-13T15:28:42.873928+00:00,RUN-REAL-ESS-20260513-002
XRX,Xerox Holdings Corp,Common Stock,UNKNOWN,357030000,MICRO,STARMINE_COVERED,BEARISH,FIDELITY,SecurityExtract_ESS_2026May13.csv,2026-05-13,2026-05-13T15:28:42.873928+00:00,RUN-REAL-ESS-20260513-002
XYL,Xylem Inc,Common Stock,UNKNOWN,26510000000,MID,STARMINE_COVERED,BEARISH,FIDELITY,SecurityExtract_ESS_2026May13.csv,2026-05-13,2026-05-13T15:28:42.873928+00:00,RUN-REAL-ESS-20260513-002
YEXT,Yext Inc,Common Stock,UNKNOWN,366410000,MICRO,STARMINE_COVERED,BEARISH,FIDELITY,SecurityExtract_ESS_2026May13.csv,2026-05-13,2026-05-13T15:28:42.873928+00:00,RUN-REAL-ESS-20260513-002
ZS,Zscaler Inc,Common Stock,UNKNOWN,23500000000,MID,STARMINE_COVERED,VERY_BEARISH,FIDELITY,SecurityExtract_ESS_2026May13.csv,2026-05-13,2026-05-13T15:28:42.873928+00:00,RUN-REAL-ESS-20260513-002
AAON,AAON Inc,Common Stock,UNKNOWN,10950000000,SMALL,NON_STARMINE_ANALYST,,FIDELITY,starmine_zacks.csv,2026-05-13,2026-05-13T15:28:42.873928+00:00,RUN-REAL-ESS-20260513-002
ARCB,ArcBest Corp,Common Stock,UNKNOWN,2510000000,MICRO,NON_STARMINE_ANALYST,,FIDELITY,starmine_zacks.csv,2026-05-13,2026-05-13T15:28:42.873928+00:00,RUN-REAL-ESS-20260513-002
ADI,Analog Devices Inc,Common Stock,UNKNOWN,204870000000,LARGE,NON_STARMINE_ANALYST,,FIDELITY,starmine_zacks.csv,2026-05-13,2026-05-13T15:28:42.873928+00:00,RUN-REAL-ESS-20260513-002
ADM,Archer-Daniels-Midland Co,Common Stock,UNKNOWN,38910000000,MID,NON_STARMINE_ANALYST,,FIDELITY,starmine_zacks.csv,2026-05-13,2026-05-13T15:28:42.873928+00:00,RUN-REAL-ESS-20260513-002
BFH,Bread Financial Holdings Inc,Common Stock,UNKNOWN,3420000000,MICRO,NON_STARMINE_ANALYST,,FIDELITY,starmine_zacks.csv,2026-05-13,2026-05-13T15:28:42.873928+00:00,RUN-REAL-ESS-20260513-002
ADSK,Autodesk Inc,Common Stock,UNKNOWN,49590000000,MID,NON_STARMINE_ANALYST,,FIDELITY,starmine_zacks.csv,2026-05-13,2026-05-13T15:28:42.873928+00:00,RUN-REAL-ESS-20260513-002
AEIS,Advanced Energy Industries Inc,Common Stock,UNKNOWN,12910000000,SMALL,NON_STARMINE_ANALYST,,FIDELITY,starmine_zacks.csv,2026-05-13,2026-05-13T15:28:42.873928+00:00,RUN-REAL-ESS-20260513-002
THG,Hanover Insurance Group Inc (The),Common Stock,UNKNOWN,6630000000,SMALL,NON_STARMINE_ANALYST,,FIDELITY,starmine_zacks.csv,2026-05-13,2026-05-13T15:28:42.873928+00:00,RUN-REAL-ESS-20260513-002
AGX,Argan Inc,Common Stock,UNKNOWN,9510000000,SMALL,NON_STARMINE_ANALYST,,FIDELITY,starmine_zacks.csv,2026-05-13,2026-05-13T15:28:42.873928+00:00,RUN-REAL-ESS-20260513-002
AHKSY,Asahi Kasei Corp,Depository Receipt,UNKNOWN,14150000000,MID,NON_STARMINE_ANALYST,,FIDELITY,starmine_zacks.csv,2026-05-13,2026-05-13T15:28:42.873928+00:00,RUN-REAL-ESS-20260513-002
AMN,AMN Healthcare Services Inc.,Common Stock,UNKNOWN,1140000000,MICRO,NON_STARMINE_ANALYST,,FIDELITY,starmine_zacks.csv,2026-05-13,2026-05-13T15:28:42.873928+00:00,RUN-REAL-ESS-20260513-002
ALB,Albemarle Corp,Common Stock,UNKNOWN,24240000000,MID,NON_STARMINE_ANALYST,,FIDELITY,starmine_zacks.csv,2026-05-13,2026-05-13T15:28:42.873928+00:00,RUN-REAL-ESS-20260513-002
ALRS,Alerus Financial Corp,Common Stock,UNKNOWN,676980000,MICRO,NON_STARMINE_ANALYST,,FIDELITY,starmine_zacks.csv,2026-05-13,2026-05-13T15:28:42.873928+00:00,RUN-REAL-ESS-20260513-002
AMD,Advanced Micro Devices Inc,Common Stock,UNKNOWN,730980000000,MEGA,NON_STARMINE_ANALYST,,FIDELITY,starmine_zacks.csv,2026-05-13,2026-05-13T15:28:42.873928+00:00,RUN-REAL-ESS-20260513-002
AMRN,Amarin Corporation plc,Depository Receipt,UNKNOWN,309600000,MICRO,NON_STARMINE_ANALYST,,FIDELITY,starmine_zacks.csv,2026-05-13,2026-05-13T15:28:42.873928+00:00,RUN-REAL-ESS-20260513-002
APA,APA Corporation,Common Stock,UNKNOWN,13110000000,SMALL,NON_STARMINE_ANALYST,,FIDELITY,starmine_zacks.csv,2026-05-13,2026-05-13T15:28:42.873928+00:00,RUN-REAL-ESS-20260513-002
APELY,Alps Alpine Co Ltd,Depository Receipt,UNKNOWN,2660000000,MICRO,NON_STARMINE_ANALYST,,FIDELITY,starmine_zacks.csv,2026-05-13,2026-05-13T15:28:42.873928+00:00,RUN-REAL-ESS-20260513-002
HTH,Hilltop Holdings Inc,Common Stock,UNKNOWN,2170000000,MICRO,NON_STARMINE_ANALYST,,FIDELITY,starmine_zacks.csv,2026-05-13,2026-05-13T15:28:42.873928+00:00,RUN-REAL-ESS-20260513-002
ARCAY,"Arcadis NV, Arnhem",Depository Receipt,UNKNOWN,3540000000,SMALL,NON_STARMINE_ANALYST,,FIDELITY,starmine_zacks.csv,2026-05-13,2026-05-13T15:28:42.873928+00:00,RUN-REAL-ESS-20260513-002
ARW,Arrow Electronics Inc,Common Stock,UNKNOWN,10300000000,SMALL,NON_STARMINE_ANALYST,,FIDELITY,starmine_zacks.csv,2026-05-13,2026-05-13T15:28:42.873928+00:00,RUN-REAL-ESS-20260513-002
ATEYY,Advantest Corp,Depository Receipt,UNKNOWN,129840000000,LARGE,NON_STARMINE_ANALYST,,FIDELITY,starmine_zacks.csv,2026-05-13,2026-05-13T15:28:42.873928+00:00,RUN-REAL-ESS-20260513-002
ATRO,Astronics Corp,Common Stock,UNKNOWN,2510000000,MICRO,NON_STARMINE_ANALYST,,FIDELITY,starmine_zacks.csv,2026-05-13,2026-05-13T15:28:42.873928+00:00,RUN-REAL-ESS-20260513-002
AVT,Avnet Inc,Common Stock,UNKNOWN,6730000000,SMALL,NON_STARMINE_ANALYST,,FIDELITY,starmine_zacks.csv,2026-05-13,2026-05-13T15:28:42.873928+00:00,RUN-REAL-ESS-20260513-002
AWR,American States Water Co,Common Stock,UNKNOWN,3040000000,MICRO,NON_STARMINE_ANALYST,,FIDELITY,starmine_zacks.csv,2026-05-13,2026-05-13T15:28:42.873928+00:00,RUN-REAL-ESS-20260513-002
BAK,Braskem SA,Depository Receipt,UNKNOWN,826420000,MICRO,NON_STARMINE_ANALYST,,FIDELITY,starmine_zacks.csv,2026-05-13,2026-05-13T15:28:42.873928+00:00,RUN-REAL-ESS-20260513-002
BESIY,BE Semiconductor Industries NV,Depository Receipt,UNKNOWN,23650000000,MID,NON_STARMINE_ANALYST,,FIDELITY,starmine_zacks.csv,2026-05-13,2026-05-13T15:28:42.873928+00:00,RUN-REAL-ESS-20260513-002
BG,Bunge Global SA,Common Stock,UNKNOWN,24490000000,MID,NON_STARMINE_ANALYST,,FIDELITY,starmine_zacks.csv,2026-05-13,2026-05-13T15:28:42.873928+00:00,RUN-REAL-ESS-20260513-002
BLFS,Biolife Solutions Inc,Common Stock,UNKNOWN,1040000000,MICRO,NON_STARMINE_ANALYST,,FIDELITY,starmine_zacks.csv,2026-05-13,2026-05-13T15:28:42.873928+00:00,RUN-REAL-ESS-20260513-002
BP,BP plc,Depository Receipt,UNKNOWN,116230000000,LARGE,NON_STARMINE_ANALYST,,FIDELITY,starmine_zacks.csv,2026-05-13,2026-05-13T15:28:42.873928+00:00,RUN-REAL-ESS-20260513-002
ANIP,ANI Pharmaceuticals Inc,Common Stock,UNKNOWN,1810000000,MICRO,NON_STARMINE_ANALYST,,FIDELITY,starmine_zacks.csv,2026-05-13,2026-05-13T15:28:42.873928+00:00,RUN-REAL-ESS-20260513-002
NB,NioCorp Developments Ltd,Common Stock,UNKNOWN,874920000,MICRO,NON_STARMINE_ANALYST,,FIDELITY,starmine_zacks.csv,2026-05-13,2026-05-13T15:28:42.873928+00:00,RUN-REAL-ESS-20260513-002
CAH,Cardinal Health Inc,Common Stock,UNKNOWN,42760000000,MID,NON_STARMINE_ANALYST,,FIDELITY,starmine_zacks.csv,2026-05-13,2026-05-13T15:28:42.873928+00:00,RUN-REAL-ESS-20260513-002
CASY,Casey's General Stores Inc.,Common Stock,UNKNOWN,32050000000,MID,NON_STARMINE_ANALYST,,FIDELITY,starmine_zacks.csv,2026-05-13,2026-05-13T15:28:42.873928+00:00,RUN-REAL-ESS-20260513-002
CBAN,Colony Bankcorp Inc,Common Stock,UNKNOWN,411990000,MICRO,NON_STARMINE_ANALYST,,FIDELITY,starmine_zacks.csv,2026-05-13,2026-05-13T15:28:42.873928+00:00,RUN-REAL-ESS-20260513-002
ATLC,Atlanticus Holdings Corp,Common Stock,UNKNOWN,1170000000,MICRO,NON_STARMINE_ANALYST,,FIDELITY,starmine_zacks.csv,2026-05-13,2026-05-13T15:28:42.873928+00:00,RUN-REAL-ESS-20260513-002
CECO,CECO Environmental Corp.,Common Stock,UNKNOWN,2890000000,MICRO,NON_STARMINE_ANALYST,,FIDELITY,starmine_zacks.csv,2026-05-13,2026-05-13T15:28:42.873928+00:00,RUN-REAL-ESS-20260513-002
CENX,Century Aluminum Co,Common Stock,UNKNOWN,6260000000,SMALL,NON_STARMINE_ANALYST,,FIDELITY,starmine_zacks.csv,2026-05-13,2026-05-13T15:28:42.873928+00:00,RUN-REAL-ESS-20260513-002
CHMG,Chemung Financial Corp,Common Stock,UNKNOWN,316140000,MICRO,NON_STARMINE_ANALYST,,FIDELITY,starmine_zacks.csv,2026-05-13,2026-05-13T15:28:42.873928+00:00,RUN-REAL-ESS-20260513-002
CMCO,Columbus McKinnon Corp,Common Stock,UNKNOWN,444590000,MICRO,NON_STARMINE_ANALYST,,FIDELITY,starmine_zacks.csv,2026-05-13,2026-05-13T15:28:42.873928+00:00,RUN-REAL-ESS-20260513-002
CMI,Cummins Inc.,Common Stock,UNKNOWN,97220000000,LARGE,NON_STARMINE_ANALYST,,FIDELITY,starmine_zacks.csv,2026-05-13,2026-05-13T15:28:42.873928+00:00,RUN-REAL-ESS-20260513-002
CNC,Centene Corp,Common Stock,UNKNOWN,29290000000,MID,NON_STARMINE_ANALYST,,FIDELITY,starmine_zacks.csv,2026-05-13,2026-05-13T15:28:42.873928+00:00,RUN-REAL-ESS-20260513-002
CNQ,Canadian Natural Resources Ltd,Common Stock,UNKNOWN,97870000000,LARGE,NON_STARMINE_ANALYST,,FIDELITY,starmine_zacks.csv,2026-05-13,2026-05-13T15:28:42.873928+00:00,RUN-REAL-ESS-20260513-002
TPR,Tapestry Inc,Common Stock,UNKNOWN,26620000000,MID,NON_STARMINE_ANALYST,,FIDELITY,starmine_zacks.csv,2026-05-13,2026-05-13T15:28:42.873928+00:00,RUN-REAL-ESS-20260513-002
COP,Conocophillips,Common Stock,UNKNOWN,143600000000,LARGE,NON_STARMINE_ANALYST,,FIDELITY,starmine_zacks.csv,2026-05-13,2026-05-13T15:28:42.873928+00:00,RUN-REAL-ESS-20260513-002
COST,Costco Wholesale Corp,Common Stock,UNKNOWN,453360000000,LARGE,NON_STARMINE_ANALYST,,FIDELITY,starmine_zacks.csv,2026-05-13,2026-05-13T15:28:42.873928+00:00,RUN-REAL-ESS-20260513-002
TBRG,TruBridge Inc,Common Stock,UNKNOWN,388320000,MICRO,NON_STARMINE_ANALYST,,FIDELITY,starmine_zacks.csv,2026-05-13,2026-05-13T15:28:42.873928+00:00,RUN-REAL-ESS-20260513-002
CRI,Carter's Inc.,Common Stock,UNKNOWN,1230000000,MICRO,NON_STARMINE_ANALYST,,FIDELITY,starmine_zacks.csv,2026-05-13,2026-05-13T15:28:42.873928+00:00,RUN-REAL-ESS-20260513-002
CTBI,Community Trust Bancorp Inc,Common Stock,UNKNOWN,1180000000,MICRO,NON_STARMINE_ANALYST,,FIDELITY,starmine_zacks.csv,2026-05-13,2026-05-13T15:28:42.873928+00:00,RUN-REAL-ESS-20260513-002
CVX,Chevron Corp,Common Stock,UNKNOWN,370340000000,LARGE,NON_STARMINE_ANALYST,,FIDELITY,starmine_zacks.csv,2026-05-13,2026-05-13T15:28:42.873928+00:00,RUN-REAL-ESS-20260513-002
DAR,Darling Ingredients Inc,Common Stock,UNKNOWN,10090000000,SMALL,NON_STARMINE_ANALYST,,FIDELITY,starmine_zacks.csv,2026-05-13,2026-05-13T15:28:42.873928+00:00,RUN-REAL-ESS-20260513-002
DNN,Denison Mines Corp,Common Stock,UNKNOWN,3340000000,MICRO,NON_STARMINE_ANALYST,,FIDELITY,starmine_zacks.csv,2026-05-13,2026-05-13T15:28:42.873928+00:00,RUN-REAL-ESS-20260513-002
DRD,DRDGold Ltd,Depository Receipt,UNKNOWN,2620000000,MICRO,NON_STARMINE_ANALYST,,FIDELITY,starmine_zacks.csv,2026-05-13,2026-05-13T15:28:42.873928+00:00,RUN-REAL-ESS-20260513-002
DVA,DaVita Inc,Common Stock,UNKNOWN,12870000000,SMALL,NON_STARMINE_ANALYST,,FIDELITY,starmine_zacks.csv,2026-05-13,2026-05-13T15:28:42.873928+00:00,RUN-REAL-ESS-20260513-002
DVN,Devon Energy Corp,Common Stock,UNKNOWN,53920000000,MID,NON_STARMINE_ANALYST,,FIDELITY,starmine_zacks.csv,2026-05-13,2026-05-13T15:28:42.873928+00:00,RUN-REAL-ESS-20260513-002
E,Eni SpA,Depository Receipt,UNKNOWN,82100000000,MID,NON_STARMINE_ANALYST,,FIDELITY,starmine_zacks.csv,2026-05-13,2026-05-13T15:28:42.873928+00:00,RUN-REAL-ESS-20260513-002
CALY,Callaway Golf Co,Common Stock,UNKNOWN,2830000000,MICRO,NON_STARMINE_ANALYST,,FIDELITY,starmine_zacks.csv,2026-05-13,2026-05-13T15:28:42.873928+00:00,RUN-REAL-ESS-20260513-002
EME,EMCOR Group Inc.,Common Stock,UNKNOWN,41100000000,MID,NON_STARMINE_ANALYST,,FIDELITY,starmine_zacks.csv,2026-05-13,2026-05-13T15:28:42.873928+00:00,RUN-REAL-ESS-20260513-002
EOG,EOG Resources Inc.,Common Stock,UNKNOWN,71440000000,MID,NON_STARMINE_ANALYST,,FIDELITY,starmine_zacks.csv,2026-05-13,2026-05-13T15:28:42.873928+00:00,RUN-REAL-ESS-20260513-002
EQIX,Equinix Inc,Common Stock (REIT),UNKNOWN,106580000000,LARGE,NON_STARMINE_ANALYST,,FIDELITY,starmine_zacks.csv,2026-05-13,2026-05-13T15:28:42.873928+00:00,RUN-REAL-ESS-20260513-002
ESLT,Elbit Systems Ltd,Common Stock,UNKNOWN,37530000000,MID,NON_STARMINE_ANALYST,,FIDELITY,starmine_zacks.csv,2026-05-13,2026-05-13T15:28:42.873928+00:00,RUN-REAL-ESS-20260513-002
EXPD,Expeditors International of Washington Inc.,Common Stock,UNKNOWN,20200000000,MID,NON_STARMINE_ANALYST,,FIDELITY,starmine_zacks.csv,2026-05-13,2026-05-13T15:28:42.873928+00:00,RUN-REAL-ESS-20260513-002
EZPW,EZCORP Inc,Common Stock,UNKNOWN,2070000000,MICRO,NON_STARMINE_ANALYST,,FIDELITY,starmine_zacks.csv,2026-05-13,2026-05-13T15:28:42.873928+00:00,RUN-REAL-ESS-20260513-002
FCFS,FirstCash Holdings Inc,Common Stock,UNKNOWN,10110000000,SMALL,NON_STARMINE_ANALYST,,FIDELITY,starmine_zacks.csv,2026-05-13,2026-05-13T15:28:42.873928+00:00,RUN-REAL-ESS-20260513-002
CIVB,Civista Bancshares Inc,Common Stock,UNKNOWN,510010000,MICRO,NON_STARMINE_ANALYST,,FIDELITY,starmine_zacks.csv,2026-05-13,2026-05-13T15:28:42.873928+00:00,RUN-REAL-ESS-20260513-002
FMX,Fomento Economico Mexican SAB de CV,Depository Receipt,UNKNOWN,24850000000,MID,NON_STARMINE_ANALYST,,FIDELITY,starmine_zacks.csv,2026-05-13,2026-05-13T15:28:42.873928+00:00,RUN-REAL-ESS-20260513-002
ASUR,Asure Software Inc,Common Stock,UNKNOWN,246090000,MICRO,NON_STARMINE_ANALYST,,FIDELITY,starmine_zacks.csv,2026-05-13,2026-05-13T15:28:42.873928+00:00,RUN-REAL-ESS-20260513-002
FSRL,First Reliance Bancshares Inc,Common Stock,UNKNOWN,123920000,MICRO,NON_STARMINE_ANALYST,,FIDELITY,starmine_zacks.csv,2026-05-13,2026-05-13T15:28:42.873928+00:00,RUN-REAL-ESS-20260513-002
FSS,Federal Signal Corp.,Common Stock,UNKNOWN,7040000000,SMALL,NON_STARMINE_ANALYST,,FIDELITY,starmine_zacks.csv,2026-05-13,2026-05-13T15:28:42.873928+00:00,RUN-REAL-ESS-20260513-002
FUN,Six Flags Entertainment Corp,Common Stock,UNKNOWN,1930000000,MICRO,NON_STARMINE_ANALYST,,FIDELITY,starmine_zacks.csv,2026-05-13,2026-05-13T15:28:42.873928+00:00,RUN-REAL-ESS-20260513-002
GHM,Graham Corp,Common Stock,UNKNOWN,1160000000,MICRO,NON_STARMINE_ANALYST,,FIDELITY,starmine_zacks.csv,2026-05-13,2026-05-13T15:28:42.873928+00:00,RUN-REAL-ESS-20260513-002
GLW,Corning Inc,Common Stock,UNKNOWN,170610000000,LARGE,NON_STARMINE_ANALYST,,FIDELITY,starmine_zacks.csv,2026-05-13,2026-05-13T15:28:42.873928+00:00,RUN-REAL-ESS-20260513-002
GRC,Gorman-Rupp Co (The),Common Stock,UNKNOWN,2000000000,MICRO,NON_STARMINE_ANALYST,,FIDELITY,starmine_zacks.csv,2026-05-13,2026-05-13T15:28:42.873928+00:00,RUN-REAL-ESS-20260513-002
GSBC,Great Southern Bancorp Inc,Common Stock,UNKNOWN,746170000,MICRO,NON_STARMINE_ANALYST,,FIDELITY,starmine_zacks.csv,2026-05-13,2026-05-13T15:28:42.873928+00:00,RUN-REAL-ESS-20260513-002
HCSG,Healthcare Services Group Inc,Common Stock,UNKNOWN,1520000000,MICRO,NON_STARMINE_ANALYST,,FIDELITY,starmine_zacks.csv,2026-05-13,2026-05-13T15:28:42.873928+00:00,RUN-REAL-ESS-20260513-002
HELE,Helen of Troy Ltd,Common Stock,UNKNOWN,557490000,MICRO,NON_STARMINE_ANALYST,,FIDELITY,starmine_zacks.csv,2026-05-13,2026-05-13T15:28:42.873928+00:00,RUN-REAL-ESS-20260513-002
HRB,H&R Block Inc,Common Stock,UNKNOWN,4650000000,SMALL,NON_STARMINE_ANALYST,,FIDELITY,starmine_zacks.csv,2026-05-13,2026-05-13T15:28:42.873928+00:00,RUN-REAL-ESS-20260513-002
SNEX,StoneX Group Inc,Common Stock,UNKNOWN,9260000000,SMALL,NON_STARMINE_ANALYST,,FIDELITY,starmine_zacks.csv,2026-05-13,2026-05-13T15:28:42.873928+00:00,RUN-REAL-ESS-20260513-002
IDN,Intellicheck Inc,Common Stock,UNKNOWN,146130000,MICRO,NON_STARMINE_ANALYST,,FIDELITY,starmine_zacks.csv,2026-05-13,2026-05-13T15:28:42.873928+00:00,RUN-REAL-ESS-20260513-002
IMO,Imperial Oil Ltd,Common Stock,UNKNOWN,64520000000,MID,NON_STARMINE_ANALYST,,FIDELITY,starmine_zacks.csv,2026-05-13,2026-05-13T15:28:42.873928+00:00,RUN-REAL-ESS-20260513-002
WKC,World Kinect Corp,Common Stock,UNKNOWN,1410000000,MICRO,NON_STARMINE_ANALYST,,FIDELITY,starmine_zacks.csv,2026-05-13,2026-05-13T15:28:42.873928+00:00,RUN-REAL-ESS-20260513-002
INTT,InTest Corp,Common Stock,UNKNOWN,209460000,MICRO,NON_STARMINE_ANALYST,,FIDELITY,starmine_zacks.csv,2026-05-13,2026-05-13T15:28:42.873928+00:00,RUN-REAL-ESS-20260513-002
ISSC,Innovative Solutions and Support Inc,Common Stock,UNKNOWN,377250000,MICRO,NON_STARMINE_ANALYST,,FIDELITY,starmine_zacks.csv,2026-05-13,2026-05-13T15:28:42.873928+00:00,RUN-REAL-ESS-20260513-002
JBL,Jabil Inc,Common Stock,UNKNOWN,37010000000,MID,NON_STARMINE_ANALYST,,FIDELITY,starmine_zacks.csv,2026-05-13,2026-05-13T15:28:42.873928+00:00,RUN-REAL-ESS-20260513-002
WLY,John Wiley & Sons Inc.,Common Stock,UNKNOWN,1700000000,MICRO,NON_STARMINE_ANALYST,,FIDELITY,starmine_zacks.csv,2026-05-13,2026-05-13T15:28:42.873928+00:00,RUN-REAL-ESS-20260513-002
KAI,Kadant Inc.,Common Stock,UNKNOWN,3860000000,SMALL,NON_STARMINE_ANALYST,,FIDELITY,starmine_zacks.csv,2026-05-13,2026-05-13T15:28:42.873928+00:00,RUN-REAL-ESS-20260513-002
KFRC,Kforce Inc,Common Stock,UNKNOWN,726120000,MICRO,NON_STARMINE_ANALYST,,FIDELITY,starmine_zacks.csv,2026-05-13,2026-05-13T15:28:42.873928+00:00,RUN-REAL-ESS-20260513-002
KLIC,Kulicke and Soffa Industries Inc,Common Stock,UNKNOWN,5130000000,SMALL,NON_STARMINE_ANALYST,,FIDELITY,starmine_zacks.csv,2026-05-13,2026-05-13T15:28:42.873928+00:00,RUN-REAL-ESS-20260513-002
KOPN,Kopin Corp,Common Stock,UNKNOWN,980990000,MICRO,NON_STARMINE_ANALYST,,FIDELITY,starmine_zacks.csv,2026-05-13,2026-05-13T15:28:42.873928+00:00,RUN-REAL-ESS-20260513-002
LFUS,Littelfuse Inc,Common Stock,UNKNOWN,11540000000,SMALL,NON_STARMINE_ANALYST,,FIDELITY,starmine_zacks.csv,2026-05-13,2026-05-13T15:28:42.873928+00:00,RUN-REAL-ESS-20260513-002
MCRI,Monarch Casino & Resort Inc,Common Stock,UNKNOWN,2050000000,MICRO,NON_STARMINE_ANALYST,,FIDELITY,starmine_zacks.csv,2026-05-13,2026-05-13T15:28:42.873928+00:00,RUN-REAL-ESS-20260513-002
MITSY,Mitsui & Co Ltd,Depository Receipt,UNKNOWN,105770000000,LARGE,NON_STARMINE_ANALYST,,FIDELITY,starmine_zacks.csv,2026-05-13,2026-05-13T15:28:42.873928+00:00,RUN-REAL-ESS-20260513-002
MKSI,MKS Inc,Common Stock,UNKNOWN,21050000000,MID,NON_STARMINE_ANALYST,,FIDELITY,starmine_zacks.csv,2026-05-13,2026-05-13T15:28:42.873928+00:00,RUN-REAL-ESS-20260513-002
MU,Micron Technology Inc.,Common Stock,UNKNOWN,864500000000,MEGA,NON_STARMINE_ANALYST,,FIDELITY,starmine_zacks.csv,2026-05-13,2026-05-13T15:28:42.873928+00:00,RUN-REAL-ESS-20260513-002
MS,Morgan Stanley,Common Stock,UNKNOWN,302650000000,LARGE,NON_STARMINE_ANALYST,,FIDELITY,starmine_zacks.csv,2026-05-13,2026-05-13T15:28:42.873928+00:00,RUN-REAL-ESS-20260513-002
ONTO,Onto Innovation Inc,Common Stock,UNKNOWN,13830000000,SMALL,NON_STARMINE_ANALYST,,FIDELITY,starmine_zacks.csv,2026-05-13,2026-05-13T15:28:42.873928+00:00,RUN-REAL-ESS-20260513-002
IDR,Idaho Strategic Resources Inc,Common Stock,UNKNOWN,814110000,MICRO,NON_STARMINE_ANALYST,,FIDELITY,starmine_zacks.csv,2026-05-13,2026-05-13T15:28:42.873928+00:00,RUN-REAL-ESS-20260513-002
NKSH,National Bankshares Inc,Common Stock,UNKNOWN,219140000,MICRO,NON_STARMINE_ANALYST,,FIDELITY,starmine_zacks.csv,2026-05-13,2026-05-13T15:28:42.873928+00:00,RUN-REAL-ESS-20260513-002
NVDA,NVIDIA Corporation,Common Stock,UNKNOWN,5360000000000,MEGA,NON_STARMINE_ANALYST,,FIDELITY,starmine_zacks.csv,2026-05-13,2026-05-13T15:28:42.873928+00:00,RUN-REAL-ESS-20260513-002
OFG,OFG Bancorp,Common Stock,UNKNOWN,1870000000,MICRO,NON_STARMINE_ANALYST,,FIDELITY,starmine_zacks.csv,2026-05-13,2026-05-13T15:28:42.873928+00:00,RUN-REAL-ESS-20260513-002
OMCL,Omnicell Inc,Common Stock,UNKNOWN,1990000000,MICRO,NON_STARMINE_ANALYST,,FIDELITY,starmine_zacks.csv,2026-05-13,2026-05-13T15:28:42.873928+00:00,RUN-REAL-ESS-20260513-002
OMVKY,OMV Aktiengesellschaft,Depository Receipt,UNKNOWN,23520000000,MID,NON_STARMINE_ANALYST,,FIDELITY,starmine_zacks.csv,2026-05-13,2026-05-13T15:28:42.873928+00:00,RUN-REAL-ESS-20260513-002
ON,ON Semiconductor Corp,Common Stock,UNKNOWN,40800000000,MID,NON_STARMINE_ANALYST,,FIDELITY,starmine_zacks.csv,2026-05-13,2026-05-13T15:28:42.873928+00:00,RUN-REAL-ESS-20260513-002
OTTR,Otter Tail Corp,Common Stock,UNKNOWN,3770000000,SMALL,NON_STARMINE_ANALYST,,FIDELITY,starmine_zacks.csv,2026-05-13,2026-05-13T15:28:42.873928+00:00,RUN-REAL-ESS-20260513-002
OXY,Occidental Petroleum Corp,Common Stock,UNKNOWN,55970000000,MID,NON_STARMINE_ANALYST,,FIDELITY,starmine_zacks.csv,2026-05-13,2026-05-13T15:28:42.873928+00:00,RUN-REAL-ESS-20260513-002
PBI,Pitney Bowes Inc.,Common Stock,UNKNOWN,2070000000,MICRO,NON_STARMINE_ANALYST,,FIDELITY,starmine_zacks.csv,2026-05-13,2026-05-13T15:28:42.873928+00:00,RUN-REAL-ESS-20260513-002
PBR,Petroleo Brasileiro S.A.- Petrobras,Depository Receipt,UNKNOWN,76280000000,MID,NON_STARMINE_ANALYST,,FIDELITY,starmine_zacks.csv,2026-05-13,2026-05-13T15:28:42.873928+00:00,RUN-REAL-ESS-20260513-002
PII,Polaris Inc,Common Stock,UNKNOWN,3680000000,SMALL,NON_STARMINE_ANALYST,,FIDELITY,starmine_zacks.csv,2026-05-13,2026-05-13T15:28:42.873928+00:00,RUN-REAL-ESS-20260513-002
PLAB,Photronics Inc,Common Stock,UNKNOWN,3070000000,MICRO,NON_STARMINE_ANALYST,,FIDELITY,starmine_zacks.csv,2026-05-13,2026-05-13T15:28:42.873928+00:00,RUN-REAL-ESS-20260513-002
PLUS,ePlus Inc,Common Stock,UNKNOWN,2220000000,MICRO,NON_STARMINE_ANALYST,,FIDELITY,starmine_zacks.csv,2026-05-13,2026-05-13T15:28:42.873928+00:00,RUN-REAL-ESS-20260513-002
PRA,ProAssurance Corp,Common Stock,UNKNOWN,1270000000,MICRO,NON_STARMINE_ANALYST,,FIDELITY,starmine_zacks.csv,2026-05-13,2026-05-13T15:28:42.873928+00:00,RUN-REAL-ESS-20260513-002
PTEN,Patterson-UTI Energy Inc,Common Stock,UNKNOWN,4580000000,SMALL,NON_STARMINE_ANALYST,,FIDELITY,starmine_zacks.csv,2026-05-13,2026-05-13T15:28:42.873928+00:00,RUN-REAL-ESS-20260513-002
PWR,Quanta Services Inc.,Common Stock,UNKNOWN,114920000000,LARGE,NON_STARMINE_ANALYST,,FIDELITY,starmine_zacks.csv,2026-05-13,2026-05-13T15:28:42.873928+00:00,RUN-REAL-ESS-20260513-002
R,Ryder System Inc,Common Stock,UNKNOWN,8810000000,SMALL,NON_STARMINE_ANALYST,,FIDELITY,starmine_zacks.csv,2026-05-13,2026-05-13T15:28:42.873928+00:00,RUN-REAL-ESS-20260513-002
RCMT,RCM Technologies Inc,Common Stock,UNKNOWN,214060000,MICRO,NON_STARMINE_ANALYST,,FIDELITY,starmine_zacks.csv,2026-05-13,2026-05-13T15:28:42.873928+00:00,RUN-REAL-ESS-20260513-002
REPYY,Repsol SA,Depository Receipt,UNKNOWN,29400000000,MID,NON_STARMINE_ANALYST,,FIDELITY,starmine_zacks.csv,2026-05-13,2026-05-13T15:28:42.873928+00:00,RUN-REAL-ESS-20260513-002
ROP,Roper Technologies Inc,Common Stock,UNKNOWN,32690000000,MID,NON_STARMINE_ANALYST,,FIDELITY,starmine_zacks.csv,2026-05-13,2026-05-13T15:28:42.873928+00:00,RUN-REAL-ESS-20260513-002
RRC,Range Resources Corp.,Common Stock,UNKNOWN,9640000000,SMALL,NON_STARMINE_ANALYST,,FIDELITY,starmine_zacks.csv,2026-05-13,2026-05-13T15:28:42.873928+00:00,RUN-REAL-ESS-20260513-002
RWEOY,RWE Aktiengesellschaft,Depository Receipt,UNKNOWN,49040000000,MID,NON_STARMINE_ANALYST,,FIDELITY,starmine_zacks.csv,2026-05-13,2026-05-13T15:28:42.873928+00:00,RUN-REAL-ESS-20260513-002
STN,Stantec Inc,Common Stock,UNKNOWN,9500000000,SMALL,NON_STARMINE_ANALYST,,FIDELITY,starmine_zacks.csv,2026-05-13,2026-05-13T15:28:42.873928+00:00,RUN-REAL-ESS-20260513-002
SANM,Sanmina Corp,Common Stock,UNKNOWN,12640000000,SMALL,NON_STARMINE_ANALYST,,FIDELITY,starmine_zacks.csv,2026-05-13,2026-05-13T15:28:42.873928+00:00,RUN-REAL-ESS-20260513-002
SCHL,Scholastic Corp,Common Stock,UNKNOWN,847290000,MICRO,NON_STARMINE_ANALYST,,FIDELITY,starmine_zacks.csv,2026-05-13,2026-05-13T15:28:42.873928+00:00,RUN-REAL-ESS-20260513-002
SDVKY,Sandvik AB (publ),Depository Receipt,UNKNOWN,48810000000,MID,NON_STARMINE_ANALYST,,FIDELITY,starmine_zacks.csv,2026-05-13,2026-05-13T15:28:42.873928+00:00,RUN-REAL-ESS-20260513-002
SBLK,Star Bulk Carriers Corp,Common Stock,UNKNOWN,3050000000,MICRO,NON_STARMINE_ANALYST,,FIDELITY,starmine_zacks.csv,2026-05-13,2026-05-13T15:28:42.873928+00:00,RUN-REAL-ESS-20260513-002
SHBI,Shore Bancshares Inc,Common Stock,UNKNOWN,651050000,MICRO,NON_STARMINE_ANALYST,,FIDELITY,starmine_zacks.csv,2026-05-13,2026-05-13T15:28:42.873928+00:00,RUN-REAL-ESS-20260513-002
SLM,SLM Corp,Common Stock,UNKNOWN,4150000000,SMALL,NON_STARMINE_ANALYST,,FIDELITY,starmine_zacks.csv,2026-05-13,2026-05-13T15:28:42.873928+00:00,RUN-REAL-ESS-20260513-002
SM,SM Energy Co,Common Stock,UNKNOWN,7520000000,SMALL,NON_STARMINE_ANALYST,,FIDELITY,starmine_zacks.csv,2026-05-13,2026-05-13T15:28:42.873928+00:00,RUN-REAL-ESS-20260513-002
SMFG,Sumitomo Mitsui Financial Group Inc,Depository Receipt,UNKNOWN,140650000000,LARGE,NON_STARMINE_ANALYST,,FIDELITY,starmine_zacks.csv,2026-05-13,2026-05-13T15:28:42.873928+00:00,RUN-REAL-ESS-20260513-002
SMP,Standard Motor Products Inc.,Common Stock,UNKNOWN,853790000,MICRO,NON_STARMINE_ANALYST,,FIDELITY,starmine_zacks.csv,2026-05-13,2026-05-13T15:28:42.873928+00:00,RUN-REAL-ESS-20260513-002
SNX,TD SYNNEX Corp,Common Stock,UNKNOWN,18560000000,MID,NON_STARMINE_ANALYST,,FIDELITY,starmine_zacks.csv,2026-05-13,2026-05-13T15:28:42.873928+00:00,RUN-REAL-ESS-20260513-002
SUBCY,Subsea 7 S.A.,Depository Receipt,UNKNOWN,10380000000,SMALL,NON_STARMINE_ANALYST,,FIDELITY,starmine_zacks.csv,2026-05-13,2026-05-13T15:28:42.873928+00:00,RUN-REAL-ESS-20260513-002
SPH,Suburban Propane Partners LP,Unit Trust Fund,UNKNOWN,1320000000,MICRO,NON_STARMINE_ANALYST,,FIDELITY,starmine_zacks.csv,2026-05-13,2026-05-13T15:28:42.873928+00:00,RUN-REAL-ESS-20260513-002
SSL,Sasol Ltd,Depository Receipt,UNKNOWN,8500000000,SMALL,NON_STARMINE_ANALYST,,FIDELITY,starmine_zacks.csv,2026-05-13,2026-05-13T15:28:42.873928+00:00,RUN-REAL-ESS-20260513-002
SSRM,SSR Mining Inc,Common Stock,UNKNOWN,7740000000,SMALL,NON_STARMINE_ANALYST,,FIDELITY,starmine_zacks.csv,2026-05-13,2026-05-13T15:28:42.873928+00:00,RUN-REAL-ESS-20260513-002
EQNR,Equinor ASA,Depository Receipt,UNKNOWN,96310000000,LARGE,NON_STARMINE_ANALYST,,FIDELITY,starmine_zacks.csv,2026-05-13,2026-05-13T15:28:42.873928+00:00,RUN-REAL-ESS-20260513-002
STRA,Strategic Education Inc,Common Stock,UNKNOWN,1780000000,MICRO,NON_STARMINE_ANALYST,,FIDELITY,starmine_zacks.csv,2026-05-13,2026-05-13T15:28:42.873928+00:00,RUN-REAL-ESS-20260513-002
STT,State Street Corporation,Common Stock,UNKNOWN,41640000000,MID,NON_STARMINE_ANALYST,,FIDELITY,starmine_zacks.csv,2026-05-13,2026-05-13T15:28:42.873928+00:00,RUN-REAL-ESS-20260513-002
STX,Seagate Technology Holdings plc,Common Stock,UNKNOWN,181360000000,LARGE,NON_STARMINE_ANALYST,,FIDELITY,starmine_zacks.csv,2026-05-13,2026-05-13T15:28:42.873928+00:00,RUN-REAL-ESS-20260513-002
SU,Suncor Energy Inc.,Common Stock,UNKNOWN,78590000000,MID,NON_STARMINE_ANALYST,,FIDELITY,starmine_zacks.csv,2026-05-13,2026-05-13T15:28:42.873928+00:00,RUN-REAL-ESS-20260513-002
TCBK,TriCo Bancshares,Common Stock,UNKNOWN,1590000000,MICRO,NON_STARMINE_ANALYST,,FIDELITY,starmine_zacks.csv,2026-05-13,2026-05-13T15:28:42.873928+00:00,RUN-REAL-ESS-20260513-002
TDW,Tidewater Inc.,Common Stock,UNKNOWN,4050000000,SMALL,NON_STARMINE_ANALYST,,FIDELITY,starmine_zacks.csv,2026-05-13,2026-05-13T15:28:42.873928+00:00,RUN-REAL-ESS-20260513-002
REPX,Riley Exploration-Permian LLC,Common Stock,UNKNOWN,788650000,MICRO,NON_STARMINE_ANALYST,,FIDELITY,starmine_zacks.csv,2026-05-13,2026-05-13T15:28:42.873928+00:00,RUN-REAL-ESS-20260513-002
TM,Toyota Motor Corp,Depository Receipt,UNKNOWN,236780000000,LARGE,NON_STARMINE_ANALYST,,FIDELITY,starmine_zacks.csv,2026-05-13,2026-05-13T15:28:42.873928+00:00,RUN-REAL-ESS-20260513-002
TPL,Texas Pacific Land Corp,Common Stock,UNKNOWN,27690000000,MID,NON_STARMINE_ANALYST,,FIDELITY,starmine_zacks.csv,2026-05-13,2026-05-13T15:28:42.873928+00:00,RUN-REAL-ESS-20260513-002
TIMB,TIM S.A.,Depository Receipt,UNKNOWN,11070000000,SMALL,NON_STARMINE_ANALYST,,FIDELITY,starmine_zacks.csv,2026-05-13,2026-05-13T15:28:42.873928+00:00,RUN-REAL-ESS-20260513-002
TTNDY,Techtronic Industries Co Ltd,Depository Receipt,UNKNOWN,29110000000,MID,NON_STARMINE_ANALYST,,FIDELITY,starmine_zacks.csv,2026-05-13,2026-05-13T15:28:42.873928+00:00,RUN-REAL-ESS-20260513-002
TXN,Texas Instruments Inc,Common Stock,UNKNOWN,268630000000,LARGE,NON_STARMINE_ANALYST,,FIDELITY,starmine_zacks.csv,2026-05-13,2026-05-13T15:28:42.873928+00:00,RUN-REAL-ESS-20260513-002
UFCS,United Fire Group Inc,Common Stock,UNKNOWN,1240000000,MICRO,NON_STARMINE_ANALYST,,FIDELITY,starmine_zacks.csv,2026-05-13,2026-05-13T15:28:42.873928+00:00,RUN-REAL-ESS-20260513-002
UMBF,UMB Financial Corp,Common Stock,UNKNOWN,9800000000,SMALL,NON_STARMINE_ANALYST,,FIDELITY,starmine_zacks.csv,2026-05-13,2026-05-13T15:28:42.873928+00:00,RUN-REAL-ESS-20260513-002
USNZY,Usinas Siderurgicas de Minas Gerais S A,Depository Receipt,UNKNOWN,934230000,MICRO,NON_STARMINE_ANALYST,,FIDELITY,starmine_zacks.csv,2026-05-13,2026-05-13T15:28:42.873928+00:00,RUN-REAL-ESS-20260513-002
UVE,Universal Insurance Holdings,Common Stock,UNKNOWN,1100000000,MICRO,NON_STARMINE_ANALYST,,FIDELITY,starmine_zacks.csv,2026-05-13,2026-05-13T15:28:42.873928+00:00,RUN-REAL-ESS-20260513-002
VFC,V.F. Corp,Common Stock,UNKNOWN,6880000000,SMALL,NON_STARMINE_ANALYST,,FIDELITY,starmine_zacks.csv,2026-05-13,2026-05-13T15:28:42.873928+00:00,RUN-REAL-ESS-20260513-002
VICR,Vicor Corp,Common Stock,UNKNOWN,13330000000,SMALL,NON_STARMINE_ANALYST,,FIDELITY,starmine_zacks.csv,2026-05-13,2026-05-13T15:28:42.873928+00:00,RUN-REAL-ESS-20260513-002
VLO,Valero Energy Corp,Common Stock,UNKNOWN,73380000000,MID,NON_STARMINE_ANALYST,,FIDELITY,starmine_zacks.csv,2026-05-13,2026-05-13T15:28:42.873928+00:00,RUN-REAL-ESS-20260513-002
VMI,Valmont Industries Inc,Common Stock,UNKNOWN,9980000000,SMALL,NON_STARMINE_ANALYST,,FIDELITY,starmine_zacks.csv,2026-05-13,2026-05-13T15:28:42.873928+00:00,RUN-REAL-ESS-20260513-002
VOD,Vodafone Group Public Limited Company,Depository Receipt,UNKNOWN,34760000000,MID,NON_STARMINE_ANALYST,,FIDELITY,starmine_zacks.csv,2026-05-13,2026-05-13T15:28:42.873928+00:00,RUN-REAL-ESS-20260513-002
PRSU,Pursuit Attractions and Hospitality Inc,Common Stock,UNKNOWN,1140000000,MICRO,NON_STARMINE_ANALYST,,FIDELITY,starmine_zacks.csv,2026-05-13,2026-05-13T15:28:42.873928+00:00,RUN-REAL-ESS-20260513-002
WDC,Western Digital Corp,Common Stock,UNKNOWN,168460000000,LARGE,NON_STARMINE_ANALYST,,FIDELITY,starmine_zacks.csv,2026-05-13,2026-05-13T15:28:42.873928+00:00,RUN-REAL-ESS-20260513-002
WAFD,WaFd Inc,Common Stock,UNKNOWN,2600000000,MICRO,NON_STARMINE_ANALYST,,FIDELITY,starmine_zacks.csv,2026-05-13,2026-05-13T15:28:42.873928+00:00,RUN-REAL-ESS-20260513-002
XOM,Exxon Mobil Corp,Common Stock,UNKNOWN,624350000000,MEGA,NON_STARMINE_ANALYST,,FIDELITY,starmine_zacks.csv,2026-05-13,2026-05-13T15:28:42.873928+00:00,RUN-REAL-ESS-20260513-002
YARIY,Yara International ASA,Depository Receipt,UNKNOWN,15290000000,MID,NON_STARMINE_ANALYST,,FIDELITY,starmine_zacks.csv,2026-05-13,2026-05-13T15:28:42.873928+00:00,RUN-REAL-ESS-20260513-002
YPF,Ypf Sociedad Anonima Yacimientos Petroliferos Fisc,Depository Receipt,UNKNOWN,17680000000,MID,NON_STARMINE_ANALYST,,FIDELITY,starmine_zacks.csv,2026-05-13,2026-05-13T15:28:42.873928+00:00,RUN-REAL-ESS-20260513-002
DINO,HF Sinclair Corp,Common Stock,UNKNOWN,12860000000,SMALL,NON_STARMINE_ANALYST,,FIDELITY,starmine_zacks.csv,2026-05-13,2026-05-13T15:28:42.873928+00:00,RUN-REAL-ESS-20260513-002
CLAR,Clarus Corp,Common Stock,UNKNOWN,101100000,MICRO,NON_STARMINE_ANALYST,,FIDELITY,starmine_zacks.csv,2026-05-13,2026-05-13T15:28:42.873928+00:00,RUN-REAL-ESS-20260513-002
SIMO,Silicon Motion Technology Corp,Depository Receipt,UNKNOWN,8790000000,SMALL,NON_STARMINE_ANALYST,,FIDELITY,starmine_zacks.csv,2026-05-13,2026-05-13T15:28:42.873928+00:00,RUN-REAL-ESS-20260513-002
CACC,Credit Acceptance Corp,Common Stock,UNKNOWN,5510000000,SMALL,NON_STARMINE_ANALYST,,FIDELITY,starmine_zacks.csv,2026-05-13,2026-05-13T15:28:42.873928+00:00,RUN-REAL-ESS-20260513-002
TSAT,Telesat Corp,Common Stock,UNKNOWN,2740000000,MICRO,NON_STARMINE_ANALYST,,FIDELITY,starmine_zacks.csv,2026-05-13,2026-05-13T15:28:42.873928+00:00,RUN-REAL-ESS-20260513-002
ATRC,AtriCure Inc,Common Stock,UNKNOWN,1350000000,MICRO,NON_STARMINE_ANALYST,,FIDELITY,starmine_zacks.csv,2026-05-13,2026-05-13T15:28:42.873928+00:00,RUN-REAL-ESS-20260513-002
CF,CF Industries Holdings Inc,Common Stock,UNKNOWN,20030000000,MID,NON_STARMINE_ANALYST,,FIDELITY,starmine_zacks.csv,2026-05-13,2026-05-13T15:28:42.873928+00:00,RUN-REAL-ESS-20260513-002
RBC,RBC Bearings Inc,Common Stock,UNKNOWN,19390000000,MID,NON_STARMINE_ANALYST,,FIDELITY,starmine_zacks.csv,2026-05-13,2026-05-13T15:28:42.873928+00:00,RUN-REAL-ESS-20260513-002
GLP,Global Partners LP,Unit Trust Fund,UNKNOWN,1660000000,MICRO,NON_STARMINE_ANALYST,,FIDELITY,starmine_zacks.csv,2026-05-13,2026-05-13T15:28:42.873928+00:00,RUN-REAL-ESS-20260513-002
UAA,Under Armour Inc,Common Stock,UNKNOWN,1120000000,MICRO,NON_STARMINE_ANALYST,,FIDELITY,starmine_zacks.csv,2026-05-13,2026-05-13T15:28:42.873928+00:00,RUN-REAL-ESS-20260513-002
DK,Delek US Holdings Inc,Common Stock,UNKNOWN,2820000000,MICRO,NON_STARMINE_ANALYST,,FIDELITY,starmine_zacks.csv,2026-05-13,2026-05-13T15:28:42.873928+00:00,RUN-REAL-ESS-20260513-002
CIEN,Ciena Corp,Common Stock,UNKNOWN,81610000000,MID,NON_STARMINE_ANALYST,,FIDELITY,starmine_zacks.csv,2026-05-13,2026-05-13T15:28:42.873928+00:00,RUN-REAL-ESS-20260513-002
NVGS,Navigator Holdings Ltd,Common Stock,UNKNOWN,1450000000,MICRO,NON_STARMINE_ANALYST,,FIDELITY,starmine_zacks.csv,2026-05-13,2026-05-13T15:28:42.873928+00:00,RUN-REAL-ESS-20260513-002
LMAT,LeMaitre Vascular Inc,Common Stock,UNKNOWN,2220000000,MICRO,NON_STARMINE_ANALYST,,FIDELITY,starmine_zacks.csv,2026-05-13,2026-05-13T15:28:42.873928+00:00,RUN-REAL-ESS-20260513-002
CPRX,Catalyst Pharmaceutical Inc,Common Stock,UNKNOWN,3810000000,SMALL,NON_STARMINE_ANALYST,,FIDELITY,starmine_zacks.csv,2026-05-13,2026-05-13T15:28:42.873928+00:00,RUN-REAL-ESS-20260513-002
AER,AerCap Holdings NV,Common Stock,UNKNOWN,22790000000,MID,NON_STARMINE_ANALYST,,FIDELITY,starmine_zacks.csv,2026-05-13,2026-05-13T15:28:42.873928+00:00,RUN-REAL-ESS-20260513-002
REI,Ring Energy Inc,Common Stock,UNKNOWN,372750000,MICRO,NON_STARMINE_ANALYST,,FIDELITY,starmine_zacks.csv,2026-05-13,2026-05-13T15:28:42.873928+00:00,RUN-REAL-ESS-20260513-002
CNK,Cinemark Holdings Inc,Common Stock,UNKNOWN,3070000000,MICRO,NON_STARMINE_ANALYST,,FIDELITY,starmine_zacks.csv,2026-05-13,2026-05-13T15:28:42.873928+00:00,RUN-REAL-ESS-20260513-002
ORN,Orion Group Holdings Inc,Common Stock,UNKNOWN,599490000,MICRO,NON_STARMINE_ANALYST,,FIDELITY,starmine_zacks.csv,2026-05-13,2026-05-13T15:28:42.873928+00:00,RUN-REAL-ESS-20260513-002
TEL,TE Connectivity plc,Common Stock,UNKNOWN,62390000000,MID,NON_STARMINE_ANALYST,,FIDELITY,starmine_zacks.csv,2026-05-13,2026-05-13T15:28:42.873928+00:00,RUN-REAL-ESS-20260513-002
TDC,Teradata Corporation,Common Stock,UNKNOWN,2990000000,MICRO,NON_STARMINE_ANALYST,,FIDELITY,starmine_zacks.csv,2026-05-13,2026-05-13T15:28:42.873928+00:00,RUN-REAL-ESS-20260513-002
SHIP,Seanergy Maritime Holdings Corp,Common Stock,UNKNOWN,356870000,MICRO,NON_STARMINE_ANALYST,,FIDELITY,starmine_zacks.csv,2026-05-13,2026-05-13T15:28:42.873928+00:00,RUN-REAL-ESS-20260513-002
APEI,American Public Education Inc,Common Stock,UNKNOWN,972180000,MICRO,NON_STARMINE_ANALYST,,FIDELITY,starmine_zacks.csv,2026-05-13,2026-05-13T15:28:42.873928+00:00,RUN-REAL-ESS-20260513-002
KDP,Keurig Dr Pepper Inc,Common Stock,UNKNOWN,39690000000,MID,NON_STARMINE_ANALYST,,FIDELITY,starmine_zacks.csv,2026-05-13,2026-05-13T15:28:42.873928+00:00,RUN-REAL-ESS-20260513-002
ENGIY,Engie SA,Depository Receipt,UNKNOWN,81360000000,MID,NON_STARMINE_ANALYST,,FIDELITY,starmine_zacks.csv,2026-05-13,2026-05-13T15:28:42.873928+00:00,RUN-REAL-ESS-20260513-002
TREE,LendingTree Inc,Common Stock,UNKNOWN,527000000,MICRO,NON_STARMINE_ANALYST,,FIDELITY,starmine_zacks.csv,2026-05-13,2026-05-13T15:28:42.873928+00:00,RUN-REAL-ESS-20260513-002
MYRG,MYR Group Inc,Common Stock,UNKNOWN,7090000000,SMALL,NON_STARMINE_ANALYST,,FIDELITY,starmine_zacks.csv,2026-05-13,2026-05-13T15:28:42.873928+00:00,RUN-REAL-ESS-20260513-002
HCI,HCI Group Inc,Common Stock,UNKNOWN,1960000000,MICRO,NON_STARMINE_ANALYST,,FIDELITY,starmine_zacks.csv,2026-05-13,2026-05-13T15:28:42.873928+00:00,RUN-REAL-ESS-20260513-002
EC,Ecopetrol SA,Depository Receipt,UNKNOWN,26890000000,MID,NON_STARMINE_ANALYST,,FIDELITY,starmine_zacks.csv,2026-05-13,2026-05-13T15:28:42.873928+00:00,RUN-REAL-ESS-20260513-002
ALPMY,Astellas Pharma Inc,Depository Receipt,UNKNOWN,26370000000,MID,NON_STARMINE_ANALYST,,FIDELITY,starmine_zacks.csv,2026-05-13,2026-05-13T15:28:42.873928+00:00,RUN-REAL-ESS-20260513-002
DHLGY,Deutsche Post AG,Depository Receipt,UNKNOWN,62250000000,MID,NON_STARMINE_ANALYST,,FIDELITY,starmine_zacks.csv,2026-05-13,2026-05-13T15:28:42.873928+00:00,RUN-REAL-ESS-20260513-002
MURGY,Muenchener Rueckversicherungs-Gesellschaft Aktieng,Depository Receipt,UNKNOWN,70120000000,MID,NON_STARMINE_ANALYST,,FIDELITY,starmine_zacks.csv,2026-05-13,2026-05-13T15:28:42.873928+00:00,RUN-REAL-ESS-20260513-002
SZKMY,Suzuki Motor Corp,Depository Receipt,UNKNOWN,21710000000,MID,NON_STARMINE_ANALYST,,FIDELITY,starmine_zacks.csv,2026-05-13,2026-05-13T15:28:42.873928+00:00,RUN-REAL-ESS-20260513-002
NTOIY,Neste OYJ,Depository Receipt,UNKNOWN,26180000000,MID,NON_STARMINE_ANALYST,,FIDELITY,starmine_zacks.csv,2026-05-13,2026-05-13T15:28:42.873928+00:00,RUN-REAL-ESS-20260513-002
GLPEY,Galp Energia SGPS SA,Depository Receipt,UNKNOWN,15310000000,MID,NON_STARMINE_ANALYST,,FIDELITY,starmine_zacks.csv,2026-05-13,2026-05-13T15:28:42.873928+00:00,RUN-REAL-ESS-20260513-002
PRYMY,Prysmian SPA,Depository Receipt,UNKNOWN,50740000000,MID,NON_STARMINE_ANALYST,,FIDELITY,starmine_zacks.csv,2026-05-13,2026-05-13T15:28:42.873928+00:00,RUN-REAL-ESS-20260513-002
LNNGY,Li Ning Company Limited,Depository Receipt,UNKNOWN,6380000000,SMALL,NON_STARMINE_ANALYST,,FIDELITY,starmine_zacks.csv,2026-05-13,2026-05-13T15:28:42.873928+00:00,RUN-REAL-ESS-20260513-002
KHNGY,Kuehne Plus Nagel International AG,Depository Receipt,UNKNOWN,26530000000,MID,NON_STARMINE_ANALYST,,FIDELITY,starmine_zacks.csv,2026-05-13,2026-05-13T15:28:42.873928+00:00,RUN-REAL-ESS-20260513-002
UCBJY,UCB SA,Depository Receipt,UNKNOWN,53780000000,MID,NON_STARMINE_ANALYST,,FIDELITY,starmine_zacks.csv,2026-05-13,2026-05-13T15:28:42.873928+00:00,RUN-REAL-ESS-20260513-002
AVGO,Broadcom Inc,Common Stock,UNKNOWN,1990000000000,MEGA,NON_STARMINE_ANALYST,,FIDELITY,starmine_zacks.csv,2026-05-13,2026-05-13T15:28:42.873928+00:00,RUN-REAL-ESS-20260513-002
OMER,Omeros Corp,Common Stock,UNKNOWN,1070000000,MICRO,NON_STARMINE_ANALYST,,FIDELITY,starmine_zacks.csv,2026-05-13,2026-05-13T15:28:42.873928+00:00,RUN-REAL-ESS-20260513-002
PAM,Pampa Energia SA,Depository Receipt,UNKNOWN,4480000000,SMALL,NON_STARMINE_ANALYST,,FIDELITY,starmine_zacks.csv,2026-05-13,2026-05-13T15:28:42.873928+00:00,RUN-REAL-ESS-20260513-002
CVE,Cenovus Energy Inc,Common Stock,UNKNOWN,56270000000,MID,NON_STARMINE_ANALYST,,FIDELITY,starmine_zacks.csv,2026-05-13,2026-05-13T15:28:42.873928+00:00,RUN-REAL-ESS-20260513-002
DG,Dollar General Corporation,Common Stock,UNKNOWN,22680000000,MID,NON_STARMINE_ANALYST,,FIDELITY,starmine_zacks.csv,2026-05-13,2026-05-13T15:28:42.873928+00:00,RUN-REAL-ESS-20260513-002
PEB,Pebblebrook Hotel Trust,Common Stock (REIT),UNKNOWN,1620000000,MICRO,NON_STARMINE_ANALYST,,FIDELITY,starmine_zacks.csv,2026-05-13,2026-05-13T15:28:42.873928+00:00,RUN-REAL-ESS-20260513-002
GNRC,Generac Holdings Inc,Common Stock,UNKNOWN,15870000000,MID,NON_STARMINE_ANALYST,,FIDELITY,starmine_zacks.csv,2026-05-13,2026-05-13T15:28:42.873928+00:00,RUN-REAL-ESS-20260513-002
HTHT,H World Group Limited,Depository Receipt,UNKNOWN,14930000000,MID,NON_STARMINE_ANALYST,,FIDELITY,starmine_zacks.csv,2026-05-13,2026-05-13T15:28:42.873928+00:00,RUN-REAL-ESS-20260513-002
STNG,Scorpio Tankers Inc,Common Stock,UNKNOWN,4210000000,SMALL,NON_STARMINE_ANALYST,,FIDELITY,starmine_zacks.csv,2026-05-13,2026-05-13T15:28:42.873928+00:00,RUN-REAL-ESS-20260513-002
VEON,VEON Ltd,Depository Receipt,UNKNOWN,3440000000,MICRO,NON_STARMINE_ANALYST,,FIDELITY,starmine_zacks.csv,2026-05-13,2026-05-13T15:28:42.873928+00:00,RUN-REAL-ESS-20260513-002
LYB,LyondellBasell Industries NV,Common Stock,UNKNOWN,23990000000,MID,NON_STARMINE_ANALYST,,FIDELITY,starmine_zacks.csv,2026-05-13,2026-05-13T15:28:42.873928+00:00,RUN-REAL-ESS-20260513-002
FAF,First American Financial Corp,Common Stock,UNKNOWN,6910000000,SMALL,NON_STARMINE_ANALYST,,FIDELITY,starmine_zacks.csv,2026-05-13,2026-05-13T15:28:42.873928+00:00,RUN-REAL-ESS-20260513-002
HPP,Hudson Pacific Properties Inc,Common Stock (REIT),UNKNOWN,647650000,MICRO,NON_STARMINE_ANALYST,,FIDELITY,starmine_zacks.csv,2026-05-13,2026-05-13T15:28:42.873928+00:00,RUN-REAL-ESS-20260513-002
FN,Fabrinet,Common Stock,UNKNOWN,22730000000,MID,NON_STARMINE_ANALYST,,FIDELITY,starmine_zacks.csv,2026-05-13,2026-05-13T15:28:42.873928+00:00,RUN-REAL-ESS-20260513-002
TAL,TAL Education Group,Depository Receipt,UNKNOWN,6750000000,SMALL,NON_STARMINE_ANALYST,,FIDELITY,starmine_zacks.csv,2026-05-13,2026-05-13T15:28:42.873928+00:00,RUN-REAL-ESS-20260513-002
ASMIY,ASM International NV,Depository Receipt,UNKNOWN,49040000000,MID,NON_STARMINE_ANALYST,,FIDELITY,starmine_zacks.csv,2026-05-13,2026-05-13T15:28:42.873928+00:00,RUN-REAL-ESS-20260513-002
KMI,Kinder Morgan Inc.,Common Stock,UNKNOWN,72200000000,MID,NON_STARMINE_ANALYST,,FIDELITY,starmine_zacks.csv,2026-05-13,2026-05-13T15:28:42.873928+00:00,RUN-REAL-ESS-20260513-002
GRCE,Grace Therapeutics Inc,Common Stock,UNKNOWN,36050000,MICRO,NON_STARMINE_ANALYST,,FIDELITY,starmine_zacks.csv,2026-05-13,2026-05-13T15:28:42.873928+00:00,RUN-REAL-ESS-20260513-002
EFXT,Enerflex Ltd,Common Stock,UNKNOWN,3300000000,MICRO,NON_STARMINE_ANALYST,,FIDELITY,starmine_zacks.csv,2026-05-13,2026-05-13T15:28:42.873928+00:00,RUN-REAL-ESS-20260513-002
MPC,Marathon Petroleum Corp,Common Stock,UNKNOWN,73570000000,MID,NON_STARMINE_ANALYST,,FIDELITY,starmine_zacks.csv,2026-05-13,2026-05-13T15:28:42.873928+00:00,RUN-REAL-ESS-20260513-002
ZG,Zillow Group Inc,Common Stock,UNKNOWN,1940000000,MICRO,NON_STARMINE_ANALYST,,FIDELITY,starmine_zacks.csv,2026-05-13,2026-05-13T15:28:42.873928+00:00,RUN-REAL-ESS-20260513-002
ELEZY,Endesa SA,Depository Receipt,UNKNOWN,45500000000,MID,NON_STARMINE_ANALYST,,FIDELITY,starmine_zacks.csv,2026-05-13,2026-05-13T15:28:42.873928+00:00,RUN-REAL-ESS-20260513-002
VAC,Marriott Vacations Worldwide Corp,Common Stock,UNKNOWN,2490000000,MICRO,NON_STARMINE_ANALYST,,FIDELITY,starmine_zacks.csv,2026-05-13,2026-05-13T15:28:42.873928+00:00,RUN-REAL-ESS-20260513-002
PBAM,Private Bancorp of America Inc,Common Stock,UNKNOWN,423870000,MICRO,NON_STARMINE_ANALYST,,FIDELITY,starmine_zacks.csv,2026-05-13,2026-05-13T15:28:42.873928+00:00,RUN-REAL-ESS-20260513-002
GWRE,Guidewire Software Inc,Common Stock,UNKNOWN,11120000000,SMALL,NON_STARMINE_ANALYST,,FIDELITY,starmine_zacks.csv,2026-05-13,2026-05-13T15:28:42.873928+00:00,RUN-REAL-ESS-20260513-002
MTDR,Matador Resources Co,Common Stock,UNKNOWN,7030000000,SMALL,NON_STARMINE_ANALYST,,FIDELITY,starmine_zacks.csv,2026-05-13,2026-05-13T15:28:42.873928+00:00,RUN-REAL-ESS-20260513-002
PRLB,Proto Labs Inc,Common Stock,UNKNOWN,1690000000,MICRO,NON_STARMINE_ANALYST,,FIDELITY,starmine_zacks.csv,2026-05-13,2026-05-13T15:28:42.873928+00:00,RUN-REAL-ESS-20260513-002
FET,Forum Energy Technologies Inc,Common Stock,UNKNOWN,628390000,MICRO,NON_STARMINE_ANALYST,,FIDELITY,starmine_zacks.csv,2026-05-13,2026-05-13T15:28:42.873928+00:00,RUN-REAL-ESS-20260513-002
PSX,Phillips 66,Common Stock,UNKNOWN,70340000000,MID,NON_STARMINE_ANALYST,,FIDELITY,starmine_zacks.csv,2026-05-13,2026-05-13T15:28:42.873928+00:00,RUN-REAL-ESS-20260513-002
FIVE,Five Below Inc,Common Stock,UNKNOWN,11530000000,SMALL,NON_STARMINE_ANALYST,,FIDELITY,starmine_zacks.csv,2026-05-13,2026-05-13T15:28:42.873928+00:00,RUN-REAL-ESS-20260513-002
GMED,Globus Medical Inc,Common Stock,UNKNOWN,10330000000,SMALL,NON_STARMINE_ANALYST,,FIDELITY,starmine_zacks.csv,2026-05-13,2026-05-13T15:28:42.873928+00:00,RUN-REAL-ESS-20260513-002
PARR,Par Pacific Holdings Inc,Common Stock,UNKNOWN,3160000000,MICRO,NON_STARMINE_ANALYST,,FIDELITY,starmine_zacks.csv,2026-05-13,2026-05-13T15:28:42.873928+00:00,RUN-REAL-ESS-20260513-002
TPST,Tempest Therapeutics Inc,Common Stock,UNKNOWN,27540000,MICRO,NON_STARMINE_ANALYST,,FIDELITY,starmine_zacks.csv,2026-05-13,2026-05-13T15:28:42.873928+00:00,RUN-REAL-ESS-20260513-002
FANG,Diamondback Energy Inc,Common Stock,UNKNOWN,55740000000,MID,NON_STARMINE_ANALYST,,FIDELITY,starmine_zacks.csv,2026-05-13,2026-05-13T15:28:42.873928+00:00,RUN-REAL-ESS-20260513-002
PBF,PBF Energy Inc,Common Stock,UNKNOWN,5020000000,SMALL,NON_STARMINE_ANALYST,,FIDELITY,starmine_zacks.csv,2026-05-13,2026-05-13T15:28:42.873928+00:00,RUN-REAL-ESS-20260513-002
FUBO,FuboTV Inc,Common Stock,UNKNOWN,1070000000,MICRO,NON_STARMINE_ANALYST,,FIDELITY,starmine_zacks.csv,2026-05-13,2026-05-13T15:28:42.873928+00:00,RUN-REAL-ESS-20260513-002
OSG,Octave Specialty Group Inc,Common Stock,UNKNOWN,263330000,MICRO,NON_STARMINE_ANALYST,,FIDELITY,starmine_zacks.csv,2026-05-13,2026-05-13T15:28:42.873928+00:00,RUN-REAL-ESS-20260513-002
MUSA,Murphy USA Inc,Common Stock,UNKNOWN,10660000000,SMALL,NON_STARMINE_ANALYST,,FIDELITY,starmine_zacks.csv,2026-05-13,2026-05-13T15:28:42.873928+00:00,RUN-REAL-ESS-20260513-002
AR,Antero Resources Corporation,Common Stock,UNKNOWN,11260000000,SMALL,NON_STARMINE_ANALYST,,FIDELITY,starmine_zacks.csv,2026-05-13,2026-05-13T15:28:42.873928+00:00,RUN-REAL-ESS-20260513-002
VEEV,Veeva Systems Inc,Common Stock,UNKNOWN,26020000000,MID,NON_STARMINE_ANALYST,,FIDELITY,starmine_zacks.csv,2026-05-13,2026-05-13T15:28:42.873928+00:00,RUN-REAL-ESS-20260513-002
TNDM,Tandem Diabetes Care Inc,Common Stock,UNKNOWN,1010000000,MICRO,NON_STARMINE_ANALYST,,FIDELITY,starmine_zacks.csv,2026-05-13,2026-05-13T15:28:42.873928+00:00,RUN-REAL-ESS-20260513-002
VNCE,Vince Holding Corp,Common Stock,UNKNOWN,55760000,MICRO,NON_STARMINE_ANALYST,,FIDELITY,starmine_zacks.csv,2026-05-13,2026-05-13T15:28:42.873928+00:00,RUN-REAL-ESS-20260513-002
MBUU,Malibu Boats Inc,Common Stock,UNKNOWN,551800000,MICRO,NON_STARMINE_ANALYST,,FIDELITY,starmine_zacks.csv,2026-05-13,2026-05-13T15:28:42.873928+00:00,RUN-REAL-ESS-20260513-002
ATEN,A10 Networks Inc,Common Stock,UNKNOWN,1970000000,MICRO,NON_STARMINE_ANALYST,,FIDELITY,starmine_zacks.csv,2026-05-13,2026-05-13T15:28:42.873928+00:00,RUN-REAL-ESS-20260513-002
FIVN,Five9 Inc,Common Stock,UNKNOWN,1600000000,MICRO,NON_STARMINE_ANALYST,,FIDELITY,starmine_zacks.csv,2026-05-13,2026-05-13T15:28:42.873928+00:00,RUN-REAL-ESS-20260513-002
BBSEY,BB Seguridade Participacoes SA,Depository Receipt,UNKNOWN,13490000000,SMALL,NON_STARMINE_ANALYST,,FIDELITY,starmine_zacks.csv,2026-05-13,2026-05-13T15:28:42.873928+00:00,RUN-REAL-ESS-20260513-002
PAHC,Phibro Animal Health Corp,Common Stock,UNKNOWN,1480000000,MICRO,NON_STARMINE_ANALYST,,FIDELITY,starmine_zacks.csv,2026-05-13,2026-05-13T15:28:42.873928+00:00,RUN-REAL-ESS-20260513-002
TBPH,Theravance Biopharma Inc,Common Stock,UNKNOWN,849590000,MICRO,NON_STARMINE_ANALYST,,FIDELITY,starmine_zacks.csv,2026-05-13,2026-05-13T15:28:42.873928+00:00,RUN-REAL-ESS-20260513-002
ANET,Arista Networks Inc,Common Stock,UNKNOWN,179490000000,LARGE,NON_STARMINE_ANALYST,,FIDELITY,starmine_zacks.csv,2026-05-13,2026-05-13T15:28:42.873928+00:00,RUN-REAL-ESS-20260513-002
LNTH,Lantheus Holdings Inc,Common Stock,UNKNOWN,6270000000,SMALL,NON_STARMINE_ANALYST,,FIDELITY,starmine_zacks.csv,2026-05-13,2026-05-13T15:28:42.873928+00:00,RUN-REAL-ESS-20260513-002
KEYS,Keysight Technologies Inc,Common Stock,UNKNOWN,62020000000,MID,NON_STARMINE_ANALYST,,FIDELITY,starmine_zacks.csv,2026-05-13,2026-05-13T15:28:42.873928+00:00,RUN-REAL-ESS-20260513-002
ENVA,Enova International Inc,Common Stock,UNKNOWN,4150000000,SMALL,NON_STARMINE_ANALYST,,FIDELITY,starmine_zacks.csv,2026-05-13,2026-05-13T15:28:42.873928+00:00,RUN-REAL-ESS-20260513-002
LC,LendingClub Corp,Common Stock,UNKNOWN,1880000000,MICRO,NON_STARMINE_ANALYST,,FIDELITY,starmine_zacks.csv,2026-05-13,2026-05-13T15:28:42.873928+00:00,RUN-REAL-ESS-20260513-002
FTAI,FTAI Aviation Ltd,Common Stock,UNKNOWN,27310000000,MID,NON_STARMINE_ANALYST,,FIDELITY,starmine_zacks.csv,2026-05-13,2026-05-13T15:28:42.873928+00:00,RUN-REAL-ESS-20260513-002
INDV,Indivior Pharmaceuticals Inc,Common Stock,UNKNOWN,4630000000,SMALL,NON_STARMINE_ANALYST,,FIDELITY,starmine_zacks.csv,2026-05-13,2026-05-13T15:28:42.873928+00:00,RUN-REAL-ESS-20260513-002
VIRT,Virtu Financial Inc,Common Stock,UNKNOWN,8040000000,SMALL,NON_STARMINE_ANALYST,,FIDELITY,starmine_zacks.csv,2026-05-13,2026-05-13T15:28:42.873928+00:00,RUN-REAL-ESS-20260513-002
RUN,Sunrun Inc,Common Stock,UNKNOWN,3360000000,MICRO,NON_STARMINE_ANALYST,,FIDELITY,starmine_zacks.csv,2026-05-13,2026-05-13T15:28:42.873928+00:00,RUN-REAL-ESS-20260513-002
Z,Zillow Group Inc,Common Stock,UNKNOWN,7140000000,SMALL,NON_STARMINE_ANALYST,,FIDELITY,starmine_zacks.csv,2026-05-13,2026-05-13T15:28:42.873928+00:00,RUN-REAL-ESS-20260513-002
ANAB,AnaptysBio Inc,Common Stock,UNKNOWN,1910000000,MICRO,NON_STARMINE_ANALYST,,FIDELITY,starmine_zacks.csv,2026-05-13,2026-05-13T15:28:42.873928+00:00,RUN-REAL-ESS-20260513-002
XYZ,Block Inc,Common Stock,UNKNOWN,42920000000,MID,NON_STARMINE_ANALYST,,FIDELITY,starmine_zacks.csv,2026-05-13,2026-05-13T15:28:42.873928+00:00,RUN-REAL-ESS-20260513-002
TEAM,Atlassian Corporation,Common Stock,UNKNOWN,21570000000,MID,NON_STARMINE_ANALYST,,FIDELITY,starmine_zacks.csv,2026-05-13,2026-05-13T15:28:42.873928+00:00,RUN-REAL-ESS-20260513-002
DSCSY,Disco Corp,Depository Receipt,UNKNOWN,49400000000,MID,NON_STARMINE_ANALYST,,FIDELITY,starmine_zacks.csv,2026-05-13,2026-05-13T15:28:42.873928+00:00,RUN-REAL-ESS-20260513-002
PR,Permian Resources Corp,Common Stock,UNKNOWN,16890000000,MID,NON_STARMINE_ANALYST,,FIDELITY,starmine_zacks.csv,2026-05-13,2026-05-13T15:28:42.873928+00:00,RUN-REAL-ESS-20260513-002
MTVA,MetaVia Inc,Common Stock,UNKNOWN,5010000,MICRO,NON_STARMINE_ANALYST,,FIDELITY,starmine_zacks.csv,2026-05-13,2026-05-13T15:28:42.873928+00:00,RUN-REAL-ESS-20260513-002
MSBI,Midland States Bancorp Inc,Common Stock,UNKNOWN,559710000,MICRO,NON_STARMINE_ANALYST,,FIDELITY,starmine_zacks.csv,2026-05-13,2026-05-13T15:28:42.873928+00:00,RUN-REAL-ESS-20260513-002
ZTO,ZTO Express (Cayman) Inc,Depository Receipt,UNKNOWN,19140000000,MID,NON_STARMINE_ANALYST,,FIDELITY,starmine_zacks.csv,2026-05-13,2026-05-13T15:28:42.873928+00:00,RUN-REAL-ESS-20260513-002
AA,Alcoa Corporation,Common Stock,UNKNOWN,17840000000,MID,NON_STARMINE_ANALYST,,FIDELITY,starmine_zacks.csv,2026-05-13,2026-05-13T15:28:42.873928+00:00,RUN-REAL-ESS-20260513-002
GDS,GDS Holdings Limited,Depository Receipt,UNKNOWN,8570000000,SMALL,NON_STARMINE_ANALYST,,FIDELITY,starmine_zacks.csv,2026-05-13,2026-05-13T15:28:42.873928+00:00,RUN-REAL-ESS-20260513-002
HGV,Hilton Grand Vacations Inc,Common Stock,UNKNOWN,3600000000,SMALL,NON_STARMINE_ANALYST,,FIDELITY,starmine_zacks.csv,2026-05-13,2026-05-13T15:28:42.873928+00:00,RUN-REAL-ESS-20260513-002
VREX,Varex Imaging Corp,Common Stock,UNKNOWN,415530000,MICRO,NON_STARMINE_ANALYST,,FIDELITY,starmine_zacks.csv,2026-05-13,2026-05-13T15:28:42.873928+00:00,RUN-REAL-ESS-20260513-002
PENG,Penguin Solutions Inc,Common Stock,UNKNOWN,2240000000,MICRO,NON_STARMINE_ANALYST,,FIDELITY,starmine_zacks.csv,2026-05-13,2026-05-13T15:28:42.873928+00:00,RUN-REAL-ESS-20260513-002
APPN,Appian Corp,Common Stock,UNKNOWN,1510000000,MICRO,NON_STARMINE_ANALYST,,FIDELITY,starmine_zacks.csv,2026-05-13,2026-05-13T15:28:42.873928+00:00,RUN-REAL-ESS-20260513-002
MGY,Magnolia Oil & Gas Corp,Common Stock,UNKNOWN,5300000000,SMALL,NON_STARMINE_ANALYST,,FIDELITY,starmine_zacks.csv,2026-05-13,2026-05-13T15:28:42.873928+00:00,RUN-REAL-ESS-20260513-002
RBB,RBB Bancorp,Common Stock,UNKNOWN,398840000,MICRO,NON_STARMINE_ANALYST,,FIDELITY,starmine_zacks.csv,2026-05-13,2026-05-13T15:28:42.873928+00:00,RUN-REAL-ESS-20260513-002
ACEL,Accel Entertainment Inc,Common Stock,UNKNOWN,933580000,MICRO,NON_STARMINE_ANALYST,,FIDELITY,starmine_zacks.csv,2026-05-13,2026-05-13T15:28:42.873928+00:00,RUN-REAL-ESS-20260513-002
BAND,Bandwidth Inc,Common Stock,UNKNOWN,1580000000,MICRO,NON_STARMINE_ANALYST,,FIDELITY,starmine_zacks.csv,2026-05-13,2026-05-13T15:28:42.873928+00:00,RUN-REAL-ESS-20260513-002
OSS,One Stop Systems Inc,Common Stock,UNKNOWN,385160000,MICRO,NON_STARMINE_ANALYST,,FIDELITY,starmine_zacks.csv,2026-05-13,2026-05-13T15:28:42.873928+00:00,RUN-REAL-ESS-20260513-002
QTTB,Q32 Bio Inc,Common Stock,UNKNOWN,98510000,MICRO,NON_STARMINE_ANALYST,,FIDELITY,starmine_zacks.csv,2026-05-13,2026-05-13T15:28:42.873928+00:00,RUN-REAL-ESS-20260513-002
NVT,nVent Electric plc,Common Stock,UNKNOWN,27610000000,MID,NON_STARMINE_ANALYST,,FIDELITY,starmine_zacks.csv,2026-05-13,2026-05-13T15:28:42.873928+00:00,RUN-REAL-ESS-20260513-002
ASX,ASE Technology Holding Co Ltd,Depository Receipt,UNKNOWN,76460000000,MID,NON_STARMINE_ANALYST,,FIDELITY,starmine_zacks.csv,2026-05-13,2026-05-13T15:28:42.873928+00:00,RUN-REAL-ESS-20260513-002
CURLF,Curaleaf Holdings Inc,Common Stock,UNKNOWN,3060000000,MICRO,NON_STARMINE_ANALYST,,FIDELITY,starmine_zacks.csv,2026-05-13,2026-05-13T15:28:42.873928+00:00,RUN-REAL-ESS-20260513-002
BJ,BJ's Wholesale Club Holdings Inc,Common Stock,UNKNOWN,11750000000,SMALL,NON_STARMINE_ANALYST,,FIDELITY,starmine_zacks.csv,2026-05-13,2026-05-13T15:28:42.873928+00:00,RUN-REAL-ESS-20260513-002
LQDA,Liquidia Corp,Common Stock,UNKNOWN,5030000000,SMALL,NON_STARMINE_ANALYST,,FIDELITY,starmine_zacks.csv,2026-05-13,2026-05-13T15:28:42.873928+00:00,RUN-REAL-ESS-20260513-002
BE,Bloom Energy Corp,Common Stock,UNKNOWN,79840000000,MID,NON_STARMINE_ANALYST,,FIDELITY,starmine_zacks.csv,2026-05-13,2026-05-13T15:28:42.873928+00:00,RUN-REAL-ESS-20260513-002
MYFW,First Western Financial Inc,Common Stock,UNKNOWN,282720000,MICRO,NON_STARMINE_ANALYST,,FIDELITY,starmine_zacks.csv,2026-05-13,2026-05-13T15:28:42.873928+00:00,RUN-REAL-ESS-20260513-002
BSVN,Bank7 Corp,Common Stock,UNKNOWN,402080000,MICRO,NON_STARMINE_ANALYST,,FIDELITY,starmine_zacks.csv,2026-05-13,2026-05-13T15:28:42.873928+00:00,RUN-REAL-ESS-20260513-002
DELL,Dell Technologies Inc,Common Stock,UNKNOWN,155360000000,LARGE,NON_STARMINE_ANALYST,,FIDELITY,starmine_zacks.csv,2026-05-13,2026-05-13T15:28:42.873928+00:00,RUN-REAL-ESS-20260513-002
DOW,Dow Inc,Common Stock,UNKNOWN,28420000000,MID,NON_STARMINE_ANALYST,,FIDELITY,starmine_zacks.csv,2026-05-13,2026-05-13T15:28:42.873928+00:00,RUN-REAL-ESS-20260513-002
PLMR,Palomar Holdings Inc,Common Stock,UNKNOWN,2880000000,MICRO,NON_STARMINE_ANALYST,,FIDELITY,starmine_zacks.csv,2026-05-13,2026-05-13T15:28:42.873928+00:00,RUN-REAL-ESS-20260513-002
CHWY,Chewy Inc,Common Stock,UNKNOWN,9540000000,SMALL,NON_STARMINE_ANALYST,,FIDELITY,starmine_zacks.csv,2026-05-13,2026-05-13T15:28:42.873928+00:00,RUN-REAL-ESS-20260513-002
CSTL,Castle Biosciences Inc,Common Stock,UNKNOWN,565050000,MICRO,NON_STARMINE_ANALYST,,FIDELITY,starmine_zacks.csv,2026-05-13,2026-05-13T15:28:42.873928+00:00,RUN-REAL-ESS-20260513-002
VIST,Vista Energy SAB de CV,Depository Receipt,UNKNOWN,7220000000,SMALL,NON_STARMINE_ANALYST,,FIDELITY,starmine_zacks.csv,2026-05-13,2026-05-13T15:28:42.873928+00:00,RUN-REAL-ESS-20260513-002
ARKO,ARKO Corp,Common Stock,UNKNOWN,760620000,MICRO,NON_STARMINE_ANALYST,,FIDELITY,starmine_zacks.csv,2026-05-13,2026-05-13T15:28:42.873928+00:00,RUN-REAL-ESS-20260513-002
TXG,10x Genomics Inc,Common Stock,UNKNOWN,2660000000,MICRO,NON_STARMINE_ANALYST,,FIDELITY,starmine_zacks.csv,2026-05-13,2026-05-13T15:28:42.873928+00:00,RUN-REAL-ESS-20260513-002
HBT,HBT Financial Inc,Common Stock,UNKNOWN,997930000,MICRO,NON_STARMINE_ANALYST,,FIDELITY,starmine_zacks.csv,2026-05-13,2026-05-13T15:28:42.873928+00:00,RUN-REAL-ESS-20260513-002
DCBO,Docebo Inc,Common Stock,UNKNOWN,440860000,MICRO,NON_STARMINE_ANALYST,,FIDELITY,starmine_zacks.csv,2026-05-13,2026-05-13T15:28:42.873928+00:00,RUN-REAL-ESS-20260513-002
PGNY,Progyny Inc,Common Stock,UNKNOWN,1840000000,MICRO,NON_STARMINE_ANALYST,,FIDELITY,starmine_zacks.csv,2026-05-13,2026-05-13T15:28:42.873928+00:00,RUN-REAL-ESS-20260513-002
GFL,GFL Environmental Inc,Common Stock,UNKNOWN,13150000000,SMALL,NON_STARMINE_ANALYST,,FIDELITY,starmine_zacks.csv,2026-05-13,2026-05-13T15:28:42.873928+00:00,RUN-REAL-ESS-20260513-002
PINE,Alpine Income Property Trust Inc,Common Stock,UNKNOWN,315460000,MICRO,NON_STARMINE_ANALYST,,FIDELITY,starmine_zacks.csv,2026-05-13,2026-05-13T15:28:42.873928+00:00,RUN-REAL-ESS-20260513-002
BILL,BILL Holdings Inc,Common Stock,UNKNOWN,4110000000,SMALL,NON_STARMINE_ANALYST,,FIDELITY,starmine_zacks.csv,2026-05-13,2026-05-13T15:28:42.873928+00:00,RUN-REAL-ESS-20260513-002
UROY,Uranium Royalty Corp,Common Stock,UNKNOWN,615230000,MICRO,NON_STARMINE_ANALYST,,FIDELITY,starmine_zacks.csv,2026-05-13,2026-05-13T15:28:42.873928+00:00,RUN-REAL-ESS-20260513-002
SLQT,SelectQuote Inc,Common Stock,UNKNOWN,178110000,MICRO,NON_STARMINE_ANALYST,,FIDELITY,starmine_zacks.csv,2026-05-13,2026-05-13T15:28:42.873928+00:00,RUN-REAL-ESS-20260513-002
WMG,Warner Music Group Corp,Common Stock,UNKNOWN,17530000000,MID,NON_STARMINE_ANALYST,,FIDELITY,starmine_zacks.csv,2026-05-13,2026-05-13T15:28:42.873928+00:00,RUN-REAL-ESS-20260513-002
NCNO,nCino Inc,Common Stock,UNKNOWN,1760000000,MICRO,NON_STARMINE_ANALYST,,FIDELITY,starmine_zacks.csv,2026-05-13,2026-05-13T15:28:42.873928+00:00,RUN-REAL-ESS-20260513-002
PLTR,Palantir Technologies Inc,Common Stock,UNKNOWN,326030000000,LARGE,NON_STARMINE_ANALYST,,FIDELITY,starmine_zacks.csv,2026-05-13,2026-05-13T15:28:42.873928+00:00,RUN-REAL-ESS-20260513-002
EVLV,Evolv Technologies Holdings Inc,Common Stock,UNKNOWN,1250000000,MICRO,NON_STARMINE_ANALYST,,FIDELITY,starmine_zacks.csv,2026-05-13,2026-05-13T15:28:42.873928+00:00,RUN-REAL-ESS-20260513-002
BSY,Bentley System Inc,Common Stock,UNKNOWN,9930000000,SMALL,NON_STARMINE_ANALYST,,FIDELITY,starmine_zacks.csv,2026-05-13,2026-05-13T15:28:42.873928+00:00,RUN-REAL-ESS-20260513-002
GDEV,GDEV Inc,Common Stock,UNKNOWN,304920000,MICRO,NON_STARMINE_ANALYST,,FIDELITY,starmine_zacks.csv,2026-05-13,2026-05-13T15:28:42.873928+00:00,RUN-REAL-ESS-20260513-002
CRC,California Resources Corp,Common Stock,UNKNOWN,5300000000,SMALL,NON_STARMINE_ANALYST,,FIDELITY,starmine_zacks.csv,2026-05-13,2026-05-13T15:28:42.873928+00:00,RUN-REAL-ESS-20260513-002
CHRD,Chord Energy Corp,Common Stock,UNKNOWN,8000000000,SMALL,NON_STARMINE_ANALYST,,FIDELITY,starmine_zacks.csv,2026-05-13,2026-05-13T15:28:42.873928+00:00,RUN-REAL-ESS-20260513-002
VIV,Telefonica Brasil SA,Depository Receipt,UNKNOWN,23620000000,MID,NON_STARMINE_ANALYST,,FIDELITY,starmine_zacks.csv,2026-05-13,2026-05-13T15:28:42.873928+00:00,RUN-REAL-ESS-20260513-002
DWTX,Dogwood Therapeutics Inc,Common Stock,UNKNOWN,56780000,MICRO,NON_STARMINE_ANALYST,,FIDELITY,starmine_zacks.csv,2026-05-13,2026-05-13T15:28:42.873928+00:00,RUN-REAL-ESS-20260513-002
MNTK,Montauk Renewables Inc,Common Stock,UNKNOWN,200700000,MICRO,NON_STARMINE_ANALYST,,FIDELITY,starmine_zacks.csv,2026-05-13,2026-05-13T15:28:42.873928+00:00,RUN-REAL-ESS-20260513-002
WOOF,Petco Health and Wellness Co Inc,Common Stock,UNKNOWN,815030000,MICRO,NON_STARMINE_ANALYST,,FIDELITY,starmine_zacks.csv,2026-05-13,2026-05-13T15:28:42.873928+00:00,RUN-REAL-ESS-20260513-002
CGNT,Cognyte Software Ltd,Common Stock,UNKNOWN,777630000,MICRO,NON_STARMINE_ANALYST,,FIDELITY,starmine_zacks.csv,2026-05-13,2026-05-13T15:28:42.873928+00:00,RUN-REAL-ESS-20260513-002
IMCR,Immunocore Holdings plc,Depository Receipt,UNKNOWN,1490000000,MICRO,NON_STARMINE_ANALYST,,FIDELITY,starmine_zacks.csv,2026-05-13,2026-05-13T15:28:42.873928+00:00,RUN-REAL-ESS-20260513-002
KRT,Karat Packaging Inc,Common Stock,UNKNOWN,543020000,MICRO,NON_STARMINE_ANALYST,,FIDELITY,starmine_zacks.csv,2026-05-13,2026-05-13T15:28:42.873928+00:00,RUN-REAL-ESS-20260513-002
OSCR,Oscar Health Inc,Common Stock,UNKNOWN,7150000000,SMALL,NON_STARMINE_ANALYST,,FIDELITY,starmine_zacks.csv,2026-05-13,2026-05-13T15:28:42.873928+00:00,RUN-REAL-ESS-20260513-002
ALHC,Alignment Healthcare Inc,Common Stock,UNKNOWN,3800000000,SMALL,NON_STARMINE_ANALYST,,FIDELITY,starmine_zacks.csv,2026-05-13,2026-05-13T15:28:42.873928+00:00,RUN-REAL-ESS-20260513-002
DAVE,Dave Inc,Common Stock,UNKNOWN,3080000000,MICRO,NON_STARMINE_ANALYST,,FIDELITY,starmine_zacks.csv,2026-05-13,2026-05-13T15:28:42.873928+00:00,RUN-REAL-ESS-20260513-002
GLBE,Global-E Online Ltd,Common Stock,UNKNOWN,5080000000,SMALL,NON_STARMINE_ANALYST,,FIDELITY,starmine_zacks.csv,2026-05-13,2026-05-13T15:28:42.873928+00:00,RUN-REAL-ESS-20260513-002
LFST,LifeStance Health Group Inc,Common Stock,UNKNOWN,3080000000,MICRO,NON_STARMINE_ANALYST,,FIDELITY,starmine_zacks.csv,2026-05-13,2026-05-13T15:28:42.873928+00:00,RUN-REAL-ESS-20260513-002
YOU,Clear Secure Inc,Common Stock,UNKNOWN,7700000000,SMALL,NON_STARMINE_ANALYST,,FIDELITY,starmine_zacks.csv,2026-05-13,2026-05-13T15:28:42.873928+00:00,RUN-REAL-ESS-20260513-002
DNUT,Krispy Kreme Inc,Common Stock,UNKNOWN,565470000,MICRO,NON_STARMINE_ANALYST,,FIDELITY,starmine_zacks.csv,2026-05-13,2026-05-13T15:28:42.873928+00:00,RUN-REAL-ESS-20260513-002
VSCO,Victoria's Secret & Co,Common Stock,UNKNOWN,3700000000,SMALL,NON_STARMINE_ANALYST,,FIDELITY,starmine_zacks.csv,2026-05-13,2026-05-13T15:28:42.873928+00:00,RUN-REAL-ESS-20260513-002
TEAD,Teads Holding Co,Common Stock,UNKNOWN,93480000,MICRO,NON_STARMINE_ANALYST,,FIDELITY,starmine_zacks.csv,2026-05-13,2026-05-13T15:28:42.873928+00:00,RUN-REAL-ESS-20260513-002
FRSH,Freshworks Inc,Common Stock,UNKNOWN,2350000000,MICRO,NON_STARMINE_ANALYST,,FIDELITY,starmine_zacks.csv,2026-05-13,2026-05-13T15:28:42.873928+00:00,RUN-REAL-ESS-20260513-002
LTH,Life Time Group Holdings Inc,Common Stock,UNKNOWN,7480000000,SMALL,NON_STARMINE_ANALYST,,FIDELITY,starmine_zacks.csv,2026-05-13,2026-05-13T15:28:42.873928+00:00,RUN-REAL-ESS-20260513-002
COCO,Vita Coco Company Inc,Common Stock,UNKNOWN,4260000000,SMALL,NON_STARMINE_ANALYST,,FIDELITY,starmine_zacks.csv,2026-05-13,2026-05-13T15:28:42.873928+00:00,RUN-REAL-ESS-20260513-002
PRM,Perimeter Solutions Inc,Common Stock,UNKNOWN,5240000000,SMALL,NON_STARMINE_ANALYST,,FIDELITY,starmine_zacks.csv,2026-05-13,2026-05-13T15:28:42.873928+00:00,RUN-REAL-ESS-20260513-002
CRGY,Crescent Energy Co,Common Stock,UNKNOWN,4200000000,SMALL,NON_STARMINE_ANALYST,,FIDELITY,starmine_zacks.csv,2026-05-13,2026-05-13T15:28:42.873928+00:00,RUN-REAL-ESS-20260513-002
REFI,Chicago Atlantic Real Estate Finance Inc,Common Stock,UNKNOWN,241340000,MICRO,NON_STARMINE_ANALYST,,FIDELITY,starmine_zacks.csv,2026-05-13,2026-05-13T15:28:42.873928+00:00,RUN-REAL-ESS-20260513-002
FGI,FGI Industries Ltd,Common Stock,UNKNOWN,11080000,MICRO,NON_STARMINE_ANALYST,,FIDELITY,starmine_zacks.csv,2026-05-13,2026-05-13T15:28:42.873928+00:00,RUN-REAL-ESS-20260513-002
SHEL,Shell Plc,Depository Receipt,UNKNOWN,239140000000,LARGE,NON_STARMINE_ANALYST,,FIDELITY,starmine_zacks.csv,2026-05-13,2026-05-13T15:28:42.873928+00:00,RUN-REAL-ESS-20260513-002
ENOV,Enovis Corporation,Common Stock,UNKNOWN,1500000000,MICRO,NON_STARMINE_ANALYST,,FIDELITY,starmine_zacks.csv,2026-05-13,2026-05-13T15:28:42.873928+00:00,RUN-REAL-ESS-20260513-002
ADEA,Adeia Inc,Common Stock,UNKNOWN,3440000000,MICRO,NON_STARMINE_ANALYST,,FIDELITY,starmine_zacks.csv,2026-05-13,2026-05-13T15:28:42.873928+00:00,RUN-REAL-ESS-20260513-002
KVUE,Kenvue Inc,Common Stock,UNKNOWN,33540000000,MID,NON_STARMINE_ANALYST,,FIDELITY,starmine_zacks.csv,2026-05-13,2026-05-13T15:28:42.873928+00:00,RUN-REAL-ESS-20260513-002
NWTG,Newton Golf Company Inc,Common Stock,UNKNOWN,5330000,MICRO,NON_STARMINE_ANALYST,,FIDELITY,starmine_zacks.csv,2026-05-13,2026-05-13T15:28:42.873928+00:00,RUN-REAL-ESS-20260513-002
LAR,Lithium Argentina AG,Common Stock,UNKNOWN,1870000000,MICRO,NON_STARMINE_ANALYST,,FIDELITY,starmine_zacks.csv,2026-05-13,2026-05-13T15:28:42.873928+00:00,RUN-REAL-ESS-20260513-002
NATL,NCR Atleos Corp,Common Stock,UNKNOWN,3320000000,MICRO,NON_STARMINE_ANALYST,,FIDELITY,starmine_zacks.csv,2026-05-13,2026-05-13T15:28:42.873928+00:00,RUN-REAL-ESS-20260513-002
MNR,Mach Natural Resources LP,Unit Trust Fund,UNKNOWN,2390000000,MICRO,NON_STARMINE_ANALYST,,FIDELITY,starmine_zacks.csv,2026-05-13,2026-05-13T15:28:42.873928+00:00,RUN-REAL-ESS-20260513-002
HG,Hamilton Insurance Group Ltd,Common Stock,UNKNOWN,3050000000,MICRO,NON_STARMINE_ANALYST,,FIDELITY,starmine_zacks.csv,2026-05-13,2026-05-13T15:28:42.873928+00:00,RUN-REAL-ESS-20260513-002
BTSG,BrightSpring Health Services Inc,Common Stock,UNKNOWN,10760000000,SMALL,NON_STARMINE_ANALYST,,FIDELITY,starmine_zacks.csv,2026-05-13,2026-05-13T15:28:42.873928+00:00,RUN-REAL-ESS-20260513-002
RDDT,Reddit Inc,Common Stock,UNKNOWN,29330000000,MID,NON_STARMINE_ANALYST,,FIDELITY,starmine_zacks.csv,2026-05-13,2026-05-13T15:28:42.873928+00:00,RUN-REAL-ESS-20260513-002
PACS,PACS Group Inc,Common Stock,UNKNOWN,6490000000,SMALL,NON_STARMINE_ANALYST,,FIDELITY,starmine_zacks.csv,2026-05-13,2026-05-13T15:28:42.873928+00:00,RUN-REAL-ESS-20260513-002
ULS,UL Solutions Inc,Common Stock,UNKNOWN,19600000000,MID,NON_STARMINE_ANALYST,,FIDELITY,starmine_zacks.csv,2026-05-13,2026-05-13T15:28:42.873928+00:00,RUN-REAL-ESS-20260513-002
SARO,StandardAero Inc,Common Stock,UNKNOWN,8910000000,SMALL,NON_STARMINE_ANALYST,,FIDELITY,starmine_zacks.csv,2026-05-13,2026-05-13T15:28:42.873928+00:00,RUN-REAL-ESS-20260513-002
SFD,Smithfield Foods Inc,Common Stock,UNKNOWN,10040000000,SMALL,NON_STARMINE_ANALYST,,FIDELITY,starmine_zacks.csv,2026-05-13,2026-05-13T15:28:42.873928+00:00,RUN-REAL-ESS-20260513-002
INR,Infinity Natural Resources Inc,Common Stock,UNKNOWN,1000000000,MICRO,NON_STARMINE_ANALYST,,FIDELITY,starmine_zacks.csv,2026-05-13,2026-05-13T15:28:42.873928+00:00,RUN-REAL-ESS-20260513-002
SNDK,Sandisk Corp,Common Stock,UNKNOWN,215030000000,LARGE,NON_STARMINE_ANALYST,,FIDELITY,starmine_zacks.csv,2026-05-13,2026-05-13T15:28:42.873928+00:00,RUN-REAL-ESS-20260513-002
MIAX,Miami International Holdings Inc,Common Stock,UNKNOWN,4980000000,SMALL,NON_STARMINE_ANALYST,,FIDELITY,starmine_zacks.csv,2026-05-13,2026-05-13T15:28:42.873928+00:00,RUN-REAL-ESS-20260513-002
