symbol,tier,observation_count,first_seen,last_seen,coverage_days
A,TIER_A,25,2025-10-29,2026-06-01,215
AA,TIER_A,20,2025-10-19,2026-06-01,225
AAL,TIER_A,19,2025-10-29,2026-06-01,215
AAMI,TIER_A,21,2025-08-18,2026-06-01,287
AAOI,TIER_A,17,2026-03-10,2026-06-01,83
AAON,TIER_A,17,2026-03-10,2026-06-01,83
AAP,TIER_A,17,2026-03-10,2026-06-01,83
AAPL,TIER_A,19,2025-10-29,2026-06-01,215
AAT,TIER_A,19,2025-10-19,2026-06-01,225
AB,TIER_A,21,2025-08-18,2026-06-01,287
ABBV,TIER_A,23,2025-08-18,2026-06-01,287
ABCB,TIER_A,24,2025-08-18,2026-06-01,287
ABEO,TIER_A,21,2025-10-19,2026-06-01,225
ABEV,TIER_A,24,2025-10-19,2026-06-01,225
ABG,TIER_A,22,2025-08-18,2026-06-01,287
ABM,TIER_A,19,2025-10-29,2026-06-01,215
ABNB,TIER_A,19,2025-12-11,2026-06-01,172
ABR,TIER_A,21,2025-10-19,2026-06-01,225
ABSI,TIER_C,2,2026-05-26,2026-06-01,6
ABT,TIER_A,19,2025-08-18,2026-06-01,287
ABUS,TIER_A,18,2025-10-29,2026-06-01,215
ABX,TIER_C,3,2026-05-20,2026-06-01,12
ACA,TIER_A,19,2025-08-18,2026-06-01,287
ACAD,TIER_A,19,2025-08-25,2026-06-01,280
ACCO,TIER_A,22,2025-10-29,2026-06-01,215
ACDC,TIER_C,3,2026-05-20,2026-06-01,12
ACEL,TIER_A,19,2025-08-18,2026-05-20,275
ACGL,TIER_A,32,2025-11-18,2026-06-01,195
ACH,TIER_A,17,2026-03-10,2026-06-01,83
ACHR,TIER_A,13,2026-03-10,2026-06-01,83
ACI,TIER_A,18,2026-03-10,2026-06-01,83
ACIC,TIER_C,3,2026-05-20,2026-06-01,12
ACIU,TIER_A,16,2025-10-29,2026-05-20,203
ACIW,TIER_A,22,2025-08-18,2026-06-01,287
ACLS,TIER_A,19,2025-10-29,2026-06-01,215
ACM,TIER_A,23,2025-08-18,2026-06-01,287
ACMR,TIER_A,19,2025-08-18,2026-06-01,287
ACN,TIER_A,24,2025-08-18,2026-06-01,287
ACNB,TIER_A,23,2025-11-18,2026-06-01,195
ACRE,TIER_A,22,2025-08-18,2026-05-20,275
ACRS,TIER_A,17,2026-03-10,2026-06-01,83
ACT,TIER_A,33,2025-08-18,2026-06-01,287
ACTG,TIER_A,17,2026-03-10,2026-06-01,83
ACU,TIER_A,35,2025-08-18,2026-06-01,287
ACVA,TIER_C,3,2026-05-20,2026-06-01,12
AD,TIER_A,17,2026-03-10,2026-06-01,83
ADAM,TIER_A,17,2026-03-10,2026-06-01,83
ADBE,TIER_A,24,2025-08-18,2026-06-01,287
ADC,TIER_A,18,2025-12-11,2026-06-01,172
ADCT,TIER_A,17,2026-03-10,2026-06-01,83
ADEA,TIER_A,22,2025-08-18,2026-06-01,287
ADI,TIER_A,32,2025-10-29,2026-06-01,215
ADM,TIER_A,26,2025-08-18,2026-06-01,287
ADMA,TIER_A,24,2025-08-18,2026-06-01,287
ADNT,TIER_A,20,2025-08-18,2026-06-01,287
ADP,TIER_A,17,2026-03-10,2026-06-01,83
ADPT,TIER_A,15,2026-03-10,2026-05-20,71
ADSK,TIER_A,19,2025-10-29,2026-06-01,215
ADT,TIER_A,25,2025-08-18,2026-06-01,287
ADTN,TIER_A,17,2026-03-10,2026-06-01,83
ADUS,TIER_A,29,2025-10-29,2026-06-01,215
ADV,TIER_C,3,2026-05-20,2026-06-01,12
AEE,TIER_A,24,2025-08-18,2026-06-01,287
AEHR,TIER_A,17,2026-03-10,2026-06-01,83
AEIS,TIER_A,26,2025-08-18,2026-06-01,287
AEM,TIER_A,30,2025-08-18,2026-06-01,287
AEO,TIER_A,20,2026-03-02,2026-06-01,91
AEP,TIER_A,28,2025-08-18,2026-06-01,287
AER,TIER_A,21,2025-10-19,2026-06-01,225
AES,TIER_A,34,2025-08-18,2026-06-01,287
AESI,TIER_A,17,2026-03-10,2026-06-01,83
AEVA,TIER_C,3,2026-05-20,2026-06-01,12
AEYE,TIER_A,15,2026-03-10,2026-05-20,71
AFG,TIER_A,20,2025-10-19,2026-06-01,225
AFL,TIER_A,17,2026-03-10,2026-06-01,83
AFRM,TIER_A,17,2026-03-10,2026-06-01,83
AGCO,TIER_A,17,2026-03-10,2026-06-01,83
AGEN,TIER_A,20,2026-03-10,2026-06-01,83
AGIO,TIER_A,17,2026-03-10,2026-06-01,83
AGL,TIER_A,17,2026-03-10,2026-06-01,83
AGNC,TIER_A,30,2025-08-25,2026-06-01,280
AGNT,TIER_B,6,2026-05-11,2026-06-01,21
AGO,TIER_A,22,2026-03-10,2026-06-01,83
AGRO,TIER_A,17,2026-03-07,2026-05-20,74
AGX,TIER_A,24,2025-08-18,2026-06-01,287
AGYS,TIER_A,19,2025-10-19,2026-06-01,225
AHCO,TIER_A,23,2025-08-18,2026-06-01,287
AHH,TIER_C,2,2025-08-25,2025-11-18,85
AHR,TIER_A,17,2026-03-10,2026-06-01,83
AI,TIER_A,17,2026-03-10,2026-06-01,83
AIG,TIER_A,26,2025-08-25,2026-06-01,280
AIM,TIER_A,14,2025-11-18,2026-05-20,183
AIN,TIER_A,17,2026-03-10,2026-06-01,83
AIOT,TIER_A,17,2026-03-10,2026-06-01,83
AIP,TIER_C,3,2026-05-20,2026-06-01,12
AIR,TIER_A,22,2025-08-18,2026-06-01,287
AIRG,TIER_A,15,2026-03-10,2026-05-20,71
AIT,TIER_A,24,2025-08-18,2026-06-01,287
AIZ,TIER_A,21,2025-08-25,2026-06-01,280
AJG,TIER_A,17,2026-03-10,2026-06-01,83
AKAM,TIER_A,34,2025-08-18,2026-06-01,287
AKBA,TIER_A,29,2025-08-18,2026-06-01,287
AKR,TIER_A,17,2026-03-10,2026-06-01,83
AL,TIER_B,7,2025-10-19,2026-04-07,170
ALAB,TIER_C,3,2026-05-20,2026-06-01,12
ALB,TIER_A,22,2025-10-19,2026-06-01,225
ALC,TIER_A,20,2025-12-11,2026-05-20,160
ALCO,TIER_A,17,2026-03-10,2026-06-01,83
ALDX,TIER_A,18,2025-10-29,2026-05-20,203
ALEC,TIER_A,15,2026-03-10,2026-05-20,71
ALEX,TIER_C,3,2025-08-18,2026-03-10,204
ALG,TIER_A,25,2025-08-18,2026-06-01,287
ALGM,TIER_A,17,2026-03-10,2026-06-01,83
ALGN,TIER_A,31,2025-08-18,2026-06-01,287
ALGT,TIER_A,19,2025-10-29,2026-06-01,215
ALHC,TIER_C,3,2026-05-20,2026-06-01,12
ALIT,TIER_A,20,2025-08-18,2026-06-01,287
ALK,TIER_A,17,2026-03-10,2026-06-01,83
ALKS,TIER_A,24,2025-10-19,2026-06-01,225
ALKT,TIER_C,3,2026-05-20,2026-06-01,12
ALL,TIER_A,35,2025-08-18,2026-06-01,287
ALLE,TIER_A,23,2025-08-18,2026-06-01,287
ALLT,TIER_A,15,2026-03-10,2026-05-20,71
ALLY,TIER_A,17,2026-03-10,2026-06-01,83
ALMS,TIER_C,3,2026-05-20,2026-06-01,12
ALNT,TIER_A,26,2025-08-18,2026-06-01,287
ALNY,TIER_A,18,2025-12-11,2026-06-01,172
ALRM,TIER_A,22,2025-10-29,2026-06-01,215
ALRS,TIER_A,22,2025-08-18,2026-06-01,287
ALSN,TIER_A,28,2025-08-18,2026-06-01,287
ALT,TIER_A,17,2026-03-10,2026-06-01,83
ALTI,TIER_C,3,2026-05-20,2026-06-01,12
ALV,TIER_A,27,2025-08-18,2026-06-01,287
ALX,TIER_A,23,2025-11-18,2026-06-01,195
AM,TIER_A,29,2025-08-25,2026-06-01,280
AMAL,TIER_C,3,2026-05-20,2026-06-01,12
AMAT,TIER_A,35,2025-08-18,2026-06-01,287
AMBA,TIER_A,18,2025-10-29,2026-06-01,215
AMBC,TIER_D,1,2025-10-19,2025-10-19,0
AMBP,TIER_A,19,2025-12-11,2026-06-01,172
AMBQ,TIER_C,3,2026-05-20,2026-06-01,12
AMC,TIER_A,18,2025-10-29,2026-06-01,215
AMCR,TIER_A,17,2026-03-10,2026-06-01,83
AMCX,TIER_A,22,2025-10-19,2026-06-01,225
AMD,TIER_A,21,2025-10-19,2026-06-01,225
AME,TIER_A,28,2025-12-11,2026-06-01,172
AMG,TIER_A,23,2025-08-25,2026-06-01,280
AMGN,TIER_A,35,2025-08-18,2026-06-01,287
AMH,TIER_A,18,2025-11-18,2026-06-01,195
AMKR,TIER_A,23,2025-10-29,2026-06-01,215
AMN,TIER_A,19,2025-08-18,2026-06-01,287
AMP,TIER_A,17,2026-03-10,2026-06-01,83
AMPH,TIER_A,28,2025-10-19,2026-06-01,225
AMPL,TIER_C,3,2026-05-20,2026-06-01,12
AMPX,TIER_C,3,2026-05-20,2026-06-01,12
AMR,TIER_A,17,2026-03-10,2026-06-01,83
AMRC,TIER_A,18,2025-11-18,2026-06-01,195
AMRK,TIER_C,2,2025-08-25,2025-10-19,55
AMRN,TIER_A,23,2025-08-18,2026-06-01,287
AMSC,TIER_A,18,2025-11-18,2026-06-01,195
AMSF,TIER_A,17,2026-03-10,2026-06-01,83
AMT,TIER_A,17,2026-03-10,2026-06-01,83
AMTB,TIER_A,19,2025-11-18,2026-06-01,195
AMTM,TIER_A,21,2026-02-13,2026-06-01,108
AMWD,TIER_A,19,2025-08-25,2026-05-26,274
AMX,TIER_A,23,2025-08-25,2026-05-20,268
AMZN,TIER_A,21,2025-10-29,2026-06-01,215
AN,TIER_A,19,2025-08-18,2026-06-01,287
ANAB,TIER_A,19,2026-03-10,2026-06-01,83
ANDE,TIER_A,17,2026-03-10,2026-06-01,83
ANET,TIER_A,24,2025-08-18,2026-06-01,287
ANF,TIER_A,17,2026-03-10,2026-06-01,83
ANGI,TIER_A,27,2025-08-18,2026-06-01,287
ANGO,TIER_A,35,2025-08-18,2026-06-01,287
ANIK,TIER_A,34,2025-08-18,2026-06-01,287
ANIP,TIER_A,22,2025-08-18,2026-06-01,287
AON,TIER_A,18,2025-12-11,2026-06-01,172
AORT,TIER_A,17,2026-03-10,2026-06-01,83
AOS,TIER_A,31,2025-08-18,2026-06-01,287
AOSL,TIER_A,18,2025-10-29,2026-06-01,215
APA,TIER_A,25,2025-08-18,2026-06-01,287
APAM,TIER_A,34,2025-08-18,2026-06-01,287
APD,TIER_A,18,2025-12-11,2026-06-01,172
APEI,TIER_A,35,2025-08-18,2026-06-01,287
APG,TIER_A,22,2025-08-18,2026-06-01,287
APH,TIER_A,32,2025-08-18,2026-06-01,287
APLD,TIER_C,3,2026-05-20,2026-06-01,12
APLE,TIER_A,22,2025-08-18,2026-06-01,287
APLS,TIER_A,14,2026-01-08,2026-05-14,126
APO,TIER_A,26,2025-08-18,2026-06-01,287
APOG,TIER_A,25,2025-08-18,2026-06-01,287
APP,TIER_A,20,2025-08-18,2026-06-01,287
APPF,TIER_A,18,2025-10-29,2026-06-01,215
APPN,TIER_A,19,2025-10-19,2026-06-01,225
APPS,TIER_A,19,2025-10-29,2026-06-01,215
APTV,TIER_A,25,2025-08-18,2026-06-01,287
AQMS,TIER_D,1,2026-03-10,2026-03-10,0
AQST,TIER_A,17,2026-03-10,2026-06-01,83
AR,TIER_A,23,2025-11-18,2026-06-01,195
ARAY,TIER_A,24,2025-08-18,2026-05-20,275
ARCB,TIER_A,18,2026-01-08,2026-06-01,144
ARCO,TIER_A,20,2026-02-18,2026-05-20,91
ARCT,TIER_A,23,2025-08-18,2026-05-20,275
ARDT,TIER_C,3,2026-05-20,2026-06-01,12
ARDX,TIER_A,17,2026-03-10,2026-06-01,83
ARE,TIER_A,17,2026-03-10,2026-06-01,83
ARES,TIER_A,17,2026-03-10,2026-06-01,83
ARHS,TIER_C,3,2026-05-20,2026-06-01,12
ARI,TIER_A,21,2025-08-18,2026-06-01,287
ARKO,TIER_C,3,2026-05-20,2026-06-01,12
ARLO,TIER_A,18,2025-10-19,2026-06-01,225
ARMK,TIER_A,19,2025-10-29,2026-06-01,215
AROC,TIER_A,24,2025-10-29,2026-06-01,215
ARQ,TIER_A,17,2026-03-10,2026-06-01,83
ARQT,TIER_A,18,2025-11-18,2026-06-01,195
ARR,TIER_A,31,2025-08-18,2026-06-01,287
ARRY,TIER_C,3,2026-05-20,2026-06-01,12
ARTNA,TIER_D,1,2025-10-29,2025-10-29,0
ARVN,TIER_A,25,2025-08-18,2026-06-01,287
ARW,TIER_A,32,2025-08-18,2026-06-01,287
ARWR,TIER_A,17,2026-03-10,2026-06-01,83
ASAN,TIER_A,17,2026-03-10,2026-06-01,83
ASB,TIER_A,23,2026-03-02,2026-06-01,91
ASC,TIER_A,19,2025-08-25,2026-05-20,268
ASGN,TIER_B,8,2025-10-29,2026-04-24,177
ASH,TIER_A,18,2025-10-19,2026-06-01,225
ASIX,TIER_A,23,2025-08-18,2026-06-01,287
ASML,TIER_A,30,2025-11-18,2026-06-01,195
ASND,TIER_A,12,2025-10-19,2026-05-20,213
ASO,TIER_A,22,2026-03-10,2026-06-01,83
ASPN,TIER_A,17,2026-03-10,2026-06-01,83
ASST,TIER_C,2,2026-05-26,2026-06-01,6
ASTE,TIER_A,26,2025-08-18,2026-06-01,287
ASTH,TIER_A,17,2026-03-10,2026-06-01,83
ASTS,TIER_C,3,2026-05-20,2026-06-01,12
ASUR,TIER_A,17,2026-03-10,2026-06-01,83
ATEC,TIER_A,17,2026-03-10,2026-06-01,83
ATEN,TIER_A,30,2025-10-29,2026-06-01,215
ATEX,TIER_A,18,2025-10-19,2026-06-01,225
ATGE,TIER_B,6,2025-08-18,2026-02-15,181
ATHM,TIER_A,21,2025-10-19,2026-05-20,213
ATI,TIER_A,25,2025-11-18,2026-06-01,195
ATKR,TIER_A,24,2025-08-18,2026-06-01,287
ATLC,TIER_A,27,2025-08-25,2026-06-01,280
ATLO,TIER_A,12,2026-04-21,2026-05-20,29
ATMU,TIER_A,15,2026-04-18,2026-06-01,44
ATNI,TIER_A,28,2025-10-19,2026-06-01,225
ATO,TIER_A,23,2025-08-18,2026-06-01,287
ATOM,TIER_A,17,2026-03-10,2026-06-01,83
ATR,TIER_A,18,2025-08-18,2026-06-01,287
ATRA,TIER_A,15,2026-03-10,2026-05-20,71
ATRC,TIER_A,25,2025-10-29,2026-06-01,215
ATRO,TIER_A,33,2025-08-18,2026-06-01,287
AU,TIER_B,6,2025-11-18,2026-03-10,112
AUB,TIER_A,17,2026-03-10,2026-06-01,83
AUDC,TIER_C,4,2025-08-18,2025-10-29,72
AUPH,TIER_A,20,2025-08-18,2026-06-01,287
AUR,TIER_C,3,2026-05-20,2026-06-01,12
AVA,TIER_A,26,2025-10-29,2026-06-01,215
AVAH,TIER_C,3,2026-05-20,2026-06-01,12
AVAV,TIER_A,17,2026-03-10,2026-06-01,83
AVB,TIER_A,17,2026-03-10,2026-06-01,83
AVBH,TIER_C,2,2026-05-26,2026-06-01,6
AVD,TIER_A,18,2025-08-25,2026-05-20,268
AVGO,TIER_A,20,2025-10-29,2026-06-01,215
AVNS,TIER_A,25,2025-08-18,2026-06-01,287
AVNT,TIER_A,17,2026-03-10,2026-06-01,83
AVNW,TIER_A,17,2026-03-10,2026-06-01,83
AVO,TIER_C,3,2026-05-20,2026-06-01,12
AVPT,TIER_C,3,2026-05-20,2026-06-01,12
AVR,TIER_C,3,2026-05-20,2026-06-01,12
AVT,TIER_A,21,2025-08-18,2026-06-01,287
AVTR,TIER_A,18,2025-10-19,2026-06-01,225
AVTX,TIER_C,2,2026-05-26,2026-06-01,6
AVXL,TIER_A,21,2025-10-29,2026-05-20,203
AVY,TIER_A,21,2025-10-29,2026-06-01,215
AWI,TIER_A,26,2025-08-18,2026-06-01,287
AWK,TIER_A,23,2025-10-29,2026-06-01,215
AWR,TIER_A,21,2025-08-18,2026-06-01,287
AX,TIER_A,33,2025-08-18,2026-06-01,287
AXGN,TIER_A,17,2026-03-10,2026-06-01,83
AXIA,TIER_D,1,2025-11-18,2025-11-18,0
AXL,TIER_C,4,2025-08-18,2025-11-18,92
AXON,TIER_A,17,2026-03-10,2026-06-01,83
AXP,TIER_A,19,2025-11-18,2026-06-01,195
AXS,TIER_A,34,2025-08-18,2026-06-01,287
AXSM,TIER_A,17,2026-03-10,2026-06-01,83
AXTA,TIER_A,22,2025-12-11,2026-06-01,172
AXTI,TIER_A,17,2026-03-10,2026-06-01,83
AYI,TIER_A,23,2025-08-18,2026-06-01,287
AZN,TIER_C,3,2025-11-18,2026-01-08,51
AZO,TIER_A,19,2025-08-25,2026-06-01,280
AZTA,TIER_A,17,2026-03-10,2026-06-01,83
AZZ,TIER_A,35,2025-08-18,2026-06-01,287
B,TIER_A,30,2025-08-25,2026-06-01,280
BA,TIER_A,17,2026-03-10,2026-06-01,83
BABA,TIER_A,18,2025-12-11,2026-06-01,172
BAC,TIER_A,18,2025-12-11,2026-06-01,172
BAH,TIER_A,19,2025-08-18,2026-06-01,287
BALL,TIER_A,24,2025-12-11,2026-06-01,172
BANC,TIER_A,18,2025-11-18,2026-06-01,195
BAND,TIER_A,17,2026-03-10,2026-06-01,83
BANF,TIER_A,17,2026-03-10,2026-06-01,83
BANR,TIER_A,28,2026-01-08,2026-06-01,144
BAP,TIER_A,28,2025-10-19,2026-05-20,213
BATRK,TIER_A,17,2026-03-10,2026-06-01,83
BAX,TIER_A,19,2025-08-18,2026-06-01,287
BB,TIER_A,18,2026-03-10,2026-06-01,83
BBAI,TIER_C,3,2026-05-20,2026-06-01,12
BBAR,TIER_C,3,2025-08-18,2026-05-20,275
BBBY,TIER_A,17,2026-03-10,2026-06-01,83
BBCP,TIER_A,17,2026-03-10,2026-06-01,83
BBIO,TIER_A,17,2026-03-10,2026-06-01,83
BBNX,TIER_C,3,2026-05-20,2026-06-01,12
BBSI,TIER_A,20,2026-01-08,2026-06-01,144
BBT,TIER_A,17,2026-03-10,2026-06-01,83
BBVA,TIER_A,26,2025-08-18,2026-06-01,287
BBW,TIER_A,27,2025-08-18,2026-06-01,287
BBWI,TIER_A,17,2026-03-10,2026-06-01,83
BBY,TIER_A,20,2025-08-25,2026-06-01,280
BC,TIER_A,19,2025-08-25,2026-06-01,280
BCBP,TIER_A,16,2025-10-19,2026-05-20,213
BCC,TIER_A,17,2026-03-10,2026-06-01,83
BCE,TIER_A,22,2025-10-29,2026-06-01,215
BCH,TIER_C,3,2026-05-14,2026-05-20,6
BCML,TIER_A,26,2025-08-25,2026-06-01,280
BCO,TIER_A,18,2025-10-29,2026-06-01,215
BCPC,TIER_A,19,2026-03-10,2026-06-01,83
BCRX,TIER_A,32,2025-10-19,2026-06-01,225
BCS,TIER_A,27,2025-08-18,2026-06-01,287
BDC,TIER_A,32,2025-08-18,2026-06-01,287
BDN,TIER_A,17,2026-03-10,2026-06-01,83
BDX,TIER_A,19,2025-10-29,2026-06-01,215
BE,TIER_A,24,2025-12-11,2026-06-01,172
BEAM,TIER_A,17,2026-03-10,2026-06-01,83
BELFB,TIER_A,17,2026-03-10,2026-06-01,83
BEN,TIER_A,19,2025-08-18,2026-06-01,287
BETA,TIER_C,3,2026-05-20,2026-06-01,12
BETR,TIER_C,3,2026-05-20,2026-06-01,12
BF/B,TIER_A,17,2026-03-10,2026-06-01,83
BFC,TIER_A,20,2026-03-02,2026-06-01,91
BFH,TIER_A,30,2025-08-18,2026-06-01,287
BFLY,TIER_C,3,2026-05-20,2026-06-01,12
BFS,TIER_A,17,2026-03-10,2026-06-01,83
BFST,TIER_A,23,2025-08-18,2026-06-01,287
BG,TIER_A,17,2026-03-10,2026-06-01,83
BGC,TIER_A,25,2025-08-18,2026-06-01,287
BGS,TIER_A,24,2025-10-19,2026-06-01,225
BGSF,TIER_C,3,2025-08-18,2025-10-19,62
BH,TIER_A,20,2025-08-18,2026-05-20,275
BHB,TIER_A,17,2026-03-10,2026-06-01,83
BHC,TIER_A,18,2025-11-18,2026-06-01,195
BHE,TIER_A,33,2025-08-18,2026-06-01,287
BHF,TIER_A,24,2025-08-25,2026-06-01,280
BHP,TIER_A,31,2025-08-18,2026-06-01,287
BHR,TIER_A,18,2025-08-25,2026-05-20,268
BHRB,TIER_C,2,2026-05-26,2026-06-01,6
BHVN,TIER_A,18,2025-10-29,2026-06-01,215
BIDU,TIER_A,19,2025-08-18,2026-05-20,275
BIIB,TIER_A,22,2025-08-18,2026-06-01,287
BILI,TIER_A,17,2025-08-18,2026-05-20,275
BILL,TIER_A,19,2025-11-18,2026-06-01,195
BIO,TIER_A,21,2025-10-29,2026-06-01,215
BIP,TIER_A,26,2025-11-18,2026-05-20,183
BJ,TIER_A,24,2025-08-18,2026-06-01,287
BJRI,TIER_A,21,2025-08-25,2026-06-01,280
BK,TIER_A,27,2025-08-18,2026-05-20,275
BKD,TIER_A,18,2025-10-29,2026-06-01,215
BKE,TIER_A,24,2025-11-18,2026-06-01,195
BKH,TIER_A,33,2025-08-18,2026-06-01,287
BKNG,TIER_A,23,2025-08-18,2026-06-01,287
BKR,TIER_A,32,2025-08-18,2026-06-01,287
BKSY,TIER_C,3,2026-05-20,2026-06-01,12
BKU,TIER_A,18,2025-11-18,2026-06-01,195
BKV,TIER_C,3,2026-05-20,2026-06-01,12
BL,TIER_A,18,2025-11-18,2026-06-01,195
BLBD,TIER_A,34,2025-08-18,2026-06-01,287
BLD,TIER_A,22,2025-08-18,2026-06-01,287
BLDP,TIER_A,15,2026-03-10,2026-05-20,71
BLDR,TIER_A,17,2026-03-10,2026-06-01,83
BLFS,TIER_A,18,2025-11-18,2026-06-01,195
BLK,TIER_A,18,2025-10-19,2026-06-01,225
BLKB,TIER_A,19,2025-11-18,2026-06-01,195
BLMN,TIER_A,20,2026-03-10,2026-06-01,83
BLND,TIER_C,3,2026-05-20,2026-06-01,12
BLNK,TIER_A,17,2026-02-13,2026-05-20,96
BLZE,TIER_C,3,2026-05-20,2026-06-01,12
BMBL,TIER_A,24,2025-08-18,2026-06-01,287
BMI,TIER_A,23,2025-10-29,2026-06-01,215
BMO,TIER_A,34,2025-08-18,2026-06-01,287
BMRC,TIER_A,18,2025-08-25,2026-06-01,280
BMRN,TIER_A,33,2025-08-18,2026-06-01,287
BMY,TIER_A,36,2025-08-18,2026-06-01,287
BN,TIER_A,18,2025-10-19,2026-06-01,225
BNED,TIER_A,17,2026-03-10,2026-06-01,83
BNL,TIER_A,15,2026-04-18,2026-06-01,44
BNS,TIER_A,31,2025-08-18,2026-06-01,287
BNTX,TIER_A,18,2026-02-13,2026-05-20,96
BNY,TIER_C,2,2026-05-26,2026-06-01,6
BOC,TIER_C,3,2026-05-20,2026-06-01,12
BOH,TIER_A,17,2026-03-10,2026-06-01,83
BOKF,TIER_A,19,2026-02-25,2026-06-01,96
BOOM,TIER_A,21,2025-08-18,2026-06-01,287
BOOT,TIER_A,20,2025-12-11,2026-06-01,172
BOW,TIER_C,3,2026-05-20,2026-06-01,12
BOX,TIER_A,19,2025-10-19,2026-06-01,225
BP,TIER_A,24,2025-10-19,2026-06-01,225
BPOP,TIER_A,24,2026-02-13,2026-06-01,108
BR,TIER_A,20,2025-08-18,2026-06-01,287
BRBR,TIER_A,17,2026-03-10,2026-06-01,83
BRC,TIER_A,28,2025-08-18,2026-06-01,287
BRFS,TIER_C,2,2025-08-18,2025-08-25,7
BRK/B,TIER_A,17,2026-03-10,2026-06-01,83
BRKR,TIER_A,17,2026-03-10,2026-06-01,83
BRO,TIER_A,19,2025-08-18,2026-06-01,287
BROS,TIER_A,17,2026-03-10,2026-06-01,83
BRSL,TIER_A,17,2026-03-10,2026-06-01,83
BRSP,TIER_C,3,2026-05-20,2026-06-01,12
BRT,TIER_C,3,2026-03-10,2026-04-18,39
BRX,TIER_A,21,2026-02-18,2026-06-01,103
BRY,TIER_D,1,2025-10-19,2025-10-19,0
BRZE,TIER_C,3,2026-05-20,2026-06-01,12
BSAC,TIER_A,18,2025-08-25,2026-05-20,268
BSBR,TIER_A,18,2025-08-25,2026-05-20,268
BSET,TIER_A,18,2025-08-25,2026-06-01,280
BSRR,TIER_A,31,2025-08-18,2026-06-01,287
BSVN,TIER_A,21,2025-08-25,2026-05-20,268
BSX,TIER_A,19,2025-08-18,2026-06-01,287
BSY,TIER_A,18,2025-12-11,2026-06-01,172
BTBT,TIER_C,3,2026-05-20,2026-06-01,12
BTG,TIER_A,16,2025-10-29,2026-05-20,203
BTI,TIER_A,27,2025-08-18,2026-05-20,275
BTSG,TIER_A,22,2025-11-18,2026-06-01,195
BUD,TIER_A,19,2026-03-10,2026-06-01,83
BURL,TIER_A,17,2026-03-10,2026-06-01,83
BUSE,TIER_A,17,2026-03-10,2026-06-01,83
BV,TIER_A,15,2026-03-10,2026-05-20,71
BVN,TIER_A,27,2025-08-18,2026-05-20,275
BVS,TIER_C,3,2026-05-20,2026-06-01,12
BWA,TIER_A,23,2025-08-18,2026-06-01,287
BWB,TIER_A,29,2025-08-18,2026-06-01,287
BWEN,TIER_A,20,2026-02-13,2026-05-20,96
BWFG,TIER_A,28,2025-11-18,2026-06-01,195
BWIN,TIER_C,3,2026-05-20,2026-06-01,12
BWMN,TIER_C,3,2026-05-20,2026-06-01,12
BWXT,TIER_A,29,2025-11-18,2026-06-01,195
BX,TIER_A,18,2025-12-11,2026-06-01,172
BXC,TIER_A,17,2026-03-10,2026-06-01,83
BXMT,TIER_A,17,2026-03-10,2026-06-01,83
BXP,TIER_A,17,2026-03-10,2026-06-01,83
BY,TIER_A,29,2025-08-18,2026-06-01,287
BYD,TIER_A,25,2025-08-18,2026-06-01,287
BYND,TIER_A,17,2026-03-10,2026-06-01,83
BYRN,TIER_A,15,2026-03-10,2026-05-20,71
BZH,TIER_A,17,2026-03-10,2026-06-01,83
C,TIER_A,23,2025-08-25,2026-06-01,280
CABO,TIER_A,21,2025-10-29,2026-06-01,215
CAC,TIER_A,19,2025-10-19,2026-06-01,225
CACC,TIER_A,22,2026-03-02,2026-06-01,91
CACI,TIER_A,23,2025-08-25,2026-06-01,280
CADE,TIER_C,2,2025-08-18,2025-08-25,7
CAE,TIER_A,19,2025-08-25,2026-06-01,280
CAG,TIER_A,18,2025-10-29,2026-06-01,215
CAH,TIER_A,36,2025-08-18,2026-06-01,287
CAI,TIER_A,17,2026-03-10,2026-06-01,83
CAKE,TIER_A,26,2025-08-18,2026-06-01,287
CAL,TIER_A,18,2025-11-18,2026-06-01,195
CALM,TIER_A,33,2025-08-18,2026-06-01,287
CALX,TIER_A,19,2025-08-18,2026-06-01,287
CALY,TIER_A,17,2026-03-10,2026-06-01,83
CAN,TIER_A,15,2026-03-10,2026-05-20,71
CAPR,TIER_A,17,2026-03-10,2026-06-01,83
CAR,TIER_A,17,2026-03-10,2026-06-01,83
CARE,TIER_C,3,2026-05-20,2026-06-01,12
CARG,TIER_A,22,2025-12-11,2026-06-01,172
CARL,TIER_C,2,2026-05-26,2026-06-01,6
CARR,TIER_A,17,2026-03-10,2026-06-01,83
CARS,TIER_A,33,2025-08-25,2026-06-01,280
CART,TIER_A,22,2025-08-18,2026-06-01,287
CASH,TIER_A,34,2025-08-18,2026-06-01,287
CASS,TIER_A,29,2026-01-08,2026-06-01,144
CASY,TIER_A,24,2025-10-19,2026-06-01,225
CAT,TIER_A,19,2025-10-29,2026-06-01,215
CATX,TIER_C,2,2026-05-26,2026-06-01,6
CATY,TIER_A,33,2025-08-18,2026-06-01,287
CAVA,TIER_A,19,2026-03-10,2026-06-01,83
CB,TIER_A,20,2025-10-29,2026-06-01,215
CBAN,TIER_A,19,2025-08-25,2026-06-01,280
CBFV,TIER_A,17,2025-08-25,2026-05-20,268
CBIO,TIER_A,18,2025-10-29,2026-06-01,215
CBLL,TIER_C,3,2026-05-20,2026-06-01,12
CBNK,TIER_A,26,2025-08-25,2026-05-20,268
CBOE,TIER_A,35,2025-08-18,2026-06-01,287
CBRE,TIER_A,18,2025-08-18,2026-06-01,287
CBRL,TIER_A,18,2025-08-18,2026-06-01,287
CBSH,TIER_A,17,2026-03-10,2026-06-01,83
CBT,TIER_A,21,2025-08-18,2026-06-01,287
CBU,TIER_A,17,2026-03-10,2026-06-01,83
CBZ,TIER_A,17,2026-03-10,2026-06-01,83
CC,TIER_A,17,2026-03-10,2026-06-01,83
CCBG,TIER_A,25,2025-08-18,2026-06-01,287
CCEP,TIER_A,24,2025-12-11,2026-05-20,160
CCI,TIER_A,17,2026-03-10,2026-06-01,83
CCJ,TIER_A,25,2025-08-18,2026-06-01,287
CCK,TIER_A,25,2025-08-18,2026-06-01,287
CCL,TIER_A,21,2025-10-19,2026-06-01,225
CCNE,TIER_A,22,2025-11-18,2026-06-01,195
CCOI,TIER_A,17,2026-03-10,2026-06-01,83
CCRD,TIER_C,2,2025-08-18,2025-10-29,72
CCRN,TIER_A,24,2026-02-13,2026-06-01,108
CCS,TIER_A,17,2026-03-10,2026-06-01,83
CCSI,TIER_C,3,2026-05-20,2026-06-01,12
CDE,TIER_A,25,2025-10-19,2026-06-01,225
CDNA,TIER_A,23,2026-01-08,2026-06-01,144
CDNS,TIER_A,21,2025-08-18,2026-06-01,287
CDP,TIER_A,18,2025-11-18,2026-06-01,195
CDRE,TIER_C,3,2026-05-20,2026-06-01,12
CDTX,TIER_D,1,2025-10-29,2025-10-29,0
CDW,TIER_A,19,2025-08-18,2026-06-01,287
CDXS,TIER_A,17,2026-03-10,2026-06-01,83
CDZI,TIER_A,17,2026-03-10,2026-06-01,83
CE,TIER_A,17,2026-03-10,2026-06-01,83
CECO,TIER_A,17,2026-03-10,2026-06-01,83
CEG,TIER_A,17,2026-03-10,2026-06-01,83
CELC,TIER_A,17,2026-03-10,2026-06-01,83
CELH,TIER_A,17,2026-03-10,2026-06-01,83
CENT,TIER_A,10,2025-10-29,2026-06-01,215
CENTA,TIER_A,25,2025-08-18,2026-06-01,287
CENX,TIER_A,19,2025-10-19,2026-06-01,225
CERS,TIER_A,29,2025-08-18,2026-06-01,287
CERT,TIER_A,17,2026-03-10,2026-06-01,83
CEVA,TIER_A,17,2026-03-10,2026-06-01,83
CF,TIER_A,26,2025-08-18,2026-06-01,287
CFFN,TIER_A,28,2025-08-18,2026-06-01,287
CFG,TIER_A,17,2026-03-10,2026-06-01,83
CFLT,TIER_D,1,2026-03-10,2026-03-10,0
CFR,TIER_A,17,2026-03-10,2026-06-01,83
CG,TIER_A,17,2026-03-10,2026-06-01,83
CGC,TIER_A,18,2025-10-29,2026-06-01,215
CGEN,TIER_A,19,2025-10-29,2026-05-20,203
CGNX,TIER_A,19,2025-10-29,2026-06-01,215
CGON,TIER_C,3,2026-05-20,2026-06-01,12
CHCO,TIER_A,19,2025-08-18,2026-06-01,287
CHCT,TIER_A,18,2026-02-25,2026-06-01,96
CHD,TIER_A,17,2026-03-10,2026-06-01,83
CHDN,TIER_A,18,2026-01-08,2026-06-01,144
CHE,TIER_A,22,2025-08-18,2026-06-01,287
CHEF,TIER_A,18,2025-11-18,2026-06-01,195
CHGG,TIER_A,17,2026-02-18,2026-05-20,91
CHH,TIER_A,17,2026-03-10,2026-06-01,83
CHKP,TIER_A,23,2025-08-18,2026-06-01,287
CHMG,TIER_A,17,2026-03-10,2026-06-01,83
CHRD,TIER_A,20,2025-11-18,2026-06-01,195
CHRS,TIER_A,21,2026-03-10,2026-06-01,83
CHRW,TIER_A,32,2025-08-18,2026-06-01,287
CHT,TIER_A,15,2026-03-10,2026-05-20,71
CHTR,TIER_A,27,2025-10-29,2026-06-01,215
CHWY,TIER_A,21,2025-08-18,2026-06-01,287
CI,TIER_A,36,2025-08-18,2026-06-01,287
CIA,TIER_A,15,2026-03-10,2026-05-20,71
CIEN,TIER_A,26,2025-10-19,2026-06-01,225
CIFR,TIER_C,3,2026-05-20,2026-06-01,12
CIM,TIER_A,31,2025-08-18,2026-06-01,287
CINF,TIER_A,29,2025-08-18,2026-06-01,287
CIVB,TIER_A,18,2025-10-19,2026-06-01,225
CIVI,TIER_D,1,2025-11-18,2025-11-18,0
CIX,TIER_A,22,2025-11-18,2026-06-01,195
CL,TIER_A,17,2026-03-10,2026-06-01,83
CLAR,TIER_A,17,2026-03-10,2026-06-01,83
CLB,TIER_A,21,2025-10-19,2026-06-01,225
CLBK,TIER_A,17,2026-03-10,2026-06-01,83
CLDT,TIER_A,23,2025-11-18,2026-06-01,195
CLDX,TIER_A,17,2026-03-10,2026-06-01,83
CLF,TIER_A,17,2026-03-10,2026-06-01,83
CLFD,TIER_A,17,2026-03-10,2026-06-01,83
CLH,TIER_A,25,2026-03-02,2026-06-01,91
CLIR,TIER_A,15,2026-03-10,2026-05-20,71
CLMB,TIER_A,34,2025-08-18,2026-06-01,287
CLMT,TIER_A,20,2025-12-11,2026-06-01,172
CLNE,TIER_A,19,2025-10-29,2026-06-01,215
CLOV,TIER_C,3,2026-05-20,2026-06-01,12
CLPR,TIER_A,15,2026-03-10,2026-05-20,71
CLPT,TIER_A,17,2026-03-10,2026-06-01,83
CLS,TIER_A,20,2026-03-10,2026-06-01,83
CLSK,TIER_A,18,2025-11-18,2026-06-01,195
CLW,TIER_A,15,2026-03-10,2026-05-20,71
CLX,TIER_A,17,2026-03-10,2026-06-01,83
CM,TIER_A,32,2025-08-18,2026-06-01,287
CMC,TIER_A,20,2025-10-19,2026-06-01,225
CMCO,TIER_A,17,2026-03-10,2026-06-01,83
CMCSA,TIER_A,33,2025-10-19,2026-06-01,225
CME,TIER_A,23,2025-08-18,2026-06-01,287
CMG,TIER_A,22,2025-08-18,2026-06-01,287
CMI,TIER_A,26,2025-10-19,2026-06-01,225
CMP,TIER_A,28,2026-02-13,2026-06-01,108
CMPR,TIER_A,28,2025-08-18,2026-06-01,287
CMRE,TIER_A,31,2025-08-18,2026-05-20,275
CMS,TIER_A,22,2025-12-11,2026-06-01,172
CMT,TIER_A,21,2025-08-18,2026-06-01,287
CMTG,TIER_C,2,2026-05-26,2026-06-01,6
CMTL,TIER_A,16,2025-10-29,2026-05-20,203
CNA,TIER_A,33,2025-08-18,2026-06-01,287
CNC,TIER_A,19,2025-11-18,2026-06-01,195
CNDT,TIER_A,19,2025-08-25,2026-06-01,280
CNH,TIER_A,17,2026-03-10,2026-06-01,83
CNI,TIER_A,34,2025-08-25,2026-06-01,280
CNK,TIER_A,18,2025-11-18,2026-06-01,195
CNM,TIER_A,23,2026-01-08,2026-06-01,144
CNMD,TIER_A,25,2025-08-18,2026-06-01,287
CNNE,TIER_A,17,2026-03-10,2026-06-01,83
CNO,TIER_A,18,2025-11-18,2026-06-01,195
CNOB,TIER_A,17,2026-03-10,2026-06-01,83
CNP,TIER_A,20,2025-10-19,2026-06-01,225
CNQ,TIER_A,28,2025-10-19,2026-06-01,225
CNR,TIER_A,17,2026-03-10,2026-06-01,83
CNS,TIER_A,19,2025-10-19,2026-06-01,225
CNTY,TIER_A,16,2025-10-29,2026-05-20,203
CNX,TIER_A,29,2025-08-18,2026-06-01,287
CNXC,TIER_A,18,2025-10-19,2026-06-01,225
CNXN,TIER_A,30,2025-10-29,2026-06-01,215
COCO,TIER_A,16,2026-04-15,2026-06-01,47
CODI,TIER_A,17,2026-03-10,2026-06-01,83
CODX,TIER_B,5,2026-05-08,2026-05-20,12
COF,TIER_A,18,2025-11-18,2026-06-01,195
COFS,TIER_A,27,2025-10-19,2026-06-01,225
COHR,TIER_A,34,2025-08-18,2026-06-01,287
COHU,TIER_A,17,2026-03-10,2026-06-01,83
COIN,TIER_A,18,2025-08-18,2026-06-01,287
COKE,TIER_A,24,2025-11-18,2026-06-01,195
COLB,TIER_A,19,2025-08-18,2026-06-01,287
COLD,TIER_A,17,2026-03-10,2026-06-01,83
COLL,TIER_A,30,2025-10-19,2026-06-01,225
COLM,TIER_A,24,2026-03-07,2026-06-01,86
COMM,TIER_C,4,2025-08-18,2025-11-18,92
COMP,TIER_A,18,2025-11-18,2026-06-01,195
CON,TIER_A,17,2026-03-10,2026-06-01,83
COO,TIER_A,24,2025-10-29,2026-06-01,215
COP,TIER_A,26,2026-02-13,2026-06-01,108
COR,TIER_A,36,2025-08-18,2026-06-01,287
CORT,TIER_A,19,2025-08-18,2026-06-01,287
CORZ,TIER_C,3,2026-05-20,2026-06-01,12
COSO,TIER_C,2,2026-05-26,2026-06-01,6
COST,TIER_A,35,2025-08-18,2026-06-01,287
COTY,TIER_A,17,2026-03-10,2026-06-01,83
COUR,TIER_A,20,2025-08-18,2026-06-01,287
CP,TIER_A,20,2026-03-02,2026-06-01,91
CPA,TIER_A,23,2025-08-25,2026-06-01,280
CPAY,TIER_A,21,2025-10-29,2026-06-01,215
CPB,TIER_A,18,2025-10-29,2026-06-01,215
CPF,TIER_A,17,2026-03-10,2026-06-01,83
CPK,TIER_A,26,2025-10-29,2026-06-01,215
CPNG,TIER_A,19,2026-02-13,2026-06-01,108
CPRI,TIER_A,17,2026-03-10,2026-06-01,83
CPRT,TIER_A,18,2025-10-29,2026-06-01,215
CPRX,TIER_A,34,2025-08-18,2026-06-01,287
CPT,TIER_A,18,2026-03-09,2026-06-01,84
CQP,TIER_A,22,2026-03-10,2026-06-01,83
CR,TIER_A,22,2025-08-18,2026-06-01,287
CRAI,TIER_A,22,2025-08-18,2026-06-01,287
CRBG,TIER_A,17,2026-03-10,2026-06-01,83
CRBP,TIER_A,16,2025-10-29,2026-05-20,203
CRC,TIER_A,25,2025-10-19,2026-06-01,225
CRCL,TIER_C,3,2026-05-20,2026-06-01,12
CRCT,TIER_A,33,2025-08-18,2026-06-01,287
CRDF,TIER_A,15,2026-03-10,2026-05-20,71
CRDO,TIER_C,3,2026-05-20,2026-06-01,12
CRGY,TIER_A,21,2025-08-18,2026-06-01,287
CRI,TIER_A,17,2026-03-10,2026-06-01,83
CRK,TIER_A,19,2026-03-10,2026-06-01,83
CRL,TIER_A,18,2025-10-29,2026-06-01,215
CRM,TIER_A,24,2025-08-18,2026-06-01,287
CRMD,TIER_A,23,2025-08-18,2026-06-01,287
CRMT,TIER_A,15,2026-03-10,2026-05-20,71
CRNC,TIER_A,18,2025-10-19,2026-06-01,225
CRNT,TIER_A,16,2025-11-18,2026-05-20,183
CRNX,TIER_A,17,2026-03-10,2026-06-01,83
CRON,TIER_A,16,2026-01-08,2026-05-20,132
CROX,TIER_A,20,2025-11-18,2026-06-01,195
CRS,TIER_A,27,2025-08-18,2026-06-01,287
CRSP,TIER_A,17,2026-03-10,2026-06-01,83
CRSR,TIER_A,26,2026-02-18,2026-06-01,103
CRUS,TIER_A,35,2025-08-18,2026-06-01,287
CRVL,TIER_A,18,2025-11-18,2026-06-01,195
CRVS,TIER_A,19,2026-03-10,2026-06-01,83
CRWD,TIER_A,18,2025-12-11,2026-06-01,172
CSCO,TIER_A,34,2025-08-18,2026-06-01,287
CSGP,TIER_A,17,2026-03-10,2026-06-01,83
CSGS,TIER_A,25,2025-08-18,2026-05-14,269
CSL,TIER_A,17,2026-03-10,2026-06-01,83
CSR,TIER_A,17,2026-03-10,2026-06-01,83
CSTL,TIER_A,15,2026-03-10,2026-05-20,71
CSTM,TIER_A,30,2025-08-18,2026-06-01,287
CSV,TIER_A,24,2025-08-25,2026-06-01,280
CSW,TIER_A,17,2026-03-10,2026-06-01,83
CSX,TIER_A,20,2025-10-29,2026-06-01,215
CTAS,TIER_A,26,2025-08-18,2026-06-01,287
CTBI,TIER_A,29,2025-08-18,2026-06-01,287
CTEV,TIER_C,2,2026-05-26,2026-06-01,6
CTGO,TIER_B,5,2025-10-19,2026-06-01,225
CTKB,TIER_A,17,2026-03-10,2026-06-01,83
CTMX,TIER_A,17,2026-03-10,2026-06-01,83
CTO,TIER_A,18,2025-11-18,2026-06-01,195
CTOS,TIER_C,3,2026-05-20,2026-06-01,12
CTRA,TIER_A,16,2025-11-18,2026-05-03,166
CTRE,TIER_A,19,2025-08-25,2026-06-01,280
CTRI,TIER_C,3,2026-05-20,2026-06-01,12
CTRN,TIER_A,24,2026-02-13,2026-06-01,108
CTS,TIER_A,33,2025-08-18,2026-06-01,287
CTSH,TIER_A,26,2025-08-18,2026-06-01,287
CTSO,TIER_A,20,2025-08-18,2026-05-20,275
CTVA,TIER_A,28,2025-12-11,2026-06-01,172
CUBE,TIER_A,17,2026-03-10,2026-06-01,83
CUBI,TIER_A,24,2026-02-13,2026-06-01,108
CUE,TIER_D,1,2026-03-10,2026-03-10,0
CULP,TIER_A,17,2025-10-19,2026-05-20,213
CURB,TIER_A,17,2026-03-10,2026-06-01,83
CUZ,TIER_A,23,2025-10-19,2026-06-01,225
CV,TIER_C,2,2026-05-26,2026-06-01,6
CVBF,TIER_A,17,2026-03-10,2026-06-01,83
CVCO,TIER_A,22,2025-08-18,2026-06-01,287
CVE,TIER_A,33,2025-08-18,2026-06-01,287
CVEO,TIER_C,3,2026-05-20,2026-06-01,12
CVGI,TIER_A,18,2025-10-19,2026-05-20,213
CVGW,TIER_A,32,2025-08-18,2026-05-26,281
CVI,TIER_A,17,2026-03-10,2026-06-01,83
CVLG,TIER_A,17,2026-03-10,2026-06-01,83
CVLT,TIER_A,18,2025-10-29,2026-06-01,215
CVNA,TIER_A,17,2026-03-10,2026-06-01,83
CVS,TIER_A,31,2025-08-18,2026-06-01,287
CVSA,TIER_A,20,2026-03-10,2026-06-01,83
CVX,TIER_A,25,2025-10-29,2026-06-01,215
CW,TIER_A,35,2025-08-25,2026-06-01,280
CWAN,TIER_C,3,2026-05-20,2026-06-01,12
CWCO,TIER_A,25,2025-08-18,2026-06-01,287
CWEN,TIER_A,17,2026-03-10,2026-06-01,83
CWH,TIER_A,18,2025-11-18,2026-06-01,195
CWK,TIER_A,20,2025-08-25,2026-06-01,280
CWST,TIER_A,17,2026-03-10,2026-06-01,83
CWT,TIER_A,18,2025-10-29,2026-06-01,215
CX,TIER_A,23,2025-08-18,2026-05-20,275
CXDO,TIER_A,17,2026-03-10,2026-06-01,83
CXM,TIER_A,17,2026-03-10,2026-06-01,83
CXT,TIER_A,17,2026-03-10,2026-06-01,83
CXW,TIER_A,18,2025-10-19,2026-06-01,225
CYH,TIER_A,33,2025-10-19,2026-06-01,225
CYRX,TIER_A,18,2025-11-18,2026-06-01,195
CYTK,TIER_A,17,2026-03-10,2026-06-01,83
CZFS,TIER_A,28,2025-08-25,2026-06-01,280
CZNC,TIER_A,21,2025-08-25,2026-05-20,268
CZR,TIER_A,17,2026-03-10,2026-06-01,83
CZWI,TIER_A,28,2025-08-25,2026-05-20,268
D,TIER_A,20,2025-10-19,2026-06-01,225
DAC,TIER_C,4,2025-08-18,2025-10-29,72
DAIO,TIER_A,15,2026-03-10,2026-05-20,71
DAKT,TIER_A,30,2025-08-18,2026-06-01,287
DAL,TIER_A,30,2025-08-18,2026-06-01,287
DAR,TIER_A,17,2026-03-10,2026-06-01,83
DASH,TIER_A,18,2025-08-18,2026-06-01,287
DAVA,TIER_A,15,2026-03-10,2026-05-20,71
DAVE,TIER_C,3,2026-05-20,2026-06-01,12
DAY,TIER_D,1,2025-10-29,2025-10-29,0
DB,TIER_A,19,2025-08-18,2026-05-20,275
DBD,TIER_A,33,2025-08-25,2026-06-01,280
DBI,TIER_A,25,2026-01-08,2026-06-01,144
DBRG,TIER_A,17,2026-03-10,2026-06-01,83
DBX,TIER_A,20,2025-08-18,2026-06-01,287
DCH,TIER_A,17,2026-03-10,2026-06-01,83
DCI,TIER_A,27,2025-08-18,2026-06-01,287
DCO,TIER_A,21,2025-08-18,2026-06-01,287
DCOM,TIER_A,22,2026-03-07,2026-06-01,86
DCTH,TIER_A,22,2026-03-07,2026-05-20,74
DD,TIER_A,22,2026-02-13,2026-06-01,108
DDD,TIER_A,18,2025-10-29,2026-06-01,215
DDOG,TIER_A,18,2025-12-11,2026-06-01,172
DDS,TIER_A,26,2025-10-19,2026-06-01,225
DE,TIER_A,17,2026-03-10,2026-06-01,83
DEA,TIER_A,18,2025-08-18,2026-06-01,287
DEC,TIER_C,3,2026-05-20,2026-06-01,12
DECK,TIER_A,21,2026-03-10,2026-06-01,83
DEI,TIER_A,17,2026-03-10,2026-06-01,83
DELL,TIER_A,30,2025-08-18,2026-06-01,287
DEO,TIER_A,17,2026-03-10,2026-06-01,83
DERM,TIER_A,17,2026-03-10,2026-06-01,83
DFH,TIER_A,17,2026-03-10,2026-06-01,83
DFIN,TIER_A,31,2025-08-18,2026-06-01,287
DG,TIER_A,24,2026-02-13,2026-06-01,108
DGICA,TIER_A,32,2025-08-18,2026-06-01,287
DGII,TIER_A,29,2025-08-18,2026-06-01,287
DGX,TIER_A,24,2025-10-29,2026-06-01,215
DHC,TIER_A,24,2026-03-07,2026-06-01,86
DHI,TIER_A,17,2026-03-10,2026-06-01,83
DHR,TIER_A,18,2025-10-29,2026-06-01,215
DHT,TIER_A,23,2025-08-18,2026-05-20,275
DHX,TIER_A,27,2025-10-29,2026-05-20,203
DIN,TIER_A,24,2025-08-25,2026-06-01,280
DINO,TIER_A,27,2025-10-19,2026-06-01,225
DIOD,TIER_A,20,2025-10-19,2026-06-01,225
DIS,TIER_A,19,2025-10-29,2026-06-01,215
DJCO,TIER_A,17,2026-03-10,2026-06-01,83
DK,TIER_A,19,2026-03-10,2026-06-01,83
DKNG,TIER_A,17,2026-03-10,2026-06-01,83
DKS,TIER_A,18,2025-10-29,2026-06-01,215
DLB,TIER_A,18,2025-10-29,2026-06-01,215
DLHC,TIER_A,16,2025-10-29,2026-05-20,203
DLR,TIER_A,22,2026-03-10,2026-06-01,83
DLTH,TIER_A,19,2026-02-13,2026-05-20,96
DLTR,TIER_A,18,2025-10-19,2026-06-01,225
DLX,TIER_A,35,2025-08-18,2026-06-01,287
DMRC,TIER_A,19,2026-03-10,2026-05-15,66
DNA,TIER_D,1,2026-05-20,2026-05-20,0
DNLI,TIER_A,20,2025-10-29,2026-06-01,215
DNOW,TIER_A,27,2025-08-18,2026-06-01,287
DNTH,TIER_C,3,2026-05-20,2026-06-01,12
DNUT,TIER_C,3,2026-05-20,2026-06-01,12
DOC,TIER_A,22,2026-03-10,2026-06-01,83
DOCN,TIER_A,28,2025-12-11,2026-06-01,172
DOCS,TIER_A,17,2026-03-10,2026-06-01,83
DOCU,TIER_A,19,2025-11-18,2026-06-01,195
DOLE,TIER_C,3,2026-05-20,2026-06-01,12
DOMO,TIER_A,19,2026-03-10,2026-05-20,71
DORM,TIER_A,21,2025-08-18,2026-06-01,287
DOV,TIER_A,25,2025-12-11,2026-06-01,172
DOW,TIER_A,17,2026-03-10,2026-06-01,83
DOX,TIER_A,23,2025-08-18,2026-06-01,287
DPZ,TIER_A,21,2025-08-18,2026-06-01,287
DQ,TIER_A,15,2026-03-10,2026-05-20,71
DRH,TIER_A,19,2025-11-18,2026-06-01,195
DRI,TIER_A,19,2025-10-29,2026-06-01,215
DRS,TIER_A,24,2025-12-11,2026-06-01,172
DRVN,TIER_C,2,2026-05-26,2026-06-01,6
DSGR,TIER_A,19,2025-10-29,2026-06-01,215
DSP,TIER_C,3,2026-05-20,2026-06-01,12
DT,TIER_A,18,2025-12-11,2026-06-01,172
DTE,TIER_A,25,2025-10-29,2026-06-01,215
DTM,TIER_A,18,2025-12-11,2026-06-01,172
DUK,TIER_A,23,2025-08-18,2026-06-01,287
DUOL,TIER_A,18,2025-10-19,2026-06-01,225
DV,TIER_A,17,2026-03-10,2026-06-01,83
DVA,TIER_A,29,2025-08-18,2026-06-01,287
DVN,TIER_A,26,2025-08-18,2026-06-01,287
DX,TIER_C,4,2025-08-18,2025-11-18,92
DXC,TIER_A,19,2025-10-19,2026-06-01,225
DXCM,TIER_A,17,2026-03-10,2026-06-01,83
DXPE,TIER_A,24,2025-10-19,2026-06-01,225
DY,TIER_A,19,2025-12-11,2026-06-01,172
E,TIER_A,27,2025-08-18,2026-06-01,287
EA,TIER_A,17,2026-03-10,2026-06-01,83
EAF,TIER_A,15,2026-03-10,2026-05-20,71
EAT,TIER_A,34,2025-08-25,2026-06-01,280
EB,TIER_B,9,2025-11-18,2026-03-10,112
EBAY,TIER_A,20,2026-01-08,2026-06-01,144
EBC,TIER_C,3,2026-05-20,2026-06-01,12
EBF,TIER_A,33,2025-08-18,2026-06-01,287
EBMT,TIER_A,28,2025-08-25,2026-05-20,268
EBR,TIER_C,3,2025-08-18,2025-10-19,62
EBS,TIER_A,34,2025-08-18,2026-06-01,287
ECG,TIER_A,23,2025-08-18,2026-06-01,287
ECL,TIER_A,21,2025-10-19,2026-06-01,225
ECPG,TIER_A,23,2025-10-19,2026-06-01,225
ECVT,TIER_A,18,2025-12-11,2026-06-01,172
ED,TIER_A,30,2025-08-18,2026-06-01,287
EDAP,TIER_B,6,2026-03-10,2026-05-20,71
EDIT,TIER_A,17,2026-03-10,2026-06-01,83
EDN,TIER_A,21,2025-08-18,2026-05-20,275
EDU,TIER_A,19,2026-03-10,2026-06-01,83
EE,TIER_A,20,2025-12-11,2026-06-01,172
EEFT,TIER_A,30,2025-08-18,2026-06-01,287
EEX,TIER_A,17,2026-03-10,2026-06-01,83
EFC,TIER_A,17,2026-03-10,2026-06-01,83
EFOR,TIER_A,10,2026-04-27,2026-06-01,35
EFSC,TIER_A,25,2025-08-18,2026-06-01,287
EFX,TIER_A,19,2025-10-29,2026-06-01,215
EG,TIER_A,26,2026-02-18,2026-06-01,103
EGAN,TIER_A,20,2025-10-19,2026-06-01,225
EGBN,TIER_A,19,2026-03-10,2026-06-01,83
EGHT,TIER_A,29,2025-10-29,2026-06-01,215
EGO,TIER_A,23,2025-08-18,2026-05-20,275
EGP,TIER_A,18,2026-03-10,2026-06-01,83
EGY,TIER_A,24,2025-10-19,2026-06-01,225
EHC,TIER_A,25,2025-08-18,2026-06-01,287
EHTH,TIER_A,22,2025-08-18,2026-05-20,275
EIG,TIER_A,18,2025-10-19,2026-06-01,225
EIX,TIER_A,31,2025-11-18,2026-06-01,195
EKSO,TIER_A,10,2026-03-10,2026-05-03,54
EL,TIER_A,17,2026-03-10,2026-06-01,83
ELA,TIER_A,26,2025-08-18,2026-06-01,287
ELAN,TIER_A,26,2025-08-18,2026-06-01,287
ELF,TIER_A,17,2026-03-10,2026-06-01,83
ELMD,TIER_A,36,2025-08-18,2026-06-01,287
ELS,TIER_A,20,2026-03-09,2026-06-01,84
ELV,TIER_A,19,2025-08-18,2026-06-01,287
EMBC,TIER_A,19,2025-10-19,2026-06-01,225
EME,TIER_A,27,2025-08-18,2026-06-01,287
EML,TIER_A,23,2025-08-18,2026-05-20,275
EMN,TIER_A,19,2026-03-10,2026-06-01,83
EMR,TIER_A,18,2025-12-11,2026-06-01,172
ENB,TIER_A,25,2025-08-18,2026-06-01,287
ENOV,TIER_A,19,2025-11-18,2026-06-01,195
ENPH,TIER_A,17,2026-03-10,2026-06-01,83
ENR,TIER_A,19,2025-10-19,2026-06-01,225
ENS,TIER_A,34,2025-08-18,2026-06-01,287
ENSG,TIER_A,30,2025-08-18,2026-06-01,287
ENTA,TIER_A,23,2025-08-18,2026-06-01,287
ENTG,TIER_A,28,2026-02-13,2026-06-01,108
ENVA,TIER_A,29,2025-08-25,2026-06-01,280
ENVX,TIER_C,3,2026-05-20,2026-06-01,12
EOG,TIER_A,22,2026-03-10,2026-06-01,83
EOLS,TIER_A,17,2026-03-10,2026-06-01,83
EOSE,TIER_C,3,2026-05-20,2026-06-01,12
EPAC,TIER_A,18,2025-10-29,2026-06-01,215
EPAM,TIER_A,23,2025-08-18,2026-06-01,287
EPC,TIER_A,19,2025-08-18,2026-06-01,287
EPD,TIER_A,33,2025-08-18,2026-06-01,287
EPM,TIER_A,22,2025-10-19,2026-06-01,225
EPR,TIER_A,22,2026-03-10,2026-06-01,83
EPRT,TIER_A,18,2025-12-11,2026-06-01,172
EPSN,TIER_D,1,2025-08-25,2025-08-25,0
EQBK,TIER_A,18,2025-08-25,2026-05-20,268
EQH,TIER_A,22,2025-08-18,2026-06-01,287
EQIX,TIER_A,24,2025-11-18,2026-06-01,195
EQR,TIER_A,19,2026-02-18,2026-06-01,103
EQT,TIER_A,24,2025-10-19,2026-06-01,225
ERIC,TIER_A,30,2025-11-18,2026-06-01,195
ERIE,TIER_A,17,2026-03-10,2026-06-01,83
ERII,TIER_A,17,2026-03-10,2026-06-01,83
ERJ,TIER_C,2,2025-08-25,2025-10-19,55
ES,TIER_A,32,2025-08-18,2026-06-01,287
ESAB,TIER_A,18,2025-08-25,2026-06-01,280
ESCA,TIER_A,34,2025-08-18,2026-06-01,287
ESE,TIER_A,17,2026-03-10,2026-06-01,83
ESNT,TIER_A,33,2025-08-18,2026-06-01,287
ESPR,TIER_A,17,2026-03-10,2026-06-01,83
ESQ,TIER_A,18,2025-08-25,2026-06-01,280
ESRT,TIER_A,17,2026-03-10,2026-06-01,83
ESS,TIER_A,18,2025-11-18,2026-06-01,195
ESTC,TIER_A,19,2025-10-19,2026-06-01,225
ET,TIER_A,23,2025-12-11,2026-06-01,172
ETD,TIER_A,18,2025-10-29,2026-06-01,215
ETN,TIER_A,23,2025-08-18,2026-06-01,287
ETON,TIER_A,16,2025-10-19,2026-06-01,225
ETR,TIER_A,19,2025-10-29,2026-06-01,215
ETSY,TIER_A,18,2025-12-11,2026-06-01,172
EU,TIER_D,1,2026-06-01,2026-06-01,0
EVCM,TIER_C,3,2026-05-20,2026-06-01,12
EVER,TIER_A,27,2026-01-08,2026-06-01,144
EVGO,TIER_D,1,2026-06-01,2026-06-01,0
EVH,TIER_A,17,2026-03-10,2026-06-01,83
EVI,TIER_A,16,2025-10-19,2026-05-20,213
EVLV,TIER_C,3,2026-05-20,2026-06-01,12
EVR,TIER_A,25,2025-08-18,2026-06-01,287
EVRG,TIER_A,22,2025-10-29,2026-06-01,215
EVTC,TIER_A,23,2025-08-18,2026-06-01,287
EW,TIER_A,19,2025-12-11,2026-06-01,172
EWBC,TIER_A,30,2025-11-18,2026-06-01,195
EXAS,TIER_C,2,2025-11-18,2026-03-10,112
EXC,TIER_A,25,2025-10-19,2026-06-01,225
EXE,TIER_A,23,2025-08-18,2026-06-01,287
EXEL,TIER_A,35,2025-08-18,2026-06-01,287
EXLS,TIER_A,21,2025-08-25,2026-06-01,280
EXP,TIER_A,17,2026-03-10,2026-06-01,83
EXPD,TIER_A,22,2025-08-25,2026-06-01,280
EXPE,TIER_A,28,2025-11-18,2026-06-01,195
EXPI,TIER_A,11,2026-03-10,2026-05-08,59
EXPO,TIER_A,17,2026-03-10,2026-06-01,83
EXR,TIER_A,17,2026-03-10,2026-06-01,83
EXTR,TIER_A,18,2025-10-29,2026-06-01,215
EYE,TIER_A,20,2026-03-10,2026-06-01,83
EYPT,TIER_C,3,2026-05-20,2026-06-01,12
EZPW,TIER_A,33,2025-08-18,2026-06-01,287
F,TIER_A,22,2026-01-08,2026-06-01,144
FA,TIER_C,3,2026-05-20,2026-06-01,12
FAF,TIER_A,22,2025-11-18,2026-06-01,195
FANG,TIER_A,21,2026-03-10,2026-06-01,83
FARM,TIER_C,2,2025-10-29,2026-03-10,132
FAST,TIER_A,28,2025-08-18,2026-06-01,287
FATE,TIER_A,18,2025-10-29,2026-06-01,215
FBIN,TIER_A,21,2025-08-18,2026-06-01,287
FBIO,TIER_A,20,2026-02-13,2026-05-20,96
FBIZ,TIER_A,30,2025-08-18,2026-06-01,287
FBK,TIER_A,17,2026-03-10,2026-06-01,83
FBNC,TIER_A,17,2026-03-10,2026-06-01,83
FBP,TIER_A,22,2025-11-18,2026-06-01,195
FBRT,TIER_C,3,2026-05-20,2026-06-01,12
FBRX,TIER_A,18,2025-10-29,2026-06-01,215
FC,TIER_A,19,2025-10-19,2026-06-01,225
FCCO,TIER_A,19,2025-08-25,2026-05-20,268
FCEL,TIER_A,20,2025-10-19,2026-06-01,225
FCF,TIER_A,24,2025-08-18,2026-06-01,287
FCFS,TIER_A,19,2025-10-19,2026-06-01,225
FCN,TIER_A,24,2025-10-29,2026-06-01,215
FCNCA,TIER_A,17,2026-03-10,2026-06-01,83
FCPT,TIER_A,17,2026-03-10,2026-06-01,83
FCX,TIER_A,21,2025-10-29,2026-06-01,215
FDMT,TIER_C,3,2026-05-20,2026-06-01,12
FDP,TIER_A,28,2025-08-18,2026-06-01,287
FDS,TIER_A,21,2026-03-10,2026-06-01,83
FDX,TIER_A,33,2025-10-19,2026-06-01,225
FE,TIER_A,25,2025-08-18,2026-06-01,287
FEIM,TIER_A,17,2026-03-10,2026-06-01,83
FELE,TIER_A,19,2026-01-08,2026-06-01,144
FENC,TIER_A,17,2026-03-10,2026-06-01,83
FET,TIER_A,28,2025-11-18,2026-06-01,195
FF,TIER_A,15,2026-03-10,2026-05-20,71
FFBC,TIER_A,19,2025-08-18,2026-06-01,287
FFIC,TIER_A,15,2026-03-10,2026-05-08,59
FFIN,TIER_A,17,2026-03-10,2026-06-01,83
FFIV,TIER_A,30,2025-08-18,2026-06-01,287
FFWM,TIER_D,1,2026-03-10,2026-03-10,0
FG,TIER_C,3,2026-05-20,2026-06-01,12
FHB,TIER_A,20,2025-11-18,2026-06-01,195
FHI,TIER_A,35,2025-08-18,2026-06-01,287
FHN,TIER_A,25,2025-12-11,2026-06-01,172
FI,TIER_D,1,2025-10-29,2025-10-29,0
FIBK,TIER_A,17,2026-03-10,2026-06-01,83
FICO,TIER_A,20,2025-10-19,2026-06-01,225
FIGS,TIER_A,27,2026-02-13,2026-06-01,108
FIS,TIER_A,19,2025-12-11,2026-06-01,172
FISI,TIER_A,26,2026-02-25,2026-06-01,96
FISV,TIER_A,26,2025-12-11,2026-06-01,172
FITB,TIER_A,17,2026-03-10,2026-06-01,83
FIVE,TIER_A,30,2025-10-29,2026-06-01,215
FIVN,TIER_A,17,2026-03-10,2026-06-01,83
FIX,TIER_A,27,2025-10-29,2026-06-01,215
FIZZ,TIER_A,17,2026-03-10,2026-06-01,83
FLEX,TIER_A,36,2025-08-18,2026-06-01,287
FLG,TIER_A,17,2026-03-10,2026-06-01,83
FLGT,TIER_A,17,2026-03-10,2026-06-01,83
FLNC,TIER_C,3,2026-05-20,2026-06-01,12
FLO,TIER_A,17,2026-03-10,2026-06-01,83
FLOC,TIER_C,3,2026-05-20,2026-06-01,12
FLR,TIER_A,21,2025-08-18,2026-06-01,287
FLS,TIER_A,25,2025-10-19,2026-06-01,225
FLWS,TIER_A,17,2026-03-10,2026-06-01,83
FLXS,TIER_A,32,2025-08-18,2026-06-01,287
FLY,TIER_A,16,2026-04-15,2026-06-01,47
FLYW,TIER_C,3,2026-05-20,2026-06-01,12
FMAO,TIER_A,22,2025-08-18,2026-06-01,287
FMBH,TIER_A,20,2025-08-18,2026-06-01,287
FMC,TIER_A,18,2026-03-10,2026-06-01,83
FMNB,TIER_A,18,2025-11-18,2026-06-01,195
FMS,TIER_A,26,2025-08-18,2026-05-20,275
FMX,TIER_C,4,2026-03-07,2026-04-04,28
FN,TIER_A,26,2025-08-18,2026-06-01,287
FNB,TIER_A,17,2026-03-10,2026-06-01,83
FND,TIER_A,17,2026-03-10,2026-06-01,83
FNF,TIER_A,18,2025-08-25,2026-06-01,280
FNKO,TIER_A,18,2026-02-18,2026-06-01,103
FNV,TIER_A,18,2026-03-07,2026-05-20,74
FOA,TIER_C,3,2026-05-20,2026-06-01,12
FOLD,TIER_B,9,2025-11-18,2026-04-27,160
FOR,TIER_A,24,2026-02-13,2026-06-01,108
FORM,TIER_A,21,2026-03-10,2026-06-01,83
FORR,TIER_A,17,2026-03-10,2026-06-01,83
FOSL,TIER_A,15,2026-03-10,2026-05-20,71
FOUR,TIER_A,17,2026-03-10,2026-06-01,83
FOX,TIER_C,4,2025-08-18,2025-11-18,92
FOXA,TIER_A,20,2025-10-29,2026-06-01,215
FOXF,TIER_A,18,2025-10-29,2026-06-01,215
FPI,TIER_A,26,2025-08-18,2026-06-01,287
FR,TIER_A,17,2026-03-10,2026-06-01,83
FRME,TIER_A,27,2025-08-18,2026-06-01,287
FRPT,TIER_A,17,2026-03-10,2026-06-01,83
FRSH,TIER_C,3,2026-05-20,2026-06-01,12
FRST,TIER_C,3,2026-05-20,2026-06-01,12
FRT,TIER_A,22,2026-03-10,2026-06-01,83
FSBC,TIER_C,3,2026-05-20,2026-06-01,12
FSBW,TIER_A,23,2025-08-25,2026-06-01,280
FSFG,TIER_C,3,2025-08-18,2025-10-19,62
FSLR,TIER_A,21,2025-10-19,2026-06-01,225
FSLY,TIER_A,22,2026-03-10,2026-06-01,83
FSP,TIER_D,1,2025-11-18,2025-11-18,0
FSS,TIER_A,25,2025-08-18,2026-06-01,287
FSTR,TIER_A,20,2025-10-19,2026-06-01,225
FSUN,TIER_C,2,2026-05-26,2026-06-01,6
FTAI,TIER_A,17,2026-03-10,2026-06-01,83
FTDR,TIER_A,22,2025-10-19,2026-06-01,225
FTI,TIER_A,34,2025-08-18,2026-06-01,287
FTK,TIER_A,23,2026-01-08,2026-06-01,144
FTNT,TIER_A,23,2025-08-25,2026-06-01,280
FTRE,TIER_A,17,2026-03-10,2026-06-01,83
FTV,TIER_A,18,2025-11-18,2026-06-01,195
FUBO,TIER_A,24,2025-08-18,2026-06-01,287
FUL,TIER_A,21,2025-10-19,2026-06-01,225
FULT,TIER_A,31,2025-08-18,2026-06-01,287
FUN,TIER_A,17,2026-03-10,2026-06-01,83
FUNC,TIER_A,30,2025-08-25,2026-05-20,268
FVCB,TIER_A,17,2025-08-25,2026-05-20,268
FVR,TIER_C,3,2026-05-20,2026-06-01,12
FVRR,TIER_A,16,2025-10-19,2026-05-20,213
FWONK,TIER_A,17,2026-03-10,2026-06-01,83
FWRD,TIER_A,17,2026-03-10,2026-06-01,83
FWRG,TIER_C,3,2026-05-20,2026-06-01,12
FXNC,TIER_A,15,2026-03-10,2026-05-20,71
G,TIER_A,23,2025-08-18,2026-06-01,287
GABC,TIER_A,17,2026-03-10,2026-06-01,83
GAIA,TIER_A,22,2025-10-19,2026-05-20,213
GALT,TIER_A,21,2025-08-25,2026-05-20,268
GAP,TIER_A,21,2025-08-18,2026-06-01,287
GATX,TIER_A,17,2026-03-10,2026-06-01,83
GAU,TIER_A,23,2025-10-19,2026-04-30,193
GBCI,TIER_A,17,2026-03-10,2026-06-01,83
GBFH,TIER_C,2,2026-05-26,2026-06-01,6
GBTG,TIER_C,3,2026-05-20,2026-06-01,12
GBX,TIER_A,28,2025-08-18,2026-06-01,287
GCMG,TIER_C,3,2026-05-20,2026-06-01,12
GCO,TIER_A,23,2025-10-29,2026-06-01,215
GCT,TIER_A,27,2025-11-18,2026-06-01,195
GD,TIER_A,31,2025-08-18,2026-06-01,287
GDDY,TIER_A,17,2026-03-10,2026-06-01,83
GDEN,TIER_B,9,2026-03-10,2026-04-30,51
GDEV,TIER_D,1,2026-05-03,2026-05-03,0
GDOT,TIER_A,30,2025-08-18,2026-06-01,287
GDRX,TIER_C,3,2026-05-20,2026-06-01,12
GDS,TIER_A,14,2025-08-18,2026-04-04,229
GDYN,TIER_A,17,2026-03-10,2026-06-01,83
GE,TIER_A,22,2025-10-29,2026-06-01,215
GEF,TIER_A,18,2025-10-29,2026-06-01,215
GEHC,TIER_A,21,2025-10-29,2026-06-01,215
GEN,TIER_A,19,2025-10-29,2026-06-01,215
GENC,TIER_A,15,2026-03-10,2026-05-20,71
GEO,TIER_A,17,2026-03-10,2026-06-01,83
GERN,TIER_A,18,2025-10-29,2026-06-01,215
GETY,TIER_C,3,2026-05-20,2026-06-01,12
GEV,TIER_A,24,2025-11-18,2026-06-01,195
GEVO,TIER_C,3,2026-05-20,2026-06-01,12
GFF,TIER_A,23,2025-08-18,2026-06-01,287
GFI,TIER_A,26,2025-08-18,2026-05-20,275
GFS,TIER_A,22,2025-12-11,2026-06-01,172
GGAL,TIER_B,7,2025-08-18,2026-03-10,204
GGG,TIER_A,25,2025-10-29,2026-06-01,215
GH,TIER_A,17,2026-03-10,2026-06-01,83
GHC,TIER_A,29,2025-08-18,2026-06-01,287
GHM,TIER_A,22,2025-08-25,2026-06-01,280
GIB,TIER_A,23,2025-08-18,2026-06-01,287
GIC,TIER_A,28,2025-08-18,2026-06-01,287
GIII,TIER_A,20,2025-11-18,2026-06-01,195
GIL,TIER_A,19,2025-12-11,2026-06-01,172
GILD,TIER_A,36,2025-08-18,2026-06-01,287
GILT,TIER_A,21,2025-11-18,2026-05-20,183
GIS,TIER_A,17,2026-03-10,2026-06-01,83
GKOS,TIER_A,17,2026-03-10,2026-06-01,83
GL,TIER_A,30,2025-08-18,2026-06-01,287
GLDD,TIER_B,6,2025-08-18,2026-03-10,204
GLNG,TIER_A,17,2026-03-10,2026-06-01,83
GLOB,TIER_A,17,2026-03-10,2026-06-01,83
GLPI,TIER_A,22,2025-11-18,2026-06-01,195
GLRE,TIER_D,1,2026-06-01,2026-06-01,0
GLUE,TIER_C,3,2026-05-20,2026-06-01,12
GLW,TIER_A,27,2025-08-18,2026-06-01,287
GM,TIER_A,19,2025-08-25,2026-06-01,280
GMAB,TIER_A,13,2026-03-10,2026-05-20,71
GME,TIER_A,17,2026-03-10,2026-06-01,83
GMED,TIER_A,26,2025-11-18,2026-06-01,195
GNE,TIER_B,8,2025-08-18,2026-06-01,287
GNL,TIER_A,19,2026-03-10,2026-06-01,83
GNRC,TIER_A,18,2026-03-10,2026-06-01,83
GNSS,TIER_A,15,2026-03-10,2026-05-20,71
GNTX,TIER_A,20,2025-08-25,2026-06-01,280
GNW,TIER_A,17,2026-03-10,2026-06-01,83
GO,TIER_A,18,2025-11-18,2026-06-01,195
GOGO,TIER_A,19,2025-08-25,2026-06-01,280
GOLD,TIER_A,27,2026-02-13,2026-06-01,108
GOLF,TIER_A,20,2025-08-18,2026-06-01,287
GOOD,TIER_A,17,2026-03-10,2026-06-01,83
GOOG,TIER_B,5,2025-08-18,2025-11-18,92
GOOGL,TIER_A,27,2025-08-25,2026-06-01,280
GORO,TIER_A,14,2026-04-15,2026-05-20,35
GOSS,TIER_A,15,2026-03-10,2026-05-20,71
GPC,TIER_A,19,2025-10-29,2026-06-01,215
GPI,TIER_A,23,2025-08-18,2026-06-01,287
GPK,TIER_A,17,2026-03-10,2026-06-01,83
GPN,TIER_A,22,2025-10-19,2026-06-01,225
GPRE,TIER_A,23,2025-10-29,2026-06-01,215
GPRK,TIER_B,5,2026-03-10,2026-04-09,30
GPRO,TIER_A,18,2025-10-29,2026-06-01,215
GRAL,TIER_D,1,2026-06-01,2026-06-01,0
GRBK,TIER_A,17,2026-03-10,2026-06-01,83
GRC,TIER_A,30,2025-10-19,2026-06-01,225
GRDN,TIER_C,3,2026-05-20,2026-06-01,12
GRMN,TIER_A,31,2025-10-29,2026-06-01,215
GRND,TIER_C,3,2026-05-20,2026-06-01,12
GRNT,TIER_C,3,2026-05-20,2026-06-01,12
GRPN,TIER_A,17,2026-03-10,2026-06-01,83
GRWG,TIER_A,14,2026-04-15,2026-05-20,35
GS,TIER_A,22,2025-08-25,2026-06-01,280
GSAT,TIER_A,18,2025-10-29,2026-06-01,215
GSBC,TIER_A,25,2025-08-25,2026-06-01,280
GSHD,TIER_A,17,2026-03-10,2026-06-01,83
GSK,TIER_A,35,2025-08-18,2026-06-01,287
GSL,TIER_A,18,2025-10-19,2026-05-20,213
GSM,TIER_A,17,2026-03-10,2026-06-01,83
GT,TIER_A,17,2026-03-10,2026-06-01,83
GTE,TIER_C,2,2026-05-20,2026-05-26,6
GTLB,TIER_C,3,2026-05-20,2026-06-01,12
GTLS,TIER_A,23,2025-11-18,2026-06-01,195
GTM,TIER_A,18,2026-03-02,2026-06-01,91
GTN,TIER_A,27,2025-08-18,2026-06-01,287
GTX,TIER_A,32,2025-08-18,2026-06-01,287
GTY,TIER_A,17,2026-03-10,2026-06-01,83
GVA,TIER_A,19,2025-08-18,2026-06-01,287
GWRE,TIER_A,17,2026-03-10,2026-06-01,83
GWRS,TIER_A,17,2026-03-10,2026-06-01,83
GWW,TIER_A,23,2025-10-29,2026-06-01,215
GYRE,TIER_C,3,2026-05-20,2026-06-01,12
H,TIER_A,17,2026-03-10,2026-06-01,83
HAE,TIER_A,36,2025-08-18,2026-06-01,287
HAFC,TIER_A,19,2025-10-19,2026-06-01,225
HAIN,TIER_A,17,2026-03-10,2026-06-01,83
HAL,TIER_A,31,2025-10-29,2026-06-01,215
HALO,TIER_A,33,2025-08-18,2026-06-01,287
HAS,TIER_A,20,2025-08-18,2026-06-01,287
HASI,TIER_A,18,2025-12-11,2026-06-01,172
HAYW,TIER_A,19,2025-11-18,2026-06-01,195
HBAN,TIER_A,17,2026-03-10,2026-06-01,83
HBB,TIER_A,19,2026-02-13,2026-05-20,96
HBCP,TIER_A,31,2025-08-18,2026-06-01,287
HBI,TIER_C,2,2025-10-29,2025-11-18,20
HBIO,TIER_A,15,2026-03-10,2026-05-20,71
HBM,TIER_A,21,2025-08-18,2026-05-20,275
HBT,TIER_A,22,2025-08-18,2026-06-01,287
HCA,TIER_A,25,2025-08-18,2026-06-01,287
HCAT,TIER_A,20,2025-08-18,2026-05-20,275
HCC,TIER_A,18,2025-11-18,2026-06-01,195
HCI,TIER_A,28,2025-10-19,2026-06-01,225
HCKT,TIER_A,15,2026-03-10,2026-05-20,71
HCSG,TIER_A,28,2025-08-18,2026-06-01,287
HD,TIER_A,17,2026-03-10,2026-06-01,83
HDB,TIER_A,15,2026-03-10,2026-05-20,71
HDSN,TIER_A,26,2025-10-19,2026-06-01,225
HE,TIER_A,25,2025-08-18,2026-06-01,287
HEI,TIER_A,19,2025-08-18,2026-06-01,287
HELE,TIER_A,17,2026-03-10,2026-06-01,83
HESM,TIER_A,24,2025-08-18,2026-06-01,287
HFFG,TIER_A,15,2026-03-10,2026-05-20,71
HFWA,TIER_A,19,2025-10-19,2026-06-01,225
HG,TIER_C,3,2026-05-20,2026-06-01,12
HGV,TIER_A,17,2026-03-10,2026-06-01,83
HHH,TIER_A,24,2025-08-18,2026-06-01,287
HIG,TIER_A,30,2025-08-18,2026-06-01,287
HII,TIER_A,23,2025-08-18,2026-06-01,287
HIMS,TIER_A,17,2026-03-10,2026-06-01,83
HIMX,TIER_A,11,2025-08-18,2026-05-20,275
HIPO,TIER_C,3,2026-05-20,2026-06-01,12
HIW,TIER_A,17,2026-03-10,2026-06-01,83
HL,TIER_A,21,2025-10-19,2026-06-01,225
HLF,TIER_A,24,2025-08-18,2026-06-01,287
HLI,TIER_A,19,2025-08-18,2026-06-01,287
HLIO,TIER_A,18,2026-03-10,2026-06-01,83
HLIT,TIER_A,21,2025-11-18,2026-06-01,195
HLMN,TIER_C,3,2026-05-20,2026-06-01,12
HLNE,TIER_A,29,2025-08-18,2026-06-01,287
HLT,TIER_A,25,2025-08-18,2026-06-01,287
HLX,TIER_A,21,2026-03-10,2026-06-01,83
HMC,TIER_A,18,2025-08-18,2026-06-01,287
HMN,TIER_A,26,2025-08-18,2026-06-01,287
HNI,TIER_A,28,2025-08-18,2026-06-01,287
HNRG,TIER_A,19,2026-03-10,2026-06-01,83
HNST,TIER_C,2,2026-05-26,2026-06-01,6
HOFT,TIER_A,17,2026-03-10,2026-05-20,71
HOG,TIER_A,17,2026-03-10,2026-06-01,83
HOLX,TIER_C,4,2025-10-29,2026-03-10,132
HOMB,TIER_A,29,2026-02-13,2026-06-01,108
HON,TIER_A,22,2025-10-29,2026-06-01,215
HOOD,TIER_A,20,2025-08-25,2026-06-01,280
HOPE,TIER_A,17,2026-03-10,2026-06-01,83
HOV,TIER_A,17,2026-03-10,2026-06-01,83
HP,TIER_A,23,2025-11-18,2026-06-01,195
HPE,TIER_A,22,2026-03-10,2026-06-01,83
HPK,TIER_C,3,2026-05-20,2026-06-01,12
HPP,TIER_A,18,2025-11-18,2026-06-01,195
HPQ,TIER_A,25,2025-08-18,2026-06-01,287
HQI,TIER_A,15,2026-03-10,2026-05-20,71
HQY,TIER_A,23,2025-08-18,2026-06-01,287
HRB,TIER_A,20,2025-08-25,2026-06-01,280
HRL,TIER_A,17,2026-03-10,2026-06-01,83
HRMY,TIER_A,26,2025-08-18,2026-06-01,287
HROW,TIER_A,17,2026-03-10,2026-06-01,83
HRTG,TIER_A,28,2025-08-25,2026-05-20,268
HRTX,TIER_A,25,2026-02-13,2026-06-01,108
HSBC,TIER_A,28,2025-08-18,2026-06-01,287
HSIC,TIER_A,23,2025-10-29,2026-06-01,215
HSII,TIER_C,4,2025-08-18,2025-11-18,92
HST,TIER_A,30,2025-08-25,2026-06-01,280
HSTM,TIER_A,20,2025-10-29,2026-06-01,215
HSY,TIER_A,17,2026-03-10,2026-06-01,83
HTB,TIER_C,3,2026-05-20,2026-06-01,12
HTBK,TIER_B,9,2025-11-18,2026-04-18,151
HTFL,TIER_C,3,2026-05-20,2026-06-01,12
HTH,TIER_A,26,2025-11-18,2026-06-01,195
HTHT,TIER_A,22,2026-03-10,2026-06-01,83
HTLD,TIER_A,20,2025-10-29,2026-06-01,215
HTO,TIER_A,34,2025-08-18,2026-06-01,287
HTZ,TIER_A,17,2026-03-10,2026-06-01,83
HUBB,TIER_A,29,2025-08-18,2026-06-01,287
HUBG,TIER_A,26,2025-11-18,2026-06-01,195
HUBS,TIER_A,17,2026-03-10,2026-06-01,83
HUM,TIER_A,17,2026-03-10,2026-06-01,83
HUN,TIER_A,19,2026-02-18,2026-06-01,103
HURN,TIER_A,21,2025-08-18,2026-06-01,287
HUT,TIER_C,3,2026-05-20,2026-06-01,12
HVT,TIER_A,23,2025-08-18,2026-06-01,287
HWC,TIER_A,22,2025-10-19,2026-06-01,225
HWKN,TIER_A,19,2025-08-18,2026-06-01,287
HWM,TIER_A,30,2025-10-29,2026-06-01,215
HXL,TIER_A,19,2025-10-29,2026-06-01,215
HY,TIER_A,17,2026-03-10,2026-06-01,83
HYLN,TIER_C,3,2026-05-20,2026-06-01,12
HZO,TIER_A,17,2026-03-10,2026-06-01,83
IAC,TIER_A,18,2025-10-19,2026-06-01,225
IAG,TIER_A,29,2025-08-18,2026-06-01,287
IART,TIER_A,18,2025-10-29,2026-06-01,215
IBCP,TIER_A,25,2025-08-18,2026-06-01,287
IBKR,TIER_A,28,2025-08-18,2026-06-01,287
IBM,TIER_A,24,2025-08-18,2026-06-01,287
IBN,TIER_A,15,2026-03-10,2026-05-20,71
IBOC,TIER_A,17,2026-03-10,2026-06-01,83
IBP,TIER_A,20,2025-10-29,2026-06-01,215
IBRX,TIER_A,17,2026-03-10,2026-06-01,83
IBTA,TIER_C,3,2026-05-20,2026-06-01,12
ICE,TIER_A,18,2025-12-11,2026-06-01,172
ICFI,TIER_A,27,2025-08-18,2026-06-01,287
ICHR,TIER_A,17,2026-03-10,2026-06-01,83
ICLR,TIER_A,27,2025-08-18,2026-05-20,275
ICUI,TIER_A,18,2025-11-18,2026-06-01,195
IDA,TIER_A,19,2025-10-19,2026-06-01,225
IDCC,TIER_A,18,2025-11-18,2026-06-01,195
IDN,TIER_A,29,2025-08-18,2026-05-20,275
IDR,TIER_C,3,2026-05-20,2026-06-01,12
IDT,TIER_A,22,2025-08-18,2026-06-01,287
IDXX,TIER_A,28,2025-08-18,2026-06-01,287
IDYA,TIER_A,17,2026-03-10,2026-06-01,83
IE,TIER_C,3,2026-05-20,2026-06-01,12
IESC,TIER_A,19,2025-08-25,2026-06-01,280
IEX,TIER_A,18,2025-10-29,2026-06-01,215
IFF,TIER_A,18,2025-10-29,2026-06-01,215
IHRT,TIER_A,15,2026-03-10,2026-05-20,71
III,TIER_A,34,2025-08-18,2026-06-01,287
IIIN,TIER_A,26,2025-08-18,2026-06-01,287
IIIV,TIER_A,18,2025-11-18,2026-06-01,195
IIPR,TIER_A,22,2025-10-19,2026-06-01,225
ILMN,TIER_A,22,2025-08-18,2026-06-01,287
ILPT,TIER_A,20,2025-08-18,2026-06-01,287
IMAX,TIER_A,17,2026-03-10,2026-06-01,83
IMKTA,TIER_A,33,2025-08-18,2026-06-01,287
IMMR,TIER_C,4,2026-05-11,2026-05-20,9
IMNM,TIER_C,3,2026-05-20,2026-06-01,12
IMO,TIER_A,28,2025-10-29,2026-06-01,215
IMXI,TIER_A,21,2025-08-18,2026-06-01,287
INBK,TIER_A,15,2026-03-10,2026-05-20,71
INBX,TIER_C,3,2026-05-20,2026-06-01,12
INCY,TIER_A,35,2025-08-18,2026-06-01,287
INDB,TIER_A,17,2026-03-10,2026-06-01,83
INDI,TIER_C,3,2026-05-20,2026-06-01,12
INDV,TIER_C,3,2026-05-20,2026-06-01,12
INFU,TIER_A,32,2025-08-18,2026-05-20,275
INFY,TIER_A,17,2026-03-10,2026-06-01,83
ING,TIER_C,4,2026-04-15,2026-05-03,18
INGM,TIER_C,3,2026-05-20,2026-06-01,12
INGN,TIER_A,34,2025-08-18,2026-06-01,287
INGR,TIER_A,24,2025-08-18,2026-06-01,287
INMD,TIER_D,1,2025-10-29,2025-10-29,0
INN,TIER_A,18,2025-11-18,2026-06-01,195
INNV,TIER_C,3,2026-05-20,2026-06-01,12
INO,TIER_A,20,2025-08-18,2026-06-01,287
INOD,TIER_A,24,2025-08-25,2026-06-01,280
INSE,TIER_A,17,2025-10-19,2026-05-20,213
INSG,TIER_A,17,2026-03-10,2026-06-01,83
INSM,TIER_A,17,2026-03-10,2026-06-01,83
INSP,TIER_A,22,2026-03-10,2026-06-01,83
INSW,TIER_A,25,2025-10-29,2026-06-01,215
INTA,TIER_C,3,2026-05-20,2026-06-01,12
INTC,TIER_A,18,2026-03-10,2026-06-01,83
INTT,TIER_A,15,2026-03-10,2026-05-20,71
INTU,TIER_A,18,2025-08-18,2026-06-01,287
INVA,TIER_A,26,2025-08-18,2026-06-01,287
INVE,TIER_A,15,2026-03-10,2026-05-20,71
INVH,TIER_A,18,2025-12-11,2026-06-01,172
INVX,TIER_A,21,2025-08-18,2026-06-01,287
IONQ,TIER_A,22,2026-03-10,2026-06-01,83
IONS,TIER_A,17,2026-03-10,2026-06-01,83
IOSP,TIER_A,17,2026-03-10,2026-06-01,83
IOT,TIER_C,3,2026-05-20,2026-06-01,12
IOVA,TIER_A,17,2026-03-10,2026-06-01,83
IP,TIER_A,17,2026-03-10,2026-06-01,83
IPAR,TIER_A,18,2025-12-11,2026-06-01,172
IPG,TIER_C,3,2025-08-18,2025-10-29,72
IPGP,TIER_A,19,2026-03-07,2026-06-01,86
IPI,TIER_A,18,2025-10-19,2026-06-01,225
IQ,TIER_B,9,2025-10-19,2026-05-20,213
IQV,TIER_A,23,2025-10-19,2026-06-01,225
IR,TIER_A,19,2026-01-08,2026-06-01,144
IRDM,TIER_A,26,2025-08-18,2026-06-01,287
IRM,TIER_A,17,2026-03-10,2026-06-01,83
IRMD,TIER_A,32,2025-08-18,2026-06-01,287
IRT,TIER_A,18,2025-12-11,2026-06-01,172
IRTC,TIER_A,17,2026-03-10,2026-06-01,83
IRWD,TIER_A,25,2025-08-18,2026-06-01,287
ISRG,TIER_A,25,2025-10-29,2026-06-01,215
ISSC,TIER_A,25,2026-02-13,2026-06-01,108
ISTR,TIER_A,18,2025-11-18,2026-06-01,195
IT,TIER_A,20,2025-08-18,2026-06-01,287
ITGR,TIER_A,28,2025-08-18,2026-06-01,287
ITRI,TIER_A,22,2025-08-18,2026-06-01,287
ITT,TIER_A,21,2025-10-29,2026-06-01,215
ITW,TIER_A,26,2025-08-18,2026-06-01,287
IVR,TIER_A,30,2025-08-25,2026-06-01,280
IVT,TIER_C,3,2026-05-20,2026-06-01,12
IVZ,TIER_A,27,2025-08-18,2026-06-01,287
J,TIER_A,22,2025-08-18,2026-06-01,287
JACK,TIER_A,19,2026-03-07,2026-06-01,86
JAKK,TIER_A,23,2025-11-18,2026-06-01,195
JANX,TIER_C,3,2026-05-20,2026-06-01,12
JAZZ,TIER_A,23,2025-08-18,2026-06-01,287
JBGS,TIER_A,20,2025-08-18,2026-06-01,287
JBHT,TIER_A,28,2025-08-25,2026-06-01,280
JBI,TIER_C,3,2026-05-20,2026-06-01,12
JBL,TIER_A,36,2025-08-18,2026-06-01,287
JBLU,TIER_A,17,2026-03-10,2026-06-01,83
JBSS,TIER_A,31,2025-10-19,2026-06-01,225
JBTM,TIER_A,17,2026-03-10,2026-06-01,83
JCI,TIER_A,20,2025-10-29,2026-06-01,215
JD,TIER_A,18,2025-12-11,2026-05-20,160
JEF,TIER_A,17,2026-03-10,2026-06-01,83
JELD,TIER_A,16,2025-10-19,2026-05-20,213
JHG,TIER_A,33,2025-08-18,2026-06-01,287
JILL,TIER_A,28,2025-10-19,2026-06-01,225
JJSF,TIER_A,18,2025-10-29,2026-06-01,215
JKHY,TIER_A,24,2025-10-29,2026-06-01,215
JKS,TIER_A,10,2026-02-13,2026-05-20,96
JLL,TIER_A,22,2025-11-18,2026-06-01,195
JMSB,TIER_D,1,2026-06-01,2026-06-01,0
JNJ,TIER_A,28,2025-08-18,2026-06-01,287
JOBY,TIER_A,17,2026-03-10,2026-06-01,83
JOE,TIER_A,22,2026-03-07,2026-06-01,86
JOUT,TIER_A,27,2026-02-13,2026-06-01,108
JPM,TIER_A,22,2025-08-18,2026-06-01,287
JRVR,TIER_A,18,2025-11-18,2026-05-20,183
JXN,TIER_B,6,2025-10-19,2026-06-01,225
JYNT,TIER_A,17,2026-03-10,2026-06-01,83
KAI,TIER_A,18,2025-10-19,2026-06-01,225
KALV,TIER_A,17,2026-03-10,2026-06-01,83
KAR,TIER_C,4,2025-08-18,2025-12-11,115
KB,TIER_A,24,2025-08-18,2026-06-01,287
KBH,TIER_A,20,2025-10-19,2026-06-01,225
KBR,TIER_A,20,2025-10-19,2026-06-01,225
KC,TIER_B,8,2026-02-13,2026-04-04,50
KD,TIER_A,20,2025-08-18,2026-06-01,287
KDP,TIER_A,17,2026-03-10,2026-06-01,83
KE,TIER_A,27,2025-08-18,2026-06-01,287
KELYA,TIER_A,21,2025-08-18,2026-06-01,287
KEP,TIER_A,24,2026-02-13,2026-05-20,96
KEX,TIER_A,27,2025-08-25,2026-06-01,280
KEY,TIER_A,17,2026-03-10,2026-06-01,83
KEYS,TIER_A,27,2025-08-25,2026-06-01,280
KFRC,TIER_A,22,2025-08-18,2026-06-01,287
KFY,TIER_A,35,2025-08-18,2026-06-01,287
KGC,TIER_A,30,2025-08-18,2026-06-01,287
KGS,TIER_A,19,2025-08-18,2026-06-01,287
KHC,TIER_A,18,2025-10-29,2026-06-01,215
KIDS,TIER_A,17,2026-03-10,2026-06-01,83
KIM,TIER_A,18,2026-03-10,2026-06-01,83
KINS,TIER_A,16,2025-08-25,2026-05-20,268
KKR,TIER_A,25,2025-08-18,2026-06-01,287
KLAC,TIER_A,36,2025-08-18,2026-06-01,287
KLC,TIER_C,3,2026-05-20,2026-06-01,12
KLIC,TIER_A,17,2026-03-10,2026-06-01,83
KMB,TIER_A,18,2025-10-29,2026-06-01,215
KMI,TIER_A,26,2026-02-13,2026-06-01,108
KMPR,TIER_A,19,2025-08-18,2026-06-01,287
KMT,TIER_A,32,2025-10-29,2026-06-01,215
KMTS,TIER_C,3,2026-05-20,2026-06-01,12
KMX,TIER_A,17,2026-03-10,2026-06-01,83
KN,TIER_A,19,2026-02-13,2026-06-01,108
KNF,TIER_A,19,2026-03-10,2026-06-01,83
KNSL,TIER_A,28,2025-08-25,2026-06-01,280
KNTK,TIER_A,22,2026-03-10,2026-06-01,83
KNX,TIER_A,19,2026-03-10,2026-06-01,83
KO,TIER_A,18,2025-10-29,2026-06-01,215
KOD,TIER_A,19,2025-10-19,2026-06-01,225
KOP,TIER_A,23,2025-10-29,2026-06-01,215
KOPN,TIER_A,17,2026-03-10,2026-06-01,83
KOS,TIER_A,17,2026-03-10,2026-06-01,83
KPTI,TIER_A,17,2026-03-10,2026-06-01,83
KR,TIER_A,31,2025-08-18,2026-06-01,287
KRC,TIER_A,19,2025-08-25,2026-06-01,280
KREF,TIER_A,17,2026-03-10,2026-06-01,83
KRG,TIER_A,19,2025-08-25,2026-06-01,280
KRMD,TIER_A,17,2026-03-10,2026-06-01,83
KRMN,TIER_C,3,2026-05-20,2026-06-01,12
KRNT,TIER_A,20,2025-12-11,2026-06-01,172
KRNY,TIER_B,9,2026-04-30,2026-06-01,32
KRO,TIER_A,17,2026-03-10,2026-06-01,83
KROS,TIER_A,31,2025-08-18,2026-05-20,275
KRT,TIER_C,3,2026-05-20,2026-06-01,12
KRUS,TIER_A,17,2026-03-10,2026-06-01,83
KRYS,TIER_A,32,2025-08-18,2026-06-01,287
KSS,TIER_A,21,2025-10-29,2026-06-01,215
KT,TIER_D,1,2026-03-10,2026-03-10,0
KTB,TIER_A,18,2025-10-19,2026-06-01,225
KTOS,TIER_A,17,2026-03-10,2026-06-01,83
KULR,TIER_B,6,2026-03-10,2026-05-20,71
KURA,TIER_A,17,2026-03-10,2026-06-01,83
KVUE,TIER_A,17,2026-03-10,2026-06-01,83
KW,TIER_A,18,2025-10-19,2026-06-01,225
KWR,TIER_A,18,2025-12-11,2026-06-01,172
KYMR,TIER_C,3,2026-05-20,2026-06-01,12
L,TIER_A,22,2025-08-18,2026-06-01,287
LAB,TIER_A,23,2025-08-25,2026-06-01,280
LAD,TIER_A,21,2025-08-18,2026-06-01,287
LADR,TIER_A,20,2025-08-18,2026-06-01,287
LAKE,TIER_A,17,2026-03-10,2026-06-01,83
LAMR,TIER_A,17,2026-03-10,2026-06-01,83
LAND,TIER_A,21,2025-11-18,2026-05-20,183
LASR,TIER_A,16,2025-11-18,2026-05-20,183
LAZ,TIER_A,17,2026-03-10,2026-06-01,83
LB,TIER_A,17,2026-03-10,2026-06-01,83
LBRDK,TIER_A,15,2026-03-10,2026-06-01,83
LBRT,TIER_A,17,2026-03-10,2026-06-01,83
LC,TIER_A,23,2025-08-18,2026-06-01,287
LCID,TIER_A,17,2026-03-10,2026-06-01,83
LCII,TIER_A,26,2025-10-29,2026-06-01,215
LCNB,TIER_A,19,2025-08-25,2026-05-20,268
LCUT,TIER_A,17,2026-03-10,2026-05-20,71
LDI,TIER_D,1,2026-06-01,2026-06-01,0
LDOS,TIER_A,24,2025-08-18,2026-06-01,287
LECO,TIER_A,26,2025-08-18,2026-06-01,287
LEG,TIER_A,23,2025-08-25,2026-06-01,280
LEGH,TIER_A,18,2025-10-19,2026-06-01,225
LEGN,TIER_A,13,2026-03-10,2026-05-20,71
LEN,TIER_A,17,2026-03-10,2026-06-01,83
LEU,TIER_A,19,2026-02-13,2026-06-01,108
LEVI,TIER_A,23,2025-08-18,2026-06-01,287
LFST,TIER_A,19,2025-10-19,2026-06-01,225
LFUS,TIER_A,24,2025-08-25,2026-06-01,280
LFVN,TIER_A,34,2025-08-18,2026-06-01,287
LGIH,TIER_A,17,2026-03-10,2026-06-01,83
LGN,TIER_C,3,2026-05-20,2026-06-01,12
LGND,TIER_A,17,2026-03-10,2026-06-01,83
LH,TIER_A,17,2026-03-10,2026-06-01,83
LHX,TIER_A,29,2025-08-25,2026-06-01,280
LIF,TIER_A,16,2026-04-15,2026-06-01,47
LII,TIER_A,18,2025-10-29,2026-06-01,215
LIN,TIER_A,19,2025-11-18,2026-06-01,195
LINC,TIER_A,20,2026-02-13,2026-06-01,108
LIND,TIER_A,19,2026-03-10,2026-06-01,83
LINE,TIER_C,3,2026-05-20,2026-06-01,12
LITE,TIER_A,19,2026-03-10,2026-06-01,83
LIVN,TIER_A,28,2025-08-18,2026-06-01,287
LKFN,TIER_A,17,2026-03-10,2026-06-01,83
LKQ,TIER_A,22,2025-08-18,2026-06-01,287
LLY,TIER_A,22,2025-08-18,2026-06-01,287
LMAT,TIER_A,30,2025-10-29,2026-06-01,215
LMB,TIER_A,17,2026-03-10,2026-06-01,83
LMND,TIER_A,17,2026-03-10,2026-06-01,83
LMNR,TIER_A,17,2026-03-10,2026-06-01,83
LMT,TIER_A,33,2025-08-25,2026-06-01,280
LNC,TIER_A,19,2025-11-18,2026-06-01,195
LNG,TIER_A,27,2025-08-18,2026-06-01,287
LNN,TIER_A,22,2025-08-18,2026-06-01,287
LNT,TIER_A,17,2026-03-10,2026-06-01,83
LNTH,TIER_A,32,2025-08-18,2026-06-01,287
LOAR,TIER_C,3,2026-05-20,2026-06-01,12
LOB,TIER_A,17,2026-03-10,2026-06-01,83
LOCO,TIER_A,26,2025-08-18,2026-06-01,287
LOOP,TIER_A,17,2025-08-18,2026-05-20,275
LOPE,TIER_A,25,2025-08-25,2026-06-01,280
LOVE,TIER_A,15,2026-03-10,2026-05-20,71
LOW,TIER_A,23,2025-08-18,2026-06-01,287
LPG,TIER_A,17,2026-03-10,2026-06-01,83
LPL,TIER_B,7,2025-08-25,2026-05-20,268
LPLA,TIER_A,17,2026-03-10,2026-06-01,83
LPSN,TIER_A,15,2026-03-10,2026-05-20,71
LPTH,TIER_A,17,2026-03-10,2026-06-01,83
LPTX,TIER_D,1,2025-10-29,2025-10-29,0
LPX,TIER_A,18,2025-10-29,2026-06-01,215
LQDA,TIER_C,3,2026-05-20,2026-06-01,12
LQDT,TIER_A,26,2026-01-08,2026-06-01,144
LRCX,TIER_A,36,2025-08-18,2026-06-01,287
LRN,TIER_A,23,2025-08-18,2026-06-01,287
LSCC,TIER_A,24,2025-10-19,2026-06-01,225
LSTR,TIER_A,20,2026-03-10,2026-06-01,83
LTC,TIER_A,17,2026-03-10,2026-06-01,83
LTH,TIER_A,16,2026-04-15,2026-06-01,47
LTRX,TIER_A,19,2025-10-29,2026-05-20,203
LULU,TIER_A,18,2025-11-18,2026-06-01,195
LUMN,TIER_A,34,2025-08-18,2026-06-01,287
LUNR,TIER_C,3,2026-05-20,2026-06-01,12
LUV,TIER_A,19,2025-11-18,2026-06-01,195
LVS,TIER_A,17,2026-03-10,2026-06-01,83
LW,TIER_A,19,2025-10-29,2026-06-01,215
LWAY,TIER_A,18,2025-10-19,2026-06-01,225
LXFR,TIER_A,28,2025-08-18,2026-06-01,287
LXP,TIER_A,19,2025-08-18,2026-06-01,287
LXRX,TIER_A,17,2026-03-10,2026-06-01,83
LXU,TIER_A,17,2026-03-10,2026-06-01,83
LYB,TIER_A,19,2026-03-10,2026-06-01,83
LYFT,TIER_A,21,2025-08-18,2026-06-01,287
LYG,TIER_A,20,2025-08-18,2026-06-01,287
LYTS,TIER_A,24,2025-08-25,2026-06-01,280
LYV,TIER_A,17,2026-03-10,2026-06-01,83
LZ,TIER_A,17,2026-03-10,2026-06-01,83
LZB,TIER_A,23,2025-08-18,2026-06-01,287
M,TIER_A,24,2025-10-19,2026-06-01,225
MA,TIER_A,24,2025-08-18,2026-06-01,287
MAA,TIER_A,17,2026-03-10,2026-06-01,83
MAC,TIER_A,17,2026-03-10,2026-06-01,83
MAMA,TIER_A,17,2026-03-10,2026-06-01,83
MAN,TIER_A,18,2025-10-29,2026-06-01,215
MANH,TIER_A,21,2025-08-18,2026-06-01,287
MAR,TIER_A,22,2025-10-29,2026-06-01,215
MARA,TIER_A,18,2025-11-18,2026-06-01,195
MAS,TIER_A,25,2025-08-18,2026-06-01,287
MASI,TIER_A,17,2026-03-10,2026-06-01,83
MASS,TIER_D,1,2026-06-01,2026-06-01,0
MAT,TIER_A,17,2026-03-10,2026-06-01,83
MATV,TIER_C,3,2026-05-20,2026-06-01,12
MATW,TIER_A,18,2025-10-29,2026-06-01,215
MATX,TIER_A,32,2025-08-25,2026-06-01,280
MAX,TIER_C,3,2026-05-20,2026-06-01,12
MBC,TIER_C,3,2026-05-20,2026-06-01,12
MBCN,TIER_D,1,2025-08-25,2025-08-25,0
MBIN,TIER_A,26,2026-01-08,2026-06-01,144
MBIO,TIER_C,2,2025-11-18,2026-03-10,112
MBOT,TIER_A,15,2025-08-18,2026-05-20,275
MBUU,TIER_A,21,2026-02-13,2026-06-01,108
MBWM,TIER_A,24,2025-08-18,2026-06-01,287
MC,TIER_A,25,2025-08-25,2026-06-01,280
MCB,TIER_A,19,2025-08-18,2026-04-18,243
MCD,TIER_A,19,2025-10-29,2026-06-01,215
MCFT,TIER_A,31,2025-10-29,2026-06-01,215
MCHP,TIER_A,21,2026-02-13,2026-06-01,108
MCHX,TIER_A,19,2025-08-25,2026-05-20,268
MCK,TIER_A,36,2025-08-18,2026-06-01,287
MCO,TIER_A,19,2025-08-18,2026-06-01,287
MCRB,TIER_A,12,2025-10-19,2026-05-03,196
MCRI,TIER_A,30,2025-08-18,2026-06-01,287
MCS,TIER_A,17,2026-03-10,2026-06-01,83
MCW,TIER_A,14,2026-03-10,2026-05-15,66
MCY,TIER_A,30,2025-08-18,2026-06-01,287
MD,TIER_A,28,2025-08-18,2026-06-01,287
MDB,TIER_A,19,2025-12-11,2026-06-01,172
MDGL,TIER_A,17,2026-03-10,2026-06-01,83
MDLN,TIER_C,3,2026-05-20,2026-06-01,12
MDLZ,TIER_A,17,2026-03-10,2026-06-01,83
MDT,TIER_A,21,2025-10-19,2026-06-01,225
MDU,TIER_A,18,2025-10-19,2026-06-01,225
MDWD,TIER_A,17,2026-03-10,2026-06-01,83
MDXG,TIER_A,31,2025-08-18,2026-05-20,275
MEC,TIER_A,19,2025-08-18,2026-06-01,287
MED,TIER_A,24,2025-08-18,2026-06-01,287
MEDP,TIER_A,36,2025-08-18,2026-06-01,287
MEI,TIER_A,27,2025-10-19,2026-06-01,225
MELI,TIER_A,17,2026-03-10,2026-06-01,83
MEOH,TIER_A,17,2025-08-18,2026-05-20,275
MERC,TIER_A,15,2026-03-10,2026-05-20,71
MET,TIER_A,18,2025-10-19,2026-06-01,225
META,TIER_A,20,2025-08-18,2026-06-01,287
METC,TIER_A,17,2026-03-10,2026-06-01,83
MFA,TIER_A,19,2026-03-10,2026-05-20,71
MFC,TIER_A,22,2025-08-18,2026-06-01,287
MFG,TIER_A,19,2025-08-18,2026-05-20,275
MFIN,TIER_A,24,2025-08-18,2026-05-20,275
MG,TIER_A,35,2025-08-18,2026-06-01,287
MGA,TIER_A,22,2025-08-18,2026-06-01,287
MGEE,TIER_A,18,2025-10-29,2026-06-01,215
MGIC,TIER_A,10,2025-08-18,2026-02-18,184
MGM,TIER_A,18,2025-10-29,2026-06-01,215
MGNI,TIER_A,17,2026-03-10,2026-06-01,83
MGNX,TIER_A,16,2025-11-18,2026-05-20,183
MGPI,TIER_A,20,2025-08-18,2026-06-01,287
MGRC,TIER_A,26,2025-08-18,2026-06-01,287
MGTX,TIER_A,17,2026-03-10,2026-06-01,83
MGY,TIER_A,22,2026-01-08,2026-06-01,144
MHK,TIER_A,20,2025-08-18,2026-06-01,287
MHO,TIER_A,21,2025-08-18,2026-06-01,287
MIAX,TIER_C,3,2026-05-20,2026-06-01,12
MIDD,TIER_A,18,2026-01-08,2026-06-01,144
MIR,TIER_A,17,2026-03-10,2026-06-01,83
MIRM,TIER_A,17,2026-03-10,2026-06-01,83
MITK,TIER_A,22,2026-03-10,2026-06-01,83
MITSY,TIER_D,1,2026-05-03,2026-05-03,0
MKC,TIER_A,17,2026-03-10,2026-06-01,83
MKL,TIER_A,24,2025-08-18,2026-06-01,287
MKSI,TIER_A,34,2025-08-18,2026-06-01,287
MKTX,TIER_A,18,2025-08-25,2026-06-01,280
MLAB,TIER_A,32,2025-10-19,2026-06-01,225
MLCO,TIER_A,28,2025-08-18,2026-06-01,287
MLI,TIER_A,28,2025-08-18,2026-06-01,287
MLKN,TIER_A,19,2025-10-19,2026-06-01,225
MLM,TIER_A,17,2026-03-10,2026-06-01,83
MLR,TIER_A,19,2025-10-19,2026-06-01,225
MMI,TIER_A,17,2026-03-10,2026-06-01,83
MMM,TIER_A,18,2025-12-11,2026-06-01,172
MMS,TIER_A,22,2025-10-19,2026-06-01,225
MMSI,TIER_A,23,2025-10-29,2026-06-01,215
MMYT,TIER_A,15,2026-03-10,2026-05-20,71
MNKD,TIER_A,19,2026-03-07,2026-06-01,86
MNOV,TIER_A,15,2025-10-29,2026-05-20,203
MNRO,TIER_A,17,2026-03-10,2026-06-01,83
MNSB,TIER_A,20,2025-08-25,2026-05-20,268
MNST,TIER_A,28,2025-08-18,2026-06-01,287
MO,TIER_A,33,2025-08-18,2026-06-01,287
MOD,TIER_A,17,2026-03-10,2026-06-01,83
MOG/A,TIER_A,28,2026-02-13,2026-06-01,108
MOH,TIER_A,20,2025-08-18,2026-06-01,287
MORN,TIER_A,23,2026-01-08,2026-06-01,144
MOS,TIER_A,17,2026-03-10,2026-06-01,83
MOV,TIER_A,26,2026-02-13,2026-06-01,108
MP,TIER_A,17,2026-03-10,2026-06-01,83
MPAA,TIER_A,22,2025-08-18,2026-06-01,287
MPC,TIER_A,27,2025-08-18,2026-06-01,287
MPLX,TIER_A,23,2025-11-18,2026-06-01,195
MPT,TIER_A,19,2026-03-07,2026-06-01,86
MPTI,TIER_D,1,2026-06-01,2026-06-01,0
MPWR,TIER_A,33,2025-08-18,2026-06-01,287
MPX,TIER_A,17,2026-02-13,2026-05-15,91
MQ,TIER_A,19,2026-03-10,2026-06-01,83
MRC,TIER_C,2,2025-10-19,2025-10-29,10
MRCY,TIER_A,18,2025-10-29,2026-06-01,215
MRK,TIER_A,28,2025-08-18,2026-06-01,287
MRNA,TIER_A,17,2026-03-10,2026-06-01,83
MRP,TIER_C,3,2026-05-20,2026-06-01,12
MRSH,TIER_A,17,2026-03-10,2026-06-01,83
MRSN,TIER_C,3,2025-08-18,2025-11-18,92
MRTN,TIER_A,20,2025-08-25,2026-06-01,280
MRVI,TIER_A,21,2025-08-18,2026-06-01,287
MRVL,TIER_A,20,2025-10-29,2026-06-01,215
MS,TIER_A,20,2025-11-18,2026-06-01,195
MSA,TIER_A,17,2026-03-10,2026-06-01,83
MSBI,TIER_A,17,2026-03-10,2026-06-01,83
MSCI,TIER_A,24,2025-11-18,2026-06-01,195
MSEX,TIER_A,17,2026-03-10,2026-06-01,83
MSFT,TIER_A,23,2025-08-18,2026-06-01,287
MSGE,TIER_C,3,2026-05-20,2026-06-01,12
MSGS,TIER_A,17,2026-03-10,2026-06-01,83
MSI,TIER_A,20,2025-08-18,2026-06-01,287
MSM,TIER_A,24,2025-08-18,2026-06-01,287
MSTR,TIER_A,17,2026-03-10,2026-06-01,83
MT,TIER_A,20,2025-11-18,2026-05-20,183
MTB,TIER_A,27,2025-08-25,2026-06-01,280
MTD,TIER_A,36,2025-08-18,2026-06-01,287
MTDR,TIER_A,25,2025-08-18,2026-06-01,287
MTG,TIER_A,23,2025-08-18,2026-06-01,287
MTH,TIER_A,17,2026-03-10,2026-06-01,83
MTN,TIER_A,17,2026-03-10,2026-06-01,83
MTRN,TIER_A,18,2025-10-29,2026-06-01,215
MTRX,TIER_A,20,2025-08-18,2026-06-01,287
MTSI,TIER_A,17,2026-03-10,2026-06-01,83
MTUS,TIER_A,17,2026-03-10,2026-06-01,83
MTX,TIER_A,18,2025-10-29,2026-06-01,215
MTZ,TIER_A,21,2025-12-11,2026-06-01,172
MU,TIER_A,35,2025-08-18,2026-06-01,287
MUR,TIER_A,23,2025-11-18,2026-06-01,195
MUSA,TIER_A,18,2025-11-18,2026-06-01,195
MUX,TIER_A,15,2026-03-10,2026-05-20,71
MVBF,TIER_A,17,2026-03-10,2026-06-01,83
MVIS,TIER_A,15,2026-03-10,2026-05-20,71
MVST,TIER_C,3,2026-05-20,2026-06-01,12
MWA,TIER_A,24,2025-08-18,2026-06-01,287
MX,TIER_A,25,2025-10-19,2026-06-01,225
MXL,TIER_A,17,2026-03-10,2026-06-01,83
MYE,TIER_A,30,2025-08-18,2026-06-01,287
MYFW,TIER_A,15,2026-03-10,2026-05-20,71
MYGN,TIER_A,25,2025-10-19,2026-06-01,225
MYO,TIER_A,17,2026-03-10,2026-06-01,83
MYRG,TIER_A,30,2025-08-18,2026-06-01,287
MZTI,TIER_A,18,2025-08-25,2026-06-01,280
NABL,TIER_A,21,2025-08-18,2026-06-01,287
NAGE,TIER_A,24,2025-08-18,2026-06-01,287
NAT,TIER_A,20,2025-08-18,2026-06-01,287
NATH,TIER_A,25,2025-08-18,2026-06-01,287
NATL,TIER_A,26,2025-08-18,2026-06-01,287
NATR,TIER_A,33,2025-08-18,2026-06-01,287
NAVI,TIER_A,17,2026-03-10,2026-06-01,83
NAVN,TIER_C,3,2026-05-20,2026-06-01,12
NB,TIER_D,1,2026-05-03,2026-05-03,0
NBBK,TIER_C,3,2026-05-20,2026-06-01,12
NBHC,TIER_A,19,2025-10-19,2026-06-01,225
NBIS,TIER_B,7,2026-03-10,2026-04-24,45
NBIX,TIER_A,28,2025-08-25,2026-06-01,280
NBR,TIER_A,31,2025-11-18,2026-06-01,195
NBTB,TIER_A,27,2025-11-18,2026-06-01,195
NBY,TIER_C,2,2025-10-19,2025-10-29,10
NCLH,TIER_A,18,2025-10-29,2026-06-01,215
NCMI,TIER_A,17,2026-03-10,2026-06-01,83
NCNO,TIER_A,17,2026-03-10,2026-06-01,83
NDAQ,TIER_A,18,2025-12-11,2026-06-01,172
NDLS,TIER_C,2,2025-10-19,2025-10-29,10
NDSN,TIER_A,20,2025-10-29,2026-06-01,215
NE,TIER_A,17,2026-03-10,2026-06-01,83
NECB,TIER_A,25,2025-08-25,2026-06-01,280
NEE,TIER_A,18,2025-10-29,2026-06-01,215
NEM,TIER_A,36,2025-08-18,2026-06-01,287
NEO,TIER_A,17,2026-03-10,2026-06-01,83
NEOG,TIER_A,18,2025-11-18,2026-06-01,195
NEON,TIER_D,1,2025-11-18,2025-11-18,0
NERV,TIER_A,19,2025-10-29,2026-05-20,203
NESR,TIER_A,25,2025-11-18,2026-06-01,195
NET,TIER_A,18,2026-03-10,2026-06-01,83
NEU,TIER_A,25,2025-08-18,2026-06-01,287
NEWT,TIER_A,29,2025-08-18,2026-06-01,287
NEXT,TIER_A,18,2025-10-29,2026-06-01,215
NFBK,TIER_C,2,2025-08-25,2025-10-19,55
NFE,TIER_A,17,2026-03-10,2026-06-01,83
NFG,TIER_A,34,2025-08-18,2026-06-01,287
NFLX,TIER_A,21,2025-08-25,2026-06-01,280
NG,TIER_A,19,2025-10-29,2026-06-01,215
NGD,TIER_D,1,2026-03-10,2026-03-10,0
NGS,TIER_A,22,2025-08-18,2026-06-01,287
NGVC,TIER_A,31,2025-11-18,2026-06-01,195
NGVT,TIER_A,19,2025-10-29,2026-06-01,215
NHC,TIER_A,33,2025-08-18,2026-06-01,287
NHI,TIER_A,17,2026-03-10,2026-06-01,83
NI,TIER_A,24,2025-11-18,2026-06-01,195
NIC,TIER_C,3,2026-05-20,2026-06-01,12
NICE,TIER_A,22,2025-08-18,2026-05-20,275
NIO,TIER_C,4,2025-08-25,2026-04-04,222
NIQ,TIER_C,3,2026-05-20,2026-06-01,12
NJR,TIER_A,23,2025-08-18,2026-06-01,287
NKE,TIER_A,17,2026-03-10,2026-06-01,83
NKSH,TIER_A,15,2026-03-10,2026-05-20,71
NKTR,TIER_A,21,2025-08-18,2026-06-01,287
NL,TIER_A,16,2026-03-10,2026-05-26,77
NLY,TIER_A,33,2025-08-18,2026-06-01,287
NMAX,TIER_C,3,2026-05-20,2026-06-01,12
NMIH,TIER_A,27,2025-08-18,2026-06-01,287
NMR,TIER_A,28,2025-10-19,2026-05-20,213
NMRK,TIER_A,19,2025-08-25,2026-06-01,280
NN,TIER_C,3,2026-05-20,2026-06-01,12
NNI,TIER_A,29,2026-02-13,2026-06-01,108
NNN,TIER_A,17,2026-03-10,2026-06-01,83
NOC,TIER_A,28,2025-10-29,2026-06-01,215
NOG,TIER_A,19,2025-10-19,2026-06-01,225
NOK,TIER_A,31,2025-11-18,2026-06-01,195
NOMD,TIER_C,3,2025-08-18,2026-03-10,204
NOV,TIER_A,19,2025-10-29,2026-06-01,215
NOVT,TIER_A,17,2026-03-10,2026-06-01,83
NOW,TIER_A,19,2025-10-29,2026-06-01,215
NP,TIER_A,15,2026-03-10,2026-06-01,83
NPB,TIER_C,3,2026-05-20,2026-06-01,12
NPCE,TIER_C,3,2026-05-20,2026-06-01,12
NPK,TIER_A,17,2026-03-10,2026-06-01,83
NPKI,TIER_C,3,2026-05-20,2026-06-01,12
NPO,TIER_A,17,2026-03-10,2026-06-01,83
NREF,TIER_A,21,2025-11-18,2026-06-01,195
NRG,TIER_A,19,2025-11-18,2026-06-01,195
NRIM,TIER_A,30,2025-08-18,2026-06-01,287
NRIX,TIER_C,3,2026-05-20,2026-06-01,12
NSA,TIER_A,22,2026-03-10,2026-06-01,83
NSC,TIER_A,20,2025-10-19,2026-06-01,225
NSIT,TIER_A,29,2025-10-19,2026-06-01,225
NSP,TIER_A,17,2026-03-10,2026-06-01,83
NSSC,TIER_A,22,2025-08-18,2026-06-01,287
NTAP,TIER_A,24,2025-10-19,2026-06-01,225
NTB,TIER_A,29,2025-08-18,2026-05-20,275
NTCT,TIER_A,17,2026-03-10,2026-06-01,83
NTES,TIER_A,22,2025-08-18,2026-06-01,287
NTGR,TIER_A,23,2025-08-18,2026-06-01,287
NTIC,TIER_A,15,2026-03-10,2026-05-20,71
NTLA,TIER_A,18,2025-10-29,2026-06-01,215
NTNX,TIER_A,17,2026-03-10,2026-06-01,83
NTR,TIER_A,30,2025-10-29,2026-06-01,215
NTRA,TIER_A,17,2026-03-10,2026-06-01,83
NTRP,TIER_D,1,2026-05-20,2026-05-20,0
NTRS,TIER_A,20,2025-08-18,2026-06-01,287
NTST,TIER_C,3,2026-05-20,2026-06-01,12
NU,TIER_A,17,2026-03-10,2026-06-01,83
NUE,TIER_A,20,2025-11-18,2026-06-01,195
NUS,TIER_A,20,2025-08-18,2026-06-01,287
NVAX,TIER_A,32,2025-08-18,2026-06-01,287
NVCR,TIER_A,17,2026-03-10,2026-06-01,83
NVDA,TIER_A,24,2025-08-25,2026-06-01,280
NVEC,TIER_A,30,2025-11-18,2026-06-01,195
NVGS,TIER_A,20,2025-08-18,2026-06-01,287
NVMI,TIER_A,21,2025-10-29,2026-05-20,203
NVO,TIER_A,28,2025-08-18,2026-06-01,287
NVR,TIER_A,17,2026-03-10,2026-06-01,83
NVRI,TIER_A,22,2026-02-13,2026-06-01,108
NVS,TIER_A,34,2025-08-18,2026-06-01,287
NVST,TIER_A,22,2025-08-18,2026-06-01,287
NVT,TIER_A,24,2025-11-18,2026-06-01,195
NVTS,TIER_C,3,2026-05-20,2026-06-01,12
NWBI,TIER_A,25,2025-08-18,2026-06-01,287
NWE,TIER_A,18,2025-10-29,2026-06-01,215
NWFL,TIER_A,24,2026-03-02,2026-06-01,91
NWL,TIER_A,17,2026-03-10,2026-06-01,83
NWN,TIER_A,20,2025-08-18,2026-06-01,287
NWPX,TIER_A,29,2025-08-18,2026-06-01,287
NWS,TIER_B,9,2026-04-30,2026-06-01,32
NWSA,TIER_A,17,2026-03-10,2026-06-01,83
NX,TIER_A,17,2026-03-10,2026-06-01,83
NXDR,TIER_C,3,2026-05-20,2026-06-01,12
NXPI,TIER_A,18,2025-12-11,2026-06-01,172
NXRT,TIER_A,17,2026-03-10,2026-06-01,83
NXST,TIER_A,24,2025-08-18,2026-06-01,287
NXT,TIER_A,25,2025-08-18,2026-06-01,287
NYT,TIER_A,22,2025-08-18,2026-06-01,287
O,TIER_A,18,2025-12-11,2026-06-01,172
OABI,TIER_C,2,2026-05-26,2026-06-01,6
OBK,TIER_C,3,2026-05-20,2026-06-01,12
OC,TIER_A,20,2025-08-18,2026-06-01,287
OCFC,TIER_A,21,2025-08-18,2026-06-01,287
OCGN,TIER_C,3,2026-05-20,2026-06-01,12
OCUL,TIER_A,17,2026-03-10,2026-06-01,83
ODC,TIER_A,31,2025-08-25,2026-06-01,280
ODFL,TIER_A,19,2026-03-10,2026-06-01,83
ODP,TIER_C,4,2025-08-18,2025-11-18,92
OEC,TIER_A,18,2025-10-29,2026-06-01,215
OFG,TIER_A,34,2025-08-18,2026-06-01,287
OFIX,TIER_A,34,2025-08-18,2026-06-01,287
OFLX,TIER_A,23,2025-08-25,2026-06-01,280
OGE,TIER_A,20,2025-08-18,2026-06-01,287
OGN,TIER_A,22,2025-08-18,2026-06-01,287
OGS,TIER_A,30,2025-08-18,2026-06-01,287
OHI,TIER_A,21,2025-12-11,2026-06-01,172
OI,TIER_A,20,2025-08-18,2026-06-01,287
OII,TIER_A,32,2025-10-29,2026-06-01,215
OIS,TIER_A,23,2025-10-29,2026-06-01,215
OKE,TIER_A,24,2026-01-08,2026-06-01,144
OKLO,TIER_C,3,2026-05-20,2026-06-01,12
OKTA,TIER_A,17,2026-03-10,2026-06-01,83
OLED,TIER_A,19,2025-10-29,2026-06-01,215
OLLI,TIER_A,17,2026-03-10,2026-06-01,83
OLN,TIER_A,20,2025-08-18,2026-06-01,287
OLP,TIER_A,17,2026-03-10,2026-06-01,83
OLPX,TIER_C,3,2026-05-20,2026-06-01,12
OMC,TIER_A,25,2025-08-25,2026-06-01,280
OMCL,TIER_A,21,2025-08-18,2026-06-01,287
OMDA,TIER_C,3,2026-05-20,2026-06-01,12
OMER,TIER_A,21,2025-10-29,2026-06-01,215
OMF,TIER_A,18,2025-12-11,2026-06-01,172
OMI,TIER_C,2,2025-10-19,2025-10-29,10
ON,TIER_A,25,2025-12-11,2026-06-01,172
ONB,TIER_A,17,2026-03-10,2026-06-01,83
ONC,TIER_C,3,2026-05-20,2026-06-01,12
ONCY,TIER_A,16,2025-10-29,2026-05-20,203
ONEW,TIER_A,16,2025-10-19,2026-05-20,213
ONT,TIER_C,3,2026-05-20,2026-06-01,12
ONTO,TIER_A,17,2026-03-10,2026-06-01,83
OOMA,TIER_A,23,2025-10-29,2026-06-01,215
OPBK,TIER_A,23,2025-08-25,2026-05-20,268
OPCH,TIER_A,24,2025-08-18,2026-06-01,287
OPEN,TIER_C,3,2026-05-20,2026-06-01,12
OPFI,TIER_C,3,2026-05-20,2026-06-01,12
OPK,TIER_A,21,2026-02-13,2026-06-01,108
OPLN,TIER_A,18,2026-03-10,2026-06-01,83
OPRT,TIER_A,28,2025-08-25,2026-05-20,268
OPRX,TIER_A,25,2026-02-18,2026-05-20,91
OPTU,TIER_A,17,2026-03-10,2026-06-01,83
ORA,TIER_A,17,2026-03-10,2026-06-01,83
ORCL,TIER_A,17,2026-03-10,2026-06-01,83
ORGO,TIER_B,5,2026-03-07,2026-04-04,28
ORI,TIER_A,28,2025-08-18,2026-06-01,287
ORLY,TIER_A,20,2025-08-18,2026-06-01,287
ORN,TIER_A,18,2025-08-18,2026-06-01,287
ORRF,TIER_A,27,2025-08-25,2026-06-01,280
OSBC,TIER_A,20,2025-08-18,2026-06-01,287
OSCR,TIER_A,17,2026-03-10,2026-06-01,83
OSG,TIER_A,17,2026-03-10,2026-06-01,83
OSIS,TIER_A,20,2025-08-18,2026-06-01,287
OSK,TIER_A,25,2025-08-18,2026-06-01,287
OSPN,TIER_A,24,2025-08-18,2026-06-01,287
OSUR,TIER_A,15,2026-03-10,2026-05-20,71
OTEX,TIER_A,18,2025-11-18,2026-06-01,195
OTIS,TIER_A,24,2025-10-29,2026-06-01,215
OTTR,TIER_A,34,2025-08-18,2026-06-01,287
OUST,TIER_C,3,2026-05-20,2026-06-01,12
OUT,TIER_A,26,2025-11-18,2026-06-01,195
OVID,TIER_A,21,2025-10-19,2026-06-01,225
OVV,TIER_A,23,2025-12-11,2026-06-01,172
OWL,TIER_A,17,2026-03-10,2026-06-01,83
OXM,TIER_A,17,2026-03-10,2026-06-01,83
OXY,TIER_A,22,2026-03-10,2026-06-01,83
OZK,TIER_A,32,2025-08-18,2026-06-01,287
P,TIER_A,15,2026-04-18,2026-06-01,44
PAA,TIER_A,29,2025-12-11,2026-06-01,172
PAAS,TIER_A,22,2025-08-18,2026-05-20,275
PACB,TIER_A,29,2025-10-19,2026-06-01,225
PACK,TIER_A,17,2026-03-10,2026-06-01,83
PACS,TIER_C,3,2026-05-20,2026-06-01,12
PAG,TIER_A,22,2025-08-18,2026-06-01,287
PAGP,TIER_A,25,2025-08-25,2026-06-01,280
PAGS,TIER_A,33,2025-08-18,2026-06-01,287
PAHC,TIER_A,26,2025-08-18,2026-06-01,287
PAM,TIER_B,8,2025-08-18,2026-04-04,229
PANL,TIER_A,22,2025-11-18,2026-06-01,195
PANW,TIER_A,20,2025-10-19,2026-06-01,225
PAR,TIER_A,17,2026-03-10,2026-06-01,83
PATH,TIER_A,19,2025-10-19,2026-06-01,225
PATK,TIER_A,20,2025-10-29,2026-06-01,215
PAYC,TIER_A,18,2025-12-11,2026-06-01,172
PAYS,TIER_A,20,2025-08-18,2026-06-01,287
PAYX,TIER_A,17,2026-03-10,2026-06-01,83
PB,TIER_A,18,2025-12-11,2026-06-01,172
PBF,TIER_A,21,2026-03-10,2026-06-01,83
PBH,TIER_A,20,2026-03-10,2026-06-01,83
PBI,TIER_A,32,2025-08-18,2026-06-01,287
PBPB,TIER_D,1,2025-10-19,2025-10-19,0
PBR,TIER_A,31,2025-08-25,2026-06-01,280
PBYI,TIER_A,34,2025-08-18,2026-06-01,287
PCAR,TIER_A,17,2026-03-10,2026-06-01,83
PCB,TIER_A,27,2025-08-25,2026-06-01,280
PCG,TIER_A,29,2025-08-18,2026-06-01,287
PCOR,TIER_A,19,2025-11-18,2026-06-01,195
PCRX,TIER_A,19,2025-10-19,2026-06-01,225
PCT,TIER_C,3,2026-05-20,2026-06-01,12
PCTY,TIER_A,17,2026-03-10,2026-06-01,83
PCYO,TIER_A,21,2025-08-25,2026-05-20,268
PD,TIER_A,28,2026-01-08,2026-06-01,144
PDD,TIER_B,5,2025-08-18,2026-03-10,204
PDEX,TIER_C,4,2025-08-18,2025-11-18,92
PDFS,TIER_A,17,2026-03-10,2026-06-01,83
PDLB,TIER_A,29,2025-08-18,2026-06-01,287
PDM,TIER_A,18,2025-11-18,2026-06-01,195
PDS,TIER_A,22,2025-08-18,2026-06-01,287
PDYN,TIER_D,1,2026-06-01,2026-06-01,0
PEB,TIER_A,20,2025-08-25,2026-06-01,280
PEBO,TIER_A,22,2025-10-19,2026-06-01,225
PECO,TIER_A,18,2026-03-02,2026-06-01,91
PEG,TIER_A,20,2025-10-29,2026-06-01,215
PEGA,TIER_A,19,2025-08-25,2026-06-01,280
PEN,TIER_A,17,2026-03-10,2026-06-01,83
PENG,TIER_A,19,2025-10-19,2026-06-01,225
PENN,TIER_A,17,2026-03-10,2026-06-01,83
PEP,TIER_A,18,2025-10-29,2026-06-01,215
PERI,TIER_A,15,2026-03-10,2026-05-20,71
PESI,TIER_A,13,2026-03-10,2026-05-20,71
PETS,TIER_A,13,2026-03-10,2026-05-20,71
PFBC,TIER_A,34,2025-08-18,2026-06-01,287
PFE,TIER_A,29,2025-08-18,2026-06-01,287
PFG,TIER_A,19,2025-11-18,2026-06-01,195
PFGC,TIER_A,18,2025-12-11,2026-06-01,172
PFIS,TIER_C,2,2025-08-25,2025-10-19,55
PFS,TIER_A,32,2025-08-18,2026-06-01,287
PFSI,TIER_A,17,2026-03-10,2026-06-01,83
PG,TIER_A,17,2026-03-10,2026-06-01,83
PGC,TIER_A,17,2026-03-10,2026-06-01,83
PGEN,TIER_A,17,2026-03-10,2026-06-01,83
PGNY,TIER_A,25,2025-08-18,2026-06-01,287
PGR,TIER_A,25,2025-08-18,2026-06-01,287
PGY,TIER_C,3,2026-05-20,2026-06-01,12
PH,TIER_A,31,2025-08-18,2026-06-01,287
PHAT,TIER_C,3,2026-05-20,2026-06-01,12
PHG,TIER_A,21,2025-11-18,2026-05-20,183
PHI,TIER_A,14,2025-08-18,2026-05-20,275
PHIN,TIER_A,29,2025-08-18,2026-06-01,287
PHM,TIER_A,20,2025-10-29,2026-06-01,215
PHR,TIER_A,32,2025-08-25,2026-06-01,280
PI,TIER_A,18,2025-12-11,2026-06-01,172
PII,TIER_A,19,2025-10-29,2026-06-01,215
PINC,TIER_C,2,2025-08-18,2025-08-25,7
PINE,TIER_A,30,2025-11-18,2026-06-01,195
PINS,TIER_A,23,2025-12-11,2026-06-01,172
PIPR,TIER_A,31,2025-08-18,2026-06-01,287
PJT,TIER_A,24,2025-08-25,2026-06-01,280
PK,TIER_A,17,2026-03-10,2026-06-01,83
PKG,TIER_A,18,2025-10-29,2026-06-01,215
PKOH,TIER_A,25,2025-08-18,2026-06-01,287
PKX,TIER_A,15,2026-03-10,2026-05-20,71
PL,TIER_C,3,2026-05-20,2026-06-01,12
PLAB,TIER_A,22,2025-10-19,2026-06-01,225
PLAY,TIER_A,17,2026-03-10,2026-06-01,83
PLBC,TIER_A,23,2025-08-25,2026-06-01,280
PLCE,TIER_D,1,2026-03-10,2026-03-10,0
PLD,TIER_A,18,2026-03-10,2026-06-01,83
PLMR,TIER_A,28,2025-08-18,2026-06-01,287
PLNT,TIER_A,17,2026-03-10,2026-06-01,83
PLOW,TIER_A,25,2026-03-02,2026-06-01,91
PLPC,TIER_A,33,2025-08-18,2026-06-01,287
PLSE,TIER_A,18,2025-10-29,2026-06-01,215
PLTK,TIER_A,18,2025-11-18,2026-06-01,195
PLTR,TIER_A,25,2025-08-18,2026-06-01,287
PLUG,TIER_A,18,2026-03-10,2026-06-01,83
PLUS,TIER_A,22,2025-08-18,2026-06-01,287
PLX,TIER_A,19,2025-08-25,2026-05-20,268
PLXS,TIER_A,35,2025-08-18,2026-06-01,287
PLYM,TIER_C,3,2025-08-18,2025-11-18,92
PM,TIER_A,18,2025-12-11,2026-06-01,172
PMT,TIER_A,18,2025-11-18,2026-06-01,195
PMTS,TIER_A,15,2026-03-10,2026-05-20,71
PNC,TIER_A,17,2026-03-10,2026-06-01,83
PNFP,TIER_A,17,2026-03-10,2026-06-01,83
PNR,TIER_A,18,2025-10-19,2026-06-01,225
PNRG,TIER_A,21,2025-08-18,2026-06-01,287
PNTG,TIER_A,20,2025-10-19,2026-06-01,225
PNW,TIER_A,23,2026-03-07,2026-06-01,86
PODD,TIER_A,18,2025-12-11,2026-06-01,172
POOL,TIER_A,17,2026-03-10,2026-06-01,83
POR,TIER_A,30,2025-08-18,2026-06-01,287
POST,TIER_A,21,2025-08-18,2026-06-01,287
POWI,TIER_A,17,2026-03-10,2026-06-01,83
POWL,TIER_A,30,2025-08-18,2026-06-01,287
POWW,TIER_A,23,2025-11-18,2026-05-20,183
PPG,TIER_A,17,2026-03-10,2026-06-01,83
PPL,TIER_A,23,2025-10-29,2026-06-01,215
PR,TIER_A,22,2026-03-10,2026-06-01,83
PRA,TIER_A,17,2026-03-10,2026-06-01,83
PRAA,TIER_A,17,2026-03-10,2026-06-01,83
PRCH,TIER_C,3,2026-05-20,2026-06-01,12
PRCT,TIER_C,3,2026-05-20,2026-06-01,12
PRDO,TIER_A,33,2025-08-18,2026-06-01,287
PRG,TIER_A,33,2025-08-18,2026-06-01,287
PRGO,TIER_A,21,2025-08-18,2026-06-01,287
PRGS,TIER_A,32,2025-08-18,2026-06-01,287
PRI,TIER_A,32,2025-08-18,2026-06-01,287
PRIM,TIER_A,31,2025-08-18,2026-06-01,287
PRK,TIER_A,31,2025-08-18,2026-06-01,287
PRKS,TIER_A,22,2025-08-18,2026-06-01,287
PRLB,TIER_A,23,2025-10-29,2026-06-01,215
PRM,TIER_C,3,2026-05-20,2026-06-01,12
PRME,TIER_C,3,2026-05-20,2026-06-01,12
PRO,TIER_C,2,2025-10-19,2025-11-18,30
PRQR,TIER_A,15,2026-03-10,2026-05-20,71
PRSU,TIER_A,19,2025-10-19,2026-06-01,225
PRTA,TIER_A,18,2025-10-29,2026-06-01,215
PRTH,TIER_A,28,2025-08-18,2026-06-01,287
PRU,TIER_A,23,2025-11-18,2026-06-01,195
PRVA,TIER_A,18,2025-10-19,2026-06-01,225
PSA,TIER_A,17,2026-03-10,2026-06-01,83
PSFE,TIER_A,17,2026-03-10,2026-06-01,83
PSKY,TIER_A,17,2026-03-10,2026-06-01,83
PSMT,TIER_A,33,2025-08-18,2026-06-01,287
PSN,TIER_A,17,2026-03-10,2026-06-01,83
PSNL,TIER_A,17,2026-03-10,2026-06-01,83
PSTG,TIER_C,3,2025-08-18,2026-04-15,240
PSTL,TIER_A,28,2025-08-18,2026-06-01,287
PSX,TIER_A,25,2025-10-19,2026-06-01,225
PTC,TIER_A,20,2025-10-19,2026-06-01,225
PTCT,TIER_A,27,2025-08-18,2026-06-01,287
PTEN,TIER_A,24,2025-10-29,2026-06-01,215
PTGX,TIER_A,18,2025-11-18,2026-06-01,195
PTLO,TIER_D,1,2026-06-01,2026-06-01,0
PTON,TIER_A,18,2025-10-19,2026-06-01,225
PUMP,TIER_A,21,2026-03-10,2026-06-01,83
PVBC,TIER_C,2,2025-08-25,2025-10-19,55
PVH,TIER_A,22,2025-08-18,2026-06-01,287
PWR,TIER_A,23,2025-10-29,2026-06-01,215
PXED,TIER_C,3,2026-05-20,2026-06-01,12
PXLW,TIER_A,16,2025-10-29,2026-05-20,203
PYPL,TIER_A,27,2025-08-18,2026-06-01,287
PZZA,TIER_A,17,2026-03-10,2026-06-01,83
Q,TIER_A,22,2026-03-10,2026-06-01,83
QBTS,TIER_A,19,2026-03-10,2026-06-01,83
QCOM,TIER_A,20,2025-10-29,2026-06-01,215
QCRH,TIER_A,17,2026-03-10,2026-06-01,83
QDEL,TIER_A,17,2026-03-10,2026-06-01,83
QGEN,TIER_A,21,2025-08-18,2026-06-01,287
QLYS,TIER_A,22,2025-10-29,2026-06-01,215
QNST,TIER_A,19,2025-08-25,2026-06-01,280
QRHC,TIER_A,16,2025-10-29,2026-05-20,203
QRVO,TIER_A,25,2025-08-18,2026-06-01,287
QS,TIER_C,3,2026-05-20,2026-06-01,12
QSR,TIER_A,24,2025-08-18,2026-06-01,287
QTRX,TIER_A,17,2026-03-10,2026-06-01,83
QTWO,TIER_A,17,2026-03-10,2026-06-01,83
QUAD,TIER_A,30,2025-08-18,2026-06-01,287
QUBT,TIER_A,22,2026-03-10,2026-06-01,83
QURE,TIER_A,17,2026-03-10,2026-06-01,83
QXO,TIER_C,3,2026-05-20,2026-06-01,12
R,TIER_A,28,2025-10-19,2026-06-01,225
RACE,TIER_A,21,2025-08-18,2026-05-20,275
RAIL,TIER_A,16,2025-11-18,2026-05-20,183
RAL,TIER_A,18,2025-11-18,2026-06-01,195
RAMP,TIER_A,19,2025-11-18,2026-06-01,195
RAPP,TIER_C,3,2026-05-20,2026-06-01,12
RARE,TIER_A,18,2025-10-29,2026-06-01,215
RBA,TIER_A,17,2026-03-10,2026-06-01,83
RBB,TIER_A,20,2025-08-25,2026-06-01,280
RBBN,TIER_A,31,2025-10-29,2026-06-01,215
RBC,TIER_A,24,2025-08-18,2026-06-01,287
RBCAA,TIER_A,23,2025-08-18,2026-05-08,263
RBLX,TIER_A,17,2026-03-10,2026-06-01,83
RBRK,TIER_C,3,2026-05-20,2026-06-01,12
RC,TIER_A,16,2026-03-10,2026-05-26,77
RCAT,TIER_C,2,2026-05-26,2026-06-01,6
RCI,TIER_A,20,2025-08-18,2026-06-01,287
RCKT,TIER_A,18,2025-10-29,2026-06-01,215
RCKY,TIER_A,29,2025-08-25,2026-05-20,268
RCL,TIER_A,18,2025-10-29,2026-06-01,215
RCMT,TIER_A,18,2025-10-29,2026-06-01,215
RCUS,TIER_A,17,2026-03-10,2026-06-01,83
RDDT,TIER_A,19,2025-10-19,2026-06-01,225
RDN,TIER_A,28,2025-08-18,2026-06-01,287
RDNT,TIER_A,17,2026-03-10,2026-06-01,83
RDVT,TIER_A,24,2025-10-19,2026-06-01,225
RDW,TIER_C,3,2026-05-20,2026-06-01,12
RDY,TIER_A,21,2025-08-25,2026-05-20,268
REAL,TIER_A,19,2026-02-13,2026-05-20,96
REG,TIER_A,21,2026-03-10,2026-06-01,83
REGN,TIER_A,34,2025-08-18,2026-06-01,287
REI,TIER_A,19,2025-10-19,2026-05-20,213
RELL,TIER_A,19,2025-10-19,2026-06-01,225
RELY,TIER_C,3,2026-05-20,2026-06-01,12
REPX,TIER_C,3,2026-05-20,2026-06-01,12
RES,TIER_A,21,2026-03-10,2026-06-01,83
REVG,TIER_B,6,2025-08-18,2026-01-08,143
REX,TIER_A,17,2026-03-10,2026-06-01,83
REXR,TIER_A,18,2025-08-25,2026-06-01,280
REYN,TIER_A,20,2025-08-18,2026-06-01,287
REZI,TIER_A,21,2025-08-18,2026-06-01,287
RF,TIER_A,18,2025-08-18,2026-06-01,287
RGA,TIER_A,28,2026-02-13,2026-06-01,108
RGCO,TIER_A,29,2025-08-18,2026-05-20,275
RGEN,TIER_A,17,2026-03-10,2026-06-01,83
RGLD,TIER_A,20,2025-08-18,2026-06-01,287
RGNX,TIER_A,21,2026-03-10,2026-06-01,83
RGP,TIER_A,23,2025-08-18,2026-06-01,287
RGR,TIER_A,17,2026-03-10,2026-06-01,83
RGTI,TIER_A,22,2026-03-10,2026-06-01,83
RH,TIER_A,17,2026-03-10,2026-06-01,83
RHI,TIER_A,17,2026-03-10,2026-06-01,83
RHP,TIER_A,17,2026-03-10,2026-06-01,83
RIG,TIER_A,30,2025-08-18,2026-06-01,287
RIGL,TIER_A,32,2025-08-18,2026-06-01,287
RIO,TIER_A,30,2025-08-18,2026-05-20,275
RIOT,TIER_A,17,2026-03-10,2026-06-01,83
RITM,TIER_A,19,2025-08-18,2026-06-01,287
RIVN,TIER_A,17,2026-03-10,2026-06-01,83
RJF,TIER_A,29,2025-08-18,2026-06-01,287
RKLB,TIER_C,3,2026-05-20,2026-06-01,12
RKT,TIER_A,17,2026-03-10,2026-06-01,83
RL,TIER_A,28,2025-12-11,2026-06-01,172
RLAY,TIER_C,3,2026-05-20,2026-06-01,12
RLGT,TIER_A,30,2025-08-18,2026-06-01,287
RLI,TIER_A,17,2026-03-10,2026-06-01,83
RLJ,TIER_A,17,2026-03-10,2026-06-01,83
RM,TIER_B,8,2025-08-18,2026-03-07,201
RMAX,TIER_B,6,2025-10-19,2026-05-14,207
RMBS,TIER_A,23,2025-08-18,2026-06-01,287
RMD,TIER_A,35,2025-08-18,2026-06-01,287
RMNI,TIER_A,17,2026-03-10,2026-06-01,83
RMR,TIER_A,21,2025-11-18,2026-06-01,195
RMTI,TIER_A,14,2025-10-29,2026-05-20,203
RNAC,TIER_A,18,2025-10-19,2026-06-01,225
RNG,TIER_A,26,2025-08-18,2026-06-01,287
RNGR,TIER_A,29,2025-08-18,2026-06-01,287
RNR,TIER_A,34,2025-08-18,2026-06-01,287
RNST,TIER_A,17,2026-03-10,2026-06-01,83
ROAD,TIER_A,22,2026-02-13,2026-06-01,108
ROCK,TIER_A,20,2025-08-18,2026-06-01,287
ROG,TIER_A,28,2025-10-29,2026-06-01,215
ROIV,TIER_A,17,2026-03-10,2026-06-01,83
ROK,TIER_A,20,2025-10-29,2026-06-01,215
ROKU,TIER_A,17,2026-03-10,2026-06-01,83
ROL,TIER_A,24,2025-08-18,2026-06-01,287
ROOT,TIER_C,3,2026-05-20,2026-06-01,12
ROP,TIER_A,17,2026-03-10,2026-06-01,83
ROST,TIER_A,29,2025-10-19,2026-06-01,225
RPAY,TIER_A,17,2026-03-10,2026-06-01,83
RPC,TIER_C,3,2026-05-20,2026-06-01,12
RPD,TIER_A,17,2026-03-10,2026-06-01,83
RPM,TIER_A,18,2025-08-18,2026-06-01,287
RPRX,TIER_A,30,2025-08-18,2026-06-01,287
RPT,TIER_A,24,2025-08-18,2026-05-20,275
RRBI,TIER_A,20,2025-08-25,2026-06-01,280
RRC,TIER_A,23,2025-12-11,2026-06-01,172
RRGB,TIER_A,17,2025-10-19,2026-05-20,213
RRR,TIER_A,18,2025-10-29,2026-06-01,215
RRX,TIER_A,21,2025-08-18,2026-06-01,287
RS,TIER_A,19,2026-03-10,2026-06-01,83
RSG,TIER_A,19,2025-10-29,2026-06-01,215
RSI,TIER_C,3,2026-05-20,2026-06-01,12
RSVR,TIER_C,3,2026-05-20,2026-06-01,12
RTX,TIER_A,24,2025-10-29,2026-06-01,215
RUM,TIER_C,3,2026-05-20,2026-06-01,12
RUN,TIER_A,20,2025-10-19,2026-06-01,225
RUSHA,TIER_A,27,2025-08-18,2026-06-01,287
RVLV,TIER_A,23,2025-12-11,2026-06-01,172
RVSB,TIER_A,15,2026-03-10,2026-05-20,71
RVTY,TIER_A,19,2025-10-29,2026-06-01,215
RWT,TIER_A,17,2026-03-10,2026-06-01,83
RXO,TIER_A,17,2026-03-10,2026-06-01,83
RXRX,TIER_C,3,2026-05-20,2026-06-01,12
RY,TIER_A,30,2025-08-18,2026-06-01,287
RYAAY,TIER_A,28,2025-08-18,2026-05-20,275
RYAM,TIER_A,17,2026-03-10,2026-06-01,83
RYAN,TIER_A,17,2026-03-10,2026-06-01,83
RYI,TIER_D,1,2025-10-19,2025-10-19,0
RYN,TIER_A,21,2025-08-18,2026-06-01,287
RYTM,TIER_A,17,2026-03-10,2026-06-01,83
RYZ,TIER_A,17,2026-03-10,2026-06-01,83
S,TIER_A,19,2025-10-29,2026-06-01,215
SABR,TIER_A,17,2026-03-10,2026-06-01,83
SAFE,TIER_A,26,2025-08-18,2026-06-01,287
SAFT,TIER_A,33,2025-08-18,2026-06-01,287
SAH,TIER_A,17,2026-03-10,2026-06-01,83
SAIA,TIER_A,17,2026-03-10,2026-06-01,83
SAIC,TIER_A,25,2025-08-18,2026-06-01,287
SAIL,TIER_A,17,2026-03-10,2026-06-01,83
SAM,TIER_A,29,2025-08-18,2026-06-01,287
SAMG,TIER_A,18,2025-08-18,2026-05-20,275
SAN,TIER_A,21,2025-08-18,2026-06-01,287
SANM,TIER_A,25,2025-08-18,2026-06-01,287
SAP,TIER_A,28,2025-12-11,2026-06-01,172
SARO,TIER_A,19,2026-03-10,2026-06-01,83
SATL,TIER_C,3,2026-05-20,2026-06-01,12
SATS,TIER_A,17,2026-03-10,2026-06-01,83
SB,TIER_A,15,2026-03-10,2026-05-20,71
SBAC,TIER_A,21,2025-12-11,2026-06-01,172
SBCF,TIER_A,19,2025-10-19,2026-06-01,225
SBFG,TIER_A,28,2025-08-25,2026-05-20,268
SBGI,TIER_A,18,2026-01-08,2026-06-01,144
SBH,TIER_A,22,2025-08-18,2026-06-01,287
SBRA,TIER_A,18,2025-08-18,2026-06-01,287
SBS,TIER_B,7,2025-08-18,2026-04-04,229
SBSI,TIER_A,18,2025-10-19,2026-06-01,225
SBUX,TIER_A,17,2026-03-10,2026-06-01,83
SCCO,TIER_A,24,2025-10-19,2026-06-01,225
SCHL,TIER_A,17,2026-03-10,2026-06-01,83
SCHW,TIER_A,17,2026-03-10,2026-06-01,83
SCI,TIER_A,21,2025-10-29,2026-06-01,215
SCL,TIER_A,23,2025-08-18,2026-06-01,287
SCS,TIER_C,4,2025-08-18,2025-10-29,72
SCSC,TIER_A,22,2025-08-18,2026-06-01,287
SCVL,TIER_A,22,2025-10-29,2026-06-01,215
SDGR,TIER_A,17,2026-03-10,2026-06-01,83
SDRL,TIER_C,3,2026-05-20,2026-06-01,12
SE,TIER_A,17,2025-10-19,2026-05-20,213
SEB,TIER_A,24,2025-08-18,2026-06-01,287
SEDG,TIER_A,22,2026-03-10,2026-06-01,83
SEE,TIER_C,4,2025-10-19,2026-03-10,142
SEI,TIER_A,19,2025-11-18,2026-06-01,195
SEIC,TIER_A,34,2025-08-18,2026-06-01,287
SEM,TIER_A,20,2025-08-18,2026-06-01,287
SEPN,TIER_C,3,2026-05-20,2026-06-01,12
SERV,TIER_A,17,2026-03-10,2026-06-01,83
SES,TIER_C,3,2026-05-20,2026-06-01,12
SEZL,TIER_A,17,2026-03-10,2026-06-01,83
SF,TIER_A,30,2025-08-18,2026-06-01,287
SFBS,TIER_A,17,2026-03-10,2026-06-01,83
SFD,TIER_C,4,2026-05-03,2026-06-01,29
SFIX,TIER_A,21,2025-08-18,2026-06-01,287
SFL,TIER_A,17,2026-02-13,2026-05-20,96
SFM,TIER_A,21,2025-10-29,2026-06-01,215
SFNC,TIER_A,18,2025-08-25,2026-06-01,280
SFST,TIER_A,18,2025-11-18,2026-06-01,195
SG,TIER_A,17,2026-03-10,2026-06-01,83
SGC,TIER_A,23,2025-10-19,2026-06-01,225
SGI,TIER_A,19,2025-12-11,2026-06-01,172
SGMO,TIER_A,10,2026-03-10,2026-05-11,62
SGRY,TIER_A,17,2026-03-10,2026-06-01,83
SHAK,TIER_A,17,2026-03-10,2026-06-01,83
SHBI,TIER_A,28,2025-08-25,2026-06-01,280
SHC,TIER_A,18,2025-12-11,2026-06-01,172
SHEN,TIER_A,17,2026-03-10,2026-06-01,83
SHG,TIER_B,5,2025-08-18,2026-04-04,229
SHLS,TIER_A,20,2025-11-18,2026-06-01,195
SHO,TIER_A,17,2026-03-10,2026-06-01,83
SHOO,TIER_A,17,2026-03-10,2026-06-01,83
SHOP,TIER_A,17,2026-03-10,2026-06-01,83
SHW,TIER_A,18,2025-12-11,2026-06-01,172
SI,TIER_A,16,2026-04-15,2026-06-01,47
SIBN,TIER_A,15,2026-03-10,2026-05-20,71
SIGA,TIER_C,2,2025-08-18,2025-08-25,7
SIGI,TIER_A,25,2025-10-19,2026-06-01,225
SIMO,TIER_A,28,2025-11-18,2026-05-20,183
SIRI,TIER_A,20,2025-10-29,2026-06-01,215
SITC,TIER_A,15,2026-03-10,2026-05-20,71
SITE,TIER_A,18,2026-03-02,2026-06-01,91
SITM,TIER_A,17,2026-03-10,2026-06-01,83
SJM,TIER_A,19,2025-08-18,2026-06-01,287
SKT,TIER_A,17,2026-03-10,2026-06-01,83
SKWD,TIER_C,3,2026-05-20,2026-06-01,12
SKY,TIER_A,17,2026-03-10,2026-06-01,83
SKYT,TIER_C,3,2026-05-20,2026-06-01,12
SKYW,TIER_A,25,2025-08-25,2026-06-01,280
SLAB,TIER_A,18,2025-10-29,2026-06-01,215
SLB,TIER_A,23,2026-01-08,2026-06-01,144
SLDP,TIER_C,3,2026-05-20,2026-06-01,12
SLF,TIER_A,23,2025-08-25,2026-06-01,280
SLG,TIER_A,21,2025-11-18,2026-06-01,195
SLGN,TIER_A,19,2026-02-18,2026-06-01,103
SLM,TIER_A,17,2026-03-10,2026-06-01,83
SLNO,TIER_A,14,2026-03-10,2026-05-15,66
SLP,TIER_A,18,2025-11-18,2026-06-01,195
SLQT,TIER_A,29,2025-08-18,2026-05-20,275
SLS,TIER_A,16,2025-08-18,2026-05-26,281
SLVM,TIER_A,17,2026-03-10,2026-06-01,83
SM,TIER_A,19,2025-08-18,2026-06-01,287
SMA,TIER_C,3,2026-05-20,2026-06-01,12
SMBC,TIER_A,18,2025-11-18,2026-06-01,195
SMBK,TIER_A,20,2026-03-02,2026-06-01,91
SMCI,TIER_A,17,2026-03-10,2026-06-01,83
SMFG,TIER_A,16,2025-08-25,2026-05-20,268
SMG,TIER_A,24,2026-02-13,2026-06-01,108
SMHI,TIER_A,18,2025-11-18,2026-06-01,195
SMID,TIER_B,7,2025-08-18,2026-05-20,275
SMLR,TIER_C,4,2025-08-18,2025-11-18,92
SMP,TIER_A,21,2025-10-29,2026-06-01,215
SMPL,TIER_A,19,2025-08-18,2026-06-01,287
SMSI,TIER_A,15,2026-03-10,2026-05-20,71
SMTC,TIER_A,17,2026-03-10,2026-06-01,83
SMTI,TIER_A,21,2026-02-13,2026-05-20,96
SN,TIER_C,3,2026-05-20,2026-06-01,12
SNA,TIER_A,30,2025-08-25,2026-06-01,280
SNAP,TIER_A,18,2025-12-11,2026-06-01,172
SNBR,TIER_A,17,2026-03-10,2026-06-01,83
SNCR,TIER_C,2,2025-08-18,2025-11-18,92
SNCY,TIER_A,15,2025-08-18,2026-05-11,266
SNDA,TIER_A,18,2025-11-18,2026-06-01,195
SNDK,TIER_A,27,2025-08-25,2026-06-01,280
SNDR,TIER_A,19,2025-08-18,2026-06-01,287
SNDX,TIER_A,19,2026-03-07,2026-06-01,86
SNEX,TIER_A,33,2025-08-18,2026-06-01,287
SNOW,TIER_A,18,2025-12-11,2026-06-01,172
SNPS,TIER_A,17,2026-03-10,2026-06-01,83
SNX,TIER_A,36,2025-08-18,2026-06-01,287
SNY,TIER_A,33,2025-08-18,2026-06-01,287
SO,TIER_A,19,2025-10-19,2026-06-01,225
SOC,TIER_C,3,2026-05-20,2026-06-01,12
SOFI,TIER_A,17,2026-03-10,2026-06-01,83
SOL,TIER_D,1,2025-08-18,2025-08-18,0
SOLS,TIER_C,3,2026-05-20,2026-06-01,12
SOLV,TIER_A,23,2025-11-18,2026-06-01,195
SON,TIER_A,25,2026-03-02,2026-06-01,91
SONO,TIER_A,17,2026-03-10,2026-06-01,83
SONY,TIER_B,5,2025-08-18,2026-04-04,229
SOUN,TIER_A,22,2026-03-10,2026-06-01,83
SPB,TIER_A,18,2025-10-29,2026-06-01,215
SPCE,TIER_B,9,2026-03-10,2026-06-01,83
SPFI,TIER_A,25,2025-08-18,2026-06-01,287
SPG,TIER_A,18,2026-03-10,2026-06-01,83
SPGI,TIER_A,18,2025-12-11,2026-06-01,172
SPH,TIER_A,17,2026-03-10,2026-06-01,83
SPHR,TIER_A,19,2026-04-03,2026-06-01,59
SPIR,TIER_C,3,2026-05-20,2026-06-01,12
SPNS,TIER_B,5,2025-08-18,2025-11-18,92
SPNT,TIER_A,25,2025-11-18,2026-06-01,195
SPOK,TIER_A,22,2025-08-18,2026-06-01,287
SPOT,TIER_A,24,2025-10-19,2026-06-01,225
SPRY,TIER_C,3,2026-05-20,2026-06-01,12
SPSC,TIER_A,18,2025-10-29,2026-06-01,215
SPT,TIER_A,17,2026-03-10,2026-06-01,83
SPTN,TIER_D,1,2025-08-25,2025-08-25,0
SPWH,TIER_A,15,2026-03-10,2026-05-20,71
SPWR,TIER_A,17,2026-03-10,2026-06-01,83
SPXC,TIER_A,18,2025-12-11,2026-06-01,172
SR,TIER_A,20,2025-08-18,2026-06-01,287
SRCE,TIER_A,29,2025-08-18,2026-06-01,287
SRDX,TIER_D,1,2025-10-29,2025-10-29,0
SRE,TIER_A,17,2026-03-10,2026-06-01,83
SRI,TIER_A,18,2025-08-18,2026-05-20,275
SRPT,TIER_A,17,2026-03-10,2026-06-01,83
SRTA,TIER_C,3,2026-05-20,2026-06-01,12
SSB,TIER_A,17,2026-03-10,2026-06-01,83
SSD,TIER_A,18,2025-10-29,2026-06-01,215
SSKN,TIER_D,1,2025-08-18,2025-08-18,0
SSNC,TIER_A,20,2025-10-29,2026-06-01,215
SSP,TIER_A,17,2025-08-18,2026-05-26,281
SSRM,TIER_A,20,2025-08-18,2026-06-01,287
SSTI,TIER_A,23,2026-03-09,2026-06-01,84
SSTK,TIER_A,18,2025-11-18,2026-06-01,195
SSYS,TIER_A,20,2025-08-18,2026-05-20,275
ST,TIER_A,23,2025-10-29,2026-06-01,215
STAA,TIER_A,17,2026-03-10,2026-06-01,83
STAG,TIER_A,18,2026-02-25,2026-06-01,96
STBA,TIER_A,18,2025-10-19,2026-06-01,225
STC,TIER_A,16,2026-03-10,2026-06-01,83
STE,TIER_A,28,2025-10-29,2026-06-01,215
STEL,TIER_A,18,2025-08-18,2026-06-01,287
STEP,TIER_A,17,2026-03-10,2026-06-01,83
STGW,TIER_A,21,2025-08-18,2026-06-01,287
STIM,TIER_A,15,2026-03-10,2026-05-20,71
STKL,TIER_A,11,2025-08-18,2026-05-03,258
STKS,TIER_A,15,2026-03-10,2026-05-20,71
STLD,TIER_A,20,2025-10-29,2026-06-01,215
STM,TIER_A,15,2026-03-10,2026-05-20,71
STN,TIER_A,21,2025-08-18,2026-05-20,275
STNE,TIER_A,21,2025-08-18,2026-06-01,287
STNG,TIER_A,17,2025-08-25,2026-05-20,268
STOK,TIER_A,24,2025-08-18,2026-06-01,287
STRA,TIER_A,28,2025-08-18,2026-06-01,287
STRL,TIER_A,24,2025-08-18,2026-06-01,287
STRT,TIER_A,35,2025-08-18,2026-06-01,287
STT,TIER_A,34,2025-08-18,2026-06-01,287
STWD,TIER_A,19,2026-03-10,2026-06-01,83
STX,TIER_A,31,2025-10-19,2026-06-01,225
STXS,TIER_A,15,2026-03-10,2026-05-20,71
STZ,TIER_A,17,2026-03-10,2026-06-01,83
SU,TIER_A,35,2025-08-18,2026-06-01,287
SUI,TIER_A,17,2026-03-10,2026-06-01,83
SUNS,TIER_A,20,2025-08-25,2026-05-20,268
SUPN,TIER_A,22,2025-08-18,2026-06-01,287
SVC,TIER_A,23,2025-11-18,2026-06-01,195
SVCO,TIER_C,3,2026-05-20,2026-06-01,12
SVRA,TIER_A,17,2026-03-10,2026-06-01,83
SVV,TIER_C,3,2026-05-20,2026-06-01,12
SW,TIER_C,3,2026-05-20,2026-06-01,12
SWBI,TIER_A,24,2026-02-18,2026-06-01,103
SWIM,TIER_C,3,2026-05-20,2026-06-01,12
SWK,TIER_A,24,2025-08-18,2026-06-01,287
SWKS,TIER_A,19,2025-10-29,2026-06-01,215
SWX,TIER_A,30,2025-08-18,2026-06-01,287
SXC,TIER_A,18,2025-11-18,2026-06-01,195
SXI,TIER_A,17,2026-03-10,2026-06-01,83
SXT,TIER_A,19,2025-08-18,2026-06-01,287
SYBT,TIER_A,17,2026-03-10,2026-06-01,83
SYBX,TIER_C,4,2025-08-18,2025-10-29,72
SYF,TIER_A,27,2025-08-18,2026-06-01,287
SYK,TIER_A,18,2025-12-11,2026-06-01,172
SYNA,TIER_A,17,2026-03-10,2026-06-01,83
SYRE,TIER_C,3,2026-05-20,2026-06-01,12
SYY,TIER_A,28,2025-08-18,2026-06-01,287
T,TIER_A,23,2025-12-11,2026-06-01,172
TAC,TIER_A,21,2025-08-18,2026-06-01,287
TAL,TIER_A,27,2025-12-11,2026-05-20,160
TALK,TIER_C,3,2026-05-20,2026-06-01,12
TALO,TIER_A,23,2026-02-13,2026-06-01,108
TAP,TIER_A,17,2026-03-10,2026-06-01,83
TARS,TIER_C,3,2026-05-20,2026-06-01,12
TASK,TIER_C,3,2026-05-20,2026-06-01,12
TATT,TIER_A,16,2025-08-18,2026-05-20,275
TBBK,TIER_A,29,2025-08-18,2026-06-01,287
TBI,TIER_A,17,2026-03-10,2026-06-01,83
TBPH,TIER_A,30,2025-08-25,2026-06-01,280
TBRG,TIER_A,22,2025-08-18,2026-06-01,287
TCBI,TIER_A,28,2025-11-18,2026-06-01,195
TCBK,TIER_A,18,2025-11-18,2026-06-01,195
TCBX,TIER_C,3,2026-05-20,2026-06-01,12
TCMD,TIER_A,34,2025-08-18,2026-06-01,287
TCOM,TIER_A,25,2025-08-18,2026-06-01,287
TD,TIER_A,32,2025-08-18,2026-06-01,287
TDAY,TIER_C,3,2026-05-20,2026-06-01,12
TDC,TIER_A,22,2025-11-18,2026-06-01,195
TDG,TIER_A,20,2025-08-25,2026-06-01,280
TDOC,TIER_A,17,2026-03-10,2026-06-01,83
TDS,TIER_A,18,2025-11-18,2026-06-01,195
TDUP,TIER_C,3,2026-05-20,2026-06-01,12
TDY,TIER_A,31,2025-08-18,2026-06-01,287
TE,TIER_C,3,2026-05-20,2026-06-01,12
TEAM,TIER_A,17,2026-03-10,2026-06-01,83
TECH,TIER_A,18,2025-12-11,2026-06-01,172
TECK,TIER_A,24,2025-10-19,2026-06-01,225
TEL,TIER_A,27,2025-08-18,2026-06-01,287
TEM,TIER_C,3,2026-05-20,2026-06-01,12
TEN,TIER_C,2,2025-08-18,2025-08-25,7
TENB,TIER_A,21,2025-12-11,2026-06-01,172
TEO,TIER_A,20,2025-08-25,2026-05-20,268
TER,TIER_A,34,2025-08-18,2026-06-01,287
TEVA,TIER_A,29,2026-01-08,2026-06-01,144
TEX,TIER_A,17,2026-03-10,2026-06-01,83
TFC,TIER_A,21,2025-08-18,2026-06-01,287
TFIN,TIER_A,17,2026-03-10,2026-06-01,83
TFSL,TIER_A,17,2026-03-10,2026-06-01,83
TFX,TIER_A,20,2025-08-18,2026-06-01,287
TG,TIER_A,23,2025-08-18,2026-05-20,275
TGLS,TIER_A,18,2025-08-18,2026-06-01,287
TGNA,TIER_B,8,2025-08-18,2026-03-10,204
TGS,TIER_A,15,2025-08-25,2026-05-20,268
TGT,TIER_A,17,2026-03-10,2026-06-01,83
TGTX,TIER_A,18,2025-08-18,2026-06-01,287
TH,TIER_A,20,2026-03-10,2026-06-01,83
THC,TIER_A,26,2025-08-18,2026-06-01,287
THFF,TIER_A,28,2025-08-18,2026-06-01,287
THG,TIER_A,28,2025-08-18,2026-06-01,287
THO,TIER_A,18,2025-12-11,2026-06-01,172
THR,TIER_A,31,2025-08-18,2026-06-01,287
THRM,TIER_A,21,2025-08-18,2026-06-01,287
THS,TIER_D,1,2025-10-19,2025-10-19,0
TIC,TIER_C,3,2026-05-20,2026-06-01,12
TIGR,TIER_B,5,2025-11-18,2026-04-04,137
TILE,TIER_A,30,2025-08-18,2026-06-01,287
TITN,TIER_A,25,2025-11-18,2026-06-01,195
TJX,TIER_A,23,2025-11-18,2026-06-01,195
TK,TIER_A,18,2025-08-25,2026-05-20,268
TKC,TIER_B,7,2025-10-19,2026-05-20,213
TKO,TIER_A,17,2026-03-10,2026-06-01,83
TKR,TIER_A,18,2025-08-18,2026-06-01,287
TLK,TIER_C,4,2025-10-19,2026-03-10,142
TLN,TIER_A,19,2025-10-19,2026-06-01,225
TLRY,TIER_A,18,2025-10-19,2026-06-01,225
TLS,TIER_C,3,2026-05-20,2026-06-01,12
TLYS,TIER_A,20,2026-03-10,2026-05-20,71
TM,TIER_A,17,2026-03-10,2026-06-01,83
TMDX,TIER_A,17,2026-03-10,2026-06-01,83
TME,TIER_A,11,2025-12-11,2026-05-20,160
TMHC,TIER_A,18,2025-11-18,2026-06-01,195
TMO,TIER_A,18,2025-12-11,2026-06-01,172
TMP,TIER_A,17,2026-03-10,2026-06-01,83
TMUS,TIER_A,19,2025-08-18,2026-06-01,287
TNC,TIER_A,21,2025-08-18,2026-06-01,287
TNDM,TIER_A,17,2026-03-10,2026-06-01,83
TNET,TIER_A,17,2026-03-10,2026-06-01,83
TNGX,TIER_C,3,2026-05-20,2026-06-01,12
TNK,TIER_A,31,2025-11-18,2026-06-01,195
TNL,TIER_A,25,2025-08-18,2026-06-01,287
TOI,TIER_C,3,2026-05-20,2026-06-01,12
TOL,TIER_A,20,2025-08-25,2026-06-01,280
TOST,TIER_C,3,2026-05-20,2026-06-01,12
TPB,TIER_A,18,2025-11-18,2026-06-01,195
TPC,TIER_A,19,2025-08-25,2026-06-01,280
TPG,TIER_C,3,2026-05-20,2026-06-01,12
TPH,TIER_A,19,2025-08-18,2026-05-14,269
TPL,TIER_A,24,2025-11-18,2026-06-01,195
TPR,TIER_A,29,2026-02-13,2026-06-01,108
TR,TIER_A,17,2026-03-10,2026-06-01,83
TREE,TIER_A,34,2025-08-18,2026-06-01,287
TREX,TIER_A,17,2026-03-10,2026-06-01,83
TRGP,TIER_A,26,2025-12-11,2026-06-01,172
TRI,TIER_A,20,2025-12-11,2026-06-01,172
TRIP,TIER_A,20,2025-08-18,2026-06-01,287
TRMB,TIER_A,19,2025-11-18,2026-06-01,195
TRMK,TIER_A,23,2025-08-18,2026-06-01,287
TRN,TIER_A,19,2026-02-13,2026-06-01,108
TRNO,TIER_A,20,2025-08-18,2026-06-01,287
TRNS,TIER_A,18,2025-10-19,2026-06-01,225
TROW,TIER_A,32,2025-08-18,2026-06-01,287
TROX,TIER_A,17,2026-03-10,2026-06-01,83
TRP,TIER_A,22,2026-03-10,2026-06-01,83
TRS,TIER_A,19,2025-10-19,2026-06-01,225
TRST,TIER_A,26,2025-08-25,2026-06-01,280
TRTX,TIER_A,19,2025-08-18,2026-06-01,287
TRU,TIER_A,17,2026-03-10,2026-06-01,83
TRUP,TIER_A,17,2026-03-10,2026-06-01,83
TRV,TIER_A,34,2025-08-18,2026-06-01,287
TS,TIER_B,5,2025-10-19,2026-04-04,167
TSCO,TIER_A,18,2025-12-11,2026-06-01,172
TSHA,TIER_C,3,2026-05-20,2026-06-01,12
TSLA,TIER_A,18,2026-03-10,2026-06-01,83
TSM,TIER_A,34,2025-08-18,2026-06-01,287
TSN,TIER_A,18,2025-12-11,2026-06-01,172
TT,TIER_A,28,2025-08-18,2026-06-01,287
TTC,TIER_A,27,2025-08-18,2026-06-01,287
TTD,TIER_A,18,2025-12-11,2026-06-01,172
TTE,TIER_C,3,2025-08-18,2025-11-18,92
TTEC,TIER_A,22,2025-11-18,2026-06-01,195
TTEK,TIER_A,17,2026-03-10,2026-06-01,83
TTGT,TIER_A,15,2026-03-10,2026-05-20,71
TTI,TIER_A,24,2025-08-18,2026-06-01,287
TTMI,TIER_A,28,2025-08-18,2026-06-01,287
TTWO,TIER_A,17,2026-03-10,2026-06-01,83
TU,TIER_A,21,2025-08-18,2026-06-01,287
TUSK,TIER_A,15,2026-03-10,2026-05-20,71
TV,TIER_A,22,2025-08-25,2026-06-01,280
TVTX,TIER_A,17,2026-03-10,2026-06-01,83
TW,TIER_A,19,2025-11-18,2026-06-01,195
TWI,TIER_A,17,2026-03-10,2026-06-01,83
TWIN,TIER_A,24,2026-02-13,2026-05-20,96
TWLO,TIER_A,20,2025-11-18,2026-06-01,195
TWO,TIER_A,18,2025-11-18,2026-06-01,195
TWST,TIER_A,17,2026-03-10,2026-06-01,83
TX,TIER_A,17,2025-08-18,2026-05-20,275
TXG,TIER_A,20,2025-08-18,2026-06-01,287
TXN,TIER_A,28,2025-08-18,2026-06-01,287
TXNM,TIER_A,17,2026-03-10,2026-06-01,83
TXRH,TIER_A,18,2025-12-11,2026-06-01,172
TXT,TIER_A,22,2025-10-19,2026-06-01,225
TYL,TIER_A,18,2025-12-11,2026-06-01,172
TZOO,TIER_A,23,2025-08-18,2026-06-01,287
U,TIER_A,17,2026-03-10,2026-06-01,83
UAA,TIER_A,17,2026-03-10,2026-06-01,83
UAL,TIER_A,23,2025-08-18,2026-06-01,287
UAMY,TIER_C,3,2026-05-20,2026-06-01,12
UBER,TIER_A,18,2025-08-25,2026-06-01,280
UBSI,TIER_A,30,2025-10-19,2026-06-01,225
UCB,TIER_A,27,2025-11-18,2026-06-01,195
UCTT,TIER_A,26,2025-11-18,2026-06-01,195
UDR,TIER_A,20,2025-12-11,2026-06-01,172
UE,TIER_A,18,2025-10-19,2026-06-01,225
UEC,TIER_A,22,2026-02-13,2026-06-01,108
UEIC,TIER_C,4,2025-11-18,2026-03-10,112
UFCS,TIER_A,33,2025-08-18,2026-06-01,287
UFI,TIER_A,17,2025-10-19,2026-05-20,213
UFPI,TIER_A,18,2025-08-18,2026-06-01,287
UFPT,TIER_A,22,2026-02-13,2026-06-01,108
UGI,TIER_A,18,2025-11-18,2026-06-01,195
UGP,TIER_C,3,2025-10-19,2026-03-10,142
UHAL,TIER_A,17,2026-03-10,2026-06-01,83
UHS,TIER_A,35,2025-08-18,2026-06-01,287
UHT,TIER_A,17,2026-03-10,2026-06-01,83
UI,TIER_A,32,2025-08-18,2026-06-01,287
UIS,TIER_A,17,2026-03-10,2026-06-01,83
UL,TIER_D,1,2026-03-02,2026-03-02,0
ULCC,TIER_C,3,2026-05-20,2026-06-01,12
ULH,TIER_A,22,2026-03-10,2026-06-01,83
ULS,TIER_A,17,2026-03-10,2026-06-01,83
ULTA,TIER_A,17,2026-03-10,2026-06-01,83
UMBF,TIER_A,22,2025-12-11,2026-06-01,172
UMC,TIER_A,21,2025-10-19,2026-05-11,204
UMH,TIER_A,15,2026-03-10,2026-06-01,83
UNF,TIER_A,27,2025-08-18,2026-06-01,287
UNFI,TIER_A,26,2025-10-19,2026-06-01,225
UNH,TIER_A,17,2026-03-10,2026-06-01,83
UNIT,TIER_A,23,2026-01-08,2026-06-01,144
UNM,TIER_A,20,2025-08-18,2026-06-01,287
UNP,TIER_A,27,2025-08-18,2026-06-01,287
UNTY,TIER_A,27,2025-08-18,2026-06-01,287
UPB,TIER_C,3,2026-05-20,2026-06-01,12
UPBD,TIER_A,21,2025-08-18,2026-06-01,287
UPS,TIER_A,25,2025-08-18,2026-06-01,287
UPST,TIER_A,17,2026-03-10,2026-06-01,83
UPWK,TIER_A,22,2025-08-18,2026-06-01,287
URBN,TIER_A,20,2025-10-19,2026-06-01,225
URGN,TIER_A,17,2026-03-10,2026-06-01,83
URI,TIER_A,21,2025-08-18,2026-06-01,287
USAR,TIER_C,3,2026-05-20,2026-06-01,12
USB,TIER_A,17,2026-03-10,2026-06-01,83
USCB,TIER_C,3,2026-05-20,2026-06-01,12
USFD,TIER_A,32,2025-08-18,2026-06-01,287
USLM,TIER_A,17,2025-11-18,2026-06-01,195
USNA,TIER_A,26,2026-02-25,2026-06-01,96
USPH,TIER_A,17,2026-03-10,2026-06-01,83
UTHR,TIER_A,34,2025-08-18,2026-06-01,287
UTI,TIER_A,19,2025-10-19,2026-06-01,225
UTL,TIER_A,25,2026-03-02,2026-06-01,91
UTMD,TIER_A,20,2025-08-18,2026-05-11,266
UTZ,TIER_C,3,2026-05-20,2026-06-01,12
UUUU,TIER_A,15,2026-03-10,2026-06-01,83
UVE,TIER_A,31,2025-08-18,2026-06-01,287
UVSP,TIER_A,27,2025-08-18,2026-06-01,287
UVV,TIER_A,21,2025-08-18,2026-06-01,287
UWMC,TIER_A,17,2026-03-10,2026-06-01,83
V,TIER_A,18,2025-12-11,2026-06-01,172
VAC,TIER_A,18,2025-10-19,2026-06-01,225
VAL,TIER_A,25,2026-01-08,2026-06-01,144
VALE,TIER_A,27,2025-08-18,2026-06-01,287
VC,TIER_A,21,2025-08-18,2026-06-01,287
VCEL,TIER_A,17,2026-03-10,2026-06-01,83
VCTR,TIER_A,29,2025-10-19,2026-06-01,225
VCYT,TIER_A,18,2025-11-18,2026-06-01,195
VECO,TIER_A,17,2026-03-10,2026-06-01,83
VEEV,TIER_A,20,2025-10-19,2026-06-01,225
VEON,TIER_B,5,2025-08-18,2026-04-04,229
VERI,TIER_A,13,2025-10-19,2026-05-11,204
VERU,TIER_A,12,2026-03-10,2026-05-11,62
VERX,TIER_C,3,2026-05-20,2026-06-01,12
VFC,TIER_A,17,2026-03-10,2026-06-01,83
VG,TIER_C,3,2026-05-20,2026-06-01,12
VIA,TIER_C,3,2026-05-20,2026-06-01,12
VIAV,TIER_A,24,2025-10-19,2026-06-01,225
VICI,TIER_A,20,2025-08-25,2026-06-01,280
VICR,TIER_A,29,2025-11-18,2026-06-01,195
VIPS,TIER_A,25,2025-08-18,2026-05-11,266
VIR,TIER_A,17,2026-03-10,2026-06-01,83
VIRC,TIER_A,14,2025-08-18,2026-05-11,266
VIRT,TIER_A,20,2025-08-18,2026-06-01,287
VISN,TIER_A,21,2026-02-13,2026-06-01,108
VIST,TIER_D,1,2026-05-03,2026-05-03,0
VITL,TIER_A,17,2026-03-10,2026-06-01,83
VIV,TIER_C,4,2026-04-30,2026-05-11,11
VKTX,TIER_A,15,2026-03-10,2026-06-01,83
VLGEA,TIER_A,31,2025-08-18,2026-06-01,287
VLO,TIER_A,26,2025-11-18,2026-06-01,195
VLTO,TIER_A,22,2025-10-19,2026-06-01,225
VLY,TIER_A,29,2025-11-18,2026-06-01,195
VMC,TIER_A,18,2025-12-11,2026-06-01,172
VMD,TIER_A,23,2026-03-02,2026-06-01,91
VMEO,TIER_D,1,2025-10-19,2025-10-19,0
VMI,TIER_A,26,2025-08-18,2026-06-01,287
VNCE,TIER_A,19,2025-11-18,2026-05-11,174
VNDA,TIER_A,17,2026-03-10,2026-06-01,83
VNO,TIER_A,19,2025-10-19,2026-06-01,225
VNOM,TIER_A,17,2026-03-10,2026-06-01,83
VNT,TIER_A,20,2026-03-02,2026-06-01,91
VOYA,TIER_A,26,2025-08-18,2026-06-01,287
VOYG,TIER_C,3,2026-05-20,2026-06-01,12
VPG,TIER_A,24,2025-08-18,2026-06-01,287
VRA,TIER_A,17,2026-03-10,2026-05-11,62
VRDN,TIER_A,19,2026-03-07,2026-06-01,86
VRE,TIER_A,17,2025-11-18,2026-05-26,189
VREX,TIER_A,33,2025-08-18,2026-06-01,287
VRM,TIER_C,2,2026-01-08,2026-03-10,61
VRNS,TIER_A,17,2026-03-10,2026-06-01,83
VRNT,TIER_D,1,2025-11-18,2025-11-18,0
VRRM,TIER_A,18,2025-11-18,2026-06-01,195
VRSK,TIER_A,18,2025-12-11,2026-06-01,172
VRSN,TIER_A,23,2025-08-18,2026-06-01,287
VRT,TIER_A,30,2025-08-18,2026-06-01,287
VRTS,TIER_A,28,2025-08-18,2026-06-01,287
VRTX,TIER_A,20,2025-11-18,2026-06-01,195
VSAT,TIER_A,25,2025-10-19,2026-06-01,225
VSCO,TIER_A,18,2025-08-18,2026-06-01,287
VSEC,TIER_A,17,2026-03-10,2026-06-01,83
VSH,TIER_A,18,2026-03-10,2026-06-01,83
VSNT,TIER_A,21,2026-04-03,2026-06-01,59
VST,TIER_A,17,2026-03-10,2026-06-01,83
VSTM,TIER_A,18,2025-11-18,2026-06-01,195
VSTS,TIER_A,17,2026-03-10,2026-06-01,83
VTOL,TIER_A,18,2025-11-18,2026-06-01,195
VTR,TIER_A,18,2026-01-08,2026-06-01,144
VTRS,TIER_A,21,2025-08-18,2026-06-01,287
VTS,TIER_C,3,2026-05-20,2026-06-01,12
VUZI,TIER_A,14,2026-03-10,2026-06-01,83
VVV,TIER_A,17,2026-03-10,2026-06-01,83
VVX,TIER_A,23,2025-08-18,2026-06-01,287
VYGR,TIER_A,17,2026-03-10,2026-06-01,83
VZ,TIER_A,30,2025-08-18,2026-06-01,287
W,TIER_A,18,2025-12-11,2026-06-01,172
WAB,TIER_A,20,2025-08-25,2026-06-01,280
WABC,TIER_A,17,2025-08-18,2026-06-01,287
WAFD,TIER_A,26,2025-08-18,2026-06-01,287
WAL,TIER_A,17,2026-03-10,2026-06-01,83
WASH,TIER_A,22,2026-02-25,2026-06-01,96
WAT,TIER_A,26,2025-12-11,2026-06-01,172
WATT,TIER_A,11,2026-04-15,2026-05-11,26
WAY,TIER_A,20,2025-10-19,2026-06-01,225
WB,TIER_A,12,2025-08-18,2026-04-04,229
WBA,TIER_C,2,2025-08-18,2025-08-25,7
WBD,TIER_A,19,2025-08-25,2026-06-01,280
WBS,TIER_A,29,2025-11-18,2026-06-01,195
WBTN,TIER_C,3,2026-05-20,2026-06-01,12
WCC,TIER_A,29,2025-08-18,2026-06-01,287
WCN,TIER_A,17,2026-03-10,2026-06-01,83
WD,TIER_A,16,2025-11-18,2026-06-01,195
WDAY,TIER_A,19,2025-10-19,2026-06-01,225
WDC,TIER_A,33,2025-08-25,2026-06-01,280
WDFC,TIER_A,17,2026-03-10,2026-06-01,83
WEAV,TIER_C,3,2026-05-20,2026-06-01,12
WEC,TIER_A,20,2025-08-25,2026-06-01,280
WELL,TIER_A,18,2025-12-11,2026-06-01,172
WEN,TIER_A,17,2026-03-10,2026-06-01,83
WERN,TIER_A,17,2026-03-10,2026-06-01,83
WES,TIER_A,15,2026-03-10,2026-05-11,62
WEX,TIER_A,21,2025-08-18,2026-06-01,287
WEYS,TIER_A,23,2025-08-18,2026-06-01,287
WFC,TIER_A,18,2025-12-11,2026-06-01,172
WFRD,TIER_A,27,2025-10-19,2026-06-01,225
WGO,TIER_A,17,2026-03-10,2026-06-01,83
WGS,TIER_C,3,2026-05-20,2026-06-01,12
WH,TIER_A,21,2025-08-18,2026-06-01,287
WHD,TIER_A,22,2025-12-11,2026-06-01,172
WHR,TIER_A,17,2026-03-10,2026-06-01,83
WINA,TIER_A,21,2025-08-18,2026-06-01,287
WING,TIER_A,19,2026-03-10,2026-06-01,83
WIT,TIER_A,15,2025-08-18,2026-05-11,266
WIX,TIER_A,17,2026-03-10,2026-06-01,83
WK,TIER_A,19,2025-08-18,2026-06-01,287
WKC,TIER_A,18,2025-10-19,2026-06-01,225
WKHS,TIER_B,9,2025-11-18,2026-05-11,174
WLDN,TIER_A,27,2025-08-25,2026-06-01,280
WLFC,TIER_A,12,2026-03-10,2026-05-11,62
WLK,TIER_A,20,2026-03-10,2026-06-01,83
WLY,TIER_A,17,2026-03-10,2026-06-01,83
WM,TIER_A,18,2025-12-11,2026-06-01,172
WMB,TIER_A,23,2025-12-11,2026-06-01,172
WMG,TIER_A,18,2025-12-11,2026-06-01,172
WMK,TIER_A,24,2025-08-18,2026-06-01,287
WMS,TIER_A,18,2025-12-11,2026-06-01,172
WMT,TIER_A,19,2025-10-19,2026-06-01,225
WNC,TIER_A,17,2026-03-10,2026-06-01,83
WNEB,TIER_A,22,2025-10-19,2026-05-11,204
WNS,TIER_D,1,2025-08-25,2025-08-25,0
WOOF,TIER_A,27,2025-10-19,2026-06-01,225
WPC,TIER_A,17,2026-03-10,2026-06-01,83
WPM,TIER_A,19,2026-02-13,2026-05-11,87
WPP,TIER_C,4,2026-04-30,2026-05-11,11
WPRT,TIER_A,17,2026-03-10,2026-06-01,83
WRB,TIER_A,20,2025-10-19,2026-06-01,225
WRBY,TIER_C,3,2026-05-20,2026-06-01,12
WRLD,TIER_A,14,2025-08-25,2026-05-11,259
WS,TIER_A,20,2025-10-19,2026-06-01,225
WSBC,TIER_A,15,2026-03-10,2026-06-01,83
WSC,TIER_A,19,2026-03-07,2026-06-01,86
WSFS,TIER_A,20,2026-03-02,2026-06-01,91
WSM,TIER_A,18,2026-01-08,2026-06-01,144
WSO,TIER_A,17,2026-03-10,2026-06-01,83
WSR,TIER_A,26,2025-11-18,2026-06-01,195
WST,TIER_A,25,2025-12-11,2026-06-01,172
WTBA,TIER_A,16,2025-11-18,2026-06-01,195
WTFC,TIER_A,17,2026-03-10,2026-06-01,83
WTI,TIER_A,19,2026-02-13,2026-06-01,108
WTM,TIER_A,22,2025-10-19,2026-06-01,225
WTRG,TIER_A,17,2026-03-10,2026-06-01,83
WTS,TIER_A,28,2025-08-18,2026-06-01,287
WTW,TIER_A,19,2025-12-11,2026-06-01,172
WU,TIER_A,27,2025-11-18,2026-06-01,195
WULF,TIER_C,3,2026-05-20,2026-06-01,12
WVE,TIER_A,17,2026-03-10,2026-06-01,83
WW,TIER_A,14,2026-03-10,2026-05-11,62
WWD,TIER_A,29,2025-08-18,2026-06-01,287
WWW,TIER_A,17,2026-03-10,2026-06-01,83
WY,TIER_A,17,2026-03-10,2026-06-01,83
WYFI,TIER_C,3,2026-05-20,2026-06-01,12
WYNN,TIER_A,17,2026-03-10,2026-06-01,83
XEL,TIER_A,18,2025-12-11,2026-06-01,172
XENE,TIER_A,15,2026-03-10,2026-06-01,83
XERS,TIER_A,16,2025-11-18,2026-06-01,195
XHR,TIER_A,23,2025-08-18,2026-06-01,287
XIFR,TIER_C,3,2026-05-20,2026-06-01,12
XMTR,TIER_C,3,2026-05-20,2026-06-01,12
XNCR,TIER_A,17,2026-03-10,2026-06-01,83
XOM,TIER_A,29,2025-10-19,2026-06-01,225
XOMA,TIER_A,17,2026-03-10,2026-06-01,83
XP,TIER_A,28,2025-08-18,2026-06-01,287
XPEL,TIER_A,18,2025-12-11,2026-06-01,172
XPER,TIER_C,3,2026-05-20,2026-06-01,12
XPO,TIER_A,19,2025-11-18,2026-06-01,195
XPRO,TIER_C,3,2026-05-20,2026-06-01,12
XRAY,TIER_A,20,2025-08-18,2026-06-01,287
XRX,TIER_A,18,2025-11-18,2026-06-01,195
XYL,TIER_A,20,2025-10-19,2026-06-01,225
XYZ,TIER_A,22,2025-08-18,2026-06-01,287
YELP,TIER_A,30,2025-10-19,2026-06-01,225
YETI,TIER_A,19,2025-08-25,2026-06-01,280
YEXT,TIER_A,17,2026-03-10,2026-06-01,83
YORW,TIER_A,18,2026-02-15,2026-06-01,106
YOU,TIER_A,22,2026-03-10,2026-06-01,83
YPF,TIER_A,14,2026-03-10,2026-05-11,62
YUM,TIER_A,21,2025-11-18,2026-06-01,195
YUMC,TIER_A,20,2025-10-19,2026-06-01,225
Z,TIER_A,17,2026-03-10,2026-06-01,83
ZBH,TIER_A,17,2026-03-10,2026-06-01,83
ZBIO,TIER_C,3,2026-05-20,2026-06-01,12
ZBRA,TIER_A,21,2025-08-18,2026-06-01,287
ZD,TIER_A,25,2025-08-25,2026-06-01,280
ZETA,TIER_C,3,2026-05-20,2026-06-01,12
ZEUS,TIER_C,3,2025-08-18,2025-10-19,62
ZION,TIER_A,17,2026-03-10,2026-06-01,83
ZIP,TIER_D,1,2026-05-20,2026-05-20,0
ZLAB,TIER_A,15,2026-03-10,2026-06-01,83
ZM,TIER_A,27,2025-08-18,2026-06-01,287
ZS,TIER_A,18,2025-11-18,2026-06-01,195
ZTO,TIER_A,12,2025-08-25,2026-05-11,259
ZTS,TIER_A,27,2025-12-11,2026-06-01,172
ZUMZ,TIER_A,24,2026-01-08,2026-06-01,144
ZVRA,TIER_A,19,2026-03-10,2026-06-01,83
ZWS,TIER_A,26,2025-08-18,2026-06-01,287
ZYME,TIER_A,19,2025-08-18,2026-06-01,287
