symbol,first_seen,last_seen,observation_count,coverage_days,min_ess_5pt,max_ess_5pt,first_ess_5pt,last_ess_5pt,ess_delta,ess_std_dev
A,2025-10-29,2026-06-01,25,215,2,5,2,4,2,0.6248
AA,2025-10-19,2026-06-01,20,225,2,5,5,2,-3,0.8944
AAL,2025-10-29,2026-06-01,19,215,1,4,3,4,1,0.8487
AAMI,2025-08-18,2026-06-01,21,287,3,5,5,3,-2,0.794
AAOI,2026-03-10,2026-06-01,17,83,1,2,1,1,0,0.4556
AAON,2026-03-10,2026-06-01,17,83,1,4,2,4,2,0.9375
AAP,2026-03-10,2026-06-01,17,83,2,4,3,3,0,0.4706
AAPL,2025-10-29,2026-06-01,19,215,3,5,4,4,0,0.4588
AAT,2025-10-19,2026-06-01,19,225,2,4,4,3,-1,0.5813
AB,2025-08-18,2026-06-01,21,287,1,5,5,1,-4,1.0942
ABBV,2025-08-18,2026-06-01,23,287,3,5,5,5,0,0.5866
ABCB,2025-08-18,2026-06-01,24,287,2,5,5,4,-1,0.7535
ABEO,2025-10-19,2026-06-01,21,225,2,4,4,3,-1,0.5594
ABEV,2025-10-19,2026-06-01,24,225,2,5,5,3,-2,0.866
ABG,2025-08-18,2026-06-01,22,287,2,5,5,3,-2,0.7781
ABM,2025-10-29,2026-06-01,19,215,3,4,4,3,-1,0.2233
ABNB,2025-12-11,2026-06-01,19,172,2,4,3,3,0,0.521
ABR,2025-10-19,2026-06-01,21,225,2,4,4,4,0,0.526
ABSI,2026-05-26,2026-06-01,2,6,1,2,1,2,1,0.5
ABT,2025-08-18,2026-06-01,19,287,3,4,4,3,-1,0.3069
ABUS,2025-10-29,2026-06-01,18,215,2,4,3,4,1,0.6503
ABX,2026-05-20,2026-06-01,3,12,3,4,3,4,1,0.4714
ACA,2025-08-18,2026-06-01,19,287,1,5,5,3,-2,1.0889
ACAD,2025-08-25,2026-06-01,19,280,3,5,4,3,-1,0.4881
ACCO,2025-10-29,2026-06-01,22,215,2,4,4,3,-1,0.5768
ACDC,2026-05-20,2026-06-01,3,12,4,4,4,4,0,0.0
ACEL,2025-08-18,2026-05-20,19,275,3,5,5,5,0,0.8188
ACGL,2025-11-18,2026-06-01,32,195,3,5,4,4,0,0.6818
ACH,2026-03-10,2026-06-01,17,83,2,5,3,5,2,1.029
ACHR,2026-03-10,2026-06-01,13,83,1,2,1,2,1,0.4865
ACI,2026-03-10,2026-06-01,18,83,1,4,2,1,-1,0.6211
ACIC,2026-05-20,2026-06-01,3,12,4,5,5,4,-1,0.4714
ACIU,2025-10-29,2026-05-20,16,203,2,3,2,2,0,0.5
ACIW,2025-08-18,2026-06-01,22,287,3,5,5,3,-2,0.6556
ACLS,2025-10-29,2026-06-01,19,215,2,4,4,2,-2,0.6138
ACM,2025-08-18,2026-06-01,23,287,2,5,5,3,-2,1.2033
ACMR,2025-08-18,2026-06-01,19,287,2,4,4,2,-2,0.5908
ACN,2025-08-18,2026-06-01,24,287,2,5,5,2,-3,1.2353
ACNB,2025-11-18,2026-06-01,23,195,3,5,4,4,0,0.621
ACRE,2025-08-18,2026-05-20,22,275,3,4,4,3,-1,0.4658
ACRS,2026-03-10,2026-06-01,17,83,2,3,3,2,-1,0.2353
ACT,2025-08-18,2026-06-01,33,287,4,5,5,4,-1,0.3857
ACTG,2026-03-10,2026-06-01,17,83,2,3,2,2,0,0.3812
ACU,2025-08-18,2026-06-01,35,287,4,5,4,4,0,0.4899
ACVA,2026-05-20,2026-06-01,3,12,2,2,2,2,0,0.0
AD,2026-03-10,2026-06-01,17,83,1,3,3,3,0,0.4706
ADAM,2026-03-10,2026-06-01,17,83,3,3,3,3,0,0.0
ADBE,2025-08-18,2026-06-01,24,287,3,5,5,3,-2,0.7592
ADC,2025-12-11,2026-06-01,18,172,1,4,3,2,-1,0.8333
ADCT,2026-03-10,2026-06-01,17,83,2,3,2,2,0,0.4991
ADEA,2025-08-18,2026-06-01,22,287,3,5,5,3,-2,0.7497
ADI,2025-10-29,2026-06-01,32,215,4,5,4,5,1,0.2421
ADM,2025-08-18,2026-06-01,26,287,2,5,5,3,-2,1.1513
ADMA,2025-08-18,2026-06-01,24,287,2,5,5,2,-3,0.8122
ADNT,2025-08-18,2026-06-01,20,287,1,4,4,1,-3,0.7483
ADP,2026-03-10,2026-06-01,17,83,2,3,2,3,1,0.4779
ADPT,2026-03-10,2026-05-20,15,71,1,2,2,1,-1,0.2494
ADSK,2025-10-29,2026-06-01,19,215,2,3,2,2,0,0.4077
ADT,2025-08-18,2026-06-01,25,287,3,5,5,4,-1,0.4899
ADTN,2026-03-10,2026-06-01,17,83,3,3,3,3,0,0.0
ADUS,2025-10-29,2026-06-01,29,215,3,5,3,4,1,0.6168
ADV,2026-05-20,2026-06-01,3,12,5,5,5,5,0,0.0
AEE,2025-08-18,2026-06-01,24,287,3,5,4,3,-1,0.5204
AEHR,2026-03-10,2026-06-01,17,83,1,2,1,1,0,0.4779
AEIS,2025-08-18,2026-06-01,26,287,2,4,4,2,-2,0.5769
AEM,2025-08-18,2026-06-01,30,287,2,5,4,2,-2,1.1
AEO,2026-03-02,2026-06-01,20,91,2,4,4,2,-2,0.7
AEP,2025-08-18,2026-06-01,28,287,3,5,4,3,-1,0.5748
AER,2025-10-19,2026-06-01,21,225,2,5,4,3,-1,0.7737
AES,2025-08-18,2026-06-01,34,287,3,5,4,4,0,0.5619
AESI,2026-03-10,2026-06-01,17,83,1,2,1,1,0,0.3222
AEVA,2026-05-20,2026-06-01,3,12,2,3,3,2,-1,0.4714
AEYE,2026-03-10,2026-05-20,15,71,3,3,3,3,0,0.0
AFG,2025-10-19,2026-06-01,20,225,2,4,4,2,-2,0.6325
AFL,2026-03-10,2026-06-01,17,83,3,4,3,3,0,0.4556
AFRM,2026-03-10,2026-06-01,17,83,1,2,1,1,0,0.4991
AGCO,2026-03-10,2026-06-01,17,83,1,3,3,2,-1,0.5823
AGEN,2026-03-10,2026-06-01,20,83,3,5,3,5,2,0.477
AGIO,2026-03-10,2026-06-01,17,83,2,3,2,3,1,0.4922
AGL,2026-03-10,2026-06-01,17,83,2,3,3,2,-1,0.4779
AGNC,2025-08-25,2026-06-01,30,280,3,5,4,3,-1,0.7063
AGNT,2026-05-11,2026-06-01,6,21,1,2,2,2,0,0.4714
AGO,2026-03-10,2026-06-01,22,83,3,5,3,3,0,0.5961
AGRO,2026-03-07,2026-05-20,17,74,3,4,4,3,-1,0.3812
AGX,2025-08-18,2026-06-01,24,287,4,5,4,5,1,0.5
AGYS,2025-10-19,2026-06-01,19,225,2,4,4,2,-2,0.4881
AHCO,2025-08-18,2026-06-01,23,287,3,4,4,3,-1,0.4995
AHH,2025-08-25,2025-11-18,2,85,3,4,4,3,-1,0.5
AHR,2026-03-10,2026-06-01,17,83,1,3,3,2,-1,0.343
AI,2026-03-10,2026-06-01,17,83,1,3,1,3,2,0.6056
AIG,2025-08-25,2026-06-01,26,280,3,5,4,3,-1,0.6249
AIM,2025-11-18,2026-05-20,14,183,2,4,4,3,-1,0.378
AIN,2026-03-10,2026-06-01,17,83,1,3,2,2,0,0.5455
AIOT,2026-03-10,2026-06-01,17,83,3,4,3,3,0,0.3222
AIP,2026-05-20,2026-06-01,3,12,2,3,2,2,0,0.4714
AIR,2025-08-18,2026-06-01,22,287,2,5,5,2,-3,0.8245
AIRG,2026-03-10,2026-05-20,15,71,1,2,2,2,0,0.4
AIT,2025-08-18,2026-06-01,24,287,3,5,5,3,-2,0.5528
AIZ,2025-08-25,2026-06-01,21,280,2,5,4,3,-1,0.7854
AJG,2026-03-10,2026-06-01,17,83,1,2,1,1,0,0.3222
AKAM,2025-08-18,2026-06-01,34,287,2,5,5,3,-2,0.8565
AKBA,2025-08-18,2026-06-01,29,287,3,5,4,3,-1,0.4021
AKR,2026-03-10,2026-06-01,17,83,2,4,2,4,2,0.6169
AL,2025-10-19,2026-04-07,7,170,3,5,4,5,1,0.6999
ALAB,2026-05-20,2026-06-01,3,12,3,5,3,5,2,0.9428
ALB,2025-10-19,2026-06-01,22,225,3,5,5,3,-2,0.5839
ALC,2025-12-11,2026-05-20,20,160,3,4,3,3,0,0.4899
ALCO,2026-03-10,2026-06-01,17,83,2,2,2,2,0,0.0
ALDX,2025-10-29,2026-05-20,18,203,2,4,2,3,1,0.5774
ALEC,2026-03-10,2026-05-20,15,71,3,3,3,3,0,0.0
ALEX,2025-08-18,2026-03-10,3,204,3,4,4,3,-1,0.4714
ALG,2025-08-18,2026-06-01,25,287,3,5,5,3,-2,0.64
ALGM,2026-03-10,2026-06-01,17,83,3,4,4,4,0,0.4779
ALGN,2025-08-18,2026-06-01,31,287,4,5,4,4,0,0.1767
ALGT,2025-10-29,2026-06-01,19,215,3,4,4,3,-1,0.3069
ALHC,2026-05-20,2026-06-01,3,12,3,4,4,3,-1,0.4714
ALIT,2025-08-18,2026-06-01,20,287,2,5,4,3,-1,0.8718
ALK,2026-03-10,2026-06-01,17,83,1,3,2,3,1,0.5455
ALKS,2025-10-19,2026-06-01,24,225,2,5,5,2,-3,1.04
ALKT,2026-05-20,2026-06-01,3,12,2,3,2,2,0,0.4714
ALL,2025-08-18,2026-06-01,35,287,4,5,5,5,0,0.3182
ALLE,2025-08-18,2026-06-01,23,287,2,5,5,2,-3,0.9991
ALLT,2026-03-10,2026-05-20,15,71,2,2,2,2,0,0.0
ALLY,2026-03-10,2026-06-01,17,83,1,3,1,3,2,0.5703
ALMS,2026-05-20,2026-06-01,3,12,1,1,1,1,0,0.0
ALNT,2025-08-18,2026-06-01,26,287,3,5,5,4,-1,0.4819
ALNY,2025-12-11,2026-06-01,18,172,2,3,3,2,-1,0.5
ALRM,2025-10-29,2026-06-01,22,215,3,4,3,3,0,0.4917
ALRS,2025-08-18,2026-06-01,22,287,3,5,4,3,-1,0.5677
ALSN,2025-08-18,2026-06-01,28,287,1,5,4,1,-3,0.9
ALT,2026-03-10,2026-06-01,17,83,2,3,2,3,1,0.4991
ALTI,2026-05-20,2026-06-01,3,12,1,2,2,2,0,0.4714
ALV,2025-08-18,2026-06-01,27,287,1,5,5,4,-1,1.0999
ALX,2025-11-18,2026-06-01,23,195,1,5,4,2,-2,0.9526
AM,2025-08-25,2026-06-01,29,280,3,5,4,3,-1,0.7617
AMAL,2026-05-20,2026-06-01,3,12,3,3,3,3,0,0.0
AMAT,2025-08-18,2026-06-01,35,287,4,5,4,4,0,0.4899
AMBA,2025-10-29,2026-06-01,18,215,2,3,2,3,1,0.4714
AMBC,2025-10-19,2025-10-19,1,0,4,4,4,4,0,0.0
AMBP,2025-12-11,2026-06-01,19,172,2,4,4,3,-1,0.6531
AMBQ,2026-05-20,2026-06-01,3,12,2,2,2,2,0,0.0
AMC,2025-10-29,2026-06-01,18,215,1,5,5,2,-3,0.9574
AMCR,2026-03-10,2026-06-01,17,83,1,3,3,2,-1,0.5882
AMCX,2025-10-19,2026-06-01,22,225,2,5,5,2,-3,0.7714
AMD,2025-10-19,2026-06-01,21,225,3,5,4,5,1,0.4259
AME,2025-12-11,2026-06-01,28,172,3,5,4,3,-1,0.4629
AMG,2025-08-25,2026-06-01,23,280,3,5,4,3,-1,0.5289
AMGN,2025-08-18,2026-06-01,35,287,3,5,5,3,-2,0.4998
AMH,2025-11-18,2026-06-01,18,195,2,4,4,4,0,0.5906
AMKR,2025-10-29,2026-06-01,23,215,3,5,4,3,-1,0.6419
AMN,2025-08-18,2026-06-01,19,287,3,5,5,5,0,0.8255
AMP,2026-03-10,2026-06-01,17,83,2,3,2,3,1,0.4922
AMPH,2025-10-19,2026-06-01,28,225,3,5,4,3,-1,0.6258
AMPL,2026-05-20,2026-06-01,3,12,2,3,2,2,0,0.4714
AMPX,2026-05-20,2026-06-01,3,12,2,2,2,2,0,0.0
AMR,2026-03-10,2026-06-01,17,83,1,3,1,1,0,0.9843
AMRC,2025-11-18,2026-06-01,18,195,1,4,4,1,-3,0.7617
AMRK,2025-08-25,2025-10-19,2,55,4,5,4,5,1,0.5
AMRN,2025-08-18,2026-06-01,23,287,2,5,5,2,-3,0.7404
AMSC,2025-11-18,2026-06-01,18,195,1,4,4,2,-2,0.8696
AMSF,2026-03-10,2026-06-01,17,83,1,2,2,1,-1,0.2353
AMT,2026-03-10,2026-06-01,17,83,2,4,3,4,1,0.5882
AMTB,2025-11-18,2026-06-01,19,195,2,4,3,3,0,0.5908
AMTM,2026-02-13,2026-06-01,21,108,1,5,5,2,-3,1.09
AMWD,2025-08-25,2026-05-26,19,274,2,5,4,2,-2,0.8807
AMX,2025-08-25,2026-05-20,23,268,4,5,4,4,0,0.2818
AMZN,2025-10-29,2026-06-01,21,215,2,4,2,3,1,0.4666
AN,2025-08-18,2026-06-01,19,287,2,5,5,2,-3,0.7591
ANAB,2026-03-10,2026-06-01,19,83,3,5,3,4,1,0.5103
ANDE,2026-03-10,2026-06-01,17,83,1,2,1,2,1,0.4779
ANET,2025-08-18,2026-06-01,24,287,2,5,5,5,0,0.9492
ANF,2026-03-10,2026-06-01,17,83,3,4,3,3,0,0.4991
ANGI,2025-08-18,2026-06-01,27,287,3,5,4,3,-1,0.4969
ANGO,2025-08-18,2026-06-01,35,287,4,5,5,4,-1,0.4949
ANIK,2025-08-18,2026-06-01,34,287,4,5,5,5,0,0.5
ANIP,2025-08-18,2026-06-01,22,287,3,5,4,3,-1,0.6998
AON,2025-12-11,2026-06-01,18,172,2,4,3,2,-1,0.5241
AORT,2026-03-10,2026-06-01,17,83,1,2,1,2,1,0.4991
AOS,2025-08-18,2026-06-01,31,287,1,5,4,2,-2,1.2749
AOSL,2025-10-29,2026-06-01,18,215,1,3,2,2,0,0.8819
APA,2025-08-18,2026-06-01,25,287,3,5,5,3,-2,0.5571
APAM,2025-08-18,2026-06-01,34,287,3,5,5,5,0,0.7765
APD,2025-12-11,2026-06-01,18,172,2,3,3,2,-1,0.4714
APEI,2025-08-18,2026-06-01,35,287,3,5,4,3,-1,0.5743
APG,2025-08-18,2026-06-01,22,287,2,4,4,2,-2,0.7329
APH,2025-08-18,2026-06-01,32,287,2,5,5,3,-2,1.015
APLD,2026-05-20,2026-06-01,3,12,1,2,1,2,1,0.4714
APLE,2025-08-18,2026-06-01,22,287,3,5,4,3,-1,0.7216
APLS,2026-01-08,2026-05-14,14,126,2,4,4,3,-1,0.6103
APO,2025-08-18,2026-06-01,26,287,4,4,4,4,0,0.0
APOG,2025-08-18,2026-06-01,25,287,3,5,4,3,-1,0.5657
APP,2025-08-18,2026-06-01,20,287,1,5,4,4,0,1.1779
APPF,2025-10-29,2026-06-01,18,215,2,3,2,3,1,0.2291
APPN,2025-10-19,2026-06-01,19,225,1,4,4,2,-2,0.7178
APPS,2025-10-29,2026-06-01,19,215,2,4,3,3,0,0.6943
APTV,2025-08-18,2026-06-01,25,287,1,5,5,1,-4,1.2611
AQMS,2026-03-10,2026-03-10,1,0,2,2,2,2,0,0.0
AQST,2026-03-10,2026-06-01,17,83,1,2,1,2,1,0.4991
AR,2025-11-18,2026-06-01,23,195,2,4,3,3,0,0.6902
ARAY,2025-08-18,2026-05-20,24,275,3,5,5,3,-2,0.6455
ARCB,2026-01-08,2026-06-01,18,144,3,5,4,5,1,0.6849
ARCO,2026-02-18,2026-05-20,20,91,3,5,5,4,-1,0.7348
ARCT,2025-08-18,2026-05-20,23,275,4,5,4,4,0,0.2039
ARDT,2026-05-20,2026-06-01,3,12,4,4,4,4,0,0.0
ARDX,2026-03-10,2026-06-01,17,83,1,2,2,2,0,0.2353
ARE,2026-03-10,2026-06-01,17,83,1,4,1,4,3,0.8235
ARES,2026-03-10,2026-06-01,17,83,1,2,2,1,-1,0.2353
ARHS,2026-05-20,2026-06-01,3,12,3,4,3,3,0,0.4714
ARI,2025-08-18,2026-06-01,21,287,2,5,4,3,-1,0.6835
ARKO,2026-05-20,2026-06-01,3,12,5,5,5,5,0,0.0
ARLO,2025-10-19,2026-06-01,18,225,2,5,5,3,-2,0.5241
ARMK,2025-10-29,2026-06-01,19,215,2,3,2,3,1,0.2233
AROC,2025-10-29,2026-06-01,24,215,3,5,4,3,-1,0.7993
ARQ,2026-03-10,2026-06-01,17,83,3,4,3,3,0,0.3812
ARQT,2025-11-18,2026-06-01,18,195,2,4,4,2,-2,0.4581
ARR,2025-08-18,2026-06-01,31,287,4,5,4,4,0,0.4539
ARRY,2026-05-20,2026-06-01,3,12,1,2,2,2,0,0.4714
ARTNA,2025-10-29,2025-10-29,1,0,3,3,3,3,0,0.0
ARVN,2025-08-18,2026-06-01,25,287,1,5,5,2,-3,1.5232
ARW,2025-08-18,2026-06-01,32,287,4,5,4,5,1,0.4134
ARWR,2026-03-10,2026-06-01,17,83,2,4,3,2,-1,0.696
ASAN,2026-03-10,2026-06-01,17,83,1,3,1,3,2,0.9412
ASB,2026-03-02,2026-06-01,23,91,3,5,5,4,-1,0.2949
ASC,2025-08-25,2026-05-20,19,268,1,5,5,1,-4,1.1459
ASGN,2025-10-29,2026-04-24,8,177,2,2,2,2,0,0.0
ASH,2025-10-19,2026-06-01,18,225,1,4,4,1,-3,0.7307
ASIX,2025-08-18,2026-06-01,23,287,1,5,5,1,-4,1.0307
ASML,2025-11-18,2026-06-01,30,195,3,5,5,5,0,0.5627
ASND,2025-10-19,2026-05-20,12,213,3,4,4,3,-1,0.2764
ASO,2026-03-10,2026-06-01,22,83,2,4,2,3,1,0.4896
ASPN,2026-03-10,2026-06-01,17,83,1,3,3,1,-2,0.7487
ASST,2026-05-26,2026-06-01,2,6,1,2,1,2,1,0.5
ASTE,2025-08-18,2026-06-01,26,287,2,5,4,2,-2,0.84
ASTH,2026-03-10,2026-06-01,17,83,1,3,1,3,2,0.6444
ASTS,2026-05-20,2026-06-01,3,12,1,1,1,1,0,0.0
ASUR,2026-03-10,2026-06-01,17,83,2,5,2,3,1,0.7487
ATEC,2026-03-10,2026-06-01,17,83,1,2,1,2,1,0.4242
ATEN,2025-10-29,2026-06-01,30,215,3,5,3,3,0,0.6506
ATEX,2025-10-19,2026-06-01,18,225,2,5,5,3,-2,0.6211
ATGE,2025-08-18,2026-02-15,6,181,4,5,4,4,0,0.4714
ATHM,2025-10-19,2026-05-20,21,213,2,5,5,5,0,0.7284
ATI,2025-11-18,2026-06-01,25,195,3,4,4,4,0,0.3666
ATKR,2025-08-18,2026-06-01,24,287,3,5,5,3,-2,0.6333
ATLC,2025-08-25,2026-06-01,27,280,3,5,4,5,1,0.5903
ATLO,2026-04-21,2026-05-20,12,29,2,3,3,3,0,0.2764
ATMU,2026-04-18,2026-06-01,15,44,2,3,3,2,-1,0.4714
ATNI,2025-10-19,2026-06-01,28,225,2,5,4,3,-1,0.9
ATO,2025-08-18,2026-06-01,23,287,3,5,4,3,-1,0.6331
ATOM,2026-03-10,2026-06-01,17,83,2,3,2,2,0,0.4991
ATR,2025-08-18,2026-06-01,18,287,1,4,4,2,-2,0.9574
ATRA,2026-03-10,2026-05-20,15,71,1,3,2,1,-1,0.5963
ATRC,2025-10-29,2026-06-01,25,215,3,5,3,4,1,0.5276
ATRO,2025-08-18,2026-06-01,33,287,3,5,5,3,-2,0.6428
AU,2025-11-18,2026-03-10,6,112,3,5,5,3,-2,0.7454
AUB,2026-03-10,2026-06-01,17,83,2,3,3,2,-1,0.4991
AUDC,2025-08-18,2025-10-29,4,72,4,4,4,4,0,0.0
AUPH,2025-08-18,2026-06-01,20,287,3,5,5,5,0,0.9
AUR,2026-05-20,2026-06-01,3,12,2,3,2,2,0,0.4714
AVA,2025-10-29,2026-06-01,26,215,2,5,2,5,3,0.7929
AVAH,2026-05-20,2026-06-01,3,12,5,5,5,5,0,0.0
AVAV,2026-03-10,2026-06-01,17,83,1,2,1,1,0,0.4779
AVB,2026-03-10,2026-06-01,17,83,1,5,2,4,2,1.1315
AVBH,2026-05-26,2026-06-01,2,6,1,1,1,1,0,0.0
AVD,2025-08-25,2026-05-20,18,268,3,5,5,3,-2,0.7454
AVGO,2025-10-29,2026-06-01,20,215,2,5,3,4,1,0.8292
AVNS,2025-08-18,2026-06-01,25,287,2,4,4,3,-1,0.5307
AVNT,2026-03-10,2026-06-01,17,83,2,3,3,3,0,0.4556
AVNW,2026-03-10,2026-06-01,17,83,1,2,2,1,-1,0.4556
AVO,2026-05-20,2026-06-01,3,12,3,4,3,4,1,0.4714
AVPT,2026-05-20,2026-06-01,3,12,4,4,4,4,0,0.0
AVR,2026-05-20,2026-06-01,3,12,1,1,1,1,0,0.0
AVT,2025-08-18,2026-06-01,21,287,4,5,5,5,0,0.3927
AVTR,2025-10-19,2026-06-01,18,225,3,4,4,4,0,0.4969
AVTX,2026-05-26,2026-06-01,2,6,3,3,3,3,0,0.0
AVXL,2025-10-29,2026-05-20,21,203,3,4,4,3,-1,0.4518
AVY,2025-10-29,2026-06-01,21,215,2,5,4,2,-2,1.0498
AWI,2025-08-18,2026-06-01,26,287,1,5,5,1,-4,1.2808
AWK,2025-10-29,2026-06-01,23,215,2,4,3,3,0,0.8564
AWR,2025-08-18,2026-06-01,21,287,3,4,4,4,0,0.4994
AX,2025-08-18,2026-06-01,33,287,3,5,5,3,-2,0.6735
AXGN,2026-03-10,2026-06-01,17,83,1,2,2,1,-1,0.4991
AXIA,2025-11-18,2025-11-18,1,0,4,4,4,4,0,0.0
AXL,2025-08-18,2025-11-18,4,92,4,4,4,4,0,0.0
AXON,2026-03-10,2026-06-01,17,83,1,2,2,2,0,0.3812
AXP,2025-11-18,2026-06-01,19,195,2,5,5,2,-3,0.552
AXS,2025-08-18,2026-06-01,34,287,4,5,5,5,0,0.2353
AXSM,2026-03-10,2026-06-01,17,83,2,2,2,2,0,0.0
AXTA,2025-12-11,2026-06-01,22,172,2,5,4,3,-1,0.9136
AXTI,2026-03-10,2026-06-01,17,83,2,2,2,2,0,0.0
AYI,2025-08-18,2026-06-01,23,287,2,5,5,4,-1,0.7704
AZN,2025-11-18,2026-01-08,3,51,3,4,3,4,1,0.4714
AZO,2025-08-25,2026-06-01,19,280,2,4,4,2,-2,0.6657
AZTA,2026-03-10,2026-06-01,17,83,2,4,3,2,-1,0.4706
AZZ,2025-08-18,2026-06-01,35,287,4,5,5,4,-1,0.3182
B,2025-08-25,2026-06-01,30,280,3,5,4,3,-1,0.67
BA,2026-03-10,2026-06-01,17,83,2,3,2,2,0,0.4922
BABA,2025-12-11,2026-06-01,18,172,1,3,3,1,-2,0.6849
BAC,2025-12-11,2026-06-01,18,172,3,4,3,3,0,0.4157
BAH,2025-08-18,2026-06-01,19,287,2,5,4,2,-2,0.7982
BALL,2025-12-11,2026-06-01,24,172,1,5,3,2,-1,1.0274
BANC,2025-11-18,2026-06-01,18,195,3,4,4,3,-1,0.2291
BAND,2026-03-10,2026-06-01,17,83,2,3,3,3,0,0.4242
BANF,2026-03-10,2026-06-01,17,83,2,3,2,2,0,0.3812
BANR,2026-01-08,2026-06-01,28,144,3,5,4,3,-1,0.6258
BAP,2025-10-19,2026-05-20,28,213,3,5,5,3,-2,0.833
BATRK,2026-03-10,2026-06-01,17,83,1,2,1,1,0,0.3812
BAX,2025-08-18,2026-06-01,19,287,2,4,4,2,-2,0.5955
BB,2026-03-10,2026-06-01,18,83,1,4,1,4,3,0.6872
BBAI,2026-05-20,2026-06-01,3,12,2,2,2,2,0,0.0
BBAR,2025-08-18,2026-05-20,3,275,2,5,5,2,-3,1.2472
BBBY,2026-03-10,2026-06-01,17,83,2,3,3,2,-1,0.3812
BBCP,2026-03-10,2026-06-01,17,83,3,3,3,3,0,0.0
BBIO,2026-03-10,2026-06-01,17,83,1,2,1,2,1,0.4779
BBNX,2026-05-20,2026-06-01,3,12,1,2,1,1,0,0.4714
BBSI,2026-01-08,2026-06-01,20,144,3,4,4,4,0,0.4899
BBT,2026-03-10,2026-06-01,17,83,2,3,3,2,-1,0.3812
BBVA,2025-08-18,2026-06-01,26,287,2,5,5,3,-2,1.1014
BBW,2025-08-18,2026-06-01,27,287,3,5,5,3,-2,0.895
BBWI,2026-03-10,2026-06-01,17,83,2,3,2,2,0,0.4242
BBY,2025-08-25,2026-06-01,20,280,2,4,4,3,-1,0.7416
BC,2025-08-25,2026-06-01,19,280,1,4,4,3,-1,0.8487
BCBP,2025-10-19,2026-05-20,16,213,2,4,4,2,-2,0.4841
BCC,2026-03-10,2026-06-01,17,83,2,3,2,2,0,0.4922
BCE,2025-10-29,2026-06-01,22,215,3,5,3,5,2,0.6556
BCH,2026-05-14,2026-05-20,3,6,3,3,3,3,0,0.0
BCML,2025-08-25,2026-06-01,26,280,3,5,5,5,0,0.7216
BCO,2025-10-29,2026-06-01,18,215,2,3,3,2,-1,0.4479
BCPC,2026-03-10,2026-06-01,19,83,3,3,3,3,0,0.0
BCRX,2025-10-19,2026-06-01,32,225,4,5,4,4,0,0.4961
BCS,2025-08-18,2026-06-01,27,287,3,5,4,4,0,0.6748
BDC,2025-08-18,2026-06-01,32,287,3,5,4,5,1,0.384
BDN,2026-03-10,2026-06-01,17,83,2,4,3,4,1,0.5703
BDX,2025-10-29,2026-06-01,19,215,2,4,2,3,1,0.3244
BE,2025-12-11,2026-06-01,24,172,3,5,4,3,-1,0.7059
BEAM,2026-03-10,2026-06-01,17,83,1,2,2,2,0,0.2353
BELFB,2026-03-10,2026-06-01,17,83,2,2,2,2,0,0.0
BEN,2025-08-18,2026-06-01,19,287,3,5,5,4,-1,0.521
BETA,2026-05-20,2026-06-01,3,12,2,2,2,2,0,0.0
BETR,2026-05-20,2026-06-01,3,12,2,3,3,2,-1,0.4714
BF/B,2026-03-10,2026-06-01,17,83,1,3,2,2,0,0.5999
BFC,2026-03-02,2026-06-01,20,91,1,4,4,1,-3,1.0712
BFH,2025-08-18,2026-06-01,30,287,4,5,5,5,0,0.4955
BFLY,2026-05-20,2026-06-01,3,12,2,2,2,2,0,0.0
BFS,2026-03-10,2026-06-01,17,83,1,2,2,2,0,0.4556
BFST,2025-08-18,2026-06-01,23,287,2,5,5,2,-3,0.7197
BG,2026-03-10,2026-06-01,17,83,2,4,2,2,0,0.691
BGC,2025-08-18,2026-06-01,25,287,3,4,4,4,0,0.4996
BGS,2025-10-19,2026-06-01,24,225,4,5,4,5,1,0.1998
BGSF,2025-08-18,2025-10-19,3,62,4,4,4,4,0,0.0
BH,2025-08-18,2026-05-20,20,275,3,5,5,3,-2,0.9631
BHB,2026-03-10,2026-06-01,17,83,2,3,3,3,0,0.4779
BHC,2025-11-18,2026-06-01,18,195,2,4,3,2,-1,0.3333
BHE,2025-08-18,2026-06-01,33,287,4,5,4,5,1,0.3264
BHF,2025-08-25,2026-06-01,24,280,3,4,4,3,-1,0.4714
BHP,2025-08-18,2026-06-01,31,287,4,5,4,4,0,0.3678
BHR,2025-08-25,2026-05-20,18,268,2,5,4,2,-2,0.8333
BHRB,2026-05-26,2026-06-01,2,6,3,4,3,4,1,0.5
BHVN,2025-10-29,2026-06-01,18,215,2,3,2,3,1,0.4479
BIDU,2025-08-18,2026-05-20,19,275,1,5,5,1,-4,1.5719
BIIB,2025-08-18,2026-06-01,22,287,3,5,5,4,-1,0.5768
BILI,2025-08-18,2026-05-20,17,275,2,5,5,3,-2,1.0588
BILL,2025-11-18,2026-06-01,19,195,1,4,4,2,-2,1.0041
BIO,2025-10-29,2026-06-01,21,215,3,4,4,3,-1,0.4518
BIP,2025-11-18,2026-05-20,26,183,2,5,4,2,-2,1.0007
BJ,2025-08-18,2026-06-01,24,287,3,4,4,3,-1,0.4714
BJRI,2025-08-25,2026-06-01,21,280,2,4,4,4,0,0.5754
BK,2025-08-18,2026-05-20,27,275,3,5,4,4,0,0.5078
BKD,2025-10-29,2026-06-01,18,215,1,3,2,1,-1,0.848
BKE,2025-11-18,2026-06-01,24,195,2,4,4,2,-2,0.5385
BKH,2025-08-18,2026-06-01,33,287,2,5,4,3,-1,0.8969
BKNG,2025-08-18,2026-06-01,23,287,3,5,4,3,-1,0.507
BKR,2025-08-18,2026-06-01,32,287,3,5,4,3,-1,0.6585
BKSY,2026-05-20,2026-06-01,3,12,1,2,2,1,-1,0.4714
BKU,2025-11-18,2026-06-01,18,195,2,3,3,2,-1,0.4875
BKV,2026-05-20,2026-06-01,3,12,2,3,3,2,-1,0.4714
BL,2025-11-18,2026-06-01,18,195,1,3,3,1,-2,0.4581
BLBD,2025-08-18,2026-06-01,34,287,3,5,5,5,0,0.8529
BLD,2025-08-18,2026-06-01,22,287,1,5,5,3,-2,1.3056
BLDP,2026-03-10,2026-05-20,15,71,1,2,2,2,0,0.4714
BLDR,2026-03-10,2026-06-01,17,83,1,2,1,1,0,0.2353
BLFS,2025-11-18,2026-06-01,18,195,1,3,3,1,-2,0.6211
BLK,2025-10-19,2026-06-01,18,225,1,4,4,3,-1,0.7857
BLKB,2025-11-18,2026-06-01,19,195,2,4,4,2,-2,0.521
BLMN,2026-03-10,2026-06-01,20,83,1,4,1,4,3,0.6245
BLND,2026-05-20,2026-06-01,3,12,3,3,3,3,0,0.0
BLNK,2026-02-13,2026-05-20,17,96,2,4,4,2,-2,0.696
BLZE,2026-05-20,2026-06-01,3,12,2,2,2,2,0,0.0
BMBL,2025-08-18,2026-06-01,24,287,1,5,5,3,-2,0.8809
BMI,2025-10-29,2026-06-01,23,215,2,5,2,3,1,0.6478
BMO,2025-08-18,2026-06-01,34,287,3,5,5,3,-2,0.5801
BMRC,2025-08-25,2026-06-01,18,280,1,4,4,1,-3,0.7307
BMRN,2025-08-18,2026-06-01,33,287,4,5,4,4,0,0.2386
BMY,2025-08-18,2026-06-01,36,287,4,5,5,4,-1,0.493
BN,2025-10-19,2026-06-01,18,225,2,4,4,2,-2,0.4581
BNED,2026-03-10,2026-06-01,17,83,3,5,3,3,0,0.6444
BNL,2026-04-18,2026-06-01,15,44,2,4,2,3,1,0.5735
BNS,2025-08-18,2026-06-01,31,287,3,5,5,3,-2,0.7356
BNTX,2026-02-13,2026-05-20,18,96,2,4,4,3,-1,0.7454
BNY,2026-05-26,2026-06-01,2,6,3,4,4,3,-1,0.5
BOC,2026-05-20,2026-06-01,3,12,1,1,1,1,0,0.0
BOH,2026-03-10,2026-06-01,17,83,1,3,3,1,-2,0.4159
BOKF,2026-02-25,2026-06-01,19,96,3,4,4,3,-1,0.3069
BOOM,2025-08-18,2026-06-01,21,287,1,5,5,3,-2,1.178
BOOT,2025-12-11,2026-06-01,20,172,1,4,3,2,-1,1.1079
BOW,2026-05-20,2026-06-01,3,12,3,4,3,4,1,0.4714
BOX,2025-10-19,2026-06-01,19,225,2,4,4,4,0,0.8932
BP,2025-10-19,2026-06-01,24,225,3,5,4,3,-1,0.6333
BPOP,2026-02-13,2026-06-01,24,108,3,5,4,4,0,0.6236
BR,2025-08-18,2026-06-01,20,287,2,4,4,2,-2,0.6403
BRBR,2026-03-10,2026-06-01,17,83,2,3,3,3,0,0.4556
BRC,2025-08-18,2026-06-01,28,287,3,5,5,4,-1,0.5089
BRFS,2025-08-18,2025-08-25,2,7,5,5,5,5,0,0.0
BRK/B,2026-03-10,2026-06-01,17,83,1,3,3,3,0,0.5941
BRKR,2026-03-10,2026-06-01,17,83,2,3,3,2,-1,0.4779
BRO,2025-08-18,2026-06-01,19,287,1,4,4,2,-2,0.6138
BROS,2026-03-10,2026-06-01,17,83,2,4,2,3,1,0.8065
BRSL,2026-03-10,2026-06-01,17,83,1,2,1,1,0,0.4922
BRSP,2026-05-20,2026-06-01,3,12,2,2,2,2,0,0.0
BRT,2026-03-10,2026-04-18,3,39,2,3,3,2,-1,0.4714
BRX,2026-02-18,2026-06-01,21,103,3,5,4,4,0,0.6389
BRY,2025-10-19,2025-10-19,1,0,5,5,5,5,0,0.0
BRZE,2026-05-20,2026-06-01,3,12,1,3,1,2,1,0.8165
BSAC,2025-08-25,2026-05-20,18,268,2,4,4,2,-2,0.6667
BSBR,2025-08-25,2026-05-20,18,268,3,5,5,3,-2,0.6285
BSET,2025-08-25,2026-06-01,18,280,1,4,4,1,-3,0.7556
BSRR,2025-08-18,2026-06-01,31,287,3,5,5,3,-2,0.7342
BSVN,2025-08-25,2026-05-20,21,268,3,5,5,5,0,0.5754
BSX,2025-08-18,2026-06-01,19,287,3,4,4,3,-1,0.2233
BSY,2025-12-11,2026-06-01,18,172,1,3,3,2,-1,0.5
BTBT,2026-05-20,2026-06-01,3,12,1,1,1,1,0,0.0
BTG,2025-10-29,2026-05-20,16,203,3,3,3,3,0,0.0
BTI,2025-08-18,2026-05-20,27,275,4,5,4,4,0,0.3143
BTSG,2025-11-18,2026-06-01,22,195,3,5,5,3,-2,0.5768
BUD,2026-03-10,2026-06-01,19,83,3,4,3,3,0,0.4824
BURL,2026-03-10,2026-06-01,17,83,2,4,2,4,2,0.5455
BUSE,2026-03-10,2026-06-01,17,83,1,3,1,3,2,0.6056
BV,2026-03-10,2026-05-20,15,71,2,3,3,3,0,0.4899
BVN,2025-08-18,2026-05-20,27,275,2,5,4,3,-1,1.1049
BVS,2026-05-20,2026-06-01,3,12,5,5,5,5,0,0.0
BWA,2025-08-18,2026-06-01,23,287,2,5,5,2,-3,1.0999
BWB,2025-08-18,2026-06-01,29,287,3,5,5,3,-2,0.5517
BWEN,2026-02-13,2026-05-20,20,96,2,5,5,3,-2,0.8888
BWFG,2025-11-18,2026-06-01,28,195,3,5,3,5,2,0.5381
BWIN,2026-05-20,2026-06-01,3,12,1,1,1,1,0,0.0
BWMN,2026-05-20,2026-06-01,3,12,1,2,1,2,1,0.4714
BWXT,2025-11-18,2026-06-01,29,195,1,5,5,1,-4,0.8737
BX,2025-12-11,2026-06-01,18,172,1,5,3,2,-1,1.2019
BXC,2026-03-10,2026-06-01,17,83,2,3,3,2,-1,0.4779
BXMT,2026-03-10,2026-06-01,17,83,2,3,2,3,1,0.4242
BXP,2026-03-10,2026-06-01,17,83,1,4,2,4,2,0.7059
BY,2025-08-18,2026-06-01,29,287,4,5,4,4,0,0.4997
BYD,2025-08-18,2026-06-01,25,287,3,5,5,3,-2,0.7526
BYND,2026-03-10,2026-06-01,17,83,1,2,1,1,0,0.4922
BYRN,2026-03-10,2026-05-20,15,71,2,3,2,3,1,0.4899
BZH,2026-03-10,2026-06-01,17,83,1,2,1,2,1,0.4242
C,2025-08-25,2026-06-01,23,280,3,4,4,4,0,0.488
CABO,2025-10-29,2026-06-01,21,215,3,4,3,3,0,0.4994
CAC,2025-10-19,2026-06-01,19,225,3,4,4,3,-1,0.4937
CACC,2026-03-02,2026-06-01,22,91,2,4,4,2,-2,0.6428
CACI,2025-08-25,2026-06-01,23,280,2,4,4,2,-2,0.8761
CADE,2025-08-18,2025-08-25,2,7,4,4,4,4,0,0.0
CAE,2025-08-25,2026-06-01,19,280,1,4,4,3,-1,0.7842
CAG,2025-10-29,2026-06-01,18,215,2,3,2,2,0,0.4714
CAH,2025-08-18,2026-06-01,36,287,4,5,5,5,0,0.2291
CAI,2026-03-10,2026-06-01,17,83,2,3,3,2,-1,0.4922
CAKE,2025-08-18,2026-06-01,26,287,3,5,4,5,1,0.5718
CAL,2025-11-18,2026-06-01,18,195,2,5,3,5,2,0.7638
CALM,2025-08-18,2026-06-01,33,287,4,5,5,4,-1,0.4285
CALX,2025-08-18,2026-06-01,19,287,1,4,4,2,-2,0.9356
CALY,2026-03-10,2026-06-01,17,83,2,4,2,2,0,0.7848
CAN,2026-03-10,2026-05-20,15,71,1,3,1,3,2,0.6532
CAPR,2026-03-10,2026-06-01,17,83,2,3,2,2,0,0.4779
CAR,2026-03-10,2026-06-01,17,83,1,3,1,2,1,0.7579
CARE,2026-05-20,2026-06-01,3,12,4,5,4,5,1,0.4714
CARG,2025-12-11,2026-06-01,22,172,2,5,3,2,-1,0.8282
CARL,2026-05-26,2026-06-01,2,6,1,2,1,2,1,0.5
CARR,2026-03-10,2026-06-01,17,83,2,3,2,3,1,0.2353
CARS,2025-08-25,2026-06-01,33,280,3,5,5,4,-1,0.5521
CART,2025-08-18,2026-06-01,22,287,2,5,4,3,-1,0.575
CASH,2025-08-18,2026-06-01,34,287,3,5,5,4,-1,0.527
CASS,2026-01-08,2026-06-01,29,144,3,5,5,3,-2,0.6615
CASY,2025-10-19,2026-06-01,24,225,3,5,4,4,0,0.439
CAT,2025-10-29,2026-06-01,19,215,3,5,3,5,2,0.6138
CATX,2026-05-26,2026-06-01,2,6,2,2,2,2,0,0.0
CATY,2025-08-18,2026-06-01,33,287,3,5,4,4,0,0.4924
CAVA,2026-03-10,2026-06-01,19,83,2,4,2,2,0,0.6657
CB,2025-10-29,2026-06-01,20,215,3,4,3,3,0,0.4583
CBAN,2025-08-25,2026-06-01,19,280,3,5,5,3,-2,0.7178
CBFV,2025-08-25,2026-05-20,17,268,1,5,5,2,-3,1.2725
CBIO,2025-10-29,2026-06-01,18,215,1,3,2,2,0,0.8535
CBLL,2026-05-20,2026-06-01,3,12,1,2,1,2,1,0.4714
CBNK,2025-08-25,2026-05-20,26,268,4,5,5,4,-1,0.4985
CBOE,2025-08-18,2026-06-01,35,287,4,5,5,5,0,0.2321
CBRE,2025-08-18,2026-06-01,18,287,2,5,5,2,-3,0.7115
CBRL,2025-08-18,2026-06-01,18,287,1,4,4,2,-2,0.7115
CBSH,2026-03-10,2026-06-01,17,83,2,3,2,3,1,0.4779
CBT,2025-08-18,2026-06-01,21,287,3,5,5,4,-1,0.375
CBU,2026-03-10,2026-06-01,17,83,2,2,2,2,0,0.0
CBZ,2026-03-10,2026-06-01,17,83,1,3,1,2,1,0.6056
CC,2026-03-10,2026-06-01,17,83,2,4,2,3,1,0.8065
CCBG,2025-08-18,2026-06-01,25,287,2,5,4,3,-1,0.8485
CCEP,2025-12-11,2026-05-20,24,160,3,4,4,3,-1,0.4983
CCI,2026-03-10,2026-06-01,17,83,2,3,3,2,-1,0.4922
CCJ,2025-08-18,2026-06-01,25,287,1,5,5,1,-4,1.1689
CCK,2025-08-18,2026-06-01,25,287,1,4,4,1,-3,1.1412
CCL,2025-10-19,2026-06-01,21,225,2,5,4,2,-2,1.0648
CCNE,2025-11-18,2026-06-01,22,195,3,5,3,5,2,0.5821
CCOI,2026-03-10,2026-06-01,17,83,2,4,3,4,1,0.7059
CCRD,2025-08-18,2025-10-29,2,72,4,4,4,4,0,0.0
CCRN,2026-02-13,2026-06-01,24,108,3,5,4,4,0,0.7022
CCS,2026-03-10,2026-06-01,17,83,1,3,1,2,1,0.343
CCSI,2026-05-20,2026-06-01,3,12,3,5,3,5,2,0.9428
CDE,2025-10-19,2026-06-01,25,225,1,5,5,2,-3,1.6999
CDNA,2026-01-08,2026-06-01,23,144,3,5,4,5,1,0.5768
CDNS,2025-08-18,2026-06-01,21,287,2,4,4,3,-1,0.6999
CDP,2025-11-18,2026-06-01,18,195,2,4,4,4,0,0.5329
CDRE,2026-05-20,2026-06-01,3,12,1,1,1,1,0,0.0
CDTX,2025-10-29,2025-10-29,1,0,4,4,4,4,0,0.0
CDW,2025-08-18,2026-06-01,19,287,3,5,4,4,0,0.7591
CDXS,2026-03-10,2026-06-01,17,83,2,5,2,5,3,0.5823
CDZI,2026-03-10,2026-06-01,17,83,1,1,1,1,0,0.0
CE,2026-03-10,2026-06-01,17,83,2,4,2,2,0,0.6809
CECO,2026-03-10,2026-06-01,17,83,1,4,4,3,-1,1.4044
CEG,2026-03-10,2026-06-01,17,83,2,3,2,3,1,0.4242
CELC,2026-03-10,2026-06-01,17,83,2,3,2,2,0,0.3222
CELH,2026-03-10,2026-06-01,17,83,1,2,2,1,-1,0.3222
CENT,2025-10-29,2026-06-01,10,215,2,3,2,2,0,0.3
CENTA,2025-08-18,2026-06-01,25,287,3,5,5,4,-1,0.4833
CENX,2025-10-19,2026-06-01,19,225,1,4,4,3,-1,0.8775
CERS,2025-08-18,2026-06-01,29,287,3,5,5,3,-2,0.7134
CERT,2026-03-10,2026-06-01,17,83,2,2,2,2,0,0.0
CEVA,2026-03-10,2026-06-01,17,83,2,3,3,2,-1,0.2353
CF,2025-08-18,2026-06-01,26,287,4,5,4,5,1,0.4985
CFFN,2025-08-18,2026-06-01,28,287,3,5,5,4,-1,0.467
CFG,2026-03-10,2026-06-01,17,83,2,3,2,3,1,0.3812
CFLT,2026-03-10,2026-03-10,1,0,4,4,4,4,0,0.0
CFR,2026-03-10,2026-06-01,17,83,1,3,3,2,-1,0.343
CG,2026-03-10,2026-06-01,17,83,1,3,2,2,0,0.767
CGC,2025-10-29,2026-06-01,18,215,1,5,5,3,-2,1.0614
CGEN,2025-10-29,2026-05-20,19,203,2,4,2,4,2,0.674
CGNX,2025-10-29,2026-06-01,19,215,2,4,2,3,1,0.5813
CGON,2026-05-20,2026-06-01,3,12,1,2,2,1,-1,0.4714
CHCO,2025-08-18,2026-06-01,19,287,3,4,4,3,-1,0.3069
CHCT,2026-02-25,2026-06-01,18,96,1,5,5,3,-2,0.737
CHD,2026-03-10,2026-06-01,17,83,2,3,2,3,1,0.2353
CHDN,2026-01-08,2026-06-01,18,144,2,4,4,3,-1,0.5329
CHE,2025-08-18,2026-06-01,22,287,2,4,4,4,0,0.8144
CHEF,2025-11-18,2026-06-01,18,195,1,4,4,2,-2,0.5774
CHGG,2026-02-18,2026-05-20,17,91,2,4,4,4,0,0.5455
CHH,2026-03-10,2026-06-01,17,83,2,3,2,3,1,0.4556
CHKP,2025-08-18,2026-06-01,23,287,2,5,5,2,-3,1.1955
CHMG,2026-03-10,2026-06-01,17,83,1,3,2,3,1,0.6056
CHRD,2025-11-18,2026-06-01,20,195,2,5,4,4,0,0.6245
CHRS,2026-03-10,2026-06-01,21,83,3,4,4,3,-1,0.3499
CHRW,2025-08-18,2026-06-01,32,287,2,5,5,4,-1,1.044
CHT,2026-03-10,2026-05-20,15,71,1,3,1,3,2,0.4989
CHTR,2025-10-29,2026-06-01,27,215,3,5,3,4,1,0.4969
CHWY,2025-08-18,2026-06-01,21,287,2,5,4,3,-1,0.6633
CI,2025-08-18,2026-06-01,36,287,3,5,5,5,0,0.4779
CIA,2026-03-10,2026-05-20,15,71,2,3,3,2,-1,0.4899
CIEN,2025-10-19,2026-06-01,26,225,3,5,5,4,-1,0.5756
CIFR,2026-05-20,2026-06-01,3,12,1,2,1,2,1,0.4714
CIM,2025-08-18,2026-06-01,31,287,4,5,5,5,0,0.3951
CINF,2025-08-18,2026-06-01,29,287,3,5,4,4,0,0.4138
CIVB,2025-10-19,2026-06-01,18,225,3,4,4,3,-1,0.4479
CIVI,2025-11-18,2025-11-18,1,0,5,5,5,5,0,0.0
CIX,2025-11-18,2026-06-01,22,195,4,5,4,5,1,0.4191
CL,2026-03-10,2026-06-01,17,83,2,4,3,4,1,0.5128
CLAR,2026-03-10,2026-06-01,17,83,3,5,3,3,0,0.5999
CLB,2025-10-19,2026-06-01,21,225,1,4,4,1,-3,0.8248
CLBK,2026-03-10,2026-06-01,17,83,1,1,1,1,0,0.0
CLDT,2025-11-18,2026-06-01,23,195,3,5,3,3,0,0.7704
CLDX,2026-03-10,2026-06-01,17,83,1,2,1,1,0,0.4991
CLF,2026-03-10,2026-06-01,17,83,1,3,1,2,1,0.5823
CLFD,2026-03-10,2026-06-01,17,83,1,2,2,1,-1,0.3812
CLH,2026-03-02,2026-06-01,25,91,2,5,5,2,-3,0.7483
CLIR,2026-03-10,2026-05-20,15,71,1,4,2,3,1,0.9568
CLMB,2025-08-18,2026-06-01,34,287,4,5,5,5,0,0.169
CLMT,2025-12-11,2026-06-01,20,172,3,4,3,3,0,0.4975
CLNE,2025-10-29,2026-06-01,19,215,3,4,3,3,0,0.4403
CLOV,2026-05-20,2026-06-01,3,12,1,3,1,3,2,0.9428
CLPR,2026-03-10,2026-05-20,15,71,1,3,3,3,0,0.8
CLPT,2026-03-10,2026-06-01,17,83,1,2,2,2,0,0.4242
CLS,2026-03-10,2026-06-01,20,83,3,5,5,3,-2,0.8
CLSK,2025-11-18,2026-06-01,18,195,1,3,3,1,-2,0.5906
CLW,2026-03-10,2026-05-20,15,71,2,3,3,2,-1,0.4714
CLX,2026-03-10,2026-06-01,17,83,1,2,2,1,-1,0.4991
CM,2025-08-18,2026-06-01,32,287,4,5,4,5,1,0.4635
CMC,2025-10-19,2026-06-01,20,225,2,5,5,2,-3,1.0296
CMCO,2026-03-10,2026-06-01,17,83,3,5,3,4,1,0.691
CMCSA,2025-10-19,2026-06-01,33,225,4,5,4,4,0,0.4285
CME,2025-08-18,2026-06-01,23,287,3,5,4,3,-1,0.5768
CMG,2025-08-18,2026-06-01,22,287,2,4,4,3,-1,0.5622
CMI,2025-10-19,2026-06-01,26,225,3,5,4,5,1,0.4742
CMP,2026-02-13,2026-06-01,28,108,3,5,5,3,-2,0.866
CMPR,2025-08-18,2026-06-01,28,287,3,5,5,3,-2,0.8113
CMRE,2025-08-18,2026-05-20,31,275,4,5,4,4,0,0.4181
CMS,2025-12-11,2026-06-01,22,172,3,4,4,4,0,0.481
CMT,2025-08-18,2026-06-01,21,287,1,5,4,1,-3,0.9989
CMTG,2026-05-26,2026-06-01,2,6,2,2,2,2,0,0.0
CMTL,2025-10-29,2026-05-20,16,203,2,3,2,3,1,0.2421
CNA,2025-08-18,2026-06-01,33,287,3,5,5,3,-2,0.7797
CNC,2025-11-18,2026-06-01,19,195,1,4,4,4,0,0.9386
CNDT,2025-08-25,2026-06-01,19,280,2,5,5,4,-1,0.7293
CNH,2026-03-10,2026-06-01,17,83,1,2,2,1,-1,0.4779
CNI,2025-08-25,2026-06-01,34,280,3,5,5,5,0,0.5526
CNK,2025-11-18,2026-06-01,18,195,1,4,4,2,-2,0.5241
CNM,2026-01-08,2026-06-01,23,144,3,5,5,3,-2,0.2949
CNMD,2025-08-18,2026-06-01,25,287,3,5,5,3,-2,0.7332
CNNE,2026-03-10,2026-06-01,17,83,1,2,2,2,0,0.4242
CNO,2025-11-18,2026-06-01,18,195,1,5,5,2,-3,0.8165
CNOB,2026-03-10,2026-06-01,17,83,1,3,3,3,0,0.6056
CNP,2025-10-19,2026-06-01,20,225,3,4,4,3,-1,0.3
CNQ,2025-10-19,2026-06-01,28,225,3,5,5,5,0,0.8175
CNR,2026-03-10,2026-06-01,17,83,1,2,2,2,0,0.3812
CNS,2025-10-19,2026-06-01,19,225,2,4,4,3,-1,0.5813
CNTY,2025-10-29,2026-05-20,16,203,1,3,2,3,1,0.5266
CNX,2025-08-18,2026-06-01,29,287,3,5,5,4,-1,0.5184
CNXC,2025-10-19,2026-06-01,18,225,1,4,4,1,-3,0.7617
CNXN,2025-10-29,2026-06-01,30,215,3,5,3,5,2,0.3145
COCO,2026-04-15,2026-06-01,16,47,2,3,2,3,1,0.4961
CODI,2026-03-10,2026-06-01,17,83,1,3,1,2,1,0.5882
CODX,2026-05-08,2026-05-20,5,12,1,2,2,1,-1,0.4
COF,2025-11-18,2026-06-01,18,195,1,3,3,1,-2,0.5583
COFS,2025-10-19,2026-06-01,27,225,4,5,5,5,0,0.3143
COHR,2025-08-18,2026-06-01,34,287,3,5,4,5,1,0.6056
COHU,2026-03-10,2026-06-01,17,83,1,2,1,2,1,0.4242
COIN,2025-08-18,2026-06-01,18,287,1,4,4,1,-3,0.7638
COKE,2025-11-18,2026-06-01,24,195,3,5,5,3,-2,0.5637
COLB,2025-08-18,2026-06-01,19,287,2,5,5,3,-2,0.9086
COLD,2026-03-10,2026-06-01,17,83,2,4,3,4,1,0.691
COLL,2025-10-19,2026-06-01,30,225,3,5,5,3,-2,0.5821
COLM,2026-03-07,2026-06-01,24,86,3,5,5,4,-1,0.6333
COMM,2025-08-18,2025-11-18,4,92,4,4,4,4,0,0.0
COMP,2025-11-18,2026-06-01,18,195,2,3,3,3,0,0.4875
CON,2026-03-10,2026-06-01,17,83,2,4,3,4,1,0.5703
COO,2025-10-29,2026-06-01,24,215,3,4,4,3,-1,0.4841
COP,2026-02-13,2026-06-01,26,108,3,5,4,3,-1,0.7061
COR,2025-08-18,2026-06-01,36,287,4,5,5,4,-1,0.4803
CORT,2025-08-18,2026-06-01,19,287,1,4,4,2,-2,0.9356
CORZ,2026-05-20,2026-06-01,3,12,2,3,3,2,-1,0.4714
COSO,2026-05-26,2026-06-01,2,6,2,2,2,2,0,0.0
COST,2025-08-18,2026-06-01,35,287,3,5,4,3,-1,0.5496
COTY,2026-03-10,2026-06-01,17,83,1,2,1,1,0,0.4922
COUR,2025-08-18,2026-06-01,20,287,3,5,4,3,-1,0.6633
CP,2026-03-02,2026-06-01,20,91,3,5,5,3,-2,0.5362
CPA,2025-08-25,2026-06-01,23,280,2,5,5,5,0,1.1119
CPAY,2025-10-29,2026-06-01,21,215,2,4,4,2,-2,0.4364
CPB,2025-10-29,2026-06-01,18,215,2,3,3,3,0,0.3727
CPF,2026-03-10,2026-06-01,17,83,3,3,3,3,0,0.0
CPK,2025-10-29,2026-06-01,26,215,2,4,2,3,1,0.7458
CPNG,2026-02-13,2026-06-01,19,108,1,4,4,1,-3,1.0287
CPRI,2026-03-10,2026-06-01,17,83,1,2,1,2,1,0.2353
CPRT,2025-10-29,2026-06-01,18,215,1,2,2,2,0,0.2291
CPRX,2025-08-18,2026-06-01,34,287,4,5,4,5,1,0.4779
CPT,2026-03-09,2026-06-01,18,84,2,5,4,4,0,0.7638
CQP,2026-03-10,2026-06-01,22,83,3,5,3,3,0,0.7925
CR,2025-08-18,2026-06-01,22,287,1,4,4,2,-2,0.9875
CRAI,2025-08-18,2026-06-01,22,287,2,5,5,2,-3,0.9535
CRBG,2026-03-10,2026-06-01,17,83,1,2,2,1,-1,0.4922
CRBP,2025-10-29,2026-05-20,16,203,2,3,2,3,1,0.3307
CRC,2025-10-19,2026-06-01,25,225,2,5,5,2,-3,0.7483
CRCL,2026-05-20,2026-06-01,3,12,2,3,2,2,0,0.4714
CRCT,2025-08-18,2026-06-01,33,287,4,5,5,4,-1,0.3586
CRDF,2026-03-10,2026-05-20,15,71,3,3,3,3,0,0.0
CRDO,2026-05-20,2026-06-01,3,12,2,4,2,4,2,0.9428
CRGY,2025-08-18,2026-06-01,21,287,2,5,4,4,0,0.6999
CRI,2026-03-10,2026-06-01,17,83,2,5,2,4,2,0.691
CRK,2026-03-10,2026-06-01,19,83,3,4,3,3,0,0.4077
CRL,2025-10-29,2026-06-01,18,215,2,3,2,2,0,0.4969
CRM,2025-08-18,2026-06-01,24,287,1,5,4,2,-2,1.2332
CRMD,2025-08-18,2026-06-01,23,287,3,5,4,5,1,0.636
CRMT,2026-03-10,2026-05-20,15,71,1,2,2,1,-1,0.4899
CRNC,2025-10-19,2026-06-01,18,225,2,5,5,5,0,0.8535
CRNT,2025-11-18,2026-05-20,16,183,2,3,3,3,0,0.4841
CRNX,2026-03-10,2026-06-01,17,83,1,2,1,1,0,0.4556
CRON,2026-01-08,2026-05-20,16,132,1,5,5,1,-4,1.118
CROX,2025-11-18,2026-06-01,20,195,3,5,4,3,-1,0.6225
CRS,2025-08-18,2026-06-01,27,287,4,5,4,4,0,0.1889
CRSP,2026-03-10,2026-06-01,17,83,1,2,1,2,1,0.2353
CRSR,2026-02-18,2026-06-01,26,103,3,5,4,3,-1,0.4742
CRUS,2025-08-18,2026-06-01,35,287,4,5,5,4,-1,0.2321
CRVL,2025-11-18,2026-06-01,18,195,3,5,3,5,2,0.6009
CRVS,2026-03-10,2026-06-01,19,83,2,4,2,4,2,0.4881
CRWD,2025-12-11,2026-06-01,18,172,1,5,4,4,0,1.4907
CSCO,2025-08-18,2026-06-01,34,287,3,5,5,4,-1,0.4715
CSGP,2026-03-10,2026-06-01,17,83,1,1,1,1,0,0.0
CSGS,2025-08-18,2026-05-14,25,269,3,5,5,4,-1,0.5307
CSL,2026-03-10,2026-06-01,17,83,2,4,3,2,-1,0.7059
CSR,2026-03-10,2026-06-01,17,83,1,2,2,2,0,0.4991
CSTL,2026-03-10,2026-05-20,15,71,2,3,2,3,1,0.4422
CSTM,2025-08-18,2026-06-01,30,287,3,5,4,5,1,0.9214
CSV,2025-08-25,2026-06-01,24,280,3,5,4,3,-1,0.865
CSW,2026-03-10,2026-06-01,17,83,1,2,1,2,1,0.3222
CSX,2025-10-29,2026-06-01,20,215,3,5,5,4,-1,0.5895
CTAS,2025-08-18,2026-06-01,26,287,2,4,4,2,-2,0.9102
CTBI,2025-08-18,2026-06-01,29,287,4,5,5,5,0,0.4973
CTEV,2026-05-26,2026-06-01,2,6,2,2,2,2,0,0.0
CTGO,2025-10-19,2026-06-01,5,225,3,5,5,3,-2,0.8
CTKB,2026-03-10,2026-06-01,17,83,1,2,1,1,0,0.2353
CTMX,2026-03-10,2026-06-01,17,83,2,3,2,3,1,0.4779
CTO,2025-11-18,2026-06-01,18,195,3,4,4,3,-1,0.3727
CTOS,2026-05-20,2026-06-01,3,12,2,3,2,3,1,0.4714
CTRA,2025-11-18,2026-05-03,16,166,3,5,3,5,2,0.6343
CTRE,2025-08-25,2026-06-01,19,280,1,4,4,4,0,0.9356
CTRI,2026-05-20,2026-06-01,3,12,1,3,3,1,-2,0.9428
CTRN,2026-02-13,2026-06-01,24,108,3,5,5,3,-2,0.9091
CTS,2025-08-18,2026-06-01,33,287,3,5,4,5,1,0.4576
CTSH,2025-08-18,2026-06-01,26,287,3,5,5,3,-2,0.8427
CTSO,2025-08-18,2026-05-20,20,275,2,4,4,2,-2,0.7921
CTVA,2025-12-11,2026-06-01,28,172,3,5,4,3,-1,0.4987
CUBE,2026-03-10,2026-06-01,17,83,3,4,4,4,0,0.3812
CUBI,2026-02-13,2026-06-01,24,108,3,4,4,4,0,0.4841
CUE,2026-03-10,2026-03-10,1,0,2,2,2,2,0,0.0
CULP,2025-10-19,2026-05-20,17,213,1,4,4,3,-1,0.6444
CURB,2026-03-10,2026-06-01,17,83,1,2,2,1,-1,0.4242
CUZ,2025-10-19,2026-06-01,23,225,3,5,4,3,-1,0.4079
CV,2026-05-26,2026-06-01,2,6,1,1,1,1,0,0.0
CVBF,2026-03-10,2026-06-01,17,83,2,3,3,2,-1,0.4242
CVCO,2025-08-18,2026-06-01,22,287,2,5,4,3,-1,0.6492
CVE,2025-08-18,2026-06-01,33,287,4,5,5,5,0,0.3586
CVEO,2026-05-20,2026-06-01,3,12,3,4,4,3,-1,0.4714
CVGI,2025-10-19,2026-05-20,18,213,3,4,4,4,0,0.4479
CVGW,2025-08-18,2026-05-26,32,281,4,5,5,4,-1,0.3903
CVI,2026-03-10,2026-06-01,17,83,1,4,1,1,0,0.8921
CVLG,2026-03-10,2026-06-01,17,83,2,4,2,3,1,0.5128
CVLT,2025-10-29,2026-06-01,18,215,2,3,3,3,0,0.5
CVNA,2026-03-10,2026-06-01,17,83,1,3,2,2,0,0.4159
CVS,2025-08-18,2026-06-01,31,287,3,5,4,3,-1,0.7769
CVSA,2026-03-10,2026-06-01,20,83,3,5,3,3,0,0.7141
CVX,2025-10-29,2026-06-01,25,215,2,5,2,3,1,0.7859
CW,2025-08-25,2026-06-01,35,280,4,5,4,4,0,0.4642
CWAN,2026-05-20,2026-06-01,3,12,2,3,3,2,-1,0.4714
CWCO,2025-08-18,2026-06-01,25,287,3,5,5,3,-2,0.7652
CWEN,2026-03-10,2026-06-01,17,83,1,3,3,1,-2,0.8443
CWH,2025-11-18,2026-06-01,18,195,1,4,4,2,-2,0.7857
CWK,2025-08-25,2026-06-01,20,280,2,5,4,2,-2,0.6782
CWST,2026-03-10,2026-06-01,17,83,1,2,2,2,0,0.4922
CWT,2025-10-29,2026-06-01,18,215,1,2,2,2,0,0.4969
CX,2025-08-18,2026-05-20,23,275,2,5,4,4,0,0.624
CXDO,2026-03-10,2026-06-01,17,83,2,2,2,2,0,0.0
CXM,2026-03-10,2026-06-01,17,83,2,3,3,2,-1,0.4779
CXT,2026-03-10,2026-06-01,17,83,2,3,3,3,0,0.4922
CXW,2025-10-19,2026-06-01,18,225,2,4,4,3,-1,0.5984
CYH,2025-10-19,2026-06-01,33,225,4,5,4,4,0,0.4886
CYRX,2025-11-18,2026-06-01,18,195,2,4,4,2,-2,0.5774
CYTK,2026-03-10,2026-06-01,17,83,1,2,1,2,1,0.3222
CZFS,2025-08-25,2026-06-01,28,280,4,5,5,4,-1,0.4949
CZNC,2025-08-25,2026-05-20,21,268,1,5,5,1,-4,1.0942
CZR,2026-03-10,2026-06-01,17,83,1,1,1,1,0,0.0
CZWI,2025-08-25,2026-05-20,28,268,3,5,5,3,-2,0.7784
D,2025-10-19,2026-06-01,20,225,2,4,4,3,-1,0.7141
DAC,2025-08-18,2025-10-29,4,72,4,5,4,4,0,0.433
DAIO,2026-03-10,2026-05-20,15,71,1,2,2,1,-1,0.2494
DAKT,2025-08-18,2026-06-01,30,287,1,5,4,1,-3,1.5649
DAL,2025-08-18,2026-06-01,30,287,3,5,4,3,-1,0.5972
DAR,2026-03-10,2026-06-01,17,83,2,3,2,2,0,0.3222
DASH,2025-08-18,2026-06-01,18,287,1,4,4,2,-2,0.7617
DAVA,2026-03-10,2026-05-20,15,71,1,1,1,1,0,0.0
DAVE,2026-05-20,2026-06-01,3,12,3,4,3,4,1,0.4714
DAY,2025-10-29,2025-10-29,1,0,3,3,3,3,0,0.0
DB,2025-08-18,2026-05-20,19,275,1,5,5,3,-2,1.05
DBD,2025-08-25,2026-06-01,33,280,3,5,5,3,-2,0.7797
DBI,2026-01-08,2026-06-01,25,144,3,5,5,3,-2,0.7088
DBRG,2026-03-10,2026-06-01,17,83,2,3,2,3,1,0.4242
DBX,2025-08-18,2026-06-01,20,287,1,5,5,4,-1,1.4586
DCH,2026-03-10,2026-06-01,17,83,1,4,1,2,1,0.696
DCI,2025-08-18,2026-06-01,27,287,2,5,4,2,-2,1.2013
DCO,2025-08-18,2026-06-01,21,287,3,5,5,3,-2,0.6281
DCOM,2026-03-07,2026-06-01,22,86,3,5,4,4,0,0.3015
DCTH,2026-03-07,2026-05-20,22,74,4,5,4,4,0,0.3432
DD,2026-02-13,2026-06-01,22,108,3,4,4,3,-1,0.4917
DDD,2025-10-29,2026-06-01,18,215,2,4,2,4,2,0.7049
DDOG,2025-12-11,2026-06-01,18,172,1,5,3,4,1,1.1125
DDS,2025-10-19,2026-06-01,26,225,3,5,4,3,-1,0.7929
DE,2026-03-10,2026-06-01,17,83,1,3,3,2,-1,0.5882
DEA,2025-08-18,2026-06-01,18,287,3,4,4,3,-1,0.3727
DEC,2026-05-20,2026-06-01,3,12,3,4,3,4,1,0.4714
DECK,2026-03-10,2026-06-01,21,83,3,4,3,3,0,0.4994
DEI,2026-03-10,2026-06-01,17,83,1,3,1,3,2,0.6809
DELL,2025-08-18,2026-06-01,30,287,3,5,5,5,0,0.4761
DEO,2026-03-10,2026-06-01,17,83,1,2,2,2,0,0.4556
DERM,2026-03-10,2026-06-01,17,83,1,2,1,1,0,0.3812
DFH,2026-03-10,2026-06-01,17,83,1,1,1,1,0,0.0
DFIN,2025-08-18,2026-06-01,31,287,3,5,5,3,-2,0.8006
DG,2026-02-13,2026-06-01,24,108,3,5,5,3,-2,0.9428
DGICA,2025-08-18,2026-06-01,32,287,4,5,5,4,-1,0.499
DGII,2025-08-18,2026-06-01,29,287,3,5,5,4,-1,0.543
DGX,2025-10-29,2026-06-01,24,215,2,4,2,3,1,0.7022
DHC,2026-03-07,2026-06-01,24,86,3,5,4,3,-1,0.5385
DHI,2026-03-10,2026-06-01,17,83,1,3,1,2,1,0.5703
DHR,2025-10-29,2026-06-01,18,215,2,3,2,2,0,0.2291
DHT,2025-08-18,2026-05-20,23,275,2,5,4,3,-1,0.6478
DHX,2025-10-29,2026-05-20,27,203,3,5,3,4,1,0.4969
DIN,2025-08-25,2026-06-01,24,280,3,5,5,3,-2,0.7535
DINO,2025-10-19,2026-06-01,27,225,3,5,4,5,1,0.5159
DIOD,2025-10-19,2026-06-01,20,225,3,5,4,5,1,0.5568
DIS,2025-10-29,2026-06-01,19,215,2,3,3,3,0,0.4937
DJCO,2026-03-10,2026-06-01,17,83,2,2,2,2,0,0.0
DK,2026-03-10,2026-06-01,19,83,3,5,3,3,0,0.5955
DKNG,2026-03-10,2026-06-01,17,83,1,3,1,3,2,0.5128
DKS,2025-10-29,2026-06-01,18,215,1,2,2,2,0,0.4969
DLB,2025-10-29,2026-06-01,18,215,2,4,2,3,1,0.5774
DLHC,2025-10-29,2026-05-20,16,203,1,3,3,2,-1,0.6614
DLR,2026-03-10,2026-06-01,22,83,3,5,4,3,-1,0.4166
DLTH,2026-02-13,2026-05-20,19,96,3,5,5,4,-1,0.6657
DLTR,2025-10-19,2026-06-01,18,225,2,4,4,2,-2,0.5
DLX,2025-08-18,2026-06-01,35,287,3,5,5,4,-1,0.8261
DMRC,2026-03-10,2026-05-15,19,66,2,5,2,5,3,0.7517
DNA,2026-05-20,2026-05-20,1,0,4,4,4,4,0,0.0
DNLI,2025-10-29,2026-06-01,20,215,3,4,4,3,-1,0.3571
DNOW,2025-08-18,2026-06-01,27,287,1,5,5,1,-4,1.6555
DNTH,2026-05-20,2026-06-01,3,12,1,2,1,2,1,0.4714
DNUT,2026-05-20,2026-06-01,3,12,2,5,5,2,-3,1.2472
DOC,2026-03-10,2026-06-01,22,83,2,4,3,2,-1,0.7781
DOCN,2025-12-11,2026-06-01,28,172,3,4,3,4,1,0.3499
DOCS,2026-03-10,2026-06-01,17,83,2,3,2,3,1,0.4922
DOCU,2025-11-18,2026-06-01,19,195,2,4,4,4,0,0.674
DOLE,2026-05-20,2026-06-01,3,12,3,3,3,3,0,0.0
DOMO,2026-03-10,2026-05-20,19,71,3,4,3,4,1,0.4077
DORM,2025-08-18,2026-06-01,21,287,2,4,4,2,-2,0.7222
DOV,2025-12-11,2026-06-01,25,172,2,4,4,3,-1,0.5307
DOW,2026-03-10,2026-06-01,17,83,2,5,2,3,1,0.8443
DOX,2025-08-18,2026-06-01,23,287,3,5,5,3,-2,0.621
DPZ,2025-08-18,2026-06-01,21,287,2,4,4,2,-2,0.6424
DQ,2026-03-10,2026-05-20,15,71,1,3,2,1,-1,0.6799
DRH,2025-11-18,2026-06-01,19,195,3,4,3,3,0,0.4648
DRI,2025-10-29,2026-06-01,19,215,3,3,3,3,0,0.0
DRS,2025-12-11,2026-06-01,24,172,3,4,3,4,1,0.3307
DRVN,2026-05-26,2026-06-01,2,6,3,3,3,3,0,0.0
DSGR,2025-10-29,2026-06-01,19,215,1,3,3,3,0,0.9116
DSP,2026-05-20,2026-06-01,3,12,3,4,4,3,-1,0.4714
DT,2025-12-11,2026-06-01,18,172,2,5,3,3,0,1.0077
DTE,2025-10-29,2026-06-01,25,215,2,5,3,3,0,0.7222
DTM,2025-12-11,2026-06-01,18,172,2,3,3,3,0,0.4157
DUK,2025-08-18,2026-06-01,23,287,2,4,4,3,-1,0.5602
DUOL,2025-10-19,2026-06-01,18,225,2,4,4,3,-1,0.5984
DV,2026-03-10,2026-06-01,17,83,3,5,3,3,0,0.4706
DVA,2025-08-18,2026-06-01,29,287,3,5,5,5,0,0.5933
DVN,2025-08-18,2026-06-01,26,287,2,5,4,2,-2,0.8979
DX,2025-08-18,2025-11-18,4,92,4,5,5,4,-1,0.433
DXC,2025-10-19,2026-06-01,19,225,1,4,4,1,-3,0.8775
DXCM,2026-03-10,2026-06-01,17,83,3,5,3,5,2,0.5128
DXPE,2025-10-19,2026-06-01,24,225,3,4,4,3,-1,0.4983
DY,2025-12-11,2026-06-01,19,172,1,4,4,2,-2,0.7517
E,2025-08-18,2026-06-01,27,287,3,5,5,3,-2,0.4969
EA,2026-03-10,2026-06-01,17,83,2,3,2,3,1,0.4779
EAF,2026-03-10,2026-05-20,15,71,1,2,1,2,1,0.4
EAT,2025-08-25,2026-06-01,34,280,3,5,4,4,0,0.5619
EB,2025-11-18,2026-03-10,9,112,3,5,3,5,2,0.6285
EBAY,2026-01-08,2026-06-01,20,144,3,4,4,3,-1,0.3571
EBC,2026-05-20,2026-06-01,3,12,2,3,2,3,1,0.4714
EBF,2025-08-18,2026-06-01,33,287,4,5,4,4,0,0.3264
EBMT,2025-08-25,2026-05-20,28,268,4,5,5,4,-1,0.4103
EBR,2025-08-18,2025-10-19,3,62,4,4,4,4,0,0.0
EBS,2025-08-18,2026-06-01,34,287,4,5,4,5,1,0.3222
ECG,2025-08-18,2026-06-01,23,287,2,5,4,4,0,0.8134
ECL,2025-10-19,2026-06-01,21,225,1,4,4,2,-2,0.992
ECPG,2025-10-19,2026-06-01,23,225,3,5,4,5,1,0.6875
ECVT,2025-12-11,2026-06-01,18,172,3,4,3,4,1,0.4875
ED,2025-08-18,2026-06-01,30,287,3,5,5,4,-1,0.6799
EDAP,2026-03-10,2026-05-20,6,71,1,2,2,1,-1,0.3727
EDIT,2026-03-10,2026-06-01,17,83,2,3,2,2,0,0.4779
EDN,2025-08-18,2026-05-20,21,275,3,5,4,3,-1,0.7222
EDU,2026-03-10,2026-06-01,19,83,3,5,4,4,0,0.6781
EE,2025-12-11,2026-06-01,20,172,1,4,3,2,-1,0.8426
EEFT,2025-08-18,2026-06-01,30,287,3,5,4,4,0,0.2582
EEX,2026-03-10,2026-06-01,17,83,1,3,1,3,2,0.5455
EFC,2026-03-10,2026-06-01,17,83,2,4,2,4,2,0.5391
EFOR,2026-04-27,2026-06-01,10,35,1,1,1,1,0,0.0
EFSC,2025-08-18,2026-06-01,25,287,3,5,5,5,0,0.72
EFX,2025-10-29,2026-06-01,19,215,2,3,2,2,0,0.3646
EG,2026-02-18,2026-06-01,26,103,4,5,4,5,1,0.4615
EGAN,2025-10-19,2026-06-01,20,225,3,4,4,4,0,0.4975
EGBN,2026-03-10,2026-06-01,19,83,2,4,3,2,-1,0.4588
EGHT,2025-10-29,2026-06-01,29,215,3,4,4,4,0,0.4852
EGO,2025-08-18,2026-05-20,23,275,1,5,4,1,-3,1.3014
EGP,2026-03-10,2026-06-01,18,83,3,4,3,4,1,0.2291
EGY,2025-10-19,2026-06-01,24,225,1,5,5,2,-3,1.1173
EHC,2025-08-18,2026-06-01,25,287,3,4,4,4,0,0.2713
EHTH,2025-08-18,2026-05-20,22,275,2,5,5,3,-2,0.782
EIG,2025-10-19,2026-06-01,18,225,2,4,4,3,-1,0.5583
EIX,2025-11-18,2026-06-01,31,195,3,5,4,4,0,0.5587
EKSO,2026-03-10,2026-05-03,10,54,2,3,2,2,0,0.4583
EL,2026-03-10,2026-06-01,17,83,1,3,1,3,2,0.5455
ELA,2025-08-18,2026-06-01,26,287,3,5,5,4,-1,0.7102
ELAN,2025-08-18,2026-06-01,26,287,2,5,5,3,-2,0.9738
ELF,2026-03-10,2026-06-01,17,83,1,2,1,1,0,0.3812
ELMD,2025-08-18,2026-06-01,36,287,4,5,5,5,0,0.2291
ELS,2026-03-09,2026-06-01,20,84,2,4,4,2,-2,0.7263
ELV,2025-08-18,2026-06-01,19,287,2,4,4,4,0,0.8188
EMBC,2025-10-19,2026-06-01,19,225,1,4,4,1,-3,0.6943
EME,2025-08-18,2026-06-01,27,287,3,5,5,4,-1,0.5543
EML,2025-08-18,2026-05-20,23,275,4,5,5,4,-1,0.4763
EMN,2026-03-10,2026-06-01,19,83,1,4,3,3,0,0.6862
EMR,2025-12-11,2026-06-01,18,172,2,4,4,2,-2,0.6211
ENB,2025-08-18,2026-06-01,25,287,3,5,5,4,-1,0.4899
ENOV,2025-11-18,2026-06-01,19,195,2,4,4,3,-1,0.4881
ENPH,2026-03-10,2026-06-01,17,83,1,3,2,2,0,0.6809
ENR,2025-10-19,2026-06-01,19,225,2,5,5,2,-3,0.8188
ENS,2025-08-18,2026-06-01,34,287,2,5,4,5,1,0.6006
ENSG,2025-08-18,2026-06-01,30,287,3,5,5,3,-2,0.7063
ENTA,2025-08-18,2026-06-01,23,287,3,4,4,3,-1,0.379
ENTG,2026-02-13,2026-06-01,28,108,4,5,4,4,0,0.433
ENVA,2025-08-25,2026-06-01,29,280,2,5,5,4,-1,0.6914
ENVX,2026-05-20,2026-06-01,3,12,1,2,1,1,0,0.4714
EOG,2026-03-10,2026-06-01,22,83,3,5,4,4,0,0.7385
EOLS,2026-03-10,2026-06-01,17,83,2,2,2,2,0,0.0
EOSE,2026-05-20,2026-06-01,3,12,1,1,1,1,0,0.0
EPAC,2025-10-29,2026-06-01,18,215,3,4,4,3,-1,0.2291
EPAM,2025-08-18,2026-06-01,23,287,2,5,4,3,-1,0.7506
EPC,2025-08-18,2026-06-01,19,287,1,4,4,2,-2,0.7178
EPD,2025-08-18,2026-06-01,33,287,3,5,5,5,0,0.586
EPM,2025-10-19,2026-06-01,22,225,2,4,4,3,-1,0.5677
EPR,2026-03-10,2026-06-01,22,83,3,5,4,3,-1,0.3665
EPRT,2025-12-11,2026-06-01,18,172,2,4,4,3,-1,0.5984
EPSN,2025-08-25,2025-08-25,1,0,5,5,5,5,0,0.0
EQBK,2025-08-25,2026-05-20,18,268,2,5,4,2,-2,0.8315
EQH,2025-08-18,2026-06-01,22,287,1,5,5,3,-2,1.0082
EQIX,2025-11-18,2026-06-01,24,195,3,5,4,4,0,0.7059
EQR,2026-02-18,2026-06-01,19,103,2,4,4,4,0,0.6138
EQT,2025-10-19,2026-06-01,24,225,2,4,4,2,-2,0.7253
ERIC,2025-11-18,2026-06-01,30,195,3,5,3,5,2,0.6633
ERIE,2026-03-10,2026-06-01,17,83,2,3,3,2,-1,0.4922
ERII,2026-03-10,2026-06-01,17,83,1,4,3,2,-1,0.8319
ERJ,2025-08-25,2025-10-19,2,55,4,5,4,5,1,0.5
ES,2025-08-18,2026-06-01,32,287,3,5,4,4,0,0.348
ESAB,2025-08-25,2026-06-01,18,280,2,4,4,2,-2,0.4581
ESCA,2025-08-18,2026-06-01,34,287,4,5,4,5,1,0.4556
ESE,2026-03-10,2026-06-01,17,83,3,4,3,3,0,0.2353
ESNT,2025-08-18,2026-06-01,33,287,4,5,5,4,-1,0.4454
ESPR,2026-03-10,2026-06-01,17,83,1,3,2,2,0,0.5882
ESQ,2025-08-25,2026-06-01,18,280,2,4,4,2,-2,0.4581
ESRT,2026-03-10,2026-06-01,17,83,2,4,2,3,1,0.7848
ESS,2025-11-18,2026-06-01,18,195,1,4,4,4,0,0.8333
ESTC,2025-10-19,2026-06-01,19,225,1,5,5,3,-2,1.1956
ET,2025-12-11,2026-06-01,23,172,3,5,3,4,1,0.4079
ETD,2025-10-29,2026-06-01,18,215,1,3,2,2,0,0.4714
ETN,2025-08-18,2026-06-01,23,287,2,4,4,2,-2,0.4802
ETON,2025-10-19,2026-06-01,16,225,2,5,5,5,0,0.9922
ETR,2025-10-29,2026-06-01,19,215,2,4,3,3,0,0.4881
ETSY,2025-12-11,2026-06-01,18,172,2,3,3,3,0,0.4714
EU,2026-06-01,2026-06-01,1,0,3,3,3,3,0,0.0
EVCM,2026-05-20,2026-06-01,3,12,3,3,3,3,0,0.0
EVER,2026-01-08,2026-06-01,27,144,3,5,4,3,-1,0.8232
EVGO,2026-06-01,2026-06-01,1,0,1,1,1,1,0,0.0
EVH,2026-03-10,2026-06-01,17,83,2,2,2,2,0,0.0
EVI,2025-10-19,2026-05-20,16,213,1,5,5,2,-3,1.0588
EVLV,2026-05-20,2026-06-01,3,12,2,5,4,2,-2,1.2472
EVR,2025-08-18,2026-06-01,25,287,2,5,5,4,-1,0.6274
EVRG,2025-10-29,2026-06-01,22,215,2,4,4,3,-1,0.5163
EVTC,2025-08-18,2026-06-01,23,287,3,5,5,4,-1,0.6419
EW,2025-12-11,2026-06-01,19,172,2,4,4,3,-1,0.6138
EWBC,2025-11-18,2026-06-01,30,195,3,5,4,3,-1,0.526
EXAS,2025-11-18,2026-03-10,2,112,3,4,4,3,-1,0.5
EXC,2025-10-19,2026-06-01,25,225,4,5,5,4,-1,0.4899
EXE,2025-08-18,2026-06-01,23,287,2,4,4,3,-1,0.7778
EXEL,2025-08-18,2026-06-01,35,287,3,5,5,5,0,0.398
EXLS,2025-08-25,2026-06-01,21,280,3,4,4,3,-1,0.4518
EXP,2026-03-10,2026-06-01,17,83,2,4,2,3,1,0.6056
EXPD,2025-08-25,2026-06-01,22,280,2,5,5,4,-1,0.9491
EXPE,2025-11-18,2026-06-01,28,195,3,5,4,4,0,0.5748
EXPI,2026-03-10,2026-05-08,11,59,1,2,2,2,0,0.481
EXPO,2026-03-10,2026-06-01,17,83,1,3,3,2,-1,0.343
EXR,2026-03-10,2026-06-01,17,83,3,4,3,3,0,0.4242
EXTR,2025-10-29,2026-06-01,18,215,1,3,2,3,1,0.8819
EYE,2026-03-10,2026-06-01,20,83,2,4,3,2,-1,0.4359
EYPT,2026-05-20,2026-06-01,3,12,1,1,1,1,0,0.0
EZPW,2025-08-18,2026-06-01,33,287,4,5,4,5,1,0.4942
F,2026-01-08,2026-06-01,22,144,2,5,4,2,-2,0.8684
FA,2026-05-20,2026-06-01,3,12,2,2,2,2,0,0.0
FAF,2025-11-18,2026-06-01,22,195,3,5,4,4,0,0.6863
FANG,2026-03-10,2026-06-01,21,83,2,4,3,3,0,0.7499
FARM,2025-10-29,2026-03-10,2,132,2,3,2,3,1,0.5
FAST,2025-08-18,2026-06-01,28,287,2,5,5,2,-3,0.8631
FATE,2025-10-29,2026-06-01,18,215,3,4,4,3,-1,0.3143
FBIN,2025-08-18,2026-06-01,21,287,1,4,4,2,-2,0.9571
FBIO,2026-02-13,2026-05-20,20,96,1,5,5,1,-4,1.3219
FBIZ,2025-08-18,2026-06-01,30,287,4,5,5,5,0,0.4422
FBK,2026-03-10,2026-06-01,17,83,1,3,1,2,1,0.5128
FBNC,2026-03-10,2026-06-01,17,83,2,2,2,2,0,0.0
FBP,2025-11-18,2026-06-01,22,195,3,5,4,4,0,0.5548
FBRT,2026-05-20,2026-06-01,3,12,1,1,1,1,0,0.0
FBRX,2025-10-29,2026-06-01,18,215,2,4,2,3,1,0.7049
FC,2025-10-19,2026-06-01,19,225,1,4,4,1,-3,0.9386
FCCO,2025-08-25,2026-05-20,19,268,2,5,5,4,-1,0.9386
FCEL,2025-10-19,2026-06-01,20,225,2,5,5,2,-3,0.8646
FCF,2025-08-18,2026-06-01,24,287,3,5,5,3,-2,0.5204
FCFS,2025-10-19,2026-06-01,19,225,3,4,4,3,-1,0.3069
FCN,2025-10-29,2026-06-01,24,215,3,4,4,4,0,0.4061
FCNCA,2026-03-10,2026-06-01,17,83,2,3,2,2,0,0.4922
FCPT,2026-03-10,2026-06-01,17,83,2,3,2,3,1,0.2353
FCX,2025-10-29,2026-06-01,21,215,2,4,3,3,0,0.6529
FDMT,2026-05-20,2026-06-01,3,12,4,5,5,4,-1,0.4714
FDP,2025-08-18,2026-06-01,28,287,2,5,4,2,-2,0.7423
FDS,2026-03-10,2026-06-01,21,83,3,4,3,4,1,0.4856
FDX,2025-10-19,2026-06-01,33,225,4,5,4,4,0,0.2386
FE,2025-08-18,2026-06-01,25,287,2,4,4,2,-2,0.5571
FEIM,2026-03-10,2026-06-01,17,83,1,1,1,1,0,0.0
FELE,2026-01-08,2026-06-01,19,144,3,4,4,4,0,0.4993
FENC,2026-03-10,2026-06-01,17,83,1,2,1,2,1,0.2353
FET,2025-11-18,2026-06-01,28,195,3,5,5,3,-2,0.7718
FF,2026-03-10,2026-05-20,15,71,1,2,2,2,0,0.4714
FFBC,2025-08-18,2026-06-01,19,287,3,4,4,3,-1,0.4648
FFIC,2026-03-10,2026-05-08,15,59,3,4,3,3,0,0.4899
FFIN,2026-03-10,2026-06-01,17,83,1,2,2,2,0,0.3222
FFIV,2025-08-18,2026-06-01,30,287,4,5,4,5,1,0.2494
FFWM,2026-03-10,2026-03-10,1,0,2,2,2,2,0,0.0
FG,2026-05-20,2026-06-01,3,12,5,5,5,5,0,0.0
FHB,2025-11-18,2026-06-01,20,195,2,4,4,3,-1,0.4359
FHI,2025-08-18,2026-06-01,35,287,4,5,5,4,-1,0.4949
FHN,2025-12-11,2026-06-01,25,172,3,4,3,3,0,0.4271
FI,2025-10-29,2025-10-29,1,0,2,2,2,2,0,0.0
FIBK,2026-03-10,2026-06-01,17,83,1,3,2,2,0,0.6758
FICO,2025-10-19,2026-06-01,20,225,2,5,5,4,-1,0.9206
FIGS,2026-02-13,2026-06-01,27,108,2,5,5,2,-3,0.8315
FIS,2025-12-11,2026-06-01,19,172,2,3,3,3,0,0.4648
FISI,2026-02-25,2026-06-01,26,96,4,5,5,4,-1,0.5
FISV,2025-12-11,2026-06-01,26,172,3,5,3,3,0,0.4231
FITB,2026-03-10,2026-06-01,17,83,2,3,2,2,0,0.4556
FIVE,2025-10-29,2026-06-01,30,215,4,5,4,4,0,0.423
FIVN,2026-03-10,2026-06-01,17,83,2,5,2,5,3,1.3745
FIX,2025-10-29,2026-06-01,27,215,3,5,3,5,2,0.8165
FIZZ,2026-03-10,2026-06-01,17,83,2,3,3,3,0,0.4991
FLEX,2025-08-18,2026-06-01,36,287,4,5,4,5,1,0.3143
FLG,2026-03-10,2026-06-01,17,83,2,2,2,2,0,0.0
FLGT,2026-03-10,2026-06-01,17,83,1,2,2,2,0,0.4779
FLNC,2026-05-20,2026-06-01,3,12,1,3,1,3,2,0.8165
FLO,2026-03-10,2026-06-01,17,83,1,2,2,2,0,0.4779
FLOC,2026-05-20,2026-06-01,3,12,4,5,5,4,-1,0.4714
FLR,2025-08-18,2026-06-01,21,287,1,4,4,1,-3,1.0389
FLS,2025-10-19,2026-06-01,25,225,2,5,4,2,-2,1.0477
FLWS,2026-03-10,2026-06-01,17,83,2,3,3,3,0,0.2353
FLXS,2025-08-18,2026-06-01,32,287,3,5,5,5,0,0.572
FLY,2026-04-15,2026-06-01,16,47,1,2,1,1,0,0.3903
FLYW,2026-05-20,2026-06-01,3,12,2,5,2,5,3,1.2472
FMAO,2025-08-18,2026-06-01,22,287,3,5,5,3,-2,0.7173
FMBH,2025-08-18,2026-06-01,20,287,2,4,4,3,-1,0.7263
FMC,2026-03-10,2026-06-01,18,83,1,4,1,2,1,0.7556
FMNB,2025-11-18,2026-06-01,18,195,1,4,4,3,-1,0.6503
FMS,2025-08-18,2026-05-20,26,275,3,5,5,4,-1,0.5329
FMX,2026-03-07,2026-04-04,4,28,4,4,4,4,0,0.0
FN,2025-08-18,2026-06-01,26,287,3,5,5,4,-1,0.6538
FNB,2026-03-10,2026-06-01,17,83,3,4,4,3,-1,0.3812
FND,2026-03-10,2026-06-01,17,83,1,2,2,1,-1,0.4556
FNF,2025-08-25,2026-06-01,18,280,2,4,4,2,-2,0.5774
FNKO,2026-02-18,2026-06-01,18,103,2,4,4,2,-2,0.5666
FNV,2026-03-07,2026-05-20,18,74,2,5,5,2,-3,0.9891
FOA,2026-05-20,2026-06-01,3,12,2,3,2,2,0,0.4714
FOLD,2025-11-18,2026-04-27,9,160,2,4,4,2,-2,0.6285
FOR,2026-02-13,2026-06-01,24,108,3,5,5,3,-2,0.9428
FORM,2026-03-10,2026-06-01,21,83,2,4,3,4,1,0.6835
FORR,2026-03-10,2026-06-01,17,83,1,3,2,1,-1,0.5391
FOSL,2026-03-10,2026-05-20,15,71,3,5,3,3,0,0.5963
FOUR,2026-03-10,2026-06-01,17,83,1,2,2,1,-1,0.4922
FOX,2025-08-18,2025-11-18,4,92,5,5,5,5,0,0.0
FOXA,2025-10-29,2026-06-01,20,215,2,5,3,3,0,0.9097
FOXF,2025-10-29,2026-06-01,18,215,1,3,3,2,-1,0.5329
FPI,2025-08-18,2026-06-01,26,287,3,5,4,3,-1,0.7882
FR,2026-03-10,2026-06-01,17,83,3,5,3,4,1,0.73
FRME,2025-08-18,2026-06-01,27,287,2,5,4,2,-2,1.0823
FRPT,2026-03-10,2026-06-01,17,83,1,3,2,2,0,0.4159
FRSH,2026-05-20,2026-06-01,3,12,5,5,5,5,0,0.0
FRST,2026-05-20,2026-06-01,3,12,3,3,3,3,0,0.0
FRT,2026-03-10,2026-06-01,22,83,3,5,4,4,0,0.7343
FSBC,2026-05-20,2026-06-01,3,12,4,4,4,4,0,0.0
FSBW,2025-08-25,2026-06-01,23,280,4,5,5,5,0,0.4125
FSFG,2025-08-18,2025-10-19,3,62,4,5,5,4,-1,0.4714
FSLR,2025-10-19,2026-06-01,21,225,2,5,4,4,0,1.0191
FSLY,2026-03-10,2026-06-01,22,83,2,5,4,2,-2,0.8492
FSP,2025-11-18,2025-11-18,1,0,3,3,3,3,0,0.0
FSS,2025-08-18,2026-06-01,25,287,2,5,5,4,-1,1.1271
FSTR,2025-10-19,2026-06-01,20,225,2,4,4,4,0,0.7399
FSUN,2026-05-26,2026-06-01,2,6,1,1,1,1,0,0.0
FTAI,2026-03-10,2026-06-01,17,83,1,4,3,2,-1,1.0256
FTDR,2025-10-19,2026-06-01,22,225,3,5,5,3,-2,0.7925
FTI,2025-08-18,2026-06-01,34,287,4,5,4,5,1,0.2353
FTK,2026-01-08,2026-06-01,23,144,2,5,5,2,-3,0.8586
FTNT,2025-08-25,2026-06-01,23,280,2,5,4,5,1,0.8249
FTRE,2026-03-10,2026-06-01,17,83,1,4,3,4,1,1.1315
FTV,2025-11-18,2026-06-01,18,195,2,4,3,2,-1,0.5906
FUBO,2025-08-18,2026-06-01,24,287,2,5,5,4,-1,0.9538
FUL,2025-10-19,2026-06-01,21,225,3,5,5,3,-2,0.6424
FULT,2025-08-18,2026-06-01,31,287,4,5,5,4,-1,0.4871
FUN,2026-03-10,2026-06-01,17,83,1,4,1,3,2,0.8484
FUNC,2025-08-25,2026-05-20,30,268,4,5,5,5,0,0.3399
FVCB,2025-08-25,2026-05-20,17,268,3,5,4,3,-1,0.6056
FVR,2026-05-20,2026-06-01,3,12,3,4,4,4,0,0.4714
FVRR,2025-10-19,2026-05-20,16,213,2,5,5,3,-2,0.768
FWONK,2026-03-10,2026-06-01,17,83,1,2,2,2,0,0.4991
FWRD,2026-03-10,2026-06-01,17,83,1,2,2,1,-1,0.4922
FWRG,2026-05-20,2026-06-01,3,12,3,3,3,3,0,0.0
FXNC,2026-03-10,2026-05-20,15,71,2,3,2,2,0,0.3399
G,2025-08-18,2026-06-01,23,287,2,5,5,2,-3,0.9058
GABC,2026-03-10,2026-06-01,17,83,2,2,2,2,0,0.0
GAIA,2025-10-19,2026-05-20,22,213,3,5,5,5,0,0.575
GALT,2025-08-25,2026-05-20,21,268,2,4,4,3,-1,0.5754
GAP,2025-08-18,2026-06-01,21,287,2,4,4,2,-2,0.526
GATX,2026-03-10,2026-06-01,17,83,1,3,3,1,-2,0.4159
GAU,2025-10-19,2026-04-30,23,193,3,5,5,5,0,0.5768
GBCI,2026-03-10,2026-06-01,17,83,1,1,1,1,0,0.0
GBFH,2026-05-26,2026-06-01,2,6,1,1,1,1,0,0.0
GBTG,2026-05-20,2026-06-01,3,12,3,3,3,3,0,0.0
GBX,2025-08-18,2026-06-01,28,287,1,4,4,1,-3,1.1356
GCMG,2026-05-20,2026-06-01,3,12,3,4,3,4,1,0.4714
GCO,2025-10-29,2026-06-01,23,215,3,5,4,4,0,0.797
GCT,2025-11-18,2026-06-01,27,195,3,5,5,3,-2,0.5972
GD,2025-08-18,2026-06-01,31,287,2,5,5,3,-2,0.9349
GDDY,2026-03-10,2026-06-01,17,83,2,3,2,3,1,0.4922
GDEN,2026-03-10,2026-04-30,9,51,1,2,1,2,1,0.4969
GDEV,2026-05-03,2026-05-03,1,0,3,3,3,3,0,0.0
GDOT,2025-08-18,2026-06-01,30,287,3,5,5,4,-1,0.5217
GDRX,2026-05-20,2026-06-01,3,12,3,3,3,3,0,0.0
GDS,2025-08-18,2026-04-04,14,229,4,5,5,5,0,0.4518
GDYN,2026-03-10,2026-06-01,17,83,1,3,3,2,-1,0.5999
GE,2025-10-29,2026-06-01,22,215,2,4,3,4,1,0.782
GEF,2025-10-29,2026-06-01,18,215,2,3,3,3,0,0.4714
GEHC,2025-10-29,2026-06-01,21,215,2,4,2,3,1,0.7649
GEN,2025-10-29,2026-06-01,19,215,2,5,2,4,2,0.8188
GENC,2026-03-10,2026-05-20,15,71,3,3,3,3,0,0.0
GEO,2026-03-10,2026-06-01,17,83,2,3,2,3,1,0.4779
GERN,2025-10-29,2026-06-01,18,215,2,3,3,3,0,0.4714
GETY,2026-05-20,2026-06-01,3,12,1,3,2,3,1,0.8165
GEV,2025-11-18,2026-06-01,24,195,3,5,4,5,1,0.6455
GEVO,2026-05-20,2026-06-01,3,12,1,2,1,1,0,0.4714
GFF,2025-08-18,2026-06-01,23,287,3,5,5,3,-2,0.6736
GFI,2025-08-18,2026-05-20,26,275,1,5,5,1,-4,1.5504
GFS,2025-12-11,2026-06-01,22,172,3,4,3,4,1,0.2875
GGAL,2025-08-18,2026-03-10,7,204,3,5,5,3,-2,0.6389
GGG,2025-10-29,2026-06-01,25,215,2,5,4,2,-2,1.0461
GH,2026-03-10,2026-06-01,17,83,1,2,1,2,1,0.4242
GHC,2025-08-18,2026-06-01,29,287,3,5,4,3,-1,0.7998
GHM,2025-08-25,2026-06-01,22,280,3,4,4,4,0,0.3432
GIB,2025-08-18,2026-06-01,23,287,3,5,5,5,0,0.8674
GIC,2025-08-18,2026-06-01,28,287,3,5,5,3,-2,0.6576
GIII,2025-11-18,2026-06-01,20,195,1,5,3,2,-1,1.2359
GIL,2025-12-11,2026-06-01,19,172,1,4,3,1,-2,1.0041
GILD,2025-08-18,2026-06-01,36,287,3,5,5,4,-1,0.493
GILT,2025-11-18,2026-05-20,21,183,2,5,4,2,-2,1.2196
GIS,2026-03-10,2026-06-01,17,83,1,2,1,2,1,0.4556
GKOS,2026-03-10,2026-06-01,17,83,1,2,1,2,1,0.4991
GL,2025-08-18,2026-06-01,30,287,3,5,4,5,1,0.5121
GLDD,2025-08-18,2026-03-10,6,204,4,5,5,5,0,0.4714
GLNG,2026-03-10,2026-06-01,17,83,2,3,2,3,1,0.4922
GLOB,2026-03-10,2026-06-01,17,83,2,3,2,2,0,0.3812
GLPI,2025-11-18,2026-06-01,22,195,3,4,4,4,0,0.4191
GLRE,2026-06-01,2026-06-01,1,0,5,5,5,5,0,0.0
GLUE,2026-05-20,2026-06-01,3,12,1,2,1,1,0,0.4714
GLW,2025-08-18,2026-06-01,27,287,3,5,4,3,-1,0.5393
GM,2025-08-25,2026-06-01,19,280,3,4,4,3,-1,0.3646
GMAB,2026-03-10,2026-05-20,13,71,1,3,2,3,1,0.9166
GME,2026-03-10,2026-06-01,17,83,2,3,3,2,-1,0.4779
GMED,2025-11-18,2026-06-01,26,195,3,5,4,5,1,0.5507
GNE,2025-08-18,2026-06-01,8,287,4,5,5,5,0,0.4841
GNL,2026-03-10,2026-06-01,19,83,1,4,3,1,-2,0.9356
GNRC,2026-03-10,2026-06-01,18,83,3,4,3,4,1,0.4479
GNSS,2026-03-10,2026-05-20,15,71,3,3,3,3,0,0.0
GNTX,2025-08-25,2026-06-01,20,280,1,4,4,3,-1,0.7921
GNW,2026-03-10,2026-06-01,17,83,1,2,2,1,-1,0.4242
GO,2025-11-18,2026-06-01,18,195,1,4,4,1,-3,0.7115
GOGO,2025-08-25,2026-06-01,19,280,1,5,5,2,-3,0.7982
GOLD,2026-02-13,2026-06-01,27,108,3,5,5,4,-1,0.8749
GOLF,2025-08-18,2026-06-01,20,287,1,5,4,2,-2,1.1169
GOOD,2026-03-10,2026-06-01,17,83,2,4,3,4,1,0.8235
GOOG,2025-08-18,2025-11-18,5,92,4,5,4,5,1,0.4
GOOGL,2025-08-25,2026-06-01,27,280,2,5,5,3,-2,0.6563
GORO,2026-04-15,2026-05-20,14,35,3,4,3,4,1,0.4792
GOSS,2026-03-10,2026-05-20,15,71,3,4,4,3,-1,0.2494
GPC,2025-10-29,2026-06-01,19,215,1,4,4,1,-3,0.8775
GPI,2025-08-18,2026-06-01,23,287,2,5,5,2,-3,1.0896
GPK,2026-03-10,2026-06-01,17,83,1,3,1,3,2,0.6809
GPN,2025-10-19,2026-06-01,22,225,3,4,4,3,-1,0.4917
GPRE,2025-10-29,2026-06-01,23,215,2,5,3,5,2,0.5898
GPRK,2026-03-10,2026-04-09,5,30,4,4,4,4,0,0.0
GPRO,2025-10-29,2026-06-01,18,215,2,3,3,3,0,0.4969
GRAL,2026-06-01,2026-06-01,1,0,4,4,4,4,0,0.0
GRBK,2026-03-10,2026-06-01,17,83,1,3,2,1,-1,0.696
GRC,2025-10-19,2026-06-01,30,225,3,5,4,4,0,0.6675
GRDN,2026-05-20,2026-06-01,3,12,3,3,3,3,0,0.0
GRMN,2025-10-29,2026-06-01,31,215,2,5,2,3,1,0.6579
GRND,2026-05-20,2026-06-01,3,12,3,3,3,3,0,0.0
GRNT,2026-05-20,2026-06-01,3,12,1,3,3,1,-2,0.9428
GRPN,2026-03-10,2026-06-01,17,83,1,3,1,2,1,0.5455
GRWG,2026-04-15,2026-05-20,14,35,1,2,1,1,0,0.4792
GS,2025-08-25,2026-06-01,22,280,1,4,4,2,-2,0.8919
GSAT,2025-10-29,2026-06-01,18,215,1,5,5,1,-4,1.0787
GSBC,2025-08-25,2026-06-01,25,280,4,5,4,4,0,0.4996
GSHD,2026-03-10,2026-06-01,17,83,2,3,2,2,0,0.4922
GSK,2025-08-18,2026-06-01,35,287,4,5,5,4,-1,0.4899
GSL,2025-10-19,2026-05-20,18,213,1,4,4,3,-1,0.975
GSM,2026-03-10,2026-06-01,17,83,1,3,1,1,0,0.7252
GT,2026-03-10,2026-06-01,17,83,1,2,2,1,-1,0.4991
GTE,2026-05-20,2026-05-26,2,6,4,5,4,5,1,0.5
GTLB,2026-05-20,2026-06-01,3,12,3,3,3,3,0,0.0
GTLS,2025-11-18,2026-06-01,23,195,1,4,4,3,-1,0.748
GTM,2026-03-02,2026-06-01,18,91,2,4,4,3,-1,0.6009
GTN,2025-08-18,2026-06-01,27,287,2,5,5,2,-3,1.2317
GTX,2025-08-18,2026-06-01,32,287,3,5,5,5,0,0.8379
GTY,2026-03-10,2026-06-01,17,83,1,4,3,3,0,1.0155
GVA,2025-08-18,2026-06-01,19,287,1,5,5,3,-2,0.8807
GWRE,2026-03-10,2026-06-01,17,83,1,2,1,1,0,0.3222
GWRS,2026-03-10,2026-06-01,17,83,1,3,3,1,-2,0.4706
GWW,2025-10-29,2026-06-01,23,215,3,4,3,4,1,0.488
GYRE,2026-05-20,2026-06-01,3,12,1,1,1,1,0,0.0
H,2026-03-10,2026-06-01,17,83,1,3,2,3,1,0.4159
HAE,2025-08-18,2026-06-01,36,287,2,5,5,3,-2,0.5951
HAFC,2025-10-19,2026-06-01,19,225,3,5,4,3,-1,0.4881
HAIN,2026-03-10,2026-06-01,17,83,2,4,3,3,0,0.5999
HAL,2025-10-29,2026-06-01,31,215,4,5,4,4,0,0.4181
HALO,2025-08-18,2026-06-01,33,287,3,5,5,4,-1,0.4924
HAS,2025-08-18,2026-06-01,20,287,3,5,4,5,1,0.5362
HASI,2025-12-11,2026-06-01,18,172,2,3,3,2,-1,0.3143
HAYW,2025-11-18,2026-06-01,19,195,2,4,4,3,-1,0.3244
HBAN,2026-03-10,2026-06-01,17,83,2,2,2,2,0,0.0
HBB,2026-02-13,2026-05-20,19,96,3,5,5,3,-2,0.6531
HBCP,2025-08-18,2026-06-01,31,287,3,5,5,3,-2,0.7782
HBI,2025-10-29,2025-11-18,2,20,3,4,4,3,-1,0.5
HBIO,2026-03-10,2026-05-20,15,71,3,3,3,3,0,0.0
HBM,2025-08-18,2026-05-20,21,275,1,5,4,3,-1,1.3502
HBT,2025-08-18,2026-06-01,22,287,2,5,4,2,-2,0.6556
HCA,2025-08-18,2026-06-01,25,287,3,5,5,3,-2,0.8139
HCAT,2025-08-18,2026-05-20,20,275,3,4,4,3,-1,0.5
HCC,2025-11-18,2026-06-01,18,195,1,5,5,1,-4,0.9558
HCI,2025-10-19,2026-06-01,28,225,4,5,5,4,-1,0.4884
HCKT,2026-03-10,2026-05-20,15,71,1,3,1,3,2,0.8844
HCSG,2025-08-18,2026-06-01,28,287,2,5,5,4,-1,1.0326
HD,2026-03-10,2026-06-01,17,83,2,3,3,2,-1,0.2353
HDB,2026-03-10,2026-05-20,15,71,1,2,2,2,0,0.4899
HDSN,2025-10-19,2026-06-01,26,225,2,5,4,2,-2,0.8804
HE,2025-08-18,2026-06-01,25,287,3,4,4,3,-1,0.4271
HEI,2025-08-18,2026-06-01,19,287,2,4,4,3,-1,0.674
HELE,2026-03-10,2026-06-01,17,83,1,5,1,5,4,1.1765
HESM,2025-08-18,2026-06-01,24,287,3,5,4,4,0,0.6872
HFFG,2026-03-10,2026-05-20,15,71,2,3,2,3,1,0.2494
HFWA,2025-10-19,2026-06-01,19,225,1,4,4,1,-3,0.8744
HG,2026-05-20,2026-06-01,3,12,5,5,5,5,0,0.0
HGV,2026-03-10,2026-06-01,17,83,1,4,1,4,3,1.2834
HHH,2025-08-18,2026-06-01,24,287,2,5,5,2,-3,1.0
HIG,2025-08-18,2026-06-01,30,287,3,5,5,4,-1,0.6046
HII,2025-08-18,2026-06-01,23,287,2,5,4,2,-2,0.8652
HIMS,2026-03-10,2026-06-01,17,83,1,3,3,2,-1,0.4159
HIMX,2025-08-18,2026-05-20,11,275,4,4,4,4,0,0.0
HIPO,2026-05-20,2026-06-01,3,12,3,5,5,5,0,0.9428
HIW,2026-03-10,2026-06-01,17,83,2,4,2,3,1,0.5823
HL,2025-10-19,2026-06-01,21,225,2,5,4,3,-1,0.8109
HLF,2025-08-18,2026-06-01,24,287,2,5,4,2,-2,1.0274
HLI,2025-08-18,2026-06-01,19,287,2,4,4,2,-2,0.6943
HLIO,2026-03-10,2026-06-01,18,83,2,4,3,4,1,0.6849
HLIT,2025-11-18,2026-06-01,21,195,1,4,4,1,-3,1.0963
HLMN,2026-05-20,2026-06-01,3,12,3,3,3,3,0,0.0
HLNE,2025-08-18,2026-06-01,29,287,3,5,4,4,0,0.6914
HLT,2025-08-18,2026-06-01,25,287,3,5,4,3,-1,0.5122
HLX,2026-03-10,2026-06-01,21,83,3,4,3,3,0,0.4714
HMC,2025-08-18,2026-06-01,18,287,1,4,4,1,-3,0.7638
HMN,2025-08-18,2026-06-01,26,287,3,5,5,3,-2,0.854
HNI,2025-08-18,2026-06-01,28,287,1,5,5,1,-4,1.4547
HNRG,2026-03-10,2026-06-01,19,83,1,4,2,1,-1,1.0421
HNST,2026-05-26,2026-06-01,2,6,4,5,5,4,-1,0.5
HOFT,2026-03-10,2026-05-20,17,71,3,5,3,3,0,0.8765
HOG,2026-03-10,2026-06-01,17,83,1,3,1,3,2,0.5999
HOLX,2025-10-29,2026-03-10,4,132,2,3,2,2,0,0.5
HOMB,2026-02-13,2026-06-01,29,108,4,5,5,4,-1,0.4469
HON,2025-10-29,2026-06-01,22,215,2,4,2,4,2,0.9282
HOOD,2025-08-25,2026-06-01,20,280,1,5,5,2,-3,1.1608
HOPE,2026-03-10,2026-06-01,17,83,2,3,2,3,1,0.4991
HOV,2026-03-10,2026-06-01,17,83,1,5,1,1,0,1.6886
HP,2025-11-18,2026-06-01,23,195,2,4,3,3,0,0.8341
HPE,2026-03-10,2026-06-01,22,83,1,4,1,4,3,0.6249
HPK,2026-05-20,2026-06-01,3,12,1,3,3,1,-2,0.9428
HPP,2025-11-18,2026-06-01,18,195,1,5,3,5,2,1.0672
HPQ,2025-08-18,2026-06-01,25,287,2,5,4,4,0,0.8709
HQI,2026-03-10,2026-05-20,15,71,2,4,2,3,1,0.6182
HQY,2025-08-18,2026-06-01,23,287,3,4,4,4,0,0.4957
HRB,2025-08-25,2026-06-01,20,280,1,5,4,5,1,1.077
HRL,2026-03-10,2026-06-01,17,83,2,3,3,3,0,0.3222
HRMY,2025-08-18,2026-06-01,26,287,3,5,4,4,0,0.7692
HROW,2026-03-10,2026-06-01,17,83,2,3,2,2,0,0.4556
HRTG,2025-08-25,2026-05-20,28,268,3,5,5,3,-2,0.6814
HRTX,2026-02-13,2026-06-01,25,108,3,4,4,3,-1,0.449
HSBC,2025-08-18,2026-06-01,28,287,3,5,5,3,-2,0.9496
HSIC,2025-10-29,2026-06-01,23,215,3,4,3,3,0,0.488
HSII,2025-08-18,2025-11-18,4,92,4,5,4,5,1,0.433
HST,2025-08-25,2026-06-01,30,280,4,5,4,4,0,0.4819
HSTM,2025-10-29,2026-06-01,20,215,3,4,4,3,-1,0.4899
HSY,2026-03-10,2026-06-01,17,83,1,3,3,1,-2,0.6444
HTB,2026-05-20,2026-06-01,3,12,3,3,3,3,0,0.0
HTBK,2025-11-18,2026-04-18,9,151,3,5,4,4,0,0.5666
HTFL,2026-05-20,2026-06-01,3,12,1,2,1,2,1,0.4714
HTH,2025-11-18,2026-06-01,26,195,3,5,4,5,1,0.7507
HTHT,2026-03-10,2026-06-01,22,83,3,5,3,4,1,0.3015
HTLD,2025-10-29,2026-06-01,20,215,3,4,3,4,1,0.4583
HTO,2025-08-18,2026-06-01,34,287,2,5,4,3,-1,1.0989
HTZ,2026-03-10,2026-06-01,17,83,1,3,3,2,-1,0.6444
HUBB,2025-08-18,2026-06-01,29,287,2,5,4,2,-2,0.8102
HUBG,2025-11-18,2026-06-01,26,195,2,4,4,3,-1,0.5507
HUBS,2026-03-10,2026-06-01,17,83,1,2,2,1,-1,0.3812
HUM,2026-03-10,2026-06-01,17,83,1,3,1,3,2,0.6655
HUN,2026-02-18,2026-06-01,19,103,3,5,5,3,-2,0.5669
HURN,2025-08-18,2026-06-01,21,287,3,5,4,3,-1,0.7315
HUT,2026-05-20,2026-06-01,3,12,1,2,1,2,1,0.4714
HVT,2025-08-18,2026-06-01,23,287,2,5,4,2,-2,0.9079
HWC,2025-10-19,2026-06-01,22,225,2,4,4,2,-2,0.8779
HWKN,2025-08-18,2026-06-01,19,287,2,4,4,2,-2,0.5861
HWM,2025-10-29,2026-06-01,30,215,3,5,4,5,1,0.4069
HXL,2025-10-29,2026-06-01,19,215,2,4,2,3,1,0.4466
HY,2026-03-10,2026-06-01,17,83,1,3,3,3,0,0.8998
HYLN,2026-05-20,2026-06-01,3,12,1,3,1,1,0,0.9428
HZO,2026-03-10,2026-06-01,17,83,1,2,1,2,1,0.4556
IAC,2025-10-19,2026-06-01,18,225,1,4,4,3,-1,0.6211
IAG,2025-08-18,2026-06-01,29,287,2,5,4,2,-2,0.9058
IART,2025-10-29,2026-06-01,18,215,1,3,2,3,1,0.4581
IBCP,2025-08-18,2026-06-01,25,287,3,5,4,3,-1,0.5307
IBKR,2025-08-18,2026-06-01,28,287,2,5,5,3,-2,1.0252
IBM,2025-08-18,2026-06-01,24,287,1,5,4,4,0,1.2134
IBN,2026-03-10,2026-05-20,15,71,1,2,2,1,-1,0.4989
IBOC,2026-03-10,2026-06-01,17,83,3,3,3,3,0,0.0
IBP,2025-10-29,2026-06-01,20,215,2,4,3,2,-1,0.477
IBRX,2026-03-10,2026-06-01,17,83,1,2,1,1,0,0.4991
IBTA,2026-05-20,2026-06-01,3,12,1,2,1,2,1,0.4714
ICE,2025-12-11,2026-06-01,18,172,2,3,3,3,0,0.3727
ICFI,2025-08-18,2026-06-01,27,287,3,5,5,4,-1,0.3313
ICHR,2026-03-10,2026-06-01,17,83,2,3,3,3,0,0.4779
ICLR,2025-08-18,2026-05-20,27,275,2,5,5,4,-1,0.9938
ICUI,2025-11-18,2026-06-01,18,195,3,3,3,3,0,0.0
IDA,2025-10-19,2026-06-01,19,225,2,4,4,2,-2,0.6531
IDCC,2025-11-18,2026-06-01,18,195,2,5,5,2,-3,0.7617
IDN,2025-08-18,2026-05-20,29,275,3,5,5,5,0,0.4828
IDR,2026-05-20,2026-06-01,3,12,5,5,5,5,0,0.0
IDT,2025-08-18,2026-06-01,22,287,3,5,5,5,0,0.7173
IDXX,2025-08-18,2026-06-01,28,287,3,5,5,4,-1,0.5297
IDYA,2026-03-10,2026-06-01,17,83,2,3,3,2,-1,0.4556
IE,2026-05-20,2026-06-01,3,12,3,3,3,3,0,0.0
IESC,2025-08-25,2026-06-01,19,280,2,5,5,5,0,1.223
IEX,2025-10-29,2026-06-01,18,215,2,4,2,4,2,0.6667
IFF,2025-10-29,2026-06-01,18,215,2,4,4,4,0,0.6573
IHRT,2026-03-10,2026-05-20,15,71,1,3,3,1,-2,0.9798
III,2025-08-18,2026-06-01,34,287,4,5,4,5,1,0.5
IIIN,2025-08-18,2026-06-01,26,287,2,5,5,2,-3,0.9175
IIIV,2025-11-18,2026-06-01,18,195,3,4,4,3,-1,0.3143
IIPR,2025-10-19,2026-06-01,22,225,3,5,4,4,0,0.6249
ILMN,2025-08-18,2026-06-01,22,287,3,5,4,4,0,0.8194
ILPT,2025-08-18,2026-06-01,20,287,2,5,5,3,-2,0.7681
IMAX,2026-03-10,2026-06-01,17,83,1,4,3,2,-1,1.0878
IMKTA,2025-08-18,2026-06-01,33,287,3,5,4,5,1,0.5571
IMMR,2026-05-11,2026-05-20,4,9,1,2,1,2,1,0.433
IMNM,2026-05-20,2026-06-01,3,12,1,2,1,1,0,0.4714
IMO,2025-10-29,2026-06-01,28,215,3,5,3,5,2,0.589
IMXI,2025-08-18,2026-06-01,21,287,1,5,5,1,-4,1.0455
INBK,2026-03-10,2026-05-20,15,71,1,3,1,3,2,0.611
INBX,2026-05-20,2026-06-01,3,12,2,3,2,3,1,0.4714
INCY,2025-08-18,2026-06-01,35,287,4,5,5,4,-1,0.4199
INDB,2026-03-10,2026-06-01,17,83,2,4,2,4,2,0.7059
INDI,2026-05-20,2026-06-01,3,12,3,3,3,3,0,0.0
INDV,2026-05-20,2026-06-01,3,12,3,4,3,4,1,0.4714
INFU,2025-08-18,2026-05-20,32,275,3,5,5,3,-2,0.3046
INFY,2026-03-10,2026-06-01,17,83,2,3,2,2,0,0.4242
ING,2026-04-15,2026-05-03,4,18,1,3,3,3,0,0.8292
INGM,2026-05-20,2026-06-01,3,12,2,4,4,4,0,0.9428
INGN,2025-08-18,2026-06-01,34,287,4,5,5,4,-1,0.2353
INGR,2025-08-18,2026-06-01,24,287,2,4,4,3,-1,0.5758
INMD,2025-10-29,2025-10-29,1,0,4,4,4,4,0,0.0
INN,2025-11-18,2026-06-01,18,195,1,3,3,3,0,0.5774
INNV,2026-05-20,2026-06-01,3,12,3,3,3,3,0,0.0
INO,2025-08-18,2026-06-01,20,287,2,5,5,3,-2,0.6
INOD,2025-08-25,2026-06-01,24,280,1,5,4,5,1,1.0508
INSE,2025-10-19,2026-05-20,17,213,2,4,4,3,-1,0.696
INSG,2026-03-10,2026-06-01,17,83,2,3,3,2,-1,0.3812
INSM,2026-03-10,2026-06-01,17,83,1,1,1,1,0,0.0
INSP,2026-03-10,2026-06-01,22,83,2,4,3,2,-1,0.5839
INSW,2025-10-29,2026-06-01,25,215,3,5,3,5,2,0.8818
INTA,2026-05-20,2026-06-01,3,12,1,1,1,1,0,0.0
INTC,2026-03-10,2026-06-01,18,83,3,4,3,3,0,0.4969
INTT,2026-03-10,2026-05-20,15,71,2,3,2,3,1,0.4422
INTU,2025-08-18,2026-06-01,18,287,1,5,5,2,-3,0.9313
INVA,2025-08-18,2026-06-01,26,287,3,5,4,4,0,0.5507
INVE,2026-03-10,2026-05-20,15,71,2,3,3,2,-1,0.4
INVH,2025-12-11,2026-06-01,18,172,2,5,3,5,2,0.8165
INVX,2025-08-18,2026-06-01,21,287,1,5,5,3,-2,1.477
IONQ,2026-03-10,2026-06-01,22,83,3,5,3,4,1,0.4568
IONS,2026-03-10,2026-06-01,17,83,1,2,2,1,-1,0.4556
IOSP,2026-03-10,2026-06-01,17,83,2,3,3,3,0,0.4242
IOT,2026-05-20,2026-06-01,3,12,3,3,3,3,0,0.0
IOVA,2026-03-10,2026-06-01,17,83,2,3,3,2,-1,0.2353
IP,2026-03-10,2026-06-01,17,83,1,2,2,1,-1,0.4922
IPAR,2025-12-11,2026-06-01,18,172,2,3,3,3,0,0.2291
IPG,2025-08-18,2025-10-29,3,72,4,4,4,4,0,0.0
IPGP,2026-03-07,2026-06-01,19,86,1,4,4,2,-2,0.9931
IPI,2025-10-19,2026-06-01,18,225,3,5,5,3,-2,0.9938
IQ,2025-10-19,2026-05-20,9,213,1,5,5,1,-4,1.663
IQV,2025-10-19,2026-06-01,23,225,3,4,4,4,0,0.4763
IR,2026-01-08,2026-06-01,19,144,2,4,4,2,-2,0.748
IRDM,2025-08-18,2026-06-01,26,287,3,5,5,3,-2,0.7816
IRM,2026-03-10,2026-06-01,17,83,3,4,3,4,1,0.4242
IRMD,2025-08-18,2026-06-01,32,287,3,5,5,3,-2,0.3046
IRT,2025-12-11,2026-06-01,18,172,1,3,3,3,0,0.4581
IRTC,2026-03-10,2026-06-01,17,83,1,2,2,2,0,0.4556
IRWD,2025-08-18,2026-06-01,25,287,3,5,4,4,0,0.6741
ISRG,2025-10-29,2026-06-01,25,215,3,4,4,3,-1,0.4964
ISSC,2026-02-13,2026-06-01,25,108,3,5,5,3,-2,0.6974
ISTR,2025-11-18,2026-06-01,18,195,2,4,4,3,-1,0.737
IT,2025-08-18,2026-06-01,20,287,2,4,4,3,-1,0.6403
ITGR,2025-08-18,2026-06-01,28,287,2,5,5,2,-3,0.8113
ITRI,2025-08-18,2026-06-01,22,287,3,5,4,3,-1,0.6166
ITT,2025-10-29,2026-06-01,21,215,2,4,4,3,-1,0.4666
ITW,2025-08-18,2026-06-01,26,287,2,4,4,2,-2,0.9166
IVR,2025-08-25,2026-06-01,30,280,3,5,5,3,-2,0.5121
IVT,2026-05-20,2026-06-01,3,12,3,4,4,4,0,0.4714
IVZ,2025-08-18,2026-06-01,27,287,3,5,5,5,0,0.6849
J,2025-08-18,2026-06-01,22,287,1,5,5,1,-4,1.1171
JACK,2026-03-07,2026-06-01,19,86,2,5,5,3,-2,1.0553
JAKK,2025-11-18,2026-06-01,23,195,2,5,3,2,-1,1.0632
JANX,2026-05-20,2026-06-01,3,12,3,3,3,3,0,0.0
JAZZ,2025-08-18,2026-06-01,23,287,3,5,4,3,-1,0.7118
JBGS,2025-08-18,2026-06-01,20,287,1,4,4,1,-3,0.9734
JBHT,2025-08-25,2026-06-01,28,280,3,4,4,4,0,0.3499
JBI,2026-05-20,2026-06-01,3,12,2,3,3,2,-1,0.4714
JBL,2025-08-18,2026-06-01,36,287,4,5,5,4,-1,0.4606
JBLU,2026-03-10,2026-06-01,17,83,1,3,1,3,2,0.836
JBSS,2025-10-19,2026-06-01,31,225,3,5,5,3,-2,0.65
JBTM,2026-03-10,2026-06-01,17,83,1,3,3,3,0,0.696
JCI,2025-10-29,2026-06-01,20,215,3,4,3,3,0,0.4975
JD,2025-12-11,2026-05-20,18,160,3,5,3,3,0,0.6285
JEF,2026-03-10,2026-06-01,17,83,1,3,1,3,2,0.5455
JELD,2025-10-19,2026-05-20,16,213,1,4,4,1,-3,0.696
JHG,2025-08-18,2026-06-01,33,287,3,5,5,5,0,0.4772
JILL,2025-10-19,2026-06-01,28,225,1,5,4,3,-1,1.1495
JJSF,2025-10-29,2026-06-01,18,215,2,3,3,3,0,0.4479
JKHY,2025-10-29,2026-06-01,24,215,3,4,3,3,0,0.4714
JKS,2026-02-13,2026-05-20,10,96,2,5,5,2,-3,1.1874
JLL,2025-11-18,2026-06-01,22,195,2,5,4,2,-2,0.9136
JMSB,2026-06-01,2026-06-01,1,0,3,3,3,3,0,0.0
JNJ,2025-08-18,2026-06-01,28,287,3,5,5,3,-2,0.6227
JOBY,2026-03-10,2026-06-01,17,83,1,3,1,3,2,0.696
JOE,2026-03-07,2026-06-01,22,86,3,5,4,3,-1,0.6556
JOUT,2026-02-13,2026-06-01,27,108,3,5,4,5,1,0.6285
JPM,2025-08-18,2026-06-01,22,287,1,4,4,3,-1,0.7329
JRVR,2025-11-18,2026-05-20,18,183,2,4,3,3,0,0.5906
JXN,2025-10-19,2026-06-01,6,225,1,4,4,1,-3,1.5
JYNT,2026-03-10,2026-06-01,17,83,2,5,2,5,3,1.113
KAI,2025-10-19,2026-06-01,18,225,2,4,4,3,-1,0.5241
KALV,2026-03-10,2026-06-01,17,83,1,2,2,1,-1,0.4242
KAR,2025-08-18,2025-12-11,4,115,3,5,5,3,-2,0.8292
KB,2025-08-18,2026-06-01,24,287,2,5,5,4,-1,0.6757
KBH,2025-10-19,2026-06-01,20,225,1,4,4,1,-3,1.0137
KBR,2025-10-19,2026-06-01,20,225,2,5,5,3,-2,0.669
KC,2026-02-13,2026-04-04,8,50,2,5,5,5,0,0.9922
KD,2025-08-18,2026-06-01,20,287,1,5,5,1,-4,1.3219
KDP,2026-03-10,2026-06-01,17,83,3,4,4,3,-1,0.4242
KE,2025-08-18,2026-06-01,27,287,2,5,5,4,-1,0.9743
KELYA,2025-08-18,2026-06-01,21,287,3,5,5,5,0,0.7315
KEP,2026-02-13,2026-05-20,24,96,2,5,5,3,-2,1.1895
KEX,2025-08-25,2026-06-01,27,280,2,5,4,3,-1,0.6849
KEY,2026-03-10,2026-06-01,17,83,1,3,2,3,1,0.4706
KEYS,2025-08-25,2026-06-01,27,280,2,5,4,4,0,0.4287
KFRC,2025-08-18,2026-06-01,22,287,3,5,5,4,-1,0.6428
KFY,2025-08-18,2026-06-01,35,287,4,5,5,4,-1,0.4998
KGC,2025-08-18,2026-06-01,30,287,2,5,5,2,-3,1.0456
KGS,2025-08-18,2026-06-01,19,287,1,5,5,3,-2,1.4586
KHC,2025-10-29,2026-06-01,18,215,2,4,3,4,1,0.5984
KIDS,2026-03-10,2026-06-01,17,83,2,3,2,2,0,0.4922
KIM,2026-03-10,2026-06-01,18,83,3,4,3,3,0,0.5
KINS,2025-08-25,2026-05-20,16,268,2,4,4,3,-1,0.7071
KKR,2025-08-18,2026-06-01,25,287,2,4,4,4,0,0.9583
KLAC,2025-08-18,2026-06-01,36,287,5,5,5,5,0,0.0
KLC,2026-05-20,2026-06-01,3,12,3,3,3,3,0,0.0
KLIC,2026-03-10,2026-06-01,17,83,2,3,2,2,0,0.3812
KMB,2025-10-29,2026-06-01,18,215,2,3,2,3,1,0.3143
KMI,2026-02-13,2026-06-01,26,108,3,5,4,5,1,0.556
KMPR,2025-08-18,2026-06-01,19,287,1,4,4,1,-3,0.9444
KMT,2025-10-29,2026-06-01,32,215,3,5,4,3,-1,0.4146
KMTS,2026-05-20,2026-06-01,3,12,1,1,1,1,0,0.0
KMX,2026-03-10,2026-06-01,17,83,1,3,1,2,1,0.6758
KN,2026-02-13,2026-06-01,19,108,2,4,4,3,-1,0.8085
KNF,2026-03-10,2026-06-01,19,83,1,4,1,1,0,0.9903
KNSL,2025-08-25,2026-06-01,28,280,4,5,4,4,0,0.4518
KNTK,2026-03-10,2026-06-01,22,83,1,4,1,3,2,0.6863
KNX,2026-03-10,2026-06-01,19,83,3,4,3,3,0,0.4648
KO,2025-10-29,2026-06-01,18,215,3,4,3,3,0,0.2291
KOD,2025-10-19,2026-06-01,19,225,2,5,5,2,-3,0.7139
KOP,2025-10-29,2026-06-01,23,215,3,5,4,5,1,0.3585
KOPN,2026-03-10,2026-06-01,17,83,2,4,3,2,-1,0.8022
KOS,2026-03-10,2026-06-01,17,83,2,3,2,3,1,0.3812
KPTI,2026-03-10,2026-06-01,17,83,2,3,2,3,1,0.4242
KR,2025-08-18,2026-06-01,31,287,3,5,5,3,-2,0.8032
KRC,2025-08-25,2026-06-01,19,280,2,4,4,3,-1,0.7293
KREF,2026-03-10,2026-06-01,17,83,1,4,2,2,0,1.1099
KRG,2025-08-25,2026-06-01,19,280,2,5,4,2,-2,0.8584
KRMD,2026-03-10,2026-06-01,17,83,1,3,2,2,0,0.4706
KRMN,2026-05-20,2026-06-01,3,12,2,3,3,2,-1,0.4714
KRNT,2025-12-11,2026-06-01,20,172,3,4,3,3,0,0.4975
KRNY,2026-04-30,2026-06-01,9,32,2,3,2,2,0,0.3143
KRO,2026-03-10,2026-06-01,17,83,1,4,3,4,1,1.372
KROS,2025-08-18,2026-05-20,31,275,4,5,5,4,-1,0.4935
KRT,2026-05-20,2026-06-01,3,12,3,4,4,3,-1,0.4714
KRUS,2026-03-10,2026-06-01,17,83,1,4,3,1,-2,1.2861
KRYS,2025-08-18,2026-06-01,32,287,3,5,5,4,-1,0.4408
KSS,2025-10-29,2026-06-01,21,215,2,5,2,5,3,0.8357
KT,2026-03-10,2026-03-10,1,0,3,3,3,3,0,0.0
KTB,2025-10-19,2026-06-01,18,225,1,4,4,2,-2,0.5666
KTOS,2026-03-10,2026-06-01,17,83,1,2,2,1,-1,0.2353
KULR,2026-03-10,2026-05-20,6,71,1,3,1,2,1,0.6872
KURA,2026-03-10,2026-06-01,17,83,1,4,4,1,-3,0.7624
KVUE,2026-03-10,2026-06-01,17,83,3,4,3,3,0,0.2353
KW,2025-10-19,2026-06-01,18,225,1,4,4,4,0,1.2534
KWR,2025-12-11,2026-06-01,18,172,1,4,3,2,-1,0.9313
KYMR,2026-05-20,2026-06-01,3,12,1,2,1,2,1,0.4714
L,2025-08-18,2026-06-01,22,287,2,5,4,2,-2,0.7329
LAB,2025-08-25,2026-06-01,23,280,3,5,4,3,-1,0.4079
LAD,2025-08-18,2026-06-01,21,287,1,4,4,2,-2,0.7854
LADR,2025-08-18,2026-06-01,20,287,2,5,5,2,-3,1.0712
LAKE,2026-03-10,2026-06-01,17,83,1,3,3,2,-1,0.5999
LAMR,2026-03-10,2026-06-01,17,83,3,4,4,4,0,0.2353
LAND,2025-11-18,2026-05-20,21,183,3,5,4,4,0,0.3086
LASR,2025-11-18,2026-05-20,16,183,2,4,4,3,-1,0.5995
LAZ,2026-03-10,2026-06-01,17,83,1,3,1,1,0,0.8443
LB,2026-03-10,2026-06-01,17,83,1,2,1,1,0,0.3222
LBRDK,2026-03-10,2026-06-01,15,83,2,3,2,2,0,0.4
LBRT,2026-03-10,2026-06-01,17,83,2,3,2,2,0,0.3812
LC,2025-08-18,2026-06-01,23,287,3,5,5,5,0,0.9079
LCID,2026-03-10,2026-06-01,17,83,1,2,1,1,0,0.4779
LCII,2025-10-29,2026-06-01,26,215,2,5,3,3,0,0.6057
LCNB,2025-08-25,2026-05-20,19,268,2,5,5,3,-2,0.8487
LCUT,2026-03-10,2026-05-20,17,71,2,5,2,4,2,0.6809
LDI,2026-06-01,2026-06-01,1,0,1,1,1,1,0,0.0
LDOS,2025-08-18,2026-06-01,24,287,2,5,5,2,-3,0.986
LECO,2025-08-18,2026-06-01,26,287,2,5,4,3,-1,1.0406
LEG,2025-08-25,2026-06-01,23,280,1,4,4,1,-3,1.0159
LEGH,2025-10-19,2026-06-01,18,225,1,4,4,3,-1,0.5666
LEGN,2026-03-10,2026-05-20,13,71,2,3,2,2,0,0.3608
LEN,2026-03-10,2026-06-01,17,83,2,2,2,2,0,0.0
LEU,2026-02-13,2026-06-01,19,108,1,4,4,1,-3,0.9356
LEVI,2025-08-18,2026-06-01,23,287,3,5,5,5,0,0.8249
LFST,2025-10-19,2026-06-01,19,225,2,4,4,3,-1,0.552
LFUS,2025-08-25,2026-06-01,24,280,4,5,4,5,1,0.493
LFVN,2025-08-18,2026-06-01,34,287,3,5,5,3,-2,0.612
LGIH,2026-03-10,2026-06-01,17,83,1,2,1,1,0,0.4779
LGN,2026-05-20,2026-06-01,3,12,2,5,2,4,2,1.2472
LGND,2026-03-10,2026-06-01,17,83,2,3,2,3,1,0.2353
LH,2026-03-10,2026-06-01,17,83,2,3,2,3,1,0.4922
LHX,2025-08-25,2026-06-01,29,280,2,5,4,2,-2,1.0053
LIF,2026-04-15,2026-06-01,16,47,2,3,3,2,-1,0.5
LII,2025-10-29,2026-06-01,18,215,1,4,3,1,-2,1.0077
LIN,2025-11-18,2026-06-01,19,195,2,4,4,2,-2,0.3939
LINC,2026-02-13,2026-06-01,20,108,3,5,5,3,-2,0.5916
LIND,2026-03-10,2026-06-01,19,83,2,4,3,3,0,0.6657
LINE,2026-05-20,2026-06-01,3,12,1,2,1,2,1,0.4714
LITE,2026-03-10,2026-06-01,19,83,3,4,3,3,0,0.4077
LIVN,2025-08-18,2026-06-01,28,287,3,5,4,3,-1,0.8594
LKFN,2026-03-10,2026-06-01,17,83,1,2,2,2,0,0.4779
LKQ,2025-08-18,2026-06-01,22,287,1,5,4,2,-2,1.1571
LLY,2025-08-18,2026-06-01,22,287,3,5,4,4,0,0.5677
LMAT,2025-10-29,2026-06-01,30,215,3,5,3,4,1,0.3145
LMB,2026-03-10,2026-06-01,17,83,2,3,2,2,0,0.4922
LMND,2026-03-10,2026-06-01,17,83,1,2,1,1,0,0.4991
LMNR,2026-03-10,2026-06-01,17,83,1,2,2,1,-1,0.4556
LMT,2025-08-25,2026-06-01,33,280,2,5,2,2,0,0.9857
LNC,2025-11-18,2026-06-01,19,195,2,5,5,3,-2,0.8616
LNG,2025-08-18,2026-06-01,27,287,3,4,4,3,-1,0.4382
LNN,2025-08-18,2026-06-01,22,287,2,4,4,2,-2,0.7833
LNT,2026-03-10,2026-06-01,17,83,2,3,2,3,1,0.4242
LNTH,2025-08-18,2026-06-01,32,287,3,5,4,3,-1,0.5
LOAR,2026-05-20,2026-06-01,3,12,3,3,3,3,0,0.0
LOB,2026-03-10,2026-06-01,17,83,1,2,1,2,1,0.3222
LOCO,2025-08-18,2026-06-01,26,287,3,5,5,5,0,0.9102
LOOP,2025-08-18,2026-05-20,17,275,1,4,4,1,-3,1.1497
LOPE,2025-08-25,2026-06-01,25,280,2,5,4,2,-2,0.6248
LOVE,2026-03-10,2026-05-20,15,71,1,3,1,3,2,0.4989
LOW,2025-08-18,2026-06-01,23,287,2,4,4,3,-1,0.9141
LPG,2026-03-10,2026-06-01,17,83,2,4,2,3,1,0.343
LPL,2025-08-25,2026-05-20,7,268,1,4,4,4,0,1.0498
LPLA,2026-03-10,2026-06-01,17,83,2,3,2,2,0,0.3222
LPSN,2026-03-10,2026-05-20,15,71,2,3,3,3,0,0.4422
LPTH,2026-03-10,2026-06-01,17,83,2,3,3,3,0,0.3812
LPTX,2025-10-29,2025-10-29,1,0,4,4,4,4,0,0.0
LPX,2025-10-29,2026-06-01,18,215,1,4,4,1,-3,0.7115
LQDA,2026-05-20,2026-06-01,3,12,3,5,3,4,1,0.8165
LQDT,2026-01-08,2026-06-01,26,144,3,5,4,3,-1,0.7458
LRCX,2025-08-18,2026-06-01,36,287,4,5,5,5,0,0.2291
LRN,2025-08-18,2026-06-01,23,287,1,5,5,3,-2,0.7922
LSCC,2025-10-19,2026-06-01,24,225,3,5,4,4,0,0.5637
LSTR,2026-03-10,2026-06-01,20,83,2,4,2,4,2,0.5895
LTC,2026-03-10,2026-06-01,17,83,1,4,2,3,1,1.1853
LTH,2026-04-15,2026-06-01,16,47,3,4,3,3,0,0.5
LTRX,2025-10-29,2026-05-20,19,203,3,5,4,5,1,0.9503
LULU,2025-11-18,2026-06-01,18,195,2,3,3,3,0,0.2291
LUMN,2025-08-18,2026-06-01,34,287,4,5,5,4,-1,0.4412
LUNR,2026-05-20,2026-06-01,3,12,1,3,3,1,-2,0.8165
LUV,2025-11-18,2026-06-01,19,195,1,4,4,3,-1,0.7877
LVS,2026-03-10,2026-06-01,17,83,2,3,3,2,-1,0.4556
LW,2025-10-29,2026-06-01,19,215,2,4,3,3,0,0.521
LWAY,2025-10-19,2026-06-01,18,225,1,4,4,3,-1,0.7617
LXFR,2025-08-18,2026-06-01,28,287,3,5,5,4,-1,0.953
LXP,2025-08-18,2026-06-01,19,287,2,4,4,2,-2,0.674
LXRX,2026-03-10,2026-06-01,17,83,2,3,3,3,0,0.4922
LXU,2026-03-10,2026-06-01,17,83,3,4,3,4,1,0.4922
LYB,2026-03-10,2026-06-01,19,83,2,5,3,4,1,0.8712
LYFT,2025-08-18,2026-06-01,21,287,1,5,4,2,-2,1.1389
LYG,2025-08-18,2026-06-01,20,287,2,4,4,2,-2,0.781
LYTS,2025-08-25,2026-06-01,24,280,2,4,4,2,-2,0.6442
LYV,2026-03-10,2026-06-01,17,83,1,2,2,1,-1,0.3812
LZ,2026-03-10,2026-06-01,17,83,1,2,1,2,1,0.3812
LZB,2025-08-18,2026-06-01,23,287,2,5,4,3,-1,1.0597
M,2025-10-19,2026-06-01,24,225,2,5,5,3,-2,0.8406
MA,2025-08-18,2026-06-01,24,287,3,5,5,3,-2,0.611
MAA,2026-03-10,2026-06-01,17,83,1,4,2,4,2,0.767
MAC,2026-03-10,2026-06-01,17,83,3,3,3,3,0,0.0
MAMA,2026-03-10,2026-06-01,17,83,2,3,2,2,0,0.4991
MAN,2025-10-29,2026-06-01,18,215,1,4,3,3,0,0.7617
MANH,2025-08-18,2026-06-01,21,287,2,5,5,3,-2,0.9828
MAR,2025-10-29,2026-06-01,22,215,3,4,3,3,0,0.3432
MARA,2025-11-18,2026-06-01,18,195,2,4,4,2,-2,0.5774
MAS,2025-08-18,2026-06-01,25,287,2,5,4,3,-1,1.0008
MASI,2026-03-10,2026-06-01,17,83,2,3,2,2,0,0.4991
MASS,2026-06-01,2026-06-01,1,0,3,3,3,3,0,0.0
MAT,2026-03-10,2026-06-01,17,83,2,4,3,3,0,0.5455
MATV,2026-05-20,2026-06-01,3,12,3,5,3,5,2,0.8165
MATW,2025-10-29,2026-06-01,18,215,2,4,2,2,0,0.6573
MATX,2025-08-25,2026-06-01,32,280,3,5,4,4,0,0.4408
MAX,2026-05-20,2026-06-01,3,12,2,2,2,2,0,0.0
MBC,2026-05-20,2026-06-01,3,12,2,3,3,2,-1,0.4714
MBCN,2025-08-25,2025-08-25,1,0,5,5,5,5,0,0.0
MBIN,2026-01-08,2026-06-01,26,144,2,5,5,2,-3,0.8113
MBIO,2025-11-18,2026-03-10,2,112,3,4,4,3,-1,0.5
MBOT,2025-08-18,2026-05-20,15,275,2,5,5,2,-3,0.6799
MBUU,2026-02-13,2026-06-01,21,108,2,4,4,3,-1,0.5754
MBWM,2025-08-18,2026-06-01,24,287,2,5,5,2,-3,0.7626
MC,2025-08-25,2026-06-01,25,280,3,5,5,3,-2,0.8447
MCB,2025-08-18,2026-04-18,19,243,4,5,5,5,0,0.3069
MCD,2025-10-29,2026-06-01,19,215,3,4,4,3,-1,0.3069
MCFT,2025-10-29,2026-06-01,31,215,3,5,4,5,1,0.7228
MCHP,2026-02-13,2026-06-01,21,108,3,5,4,4,0,0.5471
MCHX,2025-08-25,2026-05-20,19,268,2,5,5,2,-3,1.0178
MCK,2025-08-18,2026-06-01,36,287,4,5,5,4,-1,0.493
MCO,2025-08-18,2026-06-01,19,287,3,4,4,3,-1,0.2233
MCRB,2025-10-19,2026-05-03,12,196,2,4,4,3,-1,0.493
MCRI,2025-08-18,2026-06-01,30,287,3,5,4,5,1,0.7782
MCS,2026-03-10,2026-06-01,17,83,2,4,3,2,-1,0.8319
MCW,2026-03-10,2026-05-15,14,66,2,3,2,3,1,0.4103
MCY,2025-08-18,2026-06-01,30,287,3,5,5,5,0,0.6
MD,2025-08-18,2026-06-01,28,287,3,5,5,3,-2,0.4574
MDB,2025-12-11,2026-06-01,19,172,1,4,3,3,0,0.9386
MDGL,2026-03-10,2026-06-01,17,83,1,2,1,1,0,0.4779
MDLN,2026-05-20,2026-06-01,3,12,3,4,4,3,-1,0.4714
MDLZ,2026-03-10,2026-06-01,17,83,1,3,3,2,-1,0.5128
MDT,2025-10-19,2026-06-01,21,225,2,5,5,3,-2,0.9209
MDU,2025-10-19,2026-06-01,18,225,3,4,4,3,-1,0.2291
MDWD,2026-03-10,2026-06-01,17,83,1,2,2,1,-1,0.2353
MDXG,2025-08-18,2026-05-20,31,275,4,5,5,4,-1,0.4977
MEC,2025-08-18,2026-06-01,19,287,1,5,5,2,-3,0.9444
MED,2025-08-18,2026-06-01,24,287,1,5,5,3,-2,1.2409
MEDP,2025-08-18,2026-06-01,36,287,4,5,5,4,-1,0.4714
MEI,2025-10-19,2026-06-01,27,225,3,4,4,3,-1,0.4914
MELI,2026-03-10,2026-06-01,17,83,1,3,3,1,-2,0.8319
MEOH,2025-08-18,2026-05-20,17,275,2,5,4,4,0,0.6655
MERC,2026-03-10,2026-05-20,15,71,2,3,2,2,0,0.4422
MET,2025-10-19,2026-06-01,18,225,2,4,4,2,-2,0.4581
META,2025-08-18,2026-06-01,20,287,2,4,4,3,-1,0.477
METC,2026-03-10,2026-06-01,17,83,1,2,2,1,-1,0.4556
MFA,2026-03-10,2026-05-20,19,71,4,4,4,4,0,0.0
MFC,2025-08-18,2026-06-01,22,287,3,4,4,4,0,0.3432
MFG,2025-08-18,2026-05-20,19,275,2,5,5,2,-3,0.9846
MFIN,2025-08-18,2026-05-20,24,275,3,5,5,3,-2,0.7253
MG,2025-08-18,2026-06-01,35,287,3,5,5,4,-1,0.5391
MGA,2025-08-18,2026-06-01,22,287,2,4,4,2,-2,0.6249
MGEE,2025-10-29,2026-06-01,18,215,2,3,2,2,0,0.3727
MGIC,2025-08-18,2026-02-18,10,184,3,5,5,5,0,0.6708
MGM,2025-10-29,2026-06-01,18,215,3,3,3,3,0,0.0
MGNI,2026-03-10,2026-06-01,17,83,1,3,1,2,1,0.5882
MGNX,2025-11-18,2026-05-20,16,183,3,5,5,3,-2,0.4841
MGPI,2025-08-18,2026-06-01,20,287,3,5,5,4,-1,0.6708
MGRC,2025-08-18,2026-06-01,26,287,1,4,4,1,-3,0.8427
MGTX,2026-03-10,2026-06-01,17,83,1,4,1,2,1,0.691
MGY,2026-01-08,2026-06-01,22,144,3,5,4,3,-1,0.5961
MHK,2025-08-18,2026-06-01,20,287,1,4,4,1,-3,0.9097
MHO,2025-08-18,2026-06-01,21,287,1,5,4,2,-2,0.9571
MIAX,2026-05-20,2026-06-01,3,12,4,4,4,4,0,0.0
MIDD,2026-01-08,2026-06-01,18,144,2,5,5,4,-1,0.8032
MIR,2026-03-10,2026-06-01,17,83,1,2,2,1,-1,0.3222
MIRM,2026-03-10,2026-06-01,17,83,2,3,3,2,-1,0.4556
MITK,2026-03-10,2026-06-01,22,83,2,4,3,2,-1,0.6492
MITSY,2026-05-03,2026-05-03,1,0,4,4,4,4,0,0.0
MKC,2026-03-10,2026-06-01,17,83,2,3,3,2,-1,0.2353
MKL,2025-08-18,2026-06-01,24,287,2,5,5,3,-2,0.6872
MKSI,2025-08-18,2026-06-01,34,287,4,5,4,4,0,0.486
MKTX,2025-08-25,2026-06-01,18,280,3,4,4,4,0,0.4479
MLAB,2025-10-19,2026-06-01,32,225,4,5,4,4,0,0.3307
MLCO,2025-08-18,2026-06-01,28,287,3,5,4,4,0,0.6176
MLI,2025-08-18,2026-06-01,28,287,4,5,4,4,0,0.3093
MLKN,2025-10-19,2026-06-01,19,225,1,4,4,2,-2,0.9356
MLM,2026-03-10,2026-06-01,17,83,1,3,1,1,0,0.4706
MLR,2025-10-19,2026-06-01,19,225,2,4,4,2,-2,0.552
MMI,2026-03-10,2026-06-01,17,83,1,3,1,1,0,0.73
MMM,2025-12-11,2026-06-01,18,172,2,5,3,5,2,0.7307
MMS,2025-10-19,2026-06-01,22,225,2,5,4,2,-2,0.7767
MMSI,2025-10-29,2026-06-01,23,215,3,4,3,3,0,0.4391
MMYT,2026-03-10,2026-05-20,15,71,1,3,3,1,-2,0.6182
MNKD,2026-03-07,2026-06-01,19,86,1,4,4,2,-2,0.7842
MNOV,2025-10-29,2026-05-20,15,203,3,4,4,3,-1,0.2494
MNRO,2026-03-10,2026-06-01,17,83,2,3,3,2,-1,0.4922
MNSB,2025-08-25,2026-05-20,20,268,3,5,4,4,0,0.4975
MNST,2025-08-18,2026-06-01,28,287,3,5,5,4,-1,0.7784
MO,2025-08-18,2026-06-01,33,287,3,5,5,3,-2,0.8793
MOD,2026-03-10,2026-06-01,17,83,1,2,2,2,0,0.4242
MOG/A,2026-02-13,2026-06-01,28,108,4,5,4,5,1,0.1856
MOH,2025-08-18,2026-06-01,20,287,1,5,5,3,-2,1.261
MORN,2026-01-08,2026-06-01,23,144,3,5,4,4,0,0.5108
MOS,2026-03-10,2026-06-01,17,83,1,3,3,1,-2,0.6809
MOV,2026-02-13,2026-06-01,26,108,3,5,5,3,-2,0.9326
MP,2026-03-10,2026-06-01,17,83,2,3,2,3,1,0.4242
MPAA,2025-08-18,2026-06-01,22,287,2,5,4,3,-1,0.8528
MPC,2025-08-18,2026-06-01,27,287,4,5,4,5,1,0.4969
MPLX,2025-11-18,2026-06-01,23,195,1,5,5,1,-4,1.5099
MPT,2026-03-07,2026-06-01,19,86,2,4,4,3,-1,0.887
MPTI,2026-06-01,2026-06-01,1,0,1,1,1,1,0,0.0
MPWR,2025-08-18,2026-06-01,33,287,3,5,5,4,-1,0.5555
MPX,2026-02-13,2026-05-15,17,91,2,5,5,3,-2,0.8235
MQ,2026-03-10,2026-06-01,19,83,3,5,3,3,0,0.6531
MRC,2025-10-19,2025-10-29,2,10,4,5,5,4,-1,0.5
MRCY,2025-10-29,2026-06-01,18,215,2,3,3,3,0,0.4875
MRK,2025-08-18,2026-06-01,28,287,3,5,5,3,-2,0.6547
MRNA,2026-03-10,2026-06-01,17,83,2,3,2,2,0,0.3222
MRP,2026-05-20,2026-06-01,3,12,4,5,4,4,0,0.4714
MRSH,2026-03-10,2026-06-01,17,83,3,3,3,3,0,0.0
MRSN,2025-08-18,2025-11-18,3,92,4,4,4,4,0,0.0
MRTN,2025-08-25,2026-06-01,20,280,2,5,5,3,-2,0.5385
MRVI,2025-08-18,2026-06-01,21,287,2,5,5,3,-2,0.8438
MRVL,2025-10-29,2026-06-01,20,215,2,4,3,3,0,0.3162
MS,2025-11-18,2026-06-01,20,195,3,4,4,3,-1,0.4583
MSA,2026-03-10,2026-06-01,17,83,2,2,2,2,0,0.0
MSBI,2026-03-10,2026-06-01,17,83,2,5,2,5,3,1.0783
MSCI,2025-11-18,2026-06-01,24,195,3,5,5,4,-1,0.493
MSEX,2026-03-10,2026-06-01,17,83,1,3,2,2,0,0.7579
MSFT,2025-08-18,2026-06-01,23,287,2,5,4,4,0,0.8825
MSGE,2026-05-20,2026-06-01,3,12,4,5,5,4,-1,0.4714
MSGS,2026-03-10,2026-06-01,17,83,1,2,2,1,-1,0.4779
MSI,2025-08-18,2026-06-01,20,287,1,4,4,1,-3,0.9097
MSM,2025-08-18,2026-06-01,24,287,4,5,4,5,1,0.4841
MSTR,2026-03-10,2026-06-01,17,83,1,3,1,2,1,0.7759
MT,2025-11-18,2026-05-20,20,183,3,4,4,3,-1,0.4
MTB,2025-08-25,2026-06-01,27,280,3,5,5,4,-1,0.4655
MTD,2025-08-18,2026-06-01,36,287,3,5,5,4,-1,0.55
MTDR,2025-08-18,2026-06-01,25,287,2,5,4,2,-2,0.6997
MTG,2025-08-18,2026-06-01,23,287,3,5,5,3,-2,0.5635
MTH,2026-03-10,2026-06-01,17,83,1,3,2,1,-1,0.7252
MTN,2026-03-10,2026-06-01,17,83,1,2,1,1,0,0.4991
MTRN,2025-10-29,2026-06-01,18,215,1,3,3,3,0,0.5774
MTRX,2025-08-18,2026-06-01,20,287,2,4,4,3,-1,0.6538
MTSI,2026-03-10,2026-06-01,17,83,3,4,3,4,1,0.3812
MTUS,2026-03-10,2026-06-01,17,83,1,3,1,3,2,0.8765
MTX,2025-10-29,2026-06-01,18,215,3,3,3,3,0,0.0
MTZ,2025-12-11,2026-06-01,21,172,3,4,3,4,1,0.4949
MU,2025-08-18,2026-06-01,35,287,4,5,4,5,1,0.3182
MUR,2025-11-18,2026-06-01,23,195,3,4,3,3,0,0.4995
MUSA,2025-11-18,2026-06-01,18,195,2,5,4,5,1,0.7617
MUX,2026-03-10,2026-05-20,15,71,1,3,1,3,2,0.8844
MVBF,2026-03-10,2026-06-01,17,83,1,2,2,2,0,0.4556
MVIS,2026-03-10,2026-05-20,15,71,1,3,2,1,-1,0.611
MVST,2026-05-20,2026-06-01,3,12,1,4,1,1,0,1.4142
MWA,2025-08-18,2026-06-01,24,287,3,5,5,4,-1,0.6614
MX,2025-10-19,2026-06-01,25,225,3,5,5,3,-2,0.8944
MXL,2026-03-10,2026-06-01,17,83,3,3,3,3,0,0.0
MYE,2025-08-18,2026-06-01,30,287,4,5,5,5,0,0.3
MYFW,2026-03-10,2026-05-20,15,71,1,3,2,3,1,0.5963
MYGN,2025-10-19,2026-06-01,25,225,2,5,4,4,0,0.4454
MYO,2026-03-10,2026-06-01,17,83,2,3,3,2,-1,0.3812
MYRG,2025-08-18,2026-06-01,30,287,4,5,5,5,0,0.1795
MZTI,2025-08-25,2026-06-01,18,280,2,4,4,2,-2,0.5329
NABL,2025-08-18,2026-06-01,21,287,1,5,5,2,-3,1.39
NAGE,2025-08-18,2026-06-01,24,287,1,5,4,2,-2,1.3687
NAT,2025-08-18,2026-06-01,20,287,1,4,4,3,-1,0.9
NATH,2025-08-18,2026-06-01,25,287,3,5,5,3,-2,0.804
NATL,2025-08-18,2026-06-01,26,287,4,5,5,4,-1,0.3941
NATR,2025-08-18,2026-06-01,33,287,4,5,5,5,0,0.2386
NAVI,2026-03-10,2026-06-01,17,83,1,2,1,2,1,0.4991
NAVN,2026-05-20,2026-06-01,3,12,3,3,3,3,0,0.0
NB,2026-05-03,2026-05-03,1,0,5,5,5,5,0,0.0
NBBK,2026-05-20,2026-06-01,3,12,2,2,2,2,0,0.0
NBHC,2025-10-19,2026-06-01,19,225,1,4,4,2,-2,0.7591
NBIS,2026-03-10,2026-04-24,7,45,1,1,1,1,0,0.0
NBIX,2025-08-25,2026-06-01,28,280,3,5,4,4,0,0.467
NBR,2025-11-18,2026-06-01,31,195,4,5,4,5,1,0.3352
NBTB,2025-11-18,2026-06-01,27,195,3,5,4,5,1,0.5666
NBY,2025-10-19,2025-10-29,2,10,2,4,4,2,-2,1.0
NCLH,2025-10-29,2026-06-01,18,215,1,4,4,1,-3,0.9702
NCMI,2026-03-10,2026-06-01,17,83,2,2,2,2,0,0.0
NCNO,2026-03-10,2026-06-01,17,83,1,3,1,2,1,0.343
NDAQ,2025-12-11,2026-06-01,18,172,1,3,3,3,0,0.4581
NDLS,2025-10-19,2025-10-29,2,10,4,4,4,4,0,0.0
NDSN,2025-10-29,2026-06-01,20,215,3,4,3,4,1,0.3571
NE,2026-03-10,2026-06-01,17,83,1,3,3,3,0,0.7624
NECB,2025-08-25,2026-06-01,25,280,3,5,5,5,0,0.5741
NEE,2025-10-29,2026-06-01,18,215,1,3,3,1,-2,0.5
NEM,2025-08-18,2026-06-01,36,287,3,5,4,3,-1,0.7049
NEO,2026-03-10,2026-06-01,17,83,1,2,1,2,1,0.4779
NEOG,2025-11-18,2026-06-01,18,195,2,4,4,2,-2,0.5906
NEON,2025-11-18,2025-11-18,1,0,3,3,3,3,0,0.0
NERV,2025-10-29,2026-05-20,19,203,2,4,2,3,1,0.6489
NESR,2025-11-18,2026-06-01,25,195,2,5,4,3,-1,0.889
NET,2026-03-10,2026-06-01,18,83,1,4,1,4,3,0.7638
NEU,2025-08-18,2026-06-01,25,287,3,5,5,5,0,0.8908
NEWT,2025-08-18,2026-06-01,29,287,2,5,5,4,-1,0.6283
NEXT,2025-10-29,2026-06-01,18,215,1,3,3,1,-2,0.8535
NFBK,2025-08-25,2025-10-19,2,55,4,4,4,4,0,0.0
NFE,2026-03-10,2026-06-01,17,83,1,2,1,1,0,0.3222
NFG,2025-08-18,2026-06-01,34,287,4,5,4,4,0,0.169
NFLX,2025-08-25,2026-06-01,21,280,3,4,4,3,-1,0.4714
NG,2025-10-29,2026-06-01,19,215,1,5,5,2,-3,0.8775
NGD,2026-03-10,2026-03-10,1,0,3,3,3,3,0,0.0
NGS,2025-08-18,2026-06-01,22,287,1,5,4,3,-1,1.267
NGVC,2025-11-18,2026-06-01,31,195,3,5,3,4,1,0.3898
NGVT,2025-10-29,2026-06-01,19,215,2,4,4,4,0,0.9986
NHC,2025-08-18,2026-06-01,33,287,4,5,4,4,0,0.4596
NHI,2026-03-10,2026-06-01,17,83,2,4,3,2,-1,0.4159
NI,2025-11-18,2026-06-01,24,195,2,4,4,3,-1,0.5758
NIC,2026-05-20,2026-06-01,3,12,1,2,2,1,-1,0.4714
NICE,2025-08-18,2026-05-20,22,275,3,5,4,4,0,0.6166
NIO,2025-08-25,2026-04-04,4,222,1,5,4,5,1,1.6394
NIQ,2026-05-20,2026-06-01,3,12,1,5,1,5,4,1.633
NJR,2025-08-18,2026-06-01,23,287,3,4,4,3,-1,0.488
NKE,2026-03-10,2026-06-01,17,83,1,2,2,1,-1,0.4779
NKSH,2026-03-10,2026-05-20,15,71,2,4,2,4,2,0.5963
NKTR,2025-08-18,2026-06-01,21,287,1,5,4,2,-2,0.9712
NL,2026-03-10,2026-05-26,16,77,1,3,3,2,-1,0.559
NLY,2025-08-18,2026-06-01,33,287,3,5,5,3,-2,0.7285
NMAX,2026-05-20,2026-06-01,3,12,1,2,2,1,-1,0.4714
NMIH,2025-08-18,2026-06-01,27,287,4,4,4,4,0,0.0
NMR,2025-10-19,2026-05-20,28,213,3,5,4,4,0,0.6258
NMRK,2025-08-25,2026-06-01,19,280,2,5,5,2,-3,0.5861
NN,2026-05-20,2026-06-01,3,12,2,3,2,3,1,0.4714
NNI,2026-02-13,2026-06-01,29,108,3,5,4,4,0,0.5496
NNN,2026-03-10,2026-06-01,17,83,3,4,4,3,-1,0.3812
NOC,2025-10-29,2026-06-01,28,215,2,4,4,2,-2,0.9442
NOG,2025-10-19,2026-06-01,19,225,2,4,4,2,-2,0.8255
NOK,2025-11-18,2026-06-01,31,195,3,5,3,4,1,0.5201
NOMD,2025-08-18,2026-03-10,3,204,3,4,4,3,-1,0.4714
NOV,2025-10-29,2026-06-01,19,215,2,4,4,3,-1,0.6531
NOVT,2026-03-10,2026-06-01,17,83,2,4,4,3,-1,0.4159
NOW,2025-10-29,2026-06-01,19,215,1,3,2,3,1,0.6531
NP,2026-03-10,2026-06-01,15,83,3,4,3,3,0,0.4899
NPB,2026-05-20,2026-06-01,3,12,4,4,4,4,0,0.0
NPCE,2026-05-20,2026-06-01,3,12,1,2,1,2,1,0.4714
NPK,2026-03-10,2026-06-01,17,83,1,2,2,1,-1,0.4991
NPKI,2026-05-20,2026-06-01,3,12,3,3,3,3,0,0.0
NPO,2026-03-10,2026-06-01,17,83,2,3,2,2,0,0.4242
NREF,2025-11-18,2026-06-01,21,195,2,4,4,3,-1,0.794
NRG,2025-11-18,2026-06-01,19,195,1,5,5,1,-4,1.0287
NRIM,2025-08-18,2026-06-01,30,287,4,5,5,4,-1,0.4714
NRIX,2026-05-20,2026-06-01,3,12,1,2,1,2,1,0.4714
NSA,2026-03-10,2026-06-01,22,83,3,4,3,4,1,0.4658
NSC,2025-10-19,2026-06-01,20,225,2,4,4,3,-1,0.5099
NSIT,2025-10-19,2026-06-01,29,225,3,5,4,3,-1,0.4138
NSP,2026-03-10,2026-06-01,17,83,1,4,1,4,3,0.696
NSSC,2025-08-18,2026-06-01,22,287,3,5,5,3,-2,0.7767
NTAP,2025-10-19,2026-06-01,24,225,2,5,5,4,-1,1.0
NTB,2025-08-18,2026-05-20,29,275,3,5,5,3,-2,0.7555
NTCT,2026-03-10,2026-06-01,17,83,2,3,3,3,0,0.3222
NTES,2025-08-18,2026-06-01,22,287,3,5,5,4,-1,0.782
NTGR,2025-08-18,2026-06-01,23,287,2,5,4,3,-1,0.7064
NTIC,2026-03-10,2026-05-20,15,71,1,1,1,1,0,0.0
NTLA,2025-10-29,2026-06-01,18,215,2,3,2,3,1,0.4875
NTNX,2026-03-10,2026-06-01,17,83,1,3,1,3,2,0.9075
NTR,2025-10-29,2026-06-01,30,215,2,5,2,2,0,0.8138
NTRA,2026-03-10,2026-06-01,17,83,2,3,2,3,1,0.2353
NTRP,2026-05-20,2026-05-20,1,0,3,3,3,3,0,0.0
NTRS,2025-08-18,2026-06-01,20,287,3,4,4,4,0,0.433
NTST,2026-05-20,2026-06-01,3,12,3,3,3,3,0,0.0
NU,2026-03-10,2026-06-01,17,83,2,4,4,2,-2,0.4706
NUE,2025-11-18,2026-06-01,20,195,3,5,4,4,0,0.5723
NUS,2025-08-18,2026-06-01,20,287,2,4,4,3,-1,0.3841
NVAX,2025-08-18,2026-06-01,32,287,3,5,4,5,1,0.522
NVCR,2026-03-10,2026-06-01,17,83,1,2,1,2,1,0.4922
NVDA,2025-08-25,2026-06-01,24,280,3,5,4,4,0,0.6401
NVEC,2025-11-18,2026-06-01,30,195,3,5,4,3,-1,0.7572
NVGS,2025-08-18,2026-06-01,20,287,2,5,4,3,-1,0.6403
NVMI,2025-10-29,2026-05-20,21,203,2,4,2,3,1,0.526
NVO,2025-08-18,2026-06-01,28,287,4,5,5,5,0,0.4518
NVR,2026-03-10,2026-06-01,17,83,1,3,3,1,-2,0.7848
NVRI,2026-02-13,2026-06-01,22,108,2,4,4,3,-1,0.4896
NVS,2025-08-18,2026-06-01,34,287,3,5,5,4,-1,0.5294
NVST,2025-08-18,2026-06-01,22,287,3,4,4,3,-1,0.4191
NVT,2025-11-18,2026-06-01,24,195,3,5,4,4,0,0.4545
NVTS,2026-05-20,2026-06-01,3,12,2,3,3,2,-1,0.4714
NWBI,2025-08-18,2026-06-01,25,287,2,5,4,4,0,0.8
NWE,2025-10-29,2026-06-01,18,215,2,3,3,2,-1,0.2291
NWFL,2026-03-02,2026-06-01,24,91,4,5,5,4,-1,0.4841
NWL,2026-03-10,2026-06-01,17,83,1,3,1,3,2,0.5882
NWN,2025-08-18,2026-06-01,20,287,2,4,4,2,-2,0.4472
NWPX,2025-08-18,2026-06-01,29,287,3,5,5,5,0,0.4828
NWS,2026-04-30,2026-06-01,9,32,3,4,3,3,0,0.4157
NWSA,2026-03-10,2026-06-01,17,83,2,3,2,2,0,0.4242
NX,2026-03-10,2026-06-01,17,83,2,4,4,2,-2,0.5703
NXDR,2026-05-20,2026-06-01,3,12,1,3,1,3,2,0.9428
NXPI,2025-12-11,2026-06-01,18,172,2,4,3,4,1,0.7638
NXRT,2026-03-10,2026-06-01,17,83,1,3,3,1,-2,0.7848
NXST,2025-08-18,2026-06-01,24,287,2,4,4,2,-2,0.5951
NXT,2025-08-18,2026-06-01,25,287,3,4,4,3,-1,0.4964
NYT,2025-08-18,2026-06-01,22,287,2,5,5,3,-2,1.0335
O,2025-12-11,2026-06-01,18,172,2,4,3,3,0,0.6009
OABI,2026-05-26,2026-06-01,2,6,3,4,4,3,-1,0.5
OBK,2026-05-20,2026-06-01,3,12,2,3,2,2,0,0.4714
OC,2025-08-18,2026-06-01,20,287,1,5,5,2,-3,1.1169
OCFC,2025-08-18,2026-06-01,21,287,3,4,4,3,-1,0.4994
OCGN,2026-05-20,2026-06-01,3,12,3,3,3,3,0,0.0
OCUL,2026-03-10,2026-06-01,17,83,1,1,1,1,0,0.0
ODC,2025-08-25,2026-06-01,31,280,3,5,5,5,0,0.5661
ODFL,2026-03-10,2026-06-01,19,83,3,4,4,4,0,0.4403
ODP,2025-08-18,2025-11-18,4,92,3,4,4,3,-1,0.433
OEC,2025-10-29,2026-06-01,18,215,1,4,3,3,0,0.9558
OFG,2025-08-18,2026-06-01,34,287,3,5,5,5,0,0.6035
OFIX,2025-08-18,2026-06-01,34,287,4,5,4,4,0,0.4242
OFLX,2025-08-25,2026-06-01,23,280,3,5,4,3,-1,0.7506
OGE,2025-08-18,2026-06-01,20,287,2,4,4,3,-1,0.6245
OGN,2025-08-18,2026-06-01,22,287,2,5,5,3,-2,0.782
OGS,2025-08-18,2026-06-01,30,287,3,4,4,3,-1,0.3
OHI,2025-12-11,2026-06-01,21,172,3,5,3,4,1,0.4666
OI,2025-08-18,2026-06-01,20,287,1,5,4,1,-3,1.2031
OII,2025-10-29,2026-06-01,32,215,4,5,4,4,0,0.4635
OIS,2025-10-29,2026-06-01,23,215,3,5,4,3,-1,0.55
OKE,2026-01-08,2026-06-01,24,144,3,5,4,5,1,0.7059
OKLO,2026-05-20,2026-06-01,3,12,1,2,1,2,1,0.4714
OKTA,2026-03-10,2026-06-01,17,83,1,3,2,3,1,0.7624
OLED,2025-10-29,2026-06-01,19,215,1,4,4,2,-2,0.6489
OLLI,2026-03-10,2026-06-01,17,83,2,3,2,2,0,0.4556
OLN,2025-08-18,2026-06-01,20,287,2,4,4,2,-2,0.4975
OLP,2026-03-10,2026-06-01,17,83,1,3,3,3,0,0.9558
OLPX,2026-05-20,2026-06-01,3,12,2,2,2,2,0,0.0
OMC,2025-08-25,2026-06-01,25,280,1,5,4,1,-3,1.2924
OMCL,2025-08-18,2026-06-01,21,287,2,5,5,5,0,0.992
OMDA,2026-05-20,2026-06-01,3,12,2,2,2,2,0,0.0
OMER,2025-10-29,2026-06-01,21,215,2,5,2,3,1,0.8109
OMF,2025-12-11,2026-06-01,18,172,2,3,3,3,0,0.4875
OMI,2025-10-19,2025-10-29,2,10,4,4,4,4,0,0.0
ON,2025-12-11,2026-06-01,25,172,3,5,4,4,0,0.2828
ONB,2026-03-10,2026-06-01,17,83,2,3,3,3,0,0.3812
ONC,2026-05-20,2026-06-01,3,12,2,3,3,2,-1,0.4714
ONCY,2025-10-29,2026-05-20,16,203,2,5,5,3,-2,0.857
ONEW,2025-10-19,2026-05-20,16,213,2,4,4,2,-2,0.6124
ONT,2026-05-20,2026-06-01,3,12,1,2,1,1,0,0.4714
ONTO,2026-03-10,2026-06-01,17,83,2,3,2,2,0,0.3222
OOMA,2025-10-29,2026-06-01,23,215,2,4,4,2,-2,0.6118
OPBK,2025-08-25,2026-05-20,23,268,3,5,5,5,0,0.5465
OPCH,2025-08-18,2026-06-01,24,287,2,5,5,3,-2,1.0129
OPEN,2026-05-20,2026-06-01,3,12,1,1,1,1,0,0.0
OPFI,2026-05-20,2026-06-01,3,12,3,5,5,5,0,0.9428
OPK,2026-02-13,2026-06-01,21,108,3,4,4,3,-1,0.3927
OPLN,2026-03-10,2026-06-01,18,83,2,4,2,4,2,0.8165
OPRT,2025-08-25,2026-05-20,28,268,4,5,5,5,0,0.4792
OPRX,2026-02-18,2026-05-20,25,91,4,5,4,4,0,0.48
OPTU,2026-03-10,2026-06-01,17,83,3,4,4,3,-1,0.4242
ORA,2026-03-10,2026-06-01,17,83,1,3,2,2,0,0.5455
ORCL,2026-03-10,2026-06-01,17,83,1,4,1,4,3,0.8565
ORGO,2026-03-07,2026-04-04,5,28,4,5,4,4,0,0.4899
ORI,2025-08-18,2026-06-01,28,287,3,5,5,4,-1,0.6176
ORLY,2025-08-18,2026-06-01,20,287,1,4,4,1,-3,0.7665
ORN,2025-08-18,2026-06-01,18,287,3,5,5,4,-1,0.5
ORRF,2025-08-25,2026-06-01,27,280,4,5,5,4,-1,0.3884
OSBC,2025-08-18,2026-06-01,20,287,3,5,5,3,-2,0.7348
OSCR,2026-03-10,2026-06-01,17,83,1,5,1,5,4,1.2478
OSG,2026-03-10,2026-06-01,17,83,2,3,2,3,1,0.4242
OSIS,2025-08-18,2026-06-01,20,287,3,4,4,3,-1,0.3
OSK,2025-08-18,2026-06-01,25,287,2,5,4,2,-2,1.0385
OSPN,2025-08-18,2026-06-01,24,287,2,5,5,3,-2,0.9565
OSUR,2026-03-10,2026-05-20,15,71,2,3,2,2,0,0.4
OTEX,2025-11-18,2026-06-01,18,195,2,5,5,3,-2,0.5241
OTIS,2025-10-29,2026-06-01,24,215,2,4,2,2,0,0.8122
OTTR,2025-08-18,2026-06-01,34,287,4,5,4,5,1,0.4412
OUST,2026-05-20,2026-06-01,3,12,2,2,2,2,0,0.0
OUT,2025-11-18,2026-06-01,26,195,4,5,5,4,-1,0.3608
OVID,2025-10-19,2026-06-01,21,225,3,4,4,3,-1,0.3927
OVV,2025-12-11,2026-06-01,23,172,3,5,3,5,2,0.7802
OWL,2026-03-10,2026-06-01,17,83,1,1,1,1,0,0.0
OXM,2026-03-10,2026-06-01,17,83,1,2,2,2,0,0.3222
OXY,2026-03-10,2026-06-01,22,83,3,5,3,4,1,0.6166
OZK,2025-08-18,2026-06-01,32,287,4,5,5,5,0,0.4635
P,2026-04-18,2026-06-01,15,44,1,2,2,2,0,0.4
PAA,2025-12-11,2026-06-01,29,172,3,5,4,4,0,0.5933
PAAS,2025-08-18,2026-05-20,22,275,2,5,5,2,-3,1.1862
PACB,2025-10-19,2026-06-01,29,225,2,4,4,2,-2,0.5645
PACK,2026-03-10,2026-06-01,17,83,1,3,3,1,-2,0.9701
PACS,2026-05-20,2026-06-01,3,12,1,2,1,2,1,0.4714
PAG,2025-08-18,2026-06-01,22,287,3,4,4,3,-1,0.481
PAGP,2025-08-25,2026-06-01,25,280,3,5,5,5,0,0.796
PAGS,2025-08-18,2026-06-01,33,287,4,5,5,5,0,0.4454
PAHC,2025-08-18,2026-06-01,26,287,2,5,4,2,-2,0.6154
PAM,2025-08-18,2026-04-04,8,229,3,5,4,4,0,0.5
PANL,2025-11-18,2026-06-01,22,195,3,4,4,3,-1,0.4658
PANW,2025-10-19,2026-06-01,20,225,1,4,4,3,-1,0.995
PAR,2026-03-10,2026-06-01,17,83,1,3,2,1,-1,0.6655
PATH,2025-10-19,2026-06-01,19,225,1,5,5,3,-2,1.2588
PATK,2025-10-29,2026-06-01,20,215,1,4,3,1,-2,1.26
PAYC,2025-12-11,2026-06-01,18,172,2,5,3,5,2,0.8749
PAYS,2025-08-18,2026-06-01,20,287,3,4,4,4,0,0.4583
PAYX,2026-03-10,2026-06-01,17,83,1,3,2,3,1,0.5882
PB,2025-12-11,2026-06-01,18,172,3,4,4,3,-1,0.2291
PBF,2026-03-10,2026-06-01,21,83,2,4,3,3,0,0.7315
PBH,2026-03-10,2026-06-01,20,83,3,4,3,3,0,0.433
PBI,2025-08-18,2026-06-01,32,287,4,5,4,5,1,0.4961
PBPB,2025-10-19,2025-10-19,1,0,4,4,4,4,0,0.0
PBR,2025-08-25,2026-06-01,31,280,4,5,5,4,-1,0.1767
PBYI,2025-08-18,2026-06-01,34,287,4,5,5,4,-1,0.4965
PCAR,2026-03-10,2026-06-01,17,83,2,4,3,2,-1,0.8725
PCB,2025-08-25,2026-06-01,27,280,4,5,5,5,0,0.4829
PCG,2025-08-18,2026-06-01,29,287,3,5,4,3,-1,0.681
PCOR,2025-11-18,2026-06-01,19,195,1,3,3,1,-2,0.8616
PCRX,2025-10-19,2026-06-01,19,225,3,5,5,4,-1,0.5908
PCT,2026-05-20,2026-06-01,3,12,1,3,1,3,2,0.9428
PCTY,2026-03-10,2026-06-01,17,83,2,4,2,4,2,0.5882
PCYO,2025-08-25,2026-05-20,21,268,3,5,4,4,0,0.5471
PD,2026-01-08,2026-06-01,28,144,3,5,5,3,-2,0.5658
PDD,2025-08-18,2026-03-10,5,204,3,5,4,3,-1,0.6325
PDEX,2025-08-18,2025-11-18,4,92,4,5,5,4,-1,0.5
PDFS,2026-03-10,2026-06-01,17,83,1,3,3,1,-2,0.696
PDLB,2025-08-18,2026-06-01,29,287,2,5,4,5,1,0.8966
PDM,2025-11-18,2026-06-01,18,195,2,4,4,2,-2,0.6009
PDS,2025-08-18,2026-06-01,22,287,2,5,5,3,-2,0.8282
PDYN,2026-06-01,2026-06-01,1,0,3,3,3,3,0,0.0
PEB,2025-08-25,2026-06-01,20,280,1,5,4,3,-1,0.781
PEBO,2025-10-19,2026-06-01,22,225,3,5,5,5,0,0.668
PECO,2026-03-02,2026-06-01,18,91,2,4,4,2,-2,0.7638
PEG,2025-10-29,2026-06-01,20,215,3,4,4,3,-1,0.3
PEGA,2025-08-25,2026-06-01,19,280,1,4,4,1,-3,1.05
PEN,2026-03-10,2026-06-01,17,83,3,3,3,3,0,0.0
PENG,2025-10-19,2026-06-01,19,225,1,5,5,3,-2,0.7255
PENN,2026-03-10,2026-06-01,17,83,1,2,1,2,1,0.2353
PEP,2025-10-29,2026-06-01,18,215,3,3,3,3,0,0.0
PERI,2026-03-10,2026-05-20,15,71,3,4,3,3,0,0.4422
PESI,2026-03-10,2026-05-20,13,71,1,2,2,1,-1,0.2665
PETS,2026-03-10,2026-05-20,13,71,3,3,3,3,0,0.0
PFBC,2025-08-18,2026-06-01,34,287,3,5,5,3,-2,0.6504
PFE,2025-08-18,2026-06-01,29,287,4,5,5,4,-1,0.3777
PFG,2025-11-18,2026-06-01,19,195,2,5,5,2,-3,0.7139
PFGC,2025-12-11,2026-06-01,18,172,1,3,3,2,-1,0.3333
PFIS,2025-08-25,2025-10-19,2,55,4,5,5,4,-1,0.5
PFS,2025-08-18,2026-06-01,32,287,4,5,5,4,-1,0.4635
PFSI,2026-03-10,2026-06-01,17,83,1,2,1,1,0,0.4922
PG,2026-03-10,2026-06-01,17,83,2,3,3,3,0,0.4991
PGC,2026-03-10,2026-06-01,17,83,2,3,2,3,1,0.4991
PGEN,2026-03-10,2026-06-01,17,83,1,2,1,2,1,0.4556
PGNY,2025-08-18,2026-06-01,25,287,3,5,5,4,-1,0.7222
PGR,2025-08-18,2026-06-01,25,287,4,5,4,4,0,0.196
PGY,2026-05-20,2026-06-01,3,12,3,3,3,3,0,0.0
PH,2025-08-18,2026-06-01,31,287,2,4,4,2,-2,0.6564
PHAT,2026-05-20,2026-06-01,3,12,1,2,1,2,1,0.4714
PHG,2025-11-18,2026-05-20,21,183,3,4,3,3,0,0.4259
PHI,2025-08-18,2026-05-20,14,275,3,5,5,3,-2,0.7284
PHIN,2025-08-18,2026-06-01,29,287,3,5,5,5,0,0.647
PHM,2025-10-29,2026-06-01,20,215,2,5,5,3,-2,0.6633
PHR,2025-08-25,2026-06-01,32,280,3,5,5,4,-1,0.4831
PI,2025-12-11,2026-06-01,18,172,1,3,3,2,-1,0.5906
PII,2025-10-29,2026-06-01,19,215,1,4,3,2,-1,0.6943
PINC,2025-08-18,2025-08-25,2,7,4,4,4,4,0,0.0
PINE,2025-11-18,2026-06-01,30,195,3,5,4,3,-1,0.5859
PINS,2025-12-11,2026-06-01,23,172,2,5,3,3,0,1.0489
PIPR,2025-08-18,2026-06-01,31,287,3,5,4,4,0,0.672
PJT,2025-08-25,2026-06-01,24,280,2,5,5,2,-3,0.9922
PK,2026-03-10,2026-06-01,17,83,2,4,3,3,0,0.4159
PKG,2025-10-29,2026-06-01,18,215,1,3,3,3,0,0.6573
PKOH,2025-08-18,2026-06-01,25,287,3,5,4,4,0,0.4308
PKX,2026-03-10,2026-05-20,15,71,1,3,3,1,-2,0.5963
PL,2026-05-20,2026-06-01,3,12,1,2,2,1,-1,0.4714
PLAB,2025-10-19,2026-06-01,22,225,3,5,4,3,-1,0.5163
PLAY,2026-03-10,2026-06-01,17,83,1,1,1,1,0,0.0
PLBC,2025-08-25,2026-06-01,23,280,2,4,4,2,-2,0.8498
PLCE,2026-03-10,2026-03-10,1,0,3,3,3,3,0,0.0
PLD,2026-03-10,2026-06-01,18,83,4,4,4,4,0,0.0
PLMR,2025-08-18,2026-06-01,28,287,3,5,4,4,0,0.5669
PLNT,2026-03-10,2026-06-01,17,83,1,2,2,2,0,0.4922
PLOW,2026-03-02,2026-06-01,25,91,3,5,4,4,0,0.6765
PLPC,2025-08-18,2026-06-01,33,287,3,5,5,3,-2,0.8441
PLSE,2025-10-29,2026-06-01,18,215,1,4,4,1,-3,0.7617
PLTK,2025-11-18,2026-06-01,18,195,3,4,4,4,0,0.4479
PLTR,2025-08-18,2026-06-01,25,287,1,5,5,5,0,1.2961
PLUG,2026-03-10,2026-06-01,18,83,1,4,1,3,2,0.5241
PLUS,2025-08-18,2026-06-01,22,287,3,4,4,3,-1,0.3432
PLX,2025-08-25,2026-05-20,19,268,2,4,4,4,0,0.812
PLXS,2025-08-18,2026-06-01,35,287,3,5,4,3,-1,0.5496
PLYM,2025-08-18,2025-11-18,3,92,3,4,4,3,-1,0.4714
PM,2025-12-11,2026-06-01,18,172,2,4,3,4,1,0.5774
PMT,2025-11-18,2026-06-01,18,195,1,4,4,1,-3,0.9112
PMTS,2026-03-10,2026-05-20,15,71,3,4,3,4,1,0.4
PNC,2026-03-10,2026-06-01,17,83,2,3,3,3,0,0.2353
PNFP,2026-03-10,2026-06-01,17,83,2,3,3,2,-1,0.4922
PNR,2025-10-19,2026-06-01,18,225,2,4,4,2,-2,0.4581
PNRG,2025-08-18,2026-06-01,21,287,3,5,4,3,-1,0.9759
PNTG,2025-10-19,2026-06-01,20,225,1,5,5,2,-3,1.0137
PNW,2026-03-07,2026-06-01,23,86,3,5,4,4,0,0.7064
PODD,2025-12-11,2026-06-01,18,172,3,4,3,3,0,0.2291
POOL,2026-03-10,2026-06-01,17,83,1,3,3,2,-1,0.7715
POR,2025-08-18,2026-06-01,30,287,3,5,4,4,0,0.359
POST,2025-08-18,2026-06-01,21,287,2,4,4,2,-2,0.5754
POWI,2026-03-10,2026-06-01,17,83,3,3,3,3,0,0.0
POWL,2025-08-18,2026-06-01,30,287,3,5,4,5,1,0.6633
POWW,2025-11-18,2026-05-20,23,183,3,5,4,4,0,0.5702
PPG,2026-03-10,2026-06-01,17,83,2,4,3,2,-1,0.8725
PPL,2025-10-29,2026-06-01,23,215,3,4,3,3,0,0.4125
PR,2026-03-10,2026-06-01,22,83,3,5,3,3,0,0.7056
PRA,2026-03-10,2026-06-01,17,83,2,4,2,3,1,0.696
PRAA,2026-03-10,2026-06-01,17,83,2,4,2,3,1,0.5128
PRCH,2026-05-20,2026-06-01,3,12,3,4,3,4,1,0.4714
PRCT,2026-05-20,2026-06-01,3,12,1,1,1,1,0,0.0
PRDO,2025-08-18,2026-06-01,33,287,3,5,4,3,-1,0.8624
PRG,2025-08-18,2026-06-01,33,287,4,5,5,5,0,0.4886
PRGO,2025-08-18,2026-06-01,21,287,2,5,4,3,-1,0.9571
PRGS,2025-08-18,2026-06-01,32,287,3,5,4,4,0,0.3046
PRI,2025-08-18,2026-06-01,32,287,3,5,4,5,1,0.4831
PRIM,2025-08-18,2026-06-01,31,287,2,5,5,2,-3,1.0532
PRK,2025-08-18,2026-06-01,31,287,1,5,4,2,-2,1.2326
PRKS,2025-08-18,2026-06-01,22,287,1,5,5,1,-4,1.3307
PRLB,2025-10-29,2026-06-01,23,215,3,4,3,4,1,0.4601
PRM,2026-05-20,2026-06-01,3,12,4,4,4,4,0,0.0
PRME,2026-05-20,2026-06-01,3,12,2,2,2,2,0,0.0
PRO,2025-10-19,2025-11-18,2,30,4,4,4,4,0,0.0
PRQR,2026-03-10,2026-05-20,15,71,2,3,2,3,1,0.4989
PRSU,2025-10-19,2026-06-01,19,225,2,5,4,4,0,1.0939
PRTA,2025-10-29,2026-06-01,18,215,1,5,3,5,2,0.8696
PRTH,2025-08-18,2026-06-01,28,287,2,5,4,5,1,1.0076
PRU,2025-11-18,2026-06-01,23,195,2,4,4,3,-1,0.8249
PRVA,2025-10-19,2026-06-01,18,225,1,4,4,1,-3,0.8032
PSA,2026-03-10,2026-06-01,17,83,3,4,3,4,1,0.3812
PSFE,2026-03-10,2026-06-01,17,83,1,3,2,1,-1,0.696
PSKY,2026-03-10,2026-06-01,17,83,2,3,2,2,0,0.2353
PSMT,2025-08-18,2026-06-01,33,287,4,5,4,4,0,0.2386
PSN,2026-03-10,2026-06-01,17,83,1,2,1,1,0,0.4779
PSNL,2026-03-10,2026-06-01,17,83,1,2,2,1,-1,0.4556
PSTG,2025-08-18,2026-04-15,3,240,1,4,4,2,-2,1.2472
PSTL,2025-08-18,2026-06-01,28,287,3,5,5,3,-2,0.9656
PSX,2025-10-19,2026-06-01,25,225,3,5,4,5,1,0.7652
PTC,2025-10-19,2026-06-01,20,225,1,5,5,3,-2,1.2207
PTCT,2025-08-18,2026-06-01,27,287,1,5,5,1,-4,0.9572
PTEN,2025-10-29,2026-06-01,24,215,3,5,4,5,1,0.5528
PTGX,2025-11-18,2026-06-01,18,195,1,3,3,1,-2,0.4581
PTLO,2026-06-01,2026-06-01,1,0,3,3,3,3,0,0.0
PTON,2025-10-19,2026-06-01,18,225,1,4,4,3,-1,0.9938
PUMP,2026-03-10,2026-06-01,21,83,3,4,3,3,0,0.4949
PVBC,2025-08-25,2025-10-19,2,55,4,4,4,4,0,0.0
PVH,2025-08-18,2026-06-01,22,287,3,5,4,4,0,0.5548
PWR,2025-10-29,2026-06-01,23,215,2,4,2,4,2,0.5602
PXED,2026-05-20,2026-06-01,3,12,4,4,4,4,0,0.0
PXLW,2025-10-29,2026-05-20,16,203,2,4,4,3,-1,0.4841
PYPL,2025-08-18,2026-06-01,27,287,3,5,4,4,0,0.5393
PZZA,2026-03-10,2026-06-01,17,83,1,2,1,2,1,0.2353
Q,2026-03-10,2026-06-01,22,83,2,4,4,2,-2,0.9674
QBTS,2026-03-10,2026-06-01,19,83,3,4,4,4,0,0.4824
QCOM,2025-10-29,2026-06-01,20,215,2,5,4,4,0,0.9798
QCRH,2026-03-10,2026-06-01,17,83,2,3,2,3,1,0.4779
QDEL,2026-03-10,2026-06-01,17,83,1,2,1,1,0,0.4242
QGEN,2025-08-18,2026-06-01,21,287,2,5,5,4,-1,1.1086
QLYS,2025-10-29,2026-06-01,22,215,3,5,3,3,0,0.7714
QNST,2025-08-25,2026-06-01,19,280,2,5,5,4,-1,0.6359
QRHC,2025-10-29,2026-05-20,16,203,2,3,3,2,-1,0.3307
QRVO,2025-08-18,2026-06-01,25,287,3,5,5,4,-1,0.5879
QS,2026-05-20,2026-06-01,3,12,1,3,1,2,1,0.8165
QSR,2025-08-18,2026-06-01,24,287,3,5,4,4,0,0.7993
QTRX,2026-03-10,2026-06-01,17,83,2,3,2,3,1,0.4922
QTWO,2026-03-10,2026-06-01,17,83,2,3,2,3,1,0.4922
QUAD,2025-08-18,2026-06-01,30,287,3,5,4,4,0,0.526
QUBT,2026-03-10,2026-06-01,22,83,3,5,4,4,0,0.4746
QURE,2026-03-10,2026-06-01,17,83,2,3,2,3,1,0.4922
QXO,2026-05-20,2026-06-01,3,12,1,1,1,1,0,0.0
R,2025-10-19,2026-06-01,28,225,3,5,4,5,1,0.5567
RACE,2025-08-18,2026-05-20,21,275,3,5,5,3,-2,0.6529
RAIL,2025-11-18,2026-05-20,16,183,2,4,4,3,-1,0.5266
RAL,2025-11-18,2026-06-01,18,195,1,4,4,2,-2,0.5774
RAMP,2025-11-18,2026-06-01,19,195,2,5,5,4,-1,0.9386
RAPP,2026-05-20,2026-06-01,3,12,1,2,1,2,1,0.4714
RARE,2025-10-29,2026-06-01,18,215,2,3,2,2,0,0.4157
RBA,2026-03-10,2026-06-01,17,83,2,3,2,3,1,0.3222
RBB,2025-08-25,2026-06-01,20,280,3,5,4,5,1,0.8944
RBBN,2025-10-29,2026-06-01,31,215,2,5,4,2,-2,1.1469
RBC,2025-08-18,2026-06-01,24,287,3,5,4,3,-1,0.7253
RBCAA,2025-08-18,2026-05-08,23,263,4,5,5,4,-1,0.379
RBLX,2026-03-10,2026-06-01,17,83,1,1,1,1,0,0.0
RBRK,2026-05-20,2026-06-01,3,12,2,3,2,2,0,0.4714
RC,2026-03-10,2026-05-26,16,77,1,3,3,2,-1,0.4285
RCAT,2026-05-26,2026-06-01,2,6,1,1,1,1,0,0.0
RCI,2025-08-18,2026-06-01,20,287,2,5,5,2,-3,0.9421
RCKT,2025-10-29,2026-06-01,18,215,2,3,2,2,0,0.3143
RCKY,2025-08-25,2026-05-20,29,268,4,5,4,5,1,0.2534
RCL,2025-10-29,2026-06-01,18,215,1,3,2,1,-1,0.6211
RCMT,2025-10-29,2026-06-01,18,215,3,5,3,5,2,0.7454
RCUS,2026-03-10,2026-06-01,17,83,1,2,2,2,0,0.2353
RDDT,2025-10-19,2026-06-01,19,225,1,5,5,3,-2,0.7178
RDN,2025-08-18,2026-06-01,28,287,4,5,4,4,0,0.4792
RDNT,2026-03-10,2026-06-01,17,83,1,1,1,1,0,0.0
RDVT,2025-10-19,2026-06-01,24,225,3,5,5,5,0,0.4983
RDW,2026-05-20,2026-06-01,3,12,1,1,1,1,0,0.0
RDY,2025-08-25,2026-05-20,21,268,4,4,4,4,0,0.0
REAL,2026-02-13,2026-05-20,19,96,1,4,4,3,-1,0.6403
REG,2026-03-10,2026-06-01,21,83,2,5,4,4,0,0.526
REGN,2025-08-18,2026-06-01,34,287,3,5,4,4,0,0.5128
REI,2025-10-19,2026-05-20,19,213,2,5,5,5,0,1.2388
RELL,2025-10-19,2026-06-01,19,225,2,5,4,3,-1,0.552
RELY,2026-05-20,2026-06-01,3,12,3,3,3,3,0,0.0
REPX,2026-05-20,2026-06-01,3,12,4,5,5,4,-1,0.4714
RES,2026-03-10,2026-06-01,21,83,2,4,2,3,1,0.4666
REVG,2025-08-18,2026-01-08,6,143,5,5,5,5,0,0.0
REX,2026-03-10,2026-06-01,17,83,2,3,2,3,1,0.2353
REXR,2025-08-25,2026-06-01,18,280,1,4,4,3,-1,0.8819
REYN,2025-08-18,2026-06-01,20,287,2,4,4,3,-1,0.7399
REZI,2025-08-18,2026-06-01,21,287,2,5,4,2,-2,0.8492
RF,2025-08-18,2026-06-01,18,287,3,4,4,4,0,0.4875
RGA,2026-02-13,2026-06-01,28,108,3,5,5,3,-2,0.5297
RGCO,2025-08-18,2026-05-20,29,275,3,5,4,3,-1,0.5872
RGEN,2026-03-10,2026-06-01,17,83,1,2,1,1,0,0.4991
RGLD,2025-08-18,2026-06-01,20,287,1,5,4,1,-3,1.1619
RGNX,2026-03-10,2026-06-01,21,83,3,4,4,3,-1,0.3927
RGP,2025-08-18,2026-06-01,23,287,2,5,4,2,-2,1.0809
RGR,2026-03-10,2026-06-01,17,83,1,4,2,4,2,0.696
RGTI,2026-03-10,2026-06-01,22,83,3,5,4,3,-1,0.7158
RH,2026-03-10,2026-06-01,17,83,1,2,1,1,0,0.3812
RHI,2026-03-10,2026-06-01,17,83,1,3,1,3,2,0.6444
RHP,2026-03-10,2026-06-01,17,83,3,3,3,3,0,0.0
RIG,2025-08-18,2026-06-01,30,287,3,5,4,4,0,0.5121
RIGL,2025-08-18,2026-06-01,32,287,3,5,5,3,-2,0.696
RIO,2025-08-18,2026-05-20,30,275,3,5,5,3,-2,0.9978
RIOT,2026-03-10,2026-06-01,17,83,2,3,2,3,1,0.3812
RITM,2025-08-18,2026-06-01,19,287,2,5,5,2,-3,0.9326
RIVN,2026-03-10,2026-06-01,17,83,1,3,1,1,0,0.691
RJF,2025-08-18,2026-06-01,29,287,3,5,5,5,0,0.6168
RKLB,2026-05-20,2026-06-01,3,12,1,2,2,1,-1,0.4714
RKT,2026-03-10,2026-06-01,17,83,1,3,3,2,-1,0.5703
RL,2025-12-11,2026-06-01,28,172,2,4,3,2,-1,0.6662
RLAY,2026-05-20,2026-06-01,3,12,1,2,1,2,1,0.4714
RLGT,2025-08-18,2026-06-01,30,287,3,5,5,3,-2,0.6046
RLI,2026-03-10,2026-06-01,17,83,2,4,4,3,-1,0.5999
RLJ,2026-03-10,2026-06-01,17,83,3,4,3,3,0,0.4242
RM,2025-08-18,2026-03-07,8,201,4,5,4,4,0,0.4841
RMAX,2025-10-19,2026-05-14,6,207,3,5,5,3,-2,0.7454
RMBS,2025-08-18,2026-06-01,23,287,3,5,5,3,-2,0.6792
RMD,2025-08-18,2026-06-01,35,287,4,5,5,4,-1,0.3769
RMNI,2026-03-10,2026-06-01,17,83,1,3,3,1,-2,0.5703
RMR,2025-11-18,2026-06-01,21,195,2,4,3,4,1,0.4994
RMTI,2025-10-29,2026-05-20,14,203,2,3,2,3,1,0.2575
RNAC,2025-10-19,2026-06-01,18,225,2,4,4,2,-2,0.5
RNG,2025-08-18,2026-06-01,26,287,4,5,4,4,0,0.4213
RNGR,2025-08-18,2026-06-01,29,287,1,5,5,1,-4,1.2395
RNR,2025-08-18,2026-06-01,34,287,4,5,5,4,-1,0.169
RNST,2026-03-10,2026-06-01,17,83,2,3,3,2,-1,0.4991
ROAD,2026-02-13,2026-06-01,22,108,3,4,4,3,-1,0.4917
ROCK,2025-08-18,2026-06-01,20,287,2,5,4,2,-2,0.7071
ROG,2025-10-29,2026-06-01,28,215,3,4,3,4,1,0.1856
ROIV,2026-03-10,2026-06-01,17,83,1,1,1,1,0,0.0
ROK,2025-10-29,2026-06-01,20,215,2,5,2,5,3,0.8124
ROKU,2026-03-10,2026-06-01,17,83,2,3,2,2,0,0.2353
ROL,2025-08-18,2026-06-01,24,287,2,5,4,2,-2,1.0274
ROOT,2026-05-20,2026-06-01,3,12,2,3,3,3,0,0.4714
ROP,2026-03-10,2026-06-01,17,83,1,3,1,2,1,0.4706
ROST,2025-10-19,2026-06-01,29,225,3,5,4,5,1,0.7396
RPAY,2026-03-10,2026-06-01,17,83,2,4,2,3,1,0.5455
RPC,2026-05-20,2026-06-01,3,12,2,2,2,2,0,0.0
RPD,2026-03-10,2026-06-01,17,83,1,3,1,3,2,0.6056
RPM,2025-08-18,2026-06-01,18,287,2,4,4,2,-2,0.5984
RPRX,2025-08-18,2026-06-01,30,287,4,5,5,4,-1,0.3
RPT,2025-08-18,2026-05-20,24,275,3,5,4,4,0,0.6236
RRBI,2025-08-25,2026-06-01,20,280,2,5,4,3,-1,0.8646
RRC,2025-12-11,2026-06-01,23,172,3,4,3,3,0,0.4957
RRGB,2025-10-19,2026-05-20,17,213,1,4,4,3,-1,0.6758
RRR,2025-10-29,2026-06-01,18,215,1,3,3,1,-2,0.6009
RRX,2025-08-18,2026-06-01,21,287,3,5,5,3,-2,0.4856
RS,2026-03-10,2026-06-01,19,83,3,4,3,4,1,0.2233
RSG,2025-10-29,2026-06-01,19,215,2,4,2,2,0,0.4881
RSI,2026-05-20,2026-06-01,3,12,3,3,3,3,0,0.0
RSVR,2026-05-20,2026-06-01,3,12,3,3,3,3,0,0.0
RTX,2025-10-29,2026-06-01,24,215,2,4,3,2,-1,0.9428
RUM,2026-05-20,2026-06-01,3,12,1,3,1,3,2,0.9428
RUN,2025-10-19,2026-06-01,20,225,2,5,4,3,-1,0.866
RUSHA,2025-08-18,2026-06-01,27,287,2,5,5,2,-3,1.1967
RVLV,2025-12-11,2026-06-01,23,172,2,5,4,2,-2,0.7581
RVSB,2026-03-10,2026-05-20,15,71,2,3,3,2,-1,0.4714
RVTY,2025-10-29,2026-06-01,19,215,2,3,3,3,0,0.4937
RWT,2026-03-10,2026-06-01,17,83,1,3,3,1,-2,0.6056
RXO,2026-03-10,2026-06-01,17,83,1,3,1,2,1,0.6056
RXRX,2026-05-20,2026-06-01,3,12,2,2,2,2,0,0.0
RY,2025-08-18,2026-06-01,30,287,2,5,5,2,-3,0.781
RYAAY,2025-08-18,2026-05-20,28,275,2,5,5,2,-3,1.0996
RYAM,2026-03-10,2026-06-01,17,83,1,3,1,3,2,0.7715
RYAN,2026-03-10,2026-06-01,17,83,1,3,1,1,0,0.7715
RYI,2025-10-19,2025-10-19,1,0,5,5,5,5,0,0.0
RYN,2025-08-18,2026-06-01,21,287,1,4,4,2,-2,0.9428
RYTM,2026-03-10,2026-06-01,17,83,1,2,1,2,1,0.4922
RYZ,2026-03-10,2026-06-01,17,83,1,3,3,3,0,0.6444
S,2025-10-29,2026-06-01,19,215,2,4,2,4,2,0.887
SABR,2026-03-10,2026-06-01,17,83,2,4,2,3,1,0.6809
SAFE,2025-08-18,2026-06-01,26,287,1,5,4,1,-3,1.1513
SAFT,2025-08-18,2026-06-01,33,287,4,5,5,4,-1,0.4998
SAH,2026-03-10,2026-06-01,17,83,2,4,2,4,2,0.5455
SAIA,2026-03-10,2026-06-01,17,83,2,4,3,4,1,0.5128
SAIC,2025-08-18,2026-06-01,25,287,3,5,5,5,0,0.9243
SAIL,2026-03-10,2026-06-01,17,83,3,3,3,3,0,0.0
SAM,2025-08-18,2026-06-01,29,287,3,5,5,3,-2,0.8347
SAMG,2025-08-18,2026-05-20,18,275,2,5,5,2,-3,0.7857
SAN,2025-08-18,2026-06-01,21,287,1,4,4,2,-2,0.8357
SANM,2025-08-18,2026-06-01,25,287,2,5,5,4,-1,1.1565
SAP,2025-12-11,2026-06-01,28,172,3,5,3,4,1,0.8168
SARO,2026-03-10,2026-06-01,19,83,3,5,4,3,-1,0.5103
SATL,2026-05-20,2026-06-01,3,12,1,2,2,2,0,0.4714
SATS,2026-03-10,2026-06-01,17,83,2,3,2,2,0,0.4242
SB,2026-03-10,2026-05-20,15,71,3,3,3,3,0,0.0
SBAC,2025-12-11,2026-06-01,21,172,3,4,3,3,0,0.2935
SBCF,2025-10-19,2026-06-01,19,225,1,4,4,2,-2,0.8744
SBFG,2025-08-25,2026-05-20,28,268,4,5,5,4,-1,0.4518
SBGI,2026-01-08,2026-06-01,18,144,1,4,4,4,0,0.737
SBH,2025-08-18,2026-06-01,22,287,3,5,4,3,-1,0.7173
SBRA,2025-08-18,2026-06-01,18,287,1,4,4,2,-2,0.8333
SBS,2025-08-18,2026-04-04,7,229,3,5,4,4,0,0.6389
SBSI,2025-10-19,2026-06-01,18,225,1,4,4,2,-2,0.6573
SBUX,2026-03-10,2026-06-01,17,83,2,4,3,4,1,0.5455
SCCO,2025-10-19,2026-06-01,24,225,2,5,5,4,-1,0.8406
SCHL,2026-03-10,2026-06-01,17,83,2,3,2,3,1,0.2353
SCHW,2026-03-10,2026-06-01,17,83,2,3,3,3,0,0.4922
SCI,2025-10-29,2026-06-01,21,215,2,4,2,3,1,0.6633
SCL,2025-08-18,2026-06-01,23,287,1,4,4,1,-3,1.122
SCS,2025-08-18,2025-10-29,4,72,4,5,4,5,1,0.5
SCSC,2025-08-18,2026-06-01,22,287,2,5,4,5,1,0.6315
SCVL,2025-10-29,2026-06-01,22,215,2,5,2,5,3,0.8732
SDGR,2026-03-10,2026-06-01,17,83,1,2,1,1,0,0.3222
SDRL,2026-05-20,2026-06-01,3,12,2,3,3,2,-1,0.4714
SE,2025-10-19,2026-05-20,17,213,1,4,4,1,-3,0.8765
SEB,2025-08-18,2026-06-01,24,287,2,4,4,2,-2,0.6757
SEDG,2026-03-10,2026-06-01,22,83,2,4,3,3,0,0.6938
SEE,2025-10-19,2026-03-10,4,142,3,4,4,3,-1,0.433
SEI,2025-11-18,2026-06-01,19,195,1,4,4,3,-1,0.9086
SEIC,2025-08-18,2026-06-01,34,287,4,5,5,4,-1,0.4922
SEM,2025-08-18,2026-06-01,20,287,3,5,5,3,-2,0.6538
SEPN,2026-05-20,2026-06-01,3,12,2,2,2,2,0,0.0
SERV,2026-03-10,2026-06-01,17,83,1,1,1,1,0,0.0
SES,2026-05-20,2026-06-01,3,12,1,3,1,2,1,0.8165
SEZL,2026-03-10,2026-06-01,17,83,2,3,3,3,0,0.4556
SF,2025-08-18,2026-06-01,30,287,3,5,5,4,-1,0.4472
SFBS,2026-03-10,2026-06-01,17,83,3,3,3,3,0,0.0
SFD,2026-05-03,2026-06-01,4,29,2,5,2,3,1,1.299
SFIX,2025-08-18,2026-06-01,21,287,3,5,4,3,-1,0.6281
SFL,2026-02-13,2026-05-20,17,96,3,4,4,3,-1,0.4242
SFM,2025-10-29,2026-06-01,21,215,3,4,3,4,1,0.3927
SFNC,2025-08-25,2026-06-01,18,280,1,4,4,1,-3,0.737
SFST,2025-11-18,2026-06-01,18,195,1,4,4,2,-2,0.6211
SG,2026-03-10,2026-06-01,17,83,1,3,3,3,0,0.963
SGC,2025-10-19,2026-06-01,23,225,3,5,4,5,1,0.9079
SGI,2025-12-11,2026-06-01,19,172,1,4,3,2,-1,0.8322
SGMO,2026-03-10,2026-05-11,10,62,1,2,2,1,-1,0.3
SGRY,2026-03-10,2026-06-01,17,83,1,2,2,2,0,0.2353
SHAK,2026-03-10,2026-06-01,17,83,1,3,1,2,1,0.6056
SHBI,2025-08-25,2026-06-01,28,280,4,5,5,5,0,0.2575
SHC,2025-12-11,2026-06-01,18,172,2,3,3,3,0,0.2291
SHEN,2026-03-10,2026-06-01,17,83,1,3,2,2,0,0.5391
SHG,2025-08-18,2026-04-04,5,229,3,5,5,4,-1,0.7483
SHLS,2025-11-18,2026-06-01,20,195,1,4,4,3,-1,0.8062
SHO,2026-03-10,2026-06-01,17,83,2,5,3,5,2,0.7059
SHOO,2026-03-10,2026-06-01,17,83,1,2,2,2,0,0.3812
SHOP,2026-03-10,2026-06-01,17,83,1,2,1,1,0,0.4922
SHW,2025-12-11,2026-06-01,18,172,2,4,3,2,-1,0.5984
SI,2026-04-15,2026-06-01,16,47,1,1,1,1,0,0.0
SIBN,2026-03-10,2026-05-20,15,71,2,2,2,2,0,0.0
SIGA,2025-08-18,2025-08-25,2,7,5,5,5,5,0,0.0
SIGI,2025-10-19,2026-06-01,25,225,2,5,4,3,-1,0.8
SIMO,2025-11-18,2026-05-20,28,183,3,5,4,4,0,0.9
SIRI,2025-10-29,2026-06-01,20,215,3,4,4,4,0,0.3571
SITC,2026-03-10,2026-05-20,15,71,2,4,4,3,-1,0.8327
SITE,2026-03-02,2026-06-01,18,91,1,4,4,1,-3,0.6781
SITM,2026-03-10,2026-06-01,17,83,2,4,2,4,2,0.6444
SJM,2025-08-18,2026-06-01,19,287,2,4,4,3,-1,0.6531
SKT,2026-03-10,2026-06-01,17,83,3,4,3,3,0,0.3222
SKWD,2026-05-20,2026-06-01,3,12,4,4,4,4,0,0.0
SKY,2026-03-10,2026-06-01,17,83,2,4,3,2,-1,0.639
SKYT,2026-05-20,2026-06-01,3,12,1,3,1,2,1,0.8165
SKYW,2025-08-25,2026-06-01,25,280,2,5,5,2,-3,0.8944
SLAB,2025-10-29,2026-06-01,18,215,2,3,2,3,1,0.2291
SLB,2026-01-08,2026-06-01,23,144,4,4,4,4,0,0.0
SLDP,2026-05-20,2026-06-01,3,12,3,4,4,3,-1,0.4714
SLF,2025-08-25,2026-06-01,23,280,3,5,4,4,0,0.5602
SLG,2025-11-18,2026-06-01,21,195,2,4,4,2,-2,0.4666
SLGN,2026-02-18,2026-06-01,19,103,1,4,4,1,-3,1.0206
SLM,2026-03-10,2026-06-01,17,83,2,4,3,3,0,0.5128
SLNO,2026-03-10,2026-05-15,14,66,2,3,3,2,-1,0.2575
SLP,2025-11-18,2026-06-01,18,195,2,4,4,3,-1,0.7638
SLQT,2025-08-18,2026-05-20,29,275,4,5,5,4,-1,0.4626
SLS,2025-08-18,2026-05-26,16,281,3,5,5,3,-2,0.5266
SLVM,2026-03-10,2026-06-01,17,83,1,4,1,2,1,0.7715
SM,2025-08-18,2026-06-01,19,287,3,5,4,3,-1,0.4466
SMA,2026-05-20,2026-06-01,3,12,3,3,3,3,0,0.0
SMBC,2025-11-18,2026-06-01,18,195,3,4,4,3,-1,0.4479
SMBK,2026-03-02,2026-06-01,20,91,2,4,4,3,-1,0.5895
SMCI,2026-03-10,2026-06-01,17,83,2,4,2,4,2,0.7579
SMFG,2025-08-25,2026-05-20,16,268,2,5,4,4,0,0.857
SMG,2026-02-13,2026-06-01,24,108,2,4,4,2,-2,0.6872
SMHI,2025-11-18,2026-06-01,18,195,3,4,4,3,-1,0.3143
SMID,2025-08-18,2026-05-20,7,275,2,4,4,2,-2,0.8806
SMLR,2025-08-18,2025-11-18,4,92,4,5,5,4,-1,0.433
SMP,2025-10-29,2026-06-01,21,215,2,5,4,3,-1,0.7766
SMPL,2025-08-18,2026-06-01,19,287,2,4,4,3,-1,0.6047
SMSI,2026-03-10,2026-05-20,15,71,3,4,3,4,1,0.4422
SMTC,2026-03-10,2026-06-01,17,83,3,4,3,3,0,0.3222
SMTI,2026-02-13,2026-05-20,21,96,2,4,4,3,-1,0.7649
SN,2026-05-20,2026-06-01,3,12,3,3,3,3,0,0.0
SNA,2025-08-25,2026-06-01,30,280,2,4,4,3,-1,0.5121
SNAP,2025-12-11,2026-06-01,18,172,1,3,3,2,-1,0.4045
SNBR,2026-03-10,2026-06-01,17,83,1,3,1,1,0,0.7624
SNCR,2025-08-18,2025-11-18,2,92,3,4,4,3,-1,0.5
SNCY,2025-08-18,2026-05-11,15,266,2,4,4,2,-2,0.718
SNDA,2025-11-18,2026-06-01,18,195,1,3,3,1,-2,0.4581
SNDK,2025-08-25,2026-06-01,27,280,4,5,5,5,0,0.4714
SNDR,2025-08-18,2026-06-01,19,287,2,5,5,5,0,0.6047
SNDX,2026-03-07,2026-06-01,19,86,1,5,4,2,-2,1.2343
SNEX,2025-08-18,2026-06-01,33,287,4,5,5,5,0,0.4979
SNOW,2025-12-11,2026-06-01,18,172,1,4,3,4,1,0.951
SNPS,2026-03-10,2026-06-01,17,83,1,3,1,3,2,0.7715
SNX,2025-08-18,2026-06-01,36,287,4,5,5,5,0,0.2291
SNY,2025-08-18,2026-06-01,33,287,3,5,5,3,-2,0.5701
SO,2025-10-19,2026-06-01,19,225,2,4,4,2,-2,0.5669
SOC,2026-05-20,2026-06-01,3,12,1,3,3,1,-2,0.9428
SOFI,2026-03-10,2026-06-01,17,83,1,2,1,1,0,0.2353
SOL,2025-08-18,2025-08-18,1,0,4,4,4,4,0,0.0
SOLS,2026-05-20,2026-06-01,3,12,2,2,2,2,0,0.0
SOLV,2025-11-18,2026-06-01,23,195,3,4,4,4,0,0.4125
SON,2026-03-02,2026-06-01,25,91,2,5,4,3,-1,0.7756
SONO,2026-03-10,2026-06-01,17,83,1,3,3,2,-1,0.5128
SONY,2025-08-18,2026-04-04,5,229,2,5,5,4,-1,0.9798
SOUN,2026-03-10,2026-06-01,22,83,3,4,3,3,0,0.5
SPB,2025-10-29,2026-06-01,18,215,3,3,3,3,0,0.0
SPCE,2026-03-10,2026-06-01,9,83,1,4,2,4,2,1.0541
SPFI,2025-08-18,2026-06-01,25,287,3,5,5,3,-2,0.8158
SPG,2026-03-10,2026-06-01,18,83,3,4,3,4,1,0.2291
SPGI,2025-12-11,2026-06-01,18,172,3,3,3,3,0,0.0
SPH,2026-03-10,2026-06-01,17,83,2,4,2,4,2,0.5999
SPHR,2026-04-03,2026-06-01,19,59,2,4,4,4,0,0.8807
SPIR,2026-05-20,2026-06-01,3,12,1,1,1,1,0,0.0
SPNS,2025-08-18,2025-11-18,5,92,3,5,5,3,-2,0.8
SPNT,2025-11-18,2026-06-01,25,195,4,5,4,5,1,0.4665
SPOK,2025-08-18,2026-06-01,22,287,3,4,4,3,-1,0.4191
SPOT,2025-10-19,2026-06-01,24,225,3,5,5,5,0,0.9345
SPRY,2026-05-20,2026-06-01,3,12,1,1,1,1,0,0.0
SPSC,2025-10-29,2026-06-01,18,215,2,4,2,4,2,0.5583
SPT,2026-03-10,2026-06-01,17,83,1,4,2,4,2,0.691
SPTN,2025-08-25,2025-08-25,1,0,5,5,5,5,0,0.0
SPWH,2026-03-10,2026-05-20,15,71,1,3,3,2,-1,0.6325
SPWR,2026-03-10,2026-06-01,17,83,1,2,2,1,-1,0.4922
SPXC,2025-12-11,2026-06-01,18,172,1,4,3,3,0,0.7638
SR,2025-08-18,2026-06-01,20,287,3,5,5,4,-1,0.5831
SRCE,2025-08-18,2026-06-01,29,287,4,5,5,5,0,0.4925
SRDX,2025-10-29,2025-10-29,1,0,3,3,3,3,0,0.0
SRE,2026-03-10,2026-06-01,17,83,1,3,3,2,-1,0.9226
SRI,2025-08-18,2026-05-20,18,275,1,5,4,1,-3,1.1453
SRPT,2026-03-10,2026-06-01,17,83,2,4,2,2,0,0.4851
SRTA,2026-05-20,2026-06-01,3,12,1,2,1,2,1,0.4714
SSB,2026-03-10,2026-06-01,17,83,2,5,2,5,3,1.3745
SSD,2025-10-29,2026-06-01,18,215,2,4,3,3,0,0.5583
SSKN,2025-08-18,2025-08-18,1,0,4,4,4,4,0,0.0
SSNC,2025-10-29,2026-06-01,20,215,2,4,2,2,0,0.5099
SSP,2025-08-18,2026-05-26,17,281,1,5,5,5,0,1.0256
SSRM,2025-08-18,2026-06-01,20,287,2,5,4,5,1,0.9274
SSTI,2026-03-09,2026-06-01,23,84,2,5,4,2,-2,0.4642
SSTK,2025-11-18,2026-06-01,18,195,2,3,3,2,-1,0.4875
SSYS,2025-08-18,2026-05-20,20,275,2,5,5,3,-2,0.8888
ST,2025-10-29,2026-06-01,23,215,3,4,4,3,-1,0.379
STAA,2026-03-10,2026-06-01,17,83,1,2,1,2,1,0.4242
STAG,2026-02-25,2026-06-01,18,96,2,4,4,3,-1,0.6872
STBA,2025-10-19,2026-06-01,18,225,3,4,4,3,-1,0.4969
STC,2026-03-10,2026-06-01,16,83,3,4,3,4,1,0.5
STE,2025-10-29,2026-06-01,28,215,3,4,3,3,0,0.3499
STEL,2025-08-18,2026-06-01,18,287,1,4,4,2,-2,0.8315
STEP,2026-03-10,2026-06-01,17,83,1,2,2,2,0,0.2353
STGW,2025-08-18,2026-06-01,21,287,2,5,5,2,-3,0.6633
STIM,2026-03-10,2026-05-20,15,71,1,2,2,1,-1,0.4
STKL,2025-08-18,2026-05-03,11,258,2,4,4,2,-2,0.575
STKS,2026-03-10,2026-05-20,15,71,1,3,3,1,-2,0.8055
STLD,2025-10-29,2026-06-01,20,215,2,4,2,4,2,0.5723
STM,2026-03-10,2026-05-20,15,71,3,3,3,3,0,0.0
STN,2025-08-18,2026-05-20,21,275,3,5,5,3,-2,0.7766
STNE,2025-08-18,2026-06-01,21,287,1,5,4,1,-3,1.1389
STNG,2025-08-25,2026-05-20,17,268,3,5,5,5,0,0.9558
STOK,2025-08-18,2026-06-01,24,287,1,5,5,1,-4,0.866
STRA,2025-08-18,2026-06-01,28,287,3,5,5,4,-1,0.5669
STRL,2025-08-18,2026-06-01,24,287,2,5,5,4,-1,0.7348
STRT,2025-08-18,2026-06-01,35,287,3,5,5,3,-2,0.7635
STT,2025-08-18,2026-06-01,34,287,4,5,5,5,0,0.486
STWD,2026-03-10,2026-06-01,19,83,1,4,2,1,-1,0.7255
STX,2025-10-19,2026-06-01,31,225,3,5,5,5,0,0.5301
STXS,2026-03-10,2026-05-20,15,71,1,2,1,2,1,0.2494
STZ,2026-03-10,2026-06-01,17,83,1,3,3,1,-2,0.8235
SU,2025-08-18,2026-06-01,35,287,3,5,5,5,0,0.3681
SUI,2026-03-10,2026-06-01,17,83,2,3,3,2,-1,0.4991
SUNS,2025-08-25,2026-05-20,20,268,3,5,4,3,-1,0.5362
SUPN,2025-08-18,2026-06-01,22,287,1,4,4,2,-2,1.1069
SVC,2025-11-18,2026-06-01,23,195,3,4,3,3,0,0.4995
SVCO,2026-05-20,2026-06-01,3,12,2,3,2,3,1,0.4714
SVRA,2026-03-10,2026-06-01,17,83,2,4,3,3,0,0.5128
SVV,2026-05-20,2026-06-01,3,12,3,3,3,3,0,0.0
SW,2026-05-20,2026-06-01,3,12,3,3,3,3,0,0.0
SWBI,2026-02-18,2026-06-01,24,103,3,5,5,4,-1,0.7022
SWIM,2026-05-20,2026-06-01,3,12,4,4,4,4,0,0.0
SWK,2025-08-18,2026-06-01,24,287,2,5,4,3,-1,0.8154
SWKS,2025-10-29,2026-06-01,19,215,3,5,3,3,0,0.748
SWX,2025-08-18,2026-06-01,30,287,2,5,4,3,-1,0.6182
SXC,2025-11-18,2026-06-01,18,195,2,4,4,2,-2,0.3333
SXI,2026-03-10,2026-06-01,17,83,1,3,3,2,-1,0.6444
SXT,2025-08-18,2026-06-01,19,287,1,4,4,3,-1,0.7517
SYBT,2026-03-10,2026-06-01,17,83,2,3,3,2,-1,0.3222
SYBX,2025-08-18,2025-10-29,4,72,4,5,4,4,0,0.433
SYF,2025-08-18,2026-06-01,27,287,3,5,4,4,0,0.5159
SYK,2025-12-11,2026-06-01,18,172,2,4,3,2,-1,0.4714
SYNA,2026-03-10,2026-06-01,17,83,1,4,3,3,0,0.7579
SYRE,2026-05-20,2026-06-01,3,12,3,3,3,3,0,0.0
SYY,2025-08-18,2026-06-01,28,287,3,4,4,3,-1,0.4949
T,2025-12-11,2026-06-01,23,172,3,4,4,3,-1,0.4957
TAC,2025-08-18,2026-06-01,21,287,1,5,5,1,-4,0.9548
TAL,2025-12-11,2026-05-20,27,160,3,5,3,5,2,0.9558
TALK,2026-05-20,2026-06-01,3,12,2,3,3,3,0,0.4714
TALO,2026-02-13,2026-06-01,23,108,3,4,4,3,-1,0.4391
TAP,2026-03-10,2026-06-01,17,83,2,3,3,3,0,0.3222
TARS,2026-05-20,2026-06-01,3,12,3,3,3,3,0,0.0
TASK,2026-05-20,2026-06-01,3,12,1,2,1,2,1,0.4714
TATT,2025-08-18,2026-05-20,16,275,2,4,4,2,-2,0.559
TBBK,2025-08-18,2026-06-01,29,287,3,5,5,4,-1,0.6488
TBI,2026-03-10,2026-06-01,17,83,1,3,2,2,0,0.4706
TBPH,2025-08-25,2026-06-01,30,280,3,5,5,4,-1,0.8035
TBRG,2025-08-18,2026-06-01,22,287,4,5,5,5,0,0.3432
TCBI,2025-11-18,2026-06-01,28,195,3,5,3,4,1,0.4088
TCBK,2025-11-18,2026-06-01,18,195,3,4,4,4,0,0.5
TCBX,2026-05-20,2026-06-01,3,12,3,5,3,5,2,0.8165
TCMD,2025-08-18,2026-06-01,34,287,4,5,5,4,-1,0.4556
TCOM,2025-08-18,2026-06-01,25,287,3,5,4,3,-1,0.6974
TD,2025-08-18,2026-06-01,32,287,2,5,4,3,-1,0.7906
TDAY,2026-05-20,2026-06-01,3,12,5,5,5,5,0,0.0
TDC,2025-11-18,2026-06-01,22,195,2,5,4,5,1,1.0947
TDG,2025-08-25,2026-06-01,20,280,2,4,4,3,-1,0.7348
TDOC,2026-03-10,2026-06-01,17,83,2,3,2,3,1,0.3812
TDS,2025-11-18,2026-06-01,18,195,1,3,3,1,-2,0.5583
TDUP,2026-05-20,2026-06-01,3,12,3,3,3,3,0,0.0
TDY,2025-08-18,2026-06-01,31,287,3,5,4,4,0,0.5983
TE,2026-05-20,2026-06-01,3,12,1,2,1,2,1,0.4714
TEAM,2026-03-10,2026-06-01,17,83,1,4,1,4,3,1.0017
TECH,2025-12-11,2026-06-01,18,172,2,3,3,2,-1,0.2291
TECK,2025-10-19,2026-06-01,24,225,2,5,4,4,0,0.7022
TEL,2025-08-18,2026-06-01,27,287,3,5,5,3,-2,0.5543
TEM,2026-05-20,2026-06-01,3,12,1,1,1,1,0,0.0
TEN,2025-08-18,2025-08-25,2,7,5,5,5,5,0,0.0
TENB,2025-12-11,2026-06-01,21,172,3,5,3,3,0,0.9712
TEO,2025-08-25,2026-05-20,20,268,3,5,5,4,-1,0.5723
TER,2025-08-18,2026-06-01,34,287,4,5,4,5,1,0.4991
TEVA,2026-01-08,2026-06-01,29,144,3,4,4,4,0,0.2534
TEX,2026-03-10,2026-06-01,17,83,2,5,3,2,-1,0.9037
TFC,2025-08-18,2026-06-01,21,287,3,4,4,4,0,0.4994
TFIN,2026-03-10,2026-06-01,17,83,1,2,2,1,-1,0.3222
TFSL,2026-03-10,2026-06-01,17,83,1,2,2,2,0,0.4242
TFX,2025-08-18,2026-06-01,20,287,1,4,4,2,-2,0.9097
TG,2025-08-18,2026-05-20,23,275,3,5,5,3,-2,0.8134
TGLS,2025-08-18,2026-06-01,18,287,1,4,4,1,-3,0.7454
TGNA,2025-08-18,2026-03-10,8,204,3,5,5,5,0,0.696
TGS,2025-08-25,2026-05-20,15,268,3,5,5,5,0,0.9568
TGT,2026-03-10,2026-06-01,17,83,2,3,3,3,0,0.2353
TGTX,2025-08-18,2026-06-01,18,287,2,4,4,2,-2,0.5583
TH,2026-03-10,2026-06-01,20,83,3,4,4,3,-1,0.477
THC,2025-08-18,2026-06-01,26,287,3,5,5,4,-1,0.6761
THFF,2025-08-18,2026-06-01,28,287,3,5,4,3,-1,0.8292
THG,2025-08-18,2026-06-01,28,287,4,5,5,5,0,0.3499
THO,2025-12-11,2026-06-01,18,172,1,3,3,2,-1,0.4045
THR,2025-08-18,2026-06-01,31,287,3,5,4,3,-1,0.5734
THRM,2025-08-18,2026-06-01,21,287,1,5,5,2,-3,1.2399
THS,2025-10-19,2025-10-19,1,0,4,4,4,4,0,0.0
TIC,2026-05-20,2026-06-01,3,12,1,1,1,1,0,0.0
TIGR,2025-11-18,2026-04-04,5,137,2,4,4,4,0,0.8
TILE,2025-08-18,2026-06-01,30,287,3,5,4,4,0,0.7717
TITN,2025-11-18,2026-06-01,25,195,2,4,4,3,-1,0.6499
TJX,2025-11-18,2026-06-01,23,195,3,5,3,3,0,0.7729
TK,2025-08-25,2026-05-20,18,268,3,5,5,5,0,0.975
TKC,2025-10-19,2026-05-20,7,213,3,5,5,4,-1,0.7284
TKO,2026-03-10,2026-06-01,17,83,1,3,2,3,1,0.8765
TKR,2025-08-18,2026-06-01,18,287,2,4,4,3,-1,0.5
TLK,2025-10-19,2026-03-10,4,142,3,5,5,3,-2,0.866
TLN,2025-10-19,2026-06-01,19,225,1,5,5,1,-4,1.0863
TLRY,2025-10-19,2026-06-01,18,225,2,4,4,2,-2,0.5583
TLS,2026-05-20,2026-06-01,3,12,2,4,2,4,2,0.8165
TLYS,2026-03-10,2026-05-20,20,71,3,5,3,4,1,0.8124
TM,2026-03-10,2026-06-01,17,83,2,4,3,2,-1,0.6655
TMDX,2026-03-10,2026-06-01,17,83,2,3,3,2,-1,0.3812
TME,2025-12-11,2026-05-20,11,160,3,5,3,4,1,0.603
TMHC,2025-11-18,2026-06-01,18,195,2,4,4,3,-1,0.5774
TMO,2025-12-11,2026-06-01,18,172,2,4,4,2,-2,0.5774
TMP,2026-03-10,2026-06-01,17,83,2,3,3,2,-1,0.4242
TMUS,2025-08-18,2026-06-01,19,287,3,4,4,3,-1,0.4403
TNC,2025-08-18,2026-06-01,21,287,2,4,4,3,-1,0.794
TNDM,2026-03-10,2026-06-01,17,83,1,3,2,2,0,0.5455
TNET,2026-03-10,2026-06-01,17,83,2,5,2,5,3,0.8065
TNGX,2026-05-20,2026-06-01,3,12,1,2,1,2,1,0.4714
TNK,2025-11-18,2026-06-01,31,195,4,5,4,5,1,0.1767
TNL,2025-08-18,2026-06-01,25,287,1,5,5,3,-2,1.0925
TOI,2026-05-20,2026-06-01,3,12,1,2,1,2,1,0.4714
TOL,2025-08-25,2026-06-01,20,280,1,4,4,2,-2,0.922
TOST,2026-05-20,2026-06-01,3,12,3,4,3,4,1,0.4714
TPB,2025-11-18,2026-06-01,18,195,1,4,4,2,-2,0.5241
TPC,2025-08-25,2026-06-01,19,280,1,5,4,3,-1,0.7842
TPG,2026-05-20,2026-06-01,3,12,2,3,2,3,1,0.4714
TPH,2025-08-18,2026-05-14,19,269,2,4,4,2,-2,0.8188
TPL,2025-11-18,2026-06-01,24,195,3,5,3,3,0,0.7253
TPR,2026-02-13,2026-06-01,29,108,4,5,5,4,-1,0.4973
TR,2026-03-10,2026-06-01,17,83,2,3,2,3,1,0.2353
TREE,2025-08-18,2026-06-01,34,287,3,5,5,5,0,0.6866
TREX,2026-03-10,2026-06-01,17,83,2,4,2,3,1,0.8319
TRGP,2025-12-11,2026-06-01,26,172,3,4,4,4,0,0.3195
TRI,2025-12-11,2026-06-01,20,172,2,4,3,3,0,0.5723
TRIP,2025-08-18,2026-06-01,20,287,1,5,5,1,-4,1.1079
TRMB,2025-11-18,2026-06-01,19,195,1,4,4,1,-3,0.8744
TRMK,2025-08-18,2026-06-01,23,287,3,5,5,3,-2,0.7011
TRN,2026-02-13,2026-06-01,19,108,2,4,4,2,-2,0.6359
TRNO,2025-08-18,2026-06-01,20,287,3,4,4,4,0,0.4975
TRNS,2025-10-19,2026-06-01,18,225,1,4,4,1,-3,0.7638
TROW,2025-08-18,2026-06-01,32,287,3,5,5,4,-1,0.6585
TROX,2026-03-10,2026-06-01,17,83,3,4,4,3,-1,0.4922
TRP,2026-03-10,2026-06-01,22,83,3,4,3,3,0,0.4454
TRS,2025-10-19,2026-06-01,19,225,1,5,5,3,-2,1.1863
TRST,2025-08-25,2026-06-01,26,280,3,5,4,3,-1,0.8077
TRTX,2025-08-18,2026-06-01,19,287,2,4,4,2,-2,0.6359
TRU,2026-03-10,2026-06-01,17,83,1,2,2,2,0,0.2353
TRUP,2026-03-10,2026-06-01,17,83,2,3,3,3,0,0.3812
TRV,2025-08-18,2026-06-01,34,287,3,5,4,3,-1,0.4886
TS,2025-10-19,2026-04-04,5,167,3,5,5,4,-1,0.6325
TSCO,2025-12-11,2026-06-01,18,172,1,4,4,2,-2,0.6667
TSHA,2026-05-20,2026-06-01,3,12,1,2,1,2,1,0.4714
TSLA,2026-03-10,2026-06-01,18,83,1,2,1,2,1,0.4714
TSM,2025-08-18,2026-06-01,34,287,3,5,5,4,-1,0.5703
TSN,2025-12-11,2026-06-01,18,172,2,3,3,2,-1,0.2291
TT,2025-08-18,2026-06-01,28,287,3,5,4,3,-1,0.4629
TTC,2025-08-18,2026-06-01,27,287,2,5,5,2,-3,1.1665
TTD,2025-12-11,2026-06-01,18,172,2,3,3,2,-1,0.3727
TTE,2025-08-18,2025-11-18,3,92,4,5,4,5,1,0.4714
TTEC,2025-11-18,2026-06-01,22,195,2,4,4,2,-2,0.7977
TTEK,2026-03-10,2026-06-01,17,83,2,3,3,3,0,0.4922
TTGT,2026-03-10,2026-05-20,15,71,1,3,2,2,0,0.6182
TTI,2025-08-18,2026-06-01,24,287,1,4,4,3,-1,1.3229
TTMI,2025-08-18,2026-06-01,28,287,3,5,5,3,-2,0.724
TTWO,2026-03-10,2026-06-01,17,83,2,3,2,3,1,0.2353
TU,2025-08-18,2026-06-01,21,287,2,4,4,2,-2,0.4856
TUSK,2026-03-10,2026-05-20,15,71,1,3,3,3,0,0.9428
TV,2025-08-25,2026-06-01,22,280,2,5,5,3,-2,0.9371
TVTX,2026-03-10,2026-06-01,17,83,2,3,3,2,-1,0.4556
TW,2025-11-18,2026-06-01,19,195,3,3,3,3,0,0.0
TWI,2026-03-10,2026-06-01,17,83,2,3,3,2,-1,0.2353
TWIN,2026-02-13,2026-05-20,24,96,3,5,5,3,-2,0.5951
TWLO,2025-11-18,2026-06-01,20,195,2,5,3,4,1,0.6633
TWO,2025-11-18,2026-06-01,18,195,1,4,4,3,-1,0.9313
TWST,2026-03-10,2026-06-01,17,83,1,3,2,2,0,0.7487
TX,2025-08-18,2026-05-20,17,275,3,4,4,4,0,0.4556
TXG,2025-08-18,2026-06-01,20,287,3,4,4,3,-1,0.477
TXN,2025-08-18,2026-06-01,28,287,3,5,4,5,1,0.5089
TXNM,2026-03-10,2026-06-01,17,83,2,3,3,2,-1,0.4556
TXRH,2025-12-11,2026-06-01,18,172,2,3,3,3,0,0.4969
TXT,2025-10-19,2026-06-01,22,225,2,5,4,3,-1,0.7938
TYL,2025-12-11,2026-06-01,18,172,2,3,3,2,-1,0.3727
TZOO,2025-08-18,2026-06-01,23,287,2,5,5,4,-1,0.6536
U,2026-03-10,2026-06-01,17,83,1,4,1,4,3,0.6444
UAA,2026-03-10,2026-06-01,17,83,2,5,2,2,0,0.8725
UAL,2025-08-18,2026-06-01,23,287,2,5,5,3,-2,0.8586
UAMY,2026-05-20,2026-06-01,3,12,1,1,1,1,0,0.0
UBER,2025-08-25,2026-06-01,18,280,2,4,4,2,-2,0.5906
UBSI,2025-10-19,2026-06-01,30,225,4,4,4,4,0,0.0
UCB,2025-11-18,2026-06-01,27,195,3,5,3,4,1,0.65
UCTT,2025-11-18,2026-06-01,26,195,2,5,3,3,0,1.1666
UDR,2025-12-11,2026-06-01,20,172,2,4,3,4,1,0.8124
UE,2025-10-19,2026-06-01,18,225,3,4,4,3,-1,0.3727
UEC,2026-02-13,2026-06-01,22,108,1,4,4,2,-2,1.1862
UEIC,2025-11-18,2026-03-10,4,112,4,5,4,5,1,0.433
UFCS,2025-08-18,2026-06-01,33,287,4,5,5,5,0,0.4998
UFI,2025-10-19,2026-05-20,17,213,3,4,4,3,-1,0.3222
UFPI,2025-08-18,2026-06-01,18,287,1,4,4,2,-2,0.7115
UFPT,2026-02-13,2026-06-01,22,108,3,4,4,3,-1,0.4191
UGI,2025-11-18,2026-06-01,18,195,3,4,3,3,0,0.3727
UGP,2025-10-19,2026-03-10,3,142,3,5,5,3,-2,0.9428
UHAL,2026-03-10,2026-06-01,17,83,1,4,2,4,2,0.767
UHS,2025-08-18,2026-06-01,35,287,4,5,5,5,0,0.4371
UHT,2026-03-10,2026-06-01,17,83,2,3,2,3,1,0.2353
UI,2025-08-18,2026-06-01,32,287,2,5,5,2,-3,0.8992
UIS,2026-03-10,2026-06-01,17,83,2,4,2,3,1,0.7848
UL,2026-03-02,2026-03-02,1,0,4,4,4,4,0,0.0
ULCC,2026-05-20,2026-06-01,3,12,1,2,1,2,1,0.4714
ULH,2026-03-10,2026-06-01,22,83,1,5,3,1,-2,0.7925
ULS,2026-03-10,2026-06-01,17,83,2,4,2,4,2,0.5391
ULTA,2026-03-10,2026-06-01,17,83,2,3,3,2,-1,0.3812
UMBF,2025-12-11,2026-06-01,22,172,3,4,3,4,1,0.4917
UMC,2025-10-19,2026-05-11,21,204,3,5,4,4,0,0.375
UMH,2026-03-10,2026-06-01,15,83,1,4,3,3,0,0.8844
UNF,2025-08-18,2026-06-01,27,287,3,5,5,3,-2,0.6667
UNFI,2025-10-19,2026-06-01,26,225,2,5,5,2,-3,1.4595
UNH,2026-03-10,2026-06-01,17,83,2,4,2,4,2,0.696
UNIT,2026-01-08,2026-06-01,23,144,1,4,4,3,-1,0.9079
UNM,2025-08-18,2026-06-01,20,287,1,5,5,3,-2,0.922
UNP,2025-08-18,2026-06-01,27,287,3,5,4,4,0,0.3777
UNTY,2025-08-18,2026-06-01,27,287,4,5,5,4,-1,0.4997
UPB,2026-05-20,2026-06-01,3,12,1,2,1,2,1,0.4714
UPBD,2025-08-18,2026-06-01,21,287,2,5,5,4,-1,0.8518
UPS,2025-08-18,2026-06-01,25,287,2,5,5,4,-1,0.8998
UPST,2026-03-10,2026-06-01,17,83,1,2,1,2,1,0.2353
UPWK,2025-08-18,2026-06-01,22,287,1,5,4,2,-2,1.1544
URBN,2025-10-19,2026-06-01,20,225,2,4,4,3,-1,0.3841
URGN,2026-03-10,2026-06-01,17,83,1,2,1,2,1,0.4922
URI,2025-08-18,2026-06-01,21,287,2,4,4,4,0,0.7499
USAR,2026-05-20,2026-06-01,3,12,1,3,1,3,2,0.9428
USB,2026-03-10,2026-06-01,17,83,2,3,3,3,0,0.2353
USCB,2026-05-20,2026-06-01,3,12,4,4,4,4,0,0.0
USFD,2025-08-18,2026-06-01,32,287,3,5,5,3,-2,0.544
USLM,2025-11-18,2026-06-01,17,195,1,4,3,1,-2,0.5391
USNA,2026-02-25,2026-06-01,26,96,4,5,4,4,0,0.3941
USPH,2026-03-10,2026-06-01,17,83,1,2,2,2,0,0.4922
UTHR,2025-08-18,2026-06-01,34,287,3,5,4,4,0,0.2956
UTI,2025-10-19,2026-06-01,19,225,2,4,4,2,-2,0.6138
UTL,2026-03-02,2026-06-01,25,91,5,5,5,5,0,0.0
UTMD,2025-08-18,2026-05-11,20,266,4,5,5,4,-1,0.4
UTZ,2026-05-20,2026-06-01,3,12,2,2,2,2,0,0.0
UUUU,2026-03-10,2026-06-01,15,83,1,3,2,2,0,0.718
UVE,2025-08-18,2026-06-01,31,287,4,5,4,5,1,0.2957
UVSP,2025-08-18,2026-06-01,27,287,4,5,5,5,0,0.4714
UVV,2025-08-18,2026-06-01,21,287,3,5,5,3,-2,0.6281
UWMC,2026-03-10,2026-06-01,17,83,1,1,1,1,0,0.0
V,2025-12-11,2026-06-01,18,172,2,3,3,3,0,0.3143
VAC,2025-10-19,2026-06-01,18,225,2,4,4,3,-1,0.5
VAL,2026-01-08,2026-06-01,25,144,3,5,4,3,-1,0.806
VALE,2025-08-18,2026-06-01,27,287,3,5,5,3,-2,0.5903
VC,2025-08-18,2026-06-01,21,287,2,5,5,2,-3,0.8518
VCEL,2026-03-10,2026-06-01,17,83,2,2,2,2,0,0.0
VCTR,2025-10-19,2026-06-01,29,225,3,5,5,4,-1,0.5068
VCYT,2025-11-18,2026-06-01,18,195,3,4,4,4,0,0.3727
VECO,2026-03-10,2026-06-01,17,83,1,3,2,2,0,0.5391
VEEV,2025-10-19,2026-06-01,20,225,3,4,4,3,-1,0.477
VEON,2025-08-18,2026-04-04,5,229,1,5,5,4,-1,1.4967
VERI,2025-10-19,2026-05-11,13,204,2,4,4,2,-2,0.5329
VERU,2026-03-10,2026-05-11,12,62,2,3,2,3,1,0.2764
VERX,2026-05-20,2026-06-01,3,12,2,3,2,2,0,0.4714
VFC,2026-03-10,2026-06-01,17,83,2,4,3,2,-1,0.5882
VG,2026-05-20,2026-06-01,3,12,3,3,3,3,0,0.0
VIA,2026-05-20,2026-06-01,3,12,1,2,2,1,-1,0.4714
VIAV,2025-10-19,2026-06-01,24,225,3,4,4,3,-1,0.4983
VICI,2025-08-25,2026-06-01,20,280,2,4,4,3,-1,0.9274
VICR,2025-11-18,2026-06-01,29,195,4,5,5,4,-1,0.4925
VIPS,2025-08-18,2026-05-11,25,266,3,5,5,4,-1,0.5122
VIR,2026-03-10,2026-06-01,17,83,2,3,2,2,0,0.3222
VIRC,2025-08-18,2026-05-11,14,266,1,4,4,2,-2,0.9258
VIRT,2025-08-18,2026-06-01,20,287,3,4,4,4,0,0.4
VISN,2026-02-13,2026-06-01,21,108,1,4,4,3,-1,0.8109
VIST,2026-05-03,2026-05-03,1,0,2,2,2,2,0,0.0
VITL,2026-03-10,2026-06-01,17,83,1,3,3,1,-2,0.6809
VIV,2026-04-30,2026-05-11,4,11,5,5,5,5,0,0.0
VKTX,2026-03-10,2026-06-01,15,83,2,3,2,2,0,0.4
VLGEA,2025-08-18,2026-06-01,31,287,4,5,5,5,0,0.1767
VLO,2025-11-18,2026-06-01,26,195,3,5,4,5,1,0.5507
VLTO,2025-10-19,2026-06-01,22,225,2,5,5,2,-3,0.7056
VLY,2025-11-18,2026-06-01,29,195,3,5,4,4,0,0.5474
VMC,2025-12-11,2026-06-01,18,172,2,4,3,2,-1,0.4581
VMD,2026-03-02,2026-06-01,23,91,4,5,4,5,1,0.4957
VMEO,2025-10-19,2025-10-19,1,0,5,5,5,5,0,0.0
VMI,2025-08-18,2026-06-01,26,287,3,5,5,5,0,0.6662
VNCE,2025-11-18,2026-05-11,19,174,1,5,3,5,2,1.3725
VNDA,2026-03-10,2026-06-01,17,83,3,3,3,3,0,0.0
VNO,2025-10-19,2026-06-01,19,225,2,4,4,3,-1,0.7663
VNOM,2026-03-10,2026-06-01,17,83,1,4,1,4,3,0.9151
VNT,2026-03-02,2026-06-01,20,91,2,4,4,2,-2,0.8
VOYA,2025-08-18,2026-06-01,26,287,3,5,4,4,0,0.4231
VOYG,2026-05-20,2026-06-01,3,12,1,1,1,1,0,0.0
VPG,2025-08-18,2026-06-01,24,287,1,5,5,2,-3,1.2555
VRA,2026-03-10,2026-05-11,17,62,3,5,3,4,1,0.5703
VRDN,2026-03-07,2026-06-01,19,86,1,4,4,2,-2,1.0914
VRE,2025-11-18,2026-05-26,17,189,2,5,5,2,-3,0.6758
VREX,2025-08-18,2026-06-01,33,287,3,5,5,3,-2,0.6045
VRM,2026-01-08,2026-03-10,2,61,3,4,4,3,-1,0.5
VRNS,2026-03-10,2026-06-01,17,83,1,3,1,3,2,0.8725
VRNT,2025-11-18,2025-11-18,1,0,3,3,3,3,0,0.0
VRRM,2025-11-18,2026-06-01,18,195,2,3,3,3,0,0.3143
VRSK,2025-12-11,2026-06-01,18,172,2,3,3,2,-1,0.2291
VRSN,2025-08-18,2026-06-01,23,287,2,5,4,4,0,0.4642
VRT,2025-08-18,2026-06-01,30,287,4,5,5,5,0,0.4955
VRTS,2025-08-18,2026-06-01,28,287,3,5,5,4,-1,0.5624
VRTX,2025-11-18,2026-06-01,20,195,2,4,3,3,0,0.3841
VSAT,2025-10-19,2026-06-01,25,225,3,4,4,3,-1,0.4271
VSCO,2025-08-18,2026-06-01,18,287,3,4,4,3,-1,0.4875
VSEC,2026-03-10,2026-06-01,17,83,1,3,1,1,0,0.7715
VSH,2026-03-10,2026-06-01,18,83,2,4,2,4,2,0.5329
VSNT,2026-04-03,2026-06-01,21,59,5,5,5,5,0,0.0
VST,2026-03-10,2026-06-01,17,83,2,4,2,3,1,0.691
VSTM,2025-11-18,2026-06-01,18,195,3,4,4,3,-1,0.2291
VSTS,2026-03-10,2026-06-01,17,83,2,3,2,2,0,0.4242
VTOL,2025-11-18,2026-06-01,18,195,1,5,5,1,-4,0.8333
VTR,2026-01-08,2026-06-01,18,144,2,4,4,4,0,0.5774
VTRS,2025-08-18,2026-06-01,21,287,3,5,5,3,-2,0.7766
VTS,2026-05-20,2026-06-01,3,12,1,3,3,1,-2,0.9428
VUZI,2026-03-10,2026-06-01,14,83,2,3,3,3,0,0.4103
VVV,2026-03-10,2026-06-01,17,83,1,2,2,2,0,0.3812
VVX,2025-08-18,2026-06-01,23,287,3,5,4,3,-1,0.6536
VYGR,2026-03-10,2026-06-01,17,83,3,3,3,3,0,0.0
VZ,2025-08-18,2026-06-01,30,287,3,5,4,3,-1,0.7746
W,2025-12-11,2026-06-01,18,172,2,3,3,2,-1,0.3143
WAB,2025-08-25,2026-06-01,20,280,2,5,4,2,-2,0.7263
WABC,2025-08-18,2026-06-01,17,287,2,4,4,2,-2,0.6444
WAFD,2025-08-18,2026-06-01,26,287,3,5,4,4,0,0.5718
WAL,2026-03-10,2026-06-01,17,83,1,3,2,3,1,0.7624
WASH,2026-02-25,2026-06-01,22,96,3,5,4,3,-1,0.808
WAT,2025-12-11,2026-06-01,26,172,1,4,4,2,-2,0.9295
WATT,2026-04-15,2026-05-11,11,26,3,3,3,3,0,0.0
WAY,2025-10-19,2026-06-01,20,225,3,5,5,4,-1,0.6708
WB,2025-08-18,2026-04-04,12,229,5,5,5,5,0,0.0
WBA,2025-08-18,2025-08-25,2,7,4,4,4,4,0,0.0
WBD,2025-08-25,2026-06-01,19,280,1,5,5,1,-4,1.0287
WBS,2025-11-18,2026-06-01,29,195,3,4,4,3,-1,0.4279
WBTN,2026-05-20,2026-06-01,3,12,3,3,3,3,0,0.0
WCC,2025-08-18,2026-06-01,29,287,4,5,4,4,0,0.4279
WCN,2026-03-10,2026-06-01,17,83,1,3,1,2,1,0.343
WD,2025-11-18,2026-06-01,16,195,1,4,4,1,-3,0.7262
WDAY,2025-10-19,2026-06-01,19,225,1,4,4,3,-1,0.8775
WDC,2025-08-25,2026-06-01,33,280,3,5,5,4,-1,0.3785
WDFC,2026-03-10,2026-06-01,17,83,2,2,2,2,0,0.0
WEAV,2026-05-20,2026-06-01,3,12,3,3,3,3,0,0.0
WEC,2025-08-25,2026-06-01,20,280,3,5,4,3,-1,0.477
WELL,2025-12-11,2026-06-01,18,172,3,4,3,4,1,0.4969
WEN,2026-03-10,2026-06-01,17,83,2,3,3,3,0,0.4991
WERN,2026-03-10,2026-06-01,17,83,1,3,3,2,-1,0.8443
WES,2026-03-10,2026-05-11,15,62,1,5,4,3,-1,1.2579
WEX,2025-08-18,2026-06-01,21,287,3,5,4,4,0,0.5871
WEYS,2025-08-18,2026-06-01,23,287,3,5,5,5,0,0.8804
WFC,2025-12-11,2026-06-01,18,172,2,3,3,3,0,0.4479
WFRD,2025-10-19,2026-06-01,27,225,3,5,4,3,-1,0.7389
WGO,2026-03-10,2026-06-01,17,83,2,3,3,2,-1,0.4922
WGS,2026-05-20,2026-06-01,3,12,1,1,1,1,0,0.0
WH,2025-08-18,2026-06-01,21,287,2,4,4,3,-1,0.6633
WHD,2025-12-11,2026-06-01,22,172,3,4,3,3,0,0.4917
WHR,2026-03-10,2026-06-01,17,83,1,3,3,1,-2,0.5999
WINA,2025-08-18,2026-06-01,21,287,1,5,4,2,-2,1.0754
WING,2026-03-10,2026-06-01,19,83,2,4,2,2,0,0.6781
WIT,2025-08-18,2026-05-11,15,266,3,4,4,4,0,0.4422
WIX,2026-03-10,2026-06-01,17,83,1,1,1,1,0,0.0
WK,2025-08-18,2026-06-01,19,287,1,4,4,2,-2,0.8154
WKC,2025-10-19,2026-06-01,18,225,1,4,4,4,0,1.0259
WKHS,2025-11-18,2026-05-11,9,174,3,5,4,3,-1,0.8315
WLDN,2025-08-25,2026-06-01,27,280,2,5,5,2,-3,0.7978
WLFC,2026-03-10,2026-05-11,12,62,2,3,2,2,0,0.493
WLK,2026-03-10,2026-06-01,20,83,2,4,3,2,-1,0.6225
WLY,2026-03-10,2026-06-01,17,83,3,4,3,3,0,0.4991
WM,2025-12-11,2026-06-01,18,172,2,4,3,2,-1,0.5984
WMB,2025-12-11,2026-06-01,23,172,3,4,4,3,-1,0.4957
WMG,2025-12-11,2026-06-01,18,172,1,5,4,5,1,0.9702
WMK,2025-08-18,2026-06-01,24,287,4,5,4,5,1,0.4061
WMS,2025-12-11,2026-06-01,18,172,2,4,4,2,-2,0.5583
WMT,2025-10-19,2026-06-01,19,225,2,4,4,2,-2,0.3244
WNC,2026-03-10,2026-06-01,17,83,2,3,2,2,0,0.3812
WNEB,2025-10-19,2026-05-11,22,204,4,4,4,4,0,0.0
WNS,2025-08-25,2025-08-25,1,0,4,4,4,4,0,0.0
WOOF,2025-10-19,2026-06-01,27,225,3,5,5,3,-2,0.5443
WPC,2026-03-10,2026-06-01,17,83,3,4,4,3,-1,0.4922
WPM,2026-02-13,2026-05-11,19,87,3,4,4,3,-1,0.4937
WPP,2026-04-30,2026-05-11,4,11,1,3,3,1,-2,1.0
WPRT,2026-03-10,2026-06-01,17,83,1,3,3,1,-2,0.4706
WRB,2025-10-19,2026-06-01,20,225,2,5,5,4,-1,0.9695
WRBY,2026-05-20,2026-06-01,3,12,1,4,1,4,3,1.2472
WRLD,2025-08-25,2026-05-11,14,259,1,5,5,1,-4,1.1715
WS,2025-10-19,2026-06-01,20,225,1,5,4,2,-2,1.2757
WSBC,2026-03-10,2026-06-01,15,83,1,5,1,3,2,1.0456
WSC,2026-03-07,2026-06-01,19,86,2,4,4,3,-1,0.6403
WSFS,2026-03-02,2026-06-01,20,91,2,5,4,5,1,0.9937
WSM,2026-01-08,2026-06-01,18,144,3,4,4,3,-1,0.3143
WSO,2026-03-10,2026-06-01,17,83,1,3,3,1,-2,0.6655
WSR,2025-11-18,2026-06-01,26,195,3,4,3,4,1,0.1923
WST,2025-12-11,2026-06-01,25,172,3,4,3,4,1,0.325
WTBA,2025-11-18,2026-06-01,16,195,2,3,3,2,-1,0.4635
WTFC,2026-03-10,2026-06-01,17,83,2,3,3,3,0,0.3222
WTI,2026-02-13,2026-06-01,19,108,1,4,4,4,0,0.9875
WTM,2025-10-19,2026-06-01,22,225,4,5,4,4,0,0.4979
WTRG,2026-03-10,2026-06-01,17,83,3,3,3,3,0,0.0
WTS,2025-08-18,2026-06-01,28,287,2,5,5,4,-1,0.8452
WTW,2025-12-11,2026-06-01,19,172,2,4,3,3,0,0.547
WU,2025-11-18,2026-06-01,27,195,3,5,5,3,-2,0.4743
WULF,2026-05-20,2026-06-01,3,12,1,2,1,2,1,0.4714
WVE,2026-03-10,2026-06-01,17,83,1,2,1,2,1,0.2353
WW,2026-03-10,2026-05-11,14,62,2,5,2,3,1,0.9147
WWD,2025-08-18,2026-06-01,29,287,3,5,4,3,-1,0.6914
WWW,2026-03-10,2026-06-01,17,83,2,4,2,3,1,0.5455
WY,2026-03-10,2026-06-01,17,83,1,4,3,3,0,0.691
WYFI,2026-05-20,2026-06-01,3,12,1,2,1,2,1,0.4714
WYNN,2026-03-10,2026-06-01,17,83,1,2,2,2,0,0.2353
XEL,2025-12-11,2026-06-01,18,172,2,3,3,3,0,0.2291
XENE,2026-03-10,2026-06-01,15,83,1,3,2,3,1,0.5735
XERS,2025-11-18,2026-06-01,16,195,2,3,3,3,0,0.4635
XHR,2025-08-18,2026-06-01,23,287,3,5,4,3,-1,0.4476
XIFR,2026-05-20,2026-06-01,3,12,1,4,1,4,3,1.2472
XMTR,2026-05-20,2026-06-01,3,12,2,2,2,2,0,0.0
XNCR,2026-03-10,2026-06-01,17,83,1,3,2,1,-1,0.6809
XOM,2025-10-19,2026-06-01,29,225,2,5,4,2,-2,0.5496
XOMA,2026-03-10,2026-06-01,17,83,1,3,2,1,-1,0.4851
XP,2025-08-18,2026-06-01,28,287,3,5,5,3,-2,0.8391
XPEL,2025-12-11,2026-06-01,18,172,2,4,3,3,0,0.7857
XPER,2026-05-20,2026-06-01,3,12,3,4,3,4,1,0.4714
XPO,2025-11-18,2026-06-01,19,195,2,4,4,3,-1,0.6359
XPRO,2026-05-20,2026-06-01,3,12,2,3,3,2,-1,0.4714
XRAY,2025-08-18,2026-06-01,20,287,3,5,5,3,-2,0.7141
XRX,2025-11-18,2026-06-01,18,195,1,4,4,2,-2,0.7617
XYL,2025-10-19,2026-06-01,20,225,1,4,4,1,-3,0.8047
XYZ,2025-08-18,2026-06-01,22,287,2,5,4,3,-1,0.7329
YELP,2025-10-19,2026-06-01,30,225,3,5,4,3,-1,0.5538
YETI,2025-08-25,2026-06-01,19,280,1,4,4,3,-1,1.0206
YEXT,2026-03-10,2026-06-01,17,83,2,3,3,2,-1,0.2353
YORW,2026-02-15,2026-06-01,18,106,1,4,4,3,-1,0.9428
YOU,2026-03-10,2026-06-01,22,83,4,5,4,5,1,0.4191
YPF,2026-03-10,2026-05-11,14,62,3,5,3,4,1,0.9258
YUM,2025-11-18,2026-06-01,21,195,3,5,4,3,-1,0.5754
YUMC,2025-10-19,2026-06-01,20,225,3,5,4,3,-1,0.8047
Z,2026-03-10,2026-06-01,17,83,1,3,2,2,0,0.686
ZBH,2026-03-10,2026-06-01,17,83,3,3,3,3,0,0.0
ZBIO,2026-05-20,2026-06-01,3,12,1,2,1,2,1,0.4714
ZBRA,2025-08-18,2026-06-01,21,287,3,4,4,4,0,0.4949
ZD,2025-08-25,2026-06-01,25,280,3,5,4,4,0,0.2828
ZETA,2026-05-20,2026-06-01,3,12,3,3,3,3,0,0.0
ZEUS,2025-08-18,2025-10-19,3,62,4,5,5,4,-1,0.4714
ZION,2026-03-10,2026-06-01,17,83,3,3,3,3,0,0.0
ZIP,2026-05-20,2026-05-20,1,0,3,3,3,3,0,0.0
ZLAB,2026-03-10,2026-06-01,15,83,1,2,1,1,0,0.4422
ZM,2025-08-18,2026-06-01,27,287,2,5,5,4,-1,0.7333
ZS,2025-11-18,2026-06-01,18,195,1,3,3,2,-1,0.6667
ZTO,2025-08-25,2026-05-11,12,259,4,5,4,5,1,0.3727
ZTS,2025-12-11,2026-06-01,27,172,3,4,3,4,1,0.1889
ZUMZ,2026-01-08,2026-06-01,24,144,3,5,5,3,-2,0.8154
ZVRA,2026-03-10,2026-06-01,19,83,1,4,1,3,2,1.1362
ZWS,2025-08-18,2026-06-01,26,287,3,5,4,3,-1,0.8077
ZYME,2025-08-18,2026-06-01,19,287,1,4,4,2,-2,0.7178
