symbol,days_observed,days_span,first_observed,last_observed,days_top10pct,days_top5pct,days_top1pct,persistence_rate_pct,current_streak_top10,longest_streak_top10,current_rank_pct,avg_composite_score,current_composite_score,first_top10,first_top5,first_top1,avg_ess_score,current_ess_text,ess_obs_count,ess_volatility,avg_zacks_score,current_zacks_score,zacks_obs_count,zacks_volatility,avg_danelfin_score,current_danelfin_score,danelfin_obs_count,danelfin_volatility,rank_volatility,sss,persistence_score,leadership_class
KLAC,10,384,2025-05-13,2026-06-01,10,10,0,100.0,10,10,4.83,3.908,4.5556,2025-05-13,2025-05-13,,4.98,VERY_BULLISH,34,0.065,4.0,4.0,2,0.0,4.0,4.0,3,0.0,0.886,98.9,99.78,A_PERSISTENT_LEADER
TNK,10,384,2025-05-13,2026-06-01,10,10,5,100.0,10,10,2.13,3.9813,4.8333,2025-05-13,2025-05-13,2025-05-13,4.97,VERY_BULLISH,29,0.186,5.0,5.0,2,0.0,4.0,4.0,3,0.0,0.494,97.9,99.58,A_PERSISTENT_LEADER
SHBI,10,384,2025-05-13,2026-06-01,10,10,0,100.0,10,10,1.93,3.9924,4.8889,2025-05-13,2025-05-13,,4.89,VERY_BULLISH,26,0.295,5.0,5.0,2,0.0,4.0,4.0,3,0.0,0.254,96.9,99.38,A_PERSISTENT_LEADER
FFIV,10,384,2025-05-13,2026-06-01,10,10,0,100.0,10,10,4.41,3.9368,4.6111,2025-05-13,2025-05-13,,4.89,VERY_BULLISH,29,0.265,4.0,4.0,2,0.0,4.0,4.0,3,0.0,1.506,96.6,99.32,A_PERSISTENT_LEADER
SRCE,10,384,2025-05-13,2026-06-01,10,10,0,100.0,10,10,4.76,3.908,4.5556,2025-05-13,2025-05-13,,4.56,VERY_BULLISH,28,0.48,4.0,4.0,2,0.0,4.0,4.0,3,0.0,1.379,94.5,98.9,A_PERSISTENT_LEADER
IMKTA,10,384,2025-05-13,2026-06-01,10,10,0,100.0,10,10,3.05,3.9508,4.7692,2025-05-13,2025-05-13,,4.41,VERY_BULLISH,32,0.539,,,0,0.0,4.0,4.0,3,0.0,0.725,94.2,98.84,A_PERSISTENT_LEADER
SNX,10,384,2025-05-13,2026-06-01,10,10,2,100.0,10,10,2.59,4.0433,4.7778,2025-05-13,2025-05-13,2026-05-20,4.96,VERY_BULLISH,34,0.598,5.0,5.0,3,0.0,3.0,3.0,3,0.0,0.873,93.6,98.72,A_PERSISTENT_LEADER
TREE,10,384,2025-05-13,2026-06-01,10,10,5,100.0,10,10,2.51,3.9348,4.7778,2025-05-13,2025-05-13,2025-05-13,4.34,VERY_BULLISH,33,0.686,5.0,5.0,2,0.0,3.0,3.0,3,0.0,1.136,92.6,98.52,A_PERSISTENT_LEADER
VMI,10,384,2025-05-13,2026-06-01,10,10,5,100.0,10,10,4.72,3.908,4.5556,2025-05-13,2025-05-13,2025-05-13,4.63,VERY_BULLISH,26,0.667,4.0,4.0,2,0.0,4.0,4.0,3,0.0,1.688,92.5,98.5,A_PERSISTENT_LEADER
LYB,10,384,2025-05-13,2026-06-01,10,10,0,100.0,10,10,3.4,3.9237,4.7222,2025-05-13,2025-05-13,,3.53,BULLISH,17,0.874,5.0,5.0,2,0.0,3.0,3.0,3,0.0,0.239,91.1,98.22,A_PERSISTENT_LEADER
RBB,10,384,2025-05-13,2026-06-01,10,10,0,100.0,10,10,1.97,3.9747,4.8889,2025-05-13,2025-05-13,,3.98,VERY_BULLISH,18,0.909,5.0,5.0,2,0.0,4.0,4.0,3,0.0,0.178,90.8,98.16,A_PERSISTENT_LEADER
FLEX,10,384,2025-05-13,2026-06-01,10,10,0,100.0,10,10,2.24,3.9459,4.8333,2025-05-13,2025-05-13,,4.83,VERY_BULLISH,34,0.367,5.0,5.0,2,0.0,3.33,4.0,3,0.577,0.98,90.1,98.02,A_PERSISTENT_LEADER
STNG,10,384,2025-05-13,2026-06-01,10,10,2,100.0,10,10,3.67,4.0443,4.7143,2025-05-13,2025-05-13,2026-05-20,3.7,VERY_BULLISH,16,0.939,5.0,5.0,1,0.0,4.0,4.0,1,0.0,1.402,89.9,97.98,A_PERSISTENT_LEADER
FBIZ,10,384,2025-05-13,2026-06-01,10,10,2,100.0,10,10,4.45,3.9545,4.6111,2025-05-13,2025-05-13,2026-05-20,4.65,VERY_BULLISH,29,0.448,4.0,4.0,2,0.0,4.67,4.0,3,0.577,1.803,88.8,97.76,A_PERSISTENT_LEADER
MYRG,10,384,2025-05-13,2026-06-01,10,10,0,100.0,10,10,2.01,3.9747,4.8889,2025-05-13,2025-05-13,,5.18,VERY_BULLISH,29,1.163,5.0,5.0,2,0.0,4.0,4.0,3,0.0,0.63,88.1,97.62,A_PERSISTENT_LEADER
MPC,10,384,2025-05-13,2026-06-01,10,10,0,100.0,10,10,2.67,3.9348,4.7778,2025-05-13,2025-05-13,,4.48,VERY_BULLISH,26,0.538,4.5,5.0,2,0.707,3.0,3.0,3,0.0,0.441,87.3,97.46,A_PERSISTENT_LEADER
NGVC,10,384,2025-05-13,2026-06-01,10,9,0,100.0,10,10,3.71,3.9,4.6923,2025-05-13,2025-05-13,,4.9,BULLISH,29,0.409,,,0,0.0,3.0,3.0,3,0.0,0.933,95.4,97.08,A_PERSISTENT_LEADER
SNDK,10,384,2025-05-13,2026-06-01,10,9,0,100.0,10,10,3.13,3.906,4.7222,2025-05-13,2025-05-13,,4.3,VERY_BULLISH,25,0.448,5.0,5.0,2,0.0,3.0,3.0,3,0.0,1.564,94.7,96.94,A_PERSISTENT_LEADER
VLO,10,384,2025-05-13,2026-06-01,10,10,5,100.0,10,10,2.47,3.9348,4.7778,2025-05-13,2025-05-13,2025-05-13,4.84,VERY_BULLISH,23,1.727,5.0,5.0,2,0.0,3.0,3.0,3,0.0,1.23,82.1,96.42,A_PERSISTENT_LEADER
SU,10,384,2025-05-13,2026-06-01,10,10,2,100.0,10,10,3.87,3.9656,4.6667,2025-05-13,2025-05-13,2026-05-20,4.65,VERY_BULLISH,34,1.056,4.5,4.0,2,0.707,5.0,5.0,3,0.0,1.223,81.8,96.36,A_PERSISTENT_LEADER
PSX,10,384,2025-05-13,2026-06-01,10,10,2,100.0,10,10,3.21,4.0167,4.7222,2025-05-13,2025-05-13,2026-05-20,4.8,VERY_BULLISH,21,3.092,5.0,5.0,3,0.0,3.0,3.0,3,0.0,1.112,79.4,95.88,A_PERSISTENT_LEADER
UTL,10,384,2025-05-13,2026-06-01,10,8,5,100.0,10,10,6.5,3.8636,4.3333,2025-05-13,2025-05-13,2025-05-13,5,VERY_BULLISH,23,0.0,3.0,3.0,2,0.0,4.0,4.0,3,0.0,2.34,98.8,95.76,A_PERSISTENT_LEADER
TXN,10,384,2025-05-13,2026-06-01,10,10,5,100.0,10,10,1.82,4.0035,4.9444,2025-05-13,2025-05-13,2025-05-13,5.25,VERY_BULLISH,26,1.763,5.0,5.0,2,0.0,4.67,5.0,3,0.577,0.444,76.4,95.28,A_PERSISTENT_LEADER
WAFD,10,384,2025-05-13,2026-06-01,10,8,5,100.0,10,10,5.26,3.8792,4.5,2025-05-13,2025-05-13,2025-05-13,4.51,BULLISH,24,0.588,4.0,4.0,2,0.0,3.0,3.0,3,0.0,2.093,93.1,94.62,A_PERSISTENT_LEADER
FET,10,384,2025-05-13,2026-06-01,10,8,0,100.0,10,10,6.88,3.8813,4.3333,2025-05-13,2025-05-13,,4.44,NEUTRAL,25,0.768,3.0,3.0,2,0.0,4.0,4.0,3,0.0,2.009,91.3,94.26,A_PERSISTENT_LEADER
FTI,10,384,2025-05-13,2026-06-01,10,8,2,100.0,10,10,6.84,3.899,4.3333,2025-05-13,2025-05-13,2026-05-20,4.89,VERY_BULLISH,33,0.273,3.0,3.0,2,0.0,4.33,4.0,3,0.577,2.224,90.4,94.08,A_PERSISTENT_LEADER
MU,10,384,2025-05-13,2026-06-01,10,10,3,100.0,10,10,3.29,4.0867,4.7222,2025-05-13,2025-05-13,2026-05-15,8.86,VERY_BULLISH,33,16.177,4.75,5.0,4,0.5,2.75,3.0,4,0.5,1.565,69.2,93.84,A_PERSISTENT_LEADER
OTTR,10,384,2025-05-13,2026-06-01,10,8,0,100.0,10,10,7.39,3.8348,4.2778,2025-05-13,2025-05-13,,4.2,VERY_BULLISH,33,0.433,3.0,3.0,2,0.0,3.33,4.0,3,0.577,1.907,88.9,93.78,A_PERSISTENT_LEADER
VSNT,10,384,2025-05-13,2026-06-01,10,7,5,100.0,10,10,3.75,3.8772,4.6667,2025-05-13,2025-05-13,2025-05-13,5,VERY_BULLISH,19,0.0,5.0,5.0,2,0.0,2.0,2.0,3,0.0,2.723,98.6,93.72,A_PERSISTENT_LEADER
LFUS,10,384,2025-05-13,2026-06-01,10,8,0,100.0,10,10,5.38,3.8792,4.5,2025-05-13,2025-05-13,,4.33,VERY_BULLISH,22,0.533,4.5,4.0,2,0.707,3.0,3.0,3,0.0,0.656,87.3,93.46,A_PERSISTENT_LEADER
LRCX,10,384,2025-05-13,2026-06-01,10,7,2,100.0,10,10,5.34,3.91,4.5,2025-05-13,2025-05-13,2026-05-20,4.94,VERY_BULLISH,34,0.198,4.0,4.0,3,0.0,3.0,3.0,3,0.0,2.12,97.0,93.4,A_PERSISTENT_LEADER
RCKY,7,373,2025-05-13,2026-05-21,7,7,0,100.0,7,7,4.71,3.5714,3.75,2025-05-13,2025-05-13,,4.93,VERY_BULLISH,28,0.268,,,0,0.0,3.0,3.0,1,0.0,1.321,96.7,93.34,A_PERSISTENT_LEADER
RNR,10,384,2025-05-13,2026-06-01,10,7,0,100.0,10,10,8.24,3.806,4.2222,2025-05-13,2025-05-13,,4.92,BULLISH,33,0.219,3.0,3.0,2,0.0,3.0,3.0,3,0.0,2.69,96.5,93.3,A_PERSISTENT_LEADER
FUNC,7,373,2025-05-13,2026-05-21,7,7,0,100.0,7,7,1.36,3.6143,3.9,2025-05-13,2025-05-13,,4.85,VERY_BULLISH,29,0.338,,,0,0.0,4.0,4.0,1,0.0,1.529,95.9,93.18,A_PERSISTENT_LEADER
THG,10,384,2025-05-13,2026-06-01,10,7,4,100.0,10,10,3.79,3.8772,4.6667,2025-05-13,2025-05-13,2025-05-13,4.81,VERY_BULLISH,27,0.36,5.0,5.0,2,0.0,2.0,2.0,3,0.0,2.439,95.2,93.04,A_PERSISTENT_LEADER
OPRT,7,373,2025-05-13,2026-05-21,7,7,0,100.0,7,7,3.25,3.5857,3.8,2025-05-13,2025-05-13,,4.64,VERY_BULLISH,27,0.483,,,0,0.0,3.0,3.0,1,0.0,0.245,95.0,93.0,A_PERSISTENT_LEADER
OPBK,7,373,2025-05-13,2026-05-21,7,7,2,100.0,7,7,0.71,3.6286,3.95,2025-05-13,2025-05-13,2026-05-20,4.31,VERY_BULLISH,21,0.461,,,0,0.0,5.0,5.0,1,0.0,1.018,94.9,92.98,A_PERSISTENT_LEADER
TBRG,10,384,2025-05-13,2026-06-01,10,7,0,100.0,10,10,3.83,3.8772,4.6667,2025-05-13,2025-05-13,,4.72,VERY_BULLISH,22,0.414,5.0,5.0,2,0.0,2.0,2.0,3,0.0,2.418,94.7,92.94,A_PERSISTENT_LEADER
HPQ,10,384,2025-05-13,2026-06-01,10,8,0,100.0,10,10,8.43,3.8237,4.2222,2025-05-13,2025-05-13,,3.98,BULLISH,23,0.761,3.5,3.0,2,0.707,3.0,3.0,3,0.0,1.847,84.4,92.88,A_PERSISTENT_LEADER
PCB,10,384,2025-05-13,2026-06-01,10,7,0,100.0,10,10,6.57,3.8144,4.3333,2025-05-13,2025-05-13,,4.6,VERY_BULLISH,25,0.482,3.0,3.0,3,0.0,4.0,4.0,3,0.0,2.349,94.0,92.8,A_PERSISTENT_LEADER
PBI,10,384,2025-05-13,2026-06-01,10,7,0,100.0,10,10,3.91,3.8772,4.6667,2025-05-13,2025-05-13,,4.53,VERY_BULLISH,31,0.523,5.0,5.0,2,0.0,2.0,2.0,3,0.0,1.833,93.9,92.78,A_PERSISTENT_LEADER
IMO,10,384,2025-05-13,2026-06-01,10,7,2,100.0,10,10,6.77,3.8567,4.3333,2025-05-13,2025-05-13,2026-05-20,4.79,VERY_BULLISH,24,0.515,5.0,5.0,2,0.0,5.0,5.0,3,0.0,2.273,93.7,92.74,A_PERSISTENT_LEADER
OFG,10,384,2025-05-13,2026-06-01,10,7,0,100.0,10,10,5.84,3.8504,4.4444,2025-05-13,2025-05-13,,4.38,VERY_BULLISH,33,0.634,4.0,4.0,2,0.0,3.0,3.0,3,0.0,1.339,93.0,92.6,A_PERSISTENT_LEADER
PBR,10,384,2025-05-13,2026-06-01,10,8,2,100.0,10,10,6.26,3.9101,4.3889,2025-05-13,2025-05-13,2026-05-20,4.95,BULLISH,29,0.204,4.0,3.0,2,1.414,5.0,5.0,3,0.0,2.003,82.8,92.56,A_PERSISTENT_LEADER
MCRI,10,384,2025-05-13,2026-06-01,10,7,0,100.0,10,10,3.36,3.906,4.7222,2025-05-13,2025-05-13,,4.14,VERY_BULLISH,29,0.779,5.0,5.0,2,0.0,3.0,3.0,3,0.0,0.873,91.8,92.36,A_PERSISTENT_LEADER
NBR,10,384,2025-05-13,2026-06-01,10,7,0,100.0,10,10,5.88,3.8504,4.4444,2025-05-13,2025-05-13,,4.9,VERY_BULLISH,29,0.31,4.0,4.0,2,0.0,2.67,3.0,3,0.577,1.209,90.5,92.1,A_PERSISTENT_LEADER
R,10,384,2025-05-13,2026-06-01,10,7,0,100.0,10,10,5.8,3.8504,4.4444,2025-05-13,2025-05-13,,4.6,VERY_BULLISH,25,0.868,4.0,4.0,2,0.0,3.0,3.0,3,0.0,1.688,90.5,92.1,A_PERSISTENT_LEADER
HPP,10,384,2025-05-13,2026-06-01,10,7,0,100.0,10,10,4.37,3.8484,4.6111,2025-05-13,2025-05-13,,4,VERY_BULLISH,16,0.894,5.0,5.0,2,0.0,2.0,2.0,3,0.0,1.535,90.3,92.06,A_PERSISTENT_LEADER
LTRX,7,373,2025-05-13,2026-05-21,7,7,0,100.0,7,7,3.57,3.5857,3.8,2025-05-13,2025-05-13,,3.82,VERY_BULLISH,18,0.984,,,0,0.0,3.0,3.0,1,0.0,0.163,90.1,92.02,A_PERSISTENT_LEADER
TK,7,373,2025-05-13,2026-05-21,7,7,5,100.0,7,7,2.89,3.5857,3.8,2025-05-13,2025-05-13,2025-05-13,4.15,VERY_BULLISH,17,0.995,,,0,0.0,3.0,3.0,1,0.0,0.943,89.6,91.92,A_PERSISTENT_LEADER
WSFS,10,384,2025-05-13,2026-06-01,10,7,5,100.0,10,10,5.72,3.8504,4.4444,2025-05-13,2025-05-13,2025-05-13,3.68,VERY_BULLISH,19,1.003,4.0,4.0,2,0.0,3.0,3.0,3,0.0,2.59,88.7,91.74,A_PERSISTENT_LEADER
OKE,10,384,2025-05-13,2026-06-01,10,7,0,100.0,10,10,7.42,3.8171,4.2778,2025-05-13,2025-05-13,,4.33,VERY_BULLISH,21,0.796,3.0,3.0,2,0.0,3.33,4.0,3,0.577,1.885,85.3,91.06,A_PERSISTENT_LEADER
EPD,10,384,2025-05-13,2026-06-01,10,6,0,100.0,10,10,4.02,3.9479,4.6667,2025-05-13,2026-05-15,,4.25,VERY_BULLISH,32,0.549,4.0,4.0,2,0.0,4.33,5.0,3,0.577,1.545,88.0,89.6,A_PERSISTENT_LEADER
OXY,10,384,2025-05-13,2026-06-01,10,8,0,100.0,10,10,3.94,3.8379,4.6667,2025-05-13,2025-05-13,,4.99,BULLISH,19,2.158,4.5,4.0,2,0.707,4.67,5.0,3,0.577,2.664,65.8,89.16,A_PERSISTENT_LEADER
MYE,10,384,2025-05-13,2026-06-01,10,5,0,100.0,10,10,5.68,3.8185,4.4615,2025-05-13,2025-05-13,,4.87,VERY_BULLISH,29,0.345,,,0,0.0,2.0,2.0,3,0.0,1.817,95.6,89.12,A_PERSISTENT_LEADER
CHRD,10,384,2025-05-13,2026-06-01,10,5,0,100.0,10,10,2.82,3.9348,4.7778,2025-05-13,2026-05-20,,4.18,BULLISH,17,0.393,5.0,5.0,2,0.0,3.0,3.0,3,0.0,1.447,95.3,89.06,A_PERSISTENT_LEADER
GL,10,384,2025-05-13,2026-06-01,10,5,0,100.0,10,10,5.92,3.8504,4.4444,2025-05-13,2025-05-13,,4.72,VERY_BULLISH,28,0.459,4.0,4.0,2,0.0,3.0,3.0,3,0.0,0.76,95.0,89.0,A_PERSISTENT_LEADER
ARW,10,384,2025-05-13,2026-06-01,10,5,2,100.0,10,10,2.05,4.0967,4.8889,2025-05-13,2026-05-20,2026-05-20,4.77,VERY_BULLISH,31,0.383,5.0,5.0,3,0.0,4.0,4.0,3,0.0,3.143,94.6,88.92,A_PERSISTENT_LEADER
YOU,10,384,2025-05-13,2026-06-01,10,5,5,100.0,10,10,6.15,3.8216,4.3889,2025-05-13,2025-05-13,2025-05-13,4.79,VERY_BULLISH,19,0.419,4.0,4.0,2,0.0,2.0,2.0,3,0.0,3.209,94.2,88.84,A_PERSISTENT_LEADER
ASML,10,384,2025-05-13,2026-06-01,10,5,2,100.0,10,10,4.22,4.0056,4.6667,2025-05-13,2026-05-20,2026-05-20,4.46,VERY_BULLISH,28,0.576,4.0,4.0,3,0.0,5.0,5.0,3,0.0,2.682,92.9,88.58,A_PERSISTENT_LEADER
ATLC,10,384,2025-05-13,2026-06-01,10,5,2,100.0,10,10,2.86,4.0433,4.7778,2025-05-13,2026-05-20,2026-05-20,4.07,VERY_BULLISH,26,0.563,5.0,5.0,3,0.0,3.0,3.0,3,0.0,2.872,92.9,88.58,A_PERSISTENT_LEADER
VLGEA,5,12,2026-05-20,2026-06-01,5,5,0,100.0,5,5,2.98,4.3662,4.7692,2026-05-20,2026-05-20,,4.93,VERY_BULLISH,30,0.202,,,0,0.0,3.33,4.0,3,0.577,0.368,92.0,88.4,A_PERSISTENT_LEADER
NATR,10,384,2025-05-13,2026-06-01,10,5,0,100.0,10,10,5.18,3.8692,4.5385,2025-05-13,2025-05-13,,4.9,VERY_BULLISH,32,0.261,,,0,0.0,2.33,2.0,3,0.577,1.011,91.1,88.22,A_PERSISTENT_LEADER
BHE,10,384,2025-05-13,2026-06-01,10,5,0,100.0,10,10,3.09,3.9331,4.7692,2025-05-13,2026-05-20,,4.85,VERY_BULLISH,32,0.355,,,0,0.0,3.67,4.0,3,0.577,1.503,89.9,87.98,A_PERSISTENT_LEADER
CTS,10,384,2025-05-13,2026-06-01,10,5,0,100.0,10,10,2.36,3.9459,4.8333,2025-05-13,2026-05-20,,4.11,VERY_BULLISH,32,0.436,5.0,5.0,2,0.0,3.67,4.0,3,0.577,1.327,89.2,87.84,A_PERSISTENT_LEADER
PRI,10,384,2025-05-13,2026-06-01,10,5,0,100.0,10,10,9.01,3.7772,4.1667,2025-05-13,2025-05-13,,4.82,VERY_BULLISH,30,0.379,3.0,3.0,2,0.0,2.33,3.0,3,0.577,2.866,89.0,87.8,A_PERSISTENT_LEADER
CVE,10,384,2025-05-13,2026-06-01,10,5,2,100.0,10,10,2.32,4.0856,4.8333,2025-05-13,2026-05-20,2026-05-20,5.07,VERY_BULLISH,30,1.008,5.0,5.0,3,0.0,4.0,4.0,3,0.0,2.399,88.7,87.74,A_PERSISTENT_LEADER
PRSU,10,384,2025-05-13,2026-06-01,10,5,0,100.0,10,10,6.23,3.8216,4.3889,2025-05-13,2025-05-13,,3.47,BULLISH,17,1.07,4.0,4.0,2,0.0,2.0,2.0,3,0.0,2.14,88.2,87.64,A_PERSISTENT_LEADER
GAIA,7,373,2025-05-13,2026-05-21,7,5,0,100.0,7,7,5.35,3.5714,3.75,2025-05-13,2025-05-13,,4.89,VERY_BULLISH,20,0.447,,,0,0.0,3.0,3.0,1,0.0,0.453,95.3,87.35,A_PERSISTENT_LEADER
RCMT,10,384,2025-05-13,2026-06-01,10,5,0,100.0,10,10,6.19,3.8216,4.3889,2025-05-13,2025-05-13,,4.38,VERY_BULLISH,16,0.719,4.0,4.0,2,0.0,2.33,2.0,3,0.577,2.308,85.9,87.18,A_PERSISTENT_LEADER
E,10,384,2025-05-13,2026-06-01,10,4,2,100.0,10,10,6.38,3.9101,4.3889,2025-05-13,2026-05-15,2026-05-20,4.78,NEUTRAL,25,0.481,3.0,3.0,2,0.0,5.0,5.0,3,0.0,2.205,94.1,86.82,A_PERSISTENT_LEADER
EOG,10,384,2025-05-13,2026-06-01,10,4,0,100.0,10,10,6.92,3.8813,4.3333,2025-05-13,2026-05-15,,4.06,BULLISH,19,0.861,3.0,3.0,2,0.0,4.0,4.0,3,0.0,2.026,90.4,86.08,A_PERSISTENT_LEADER
FIVN,10,384,2025-05-13,2026-06-01,10,5,0,100.0,10,10,9.36,3.7595,4.1667,2025-05-13,2025-05-13,,3.27,VERY_BULLISH,15,1.335,3.0,3.0,2,0.0,2.33,3.0,3,0.577,2.014,79.9,85.98,A_PERSISTENT_LEADER
CLMB,10,384,2025-05-13,2026-06-01,10,3,0,100.0,10,10,7.12,3.8813,4.3333,2025-05-13,2026-05-20,,4.96,VERY_BULLISH,32,0.131,3.0,3.0,2,0.0,4.0,4.0,3,0.0,2.201,97.6,85.52,A_PERSISTENT_LEADER
CNQ,10,384,2025-05-13,2026-06-01,10,5,0,100.0,10,10,4.1,3.9479,4.6667,2025-05-13,2026-05-20,,4.11,VERY_BULLISH,25,0.868,4.5,4.0,2,0.707,4.33,5.0,3,0.577,1.852,77.6,85.52,A_PERSISTENT_LEADER
ELMD,10,384,2025-05-13,2026-06-01,10,3,0,100.0,10,10,3.56,3.906,4.7222,2025-05-13,2026-05-15,,4.92,VERY_BULLISH,34,0.223,5.0,5.0,2,0.0,3.0,3.0,3,0.0,0.821,97.4,85.48,A_PERSISTENT_LEADER
EME,10,384,2025-05-13,2026-06-01,10,4,0,100.0,10,10,6.96,3.8813,4.3333,2025-05-13,2026-05-15,,4.64,BULLISH,25,0.454,3.5,3.0,2,0.707,4.0,4.0,3,0.0,2.022,87.4,85.48,A_PERSISTENT_LEADER
AXS,10,384,2025-05-13,2026-06-01,10,3,0,100.0,10,10,8.78,3.8237,4.2222,2025-05-13,2026-05-20,,4.9,VERY_BULLISH,33,0.275,3.0,3.0,2,0.0,3.0,3.0,3,0.0,1.642,96.4,85.28,A_PERSISTENT_LEADER
CRGY,10,384,2025-05-13,2026-06-01,10,3,0,100.0,10,10,5.07,3.908,4.5556,2025-05-13,2026-05-20,,4.8,BULLISH,19,0.405,4.0,4.0,2,0.0,4.0,4.0,3,0.0,1.39,95.3,85.06,A_PERSISTENT_LEADER
CTBI,10,384,2025-05-13,2026-06-01,10,3,0,100.0,10,10,5.03,3.908,4.5556,2025-05-13,2026-05-20,,4.38,VERY_BULLISH,28,0.457,4.0,4.0,2,0.0,4.0,4.0,3,0.0,1.369,94.7,84.94,A_PERSISTENT_LEADER
GNE,3,10,2026-05-22,2026-06-01,3,3,1,100.0,3,3,2.09,4.8974,4.8462,2026-05-22,2026-05-22,2026-05-22,4.58,VERY_BULLISH,8,0.486,,,0,0.0,4.0,4.0,2,0.0,0.893,94.7,84.94,B_EMERGING_LEADER
CNI,10,384,2025-05-13,2026-06-01,10,3,0,100.0,10,10,9.59,3.8126,4.1667,2025-05-13,2026-05-20,,4.49,VERY_BULLISH,31,0.574,3.0,3.0,2,0.0,3.0,3.0,3,0.0,1.981,93.3,84.66,A_PERSISTENT_LEADER
CRC,10,384,2025-05-13,2026-06-01,10,3,0,100.0,10,10,7.81,3.8348,4.2778,2025-05-13,2026-05-20,,4.19,BEARISH,21,0.682,3.0,3.0,2,0.0,3.67,4.0,3,0.577,1.349,86.7,83.34,A_PERSISTENT_LEADER
BFH,10,384,2025-05-13,2026-06-01,10,2,0,100.0,10,10,3.63,3.906,4.7222,2025-05-13,2026-05-31,,4.53,VERY_BULLISH,29,0.492,5.0,5.0,2,0.0,3.0,3.0,3,0.0,1.189,94.5,82.9,A_PERSISTENT_LEADER
CF,10,384,2025-05-13,2026-06-01,10,2,0,100.0,10,10,4.14,3.8772,4.6667,2025-05-13,2026-05-31,,4.51,VERY_BULLISH,24,0.501,5.0,5.0,2,0.0,2.0,2.0,3,0.0,1.009,94.5,82.9,A_PERSISTENT_LEADER
ORRF,10,384,2025-05-13,2026-06-01,8,8,0,80.0,0,8,12.22,3.7969,4.0,2025-05-13,2025-05-13,,4.77,BULLISH,25,0.419,2.0,2.0,2,0.0,4.0,4.0,3,0.0,4.059,89.8,81.96,A_PERSISTENT_LEADER
BVS,5,12,2026-05-20,2026-06-01,5,3,0,100.0,5,5,5.57,4.2585,4.5,2026-05-20,2026-05-20,,5,VERY_BULLISH,2,0.0,4.0,4.0,2,0.0,3.0,3.0,3,0.0,0.75,99.6,81.92,A_PERSISTENT_LEADER
NECB,10,384,2025-05-13,2026-06-01,8,8,2,80.0,0,8,10.56,3.8545,4.1111,2025-05-13,2025-05-13,2026-05-20,4.6,VERY_BULLISH,22,0.483,2.0,2.0,2,0.0,5.0,5.0,3,0.0,3.626,89.4,81.88,A_PERSISTENT_LEADER
VRT,10,384,2025-05-13,2026-06-01,10,2,0,100.0,10,10,4.68,3.5067,4.5556,2025-05-13,2026-05-31,,4.54,VERY_BULLISH,28,0.487,4.33,4.0,3,0.577,4.0,4.0,3,0.0,1.532,88.6,81.72,A_PERSISTENT_LEADER
ADI,10,384,2025-05-13,2026-06-01,10,2,0,100.0,10,10,5.65,3.8792,4.5,2025-05-13,2026-05-20,,5.27,VERY_BULLISH,29,1.174,4.0,4.0,2,0.0,3.0,3.0,3,0.0,1.38,87.6,81.52,A_PERSISTENT_LEADER
AGX,10,384,2025-05-13,2026-06-01,10,3,0,100.0,10,10,8.0,3.8525,4.2778,2025-05-13,2026-05-20,,4.72,VERY_BULLISH,22,0.825,4.0,3.0,2,1.414,4.0,4.0,3,0.0,2.282,76.5,81.3,A_PERSISTENT_LEADER
UVSP,5,12,2026-05-20,2026-06-01,5,3,0,100.0,5,5,5.3,4.2585,4.5,2026-05-20,2026-05-20,,4.21,VERY_BULLISH,26,0.371,4.0,4.0,2,0.0,3.0,3.0,3,0.0,1.249,95.7,81.14,A_PERSISTENT_LEADER
DELL,10,384,2025-05-13,2026-06-01,10,2,2,100.0,10,10,5.99,3.8989,4.4444,2025-05-13,2026-05-20,2026-05-20,5.15,VERY_BULLISH,28,1.35,4.0,4.0,3,0.0,3.0,3.0,3,0.0,2.342,85.3,81.06,A_PERSISTENT_LEADER
CBOE,10,384,2025-05-13,2026-06-01,10,2,0,100.0,10,10,4.18,3.8344,4.6667,2025-05-13,2026-05-31,,4.98,VERY_BULLISH,33,0.452,4.33,5.0,3,1.155,2.0,2.0,3,0.0,1.243,83.3,80.66,A_PERSISTENT_LEADER
TAL,10,384,2025-05-13,2026-06-01,9,7,0,90.0,2,7,6.11,3.6957,4.4286,2025-05-13,2025-05-13,,4.19,VERY_BULLISH,26,0.981,5.0,5.0,1,0.0,3.0,3.0,1,0.0,10.222,83.1,80.62,A_PERSISTENT_LEADER
AVAH,5,12,2026-05-20,2026-06-01,5,3,0,100.0,5,5,8.82,4.1474,4.2222,2026-05-20,2026-05-20,,5,VERY_BULLISH,2,0.0,3.0,3.0,2,0.0,3.33,3.0,3,0.577,2.426,93.0,80.6,A_PERSISTENT_LEADER
DINO,10,384,2025-05-13,2026-06-01,10,2,0,100.0,10,10,3.6,3.906,4.7222,2025-05-13,2026-05-31,,3.99,VERY_BULLISH,23,2.801,5.0,5.0,2,0.0,3.0,3.0,3,0.0,0.851,79.6,79.92,A_PERSISTENT_LEADER
PKOH,10,384,2025-05-13,2026-06-01,8,7,2,80.0,0,8,16.78,3.7032,3.7778,2025-05-13,2025-05-13,2026-05-20,4.19,BULLISH,23,0.383,3.0,3.0,2,0.0,5.0,5.0,3,0.0,6.319,89.0,79.8,A_PERSISTENT_LEADER
CIEN,10,384,2025-05-13,2026-06-01,10,2,2,100.0,10,10,7.89,3.9327,4.2778,2025-05-13,2026-05-20,2026-05-20,6.37,BULLISH,22,6.661,5.0,5.0,3,0.0,4.0,4.0,3,0.0,2.827,78.6,79.72,A_PERSISTENT_LEADER
UNTY,5,12,2026-05-20,2026-06-01,5,3,2,100.0,5,5,6.54,4.2979,4.3333,2026-05-20,2026-05-20,2026-05-20,4.46,BULLISH,26,0.488,3.0,3.0,2,0.0,4.33,4.0,3,0.577,3.18,87.8,79.56,A_PERSISTENT_LEADER
SIMO,10,384,2025-05-13,2026-06-01,9,8,0,90.0,5,5,4.56,3.8264,4.5714,2025-05-13,2025-05-13,,4.11,BULLISH,27,0.934,5.0,5.0,1,0.0,4.0,4.0,1,0.0,3.081,87.1,79.42,A_PERSISTENT_LEADER
VVX,10,384,2025-05-13,2026-06-01,8,7,5,80.0,0,8,11.91,3.73,4.0,2025-05-13,2025-05-13,2025-05-13,3.94,NEUTRAL,22,0.693,4.0,4.0,2,0.0,4.0,4.0,3,0.0,5.088,86.5,79.3,A_PERSISTENT_LEADER
ALL,10,384,2025-05-13,2026-06-01,10,0,0,100.0,10,10,9.9,3.7949,4.1667,2025-05-13,,,4.84,VERY_BULLISH,33,0.335,3.0,3.0,2,0.0,3.0,3.0,3,0.0,1.434,95.9,79.18,A_PERSISTENT_LEADER
CI,10,384,2025-05-13,2026-06-01,10,0,0,100.0,10,10,8.7,3.806,4.2222,2025-05-13,,,4.81,VERY_BULLISH,34,0.359,3.0,3.0,2,0.0,3.0,3.0,3,0.0,1.14,95.8,79.16,A_PERSISTENT_LEADER
TSM,10,384,2025-05-13,2026-06-01,10,0,0,100.0,10,10,5.76,3.4533,4.4444,2025-05-13,,,4.26,BULLISH,32,0.545,3.0,3.0,3,0.0,5.0,5.0,3,0.0,1.552,93.8,78.76,A_PERSISTENT_LEADER
AVT,10,384,2025-05-13,2026-06-01,10,2,2,100.0,10,10,5.1,3.9211,4.5556,2025-05-13,2026-05-20,2026-05-20,6.24,VERY_BULLISH,19,4.303,4.0,4.0,3,0.0,3.33,4.0,3,0.577,2.59,72.9,78.58,A_PERSISTENT_LEADER
WDC,10,384,2025-05-13,2026-06-01,10,0,0,100.0,10,10,6.46,3.3667,4.3333,2025-05-13,,,4.07,BULLISH,31,0.343,5.0,5.0,2,0.0,4.67,5.0,3,0.577,0.838,90.4,78.08,A_PERSISTENT_LEADER
QCOM,10,384,2025-05-13,2026-06-01,8,7,0,80.0,0,8,29.78,3.6189,3.4444,2025-05-13,2025-05-13,,3.8,BULLISH,18,1.046,2.0,2.0,2,0.0,4.0,4.0,3,0.0,11.601,79.7,77.94,A_PERSISTENT_LEADER
ATRC,10,384,2025-05-13,2026-06-01,10,0,0,100.0,10,10,9.78,3.7772,4.1667,2025-05-13,,,4.04,BULLISH,23,0.484,3.0,3.0,2,0.0,2.33,3.0,3,0.577,1.262,88.8,77.76,A_PERSISTENT_LEADER
COST,10,384,2025-05-13,2026-06-01,10,0,0,100.0,10,10,7.85,3.8171,4.2778,2025-05-13,,,4.6,NEUTRAL,33,0.598,3.0,3.0,2,0.0,3.33,4.0,3,0.577,0.867,87.8,77.56,A_PERSISTENT_LEADER
CAH,10,384,2025-05-13,2026-06-01,10,0,0,100.0,10,10,5.53,3.8156,4.5,2025-05-13,,,5.05,VERY_BULLISH,34,0.669,4.0,4.0,3,0.0,3.33,3.0,3,0.577,0.697,87.2,77.44,A_PERSISTENT_LEADER
VRTS,10,384,2025-05-13,2026-06-01,8,7,5,80.0,0,8,11.18,3.7726,4.0556,2025-05-13,2025-05-13,2025-05-13,4.39,BULLISH,26,0.464,2.5,3.0,2,0.707,2.33,2.0,3,0.577,4.331,76.4,77.28,A_PERSISTENT_LEADER
RDVT,10,384,2025-05-13,2026-06-01,8,5,0,80.0,0,8,10.36,3.7484,4.1111,2025-05-13,2025-05-13,,4.9,VERY_BULLISH,21,0.301,3.0,3.0,2,0.0,2.0,2.0,3,0.0,3.668,91.2,76.24,A_PERSISTENT_LEADER
KFY,10,384,2025-05-13,2026-06-01,8,5,0,80.0,0,8,11.48,3.7373,4.0556,2025-05-13,2025-05-13,,4.49,BULLISH,34,0.478,3.0,3.0,2,0.0,2.0,2.0,3,0.0,3.046,89.7,75.94,A_PERSISTENT_LEADER
ZM,10,384,2025-05-13,2026-06-01,8,5,5,80.0,0,8,10.05,3.7661,4.1111,2025-05-13,2025-05-13,2025-05-13,4.66,BULLISH,25,0.531,3.0,3.0,2,0.0,2.0,2.0,3,0.0,4.286,88.5,75.7,A_PERSISTENT_LEADER
NVDA,10,384,2025-05-13,2026-06-01,8,7,2,80.0,0,8,15.85,3.7778,3.8333,2025-05-13,2025-05-13,2026-05-20,5.91,BULLISH,21,4.04,3.33,3.0,3,0.577,5.0,5.0,3,0.0,5.866,67.3,75.46,A_PERSISTENT_LEADER
MLAB,10,384,2025-05-13,2026-06-01,8,5,0,80.0,0,8,10.63,3.7838,4.1111,2025-05-13,2025-05-13,,4.88,BULLISH,30,0.307,3.0,3.0,2,0.0,2.67,2.0,3,0.577,2.791,85.8,75.16,A_PERSISTENT_LEADER
FLXS,10,384,2025-05-13,2026-06-01,8,8,0,80.0,3,5,2.75,3.8248,4.7778,2025-05-13,2025-05-13,,4.75,VERY_BULLISH,32,0.484,4.5,5.0,2,0.707,3.0,3.0,3,0.0,5.344,81.4,74.28,A_PERSISTENT_LEADER
SGC,10,384,2025-05-13,2026-06-01,8,8,0,80.0,3,5,4.8,3.7803,4.5556,2025-05-13,2025-05-13,,4.04,VERY_BULLISH,21,0.924,4.0,4.0,2,0.0,3.33,4.0,3,0.577,5.153,78.4,73.68,A_PERSISTENT_LEADER
FISI,10,384,2025-05-13,2026-06-01,7,7,0,70.0,0,7,12.65,3.73,4.0,2025-05-13,2025-05-13,,4.5,BULLISH,24,0.511,4.0,4.0,2,0.0,4.0,4.0,3,0.0,4.343,86.7,73.34,A_PERSISTENT_LEADER
NATL,10,384,2025-05-13,2026-06-01,7,7,0,70.0,0,7,23.47,3.6168,3.6111,2025-05-13,2025-05-13,,4.86,BULLISH,24,0.338,3.0,3.0,2,0.0,3.0,3.0,3,0.0,9.04,86.1,73.22,A_PERSISTENT_LEADER
PTEN,10,384,2025-05-13,2026-06-01,7,7,0,70.0,0,7,13.46,3.7012,3.9444,2025-05-13,2025-05-13,,4.37,VERY_BULLISH,21,0.513,4.0,4.0,2,0.0,4.0,4.0,3,0.0,5.726,86.0,73.2,A_PERSISTENT_LEADER
UFCS,10,384,2025-05-13,2026-06-01,7,7,5,70.0,0,7,10.25,3.6991,4.1111,2025-05-13,2025-05-13,2025-05-13,4.56,VERY_BULLISH,32,0.5,5.0,5.0,2,0.0,3.0,3.0,3,0.0,6.667,85.7,73.14,A_PERSISTENT_LEADER
VICR,10,384,2025-05-13,2026-06-01,7,7,5,70.0,0,7,10.21,3.6991,4.1111,2025-05-13,2025-05-13,2025-05-13,4.46,BULLISH,26,0.508,5.0,5.0,2,0.0,3.0,3.0,3,0.0,6.689,85.6,73.12,A_PERSISTENT_LEADER
PFS,10,384,2025-05-13,2026-06-01,7,7,0,70.0,0,7,20.11,3.6456,3.6667,2025-05-13,2025-05-13,,4.3,BULLISH,30,0.453,3.0,3.0,2,0.0,4.0,4.0,3,0.0,7.907,85.5,73.1,A_PERSISTENT_LEADER
NBIX,10,384,2025-05-13,2026-06-01,7,7,0,70.0,0,7,23.43,3.5991,3.6111,2025-05-13,2025-05-13,,4.21,BULLISH,25,0.406,3.0,3.0,2,0.0,3.0,3.0,3,0.0,9.284,85.3,73.06,A_PERSISTENT_LEADER
LUMN,10,384,2025-05-13,2026-06-01,7,7,0,70.0,0,7,23.63,3.6168,3.6111,2025-05-13,2025-05-13,,4.28,BULLISH,33,0.446,3.0,3.0,2,0.0,3.0,3.0,3,0.0,8.935,85.1,73.02,A_PERSISTENT_LEADER
OII,10,384,2025-05-13,2026-06-01,7,7,0,70.0,0,7,20.3,3.6456,3.6667,2025-05-13,2025-05-13,,4.66,BULLISH,30,0.493,3.0,3.0,2,0.0,4.0,4.0,3,0.0,7.844,85.1,73.02,A_PERSISTENT_LEADER
TX,7,373,2025-05-13,2026-05-21,7,0,0,100.0,7,7,7.89,3.0143,3.4,2025-05-13,,,3.72,BULLISH,17,0.481,,,0,0.0,5.0,5.0,1,0.0,0.767,94.8,72.96,A_PERSISTENT_LEADER
UHS,10,384,2025-05-13,2026-06-01,7,7,5,70.0,0,7,22.97,3.5778,3.6111,2025-05-13,2025-05-13,2025-05-13,4.77,VERY_BULLISH,33,0.409,3.0,3.0,3,0.0,3.0,3.0,3,0.0,11.215,84.3,72.86,A_PERSISTENT_LEADER
STT,10,384,2025-05-13,2026-06-01,7,7,0,70.0,0,7,14.27,3.6724,3.8889,2025-05-13,2025-05-13,,4.52,VERY_BULLISH,32,0.811,4.0,4.0,2,0.0,3.0,3.0,3,0.0,6.725,82.5,72.5,A_PERSISTENT_LEADER
ATHM,7,373,2025-05-13,2026-05-21,7,0,0,100.0,7,7,5.82,3.5714,3.75,2025-05-13,,,4.59,VERY_BULLISH,20,0.749,,,0,0.0,3.0,3.0,1,0.0,0.539,92.2,72.44,A_PERSISTENT_LEADER
GMED,10,384,2025-05-13,2026-06-01,8,7,0,80.0,3,5,3.52,3.796,4.7222,2025-05-13,2025-05-13,,4.79,VERY_BULLISH,23,0.427,4.5,5.0,2,0.707,3.0,3.0,3,0.0,7.035,81.1,72.22,A_PERSISTENT_LEADER
GIC,10,384,2025-05-13,2026-06-01,7,7,0,70.0,0,7,38.36,3.4676,3.1111,2025-05-13,2025-05-13,,4.2,NEUTRAL,27,0.603,3.0,3.0,1,0.0,4.0,4.0,1,0.0,15.579,80.2,72.04,A_PERSISTENT_LEADER
PAGS,10,384,2025-05-13,2026-06-01,7,7,0,70.0,0,7,20.22,3.6279,3.6667,2025-05-13,2025-05-13,,4.72,VERY_BULLISH,32,0.451,3.0,3.0,2,0.0,3.33,4.0,3,0.577,8.138,79.7,71.94,A_PERSISTENT_LEADER
MGY,10,384,2025-05-13,2026-06-01,7,7,0,70.0,0,7,48.45,3.41,3.0,2025-05-13,2025-05-13,,4.16,NEUTRAL,19,0.501,3.0,3.0,1,0.0,3.0,3.0,1,0.0,21.069,78.5,71.7,A_PERSISTENT_LEADER
RIG,10,384,2025-05-13,2026-06-01,7,7,0,70.0,0,7,19.99,3.6279,3.6667,2025-05-13,2025-05-13,,3.99,BULLISH,28,0.558,3.0,3.0,2,0.0,3.33,4.0,3,0.577,8.331,78.5,71.7,A_PERSISTENT_LEADER
NTAP,10,384,2025-05-13,2026-06-01,7,7,0,70.0,0,7,31.48,3.5613,3.3333,2025-05-13,2025-05-13,,4.04,BULLISH,21,0.957,2.0,2.0,2,0.0,3.0,3.0,3,0.0,12.132,78.4,71.68,A_PERSISTENT_LEADER
WFRD,10,384,2025-05-13,2026-06-01,7,7,5,70.0,0,7,38.55,3.4388,3.0556,2025-05-13,2025-05-13,2025-05-13,4.43,NEUTRAL,25,0.775,3.0,3.0,1,0.0,4.0,4.0,1,0.0,16.971,77.8,71.56,A_PERSISTENT_LEADER
VREX,10,384,2025-05-13,2026-06-01,7,7,5,70.0,0,7,37.08,3.4368,3.2222,2025-05-13,2025-05-13,2025-05-13,4.63,NEUTRAL,32,0.527,4.0,4.0,1,0.0,3.0,3.0,1,0.0,22.781,77.3,71.46,A_PERSISTENT_LEADER
EXPD,10,384,2025-05-13,2026-06-01,9,2,0,90.0,2,7,9.44,3.7103,4.1667,2025-05-13,2026-05-14,,3.87,BULLISH,20,0.974,5.0,5.0,2,0.0,3.0,3.0,3,0.0,5.586,85.5,71.1,A_PERSISTENT_LEADER
SSB,10,384,2025-05-13,2026-06-01,7,7,0,70.0,0,7,19.68,3.6456,3.6667,2025-05-13,2025-05-13,,3.53,VERY_BULLISH,15,1.506,3.0,3.0,2,0.0,4.0,4.0,3,0.0,8.13,74.9,70.98,A_PERSISTENT_LEADER
ZWS,10,384,2025-05-13,2026-06-01,7,7,5,70.0,0,7,37.05,3.4368,3.2222,2025-05-13,2025-05-13,2025-05-13,4.06,NEUTRAL,25,0.792,4.0,4.0,1,0.0,3.0,3.0,1,0.0,22.929,74.6,70.92,A_PERSISTENT_LEADER
HNST,3,10,2026-05-22,2026-06-01,3,1,1,100.0,3,3,6.81,4.5556,4.3333,2026-05-22,2026-05-22,2026-05-22,4,BULLISH,1,0.0,3.5,4.0,2,0.707,2.0,2.0,2,0.0,3.639,91.1,70.89,B_EMERGING_LEADER
RBC,10,384,2025-05-13,2026-06-01,7,7,0,70.0,0,7,36.66,3.4656,3.2778,2025-05-13,2025-05-13,,4.7,NEUTRAL,22,1.47,4.0,4.0,1,0.0,3.0,3.0,1,0.0,16.868,70.9,70.18,A_PERSISTENT_LEADER
REI,10,384,2025-05-13,2026-06-01,7,7,0,70.0,0,7,24.86,3.4643,3.5714,2025-05-13,2025-05-13,,3.07,VERY_BULLISH,18,1.276,4.0,4.0,1,0.0,3.0,3.0,1,0.0,20.902,70.8,70.16,A_PERSISTENT_LEADER
TDAY,5,12,2026-05-20,2026-06-01,5,0,0,100.0,5,5,5.14,4.1677,4.5385,2026-05-20,,,5,VERY_BULLISH,2,0.0,,,0,0.0,2.0,2.0,3,0.0,1.151,99.4,69.88,A_PERSISTENT_LEADER
FG,5,12,2026-05-20,2026-06-01,5,0,0,100.0,5,5,8.62,4.112,4.2222,2026-05-20,,,5,VERY_BULLISH,2,0.0,3.0,3.0,2,0.0,3.0,3.0,3,0.0,1.66,99.2,69.84,A_PERSISTENT_LEADER
TRV,10,384,2025-05-13,2026-06-01,8,5,5,80.0,3,5,8.08,3.696,4.2222,2025-05-13,2025-05-13,2025-05-13,4.73,NEUTRAL,33,0.493,3.0,3.0,2,0.0,3.0,3.0,3,0.0,7.104,87.5,69.5,A_PERSISTENT_LEADER
DMRC,5,367,2025-05-13,2026-05-15,5,0,0,100.0,5,5,5.12,3.5,3.5,2025-05-13,,,4.59,VERY_BULLISH,17,0.507,,,0,0.0,,,0,0.0,0.139,94.9,68.98,A_PERSISTENT_LEADER
SEIC,10,384,2025-05-13,2026-06-01,7,5,0,70.0,0,7,27.61,3.5415,3.5,2025-05-13,2025-05-13,,4.57,BULLISH,33,0.496,3.0,3.0,2,0.0,2.0,2.0,3,0.0,11.848,83.1,68.62,A_PERSISTENT_LEADER
MNST,10,384,2025-05-13,2026-06-01,7,5,0,70.0,0,7,25.68,3.588,3.5556,2025-05-13,2025-05-13,,4.05,BULLISH,26,0.769,3.0,3.0,2,0.0,3.0,3.0,3,0.0,9.914,81.4,68.28,A_PERSISTENT_LEADER
ILMN,10,384,2025-05-13,2026-06-01,7,5,0,70.0,0,7,26.02,3.588,3.5556,2025-05-13,2025-05-13,,4.29,BULLISH,20,0.808,3.0,3.0,2,0.0,3.0,3.0,3,0.0,9.902,81.0,68.2,A_PERSISTENT_LEADER
NEU,10,384,2025-05-13,2026-06-01,7,5,0,70.0,0,7,22.78,3.5646,3.6154,2025-05-13,2025-05-13,,4.03,VERY_BULLISH,23,0.915,,,0,0.0,2.0,2.0,3,0.0,9.806,79.9,67.98,A_PERSISTENT_LEADER
VOYA,10,384,2025-05-13,2026-06-01,7,5,5,70.0,0,7,24.98,3.5703,3.5556,2025-05-13,2025-05-13,2025-05-13,4.17,BULLISH,23,0.366,3.0,3.0,2,0.0,2.67,3.0,3,0.577,11.149,79.0,67.8,A_PERSISTENT_LEADER
FSS,10,384,2025-05-13,2026-06-01,7,5,0,70.0,0,7,14.81,3.6547,3.8889,2025-05-13,2025-05-13,,3.61,BULLISH,24,1.233,4.0,4.0,2,0.0,3.0,3.0,3,0.0,6.472,78.4,67.68,A_PERSISTENT_LEADER
RDN,10,384,2025-05-13,2026-06-01,7,5,0,70.0,0,7,17.94,3.586,3.7222,2025-05-13,2025-05-13,,4.39,BULLISH,27,0.482,3.5,4.0,2,0.707,2.0,2.0,3,0.0,9.011,77.6,67.52,A_PERSISTENT_LEADER
RJF,10,384,2025-05-13,2026-06-01,7,5,0,70.0,0,7,25.33,3.5703,3.5556,2025-05-13,2025-05-13,,4.63,VERY_BULLISH,27,0.542,3.0,3.0,2,0.0,2.67,3.0,3,0.577,10.795,77.4,67.48,A_PERSISTENT_LEADER
IDN,10,384,2025-05-13,2026-06-01,7,5,0,70.0,0,7,30.59,3.3757,3.4286,2025-05-13,2025-05-13,,4.75,VERY_BULLISH,30,0.494,4.0,4.0,1,0.0,2.0,2.0,1,0.0,24.144,77.0,67.4,A_PERSISTENT_LEADER
EXEL,10,384,2025-05-13,2026-06-01,7,4,0,70.0,0,7,26.33,3.6057,3.5556,2025-05-13,2026-05-14,,4.89,VERY_BULLISH,33,0.358,3.0,3.0,2,0.0,3.0,3.0,3,0.0,9.573,85.6,67.12,A_PERSISTENT_LEADER
FAF,10,384,2025-05-13,2026-06-01,7,5,0,70.0,0,7,10.83,3.6991,4.1111,2025-05-13,2025-05-13,,3.95,BULLISH,19,1.028,4.5,5.0,2,0.707,3.0,3.0,3,0.0,5.714,73.8,66.76,A_PERSISTENT_LEADER
NATH,10,384,2025-05-13,2026-06-01,7,5,0,70.0,0,7,61.72,3.3769,2.9231,2025-05-13,2025-05-13,,4.59,NEUTRAL,25,0.74,,,0,0.0,3.0,3.0,1,0.0,28.438,72.4,66.48,A_PERSISTENT_LEADER
RAMP,10,384,2025-05-13,2026-06-01,7,5,0,70.0,0,7,29.7,3.5304,3.4444,2025-05-13,2025-05-13,,4.5,BULLISH,16,1.033,3.0,3.0,2,0.0,1.67,2.0,3,0.577,12.352,71.7,66.34,A_PERSISTENT_LEADER
VSAT,10,384,2025-05-13,2026-06-01,8,0,0,80.0,0,8,17.75,3.2444,3.7222,2025-05-13,,,3.81,NEUTRAL,22,0.393,3.0,3.0,2,0.0,4.0,4.0,3,0.0,3.906,90.1,66.02,A_PERSISTENT_LEADER
TPC,10,384,2025-05-13,2026-06-01,8,0,0,80.0,0,8,10.29,3.3576,4.1111,2025-05-13,,,3.33,NEUTRAL,17,0.547,4.0,4.0,2,0.0,5.0,5.0,3,0.0,1.021,90.0,66.0,A_PERSISTENT_LEADER
TENB,10,384,2025-05-13,2026-06-01,7,5,0,70.0,0,7,62.72,3.2948,2.7778,2025-05-13,2025-05-13,,3.78,NEUTRAL,18,1.003,3.0,3.0,1,0.0,1.0,1.0,1,0.0,29.669,69.1,65.82,A_PERSISTENT_LEADER
BMBL,10,384,2025-05-13,2026-06-01,8,0,0,80.0,0,8,11.02,3.7661,4.1111,2025-05-13,,,4.22,NEUTRAL,22,0.605,3.0,3.0,2,0.0,2.0,2.0,3,0.0,1.89,89.0,65.8,A_PERSISTENT_LEADER
AMN,10,384,2025-05-13,2026-06-01,8,0,0,80.0,0,8,11.72,3.7373,4.0556,2025-05-13,,,3.94,VERY_BULLISH,18,0.776,3.0,3.0,2,0.0,2.0,2.0,3,0.0,1.87,87.3,65.46,A_PERSISTENT_LEADER
CRUS,10,384,2025-05-13,2026-06-01,7,2,0,70.0,0,7,18.68,3.6568,3.7222,2025-05-13,2026-05-20,,4.94,BULLISH,34,0.184,3.0,3.0,2,0.0,4.0,4.0,3,0.0,6.52,88.9,63.78,A_PERSISTENT_LEADER
BSVN,10,384,2025-05-13,2026-06-01,7,2,2,70.0,0,7,13.07,3.78,4.0,2025-05-13,2026-05-20,2026-05-20,4.7,VERY_BULLISH,19,0.455,4.0,4.0,1,0.0,4.0,4.0,1,0.0,4.787,87.1,63.42,A_PERSISTENT_LEADER
ALNT,10,384,2025-05-13,2026-06-01,7,2,0,70.0,0,7,17.48,3.6733,3.7778,2025-05-13,2026-05-20,,4.24,BULLISH,24,0.377,3.0,3.0,3,0.0,5.0,5.0,3,0.0,6.842,86.8,63.36,A_PERSISTENT_LEADER
SPNT,10,384,2025-05-13,2026-06-01,7,5,0,70.0,3,4,8.12,3.6587,4.2222,2025-05-13,2025-05-13,,4.7,VERY_BULLISH,23,0.47,3.0,3.0,2,0.0,3.0,3.0,3,0.0,5.364,86.6,63.32,A_PERSISTENT_LEADER
TROW,10,384,2025-05-13,2026-06-01,7,2,0,70.0,0,7,36.54,3.2125,3.2778,2025-05-13,2026-05-20,,4.14,BULLISH,30,0.616,2.0,2.0,2,0.0,3.0,3.0,3,0.0,12.129,81.8,62.36,A_PERSISTENT_LEADER
AMAT,10,384,2025-05-13,2026-06-01,7,2,0,70.0,0,7,11.76,3.7411,4.0556,2025-05-13,2026-05-20,,4.6,BULLISH,33,0.549,4.0,4.0,2,0.0,4.33,5.0,3,0.577,4.019,80.7,62.14,A_PERSISTENT_LEADER
CPRX,10,384,2025-05-13,2026-06-01,7,2,0,70.0,0,7,21.35,3.6279,3.6667,2025-05-13,2026-05-20,,4.72,VERY_BULLISH,33,0.61,3.0,3.0,2,0.0,3.33,4.0,3,0.577,7.563,78.3,61.66,A_PERSISTENT_LEADER
VTMX,3,10,2026-05-22,2026-06-01,2,2,2,66.7,2,2,0.04,4.3333,5.0,2026-05-31,2026-05-31,2026-05-31,,,0,0.0,5.0,5.0,1,0.0,,,0,0.0,17.95,84.4,60.89,B_EMERGING_LEADER
TLTZY,3,10,2026-05-22,2026-06-01,2,2,2,66.7,2,2,0.15,4.3333,5.0,2026-05-31,2026-05-31,2026-05-31,,,0,0.0,5.0,5.0,1,0.0,,,0,0.0,19.357,83.7,60.75,B_EMERGING_LEADER
NVO,10,384,2025-05-13,2026-06-01,6,5,0,60.0,0,5,11.41,3.6273,4.0556,2025-05-13,2025-05-13,,4.25,VERY_BULLISH,26,0.382,3.0,3.0,2,0.0,2.0,2.0,3,0.0,9.484,83.4,60.68,A_PERSISTENT_LEADER
RNW,3,10,2026-05-22,2026-06-01,2,2,2,66.7,2,2,0.35,4.3333,5.0,2026-05-31,2026-05-31,2026-05-31,,,0,0.0,5.0,5.0,1,0.0,,,0,0.0,21.567,82.6,60.53,B_EMERGING_LEADER
ECO,3,10,2026-05-22,2026-06-01,2,2,0,66.7,2,2,1.31,4.3333,5.0,2026-05-31,2026-05-31,,,,0,0.0,5.0,5.0,1,0.0,,,0,0.0,30.274,78.2,59.65,B_EMERGING_LEADER
CYD,3,10,2026-05-22,2026-06-01,2,2,0,66.7,2,2,1.43,4.3333,5.0,2026-05-31,2026-05-31,,,,0,0.0,5.0,5.0,1,0.0,,,0,0.0,31.055,77.8,59.57,B_EMERGING_LEADER
CBNA,3,10,2026-05-22,2026-06-01,2,2,0,66.7,2,2,1.51,4.3333,5.0,2026-05-31,2026-05-31,,,,0,0.0,5.0,5.0,1,0.0,,,0,0.0,32.44,77.1,59.43,B_EMERGING_LEADER
CMCSA,10,384,2025-05-13,2026-06-01,7,0,0,70.0,0,7,24.52,3.5991,3.6111,2025-05-13,,,4.23,BULLISH,31,0.425,3.0,3.0,2,0.0,3.0,3.0,3,0.0,8.801,85.3,59.06,A_PERSISTENT_LEADER
AZZ,10,384,2025-05-13,2026-06-01,7,0,0,70.0,0,7,30.39,3.5289,3.4444,2025-05-13,,,4.87,BULLISH,34,0.336,3.0,3.0,3,0.0,2.0,2.0,3,0.0,11.153,85.1,59.02,A_PERSISTENT_LEADER
AVGO,10,384,2025-05-13,2026-06-01,7,2,2,70.0,0,7,18.99,3.7244,3.7222,2025-05-13,2026-05-20,2026-05-20,6.54,BULLISH,17,6.214,3.33,3.0,3,0.577,4.0,4.0,3,0.0,6.627,64.9,58.98,A_PERSISTENT_LEADER
ARR,10,384,2025-05-13,2026-06-01,7,0,0,70.0,0,7,29.16,3.5415,3.5,2025-05-13,,,4.7,BULLISH,30,0.467,3.0,3.0,2,0.0,2.0,2.0,3,0.0,10.415,84.1,58.82,A_PERSISTENT_LEADER
DOW,10,384,2025-05-13,2026-06-01,7,0,0,70.0,0,7,10.87,3.6991,4.1111,2025-05-13,,,3.67,NEUTRAL,15,0.816,5.0,5.0,2,0.0,3.0,3.0,3,0.0,5.636,83.0,58.6,A_PERSISTENT_LEADER
SMFG,10,384,2025-05-13,2026-06-01,7,4,0,70.0,0,4,12.03,3.565,4.0,2025-05-13,2025-05-13,,5.25,BULLISH,14,1.874,4.0,4.0,1,0.0,4.0,4.0,1,0.0,4.706,72.9,58.58,A_PERSISTENT_LEADER
VALE,10,384,2025-05-13,2026-06-01,7,0,0,70.0,0,7,37.12,3.0952,3.2222,2025-05-13,,,4.21,NEUTRAL,25,0.561,3.0,3.0,1,0.0,5.0,5.0,1,0.0,12.678,82.1,58.42,A_PERSISTENT_LEADER
ANAB,10,384,2025-05-13,2026-06-01,7,0,0,70.0,0,7,38.09,3.4079,3.1667,2025-05-13,,,4.19,BULLISH,16,0.403,4.0,4.0,1,0.0,2.0,2.0,1,0.0,20.93,79.5,57.9,A_PERSISTENT_LEADER
UGI,10,384,2025-05-13,2026-06-01,7,0,0,70.0,0,7,62.37,2.9821,2.8333,2025-05-13,,,3.19,NEUTRAL,16,0.403,2.0,2.0,1,0.0,4.0,4.0,1,0.0,22.329,78.8,57.76,A_PERSISTENT_LEADER
XOM,10,384,2025-05-13,2026-06-01,8,1,0,80.0,3,5,7.27,3.4048,4.2778,2025-05-13,2026-05-22,,3.85,BEARISH,25,0.764,4.0,3.0,2,1.414,3.67,4.0,3,0.577,3.085,66.9,57.38,A_PERSISTENT_LEADER
WEYS,5,12,2026-05-20,2026-06-01,3,3,0,60.0,3,3,2.94,4.1815,4.7692,2026-05-22,2026-05-22,,4.01,VERY_BULLISH,21,0.812,,,0,0.0,3.67,4.0,3,0.577,4.312,76.0,57.2,A_PERSISTENT_LEADER
ACEL,10,384,2025-05-13,2026-06-01,7,0,0,70.0,0,7,30.67,3.3757,3.4286,2025-05-13,,,4.53,VERY_BULLISH,19,0.74,4.0,4.0,1,0.0,2.0,2.0,1,0.0,26.025,73.6,56.72,A_PERSISTENT_LEADER
NOK,10,384,2025-05-13,2026-06-01,6,4,0,60.0,0,4,18.02,3.5094,3.7222,2025-05-13,2025-05-13,,4.28,BULLISH,29,0.528,3.0,3.0,2,0.0,4.0,4.0,3,0.0,6.191,83.6,56.72,A_PERSISTENT_LEADER
CRWD,10,384,2025-05-13,2026-06-01,7,0,0,70.0,0,7,28.73,3.5415,3.5,2025-05-13,,,3.33,BULLISH,15,1.633,3.0,3.0,2,0.0,2.0,2.0,3,0.0,10.746,72.3,56.46,A_PERSISTENT_LEADER
CHTR,10,384,2025-05-13,2026-06-01,7,0,0,70.0,0,7,28.92,3.5769,3.5,2025-05-13,,,4.14,BULLISH,24,0.414,2.5,3.0,2,0.707,2.33,2.0,3,0.577,10.258,71.9,56.38,A_PERSISTENT_LEADER
TME,7,373,2025-05-13,2026-05-21,5,0,0,71.4,0,5,14.17,2.9714,3.25,2025-05-13,,,4.22,BULLISH,9,0.441,,,0,0.0,3.0,3.0,1,0.0,2.106,88.8,56.32,A_PERSISTENT_LEADER
BK,7,373,2025-05-13,2026-05-21,5,0,0,71.4,0,5,17.84,3.4286,3.25,2025-05-13,,,4.0,BULLISH,26,0.46,,,0,0.0,3.0,3.0,1,0.0,5.543,86.9,55.94,A_PERSISTENT_LEADER
DBX,10,384,2025-05-13,2026-06-01,7,0,0,70.0,0,7,18.64,3.586,3.7222,2025-05-13,,,3.09,BULLISH,19,1.454,3.5,4.0,2,0.707,2.0,2.0,3,0.0,7.924,68.4,55.68,A_PERSISTENT_LEADER
UMBF,10,384,2025-05-13,2026-06-01,7,0,0,70.0,2,5,8.04,3.3268,4.2222,2025-05-13,,,3.39,BULLISH,18,0.502,5.0,5.0,2,0.0,4.0,4.0,3,0.0,1.975,88.0,55.6,A_PERSISTENT_LEADER
MQ,10,384,2025-05-13,2026-06-01,5,5,0,50.0,0,5,28.15,3.4492,3.5,2025-05-13,2025-05-13,,3.75,NEUTRAL,16,0.683,3.0,3.0,2,0.0,2.0,2.0,3,0.0,11.866,77.2,55.44,A_PERSISTENT_LEADER
YELP,10,384,2025-05-13,2026-06-01,5,5,5,50.0,0,5,29.35,3.4033,3.4444,2025-05-13,2025-05-13,2025-05-13,4.66,NEUTRAL,26,0.554,3.0,3.0,3,0.0,2.0,2.0,3,0.0,14.646,77.1,55.42,A_PERSISTENT_LEADER
RLGT,10,384,2025-05-13,2026-06-01,5,5,0,50.0,0,5,38.48,3.3331,3.0769,2025-05-13,2025-05-13,,4.39,NEUTRAL,29,0.546,,,0,0.0,4.0,4.0,1,0.0,15.634,76.7,55.34,A_PERSISTENT_LEADER
CSTM,10,384,2025-05-13,2026-06-01,5,5,0,50.0,5,5,2.4,3.6613,4.8333,2026-05-20,2026-05-20,,4.09,VERY_BULLISH,28,0.941,5.0,5.0,2,0.0,4.0,4.0,3,0.0,11.801,74.7,54.94,A_PERSISTENT_LEADER
SMP,10,384,2025-05-13,2026-06-01,5,5,0,50.0,0,5,42.73,3.13,3.0,2025-05-13,2025-05-13,,3.39,NEUTRAL,19,0.756,3.0,3.0,1,0.0,,,0,0.0,19.46,72.7,54.54,A_PERSISTENT_LEADER
TPR,10,384,2025-05-13,2026-06-01,5,5,5,50.0,0,5,11.29,3.578,4.0556,2025-05-13,2025-05-13,2025-05-13,4.77,BULLISH,27,0.786,5.0,5.0,2,0.0,2.67,2.0,3,0.577,8.608,72.1,54.42,A_PERSISTENT_LEADER
ARKO,10,384,2025-05-13,2026-06-01,5,5,0,50.0,5,5,2.9,2.3348,4.7778,2026-05-20,2026-05-20,,5,VERY_BULLISH,2,0.0,5.0,5.0,2,0.0,3.0,3.0,3,0.0,50.534,70.0,54.0,A_PERSISTENT_LEADER
GEN,10,384,2025-05-13,2026-06-01,5,5,0,50.0,0,5,37.32,3.3937,3.2222,2025-05-13,2025-05-13,,3.48,BULLISH,17,0.851,2.0,2.0,2,0.0,2.33,2.0,3,0.577,14.175,68.6,53.72,A_PERSISTENT_LEADER
IDR,10,384,2025-05-13,2026-06-01,5,5,0,50.0,5,5,1.89,2.4035,4.9444,2026-05-20,2026-05-20,,5,VERY_BULLISH,2,0.0,5.0,5.0,2,0.0,4.67,5.0,3,0.577,50.9,64.2,52.84,A_PERSISTENT_LEADER
PRG,10,384,2025-05-13,2026-06-01,5,3,0,50.0,5,5,3.25,3.5867,4.7222,2026-05-20,2026-05-22,,4.53,VERY_BULLISH,32,0.481,5.0,5.0,3,0.0,3.0,3.0,3,0.0,4.706,82.8,52.56,A_PERSISTENT_LEADER
CNXN,10,384,2025-05-13,2026-06-01,5,3,0,50.0,5,5,4.06,3.5356,4.6667,2026-05-20,2026-05-22,,4.0,VERY_BULLISH,28,0.26,4.0,4.0,2,0.0,5.0,5.0,3,0.0,10.749,82.0,52.4,A_PERSISTENT_LEADER
ROK,10,384,2025-05-13,2026-06-01,5,3,0,50.0,5,5,4.29,3.5068,4.6111,2026-05-20,2026-05-22,,3.84,VERY_BULLISH,17,0.697,4.0,4.0,2,0.0,4.0,4.0,3,0.0,4.046,81.0,52.2,A_PERSISTENT_LEADER
CZFS,10,384,2025-05-13,2026-06-01,5,3,0,50.0,5,5,4.49,3.5068,4.6111,2026-05-20,2026-05-22,,4.43,BULLISH,26,0.49,4.0,4.0,2,0.0,4.0,4.0,3,0.0,9.675,80.3,52.06,A_PERSISTENT_LEADER
GTE,5,12,2026-05-20,2026-06-01,3,1,0,60.0,3,3,7.54,3.985,4.2778,2026-05-22,2026-05-22,,4,BULLISH,1,0.0,3.0,3.0,2,0.0,4.0,4.0,3,0.0,3.88,90.1,52.02,A_PERSISTENT_LEADER
COHR,10,384,2025-05-13,2026-06-01,5,3,2,50.0,5,5,6.03,3.6012,4.4444,2026-05-20,2026-05-20,2026-05-20,4.53,VERY_BULLISH,32,0.534,3.0,3.0,2,0.0,5.0,5.0,3,0.0,11.78,78.8,51.76,A_PERSISTENT_LEADER
HG,10,384,2025-05-13,2026-06-01,5,5,0,50.0,5,5,4.95,2.2903,4.5556,2026-05-20,2026-05-20,,5,VERY_BULLISH,2,0.0,4.5,4.0,2,0.707,3.67,4.0,3,0.577,49.497,57.2,51.44,A_PERSISTENT_LEADER
MCHP,10,384,2025-05-13,2026-06-01,5,3,0,50.0,5,5,1.86,3.5735,4.9444,2026-05-20,2026-05-22,,3.68,BULLISH,19,0.478,5.0,5.0,2,0.0,4.33,5.0,3,0.577,7.113,75.9,51.18,A_PERSISTENT_LEADER
XYZ,10,384,2025-05-13,2026-06-01,5,5,5,50.0,0,5,62.3,3.11,2.8333,2025-05-13,2025-05-13,2025-05-13,4.99,NEUTRAL,20,3.073,3.0,3.0,1,0.0,2.0,2.0,1,0.0,29.009,55.5,51.1,A_PERSISTENT_LEADER
AUPH,10,384,2025-05-13,2026-06-01,5,3,0,50.0,5,5,5.61,3.5592,4.5,2026-05-20,2026-05-20,,3.72,VERY_BULLISH,19,0.915,4.0,4.0,2,0.0,3.0,3.0,3,0.0,12.109,74.8,50.96,A_PERSISTENT_LEADER
TZOO,10,384,2025-05-13,2026-06-01,6,0,0,60.0,0,5,11.25,3.3073,4.0556,2025-05-13,,,3.97,BULLISH,21,0.49,3.0,3.0,2,0.0,2.0,2.0,3,0.0,7.083,83.6,50.72,A_PERSISTENT_LEADER
WRB,10,384,2025-05-13,2026-06-01,6,0,0,60.0,0,5,10.09,3.3184,4.1111,2025-05-13,,,3.32,BULLISH,18,0.949,3.0,3.0,2,0.0,2.0,2.0,3,0.0,7.528,78.7,49.74,A_PERSISTENT_LEADER
ZD,10,384,2025-05-13,2026-06-01,6,0,0,60.0,0,5,61.76,2.8878,2.8889,2025-05-13,,,4.0,BULLISH,22,0.303,1.0,1.0,2,0.0,2.0,2.0,2,0.0,22.256,77.8,49.56,A_PERSISTENT_LEADER
GPRE,10,384,2025-05-13,2026-06-01,5,2,0,50.0,5,5,2.71,3.5971,4.7778,2026-05-20,2026-05-31,,4.05,VERY_BULLISH,20,0.4,4.5,5.0,2,0.707,3.0,3.0,3,0.0,8.72,74.6,48.92,A_PERSISTENT_LEADER
REPX,10,384,2025-05-13,2026-06-01,5,3,0,50.0,5,5,8.28,2.2237,4.2222,2026-05-20,2026-05-20,,4.5,BULLISH,2,0.707,3.0,3.0,2,0.0,3.0,3.0,3,0.0,48.345,62.9,48.58,A_PERSISTENT_LEADER
FSBW,10,384,2025-05-13,2026-06-01,5,1,0,50.0,5,5,7.58,3.4402,4.2778,2026-05-20,2026-05-22,,4.14,VERY_BULLISH,22,0.329,3.0,3.0,2,0.0,4.0,4.0,3,0.0,7.828,82.8,48.56,A_PERSISTENT_LEADER
SANM,10,384,2025-05-13,2026-06-01,5,3,0,50.0,5,5,7.35,3.527,4.2778,2026-05-20,2026-05-20,,4.45,BULLISH,23,3.946,5.0,5.0,3,0.0,4.33,4.0,3,0.577,4.244,62.1,48.42,A_PERSISTENT_LEADER
ADV,5,12,2026-05-20,2026-06-01,3,0,0,60.0,0,3,11.79,4.0099,4.0556,2026-05-20,,,5,VERY_BULLISH,2,0.0,3.0,3.0,2,0.0,2.0,2.0,3,0.0,2.678,90.7,48.14,A_PERSISTENT_LEADER
DK,10,384,2025-05-13,2026-06-01,5,1,0,50.0,5,5,7.0,3.4513,4.3333,2026-05-20,2026-05-22,,3.35,NEUTRAL,17,0.493,3.0,3.0,2,0.0,4.0,4.0,3,0.0,8.928,80.6,48.12,A_PERSISTENT_LEADER
OVV,10,384,2025-05-13,2026-06-01,5,1,0,50.0,5,5,6.65,3.4513,4.3333,2026-05-20,2026-05-22,,4,VERY_BULLISH,19,0.745,3.0,3.0,2,0.0,4.0,4.0,3,0.0,4.651,80.2,48.04,A_PERSISTENT_LEADER
FRSH,10,384,2025-05-13,2026-06-01,5,2,0,50.0,5,5,3.98,2.2595,4.6667,2026-05-20,2026-05-31,,5,VERY_BULLISH,2,0.0,5.0,5.0,2,0.0,2.0,2.0,3,0.0,48.806,70.0,48.0,A_PERSISTENT_LEADER
ERIC,10,384,2025-05-13,2026-06-01,5,1,1,50.0,5,5,5.96,3.5089,4.4444,2026-05-20,2026-05-22,2026-05-22,4.43,VERY_BULLISH,28,0.634,3.0,3.0,2,0.0,5.0,5.0,3,0.0,9.051,79.1,47.82,A_PERSISTENT_LEADER
DCTH,7,373,2025-05-13,2026-05-21,4,0,0,57.1,0,4,25.12,3.3214,3.15,2025-05-13,,,4.86,BULLISH,21,0.359,,,0,0.0,2.0,2.0,1,0.0,10.198,82.7,47.38,A_PERSISTENT_LEADER
TGS,7,18,2026-05-14,2026-06-01,4,2,0,57.1,2,2,6.07,3.4653,4.4286,2026-05-20,2026-05-20,,4.03,VERY_BULLISH,14,0.967,5.0,5.0,1,0.0,3.0,3.0,1,0.0,15.405,74.0,47.35,E_CONSISTENT_MID
ZTS,10,384,2025-05-13,2026-06-01,5,0,0,50.0,0,5,29.31,3.1004,3.4444,2025-05-13,,,4,BULLISH,23,0.0,3.0,3.0,2,0.0,2.0,2.0,3,0.0,10.556,84.7,46.94,A_PERSISTENT_LEADER
CCSI,5,12,2026-05-20,2026-06-01,3,1,1,60.0,3,3,9.74,3.6267,4.1667,2026-05-22,2026-05-22,2026-05-22,4,VERY_BULLISH,2,1.414,3.0,3.0,2,0.0,3.0,3.0,2,0.0,27.423,64.1,46.82,A_PERSISTENT_LEADER
USCB,5,12,2026-05-20,2026-06-01,3,0,0,60.0,0,3,16.59,3.6865,3.7778,2026-05-20,,,4,BULLISH,2,0.0,3.0,3.0,2,0.0,4.67,5.0,3,0.577,4.668,83.9,46.78,A_PERSISTENT_LEADER
TFC,10,384,2025-05-13,2026-06-01,5,0,0,50.0,0,5,17.79,3.2444,3.7222,2026-05-14,,,3.47,BULLISH,19,0.505,3.0,3.0,2,0.0,4.0,4.0,3,0.0,3.514,83.2,46.64,A_PERSISTENT_LEADER
UNP,10,384,2025-05-13,2026-06-01,5,0,0,50.0,0,5,25.02,3.158,3.5556,2025-05-13,,,3.86,BULLISH,25,0.329,3.0,3.0,2,0.0,3.0,3.0,3,0.0,6.977,83.2,46.64,A_PERSISTENT_LEADER
TER,10,384,2025-05-13,2026-06-01,5,2,0,50.0,2,3,7.31,3.4479,4.2778,2026-05-15,2026-05-20,,4.4,VERY_BULLISH,32,0.508,5.0,5.0,2,0.0,4.0,4.0,3,0.0,3.977,82.9,46.58,A_PERSISTENT_LEADER
WST,10,384,2025-05-13,2026-06-01,5,0,0,50.0,0,5,11.14,3.2403,4.0556,2025-05-13,,,3.86,BULLISH,21,0.359,5.0,5.0,2,0.0,2.0,2.0,3,0.0,7.001,82.9,46.58,A_PERSISTENT_LEADER
ALAB,5,12,2026-05-20,2026-06-01,3,1,0,60.0,3,3,7.97,3.6711,4.2778,2026-05-22,2026-05-22,,4,VERY_BULLISH,2,1.414,3.0,3.0,2,0.0,4.0,4.0,2,0.0,30.77,62.5,46.5,A_PERSISTENT_LEADER
USNA,10,384,2025-05-13,2026-06-01,5,0,0,50.0,0,5,16.55,3.1848,3.7778,2025-05-13,,,4.21,BULLISH,24,0.415,4.0,4.0,2,0.0,2.0,2.0,3,0.0,6.656,82.5,46.5,A_PERSISTENT_LEADER
WCC,10,384,2025-05-13,2026-06-01,5,0,0,50.0,0,5,22.89,3.1868,3.6111,2025-05-13,,,4.28,BULLISH,26,0.45,3.0,3.0,2,0.0,3.0,3.0,3,0.0,6.026,82.5,46.5,A_PERSISTENT_LEADER
MRP,5,12,2026-05-20,2026-06-01,3,0,0,60.0,3,3,5.22,4.0185,4.5385,2026-05-22,,,4,BULLISH,2,0.0,,,0,0.0,2.67,2.0,3,0.577,7.979,82.2,46.44,A_PERSISTENT_LEADER
FISV,10,384,2025-05-13,2026-06-01,4,4,0,40.0,0,4,62.61,3.1586,2.8333,2025-05-13,2025-05-13,,4,NEUTRAL,22,0.309,3.0,3.0,1,0.0,2.0,2.0,1,0.0,25.978,71.9,46.38,A_PERSISTENT_LEADER
WELL,10,384,2025-05-13,2026-06-01,5,0,0,50.0,0,5,22.85,3.1868,3.6111,2025-05-13,,,3.47,BULLISH,15,0.516,3.0,3.0,2,0.0,3.0,3.0,3,0.0,6.045,81.8,46.36,A_PERSISTENT_LEADER
UTHR,10,384,2025-05-13,2026-06-01,5,0,0,50.0,0,5,29.43,2.9889,3.4444,2025-05-13,,,4.04,BULLISH,33,0.305,3.0,3.0,3,0.0,2.0,2.0,3,0.0,10.451,81.7,46.34,A_PERSISTENT_LEADER
VCTR,10,384,2025-05-13,2026-06-01,5,0,0,50.0,0,5,27.49,3.1292,3.5,2025-05-13,,,4.14,BULLISH,26,0.439,3.0,3.0,2,0.0,2.0,2.0,3,0.0,8.679,81.3,46.26,A_PERSISTENT_LEADER
WSR,10,384,2025-05-13,2026-06-01,5,0,0,50.0,0,5,13.34,3.2535,3.9444,2025-05-13,,,3.96,BULLISH,24,0.204,4.0,4.0,2,0.0,3.67,4.0,3,0.577,3.582,80.4,46.08,A_PERSISTENT_LEADER
CMCO,10,384,2025-05-13,2026-06-01,5,0,0,50.0,0,5,21.46,3.51,3.6667,2025-05-13,,,4.73,BULLISH,15,0.594,3.0,3.0,3,0.0,4.0,4.0,3,0.0,7.924,80.1,46.02,A_PERSISTENT_LEADER
WOOF,10,384,2025-05-13,2026-06-01,5,0,0,50.0,0,5,27.34,3.1292,3.5,2025-05-13,,,4.68,NEUTRAL,26,0.546,3.0,3.0,2,0.0,2.0,2.0,3,0.0,8.993,80.0,46.0,A_PERSISTENT_LEADER
UBSI,10,384,2025-05-13,2026-06-01,5,0,0,50.0,0,5,23.01,3.1868,3.6111,2025-05-13,,,3.99,BULLISH,28,0.055,3.5,3.0,2,0.707,3.0,3.0,3,0.0,5.629,79.6,45.92,A_PERSISTENT_LEADER
LGN,5,12,2026-05-20,2026-06-01,3,1,1,60.0,3,3,7.5,3.4511,4.2778,2026-05-22,2026-05-22,2026-05-22,3,BULLISH,2,1.414,3.0,3.0,2,0.0,4.0,4.0,2,0.0,37.194,59.3,45.86,A_PERSISTENT_LEADER
ADUS,10,384,2025-05-13,2026-06-01,5,0,0,50.0,0,5,27.26,3.478,3.5556,2025-05-13,,,4.65,BULLISH,26,0.633,3.0,3.0,2,0.0,3.0,3.0,3,0.0,9.201,79.1,45.82,A_PERSISTENT_LEADER
BP,10,384,2025-05-13,2026-06-01,5,0,0,50.0,0,5,18.83,3.5468,3.7222,2025-05-13,,,4.54,NEUTRAL,21,0.831,3.0,3.0,2,0.0,4.0,4.0,3,0.0,5.471,79.0,45.8,A_PERSISTENT_LEADER
TWLO,10,384,2025-05-13,2026-06-01,5,0,0,50.0,0,5,29.54,3.1004,3.4444,2025-05-13,,,3.41,BULLISH,17,0.618,3.0,3.0,2,0.0,2.0,2.0,3,0.0,9.648,79.0,45.8,A_PERSISTENT_LEADER
WEX,10,384,2025-05-13,2026-06-01,5,0,0,50.0,0,5,27.38,3.1292,3.5,2025-05-13,,,3.91,BULLISH,19,0.662,3.0,3.0,2,0.0,2.0,2.0,3,0.0,8.916,78.9,45.78,A_PERSISTENT_LEADER
TMUS,10,384,2025-05-13,2026-06-01,5,0,0,50.0,0,5,41.49,2.81,3.0,2025-05-13,,,3.26,NEUTRAL,17,0.423,3.0,3.0,1,0.0,,,0,0.0,14.212,78.7,45.74,A_PERSISTENT_LEADER
VTRS,10,384,2025-05-13,2026-06-01,5,0,0,50.0,0,5,24.94,3.158,3.5556,2025-05-13,,,3.63,NEUTRAL,20,0.762,3.0,3.0,2,0.0,3.0,3.0,3,0.0,7.265,78.7,45.74,A_PERSISTENT_LEADER
DVN,10,384,2025-05-13,2026-06-01,5,1,0,50.0,0,5,24.21,3.4833,3.6111,2025-05-13,2026-05-15,,4.41,BEARISH,23,1.667,3.0,3.0,3,0.0,3.0,3.0,3,0.0,9.441,68.6,45.72,A_PERSISTENT_LEADER
WKC,10,384,2025-05-13,2026-06-01,5,0,0,50.0,0,5,17.71,3.2268,3.7222,2025-05-13,,,2.95,BULLISH,16,0.949,3.0,3.0,2,0.0,4.0,4.0,3,0.0,4.01,78.5,45.7,A_PERSISTENT_LEADER
WMB,10,384,2025-05-13,2026-06-01,5,0,0,50.0,0,5,38.52,3.0088,3.0556,2025-05-13,,,3.47,NEUTRAL,19,0.513,3.0,3.0,1,0.0,4.0,4.0,1,0.0,13.153,78.3,45.66,A_PERSISTENT_LEADER
XPEL,10,384,2025-05-13,2026-06-01,5,0,0,50.0,0,5,24.9,3.1757,3.5556,2025-05-13,,,2.67,NEUTRAL,15,0.816,3.0,3.0,2,0.0,3.0,3.0,3,0.0,7.029,78.3,45.66,A_PERSISTENT_LEADER
VNO,10,384,2025-05-13,2026-06-01,5,0,0,50.0,0,5,27.46,3.1292,3.5,2025-05-13,,,3.19,NEUTRAL,17,0.743,3.0,3.0,2,0.0,2.0,2.0,3,0.0,8.774,78.2,45.64,A_PERSISTENT_LEADER
TXG,10,384,2025-05-13,2026-06-01,5,0,0,50.0,0,5,40.87,2.81,3.0,2025-05-13,,,3.48,NEUTRAL,19,0.521,3.0,3.0,1,0.0,,,0,0.0,14.065,77.8,45.56,A_PERSISTENT_LEADER
TRGP,10,384,2025-05-13,2026-06-01,5,0,0,50.0,0,5,23.05,3.1868,3.6111,2025-05-13,,,3.83,BULLISH,23,0.388,3.0,3.0,2,0.0,3.33,3.0,3,0.577,5.453,77.6,45.52,A_PERSISTENT_LEADER
VIRT,10,384,2025-05-13,2026-06-01,5,0,0,50.0,0,5,10.17,3.2515,4.1111,2025-05-13,,,3.82,BULLISH,19,0.373,5.0,5.0,2,0.0,2.67,3.0,3,0.577,6.881,77.1,45.42,A_PERSISTENT_LEADER
ENS,10,384,2025-05-13,2026-06-01,5,1,0,50.0,5,5,6.34,3.4624,4.3889,2026-05-20,2026-05-22,,4.15,VERY_BULLISH,31,0.585,3.5,3.0,2,0.707,4.67,5.0,3,0.577,8.608,67.0,45.4,A_PERSISTENT_LEADER
TT,10,384,2025-05-13,2026-06-01,5,0,0,50.0,0,5,15.51,3.1959,3.8333,2025-05-13,,,4.03,NEUTRAL,26,0.448,4.0,4.0,2,0.0,2.33,3.0,3,0.577,6.339,76.6,45.32,A_PERSISTENT_LEADER
UDR,10,384,2025-05-13,2026-06-01,5,0,0,50.0,0,5,29.51,3.1004,3.4444,2025-05-13,,,3.17,BULLISH,18,0.857,3.0,3.0,2,0.0,2.0,2.0,3,0.0,9.746,76.6,45.32,A_PERSISTENT_LEADER
VLY,10,384,2025-05-13,2026-06-01,5,0,0,50.0,0,5,19.41,3.1979,3.6667,2025-05-13,,,3.85,BULLISH,27,0.602,3.0,3.0,2,0.0,3.33,4.0,3,0.577,4.734,75.8,45.16,A_PERSISTENT_LEADER
VRSN,10,384,2025-05-13,2026-06-01,5,0,0,50.0,0,5,37.66,3.0272,3.1667,2025-05-13,,,4.06,BULLISH,21,0.22,2.0,2.0,2,0.0,1.67,2.0,3,0.577,12.771,75.6,45.12,A_PERSISTENT_LEADER
UCB,10,384,2025-05-13,2026-06-01,5,0,0,50.0,0,5,19.49,3.1979,3.6667,2025-05-13,,,4.16,BULLISH,25,0.688,3.0,3.0,2,0.0,3.33,4.0,3,0.577,4.433,75.1,45.02,A_PERSISTENT_LEADER
WTI,10,384,2025-05-13,2026-06-01,5,0,0,50.0,0,5,31.32,3.0644,3.3333,2025-05-13,,,3.24,BULLISH,17,0.97,4.0,4.0,1,0.0,4.0,4.0,1,0.0,10.705,74.9,44.98,A_PERSISTENT_LEADER
XPO,10,384,2025-05-13,2026-06-01,5,0,0,50.0,0,5,37.63,2.9779,3.1667,2025-05-13,,,3.19,NEUTRAL,16,0.655,4.0,4.0,1,0.0,2.0,2.0,1,0.0,19.413,73.7,44.74,A_PERSISTENT_LEADER
VEEV,10,384,2025-05-13,2026-06-01,5,0,0,50.0,0,5,40.29,2.81,3.0,2025-05-13,,,4.04,NEUTRAL,17,0.951,3.0,3.0,1,0.0,,,0,0.0,14.056,73.5,44.7,A_PERSISTENT_LEADER
URI,10,384,2025-05-13,2026-06-01,5,0,0,50.0,0,5,19.33,3.2021,3.6875,2025-05-13,,,3.28,BULLISH,19,0.721,3.0,3.0,2,0.0,3.5,4.0,2,0.707,4.546,73.4,44.68,A_PERSISTENT_LEADER
UPBD,10,384,2025-05-13,2026-06-01,5,0,0,50.0,0,5,29.47,3.0335,3.4444,2025-05-13,,,3.64,BULLISH,20,0.779,5.0,5.0,1,0.0,2.0,2.0,1,0.0,17.774,73.3,44.66,A_PERSISTENT_LEADER
TRNO,10,384,2025-05-13,2026-06-01,5,0,0,50.0,0,5,60.67,2.9512,2.9444,2025-05-13,,,3.61,BULLISH,19,0.485,3.0,3.0,1,0.0,3.0,3.0,1,0.0,24.255,73.0,44.6,A_PERSISTENT_LEADER
APEI,10,384,2025-05-13,2026-06-01,5,0,0,50.0,0,5,59.01,3.3,3.0,2025-05-13,,,4.71,NEUTRAL,33,0.497,3.0,3.0,1,0.0,3.0,3.0,1,0.0,24.393,72.8,44.56,A_PERSISTENT_LEADER
TROX,10,384,2025-05-13,2026-06-01,5,0,0,50.0,0,5,60.63,2.9512,2.9444,2025-05-13,,,3.4,NEUTRAL,15,0.507,3.0,3.0,1,0.0,3.0,3.0,1,0.0,24.271,72.8,44.56,A_PERSISTENT_LEADER
VSCO,10,384,2025-05-13,2026-06-01,5,0,0,50.0,0,5,15.47,3.2313,3.8333,2025-05-13,,,3.93,NEUTRAL,17,1.565,4.0,4.0,2,0.0,3.0,3.0,3,0.0,3.742,72.5,44.5,A_PERSISTENT_LEADER
WTW,10,384,2025-05-13,2026-06-01,5,0,0,50.0,0,5,61.79,2.9224,2.8889,2025-05-13,,,3.31,NEUTRAL,16,0.479,3.0,3.0,1,0.0,2.0,2.0,1,0.0,25.35,72.5,44.5,A_PERSISTENT_LEADER
WPC,10,384,2025-05-13,2026-06-01,5,0,0,50.0,0,5,61.83,2.9224,2.8889,2025-05-13,,,3.6,NEUTRAL,15,0.507,3.0,3.0,1,0.0,2.0,2.0,1,0.0,25.28,72.3,44.46,A_PERSISTENT_LEADER
WLY,10,384,2025-05-13,2026-06-01,5,0,0,50.0,0,5,61.87,2.9224,2.8889,2025-05-13,,,3.53,NEUTRAL,15,0.516,3.0,3.0,1,0.0,2.0,2.0,1,0.0,25.245,72.2,44.44,A_PERSISTENT_LEADER
ATRO,10,384,2025-05-13,2026-06-01,5,0,0,50.0,0,5,58.43,3.13,3.0,2025-05-13,,,4.68,NEUTRAL,32,0.592,3.0,3.0,1,0.0,,,0,0.0,27.722,70.2,44.04,A_PERSISTENT_LEADER
TRST,10,384,2025-05-13,2026-06-01,5,0,0,50.0,0,5,61.68,2.9469,2.9231,2025-05-13,,,4.09,NEUTRAL,24,0.781,,,0,0.0,3.0,3.0,1,0.0,24.606,69.9,43.98,A_PERSISTENT_LEADER
WLDN,10,384,2025-05-13,2026-06-01,5,0,0,50.0,0,5,66.24,2.635,2.625,2025-05-13,,,3.78,BEARISH,25,0.735,4.0,4.0,1,0.0,,,0,0.0,26.748,69.3,43.86,A_PERSISTENT_LEADER
ULH,10,384,2025-05-13,2026-06-01,5,0,0,50.0,0,5,66.05,2.8956,2.6667,2025-05-13,,,4,VERY_BEARISH,19,0.816,2.0,2.0,1,0.0,3.0,3.0,1,0.0,26.196,68.7,43.74,A_PERSISTENT_LEADER
DT,10,384,2025-05-13,2026-06-01,5,0,0,50.0,0,5,38.79,3.2403,3.0556,2025-05-13,,,2.6,NEUTRAL,15,1.121,4.0,4.0,1,0.0,1.0,1.0,1,0.0,21.138,68.2,43.64,A_PERSISTENT_LEADER
VICI,10,384,2025-05-13,2026-06-01,5,0,0,50.0,0,5,70.65,2.5725,2.3125,2025-05-13,,,3.26,NEUTRAL,19,0.931,3.0,3.0,1,0.0,,,0,0.0,27.986,66.7,43.34,A_PERSISTENT_LEADER
UI,10,384,2025-05-13,2026-06-01,5,0,0,50.0,0,5,71.0,2.4625,2.3125,2025-05-13,,,4.64,BEARISH,31,0.795,3.0,3.0,1,0.0,,,0,0.0,31.112,66.5,43.3,A_PERSISTENT_LEADER
FDMT,5,12,2026-05-20,2026-06-01,2,2,0,40.0,0,2,23.94,3.7337,3.6111,2026-05-20,2026-05-20,,4.5,BULLISH,2,0.707,3.0,3.0,2,0.0,3.0,3.0,3,0.0,10.382,75.7,43.14,D_LEADERSHIP_FAILURE
VMD,5,12,2026-05-20,2026-06-01,2,2,0,40.0,0,2,30.7,3.6802,3.3889,2026-05-20,2026-05-20,,4.43,VERY_BULLISH,21,0.507,2.0,2.0,2,0.0,4.0,4.0,3,0.0,14.424,75.7,43.14,D_LEADERSHIP_FAILURE
OPFI,5,12,2026-05-20,2026-06-01,2,2,0,40.0,0,2,37.2,3.3735,3.2222,2026-05-20,2026-05-20,,5,VERY_BULLISH,2,0.0,4.0,4.0,1,0.0,3.0,3.0,1,0.0,25.307,75.3,43.06,D_LEADERSHIP_FAILURE
VFC,10,384,2025-05-13,2026-06-01,5,0,0,50.0,0,5,40.22,2.98,3.0,2025-05-13,,,4.24,BEARISH,15,2.343,3.0,3.0,1,0.0,3.0,3.0,1,0.0,13.491,63.3,42.66,A_PERSISTENT_LEADER
FLOC,5,12,2026-05-20,2026-06-01,2,2,0,40.0,0,2,17.21,3.8711,3.7778,2026-05-20,2026-05-20,,4.5,BULLISH,2,0.707,3.0,3.0,2,0.0,4.67,5.0,3,0.577,7.982,71.2,42.24,D_LEADERSHIP_FAILURE
ANET,10,384,2025-05-13,2026-06-01,5,0,0,50.0,0,5,68.56,2.955,2.625,2025-05-13,,,4.96,VERY_BULLISH,21,1.212,4.0,4.0,1,0.0,,,0,0.0,33.579,61.1,42.22,A_PERSISTENT_LEADER
MSGE,5,12,2026-05-20,2026-06-01,2,2,0,40.0,0,2,20.49,3.7559,3.6667,2026-05-20,2026-05-20,,4.5,BULLISH,2,0.707,3.0,3.0,2,0.0,3.67,4.0,3,0.577,9.073,70.6,42.12,D_LEADERSHIP_FAILURE
ACH,10,384,2025-05-13,2026-06-01,5,0,0,50.0,5,5,9.94,3.1372,4.1667,2026-05-20,,,2.87,VERY_BULLISH,15,0.99,3.0,3.0,2,0.0,2.33,3.0,3,0.577,29.013,59.8,41.96,A_PERSISTENT_LEADER
ABBNY,5,12,2026-05-20,2026-06-01,2,2,0,40.0,2,2,1.78,2.9,5.0,2026-05-31,2026-05-31,,,,0,0.0,5.0,5.0,1,0.0,,,0,0.0,49.432,68.0,41.6,B_EMERGING_LEADER
BPCGY,5,12,2026-05-20,2026-06-01,2,2,0,40.0,2,2,1.55,2.9,5.0,2026-05-31,2026-05-31,,,,0,0.0,5.0,5.0,1,0.0,,,0,0.0,49.178,68.0,41.6,B_EMERGING_LEADER
LIEN,5,12,2026-05-20,2026-06-01,2,2,2,40.0,2,2,0.73,2.9,5.0,2026-05-31,2026-05-31,2026-05-31,,,0,0.0,5.0,5.0,1,0.0,,,0,0.0,48.873,68.0,41.6,B_EMERGING_LEADER
NLST,5,12,2026-05-20,2026-06-01,2,2,2,40.0,2,2,0.62,2.9,5.0,2026-05-31,2026-05-31,2026-05-31,,,0,0.0,5.0,5.0,1,0.0,,,0,0.0,48.846,68.0,41.6,B_EMERGING_LEADER
ORLA,5,12,2026-05-20,2026-06-01,2,2,2,40.0,2,2,0.54,2.9,5.0,2026-05-31,2026-05-31,2026-05-31,,,0,0.0,5.0,5.0,1,0.0,,,0,0.0,48.865,68.0,41.6,B_EMERGING_LEADER
PARK,5,12,2026-05-20,2026-06-01,2,2,2,40.0,2,2,0.5,2.9,5.0,2026-05-31,2026-05-31,2026-05-31,,,0,0.0,5.0,5.0,1,0.0,,,0,0.0,48.863,68.0,41.6,B_EMERGING_LEADER
SMCAY,5,12,2026-05-20,2026-06-01,2,2,2,40.0,2,2,0.23,2.9,5.0,2026-05-31,2026-05-31,2026-05-31,,,0,0.0,5.0,5.0,1,0.0,,,0,0.0,49.044,68.0,41.6,B_EMERGING_LEADER
TEL,10,384,2025-05-13,2026-06-01,4,0,0,40.0,0,4,11.99,3.3,4.0,2026-05-15,,,4.53,NEUTRAL,26,0.78,4.0,4.0,2,0.0,4.0,4.0,3,0.0,1.178,79.6,39.92,A_PERSISTENT_LEADER
STX,10,384,2025-05-13,2026-06-01,3,3,0,30.0,3,3,2.55,3.5048,4.7778,2026-05-22,2026-05-22,,4.01,VERY_BULLISH,28,0.459,5.0,5.0,2,0.0,3.0,3.0,3,0.0,4.446,79.2,39.84,B_EMERGING_LEADER
AGEN,10,384,2025-05-13,2026-06-01,4,0,0,40.0,0,4,30.51,3.3639,3.4444,2025-05-13,,,4.18,VERY_BULLISH,17,0.393,3.0,3.0,3,0.0,2.0,2.0,3,0.0,10.863,78.6,39.72,A_PERSISTENT_LEADER
HWM,10,384,2025-05-13,2026-06-01,3,3,0,30.0,3,3,4.87,3.478,4.5556,2026-05-22,2026-05-22,,3.91,VERY_BULLISH,27,0.389,4.0,4.0,2,0.0,4.0,4.0,3,0.0,7.145,78.5,39.7,B_EMERGING_LEADER
CMI,10,384,2025-05-13,2026-06-01,3,3,0,30.0,3,3,4.52,3.4891,4.6111,2026-05-22,2026-05-22,,3.89,VERY_BULLISH,24,0.458,4.0,4.0,2,0.0,4.0,4.0,3,0.0,9.987,76.4,39.28,B_EMERGING_LEADER
DVA,10,384,2025-05-13,2026-06-01,3,3,0,30.0,3,3,2.78,3.5048,4.7778,2026-05-22,2026-05-22,,4.31,VERY_BULLISH,27,0.519,5.0,5.0,2,0.0,3.0,3.0,3,0.0,9.09,76.3,39.26,B_EMERGING_LEADER
HTH,10,384,2025-05-13,2026-06-01,3,3,0,30.0,3,3,4.91,3.478,4.5556,2026-05-22,2026-05-22,,3.75,VERY_BULLISH,24,0.737,4.0,4.0,2,0.0,4.0,4.0,3,0.0,7.184,75.0,39.0,B_EMERGING_LEADER
JHG,10,384,2025-05-13,2026-06-01,3,3,0,30.0,0,3,13.5,3.4481,3.9444,2026-05-20,2026-05-20,,4.84,VERY_BULLISH,31,0.342,2.5,2.0,2,0.707,3.0,3.0,3,0.0,6.789,72.1,38.42,D_LEADERSHIP_FAILURE
SWBI,10,384,2025-05-13,2026-06-01,3,3,1,30.0,3,3,3.02,3.0438,4.7692,2026-05-22,2026-05-22,2026-05-22,3.86,BULLISH,22,0.71,,,0,0.0,4.0,4.0,2,0.0,15.382,71.2,38.24,B_EMERGING_LEADER
MUSA,10,384,2025-05-13,2026-06-01,3,3,0,30.0,3,3,2.63,3.5048,4.7778,2026-05-22,2026-05-22,,3.57,VERY_BULLISH,16,0.636,4.5,5.0,2,0.707,3.0,3.0,3,0.0,6.281,69.4,37.88,B_EMERGING_LEADER
CIM,10,384,2025-05-13,2026-06-01,3,2,0,30.0,3,3,4.25,3.4546,4.6154,2026-05-22,2026-05-31,,4.79,VERY_BULLISH,30,0.404,,,0,0.0,3.0,3.0,3,0.0,9.682,77.1,37.42,B_EMERGING_LEADER
NUE,10,384,2025-05-13,2026-06-01,3,2,2,30.0,0,3,10.48,3.5308,4.1111,2026-05-20,2026-05-20,2026-05-20,3.65,BULLISH,17,0.606,5.0,5.0,3,0.0,3.0,3.0,3,0.0,6.137,76.9,37.38,D_LEADERSHIP_FAILURE
LC,10,384,2025-05-13,2026-06-01,3,3,1,30.0,3,3,4.33,3.0122,4.6111,2026-05-22,2026-05-22,2026-05-22,3.9,VERY_BULLISH,22,0.897,4.0,4.0,2,0.0,4.0,4.0,2,0.0,20.432,66.8,37.36,B_EMERGING_LEADER
MSBI,10,384,2025-05-13,2026-06-01,3,3,0,30.0,3,3,2.17,3.5159,4.8333,2026-05-22,2026-05-22,,2.8,VERY_BULLISH,15,1.014,5.0,5.0,2,0.0,3.67,4.0,3,0.577,6.553,66.8,37.36,B_EMERGING_LEADER
APC,6,17,2026-05-15,2026-06-01,2,2,0,33.3,2,2,1.74,2.5417,5.0,2026-05-31,2026-05-31,,,,0,0.0,5.0,5.0,1,0.0,,,0,0.0,48.078,66.7,37.33,B_EMERGING_LEADER
HNGE,6,17,2026-05-15,2026-06-01,2,2,0,33.3,2,2,1.01,2.5417,5.0,2026-05-31,2026-05-31,,,,0,0.0,5.0,5.0,1,0.0,,,0,0.0,47.946,66.7,37.33,B_EMERGING_LEADER
MCY,10,384,2025-05-13,2026-06-01,3,2,0,30.0,3,3,3.33,3.476,4.7222,2026-05-22,2026-05-31,,4.18,VERY_BULLISH,29,0.594,5.0,5.0,2,0.0,3.0,3.0,3,0.0,6.849,76.6,37.32,B_EMERGING_LEADER
FIX,10,384,2025-05-13,2026-06-01,3,3,1,30.0,3,3,2.28,3.0567,4.8333,2026-05-22,2026-05-22,2026-05-22,4.31,VERY_BULLISH,25,0.811,5.0,5.0,2,0.0,4.0,4.0,2,0.0,23.851,66.0,37.2,B_EMERGING_LEADER
INSW,10,384,2025-05-13,2026-06-01,3,3,1,30.0,3,3,2.2,3.0567,4.8333,2026-05-22,2026-05-22,2026-05-22,4.26,VERY_BULLISH,23,0.918,5.0,5.0,2,0.0,4.0,4.0,2,0.0,21.93,65.9,37.18,B_EMERGING_LEADER
UHAL,10,384,2025-05-13,2026-06-01,4,0,0,40.0,0,4,83.91,2.455,2.0,2025-05-13,,,3.13,BULLISH,15,0.743,,,0,0.0,,,0,0.0,30.949,65.1,37.02,A_PERSISTENT_LEADER
IESC,10,384,2025-05-13,2026-06-01,3,3,3,30.0,3,3,0.97,3.09,5.0,2026-05-22,2026-05-22,2026-05-22,3.63,VERY_BULLISH,17,1.202,,,0,0.0,5.0,5.0,2,0.0,22.54,62.7,36.54,B_EMERGING_LEADER
JYNT,10,384,2025-05-13,2026-06-01,3,2,0,30.0,3,3,3.48,3.476,4.7222,2026-05-22,2026-05-31,,2.67,VERY_BULLISH,15,1.047,5.0,5.0,2,0.0,3.0,3.0,3,0.0,7.263,71.9,36.38,B_EMERGING_LEADER
HELE,10,384,2025-05-13,2026-06-01,3,2,0,30.0,3,3,4.99,3.3896,4.5556,2026-05-22,2026-05-31,,2.67,VERY_BULLISH,15,1.047,5.0,5.0,2,0.0,1.0,1.0,3,0.0,8.514,71.3,36.26,B_EMERGING_LEADER
SHO,10,384,2025-05-13,2026-06-01,3,2,0,30.0,3,3,3.17,3.4583,4.7222,2026-05-22,2026-05-31,,3.8,VERY_BULLISH,15,0.676,5.0,5.0,2,0.0,2.67,3.0,3,0.577,6.948,70.0,36.0,B_EMERGING_LEADER
LSCC,10,384,2025-05-13,2026-06-01,3,2,2,30.0,0,3,10.71,3.4922,4.1111,2026-05-20,2026-05-20,2026-05-20,3.64,BULLISH,21,0.609,4.5,4.0,2,0.707,5.0,5.0,3,0.0,6.923,69.4,35.88,D_LEADERSHIP_FAILURE
LQDA,10,384,2025-05-13,2026-06-01,3,3,1,30.0,3,3,3.44,2.0744,4.7222,2026-05-22,2026-05-22,2026-05-22,3.5,BULLISH,2,0.707,5.0,5.0,2,0.0,3.0,3.0,2,0.0,44.286,58.9,35.78,B_EMERGING_LEADER
NWPX,10,384,2025-05-13,2026-06-01,3,1,0,30.0,3,3,6.69,3.4336,4.3333,2026-05-22,2026-05-22,,4.77,VERY_BULLISH,28,0.495,3.0,3.0,2,0.0,4.0,4.0,3,0.0,4.675,78.7,35.74,B_EMERGING_LEADER
WMG,10,384,2025-05-13,2026-06-01,3,3,1,30.0,3,3,2.44,2.3506,4.7778,2026-05-22,2026-05-22,2026-05-22,2.8,VERY_BULLISH,15,0.862,5.0,5.0,2,0.0,3.0,3.0,2,0.0,37.452,58.7,35.74,B_EMERGING_LEADER
DIOD,10,384,2025-05-13,2026-06-01,4,0,0,40.0,2,2,7.77,3.3556,4.2778,2026-05-20,,,3.74,VERY_BULLISH,18,0.587,5.0,5.0,2,0.0,4.0,4.0,3,0.0,7.55,78.4,35.68,E_CONSISTENT_MID
NBTB,10,384,2025-05-13,2026-06-01,3,1,0,30.0,3,3,8.35,3.3937,4.2222,2026-05-22,2026-05-22,,4.08,VERY_BULLISH,26,0.56,3.0,3.0,2,0.0,3.0,3.0,3,0.0,4.543,78.1,35.62,B_EMERGING_LEADER
EG,10,384,2025-05-13,2026-06-01,3,1,0,30.0,3,3,8.66,3.3937,4.2222,2026-05-22,2026-05-22,,4.29,VERY_BULLISH,24,0.464,3.0,3.0,2,0.0,3.0,3.0,3,0.0,7.238,77.7,35.54,B_EMERGING_LEADER
ESCA,10,384,2025-05-13,2026-06-01,3,1,0,30.0,3,3,5.45,3.4492,4.5,2026-05-22,2026-05-22,,4.71,VERY_BULLISH,33,0.458,4.0,4.0,2,0.0,3.0,3.0,3,0.0,7.859,77.5,35.5,B_EMERGING_LEADER
NPB,5,12,2026-05-20,2026-06-01,2,0,0,40.0,0,2,28.04,3.54,3.5,2026-05-20,,,4,BULLISH,2,0.0,2.0,2.0,2,0.0,4.67,5.0,3,0.577,10.149,77.2,35.44,D_LEADERSHIP_FAILURE
EWBC,10,384,2025-05-13,2026-06-01,3,1,0,30.0,3,3,7.62,3.4225,4.2778,2026-05-22,2026-05-22,,4.29,NEUTRAL,28,0.535,3.0,3.0,2,0.0,4.0,4.0,3,0.0,7.593,76.9,35.38,B_EMERGING_LEADER
HIG,10,384,2025-05-13,2026-06-01,3,1,0,30.0,3,3,8.47,3.3937,4.2222,2026-05-22,2026-05-22,,4.23,BULLISH,29,0.607,3.0,3.0,2,0.0,3.0,3.0,3,0.0,6.181,76.8,35.36,B_EMERGING_LEADER
GEV,10,384,2025-05-13,2026-06-01,3,1,0,30.0,3,3,8.55,3.3937,4.2222,2026-05-22,2026-05-22,,4.05,VERY_BULLISH,20,0.605,3.0,3.0,2,0.0,3.0,3.0,3,0.0,6.511,76.7,35.34,B_EMERGING_LEADER
KMI,10,384,2025-05-13,2026-06-01,3,1,0,30.0,3,3,5.41,3.4492,4.5,2026-05-22,2026-05-22,,3.83,VERY_BULLISH,23,0.66,4.0,4.0,2,0.0,3.0,3.0,3,0.0,6.209,76.3,35.26,B_EMERGING_LEADER
PAGP,10,384,2025-05-13,2026-06-01,3,1,0,30.0,3,3,6.61,3.4336,4.3333,2026-05-22,2026-05-22,,4.02,VERY_BULLISH,24,0.784,3.0,3.0,2,0.0,4.0,4.0,3,0.0,4.329,76.0,35.2,B_EMERGING_LEADER
DV,10,384,2025-05-13,2026-06-01,3,1,1,30.0,3,3,9.47,2.9233,4.1667,2026-05-22,2026-05-22,2026-05-22,3,NEUTRAL,15,0.0,3.0,3.0,2,0.0,3.0,3.0,2,0.0,22.681,74.7,34.94,B_EMERGING_LEADER
LITE,10,384,2025-05-13,2026-06-01,4,0,0,40.0,2,2,7.46,3.0356,4.2778,2026-05-20,,,3.18,NEUTRAL,17,0.393,5.0,5.0,2,0.0,4.0,4.0,3,0.0,19.11,74.5,34.9,E_CONSISTENT_MID
BCML,10,384,2025-05-13,2026-06-01,3,1,0,30.0,3,3,7.93,3.4225,4.2778,2026-05-22,2026-05-22,,4.25,VERY_BULLISH,25,0.724,3.0,3.0,2,0.0,4.0,4.0,3,0.0,10.125,73.7,34.74,B_EMERGING_LEADER
HIPO,5,12,2026-05-20,2026-06-01,2,0,0,40.0,0,2,60.98,3.2624,2.9444,2026-05-20,,,5,VERY_BULLISH,2,0.0,3.0,3.0,1,0.0,3.0,3.0,1,0.0,31.25,72.4,34.48,D_LEADERSHIP_FAILURE
POWL,10,384,2025-05-13,2026-06-01,3,1,1,30.0,3,3,9.05,3.1883,4.1667,2026-05-22,2026-05-22,2026-05-22,4.4,VERY_BULLISH,28,0.685,3.0,3.0,2,0.0,3.0,3.0,2,0.0,13.915,72.2,34.44,B_EMERGING_LEADER
INGM,5,12,2026-05-20,2026-06-01,2,0,0,40.0,0,2,68.95,2.8015,2.5,2026-05-20,,,4,BULLISH,2,0.0,3.0,3.0,1,0.0,4.0,4.0,1,0.0,32.273,71.9,34.38,D_LEADERSHIP_FAILURE
FWONA,7,18,2026-05-14,2026-06-01,2,2,0,28.6,2,2,1.12,2.2857,5.0,2026-05-31,2026-05-31,,,,0,0.0,5.0,5.0,1,0.0,,,0,0.0,46.382,65.7,34.29,B_EMERGING_LEADER
KALU,7,18,2026-05-14,2026-06-01,2,2,2,28.6,2,2,0.81,2.2857,5.0,2026-05-31,2026-05-31,2026-05-31,,,0,0.0,5.0,5.0,1,0.0,,,0,0.0,46.476,65.7,34.29,B_EMERGING_LEADER
NEXA,7,18,2026-05-14,2026-06-01,2,2,2,28.6,2,2,0.66,2.2857,5.0,2026-05-31,2026-05-31,2026-05-31,,,0,0.0,5.0,5.0,1,0.0,,,0,0.0,46.579,65.7,34.29,B_EMERGING_LEADER
LLY,10,384,2025-05-13,2026-06-01,3,1,1,30.0,3,3,9.2,2.9233,4.1667,2026-05-22,2026-05-22,2026-05-22,3.33,BULLISH,20,0.522,3.0,3.0,2,0.0,3.0,3.0,2,0.0,18.742,71.4,34.28,B_EMERGING_LEADER
SNDR,10,384,2025-05-13,2026-06-01,3,0,0,30.0,3,3,8.16,3.376,4.2222,2026-05-22,,,4.11,VERY_BULLISH,18,0.253,3.0,3.0,2,0.0,3.0,3.0,3,0.0,4.374,81.3,34.26,B_EMERGING_LEADER
AMD,10,384,2025-05-13,2026-06-01,3,1,0,30.0,3,3,6.42,3.4624,4.3889,2026-05-22,2026-05-22,,4.11,VERY_BULLISH,18,0.323,3.0,3.0,2,0.0,4.67,5.0,3,0.577,11.522,71.2,34.24,B_EMERGING_LEADER
MLI,10,384,2025-05-13,2026-06-01,3,0,0,30.0,0,3,11.1,3.3331,4.0769,2026-05-20,,,4.08,BULLISH,25,0.276,,,0,0.0,5.0,5.0,3,0.0,4.05,81.2,34.24,D_LEADERSHIP_FAILURE
GFS,10,384,2025-05-13,2026-06-01,3,0,0,30.0,0,3,16.13,3.2844,3.8333,2026-05-20,,,3.95,BULLISH,20,0.224,3.0,3.0,2,0.0,5.0,5.0,3,0.0,5.83,80.8,34.16,D_LEADERSHIP_FAILURE
RMD,10,384,2025-05-13,2026-06-01,3,0,0,30.0,3,3,8.93,3.3649,4.1667,2026-05-22,,,4.11,BULLISH,33,0.311,3.0,3.0,2,0.0,3.0,3.0,3,0.0,4.276,80.8,34.16,B_EMERGING_LEADER
KOP,10,384,2025-05-13,2026-06-01,3,0,0,30.0,3,3,9.24,3.3649,4.1667,2026-05-22,,,4.02,VERY_BULLISH,20,0.262,3.0,3.0,2,0.0,3.0,3.0,3,0.0,5.36,80.7,34.14,B_EMERGING_LEADER
CNDT,10,384,2025-05-13,2026-06-01,3,1,1,30.0,3,3,9.63,3.1883,4.1667,2026-05-22,2026-05-22,2026-05-22,3.67,BULLISH,17,0.524,3.0,3.0,2,0.0,3.0,3.0,2,0.0,20.284,70.6,34.12,B_EMERGING_LEADER
TCBK,10,384,2025-05-13,2026-06-01,3,0,0,30.0,0,3,13.42,3.2889,3.9444,2026-05-20,,,3.5,BULLISH,16,0.516,4.0,4.0,2,0.0,4.0,4.0,3,0.0,1.683,80.0,34.0,D_LEADERSHIP_FAILURE
SM,10,384,2025-05-13,2026-06-01,3,0,0,30.0,0,3,16.71,3.3156,3.7778,2026-05-20,,,4.13,NEUTRAL,18,0.47,3.0,3.0,2,0.0,5.0,5.0,3,0.0,3.27,79.7,33.94,D_LEADERSHIP_FAILURE
CINF,10,384,2025-05-13,2026-06-01,3,0,0,30.0,3,3,9.67,3.3649,4.1667,2026-05-22,,,4.02,BULLISH,27,0.31,3.0,3.0,2,0.0,3.0,3.0,3,0.0,7.998,78.9,33.78,B_EMERGING_LEADER
INVH,10,384,2025-05-13,2026-06-01,3,1,1,30.0,3,3,6.73,2.9567,4.3333,2026-05-22,2026-05-22,2026-05-22,3.33,VERY_BULLISH,15,0.724,4.0,4.0,2,0.0,2.0,2.0,2,0.0,20.492,68.5,33.7,B_EMERGING_LEADER
III,10,384,2025-05-13,2026-06-01,3,0,0,30.0,3,3,9.28,3.3649,4.1667,2026-05-22,,,4.43,VERY_BULLISH,33,0.488,3.0,3.0,2,0.0,3.0,3.0,3,0.0,5.713,78.3,33.66,B_EMERGING_LEADER
CAT,10,384,2025-05-13,2026-06-01,3,1,1,30.0,3,3,7.15,2.9567,4.3333,2026-05-22,2026-05-22,2026-05-22,3.78,VERY_BULLISH,17,0.546,3.0,3.0,2,0.0,4.0,4.0,2,0.0,25.212,67.9,33.58,B_EMERGING_LEADER
ACIC,5,12,2026-05-20,2026-06-01,2,0,0,40.0,0,2,60.25,3.4538,3.0,2026-05-20,,,4.5,BULLISH,2,0.707,1.0,1.0,2,0.0,3.0,3.0,3,0.0,27.495,67.2,33.44,D_LEADERSHIP_FAILURE
MRK,10,384,2025-05-13,2026-06-01,3,0,0,30.0,3,3,9.13,3.3649,4.1667,2026-05-22,,,3.96,NEUTRAL,25,0.651,3.0,3.0,2,0.0,3.0,3.0,3,0.0,4.923,77.0,33.4,B_EMERGING_LEADER
ECG,10,384,2025-05-13,2026-06-01,3,1,1,30.0,3,3,7.73,2.9456,4.2778,2026-05-22,2026-05-22,2026-05-22,3.25,BULLISH,21,0.759,3.0,3.0,2,0.0,4.0,4.0,2,0.0,23.102,66.9,33.38,B_EMERGING_LEADER
ECPG,10,384,2025-05-13,2026-06-01,3,1,1,30.0,3,3,5.49,2.99,4.5,2026-05-22,2026-05-22,2026-05-22,4.31,VERY_BULLISH,20,0.73,4.0,4.0,2,0.0,3.0,3.0,2,0.0,23.769,66.8,33.36,B_EMERGING_LEADER
FTNT,10,384,2025-05-13,2026-06-01,3,0,0,30.0,0,3,11.6,3.4173,4.0556,2026-05-20,,,3.6,VERY_BULLISH,19,0.725,3.0,3.0,2,0.0,2.0,2.0,3,0.0,6.653,75.4,33.08,D_LEADERSHIP_FAILURE
WSC,10,384,2025-05-13,2026-06-01,3,0,0,30.0,0,3,17.67,2.9244,3.7222,2026-05-20,,,3.06,NEUTRAL,18,0.639,3.0,3.0,2,0.0,4.0,4.0,3,0.0,10.045,74.6,32.92,D_LEADERSHIP_FAILURE
WASH,5,12,2026-05-20,2026-06-01,2,0,0,40.0,0,2,68.79,2.993,2.5556,2026-05-20,,,3.84,NEUTRAL,19,0.898,1.0,1.0,1,0.0,4.0,4.0,1,0.0,30.495,63.8,32.76,D_LEADERSHIP_FAILURE
MKSI,10,384,2025-05-13,2026-06-01,4,0,0,40.0,2,2,9.16,3.3678,4.1667,2026-05-20,,,4.89,BULLISH,32,1.182,4.33,5.0,3,0.577,3.67,3.0,3,0.577,4.295,62.5,32.5,E_CONSISTENT_MID
SYNA,10,384,2025-05-13,2026-06-01,3,0,0,30.0,0,3,17.83,2.9244,3.7222,2026-05-20,,,2.8,NEUTRAL,15,0.775,3.0,3.0,2,0.0,4.0,4.0,3,0.0,11.715,72.4,32.48,D_LEADERSHIP_FAILURE
TECK,10,384,2025-05-13,2026-06-01,3,0,0,30.0,0,3,15.58,2.9821,3.8333,2026-05-20,,,3.39,BULLISH,21,0.75,3.0,3.0,2,0.0,5.0,5.0,3,0.0,12.12,72.4,32.48,D_LEADERSHIP_FAILURE
HCSG,10,384,2025-05-13,2026-06-01,3,0,0,30.0,3,3,6.3,3.3916,4.3889,2026-05-22,,,4.01,BULLISH,28,1.017,4.0,4.0,2,0.0,2.0,2.0,3,0.0,7.489,72.1,32.42,B_EMERGING_LEADER
RGTI,10,384,2025-05-13,2026-06-01,3,0,0,30.0,0,3,29.66,2.9239,3.4444,2026-05-20,,,3.74,NEUTRAL,19,0.733,2.0,2.0,2,0.0,4.0,4.0,3,0.0,13.187,72.1,32.42,D_LEADERSHIP_FAILURE
TBPH,10,384,2025-05-13,2026-06-01,3,0,0,30.0,0,3,29.58,2.9839,3.4444,2026-05-20,,,3.75,BULLISH,27,0.76,4.0,4.0,1,0.0,5.0,5.0,1,0.0,12.513,72.1,32.42,D_LEADERSHIP_FAILURE
BCE,10,384,2025-05-13,2026-06-01,3,1,0,30.0,3,3,8.74,3.0914,4.2222,2026-05-22,2026-05-22,,3.49,VERY_BULLISH,19,0.602,3.0,3.0,2,0.0,3.67,3.0,3,0.577,26.523,60.9,32.18,B_EMERGING_LEADER
ANIK,10,384,2025-05-13,2026-06-01,3,0,0,30.0,3,3,9.86,3.3472,4.1667,2026-05-22,,,4.5,VERY_BULLISH,33,0.487,3.0,3.0,2,0.0,2.67,3.0,3,0.577,9.088,70.8,32.16,B_EMERGING_LEADER
SCVL,10,384,2025-05-13,2026-06-01,3,0,0,30.0,3,3,8.89,3.3649,4.1667,2026-05-22,,,3.55,VERY_BULLISH,19,0.807,3.0,3.0,2,0.0,2.67,3.0,3,0.577,4.256,70.0,32.0,B_EMERGING_LEADER
SBFG,7,373,2025-05-13,2026-05-21,2,0,0,28.6,2,2,8.82,3.0,3.35,2026-05-20,,,4.27,BULLISH,27,0.441,,,0,0.0,4.0,4.0,1,0.0,1.402,80.6,31.56,B_EMERGING_LEADER
SITM,10,384,2025-05-13,2026-06-01,3,0,0,30.0,3,3,8.2,2.4044,4.2222,2026-05-22,,,2.13,BULLISH,15,0.516,5.0,5.0,2,0.0,4.0,4.0,2,0.0,28.309,66.7,31.34,B_EMERGING_LEADER
MNSB,7,373,2025-05-13,2026-05-21,2,0,0,28.6,2,2,9.21,3.0,3.35,2026-05-20,,,4.11,BULLISH,18,0.472,,,0,0.0,4.0,4.0,1,0.0,3.702,79.1,31.26,B_EMERGING_LEADER
NWFL,7,373,2025-05-13,2026-05-21,2,0,0,28.6,2,2,8.03,3.0143,3.4,2026-05-20,,,4.65,BULLISH,23,0.487,,,0,0.0,5.0,5.0,1,0.0,3.581,79.1,31.26,B_EMERGING_LEADER
CPA,10,384,2025-05-13,2026-06-01,3,1,0,30.0,3,3,7.08,2.8113,4.3333,2026-05-22,2026-05-22,,3.04,VERY_BULLISH,20,1.053,3.0,3.0,2,0.0,4.0,4.0,3,0.0,38.668,56.1,31.22,B_EMERGING_LEADER
MCK,10,384,2025-05-13,2026-06-01,2,2,0,20.0,0,2,20.53,3.3256,3.6667,2026-05-20,2026-05-20,,4.55,BULLISH,34,0.48,3.0,3.0,2,0.0,4.0,4.0,3,0.0,6.702,75.8,31.16,D_LEADERSHIP_FAILURE
ENTG,10,384,2025-05-13,2026-06-01,2,2,0,20.0,0,2,14.93,3.3524,3.8889,2026-05-20,2026-05-20,,4.27,BULLISH,26,0.452,4.0,4.0,2,0.0,3.0,3.0,3,0.0,7.588,75.7,31.14,D_LEADERSHIP_FAILURE
NKSH,10,384,2025-05-13,2026-06-01,2,2,0,20.0,2,2,4.6,3.3543,4.5714,2026-05-31,2026-05-31,,3.43,BULLISH,14,0.514,5.0,5.0,1,0.0,4.0,4.0,1,0.0,6.704,75.5,31.1,B_EMERGING_LEADER
GORO,7,373,2025-05-13,2026-05-21,2,0,0,28.6,2,2,8.17,3.0143,3.4,2026-05-20,,,3.29,BULLISH,14,0.469,,,0,0.0,5.0,5.0,1,0.0,6.187,77.9,31.02,B_EMERGING_LEADER
PHIN,10,384,2025-05-13,2026-06-01,2,2,0,20.0,0,2,10.44,3.3791,4.1111,2026-05-20,2026-05-20,,4.17,VERY_BULLISH,27,0.648,5.0,5.0,2,0.0,3.0,3.0,3,0.0,4.898,75.1,31.02,D_LEADERSHIP_FAILURE
GSBC,10,384,2025-05-13,2026-06-01,2,2,0,20.0,2,2,4.64,3.3543,4.5714,2026-05-31,2026-05-31,,4.46,BULLISH,24,0.511,5.0,5.0,1,0.0,4.0,4.0,1,0.0,7.785,75.0,31.0,B_EMERGING_LEADER
NMR,7,373,2025-05-13,2026-05-21,2,0,0,28.6,2,2,9.14,3.0,3.35,2026-05-20,,,3.99,BULLISH,26,0.635,,,0,0.0,4.0,4.0,1,0.0,3.238,77.8,31.0,B_EMERGING_LEADER
CM,10,384,2025-05-13,2026-06-01,2,2,0,20.0,0,2,21.5,3.3256,3.6667,2026-05-20,2026-05-20,,4.68,VERY_BULLISH,30,0.477,3.0,3.0,2,0.0,4.0,4.0,3,0.0,9.25,74.6,30.92,D_LEADERSHIP_FAILURE
BMO,10,384,2025-05-13,2026-06-01,2,2,0,20.0,0,2,18.91,3.3544,3.7222,2026-05-20,2026-05-20,,4.7,NEUTRAL,32,0.502,3.0,3.0,2,0.0,4.0,4.0,3,0.0,10.307,73.8,30.76,D_LEADERSHIP_FAILURE
ETON,10,384,2025-05-13,2026-06-01,3,1,1,30.0,3,3,7.7,2.5156,4.2778,2026-05-22,2026-05-22,2026-05-22,3.02,VERY_BULLISH,14,0.821,3.0,3.0,2,0.0,3.5,4.0,2,0.707,35.129,53.2,30.64,B_EMERGING_LEADER
RY,10,384,2025-05-13,2026-06-01,2,2,0,20.0,0,2,19.91,3.3256,3.6667,2026-05-20,2026-05-20,,4.3,BEARISH,28,0.8,3.0,3.0,2,0.0,4.0,4.0,3,0.0,6.06,73.0,30.6,D_LEADERSHIP_FAILURE
EVLV,10,384,2025-05-13,2026-06-01,3,1,0,30.0,3,3,7.66,2.1425,4.2778,2026-05-22,2026-05-22,,3,BEARISH,2,1.414,3.0,3.0,2,0.0,4.0,4.0,3,0.0,47.571,51.9,30.38,B_EMERGING_LEADER
TLYS,7,373,2025-05-13,2026-05-21,2,0,0,28.6,0,2,22.91,2.9429,3.15,2026-05-14,,,4.22,BULLISH,18,0.808,,,0,0.0,2.0,2.0,1,0.0,6.331,74.5,30.34,D_LEADERSHIP_FAILURE
ARCB,10,384,2025-05-13,2026-06-01,3,0,0,30.0,3,3,7.19,3.3628,4.3333,2026-05-22,,,5.08,VERY_BULLISH,16,4.349,4.0,4.0,2,0.0,2.0,2.0,3,0.0,9.912,61.0,30.2,B_EMERGING_LEADER
FCCO,7,373,2025-05-13,2026-05-21,2,0,0,28.6,2,2,9.53,3.0,3.35,2026-05-20,,,3.45,BULLISH,18,0.918,,,0,0.0,4.0,4.0,1,0.0,6.032,73.5,30.14,B_EMERGING_LEADER
INTT,10,384,2025-05-13,2026-06-01,2,2,2,20.0,2,2,0.85,2.89,5.0,2026-05-31,2026-05-31,2026-05-31,2.29,NEUTRAL,14,0.469,5.0,5.0,1,0.0,,,0,0.0,19.489,69.6,29.92,B_EMERGING_LEADER
MYFW,10,384,2025-05-13,2026-06-01,2,2,2,20.0,2,2,0.7,2.89,5.0,2026-05-31,2026-05-31,2026-05-31,2.36,NEUTRAL,14,0.633,5.0,5.0,1,0.0,,,0,0.0,17.487,68.9,29.78,B_EMERGING_LEADER
OHI,10,384,2025-05-13,2026-06-01,2,2,0,20.0,0,2,30.9,3.2524,3.3889,2026-05-20,2026-05-20,,3.88,BULLISH,17,0.485,2.0,2.0,2,0.0,3.33,4.0,3,0.577,9.292,68.7,29.74,D_LEADERSHIP_FAILURE
CRDO,5,12,2026-05-20,2026-06-01,2,0,0,40.0,2,2,7.04,3.2733,4.3333,2026-05-31,,,3,BULLISH,2,1.414,5.0,5.0,2,0.0,4.5,5.0,2,0.707,38.379,47.6,29.52,B_EMERGING_LEADER
LECO,10,384,2025-05-13,2026-06-01,2,2,2,20.0,0,2,37.82,3.1764,3.1667,2026-05-20,2026-05-20,2026-05-20,3.34,NEUTRAL,25,1.038,3.0,3.0,1,0.0,5.0,5.0,1,0.0,12.762,67.2,29.44,D_LEADERSHIP_FAILURE
AAPL,10,384,2025-05-13,2026-06-01,2,2,0,20.0,0,2,14.04,3.3812,3.9444,2026-05-20,2026-05-20,,4.03,BULLISH,16,0.469,3.5,4.0,2,0.707,4.0,4.0,3,0.0,11.157,66.7,29.34,D_LEADERSHIP_FAILURE
APELY,10,384,2025-05-13,2026-06-01,2,2,0,20.0,2,2,1.7,1.6,5.0,2026-05-31,2026-05-31,,-4.69,VERY_BEARISH,2,0.0,5.0,5.0,1,0.0,,,0,0.0,41.127,64.0,28.8,B_EMERGING_LEADER
ASMIY,10,384,2025-05-13,2026-06-01,2,2,0,20.0,2,2,1.66,1.6,5.0,2026-05-31,2026-05-31,,12.63,VERY_BULLISH,2,0.0,5.0,5.0,1,0.0,,,0,0.0,41.118,64.0,28.8,B_EMERGING_LEADER
ASX,10,384,2025-05-13,2026-06-01,2,2,0,20.0,2,2,1.62,1.6,5.0,2026-05-31,2026-05-31,,,,0,0.0,5.0,5.0,1,0.0,,,0,0.0,41.121,64.0,28.8,B_EMERGING_LEADER
BESIY,10,384,2025-05-13,2026-06-01,2,2,0,20.0,2,2,1.59,1.6,5.0,2026-05-31,2026-05-31,,,,0,0.0,5.0,5.0,1,0.0,,,0,0.0,41.137,64.0,28.8,B_EMERGING_LEADER
CGNT,10,384,2025-05-13,2026-06-01,2,2,0,20.0,2,2,1.47,1.6,5.0,2026-05-31,2026-05-31,,,,0,0.0,5.0,5.0,1,0.0,,,0,0.0,41.258,64.0,28.8,B_EMERGING_LEADER
DRD,10,384,2025-05-13,2026-06-01,2,2,0,20.0,2,2,1.39,1.6,5.0,2026-05-31,2026-05-31,,,,0,0.0,5.0,5.0,1,0.0,,,0,0.0,41.336,64.0,28.8,B_EMERGING_LEADER
EC,10,384,2025-05-13,2026-06-01,2,2,0,20.0,2,2,1.35,1.6,5.0,2026-05-31,2026-05-31,,,,0,0.0,5.0,5.0,1,0.0,,,0,0.0,41.323,64.0,28.8,B_EMERGING_LEADER
EFXT,10,384,2025-05-13,2026-06-01,2,2,0,20.0,2,2,1.28,1.6,5.0,2026-05-31,2026-05-31,,,,0,0.0,5.0,5.0,1,0.0,,,0,0.0,41.343,64.0,28.8,B_EMERGING_LEADER
ELEZY,10,384,2025-05-13,2026-06-01,2,2,0,20.0,2,2,1.24,1.6,5.0,2026-05-31,2026-05-31,,,,0,0.0,5.0,5.0,1,0.0,,,0,0.0,41.354,64.0,28.8,B_EMERGING_LEADER
FMX,10,384,2025-05-13,2026-06-01,2,2,0,20.0,2,2,1.2,1.6,5.0,2026-05-31,2026-05-31,,4,BULLISH,4,0.0,5.0,5.0,1,0.0,,,0,0.0,41.361,64.0,28.8,B_EMERGING_LEADER
FSRL,10,384,2025-05-13,2026-06-01,2,2,0,20.0,2,2,1.16,1.6,5.0,2026-05-31,2026-05-31,,,,0,0.0,5.0,5.0,1,0.0,,,0,0.0,41.358,64.0,28.8,B_EMERGING_LEADER
GLP,10,384,2025-05-13,2026-06-01,2,2,0,20.0,2,2,1.04,1.6,5.0,2026-05-31,2026-05-31,,,,0,0.0,5.0,5.0,1,0.0,,,0,0.0,41.354,64.0,28.8,B_EMERGING_LEADER
IMCR,10,384,2025-05-13,2026-06-01,2,2,2,20.0,2,2,0.93,1.6,5.0,2026-05-31,2026-05-31,2026-05-31,,,0,0.0,5.0,5.0,1,0.0,,,0,0.0,41.443,64.0,28.8,B_EMERGING_LEADER
INR,10,384,2025-05-13,2026-06-01,2,2,2,20.0,2,2,0.89,1.6,5.0,2026-05-31,2026-05-31,2026-05-31,,,0,0.0,5.0,5.0,1,0.0,,,0,0.0,41.444,64.0,28.8,B_EMERGING_LEADER
KHNGY,10,384,2025-05-13,2026-06-01,2,2,2,20.0,2,2,0.77,1.6,5.0,2026-05-31,2026-05-31,2026-05-31,,,0,0.0,5.0,5.0,1,0.0,,,0,0.0,41.537,64.0,28.8,B_EMERGING_LEADER
OMVKY,10,384,2025-05-13,2026-06-01,2,2,2,20.0,2,2,0.58,1.6,5.0,2026-05-31,2026-05-31,2026-05-31,,,0,0.0,5.0,5.0,1,0.0,,,0,0.0,41.776,64.0,28.8,B_EMERGING_LEADER
PARR,10,384,2025-05-13,2026-06-01,2,2,2,20.0,2,2,0.46,1.6,5.0,2026-05-31,2026-05-31,2026-05-31,,,0,0.0,5.0,5.0,1,0.0,,,0,0.0,41.823,64.0,28.8,B_EMERGING_LEADER
PBAM,10,384,2025-05-13,2026-06-01,2,2,2,20.0,2,2,0.43,1.6,5.0,2026-05-31,2026-05-31,2026-05-31,,,0,0.0,5.0,5.0,1,0.0,,,0,0.0,41.829,64.0,28.8,B_EMERGING_LEADER
REPYY,10,384,2025-05-13,2026-06-01,2,2,2,20.0,2,2,0.39,1.6,5.0,2026-05-31,2026-05-31,2026-05-31,,,0,0.0,5.0,5.0,1,0.0,,,0,0.0,41.957,64.0,28.8,B_EMERGING_LEADER
SBLK,10,384,2025-05-13,2026-06-01,2,2,2,20.0,2,2,0.31,1.6,5.0,2026-05-31,2026-05-31,2026-05-31,,,0,0.0,5.0,5.0,1,0.0,,,0,0.0,42.074,64.0,28.8,B_EMERGING_LEADER
SHIP,10,384,2025-05-13,2026-06-01,2,2,2,20.0,2,2,0.27,1.6,5.0,2026-05-31,2026-05-31,2026-05-31,,,0,0.0,5.0,5.0,1,0.0,,,0,0.0,42.084,64.0,28.8,B_EMERGING_LEADER
SSL,10,384,2025-05-13,2026-06-01,2,2,2,20.0,2,2,0.19,1.6,5.0,2026-05-31,2026-05-31,2026-05-31,,,0,0.0,5.0,5.0,1,0.0,,,0,0.0,42.193,64.0,28.8,B_EMERGING_LEADER
VIST,10,384,2025-05-13,2026-06-01,2,2,2,20.0,2,2,0.12,1.6,5.0,2026-05-31,2026-05-31,2026-05-31,1.98,BEARISH,2,0.0,5.0,5.0,1,0.0,,,0,0.0,42.358,64.0,28.8,B_EMERGING_LEADER
SFD,10,384,2025-05-13,2026-06-01,3,0,0,30.0,0,3,10.32,2.1661,4.1111,2026-05-20,,,3.19,NEUTRAL,4,1.242,3.0,3.0,2,0.0,2.0,2.0,3,0.0,46.849,53.6,28.72,D_LEADERSHIP_FAILURE
LMAT,10,384,2025-05-13,2026-06-01,2,0,0,20.0,0,2,17.05,3.2433,3.7778,2026-05-20,,,4.01,BULLISH,26,0.259,4.0,4.0,3,0.0,2.0,2.0,3,0.0,4.234,79.3,27.86,D_LEADERSHIP_FAILURE
PAHC,10,384,2025-05-13,2026-06-01,2,2,0,20.0,0,2,38.28,3.1476,3.1111,2026-05-20,2026-05-20,,4.54,BEARISH,23,1.839,3.0,3.0,1,0.0,4.0,4.0,1,0.0,13.187,59.0,27.8,D_LEADERSHIP_FAILURE
NVT,10,384,2025-05-13,2026-06-01,2,0,0,20.0,2,2,9.09,3.2979,4.1667,2026-05-31,,,3.9,BULLISH,20,0.447,5.0,5.0,2,0.0,3.0,3.0,3,0.0,2.964,78.0,27.6,B_EMERGING_LEADER
DCOM,10,384,2025-05-13,2026-06-01,2,0,0,20.0,0,2,30.28,3.1889,3.4444,2026-05-20,,,3.95,BULLISH,20,0.224,2.0,2.0,2,0.0,4.0,4.0,3,0.0,7.673,77.9,27.58,D_LEADERSHIP_FAILURE
EBS,10,384,2025-05-13,2026-06-01,2,0,0,20.0,0,2,12.84,3.3,4.0,2026-05-20,,,4.12,VERY_BULLISH,33,0.308,,,0,0.0,4.0,4.0,3,0.0,6.207,77.8,27.56,D_LEADERSHIP_FAILURE
EVR,10,384,2025-05-13,2026-06-01,2,0,0,20.0,0,2,21.11,3.2333,3.6667,2026-05-20,,,4.22,BULLISH,22,0.386,3.0,3.0,2,0.0,4.0,4.0,3,0.0,5.602,77.3,27.46,D_LEADERSHIP_FAILURE
NRIM,10,384,2025-05-13,2026-06-01,2,0,0,20.0,0,2,20.38,3.2333,3.6667,2026-05-20,,,4.61,BULLISH,29,0.462,3.0,3.0,2,0.0,4.0,4.0,3,0.0,4.103,77.3,27.46,D_LEADERSHIP_FAILURE
MTZ,10,384,2025-05-13,2026-06-01,2,0,0,20.0,0,2,16.98,3.2433,3.7778,2026-05-20,,,3.39,BULLISH,18,0.502,3.0,3.0,3,0.0,5.0,5.0,3,0.0,3.986,77.0,27.4,D_LEADERSHIP_FAILURE
PWR,10,384,2025-05-13,2026-06-01,2,0,0,20.0,2,2,8.97,3.2979,4.1667,2026-05-31,,,3.32,BULLISH,19,0.563,5.0,5.0,2,0.0,3.0,3.0,3,0.0,2.703,77.0,27.4,B_EMERGING_LEADER
SNEX,10,384,2025-05-13,2026-06-01,2,0,0,20.0,2,2,8.86,3.2803,4.1667,2026-05-31,,,4.47,VERY_BULLISH,32,0.484,5.0,5.0,2,0.0,3.0,3.0,3,0.0,4.575,76.9,27.38,B_EMERGING_LEADER
SPCE,7,373,2025-05-13,2026-05-21,2,0,0,28.6,2,2,8.74,2.0857,3.35,2026-05-20,,,2.38,BULLISH,8,1.188,,,0,0.0,4.0,4.0,1,0.0,28.466,59.6,27.36,B_EMERGING_LEADER
EZPW,10,384,2025-05-13,2026-06-01,2,0,0,20.0,2,2,9.4,3.2979,4.1667,2026-05-31,,,4.41,VERY_BULLISH,32,0.482,5.0,5.0,2,0.0,3.0,3.0,3,0.0,5.076,76.6,27.32,B_EMERGING_LEADER
ENB,10,384,2025-05-13,2026-06-01,2,0,0,20.0,0,2,18.52,3.2444,3.7222,2026-05-20,,,3.91,BULLISH,23,0.471,3.0,3.0,2,0.0,4.0,4.0,3,0.0,5.619,76.5,27.3,D_LEADERSHIP_FAILURE
CSCO,10,384,2025-05-13,2026-06-01,2,0,0,20.0,0,2,31.17,3.0932,3.3889,2026-05-20,,,4.22,BULLISH,32,0.396,4.0,4.0,1,0.0,4.0,4.0,1,0.0,7.587,76.2,27.24,D_LEADERSHIP_FAILURE
PLUS,10,384,2025-05-13,2026-06-01,2,0,0,20.0,0,2,37.74,3.0664,3.1667,2026-05-20,,,3.91,NEUTRAL,20,0.236,3.0,3.0,1,0.0,5.0,5.0,1,0.0,11.498,75.9,27.18,D_LEADERSHIP_FAILURE
DGII,10,384,2025-05-13,2026-06-01,2,0,0,20.0,0,2,12.88,3.3,4.0,2026-05-20,,,4.37,BULLISH,27,0.534,4.0,4.0,2,0.0,4.0,4.0,3,0.0,6.491,75.4,27.08,D_LEADERSHIP_FAILURE
GILT,10,384,2025-05-13,2026-06-01,2,2,0,20.0,2,2,1.08,2.46,5.0,2026-05-31,2026-05-31,,2.74,BEARISH,19,1.284,5.0,5.0,1,0.0,,,0,0.0,31.473,55.4,27.08,B_EMERGING_LEADER
DHC,10,384,2025-05-13,2026-06-01,2,0,0,20.0,0,2,18.6,3.2444,3.7222,2026-05-20,,,4.32,NEUTRAL,22,0.568,3.0,3.0,2,0.0,4.0,4.0,3,0.0,5.977,75.3,27.06,D_LEADERSHIP_FAILURE
HXL,10,384,2025-05-13,2026-06-01,2,0,0,20.0,0,2,38.32,3.0376,3.1111,2026-05-20,,,3.14,NEUTRAL,16,0.472,3.0,3.0,1,0.0,4.0,4.0,1,0.0,10.137,74.2,26.84,D_LEADERSHIP_FAILURE
YPF,10,384,2025-05-13,2026-06-01,2,2,2,20.0,2,2,0.0,1.6,5.0,2026-05-31,2026-05-31,2026-05-31,4.08,BULLISH,12,0.996,5.0,5.0,1,0.0,,,0,0.0,42.48,54.0,26.8,B_EMERGING_LEADER
COLM,10,384,2025-05-13,2026-06-01,2,0,0,20.0,2,2,9.55,3.2979,4.1667,2026-05-31,,,4.32,BULLISH,22,0.716,5.0,5.0,2,0.0,3.0,3.0,3,0.0,6.309,73.7,26.74,B_EMERGING_LEADER
RF,10,384,2025-05-13,2026-06-01,2,0,0,20.0,0,2,38.17,3.0376,3.1111,2026-05-20,,,3.41,BULLISH,17,0.504,3.0,3.0,1,0.0,4.0,4.0,1,0.0,11.755,73.1,26.62,D_LEADERSHIP_FAILURE
SYF,10,384,2025-05-13,2026-06-01,2,0,0,20.0,0,2,38.13,3.0376,3.1111,2026-05-20,,,3.79,BULLISH,24,0.483,3.0,3.0,1,0.0,4.0,4.0,1,0.0,12.38,73.0,26.6,D_LEADERSHIP_FAILURE
FR,10,384,2025-05-13,2026-06-01,2,0,0,20.0,0,2,28.5,3.2392,3.5,2026-05-20,,,3.67,BULLISH,15,0.724,3.0,3.0,2,0.0,2.0,2.0,3,0.0,7.848,72.8,26.56,D_LEADERSHIP_FAILURE
MTSI,10,384,2025-05-13,2026-06-01,2,0,0,20.0,2,2,8.39,3.0068,4.2222,2026-05-31,,,3.13,BULLISH,15,0.352,5.0,5.0,2,0.0,4.0,4.0,3,0.0,16.602,72.2,26.44,B_EMERGING_LEADER
THR,10,384,2025-05-13,2026-06-01,2,0,0,20.0,0,2,38.59,3.0088,3.0556,2026-05-14,,,4.2,NEUTRAL,30,0.552,3.0,3.0,1,0.0,4.0,4.0,1,0.0,12.463,72.2,26.44,D_LEADERSHIP_FAILURE
ET,10,384,2025-05-13,2026-06-01,2,0,0,20.0,0,2,17.25,3.2556,3.7778,2026-05-20,,,4.16,BULLISH,19,0.375,3.0,3.0,2,0.0,4.33,5.0,3,0.577,5.444,71.8,26.36,D_LEADERSHIP_FAILURE
EXE,10,384,2025-05-13,2026-06-01,2,0,0,20.0,0,2,38.4,3.0376,3.1111,2026-05-20,,,3.25,NEUTRAL,21,0.755,3.0,3.0,1,0.0,4.0,4.0,1,0.0,9.847,71.5,26.3,D_LEADERSHIP_FAILURE
MPWR,10,384,2025-05-13,2026-06-01,2,0,0,20.0,0,2,11.45,3.3111,4.0556,2026-05-20,,,4.42,BULLISH,31,0.528,4.0,4.0,2,0.0,4.67,5.0,3,0.577,3.407,71.2,26.24,D_LEADERSHIP_FAILURE
DDOG,10,384,2025-05-13,2026-06-01,2,0,0,20.0,0,2,17.29,3.2948,3.7778,2026-05-20,,,3.73,BULLISH,15,0.961,4.0,4.0,2,0.0,2.0,2.0,3,0.0,7.312,70.7,26.14,D_LEADERSHIP_FAILURE
SLQT,10,384,2025-05-13,2026-06-01,2,0,0,20.0,2,2,9.98,3.0886,4.1429,2026-05-31,,,4.28,BULLISH,29,0.43,5.0,5.0,1,0.0,2.0,2.0,1,0.0,18.904,70.2,26.04,B_EMERGING_LEADER
PLOW,10,384,2025-05-13,2026-06-01,2,0,0,20.0,2,2,8.31,3.3091,4.2222,2026-05-31,,,4.3,BULLISH,23,0.703,5.0,5.0,2,0.0,3.67,4.0,3,0.577,2.984,69.7,25.94,B_EMERGING_LEADER
VNCE,10,384,2025-05-13,2026-06-01,2,2,2,20.0,2,2,0.08,1.6,5.0,2026-05-31,2026-05-31,2026-05-31,3.89,VERY_BULLISH,18,1.451,5.0,5.0,1,0.0,,,0,0.0,42.348,49.5,25.9,B_EMERGING_LEADER
ANGO,10,384,2025-05-13,2026-06-01,2,0,0,20.0,0,2,16.43,3.2544,3.8333,2026-05-20,,,4.56,BULLISH,34,0.473,4.0,4.0,3,0.0,2.67,3.0,3,0.577,8.398,69.3,25.86,D_LEADERSHIP_FAILURE
FN,10,384,2025-05-13,2026-06-01,2,0,0,20.0,0,2,11.64,3.3111,4.0556,2026-05-20,,,3.66,BULLISH,24,0.609,4.0,4.0,2,0.0,4.67,5.0,3,0.577,5.757,69.3,25.86,D_LEADERSHIP_FAILURE
MEOH,10,384,2025-05-13,2026-06-01,2,0,0,20.0,2,2,7.23,2.8571,4.2857,2026-05-31,,,3.35,BULLISH,17,0.505,5.0,5.0,1,0.0,3.0,3.0,1,0.0,19.324,69.3,25.86,B_EMERGING_LEADER
GFF,10,384,2025-05-13,2026-06-01,2,0,0,20.0,0,2,16.16,3.2544,3.8333,2026-05-20,,,3.8,NEUTRAL,21,0.722,4.0,4.0,3,0.0,2.67,3.0,3,0.577,5.291,68.4,25.68,D_LEADERSHIP_FAILURE
FSLR,10,384,2025-05-13,2026-06-01,2,0,0,20.0,0,2,18.41,2.9517,3.7222,2026-05-20,,,2.9,BULLISH,18,0.981,3.0,3.0,3,0.0,4.0,4.0,3,0.0,18.179,65.1,25.02,D_LEADERSHIP_FAILURE
TM,10,384,2025-05-13,2026-06-01,2,0,0,20.0,0,2,63.26,2.6375,2.6875,2026-05-14,,,3.33,BEARISH,15,0.724,2.0,2.0,1,0.0,,,0,0.0,27.088,63.2,24.64,D_LEADERSHIP_FAILURE
KGS,10,384,2025-05-13,2026-06-01,2,0,0,20.0,0,2,37.24,3.0952,3.2222,2026-05-20,,,2.29,NEUTRAL,18,1.604,3.0,3.0,1,0.0,5.0,5.0,1,0.0,10.363,62.8,24.56,D_LEADERSHIP_FAILURE
THC,10,384,2025-05-13,2026-06-01,2,0,0,20.0,0,2,19.53,3.1979,3.6667,2026-05-14,,,3.7,BULLISH,23,0.682,3.5,3.0,2,0.707,3.67,4.0,3,0.577,4.106,62.3,24.46,D_LEADERSHIP_FAILURE
CVX,10,384,2025-05-13,2026-06-01,2,0,0,20.0,2,2,9.51,2.8233,4.1667,2026-05-31,,,3.86,NEUTRAL,22,1.201,5.0,5.0,2,0.0,3.0,3.0,2,0.0,21.239,61.4,24.28,B_EMERGING_LEADER
HCI,10,384,2025-05-13,2026-06-01,2,0,0,20.0,0,2,16.05,3.27,3.8333,2026-05-20,,,4.96,BULLISH,25,2.073,4.0,4.0,3,0.0,3.0,3.0,3,0.0,5.248,61.4,24.28,D_LEADERSHIP_FAILURE
GTX,10,384,2025-05-13,2026-06-01,2,0,0,20.0,2,2,9.32,2.9222,4.1667,2026-05-31,,,4.15,VERY_BULLISH,30,0.849,4.67,5.0,3,0.577,3.0,3.0,3,0.0,17.577,61.0,24.2,B_EMERGING_LEADER
UVE,10,384,2025-05-13,2026-06-01,2,0,0,20.0,0,2,11.21,2.0526,4.0556,2026-05-20,,,4.88,VERY_BULLISH,30,0.349,5.0,5.0,2,0.0,2.0,2.0,3,0.0,44.4,60.5,24.1,D_LEADERSHIP_FAILURE
CENX,10,384,2025-05-13,2026-06-01,2,0,0,20.0,2,2,9.71,2.6033,4.1667,2026-05-31,,,2.33,NEUTRAL,17,0.877,5.0,5.0,2,0.0,3.0,3.0,2,0.0,30.694,59.9,23.98,B_EMERGING_LEADER
KEYS,10,384,2025-05-13,2026-06-01,2,0,0,20.0,0,2,11.52,3.3111,4.0556,2026-05-20,,,4.26,BULLISH,24,1.083,4.5,4.0,2,0.707,4.33,5.0,3,0.577,4.295,58.2,23.64,D_LEADERSHIP_FAILURE
CCJ,10,384,2025-05-13,2026-06-01,2,0,0,20.0,0,2,87.63,2.6527,1.9444,2026-05-20,,,3.51,VERY_BEARISH,23,1.051,3.0,3.0,1,0.0,5.0,5.0,1,0.0,33.071,57.0,23.4,D_LEADERSHIP_FAILURE
XPER,5,12,2026-05-20,2026-06-01,1,0,0,20.0,0,1,16.51,3.2711,3.7778,2026-05-22,,,3.5,BULLISH,2,0.707,3.5,4.0,2,0.707,2.0,2.0,2,0.0,8.709,65.5,23.1,D_LEADERSHIP_FAILURE
FORM,10,384,2025-05-13,2026-06-01,2,0,0,20.0,2,2,8.58,2.5144,4.2222,2026-05-31,,,3.06,BULLISH,18,0.639,5.0,5.0,2,0.0,3.5,4.0,2,0.707,31.011,55.0,23.0,B_EMERGING_LEADER
TCBX,5,12,2026-05-20,2026-06-01,1,0,0,20.0,0,1,19.61,3.2267,3.6667,2026-05-22,,,4,VERY_BULLISH,2,1.414,3.0,3.0,2,0.0,4.0,4.0,2,0.0,9.919,64.9,22.98,D_LEADERSHIP_FAILURE
GRC,10,384,2025-05-13,2026-06-01,2,0,0,20.0,2,2,8.51,2.2044,4.2222,2026-05-31,,,4.47,BULLISH,28,0.687,4.5,5.0,2,0.707,4.0,4.0,2,0.0,36.372,51.9,22.38,B_EMERGING_LEADER
TBBK,7,18,2026-05-14,2026-06-01,1,0,0,14.3,0,1,25.14,2.9587,3.5556,2026-05-22,,,4.3,BULLISH,28,0.646,3.0,3.0,2,0.0,3.0,3.0,2,0.0,8.737,72.0,22.12,D_LEADERSHIP_FAILURE
TEVA,10,384,2025-05-13,2026-06-01,1,0,0,10.0,0,1,19.57,3.2156,3.6667,2026-05-15,,,3.96,BULLISH,27,0.192,3.0,3.0,2,0.0,4.0,4.0,3,0.0,3.924,78.1,21.62,D_LEADERSHIP_FAILURE
JOUT,10,384,2025-05-13,2026-06-01,1,1,1,10.0,0,1,14.69,2.8678,3.8889,2026-05-22,2026-05-22,2026-05-22,3.46,VERY_BULLISH,24,0.588,2.0,2.0,2,0.0,3.0,3.0,2,0.0,17.907,67.2,21.44,D_LEADERSHIP_FAILURE
SSP,10,384,2025-05-13,2026-06-01,1,1,1,10.0,0,1,15.66,2.8567,3.8333,2026-05-22,2026-05-22,2026-05-22,2.73,NEUTRAL,16,0.961,2.0,2.0,2,0.0,2.0,2.0,2,0.0,12.307,66.2,21.24,D_LEADERSHIP_FAILURE
DNUT,10,384,2025-05-13,2026-06-01,2,0,0,20.0,0,2,62.14,1.7524,2.8889,2026-05-20,,,3.5,BEARISH,2,2.121,3.0,3.0,1,0.0,2.0,2.0,1,0.0,37.233,45.4,21.08,D_LEADERSHIP_FAILURE
TKR,7,18,2026-05-14,2026-06-01,1,0,0,14.3,0,1,14.23,3.054,3.8889,2026-05-22,,,3.09,NEUTRAL,17,0.434,3.5,4.0,2,0.707,3.0,3.0,2,0.0,10.647,66.1,20.94,D_LEADERSHIP_FAILURE
VCYT,10,384,2025-05-13,2026-06-01,1,0,0,10.0,0,1,19.45,2.7233,3.6667,2026-05-22,,,3.12,BULLISH,16,0.342,3.0,3.0,2,0.0,4.0,4.0,2,0.0,7.792,74.7,20.94,D_LEADERSHIP_FAILURE
APPS,10,384,2025-05-13,2026-06-01,2,0,0,20.0,2,2,9.82,2.9956,4.1667,2026-05-31,,,2.78,NEUTRAL,17,0.671,4.0,5.0,2,1.414,3.33,3.0,3,0.577,25.496,44.6,20.92,B_EMERGING_LEADER
MSM,10,384,2025-05-13,2026-06-01,1,0,0,10.0,0,1,10.6,3.3361,4.1111,2026-05-22,,,4.36,VERY_BULLISH,22,0.515,3.0,3.0,2,0.0,2.0,2.0,3,0.0,5.459,74.1,20.82,D_LEADERSHIP_FAILURE
WHD,10,384,2025-05-13,2026-06-01,1,0,0,10.0,0,1,22.82,2.7122,3.6111,2026-05-22,,,3.4,NEUTRAL,20,0.503,3.0,3.0,2,0.0,3.0,3.0,2,0.0,6.885,73.5,20.7,D_LEADERSHIP_FAILURE
TH,10,384,2025-05-13,2026-06-01,1,0,0,10.0,0,1,30.74,2.6678,3.3889,2026-05-22,,,3.61,NEUTRAL,18,0.502,3.0,3.0,2,0.0,1.0,1.0,2,0.0,7.413,73.3,20.66,D_LEADERSHIP_FAILURE
SF,10,384,2025-05-13,2026-06-01,1,0,0,10.0,0,1,19.88,3.0433,3.6667,2026-05-22,,,4.03,BULLISH,28,0.388,3.0,3.0,2,0.0,4.0,4.0,2,0.0,9.769,73.2,20.64,D_LEADERSHIP_FAILURE
ZBRA,10,384,2025-05-13,2026-06-01,1,0,0,10.0,0,1,14.15,2.9597,3.8889,2026-05-15,,,3.47,BULLISH,19,0.512,4.0,4.0,2,0.0,3.0,3.0,3,0.0,8.168,72.8,20.56,D_LEADERSHIP_FAILURE
SOLV,10,384,2025-05-13,2026-06-01,1,0,0,10.0,0,1,17.9,2.7344,3.7222,2026-05-22,,,3.75,BULLISH,20,0.444,4.0,4.0,2,0.0,2.0,2.0,2,0.0,9.764,72.7,20.54,D_LEADERSHIP_FAILURE
HLNE,10,384,2025-05-13,2026-06-01,1,0,0,10.0,0,1,10.79,3.3361,4.1111,2026-05-22,,,3.97,BULLISH,29,0.69,3.0,3.0,2,0.0,2.0,2.0,3,0.0,6.106,72.0,20.4,D_LEADERSHIP_FAILURE
INOD,10,384,2025-05-13,2026-06-01,1,1,1,10.0,0,1,11.56,2.9011,4.0556,2026-05-22,2026-05-22,2026-05-22,3.17,VERY_BULLISH,22,1.042,3.0,3.0,2,0.0,2.0,2.0,2,0.0,19.216,62.0,20.4,D_LEADERSHIP_FAILURE
GIB,10,384,2025-05-13,2026-06-01,1,0,0,10.0,0,1,12.53,3.2785,4.0,2026-05-22,,,3.76,VERY_BULLISH,21,0.801,3.0,3.0,2,0.0,1.0,1.0,3,0.0,6.426,70.8,20.16,D_LEADERSHIP_FAILURE
TDY,10,384,2025-05-13,2026-06-01,1,0,0,10.0,0,1,32.56,2.8725,3.3125,2026-05-15,,,4.39,BULLISH,30,0.548,4.0,4.0,1,0.0,,,0,0.0,11.883,70.6,20.12,D_LEADERSHIP_FAILURE
AEIS,10,384,2025-05-13,2026-06-01,1,1,0,10.0,0,1,38.82,2.6425,3.0556,2026-05-22,2026-05-22,,3.22,BEARISH,24,0.591,5.0,5.0,1,0.0,4.0,4.0,1,0.0,31.716,60.2,20.04,D_LEADERSHIP_FAILURE
CRNC,10,384,2025-05-13,2026-06-01,1,1,1,10.0,0,1,13.73,2.7139,3.9444,2026-05-22,2026-05-22,2026-05-22,3.09,VERY_BULLISH,16,0.72,2.0,2.0,2,0.0,3.0,3.0,2,0.0,29.329,60.1,20.02,D_LEADERSHIP_FAILURE
TILE,10,384,2025-05-13,2026-06-01,1,0,0,10.0,0,1,15.55,2.7567,3.8333,2026-05-22,,,3.66,BULLISH,28,0.738,4.0,4.0,2,0.0,3.0,3.0,2,0.0,9.543,69.8,19.96,D_LEADERSHIP_FAILURE
TNET,10,384,2025-05-13,2026-06-01,1,0,0,10.0,0,1,13.38,2.7789,3.9444,2026-05-22,,,2.73,VERY_BULLISH,15,0.799,5.0,5.0,2,0.0,1.0,1.0,2,0.0,10.024,69.0,19.8,D_LEADERSHIP_FAILURE
SAIC,10,384,2025-05-13,2026-06-01,1,0,0,10.0,0,1,29.62,2.6789,3.4444,2026-05-22,,,3.78,VERY_BULLISH,24,0.897,3.0,3.0,2,0.0,2.0,2.0,2,0.0,8.328,68.9,19.78,D_LEADERSHIP_FAILURE
TDC,10,384,2025-05-13,2026-06-01,1,0,0,10.0,0,1,16.63,3.1848,3.7778,2026-05-15,,,3.3,VERY_BULLISH,21,1.095,4.0,4.0,2,0.0,2.0,2.0,3,0.0,6.025,68.0,19.6,D_LEADERSHIP_FAILURE
SSTI,10,384,2025-05-13,2026-06-01,1,0,0,10.0,0,1,16.67,3.2517,3.7778,2026-05-22,,,3.9,BEARISH,21,0.436,1.5,2.0,2,0.707,2.0,2.0,3,0.0,6.69,67.2,19.44,D_LEADERSHIP_FAILURE
ASUR,10,384,2025-05-13,2026-06-01,1,1,0,10.0,0,1,11.06,2.9122,4.1111,2026-05-22,2026-05-22,,2.6,NEUTRAL,15,0.507,3.0,3.0,2,0.0,2.5,2.0,2,0.707,25.572,57.1,19.42,D_LEADERSHIP_FAILURE
CLAR,10,384,2025-05-13,2026-06-01,1,0,0,10.0,0,1,13.77,3.3204,3.9444,2026-05-22,,,3.27,NEUTRAL,15,0.458,2.5,2.0,2,0.707,3.0,3.0,3,0.0,6.93,66.9,19.38,D_LEADERSHIP_FAILURE
BLBD,10,384,2025-05-13,2026-06-01,1,1,1,10.0,0,1,13.15,3.155,4.0,2026-05-22,2026-05-22,2026-05-22,4.1,VERY_BULLISH,33,0.846,1.5,2.0,2,0.707,4.0,4.0,2,0.0,20.628,56.2,19.24,D_LEADERSHIP_FAILURE
RDDT,10,384,2025-05-13,2026-06-01,1,0,0,10.0,0,1,25.37,2.7011,3.5556,2026-05-22,,,3.17,NEUTRAL,17,0.49,3.0,3.0,2,0.0,2.5,3.0,2,0.707,9.295,65.4,19.08,D_LEADERSHIP_FAILURE
SLVM,10,384,2025-05-13,2026-06-01,1,0,0,10.0,0,1,23.09,2.2822,3.6111,2026-05-22,,,1.47,BEARISH,15,0.516,3.0,3.0,2,0.0,3.0,3.0,2,0.0,23.728,65.0,19.0,D_LEADERSHIP_FAILURE
UNH,10,384,2025-05-13,2026-06-01,1,0,0,10.0,0,1,25.06,2.2711,3.5556,2026-05-22,,,2.47,BULLISH,15,0.64,3.0,3.0,2,0.0,3.0,3.0,2,0.0,22.244,64.5,18.9,D_LEADERSHIP_FAILURE
AER,10,384,2025-05-13,2026-06-01,1,0,0,10.0,0,1,83.18,2.4625,2.3125,2026-05-15,,,3.23,NEUTRAL,19,0.806,3.0,3.0,1,0.0,,,0,0.0,20.837,63.5,18.7,D_LEADERSHIP_FAILURE
PRU,10,384,2025-05-13,2026-06-01,1,0,0,10.0,0,1,36.7,2.2156,3.2778,2026-05-22,,,3.53,NEUTRAL,19,0.841,2.0,2.0,2,0.0,3.0,3.0,2,0.0,21.375,62.9,18.58,D_LEADERSHIP_FAILURE
SAP,10,384,2025-05-13,2026-06-01,1,0,0,10.0,0,1,30.86,2.6678,3.3889,2026-05-22,,,3.62,BULLISH,26,0.852,3.0,3.0,2,0.0,1.5,1.0,2,0.707,8.21,62.3,18.46,D_LEADERSHIP_FAILURE
AVB,10,384,2025-05-13,2026-06-01,1,0,0,10.0,0,1,11.68,3.2896,4.0556,2026-05-22,,,2.73,BULLISH,15,1.033,3.0,3.0,2,0.0,1.33,2.0,3,0.577,8.398,61.7,18.34,D_LEADERSHIP_FAILURE
SPHR,10,384,2025-05-13,2026-06-01,1,0,0,10.0,0,1,19.72,2.2933,3.6667,2026-05-22,,,2.44,BULLISH,18,0.856,3.0,3.0,2,0.0,4.0,4.0,2,0.0,24.565,61.2,18.24,D_LEADERSHIP_FAILURE
TEX,10,384,2025-05-13,2026-06-01,1,0,0,10.0,0,1,71.69,2.5725,2.3125,2026-05-15,,,3.47,BEARISH,15,0.915,3.0,3.0,1,0.0,,,0,0.0,27.86,58.9,17.78,D_LEADERSHIP_FAILURE
ZVRA,10,384,2025-05-13,2026-06-01,1,0,0,10.0,0,1,38.86,2.45,3.0,2026-05-15,,,2.18,NEUTRAL,17,1.185,3.0,3.0,1,0.0,3.0,3.0,1,0.0,23.139,58.6,17.72,D_LEADERSHIP_FAILURE
PRTA,10,384,2025-05-13,2026-06-01,1,0,0,10.0,0,1,36.74,2.1156,3.2778,2026-05-22,,,2.74,VERY_BULLISH,16,0.855,2.0,2.0,2,0.0,3.0,3.0,2,0.0,29.813,58.5,17.7,D_LEADERSHIP_FAILURE
WTS,10,384,2025-05-13,2026-06-01,1,0,0,10.0,0,1,14.19,2.6578,3.8889,2026-05-22,,,4.07,BULLISH,27,0.814,4.0,4.0,2,0.0,3.5,3.0,2,0.707,19.165,57.2,17.44,D_LEADERSHIP_FAILURE
SSRM,10,384,2025-05-13,2026-06-01,1,0,0,10.0,0,1,15.62,2.1267,3.8333,2026-05-22,,,3.82,VERY_BULLISH,19,0.896,3.0,3.0,2,0.0,5.0,5.0,2,0.0,35.667,55.2,17.04,D_LEADERSHIP_FAILURE
AHKSY,5,367,2025-05-13,2026-05-15,0,0,0,0.0,0,0,99.96,0.3,0.75,,,,,,0,0.0,,,0,0.0,,,0,0.0,0.0,80.0,16.0,E_CONSISTENT_MID
ATEYY,5,367,2025-05-13,2026-05-15,0,0,0,0.0,0,0,99.61,0.3,0.75,,,,,,0,0.0,,,0,0.0,,,0,0.0,0.021,80.0,16.0,E_CONSISTENT_MID
BAK,5,367,2025-05-13,2026-05-15,0,0,0,0.0,0,0,99.57,0.3,0.75,,,,,,0,0.0,,,0,0.0,,,0,0.0,0.021,80.0,16.0,E_CONSISTENT_MID
DNA,2,1,2026-05-20,2026-05-21,0,0,0,0.0,0,0,25.05,3.15,3.15,,,,4,BULLISH,1,0.0,,,0,0.0,2.0,2.0,1,0.0,0.0,80.0,16.0,E_CONSISTENT_MID
DNN,5,367,2025-05-13,2026-05-15,0,0,0,0.0,0,0,99.26,0.3,0.75,,,,,,0,0.0,,,0,0.0,,,0,0.0,0.044,80.0,16.0,E_CONSISTENT_MID
MNTK,5,367,2025-05-13,2026-05-15,0,0,0,0.0,0,0,97.58,0.3,0.75,,,,,,0,0.0,,,0,0.0,,,0,0.0,0.057,80.0,16.0,E_CONSISTENT_MID
NTRP,2,1,2026-05-20,2026-05-21,0,0,0,0.0,0,0,40.51,2.4,2.4,,,,3,NEUTRAL,1,0.0,,,0,0.0,,,0,0.0,0.0,80.0,16.0,E_CONSISTENT_MID
OSS,5,367,2025-05-13,2026-05-15,0,0,0,0.0,0,0,97.27,0.3,0.75,,,,,,0,0.0,,,0,0.0,,,0,0.0,0.056,80.0,16.0,E_CONSISTENT_MID
QTTB,5,367,2025-05-13,2026-05-15,0,0,0,0.0,0,0,96.99,0.3,0.75,,,,,,0,0.0,,,0,0.0,,,0,0.0,0.055,80.0,16.0,E_CONSISTENT_MID
REFI,5,367,2025-05-13,2026-05-15,0,0,0,0.0,0,0,96.95,0.3,0.75,,,,,,0,0.0,,,0,0.0,,,0,0.0,0.055,80.0,16.0,E_CONSISTENT_MID
RWEOY,5,367,2025-05-13,2026-05-15,0,0,0,0.0,0,0,96.84,0.3,0.75,,,,,,0,0.0,,,0,0.0,,,0,0.0,0.055,80.0,16.0,E_CONSISTENT_MID
SUBCY,5,367,2025-05-13,2026-05-15,0,0,0,0.0,0,0,96.48,0.3,0.75,,,,,,0,0.0,,,0,0.0,,,0,0.0,0.082,80.0,16.0,E_CONSISTENT_MID
SZKMY,5,367,2025-05-13,2026-05-15,0,0,0,0.0,0,0,96.45,0.3,0.75,,,,,,0,0.0,,,0,0.0,,,0,0.0,0.082,80.0,16.0,E_CONSISTENT_MID
TEAD,5,367,2025-05-13,2026-05-15,0,0,0,0.0,0,0,96.37,0.3,0.75,,,,,,0,0.0,,,0,0.0,,,0,0.0,0.082,80.0,16.0,E_CONSISTENT_MID
TIMB,5,367,2025-05-13,2026-05-15,0,0,0,0.0,0,0,96.33,0.3,0.75,,,,,,0,0.0,,,0,0.0,,,0,0.0,0.082,80.0,16.0,E_CONSISTENT_MID
TPST,5,367,2025-05-13,2026-05-15,0,0,0,0.0,0,0,96.29,0.3,0.75,,,,,,0,0.0,,,0,0.0,,,0,0.0,0.086,80.0,16.0,E_CONSISTENT_MID
TSAT,5,367,2025-05-13,2026-05-15,0,0,0,0.0,0,0,96.25,0.3,0.75,,,,,,0,0.0,,,0,0.0,,,0,0.0,0.086,80.0,16.0,E_CONSISTENT_MID
USNZY,3,365,2025-05-13,2026-05-13,0,0,0,0.0,0,0,96.12,0.0,,,,,,,0,0.0,,,0,0.0,,,0,0.0,0.0,80.0,16.0,E_CONSISTENT_MID
ZIP,2,1,2026-05-20,2026-05-21,0,0,0,0.0,0,0,28.34,2.4,2.4,,,,3,NEUTRAL,1,0.0,,,0,0.0,,,0,0.0,0.0,80.0,16.0,E_CONSISTENT_MID
BCH,7,373,2025-05-13,2026-05-21,0,0,0,0.0,0,0,58.96,2.2714,2.4,,,,3,NEUTRAL,3,0.0,,,0,0.0,,,0,0.0,0.261,79.9,15.98,E_CONSISTENT_MID
DSCSY,7,373,2025-05-13,2026-05-21,0,0,0,0.0,0,0,99.39,0.4286,0.75,,,,,,0,0.0,,,0,0.0,,,0,0.0,0.142,79.9,15.98,E_CONSISTENT_MID
FSUN,3,10,2026-05-22,2026-06-01,0,0,0,0.0,0,0,96.52,1.2083,1.3125,,,,1,VERY_BEARISH,1,0.0,2.0,2.0,1,0.0,,,0,0.0,0.223,79.9,15.98,E_CONSISTENT_MID
NTIC,7,373,2025-05-13,2026-05-21,0,0,0,0.0,0,0,88.79,1.0429,1.3,,,,1,VERY_BEARISH,14,0.0,,,0,0.0,,,0,0.0,0.271,79.9,15.98,E_CONSISTENT_MID
UCBJY,4,366,2025-05-13,2026-05-14,0,0,0,0.0,0,0,96.4,0.1875,0.75,,,,8.91,VERY_BULLISH,2,0.0,,,0,0.0,,,0,0.0,0.101,79.9,15.98,E_CONSISTENT_MID
ZG,5,367,2025-05-13,2026-05-15,0,0,0,0.0,0,0,95.82,0.3,0.75,,,,13.49,VERY_BULLISH,2,0.0,,,0,0.0,,,0,0.0,0.109,79.9,15.98,E_CONSISTENT_MID
AEYE,7,373,2025-05-13,2026-05-21,0,0,0,0.0,0,0,61.88,2.2714,2.4,,,,3,NEUTRAL,14,0.0,,,0,0.0,,,0,0.0,0.391,79.8,15.96,E_CONSISTENT_MID
ALEC,7,373,2025-05-13,2026-05-21,0,0,0,0.0,0,0,61.49,2.2714,2.4,,,,3,NEUTRAL,14,0.0,,,0,0.0,,,0,0.0,0.399,79.8,15.96,E_CONSISTENT_MID
BTG,7,373,2025-05-13,2026-05-21,0,0,0,0.0,0,0,57.42,2.2714,2.4,,,,3.0,NEUTRAL,15,0.0,,,0,0.0,,,0,0.0,0.335,79.8,15.96,E_CONSISTENT_MID
CARR,10,384,2025-05-13,2026-06-01,0,0,0,0.0,0,0,56.57,2.49,3.0,,,,3,NEUTRAL,15,0.0,3.0,3.0,1,0.0,,,0,0.0,0.446,79.8,15.96,E_CONSISTENT_MID
CHT,7,373,2025-05-13,2026-05-21,0,0,0,0.0,0,0,55.89,2.2714,2.4,,,,3,NEUTRAL,14,0.0,,,0,0.0,,,0,0.0,0.35,79.8,15.96,E_CONSISTENT_MID
CPF,10,384,2025-05-13,2026-06-01,0,0,0,0.0,0,0,55.61,2.49,3.0,,,,3,NEUTRAL,15,0.0,3.0,3.0,1,0.0,,,0,0.0,0.391,79.8,15.96,E_CONSISTENT_MID
CRDF,7,373,2025-05-13,2026-05-21,0,0,0,0.0,0,0,54.64,2.2714,2.4,,,,3,NEUTRAL,14,0.0,,,0,0.0,,,0,0.0,0.392,79.8,15.96,E_CONSISTENT_MID
DAIO,7,373,2025-05-13,2026-05-21,0,0,0,0.0,0,0,93.75,1.0429,1.3,,,,1,VERY_BEARISH,14,0.0,,,0,0.0,,,0,0.0,0.386,79.8,15.96,E_CONSISTENT_MID
DAVA,7,373,2025-05-13,2026-05-21,0,0,0,0.0,0,0,93.68,1.0429,1.3,,,,1,VERY_BEARISH,14,0.0,,,0,0.0,,,0,0.0,0.406,79.8,15.96,E_CONSISTENT_MID
GENC,7,373,2025-05-13,2026-05-21,0,0,0,0.0,0,0,49.32,2.2714,2.4,,,,3,NEUTRAL,14,0.0,,,0,0.0,,,0,0.0,0.447,79.8,15.96,E_CONSISTENT_MID
GNSS,7,373,2025-05-13,2026-05-21,0,0,0,0.0,0,0,49.0,2.2714,2.4,,,,3,NEUTRAL,14,0.0,,,0,0.0,,,0,0.0,0.468,79.8,15.96,E_CONSISTENT_MID
GOSS,7,373,2025-05-13,2026-05-21,0,0,0,0.0,0,0,48.86,2.2714,2.4,,,,3,NEUTRAL,14,0.0,,,0,0.0,,,0,0.0,0.474,79.8,15.96,E_CONSISTENT_MID
MURGY,7,373,2025-05-13,2026-05-21,0,0,0,0.0,0,0,98.25,0.4286,0.75,,,,,,0,0.0,,,0,0.0,,,0,0.0,0.336,79.8,15.96,E_CONSISTENT_MID
NB,7,373,2025-05-13,2026-05-21,0,0,0,0.0,0,0,98.22,0.4286,0.75,,,,5.0,VERY_BULLISH,2,0.0,,,0,0.0,,,0,0.0,0.338,79.8,15.96,E_CONSISTENT_MID
PESI,7,373,2025-05-13,2026-05-21,0,0,0,0.0,0,0,88.08,1.0429,1.3,,,,1,VERY_BEARISH,12,0.0,,,0,0.0,,,0,0.0,0.353,79.8,15.96,E_CONSISTENT_MID
PETS,7,373,2025-05-13,2026-05-21,0,0,0,0.0,0,0,38.51,2.2714,2.4,,,,3,NEUTRAL,12,0.0,,,0,0.0,,,0,0.0,0.381,79.8,15.96,E_CONSISTENT_MID
SB,7,373,2025-05-13,2026-05-21,0,0,0,0.0,0,0,35.3,2.2714,2.4,,,,3,NEUTRAL,14,0.0,,,0,0.0,,,0,0.0,0.451,79.8,15.96,E_CONSISTENT_MID
SIBN,7,373,2025-05-13,2026-05-21,0,0,0,0.0,0,0,66.81,1.6571,1.85,,,,2,BEARISH,14,0.0,,,0,0.0,,,0,0.0,0.469,79.8,15.96,E_CONSISTENT_MID
SLNO,5,367,2025-05-13,2026-05-15,0,0,0,0.0,0,0,67.5,1.58,1.85,,,,2,BEARISH,13,0.0,,,0,0.0,,,0,0.0,0.357,79.8,15.96,E_CONSISTENT_MID
STXS,7,373,2025-05-13,2026-05-21,0,0,0,0.0,0,0,66.1,1.6571,1.85,,,,2,BEARISH,14,0.0,,,0,0.0,,,0,0.0,0.425,79.8,15.96,E_CONSISTENT_MID
TDW,7,373,2025-05-13,2026-05-21,0,0,0,0.0,0,0,97.54,0.4286,0.75,,,,,,0,0.0,,,0,0.0,,,0,0.0,0.5,79.8,15.96,E_CONSISTENT_MID
BCPC,10,384,2025-05-13,2026-06-01,0,0,0,0.0,0,0,57.77,2.49,3.0,,,,3,NEUTRAL,17,0.0,3.0,3.0,1,0.0,,,0,0.0,0.687,79.7,15.94,E_CONSISTENT_MID
BLND,5,12,2026-05-20,2026-06-01,0,0,0,0.0,0,0,57.35,2.76,3.0,,,,3,NEUTRAL,2,0.0,3.0,3.0,1,0.0,,,0,0.0,0.624,79.7,15.94,E_CONSISTENT_MID
HBIO,7,373,2025-05-13,2026-05-21,0,0,0,0.0,0,0,48.18,2.2714,2.4,,,,3,NEUTRAL,14,0.0,,,0,0.0,,,0,0.0,0.501,79.7,15.94,E_CONSISTENT_MID
LOVE,7,373,2025-05-13,2026-05-21,0,0,0,0.0,0,0,43.68,2.2714,2.4,,,,3,NEUTRAL,14,0.0,,,0,0.0,,,0,0.0,0.579,79.7,15.94,E_CONSISTENT_MID
STM,7,373,2025-05-13,2026-05-21,0,0,0,0.0,0,0,33.44,2.2714,2.4,,,,3,NEUTRAL,14,0.0,,,0,0.0,,,0,0.0,0.513,79.7,15.94,E_CONSISTENT_MID
TTNDY,7,373,2025-05-13,2026-05-21,0,0,0,0.0,0,0,97.5,0.4286,0.75,,,,,,0,0.0,3.0,3.0,1,0.0,,,0,0.0,0.59,79.7,15.94,E_CONSISTENT_MID
ALLT,7,373,2025-05-13,2026-05-21,0,0,0,0.0,0,0,82.91,1.6571,1.85,,,,2,BEARISH,14,0.0,,,0,0.0,,,0,0.0,0.868,79.6,15.92,E_CONSISTENT_MID
BBCP,10,384,2025-05-13,2026-06-01,0,0,0,0.0,0,0,57.89,2.49,3.0,,,,3,NEUTRAL,15,0.0,3.0,3.0,1,0.0,,,0,0.0,0.738,79.6,15.92,E_CONSISTENT_MID
FCPT,10,384,2025-05-13,2026-06-01,0,0,0,0.0,0,0,52.98,2.49,3.0,,,,3,NEUTRAL,15,0.0,3.0,3.0,1,0.0,,,0,0.0,0.75,79.6,15.92,E_CONSISTENT_MID
VYGR,10,384,2025-05-13,2026-06-01,0,0,0,0.0,0,0,31.9,2.5525,3.3125,,,,3,NEUTRAL,15,0.0,4.0,4.0,1,0.0,,,0,0.0,0.797,79.6,15.92,E_CONSISTENT_MID
EGP,10,384,2025-05-13,2026-06-01,0,0,0,0.0,0,0,24.17,3.1691,3.6111,,,,4,BULLISH,16,0.0,3.0,3.0,2,0.0,3.0,3.0,3,0.0,1.04,79.5,15.9,E_CONSISTENT_MID
EVCM,5,12,2026-05-20,2026-06-01,0,0,0,0.0,0,0,53.29,2.76,3.0,,,,3,NEUTRAL,2,0.0,3.0,3.0,1,0.0,,,0,0.0,0.953,79.5,15.9,E_CONSISTENT_MID
ASTS,5,12,2026-05-20,2026-06-01,0,0,0,0.0,0,0,97.41,1.245,1.3125,,,,1,VERY_BEARISH,2,0.0,2.0,2.0,1,0.0,,,0,0.0,1.173,79.4,15.88,E_CONSISTENT_MID
AVTX,3,10,2026-05-22,2026-06-01,0,0,0,0.0,0,0,58.2,3.0,3.0,,,,3,NEUTRAL,1,0.0,3.0,3.0,1,0.0,,,0,0.0,1.206,79.4,15.88,E_CONSISTENT_MID
CSGP,10,384,2025-05-13,2026-06-01,0,0,0,0.0,0,0,93.62,1.155,1.625,,,,1,VERY_BEARISH,15,0.0,3.0,3.0,1,0.0,,,0,0.0,1.2,79.4,15.88,E_CONSISTENT_MID
FRST,5,12,2026-05-20,2026-06-01,0,0,0,0.0,0,0,52.55,2.76,3.0,,,,3,NEUTRAL,2,0.0,3.0,3.0,1,0.0,,,0,0.0,1.246,79.4,15.88,E_CONSISTENT_MID
GBCI,10,384,2025-05-13,2026-06-01,0,0,0,0.0,0,0,92.96,1.155,1.625,,,,1,VERY_BEARISH,15,0.0,3.0,3.0,1,0.0,,,0,0.0,1.197,79.4,15.88,E_CONSISTENT_MID
GWRS,10,384,2025-05-13,2026-06-01,0,0,0,0.0,0,0,92.73,1.155,1.625,,,,1,VERY_BEARISH,15,0.0,3.0,3.0,1,0.0,,,0,0.0,1.195,79.4,15.88,E_CONSISTENT_MID
INSM,10,384,2025-05-13,2026-06-01,0,0,0,0.0,0,0,92.38,1.155,1.625,,,,1,VERY_BEARISH,15,0.0,3.0,3.0,1,0.0,,,0,0.0,1.225,79.4,15.88,E_CONSISTENT_MID
KTOS,10,384,2025-05-13,2026-06-01,0,0,0,0.0,0,0,92.15,1.155,1.625,,,,1,VERY_BEARISH,15,0.0,3.0,3.0,1,0.0,,,0,0.0,1.266,79.4,15.88,E_CONSISTENT_MID
MDWD,10,384,2025-05-13,2026-06-01,0,0,0,0.0,0,0,91.72,1.155,1.625,,,,1,VERY_BEARISH,15,0.0,3.0,3.0,1,0.0,,,0,0.0,1.287,79.4,15.88,E_CONSISTENT_MID
ROIV,10,384,2025-05-13,2026-06-01,0,0,0,0.0,0,0,87.86,1.2175,1.9375,,,,1,VERY_BEARISH,15,0.0,4.0,4.0,1,0.0,,,0,0.0,1.251,79.4,15.88,E_CONSISTENT_MID
SI,10,384,2025-05-13,2026-06-01,0,0,0,0.0,0,0,87.78,1.2175,1.9375,,,,1,VERY_BEARISH,15,0.0,4.0,4.0,1,0.0,,,0,0.0,1.277,79.4,15.88,E_CONSISTENT_MID
TRU,10,384,2025-05-13,2026-06-01,0,0,0,0.0,0,0,66.36,1.885,2.625,,,,2,BEARISH,15,0.0,4.0,4.0,1,0.0,,,0,0.0,1.286,79.4,15.88,E_CONSISTENT_MID
ARES,10,384,2025-05-13,2026-06-01,0,0,0,0.0,0,0,94.55,1.155,1.625,,,,1,VERY_BEARISH,15,0.0,3.0,3.0,1,0.0,,,0,0.0,1.387,79.3,15.86,E_CONSISTENT_MID
BWIN,5,12,2026-05-20,2026-06-01,0,0,0,0.0,0,0,97.18,1.245,1.3125,,,,1,VERY_BEARISH,2,0.0,2.0,2.0,1,0.0,,,0,0.0,1.321,79.3,15.86,E_CONSISTENT_MID
CERT,10,384,2025-05-13,2026-06-01,0,0,0,0.0,0,0,80.78,1.8225,2.3125,,,,2,BEARISH,15,0.0,3.0,3.0,1,0.0,,,0,0.0,1.376,79.3,15.86,E_CONSISTENT_MID
CPRI,10,384,2025-05-13,2026-06-01,0,0,0,0.0,0,0,80.36,1.8225,2.3125,,,,2,BEARISH,15,0.0,3.0,3.0,1,0.0,,,0,0.0,1.362,79.3,15.86,E_CONSISTENT_MID
CV,3,10,2026-05-22,2026-06-01,0,0,0,0.0,0,0,99.57,1.0,1.0,,,,1,VERY_BEARISH,1,0.0,,,0,0.0,,,0,0.0,1.384,79.3,15.86,E_CONSISTENT_MID
DHR,10,384,2025-05-13,2026-06-01,0,0,0,0.0,0,0,79.54,1.8225,2.3125,,,,2.0,BEARISH,16,0.005,3.0,3.0,1,0.0,,,0,0.0,1.352,79.3,15.86,E_CONSISTENT_MID
EOLS,10,384,2025-05-13,2026-06-01,0,0,0,0.0,0,0,79.04,1.8225,2.3125,,,,2,BEARISH,15,0.0,3.0,3.0,1,0.0,,,0,0.0,1.366,79.3,15.86,E_CONSISTENT_MID
EOSE,5,12,2026-05-20,2026-06-01,0,0,0,0.0,0,0,93.23,1.37,1.625,,,,1,VERY_BEARISH,2,0.0,3.0,3.0,1,0.0,,,0,0.0,1.49,79.3,15.86,E_CONSISTENT_MID
EVH,10,384,2025-05-13,2026-06-01,0,0,0,0.0,0,0,78.85,1.8225,2.3125,,,,2,BEARISH,15,0.0,3.0,3.0,1,0.0,,,0,0.0,1.402,79.3,15.86,E_CONSISTENT_MID
EXPO,10,384,2025-05-13,2026-06-01,0,0,0,0.0,0,0,78.69,1.8225,2.3125,,,,2,BEARISH,15,0.0,3.0,3.0,1,0.0,,,0,0.0,1.383,79.3,15.86,E_CONSISTENT_MID
EYPT,5,12,2026-05-20,2026-06-01,0,0,0,0.0,0,0,93.19,1.37,1.625,,,,1,VERY_BEARISH,2,0.0,3.0,3.0,1,0.0,,,0,0.0,1.498,79.3,15.86,E_CONSISTENT_MID
FWRG,5,12,2026-05-20,2026-06-01,0,0,0,0.0,0,0,52.44,2.76,3.0,,,,3,NEUTRAL,2,0.0,3.0,3.0,1,0.0,,,0,0.0,1.367,79.3,15.86,E_CONSISTENT_MID
GBTG,5,12,2026-05-20,2026-06-01,0,0,0,0.0,0,0,52.4,2.76,3.0,,,,3,NEUTRAL,2,0.0,3.0,3.0,1,0.0,,,0,0.0,1.421,79.3,15.86,E_CONSISTENT_MID
GDRX,5,12,2026-05-20,2026-06-01,0,0,0,0.0,0,0,52.24,2.76,3.0,,,,3,NEUTRAL,2,0.0,3.0,3.0,1,0.0,,,0,0.0,1.431,79.3,15.86,E_CONSISTENT_MID
HASI,10,384,2025-05-13,2026-06-01,0,0,0,0.0,0,0,77.46,1.8225,2.3125,,,,2,BEARISH,15,0.0,3.0,3.0,1,0.0,,,0,0.0,1.4,79.3,15.86,E_CONSISTENT_MID
HBAN,10,384,2025-05-13,2026-06-01,0,0,0,0.0,0,0,77.42,1.8225,2.3125,,,,2,BEARISH,15,0.0,3.0,3.0,1,0.0,,,0,0.0,1.4,79.3,15.86,E_CONSISTENT_MID
HD,10,384,2025-05-13,2026-06-01,0,0,0,0.0,0,0,77.38,1.8225,2.3125,,,,2,BEARISH,15,0.0,3.0,3.0,1,0.0,,,0,0.0,1.399,79.3,15.86,E_CONSISTENT_MID
IBOC,10,384,2025-05-13,2026-06-01,0,0,0,0.0,0,0,50.93,2.49,3.0,,,,3,NEUTRAL,15,0.0,,,0,0.0,,,0,0.0,1.433,79.3,15.86,E_CONSISTENT_MID
ICUI,10,384,2025-05-13,2026-06-01,0,0,0,0.0,0,0,50.89,2.49,3.0,,,,3,NEUTRAL,16,0.0,3.0,3.0,1,0.0,,,0,0.0,1.47,79.3,15.86,E_CONSISTENT_MID
KMTS,5,12,2026-05-20,2026-06-01,0,0,0,0.0,0,0,92.19,1.37,1.625,,,,1,VERY_BEARISH,2,0.0,3.0,3.0,1,0.0,,,0,0.0,1.443,79.3,15.86,E_CONSISTENT_MID
MFA,7,373,2025-05-13,2026-05-21,0,0,0,0.0,0,0,20.02,2.9571,3.2,,,,4,BULLISH,17,0.0,,,0,0.0,3.0,3.0,1,0.0,1.474,79.3,15.86,E_CONSISTENT_MID
SMA,5,12,2026-05-20,2026-06-01,0,0,0,0.0,0,0,32.75,2.885,3.3125,,,,3,NEUTRAL,2,0.0,4.0,4.0,1,0.0,,,0,0.0,1.33,79.3,15.86,E_CONSISTENT_MID
ACRS,10,384,2025-05-13,2026-06-01,0,0,0,0.0,0,0,83.37,1.8225,2.3125,,,,2,BEARISH,15,0.0,3.0,3.0,1,0.0,,,0,0.0,1.613,79.2,15.84,E_CONSISTENT_MID
AXSM,10,384,2025-05-13,2026-06-01,0,0,0,0.0,0,0,82.25,1.8225,2.3125,,,,2,BEARISH,15,0.0,3.0,3.0,1,0.0,,,0,0.0,1.529,79.2,15.84,E_CONSISTENT_MID
CDRE,5,12,2026-05-20,2026-06-01,0,0,0,0.0,0,0,94.12,1.37,1.625,,,,1,VERY_BEARISH,2,0.0,3.0,3.0,1,0.0,,,0,0.0,1.658,79.2,15.84,E_CONSISTENT_MID
CDZI,10,384,2025-05-13,2026-06-01,0,0,0,0.0,0,0,97.02,1.0925,1.3125,,,,1,VERY_BEARISH,15,0.0,2.0,2.0,1,0.0,,,0,0.0,1.503,79.2,15.84,E_CONSISTENT_MID
CLBK,10,384,2025-05-13,2026-06-01,0,0,0,0.0,0,0,96.95,1.0925,1.3125,,,,1,VERY_BEARISH,15,0.0,2.0,2.0,1,0.0,,,0,0.0,1.527,79.2,15.84,E_CONSISTENT_MID
GTLB,5,12,2026-05-20,2026-06-01,0,0,0,0.0,0,0,51.7,2.76,3.0,,,,3,NEUTRAL,2,0.0,3.0,3.0,1,0.0,,,0,0.0,1.583,79.2,15.84,E_CONSISTENT_MID
ALCO,10,384,2025-05-13,2026-06-01,0,0,0,0.0,0,0,87.43,1.76,2.0,,,,2,BEARISH,15,0.0,2.0,2.0,1,0.0,,,0,0.0,1.825,79.1,15.82,E_CONSISTENT_MID
AVR,5,12,2026-05-20,2026-06-01,0,0,0,0.0,0,0,94.35,1.37,1.625,,,,1,VERY_BEARISH,2,0.0,3.0,3.0,1,0.0,,,0,0.0,1.881,79.1,15.82,E_CONSISTENT_MID
CZR,10,384,2025-05-13,2026-06-01,0,0,0,0.0,0,0,96.67,1.0925,1.3125,,,,1,VERY_BEARISH,15,0.0,2.0,2.0,1,0.0,,,0,0.0,1.709,79.1,15.82,E_CONSISTENT_MID
DRI,10,384,2025-05-13,2026-06-01,0,0,0,0.0,0,0,54.18,2.49,3.0,,,,3.02,NEUTRAL,16,0.068,3.0,3.0,1,0.0,,,0,0.0,0.512,79.1,15.82,E_CONSISTENT_MID
GBFH,3,10,2026-05-22,2026-06-01,0,0,0,0.0,0,0,99.19,1.0,1.0,,,,1,VERY_BEARISH,1,0.0,1.0,1.0,1,0.0,,,0,0.0,1.853,79.1,15.82,E_CONSISTENT_MID
HLMN,5,12,2026-05-20,2026-06-01,0,0,0,0.0,0,0,51.43,2.76,3.0,,,,3,NEUTRAL,2,0.0,3.0,3.0,1,0.0,,,0,0.0,1.858,79.1,15.82,E_CONSISTENT_MID
MKC,10,384,2025-05-13,2026-06-01,0,0,0,0.0,0,0,75.21,1.8225,2.3125,,,,2,BEARISH,15,0.0,3.0,3.0,1,0.0,,,0,0.0,1.722,79.1,15.82,E_CONSISTENT_MID
NU,10,384,2025-05-13,2026-06-01,0,0,0,0.0,0,0,74.44,1.8225,2.3125,,,,2,BEARISH,15,0.0,3.0,3.0,1,0.0,,,0,0.0,1.873,79.1,15.82,E_CONSISTENT_MID
PENN,10,384,2025-05-13,2026-06-01,0,0,0,0.0,0,0,73.7,1.8225,2.3125,,,,2,BEARISH,15,0.0,3.0,3.0,1,0.0,,,0,0.0,1.837,79.1,15.82,E_CONSISTENT_MID
RBLX,10,384,2025-05-13,2026-06-01,0,0,0,0.0,0,0,91.11,1.155,1.625,,,,1,VERY_BEARISH,15,0.0,3.0,3.0,1,0.0,,,0,0.0,1.73,79.1,15.82,E_CONSISTENT_MID
RDNT,10,384,2025-05-13,2026-06-01,0,0,0,0.0,0,0,91.07,1.155,1.625,,,,1,VERY_BEARISH,15,0.0,3.0,3.0,1,0.0,,,0,0.0,1.738,79.1,15.82,E_CONSISTENT_MID
SERV,10,384,2025-05-13,2026-06-01,0,0,0,0.0,0,0,90.72,1.155,1.625,,,,1,VERY_BEARISH,15,0.0,3.0,3.0,1,0.0,,,0,0.0,1.804,79.1,15.82,E_CONSISTENT_MID
ALMS,5,12,2026-05-20,2026-06-01,0,0,0,0.0,0,0,94.66,1.37,1.625,,,,1,VERY_BEARISH,2,0.0,3.0,3.0,1,0.0,,,0,0.0,2.025,79.0,15.8,E_CONSISTENT_MID
BRSP,5,12,2026-05-20,2026-06-01,0,0,0,0.0,0,0,81.52,2.065,2.3125,,,,2,BEARISH,2,0.0,3.0,3.0,1,0.0,,,0,0.0,2.081,79.0,15.8,E_CONSISTENT_MID
CTEV,3,10,2026-05-22,2026-06-01,0,0,0,0.0,0,0,80.09,2.2083,2.3125,,,,2,BEARISH,1,0.0,3.0,3.0,1,0.0,,,0,0.0,2.032,79.0,15.8,E_CONSISTENT_MID
FBRT,5,12,2026-05-20,2026-06-01,0,0,0,0.0,0,0,96.6,1.245,1.3125,,,,1,VERY_BEARISH,2,0.0,2.0,2.0,1,0.0,,,0,0.0,1.908,79.0,15.8,E_CONSISTENT_MID
HTB,5,12,2026-05-20,2026-06-01,0,0,0,0.0,0,0,51.2,2.76,3.0,,,,3,NEUTRAL,2,0.0,3.0,3.0,1,0.0,,,0,0.0,1.973,79.0,15.8,E_CONSISTENT_MID
IE,5,12,2026-05-20,2026-06-01,0,0,0,0.0,0,0,50.81,2.76,3.0,,,,3,NEUTRAL,2,0.0,3.0,3.0,1,0.0,,,0,0.0,2.067,79.0,15.8,E_CONSISTENT_MID
LGND,10,384,2025-05-13,2026-06-01,0,0,0,0.0,0,0,49.46,2.49,3.0,,,,3,NEUTRAL,15,0.0,,,0,0.0,,,0,0.0,1.95,79.0,15.8,E_CONSISTENT_MID
LULU,10,384,2025-05-13,2026-06-01,0,0,0,0.0,0,0,48.99,2.49,3.0,,,,3,NEUTRAL,16,0.0,3.0,3.0,1,0.0,,,0,0.0,2.039,79.0,15.8,E_CONSISTENT_MID
MAC,10,384,2025-05-13,2026-06-01,0,0,0,0.0,0,0,48.84,2.49,3.0,,,,3,NEUTRAL,15,0.0,3.0,3.0,1,0.0,,,0,0.0,2.097,79.0,15.8,E_CONSISTENT_MID
PRCT,5,12,2026-05-20,2026-06-01,0,0,0,0.0,0,0,91.18,1.37,1.625,,,,1,VERY_BEARISH,2,0.0,3.0,3.0,1,0.0,,,0,0.0,2.07,79.0,15.8,E_CONSISTENT_MID
RDY,7,373,2025-05-13,2026-05-21,0,0,0,0.0,0,0,14.78,2.9714,3.25,,,,3.99,BULLISH,19,0.043,,,0,0.0,3.0,3.0,1,0.0,1.047,79.0,15.8,E_CONSISTENT_MID
RS,10,384,2025-05-13,2026-06-01,0,0,0,0.0,0,0,14.39,3.2424,3.8889,,,,4,BULLISH,16,0.0,4.0,4.0,2,0.0,3.0,3.0,3,0.0,1.983,79.0,15.8,E_CONSISTENT_MID
RSI,5,12,2026-05-20,2026-06-01,0,0,0,0.0,0,0,32.87,2.885,3.3125,,,,3,NEUTRAL,2,0.0,4.0,4.0,1,0.0,,,0,0.0,2.062,79.0,15.8,E_CONSISTENT_MID
WIX,10,384,2025-05-13,2026-06-01,0,0,0,0.0,0,0,89.71,1.155,1.625,,,,1,VERY_BEARISH,15,0.0,3.0,3.0,1,0.0,,,0,0.0,2.01,79.0,15.8,E_CONSISTENT_MID
WPRT,10,384,2025-05-13,2026-06-01,0,0,0,0.0,0,0,89.68,1.155,1.625,,,,1,VERY_BEARISH,15,0.0,3.0,3.0,1,0.0,,,0,0.0,2.025,79.0,15.8,E_CONSISTENT_MID
ACVA,5,12,2026-05-20,2026-06-01,0,0,0,0.0,0,0,83.33,2.065,2.3125,,,,2,BEARISH,2,0.0,3.0,3.0,1,0.0,,,0,0.0,2.273,78.9,15.78,E_CONSISTENT_MID
BETA,5,12,2026-05-20,2026-06-01,0,0,0,0.0,0,0,81.86,2.065,2.3125,,,,2,BEARISH,2,0.0,3.0,3.0,1,0.0,,,0,0.0,2.121,78.9,15.78,E_CONSISTENT_MID
BOC,5,12,2026-05-20,2026-06-01,0,0,0,0.0,0,0,99.73,1.12,1.0,,,,1,VERY_BEARISH,2,0.0,,,0,0.0,,,0,0.0,2.133,78.9,15.78,E_CONSISTENT_MID
BTBT,5,12,2026-05-20,2026-06-01,0,0,0,0.0,0,0,99.65,1.12,1.0,,,,1,VERY_BEARISH,2,0.0,1.0,1.0,1,0.0,,,0,0.0,2.168,78.9,15.78,E_CONSISTENT_MID
INDI,5,12,2026-05-20,2026-06-01,0,0,0,0.0,0,0,50.66,2.76,3.0,,,,3,NEUTRAL,2,0.0,3.0,3.0,1,0.0,,,0,0.0,2.114,78.9,15.78,E_CONSISTENT_MID
INNV,5,12,2026-05-20,2026-06-01,0,0,0,0.0,0,0,50.62,2.76,3.0,,,,3,NEUTRAL,2,0.0,3.0,3.0,1,0.0,,,0,0.0,2.166,78.9,15.78,E_CONSISTENT_MID
PXED,5,12,2026-05-20,2026-06-01,0,0,0,0.0,0,0,27.73,3.3985,3.5,,,,4,BULLISH,2,0.0,3.0,3.0,2,0.0,2.0,2.0,3,0.0,2.213,78.9,15.78,E_CONSISTENT_MID
RCAT,3,10,2026-05-22,2026-06-01,0,0,0,0.0,0,0,95.48,1.2083,1.3125,,,,1,VERY_BEARISH,1,0.0,2.0,2.0,1,0.0,,,0,0.0,2.143,78.9,15.78,E_CONSISTENT_MID
AMAL,5,12,2026-05-20,2026-06-01,0,0,0,0.0,0,0,65.85,2.635,2.6875,,,,3,NEUTRAL,2,0.0,2.0,2.0,1,0.0,,,0,0.0,2.474,78.8,15.76,E_CONSISTENT_MID
AMBQ,5,12,2026-05-20,2026-06-01,0,0,0,0.0,0,0,82.83,2.065,2.3125,,,,2,BEARISH,2,0.0,3.0,3.0,1,0.0,,,0,0.0,2.307,78.8,15.76,E_CONSISTENT_MID
AMPX,5,12,2026-05-20,2026-06-01,0,0,0,0.0,0,0,82.71,2.065,2.3125,,,,2,BEARISH,2,0.0,3.0,3.0,1,0.0,,,0,0.0,2.305,78.8,15.76,E_CONSISTENT_MID
CATX,3,10,2026-05-22,2026-06-01,0,0,0,0.0,0,0,81.17,2.2083,2.3125,,,,2,BEARISH,1,0.0,3.0,3.0,1,0.0,,,0,0.0,2.3,78.8,15.76,E_CONSISTENT_MID
GYRE,5,12,2026-05-20,2026-06-01,0,0,0,0.0,0,0,96.44,1.245,1.3125,,,,1,VERY_BEARISH,2,0.0,2.0,2.0,1,0.0,,,0,0.0,2.303,78.8,15.76,E_CONSISTENT_MID
IOT,5,12,2026-05-20,2026-06-01,0,0,0,0.0,0,0,50.5,2.76,3.0,,,,3,NEUTRAL,2,0.0,3.0,3.0,1,0.0,,,0,0.0,2.305,78.8,15.76,E_CONSISTENT_MID
MRSH,10,384,2025-05-13,2026-06-01,0,0,0,0.0,0,0,48.03,2.49,3.0,,,,3,NEUTRAL,15,0.0,3.0,3.0,1,0.0,,,0,0.0,2.32,78.8,15.76,E_CONSISTENT_MID
MSA,10,384,2025-05-13,2026-06-01,0,0,0,0.0,0,0,67.36,1.885,2.625,,,,2,BEARISH,15,0.0,4.0,4.0,1,0.0,,,0,0.0,2.402,78.8,15.76,E_CONSISTENT_MID
NDAQ,10,384,2025-05-13,2026-06-01,0,0,0,0.0,0,0,47.6,2.49,3.0,,,,3,NEUTRAL,15,0.0,3.0,3.0,1,0.0,,,0,0.0,2.419,78.8,15.76,E_CONSISTENT_MID
OLPX,5,12,2026-05-20,2026-06-01,0,0,0,0.0,0,0,74.05,2.065,2.3125,,,,2,BEARISH,2,0.0,3.0,3.0,1,0.0,,,0,0.0,2.342,78.8,15.76,E_CONSISTENT_MID
OMDA,5,12,2026-05-20,2026-06-01,0,0,0,0.0,0,0,74.01,2.065,2.3125,,,,2,BEARISH,2,0.0,3.0,3.0,1,0.0,,,0,0.0,2.36,78.8,15.76,E_CONSISTENT_MID
RELY,5,12,2026-05-20,2026-06-01,0,0,0,0.0,0,0,32.99,2.885,3.3125,,,,3,NEUTRAL,2,0.0,4.0,4.0,1,0.0,,,0,0.0,2.381,78.8,15.76,E_CONSISTENT_MID
SPIR,5,12,2026-05-20,2026-06-01,0,0,0,0.0,0,0,90.45,1.37,1.625,,,,1,VERY_BEARISH,2,0.0,3.0,3.0,1,0.0,,,0,0.0,2.382,78.8,15.76,E_CONSISTENT_MID
AVBH,3,10,2026-05-22,2026-06-01,0,0,0,0.0,0,0,94.39,1.4167,1.625,,,,1,VERY_BEARISH,1,0.0,3.0,3.0,1,0.0,,,0,0.0,2.679,78.7,15.74,E_CONSISTENT_MID
AVPT,5,12,2026-05-20,2026-06-01,0,0,0,0.0,0,0,27.03,3.4561,3.5556,,,,4,BULLISH,2,0.0,3.0,3.0,2,0.0,3.0,3.0,3,0.0,2.504,78.7,15.74,E_CONSISTENT_MID
INTA,5,12,2026-05-20,2026-06-01,0,0,0,0.0,0,0,96.29,1.245,1.3125,,,,1,VERY_BEARISH,2,0.0,2.0,2.0,1,0.0,,,0,0.0,2.54,78.7,15.74,E_CONSISTENT_MID
KLC,5,12,2026-05-20,2026-06-01,0,0,0,0.0,0,0,49.92,2.76,3.0,,,,3,NEUTRAL,2,0.0,3.0,3.0,1,0.0,,,0,0.0,2.54,78.7,15.74,E_CONSISTENT_MID
MGM,10,384,2025-05-13,2026-06-01,0,0,0,0.0,0,0,48.49,2.49,3.0,,,,2.99,NEUTRAL,16,0.022,3.0,3.0,1,0.0,,,0,0.0,2.258,78.7,15.74,E_CONSISTENT_MID
MRVL,10,384,2025-05-13,2026-06-01,0,0,0,0.0,0,0,47.91,2.49,3.0,,,,3.0,NEUTRAL,17,0.01,3.0,3.0,1,0.0,,,0,0.0,2.314,78.7,15.74,E_CONSISTENT_MID
PRME,5,12,2026-05-20,2026-06-01,0,0,0,0.0,0,0,73.55,2.065,2.3125,,,,2,BEARISH,2,0.0,3.0,3.0,1,0.0,,,0,0.0,2.544,78.7,15.74,E_CONSISTENT_MID
TEM,5,12,2026-05-20,2026-06-01,0,0,0,0.0,0,0,90.29,1.37,1.625,,,,1,VERY_BEARISH,2,0.0,3.0,3.0,1,0.0,,,0,0.0,2.51,78.7,15.74,E_CONSISTENT_MID
UAMY,5,12,2026-05-20,2026-06-01,0,0,0,0.0,0,0,90.06,1.37,1.625,,,,1,VERY_BEARISH,2,0.0,3.0,3.0,1,0.0,,,0,0.0,2.57,78.7,15.74,E_CONSISTENT_MID
VCEL,10,384,2025-05-13,2026-06-01,0,0,0,0.0,0,0,70.69,1.8225,2.3125,,,,2,BEARISH,15,0.0,3.0,3.0,1,0.0,,,0,0.0,2.628,78.7,15.74,E_CONSISTENT_MID
VOYG,5,12,2026-05-20,2026-06-01,0,0,0,0.0,0,0,89.83,1.37,1.625,,,,1,VERY_BEARISH,2,0.0,3.0,3.0,1,0.0,,,0,0.0,2.638,78.7,15.74,E_CONSISTENT_MID
VRSK,10,384,2025-05-13,2026-06-01,0,0,0,0.0,0,0,70.38,1.8225,2.3125,,,,2,BEARISH,15,0.0,3.0,3.0,1,0.0,,,0,0.0,2.584,78.7,15.74,E_CONSISTENT_MID
W,10,384,2025-05-13,2026-06-01,0,0,0,0.0,0,0,70.34,1.8225,2.3125,,,,2,BEARISH,15,0.0,3.0,3.0,1,0.0,,,0,0.0,2.606,78.7,15.74,E_CONSISTENT_MID
WDFC,10,384,2025-05-13,2026-06-01,0,0,0,0.0,0,0,70.19,1.8225,2.3125,,,,2,BEARISH,15,0.0,3.0,3.0,1,0.0,,,0,0.0,2.592,78.7,15.74,E_CONSISTENT_MID
WVE,10,384,2025-05-13,2026-06-01,0,0,0,0.0,0,0,69.8,1.8225,2.3125,,,,2,BEARISH,15,0.0,3.0,3.0,1,0.0,,,0,0.0,2.579,78.7,15.74,E_CONSISTENT_MID
YEXT,10,384,2025-05-13,2026-06-01,0,0,0,0.0,0,0,69.64,1.8225,2.3125,,,,2,BEARISH,15,0.0,3.0,3.0,1,0.0,,,0,0.0,2.638,78.7,15.74,E_CONSISTENT_MID
ACDC,5,12,2026-05-20,2026-06-01,0,0,0,0.0,0,0,19.14,3.5935,3.7222,,,,4,BULLISH,2,0.0,3.0,3.0,2,0.0,4.0,4.0,3,0.0,2.791,78.6,15.72,E_CONSISTENT_MID
BBAI,5,12,2026-05-20,2026-06-01,0,0,0,0.0,0,0,87.12,1.94,2.0,,,,2,BEARISH,2,0.0,2.0,2.0,1,0.0,,,0,0.0,2.889,78.6,15.72,E_CONSISTENT_MID
DFH,10,384,2025-05-13,2026-06-01,0,0,0,0.0,0,0,99.5,1.03,1.0,,,,1,VERY_BEARISH,15,0.0,,,0,0.0,,,0,0.0,2.764,78.6,15.72,E_CONSISTENT_MID
EFOR,10,384,2025-05-13,2026-06-01,0,0,0,0.0,0,0,99.38,1.03,1.0,,,,1,VERY_BEARISH,9,0.0,1.0,1.0,1,0.0,,,0,0.0,2.819,78.6,15.72,E_CONSISTENT_MID
FEIM,10,384,2025-05-13,2026-06-01,0,0,0,0.0,0,0,99.34,1.03,1.0,,,,1,VERY_BEARISH,15,0.0,,,0,0.0,,,0,0.0,2.887,78.6,15.72,E_CONSISTENT_MID
OUST,5,12,2026-05-20,2026-06-01,0,0,0,0.0,0,0,67.09,2.19,2.625,,,,2,BEARISH,2,0.0,4.0,4.0,1,0.0,,,0,0.0,2.811,78.6,15.72,E_CONSISTENT_MID
PB,10,384,2025-05-13,2026-06-01,0,0,0,0.0,0,0,45.9,2.49,3.0,,,,3,NEUTRAL,15,0.0,3.0,3.0,1,0.0,,,0,0.0,2.717,78.6,15.72,E_CONSISTENT_MID
PEN,10,384,2025-05-13,2026-06-01,0,0,0,0.0,0,0,45.67,2.49,3.0,,,,3,NEUTRAL,15,0.0,3.0,3.0,1,0.0,,,0,0.0,2.74,78.6,15.72,E_CONSISTENT_MID
POWI,10,384,2025-05-13,2026-06-01,0,0,0,0.0,0,0,44.9,2.49,3.0,,,,3,NEUTRAL,15,0.0,3.0,3.0,1,0.0,,,0,0.0,2.765,78.6,15.72,E_CONSISTENT_MID
RXRX,5,12,2026-05-20,2026-06-01,0,0,0,0.0,0,0,72.89,2.065,2.3125,,,,2,BEARISH,2,0.0,3.0,3.0,1,0.0,,,0,0.0,2.822,78.6,15.72,E_CONSISTENT_MID
ABSI,3,10,2026-05-22,2026-06-01,0,0,0,0.0,0,0,94.86,1.4167,1.625,,,,2,BEARISH,1,0.0,3.0,3.0,1,0.0,,,0,0.0,2.902,78.5,15.7,E_CONSISTENT_MID
CMTL,7,373,2025-05-13,2026-05-21,0,0,0,0.0,0,0,55.39,2.2714,2.4,,,,2.96,NEUTRAL,15,0.137,,,0,0.0,,,0,0.0,0.345,78.5,15.7,E_CONSISTENT_MID
CNTY,7,373,2025-05-13,2026-05-21,0,0,0,0.0,0,0,55.14,2.2714,2.4,,,,2.96,NEUTRAL,15,0.137,,,0,0.0,,,0,0.0,0.353,78.5,15.7,E_CONSISTENT_MID
LPL,7,373,2025-05-13,2026-05-21,0,0,0,0.0,0,0,15.67,2.9714,3.25,,,,4.07,BULLISH,5,0.106,,,0,0.0,3.0,3.0,1,0.0,0.97,78.5,15.7,E_CONSISTENT_MID
OCUL,10,384,2025-05-13,2026-06-01,0,0,0,0.0,0,0,95.78,1.0925,1.3125,,,,1,VERY_BEARISH,15,0.0,2.0,2.0,1,0.0,,,0,0.0,2.975,78.5,15.7,E_CONSISTENT_MID
OWL,10,384,2025-05-13,2026-06-01,0,0,0,0.0,0,0,95.71,1.0925,1.3125,,,,1,VERY_BEARISH,15,0.0,2.0,2.0,1,0.0,,,0,0.0,3.028,78.5,15.7,E_CONSISTENT_MID
PLD,10,384,2025-05-13,2026-06-01,0,0,0,0.0,0,0,15.82,3.2136,3.8333,,,,4,BULLISH,16,0.0,4.0,4.0,2,0.0,3.0,3.0,3,0.0,2.997,78.5,15.7,E_CONSISTENT_MID
REX,10,384,2025-05-13,2026-06-01,0,0,0,0.0,0,0,44.24,2.49,3.0,,,,3,NEUTRAL,15,0.0,,,0,0.0,,,0,0.0,2.983,78.5,15.7,E_CONSISTENT_MID
RHP,10,384,2025-05-13,2026-06-01,0,0,0,0.0,0,0,44.08,2.49,3.0,,,,3,NEUTRAL,15,0.0,3.0,3.0,1,0.0,,,0,0.0,3.02,78.5,15.7,E_CONSISTENT_MID
SEPN,5,12,2026-05-20,2026-06-01,0,0,0,0.0,0,0,72.7,2.065,2.3125,,,,2,BEARISH,2,0.0,3.0,3.0,1,0.0,,,0,0.0,2.906,78.5,15.7,E_CONSISTENT_MID
SOLS,5,12,2026-05-20,2026-06-01,0,0,0,0.0,0,0,72.31,2.065,2.3125,,,,2,BEARISH,2,0.0,3.0,3.0,1,0.0,,,0,0.0,3.029,78.5,15.7,E_CONSISTENT_MID
DJCO,10,384,2025-05-13,2026-06-01,0,0,0,0.0,0,0,86.62,1.76,2.0,,,,2,BEARISH,15,0.0,,,0,0.0,,,0,0.0,3.275,78.4,15.68,E_CONSISTENT_MID
MNOV,7,373,2025-05-13,2026-05-21,0,0,0,0.0,0,0,42.18,2.2714,2.4,,,,3.04,NEUTRAL,15,0.137,,,0,0.0,,,0,0.0,0.463,78.4,15.68,E_CONSISTENT_MID
SAIL,10,384,2025-05-13,2026-06-01,0,0,0,0.0,0,0,43.7,2.49,3.0,,,,3,NEUTRAL,15,0.0,3.0,3.0,1,0.0,,,0,0.0,3.199,78.4,15.68,E_CONSISTENT_MID
SFBS,10,384,2025-05-13,2026-06-01,0,0,0,0.0,0,0,43.31,2.49,3.0,,,,3,NEUTRAL,15,0.0,3.0,3.0,1,0.0,,,0,0.0,3.253,78.4,15.68,E_CONSISTENT_MID
SWIM,5,12,2026-05-20,2026-06-01,0,0,0,0.0,0,0,25.17,3.4561,3.5556,,,,4,BULLISH,2,0.0,3.0,3.0,2,0.0,3.0,3.0,3,0.0,3.257,78.4,15.68,E_CONSISTENT_MID
UTZ,5,12,2026-05-20,2026-06-01,0,0,0,0.0,0,0,70.77,2.065,2.3125,,,,2,BEARISH,2,0.0,3.0,3.0,1,0.0,,,0,0.0,3.286,78.4,15.68,E_CONSISTENT_MID
XMTR,5,12,2026-05-20,2026-06-01,0,0,0,0.0,0,0,69.68,2.065,2.3125,,,,2,BEARISH,2,0.0,3.0,3.0,1,0.0,,,0,0.0,3.237,78.4,15.68,E_CONSISTENT_MID
OCGN,5,12,2026-05-20,2026-06-01,0,0,0,0.0,0,0,46.64,2.76,3.0,,,,3,NEUTRAL,2,0.0,3.0,3.0,1,0.0,,,0,0.0,3.428,78.3,15.66,E_CONSISTENT_MID
SPGI,10,384,2025-05-13,2026-06-01,0,0,0,0.0,0,0,42.5,2.49,3.0,,,,3,NEUTRAL,15,0.0,3.0,3.0,1,0.0,,,0,0.0,3.321,78.3,15.66,E_CONSISTENT_MID
CRBP,7,373,2025-05-13,2026-05-21,0,0,0,0.0,0,0,54.68,2.2714,2.4,,,,2.96,NEUTRAL,15,0.16,,,0,0.0,,,0,0.0,0.393,78.2,15.64,E_CONSISTENT_MID
HPE,10,384,2025-05-13,2026-06-01,0,0,0,0.0,0,0,20.77,3.2156,3.6667,,,,4,BULLISH,19,0.0,3.0,3.0,2,0.0,4.0,4.0,3,0.0,3.546,78.2,15.64,E_CONSISTENT_MID
MXL,10,384,2025-05-13,2026-06-01,0,0,0,0.0,0,0,33.68,2.5525,3.3125,,,,3,NEUTRAL,15,0.0,4.0,4.0,1,0.0,,,0,0.0,3.639,78.2,15.64,E_CONSISTENT_MID
OPEN,5,12,2026-05-20,2026-06-01,0,0,0,0.0,0,0,95.75,1.245,1.3125,,,,1,VERY_BEARISH,2,0.0,2.0,2.0,1,0.0,,,0,0.0,3.66,78.2,15.64,E_CONSISTENT_MID
PEP,10,384,2025-05-13,2026-06-01,0,0,0,0.0,0,0,45.63,2.49,3.0,,,,3.01,NEUTRAL,16,0.045,3.0,3.0,1,0.0,,,0,0.0,2.756,78.2,15.64,E_CONSISTENT_MID
PGY,5,12,2026-05-20,2026-06-01,0,0,0,0.0,0,0,45.51,2.76,3.0,,,,3,NEUTRAL,2,0.0,3.0,3.0,1,0.0,,,0,0.0,3.673,78.2,15.64,E_CONSISTENT_MID
SLB,10,384,2025-05-13,2026-06-01,0,0,0,0.0,0,0,19.8,3.2156,3.6667,,,,4,BULLISH,20,0.0,3.0,3.0,2,0.0,4.0,4.0,3,0.0,3.597,78.2,15.64,E_CONSISTENT_MID
APPF,10,384,2025-05-13,2026-06-01,0,0,0,0.0,0,0,58.89,2.49,3.0,,,,2.96,NEUTRAL,16,0.145,3.0,3.0,1,0.0,,,0,0.0,0.87,78.1,15.62,E_CONSISTENT_MID
FLG,10,384,2025-05-13,2026-06-01,0,0,0,0.0,0,0,86.31,1.76,2.0,,,,2,BEARISH,15,0.0,2.0,2.0,1,0.0,,,0,0.0,3.81,78.1,15.62,E_CONSISTENT_MID
MTX,10,384,2025-05-13,2026-06-01,0,0,0,0.0,0,0,47.76,2.49,3.0,,,,3.02,NEUTRAL,16,0.068,3.0,3.0,1,0.0,,,0,0.0,2.369,78.1,15.62,E_CONSISTENT_MID
RMTI,7,373,2025-05-13,2026-05-21,0,0,0,0.0,0,0,36.12,2.2714,2.4,,,,2.95,NEUTRAL,13,0.172,,,0,0.0,,,0,0.0,0.449,78.1,15.62,E_CONSISTENT_MID
SKWD,5,12,2026-05-20,2026-06-01,0,0,0,0.0,0,0,16.74,3.5096,3.7778,,,,4,BULLISH,2,0.0,4.0,4.0,2,0.0,2.0,2.0,3,0.0,3.765,78.1,15.62,E_CONSISTENT_MID
TR,10,384,2025-05-13,2026-06-01,0,0,0,0.0,0,0,41.34,2.49,3.0,,,,3,NEUTRAL,15,0.0,,,0,0.0,,,0,0.0,3.774,78.1,15.62,E_CONSISTENT_MID
TW,10,384,2025-05-13,2026-06-01,0,0,0,0.0,0,0,40.95,2.49,3.0,,,,3,NEUTRAL,16,0.0,3.0,3.0,1,0.0,,,0,0.0,3.826,78.1,15.62,E_CONSISTENT_MID
UHT,10,384,2025-05-13,2026-06-01,0,0,0,0.0,0,0,40.64,2.49,3.0,,,,3,NEUTRAL,15,0.0,,,0,0.0,,,0,0.0,3.872,78.1,15.62,E_CONSISTENT_MID
UWMC,10,384,2025-05-13,2026-06-01,0,0,0,0.0,0,0,95.17,1.0925,1.3125,,,,1,VERY_BEARISH,15,0.0,2.0,2.0,1,0.0,,,0,0.0,3.895,78.1,15.62,E_CONSISTENT_MID
ABM,10,384,2025-05-13,2026-06-01,0,0,0,0.0,0,0,65.97,2.4275,2.6875,,,,3.03,NEUTRAL,17,0.141,2.0,2.0,1,0.0,,,0,0.0,1.216,78.0,15.6,E_CONSISTENT_MID
GABC,10,384,2025-05-13,2026-06-01,0,0,0,0.0,0,0,86.16,1.76,2.0,,,,2,BEARISH,15,0.0,2.0,2.0,1,0.0,,,0,0.0,3.961,78.0,15.6,E_CONSISTENT_MID
QXO,5,12,2026-05-20,2026-06-01,0,0,0,0.0,0,0,95.51,1.245,1.3125,,,,1,VERY_BEARISH,2,0.0,2.0,2.0,1,0.0,,,0,0.0,4.005,78.0,15.6,E_CONSISTENT_MID
RDW,5,12,2026-05-20,2026-06-01,0,0,0,0.0,0,0,95.44,1.245,1.3125,,,,1,VERY_BEARISH,2,0.0,2.0,2.0,1,0.0,,,0,0.0,4.074,78.0,15.6,E_CONSISTENT_MID
RSG,10,384,2025-05-13,2026-06-01,0,0,0,0.0,0,0,72.97,1.8225,2.3125,,,,2.02,BEARISH,16,0.095,3.0,3.0,1,0.0,,,0,0.0,2.175,78.0,15.6,E_CONSISTENT_MID
SGML,3,10,2026-05-22,2026-06-01,0,0,0,0.0,0,0,43.19,3.0,3.0,,,,,,0,0.0,3.0,3.0,1,0.0,,,0,0.0,3.952,78.0,15.6,E_CONSISTENT_MID
SPB,10,384,2025-05-13,2026-06-01,0,0,0,0.0,0,0,42.54,2.49,3.0,,,,3.01,NEUTRAL,16,0.032,3.0,3.0,1,0.0,,,0,0.0,3.306,78.0,15.6,E_CONSISTENT_MID
VNDA,10,384,2025-05-13,2026-06-01,0,0,0,0.0,0,0,40.1,2.49,3.0,,,,3,NEUTRAL,15,0.0,3.0,3.0,1,0.0,,,0,0.0,3.963,78.0,15.6,E_CONSISTENT_MID
ARMK,10,384,2025-05-13,2026-06-01,0,0,0,0.0,0,0,58.74,2.49,3.0,,,,2.96,NEUTRAL,16,0.167,3.0,3.0,1,0.0,,,0,0.0,0.842,77.9,15.58,E_CONSISTENT_MID
NTST,5,12,2026-05-20,2026-06-01,0,0,0,0.0,0,0,33.45,2.885,3.3125,,,,3,NEUTRAL,2,0.0,4.0,4.0,1,0.0,,,0,0.0,4.257,77.9,15.58,E_CONSISTENT_MID
PLAY,10,384,2025-05-13,2026-06-01,0,0,0,0.0,0,0,98.11,1.03,1.0,,,,1,VERY_BEARISH,15,0.0,1.0,1.0,1,0.0,,,0,0.0,4.147,77.9,15.58,E_CONSISTENT_MID
RSVR,5,12,2026-05-20,2026-06-01,0,0,0,0.0,0,0,43.93,2.76,3.0,,,,3,NEUTRAL,2,0.0,3.0,3.0,1,0.0,,,0,0.0,4.174,77.9,15.58,E_CONSISTENT_MID
WTRG,10,384,2025-05-13,2026-06-01,0,0,0,0.0,0,0,39.48,2.49,3.0,,,,3,NEUTRAL,15,0.0,3.0,3.0,1,0.0,,,0,0.0,4.115,77.9,15.58,E_CONSISTENT_MID
ZBH,10,384,2025-05-13,2026-06-01,0,0,0,0.0,0,0,39.02,2.49,3.0,,,,3,NEUTRAL,15,0.0,3.0,3.0,1,0.0,,,0,0.0,4.116,77.9,15.58,E_CONSISTENT_MID
ZION,10,384,2025-05-13,2026-06-01,0,0,0,0.0,0,0,38.98,2.49,3.0,,,,3,NEUTRAL,15,0.0,3.0,3.0,1,0.0,,,0,0.0,4.135,77.9,15.58,E_CONSISTENT_MID
DRS,10,384,2025-05-13,2026-06-01,0,0,0,0.0,0,0,18.56,3.2268,3.7222,,,,4,BULLISH,20,0.0,3.0,3.0,2,0.0,4.0,4.0,3,0.0,4.408,77.8,15.56,E_CONSISTENT_MID
NPKI,5,12,2026-05-20,2026-06-01,0,0,0,0.0,0,0,33.49,2.885,3.3125,,,,3,NEUTRAL,2,0.0,4.0,4.0,1,0.0,,,0,0.0,4.456,77.8,15.56,E_CONSISTENT_MID
SN,5,12,2026-05-20,2026-06-01,0,0,0,0.0,0,0,42.69,2.76,3.0,,,,3,NEUTRAL,2,0.0,3.0,3.0,1,0.0,,,0,0.0,4.39,77.8,15.56,E_CONSISTENT_MID
FBNC,10,384,2025-05-13,2026-06-01,0,0,0,0.0,0,0,67.71,1.885,2.625,,,,2,BEARISH,15,0.0,4.0,4.0,1,0.0,,,0,0.0,4.575,77.7,15.54,E_CONSISTENT_MID
SPRY,5,12,2026-05-20,2026-06-01,0,0,0,0.0,0,0,95.28,1.245,1.3125,,,,1,VERY_BEARISH,2,0.0,2.0,2.0,1,0.0,,,0,0.0,4.583,77.7,15.54,E_CONSISTENT_MID
SW,5,12,2026-05-20,2026-06-01,0,0,0,0.0,0,0,42.07,2.76,3.0,,,,3,NEUTRAL,2,0.0,3.0,3.0,1,0.0,,,0,0.0,4.647,77.7,15.54,E_CONSISTENT_MID
ASND,7,373,2025-05-13,2026-05-21,0,0,0,0.0,0,0,60.06,2.2714,2.4,,,,3.07,NEUTRAL,10,0.225,,,0,0.0,,,0,0.0,0.287,77.6,15.52,E_CONSISTENT_MID
NAVN,5,12,2026-05-20,2026-06-01,0,0,0,0.0,0,0,33.6,2.885,3.3125,,,,3,NEUTRAL,2,0.0,4.0,4.0,1,0.0,,,0,0.0,4.712,77.6,15.52,E_CONSISTENT_MID
SYRE,5,12,2026-05-20,2026-06-01,0,0,0,0.0,0,0,41.96,2.76,3.0,,,,3,NEUTRAL,2,0.0,3.0,3.0,1,0.0,,,0,0.0,4.717,77.6,15.52,E_CONSISTENT_MID
TARS,5,12,2026-05-20,2026-06-01,0,0,0,0.0,0,0,41.76,2.76,3.0,,,,3,NEUTRAL,2,0.0,3.0,3.0,1,0.0,,,0,0.0,4.731,77.6,15.52,E_CONSISTENT_MID
TDUP,5,12,2026-05-20,2026-06-01,0,0,0,0.0,0,0,41.69,2.76,3.0,,,,3,NEUTRAL,2,0.0,3.0,3.0,1,0.0,,,0,0.0,4.823,77.6,15.52,E_CONSISTENT_MID
APO,10,384,2025-05-13,2026-06-01,0,0,0,0.0,0,0,37.55,2.9767,3.2222,,,,3.98,BULLISH,24,0.056,2.0,2.0,3,0.0,2.0,2.0,3,0.0,3.955,77.5,15.5,E_CONSISTENT_MID
GEVO,5,12,2026-05-20,2026-06-01,0,0,0,0.0,0,0,86.08,1.72,2.0,,,,1,VERY_BEARISH,2,0.0,2.0,2.0,1,0.0,,,0,0.0,5.088,77.5,15.5,E_CONSISTENT_MID
LEN,10,384,2025-05-13,2026-06-01,0,0,0,0.0,0,0,85.27,1.76,2.0,,,,2,BEARISH,15,0.0,2.0,2.0,1,0.0,,,0,0.0,4.956,77.5,15.5,E_CONSISTENT_MID
MOG/A,10,384,2025-05-13,2026-06-01,0,0,0,0.0,0,0,15.27,3.2338,3.8462,,,,4.04,VERY_BULLISH,26,0.196,,,0,0.0,3.0,3.0,3,0.0,1.069,77.5,15.5,E_CONSISTENT_MID
CXDO,10,384,2025-05-13,2026-06-01,0,0,0,0.0,0,0,67.87,1.885,2.625,,,,2,BEARISH,15,0.0,4.0,4.0,1,0.0,,,0,0.0,5.291,77.4,15.48,E_CONSISTENT_MID
NMIH,10,384,2025-05-13,2026-06-01,0,0,0,0.0,0,0,25.64,3.158,3.5556,,,,4.02,BULLISH,25,0.055,3.0,3.0,2,0.0,3.0,3.0,3,0.0,4.051,77.4,15.48,E_CONSISTENT_MID
VG,5,12,2026-05-20,2026-06-01,0,0,0,0.0,0,0,40.18,2.76,3.0,,,,3,NEUTRAL,2,0.0,3.0,3.0,1,0.0,,,0,0.0,5.259,77.4,15.48,E_CONSISTENT_MID
WGS,5,12,2026-05-20,2026-06-01,0,0,0,0.0,0,0,95.09,1.245,1.3125,,,,1,VERY_BEARISH,2,0.0,2.0,2.0,1,0.0,,,0,0.0,5.239,77.4,15.48,E_CONSISTENT_MID
IPAR,10,384,2025-05-13,2026-06-01,0,0,0,0.0,0,0,34.34,2.5525,3.3125,,,,3,NEUTRAL,15,0.0,4.0,4.0,1,0.0,,,0,0.0,5.318,77.3,15.46,E_CONSISTENT_MID
WEAV,5,12,2026-05-20,2026-06-01,0,0,0,0.0,0,0,39.68,2.76,3.0,,,,3,NEUTRAL,2,0.0,3.0,3.0,1,0.0,,,0,0.0,5.359,77.3,15.46,E_CONSISTENT_MID
ALGN,10,384,2025-05-13,2026-06-01,0,0,0,0.0,0,0,17.52,3.1848,3.7778,,,,4.01,BULLISH,29,0.054,4.0,4.0,2,0.0,2.0,2.0,3,0.0,4.473,77.2,15.44,E_CONSISTENT_MID
CELC,10,384,2025-05-13,2026-06-01,0,0,0,0.0,0,0,56.26,2.49,3.0,,,,2.93,BEARISH,15,0.258,3.0,3.0,1,0.0,,,0,0.0,0.406,77.2,15.44,E_CONSISTENT_MID
HIMX,7,373,2025-05-13,2026-05-21,0,0,0,0.0,0,0,12.1,2.9857,3.3,,,,4.04,BULLISH,12,0.08,,,0,0.0,4.0,4.0,1,0.0,4.023,77.2,15.44,E_CONSISTENT_MID
QRHC,7,373,2025-05-13,2026-05-21,0,0,0,0.0,0,0,68.56,1.6571,1.85,,,,2.07,BEARISH,15,0.258,,,0,0.0,,,0,0.0,0.43,77.2,15.44,E_CONSISTENT_MID
BANC,10,384,2025-05-13,2026-06-01,0,0,0,0.0,0,0,58.0,2.49,3.0,,,,3.06,NEUTRAL,16,0.25,3.0,3.0,1,0.0,,,0,0.0,0.749,77.1,15.42,E_CONSISTENT_MID
CBU,10,384,2025-05-13,2026-06-01,0,0,0,0.0,0,0,68.21,1.885,2.625,,,,2,BEARISH,15,0.0,4.0,4.0,1,0.0,,,0,0.0,5.854,77.1,15.42,E_CONSISTENT_MID
CEVA,10,384,2025-05-13,2026-06-01,0,0,0,0.0,0,0,68.17,1.885,2.625,,,,2,BEARISH,15,0.0,4.0,4.0,1,0.0,,,0,0.0,5.745,77.1,15.42,E_CONSISTENT_MID
LAND,7,373,2025-05-13,2026-05-21,0,0,0,0.0,0,0,20.31,2.9571,3.2,,,,4.05,BULLISH,19,0.229,,,0,0.0,3.0,3.0,1,0.0,1.173,77.1,15.42,E_CONSISTENT_MID
LOAR,5,12,2026-05-20,2026-06-01,0,0,0,0.0,0,0,33.95,2.885,3.3125,,,,3,NEUTRAL,2,0.0,4.0,4.0,1,0.0,,,0,0.0,5.801,77.1,15.42,E_CONSISTENT_MID
NCMI,10,384,2025-05-13,2026-06-01,0,0,0,0.0,0,0,85.03,1.76,2.0,,,,2,BEARISH,15,0.0,2.0,2.0,1,0.0,,,0,0.0,5.726,77.1,15.42,E_CONSISTENT_MID
TSN,10,384,2025-05-13,2026-06-01,0,0,0,0.0,0,0,32.25,2.5525,3.3125,,,,2.93,BEARISH,15,0.258,4.0,4.0,1,0.0,,,0,0.0,0.596,77.1,15.42,E_CONSISTENT_MID
VSTM,10,384,2025-05-13,2026-06-01,0,0,0,0.0,0,0,31.94,2.5525,3.3125,,,,3.06,NEUTRAL,16,0.25,4.0,4.0,1,0.0,,,0,0.0,0.778,77.1,15.42,E_CONSISTENT_MID
AHR,10,384,2025-05-13,2026-06-01,0,0,0,0.0,0,0,94.74,1.585,1.625,,,,2,BEARISH,15,0.0,3.0,3.0,1,0.0,,,0,0.0,5.974,77.0,15.4,E_CONSISTENT_MID
AIM,7,373,2025-05-13,2026-05-21,0,0,0,0.0,0,0,61.71,2.2714,2.4,,,,3.08,NEUTRAL,13,0.277,,,0,0.0,,,0,0.0,0.401,77.0,15.4,E_CONSISTENT_MID
ATLO,7,373,2025-05-13,2026-05-21,0,0,0,0.0,0,0,59.85,2.2714,2.4,,,,2.92,NEUTRAL,12,0.289,,,0,0.0,,,0,0.0,0.278,77.0,15.4,E_CONSISTENT_MID
CARL,3,10,2026-05-22,2026-06-01,0,0,0,0.0,0,0,88.01,1.625,1.9375,,,,2,BEARISH,1,0.0,4.0,4.0,1,0.0,,,0,0.0,5.916,77.0,15.4,E_CONSISTENT_MID
CELH,10,384,2025-05-13,2026-06-01,0,0,0,0.0,0,0,80.86,1.3925,2.3125,,,,1,VERY_BEARISH,15,0.0,3.0,3.0,1,0.0,,,0,0.0,6.011,77.0,15.4,E_CONSISTENT_MID
FXNC,7,373,2025-05-13,2026-05-21,0,0,0,0.0,0,0,75.95,1.6571,1.85,,,,2.07,BEARISH,14,0.267,,,0,0.0,,,0,0.0,0.644,77.0,15.4,E_CONSISTENT_MID
TIC,5,12,2026-05-20,2026-06-01,0,0,0,0.0,0,0,97.72,1.12,1.0,,,,1,VERY_BEARISH,2,0.0,1.0,1.0,1,0.0,,,0,0.0,6.07,77.0,15.4,E_CONSISTENT_MID
URBN,10,384,2025-05-13,2026-06-01,0,0,0,0.0,0,0,32.1,2.5525,3.3125,,,,3.07,NEUTRAL,17,0.269,4.0,4.0,1,0.0,,,0,0.0,0.65,77.0,15.4,E_CONSISTENT_MID
WSM,10,384,2025-05-13,2026-06-01,0,0,0,0.0,0,0,31.86,2.5525,3.3125,,,,3.06,NEUTRAL,16,0.25,4.0,4.0,1,0.0,,,0,0.0,0.989,77.0,15.4,E_CONSISTENT_MID
FA,5,12,2026-05-20,2026-06-01,0,0,0,0.0,0,0,67.75,2.19,2.625,,,,2,BEARISH,2,0.0,4.0,4.0,1,0.0,,,0,0.0,6.161,76.9,15.38,E_CONSISTENT_MID
FDX,10,384,2025-05-13,2026-06-01,0,0,0,0.0,0,0,23.9,3.1691,3.6111,,,,4.06,BULLISH,30,0.257,3.0,3.0,2,0.0,3.0,3.0,3,0.0,1.035,76.9,15.38,E_CONSISTENT_MID
PFGC,10,384,2025-05-13,2026-06-01,0,0,0,0.0,0,0,84.88,1.76,2.0,,,,2,BEARISH,15,0.0,2.0,2.0,1,0.0,,,0,0.0,6.239,76.9,15.38,E_CONSISTENT_MID
SLAB,10,384,2025-05-13,2026-06-01,0,0,0,0.0,0,0,42.96,2.49,3.0,,,,2.96,NEUTRAL,16,0.145,3.0,3.0,1,0.0,,,0,0.0,3.255,76.9,15.38,E_CONSISTENT_MID
ALGT,10,384,2025-05-13,2026-06-01,0,0,0,0.0,0,0,59.82,2.49,3.0,,,,3.09,NEUTRAL,17,0.273,3.0,3.0,1,0.0,,,0,0.0,0.99,76.8,15.36,E_CONSISTENT_MID
ASST,3,10,2026-05-22,2026-06-01,0,0,0,0.0,0,0,88.05,1.625,1.9375,,,,2,BEARISH,1,0.0,4.0,4.0,1,0.0,,,0,0.0,6.385,76.8,15.36,E_CONSISTENT_MID
BELFB,10,384,2025-05-13,2026-06-01,0,0,0,0.0,0,0,68.37,1.885,2.625,,,,2,BEARISH,15,0.0,4.0,4.0,1,0.0,,,0,0.0,6.366,76.8,15.36,E_CONSISTENT_MID
CPRT,10,384,2025-05-13,2026-06-01,0,0,0,0.0,0,0,80.32,1.8225,2.3125,,,,1.94,BEARISH,16,0.253,3.0,3.0,1,0.0,,,0,0.0,1.361,76.8,15.36,E_CONSISTENT_MID
CRSP,10,384,2025-05-13,2026-06-01,0,0,0,0.0,0,0,93.66,1.155,1.625,,,,1.05,BEARISH,16,0.257,3.0,3.0,1,0.0,,,0,0.0,1.2,76.8,15.36,E_CONSISTENT_MID
DRVN,3,10,2026-05-22,2026-06-01,0,0,0,0.0,0,0,65.27,2.7917,2.6875,,,,3,NEUTRAL,1,0.0,2.0,2.0,1,0.0,,,0,0.0,6.43,76.8,15.36,E_CONSISTENT_MID
FENC,10,384,2025-05-13,2026-06-01,0,0,0,0.0,0,0,93.12,1.155,1.625,,,,1.07,BEARISH,15,0.258,3.0,3.0,1,0.0,,,0,0.0,1.202,76.8,15.36,E_CONSISTENT_MID
PZZA,10,384,2025-05-13,2026-06-01,0,0,0,0.0,0,0,84.69,1.76,2.0,,,,2,BEARISH,15,0.0,2.0,2.0,1,0.0,,,0,0.0,6.442,76.8,15.36,E_CONSISTENT_MID
ROG,10,384,2025-05-13,2026-06-01,0,0,0,0.0,0,0,14.42,3.2247,3.8889,,,,3.97,BULLISH,25,0.138,4.0,4.0,2,0.0,3.0,3.0,3,0.0,3.564,76.8,15.36,E_CONSISTENT_MID
AXTI,10,384,2025-05-13,2026-06-01,0,0,0,0.0,0,0,68.48,1.885,2.625,,,,2,BEARISH,15,0.0,4.0,4.0,1,0.0,,,0,0.0,6.547,76.7,15.34,E_CONSISTENT_MID
CHD,10,384,2025-05-13,2026-06-01,0,0,0,0.0,0,0,80.74,1.8225,2.3125,,,,2.07,NEUTRAL,15,0.258,3.0,3.0,1,0.0,,,0,0.0,1.368,76.7,15.34,E_CONSISTENT_MID
JANX,5,12,2026-05-20,2026-06-01,0,0,0,0.0,0,0,34.18,2.885,3.3125,,,,3,NEUTRAL,2,0.0,4.0,4.0,1,0.0,,,0,0.0,6.621,76.7,15.34,E_CONSISTENT_MID
SNAP,10,384,2025-05-13,2026-06-01,0,0,0,0.0,0,0,66.55,1.885,2.625,,,,1.93,BEARISH,15,0.258,4.0,4.0,1,0.0,,,0,0.0,1.362,76.7,15.34,E_CONSISTENT_MID
AESI,10,384,2025-05-13,2026-06-01,0,0,0,0.0,0,0,83.14,1.8225,2.3125,,,,1.93,VERY_BEARISH,15,0.258,3.0,3.0,1,0.0,,,0,0.0,1.594,76.6,15.32,E_CONSISTENT_MID
AJG,10,384,2025-05-13,2026-06-01,0,0,0,0.0,0,0,82.95,1.8225,2.3125,,,,1.93,VERY_BEARISH,15,0.258,3.0,3.0,1,0.0,,,0,0.0,1.594,76.6,15.32,E_CONSISTENT_MID
AMSF,10,384,2025-05-13,2026-06-01,0,0,0,0.0,0,0,82.68,1.8225,2.3125,,,,1.93,VERY_BEARISH,15,0.258,3.0,3.0,1,0.0,,,0,0.0,1.606,76.6,15.32,E_CONSISTENT_MID
EPAC,10,384,2025-05-13,2026-06-01,0,0,0,0.0,0,0,53.67,2.49,3.0,,,,3.08,NEUTRAL,16,0.31,3.0,3.0,1,0.0,,,0,0.0,0.67,76.6,15.32,E_CONSISTENT_MID
INGN,10,384,2025-05-13,2026-06-01,0,0,0,0.0,0,0,28.38,3.1292,3.5,,,,4.06,BULLISH,33,0.145,3.0,3.0,2,0.0,2.0,2.0,3,0.0,3.899,76.6,15.32,E_CONSISTENT_MID
IOVA,10,384,2025-05-13,2026-06-01,0,0,0,0.0,0,0,50.46,2.49,3.0,,,,2.93,BEARISH,15,0.258,3.0,3.0,1,0.0,,,0,0.0,1.632,76.6,15.32,E_CONSISTENT_MID
UFI,7,373,2025-05-13,2026-05-21,0,0,0,0.0,0,0,30.8,2.2714,2.4,,,,3.11,NEUTRAL,16,0.304,,,0,0.0,,,0,0.0,0.632,76.6,15.32,E_CONSISTENT_MID
BBNX,5,12,2026-05-20,2026-06-01,0,0,0,0.0,0,0,82.06,1.845,2.3125,,,,1,VERY_BEARISH,2,0.0,3.0,3.0,1,0.0,,,0,0.0,6.978,76.5,15.3,E_CONSISTENT_MID
CNP,10,384,2025-05-13,2026-06-01,0,0,0,0.0,0,0,55.8,2.49,3.0,,,,3.12,NEUTRAL,17,0.334,3.0,3.0,1,0.0,,,0,0.0,0.373,76.5,15.3,E_CONSISTENT_MID
IRMD,10,384,2025-05-13,2026-06-01,0,0,0,0.0,0,0,15.35,3.2338,3.8462,,,,4.03,NEUTRAL,31,0.257,,,0,0.0,3.0,3.0,3,0.0,1.763,76.5,15.3,E_CONSISTENT_MID
MYGN,10,384,2025-05-13,2026-06-01,0,0,0,0.0,0,0,16.94,3.1848,3.7778,,,,4.03,BULLISH,22,0.157,4.0,4.0,2,0.0,2.0,2.0,3,0.0,3.845,76.5,15.3,E_CONSISTENT_MID
NTRA,10,384,2025-05-13,2026-06-01,0,0,0,0.0,0,0,74.48,1.8225,2.3125,,,,2.07,NEUTRAL,15,0.258,3.0,3.0,1,0.0,,,0,0.0,1.873,76.5,15.3,E_CONSISTENT_MID
UPST,10,384,2025-05-13,2026-06-01,0,0,0,0.0,0,0,89.95,1.155,1.625,,,,1.07,BEARISH,15,0.258,3.0,3.0,1,0.0,,,0,0.0,1.896,76.5,15.3,E_CONSISTENT_MID
GM,7,18,2026-05-14,2026-06-01,0,0,0,0.0,0,0,51.97,2.6571,3.0,,,,3.11,NEUTRAL,16,0.304,3.0,3.0,1,0.0,,,0,0.0,1.202,76.4,15.28,E_CONSISTENT_MID
RBA,10,384,2025-05-13,2026-06-01,0,0,0,0.0,0,0,33.02,2.5525,3.3125,,,,2.93,NEUTRAL,15,0.258,4.0,4.0,1,0.0,,,0,0.0,1.974,76.4,15.28,E_CONSISTENT_MID
ROKU,10,384,2025-05-13,2026-06-01,0,0,0,0.0,0,0,73.12,1.8225,2.3125,,,,2.07,BEARISH,15,0.258,3.0,3.0,1,0.0,,,0,0.0,2.132,76.4,15.28,E_CONSISTENT_MID
BDX,10,384,2025-05-13,2026-06-01,0,0,0,0.0,0,0,57.7,2.49,3.0,,,,3.0,NEUTRAL,17,0.341,3.0,3.0,1,0.0,,,0,0.0,0.675,76.3,15.26,E_CONSISTENT_MID
BMRN,10,384,2025-05-13,2026-06-01,0,0,0,0.0,0,0,24.71,3.1868,3.6111,,,,4.02,BULLISH,32,0.177,3.0,3.0,2,0.0,3.0,3.0,3,0.0,3.951,76.3,15.26,E_CONSISTENT_MID
CFG,10,384,2025-05-13,2026-06-01,0,0,0,0.0,0,0,56.23,2.49,3.0,,,,2.87,NEUTRAL,15,0.352,3.0,3.0,1,0.0,,,0,0.0,0.402,76.3,15.26,E_CONSISTENT_MID
CTO,7,18,2026-05-14,2026-06-01,0,0,0,0.0,0,0,55.34,2.6571,3.0,,,,3.12,NEUTRAL,16,0.342,3.0,3.0,1,0.0,,,0,0.0,0.562,76.3,15.26,E_CONSISTENT_MID
DNLI,10,384,2025-05-13,2026-06-01,0,0,0,0.0,0,0,54.37,2.49,3.0,,,,3.15,NEUTRAL,18,0.343,3.0,3.0,1,0.0,,,0,0.0,0.545,76.3,15.26,E_CONSISTENT_MID
ENVX,5,12,2026-05-20,2026-06-01,0,0,0,0.0,0,0,79.08,1.845,2.3125,,,,1,VERY_BEARISH,2,0.0,3.0,3.0,1,0.0,,,0,0.0,7.305,76.3,15.26,E_CONSISTENT_MID
PLUG,10,384,2025-05-13,2026-06-01,0,0,0,0.0,0,0,33.1,2.5525,3.3125,,,,3.06,NEUTRAL,16,0.25,4.0,4.0,1,0.0,,,0,0.0,2.421,76.3,15.26,E_CONSISTENT_MID
RRGB,4,7,2026-05-14,2026-05-21,0,0,0,0.0,0,0,35.94,2.4,2.4,,,,3.16,NEUTRAL,16,0.352,,,0,0.0,,,0,0.0,0.261,76.3,15.26,E_CONSISTENT_MID
TECH,10,384,2025-05-13,2026-06-01,0,0,0,0.0,0,0,84.11,1.76,2.0,,,,2,BEARISH,15,0.0,2.0,2.0,1,0.0,,,0,0.0,7.463,76.3,15.26,E_CONSISTENT_MID
ALTI,5,12,2026-05-20,2026-06-01,0,0,0,0.0,0,0,94.62,1.59,1.625,,,,2,BEARISH,2,0.0,3.0,3.0,1,0.0,,,0,0.0,7.604,76.2,15.24,E_CONSISTENT_MID
ARLO,10,384,2025-05-13,2026-06-01,0,0,0,0.0,0,0,58.78,2.49,3.0,,,,3.08,NEUTRAL,16,0.333,3.0,3.0,1,0.0,,,0,0.0,0.842,76.2,15.24,E_CONSISTENT_MID
BNY,3,10,2026-05-22,2026-06-01,0,0,0,0.0,0,0,26.8,3.7037,3.5556,,,,3,NEUTRAL,1,0.0,3.0,3.0,2,0.0,3.0,3.0,2,0.0,7.546,76.2,15.24,E_CONSISTENT_MID
GLUE,5,12,2026-05-20,2026-06-01,0,0,0,0.0,0,0,77.84,1.845,2.3125,,,,1,VERY_BEARISH,2,0.0,3.0,3.0,1,0.0,,,0,0.0,7.579,76.2,15.24,E_CONSISTENT_MID
IRT,10,384,2025-05-13,2026-06-01,0,0,0,0.0,0,0,64.66,2.4275,2.6875,,,,3,NEUTRAL,15,0.0,2.0,2.0,1,0.0,,,0,0.0,7.582,76.2,15.24,E_CONSISTENT_MID
ARRY,5,12,2026-05-20,2026-06-01,0,0,0,0.0,0,0,94.51,1.59,1.625,,,,2,BEARISH,2,0.0,3.0,3.0,1,0.0,,,0,0.0,7.783,76.1,15.22,E_CONSISTENT_MID
FNB,10,384,2025-05-13,2026-06-01,0,0,0,0.0,0,0,52.71,2.49,3.0,,,,3.13,NEUTRAL,15,0.352,3.0,3.0,1,0.0,,,0,0.0,0.854,76.1,15.22,E_CONSISTENT_MID
GDS,5,367,2025-05-13,2026-05-15,0,0,0,0.0,0,0,98.52,0.3,0.75,,,,4.21,VERY_BULLISH,15,0.387,,,0,0.0,,,0,0.0,0.016,76.1,15.22,E_CONSISTENT_MID
ICFI,10,384,2025-05-13,2026-06-01,0,0,0,0.0,0,0,30.09,3.1004,3.4444,,,,4.06,BULLISH,25,0.156,3.0,3.0,2,0.0,2.0,2.0,3,0.0,4.733,76.1,15.22,E_CONSISTENT_MID
INVE,7,373,2025-05-13,2026-05-21,0,0,0,0.0,0,0,73.95,1.6571,1.85,,,,2.14,BEARISH,14,0.363,,,0,0.0,,,0,0.0,0.594,76.1,15.22,E_CONSISTENT_MID
ON,10,384,2025-05-13,2026-06-01,0,0,0,0.0,0,0,12.26,3.2823,4.0,,,,4,BULLISH,22,0.309,4.0,4.0,2,0.0,4.0,4.0,3,0.0,1.66,76.1,15.22,E_CONSISTENT_MID
WCN,10,384,2025-05-13,2026-06-01,0,0,0,0.0,0,0,70.26,1.8225,2.3125,,,,2.07,BEARISH,15,0.258,3.0,3.0,1,0.0,,,0,0.0,2.61,76.1,15.22,E_CONSISTENT_MID
BLZE,5,12,2026-05-20,2026-06-01,0,0,0,0.0,0,0,68.29,2.19,2.625,,,,2,BEARISH,2,0.0,4.0,4.0,1,0.0,,,0,0.0,8.099,76.0,15.2,E_CONSISTENT_MID
CENT,10,384,2025-05-13,2026-06-01,0,0,0,0.0,0,0,80.82,1.8225,2.3125,,,,2.13,BEARISH,9,0.332,3.0,3.0,1,0.0,,,0,0.0,1.372,76.0,15.2,E_CONSISTENT_MID
EAF,7,373,2025-05-13,2026-05-21,0,0,0,0.0,0,0,77.66,1.6571,1.85,,,,1.86,BEARISH,14,0.363,,,0,0.0,,,0,0.0,0.751,76.0,15.2,E_CONSISTENT_MID
GRND,5,12,2026-05-20,2026-06-01,0,0,0,0.0,0,0,34.73,2.885,3.3125,,,,3,NEUTRAL,2,0.0,4.0,4.0,1,0.0,,,0,0.0,7.96,76.0,15.2,E_CONSISTENT_MID
ONT,5,12,2026-05-20,2026-06-01,0,0,0,0.0,0,0,73.98,1.845,2.3125,,,,1,VERY_BEARISH,2,0.0,3.0,3.0,1,0.0,,,0,0.0,7.912,76.0,15.2,E_CONSISTENT_MID
PSMT,10,384,2025-05-13,2026-06-01,0,0,0,0.0,0,0,17.56,3.2185,3.7692,,,,4.1,BULLISH,32,0.296,,,0,0.0,3.0,3.0,3,0.0,2.165,76.0,15.2,E_CONSISTENT_MID
AGRO,7,373,2025-05-13,2026-05-21,0,0,0,0.0,0,0,61.78,2.2714,2.4,,,,3.18,NEUTRAL,17,0.393,,,0,0.0,,,0,0.0,0.403,75.9,15.18,E_CONSISTENT_MID
BFLY,5,12,2026-05-20,2026-06-01,0,0,0,0.0,0,0,68.33,2.19,2.625,,,,2,BEARISH,2,0.0,4.0,4.0,1,0.0,,,0,0.0,8.263,75.9,15.18,E_CONSISTENT_MID
BSX,10,384,2025-05-13,2026-06-01,0,0,0,0.0,0,0,65.55,2.4275,2.6875,,,,3.09,NEUTRAL,17,0.252,2.0,2.0,1,0.0,,,0,0.0,3.21,75.9,15.18,E_CONSISTENT_MID
CRCT,10,384,2025-05-13,2026-06-01,0,0,0,0.0,0,0,28.77,3.1292,3.5,,,,4.85,BULLISH,32,0.333,3.0,3.0,2,0.0,2.0,2.0,3,0.0,1.614,75.9,15.18,E_CONSISTENT_MID
EBAY,10,384,2025-05-13,2026-06-01,0,0,0,0.0,0,0,53.98,2.49,3.0,,,,3.17,NEUTRAL,18,0.383,3.0,3.0,1,0.0,,,0,0.0,0.558,75.9,15.18,E_CONSISTENT_MID
EFX,10,384,2025-05-13,2026-06-01,0,0,0,0.0,0,0,79.23,1.8225,2.3125,,,,2.13,BEARISH,16,0.34,3.0,3.0,1,0.0,,,0,0.0,1.377,75.9,15.18,E_CONSISTENT_MID
SGRY,10,384,2025-05-13,2026-06-01,0,0,0,0.0,0,0,61.45,1.9475,2.9375,,,,1.93,BEARISH,15,0.258,5.0,5.0,1,0.0,,,0,0.0,3.048,75.9,15.18,E_CONSISTENT_MID
SMHI,10,384,2025-05-13,2026-06-01,0,0,0,0.0,0,0,42.77,2.49,3.0,,,,3.06,NEUTRAL,16,0.25,3.0,3.0,1,0.0,,,0,0.0,3.282,75.9,15.18,E_CONSISTENT_MID
ARCT,7,373,2025-05-13,2026-05-21,0,0,0,0.0,0,0,18.02,2.9714,3.25,,,,4.03,BULLISH,22,0.169,,,0,0.0,3.0,3.0,1,0.0,4.934,75.8,15.16,E_CONSISTENT_MID
BBT,10,384,2025-05-13,2026-06-01,0,0,0,0.0,0,0,69.49,1.935,2.375,,,,2,BEARISH,15,0.0,1.0,1.0,1,0.0,,,0,0.0,8.499,75.8,15.16,E_CONSISTENT_MID
CSGS,4,366,2025-05-13,2026-05-14,0,0,0,0.0,0,0,24.19,2.8375,2.95,,,,4.29,BULLISH,23,0.407,,,0,0.0,,,0,0.0,0.276,75.8,15.16,E_CONSISTENT_MID
LYV,10,384,2025-05-13,2026-06-01,0,0,0,0.0,0,0,91.88,1.155,1.625,,,,1.13,VERY_BEARISH,15,0.352,3.0,3.0,1,0.0,,,0,0.0,1.294,75.8,15.16,E_CONSISTENT_MID
NDSN,10,384,2025-05-13,2026-06-01,0,0,0,0.0,0,0,14.54,3.2424,3.8889,,,,3.84,BULLISH,18,0.362,4.0,4.0,2,0.0,3.0,3.0,3,0.0,1.151,75.8,15.16,E_CONSISTENT_MID
NFE,10,384,2025-05-13,2026-06-01,0,0,0,0.0,0,0,87.94,1.2175,1.9375,,,,1.13,VERY_BEARISH,15,0.352,4.0,4.0,1,0.0,,,0,0.0,1.403,75.8,15.16,E_CONSISTENT_MID
RPC,5,12,2026-05-20,2026-06-01,0,0,0,0.0,0,0,84.45,1.94,2.0,,,,2,BEARISH,2,0.0,2.0,2.0,1,0.0,,,0,0.0,8.5,75.8,15.16,E_CONSISTENT_MID
SFL,4,7,2026-05-14,2026-05-21,0,0,0,0.0,0,0,34.87,2.4,2.4,,,,3.19,NEUTRAL,16,0.403,,,0,0.0,,,0,0.0,0.344,75.8,15.16,E_CONSISTENT_MID
BEAM,10,384,2025-05-13,2026-06-01,0,0,0,0.0,0,0,81.9,1.8225,2.3125,,,,1.87,BEARISH,15,0.352,3.0,3.0,1,0.0,,,0,0.0,1.479,75.7,15.14,E_CONSISTENT_MID
CCS,10,384,2025-05-13,2026-06-01,0,0,0,0.0,0,0,89.33,1.6975,1.6875,,,,2.07,BEARISH,15,0.258,1.0,1.0,1,0.0,,,0,0.0,3.525,75.7,15.14,E_CONSISTENT_MID
CNNE,10,384,2025-05-13,2026-06-01,0,0,0,0.0,0,0,96.79,1.0925,1.3125,,,,1.13,BEARISH,15,0.352,2.0,2.0,1,0.0,,,0,0.0,1.484,75.7,15.14,E_CONSISTENT_MID
DOMO,7,373,2025-05-13,2026-05-21,0,0,0,0.0,0,0,24.98,2.9429,3.15,,,,3.82,BULLISH,17,0.393,,,0,0.0,2.0,2.0,1,0.0,0.817,75.7,15.14,E_CONSISTENT_MID
MAR,10,384,2025-05-13,2026-06-01,0,0,0,0.0,0,0,48.8,2.49,3.0,,,,3.13,NEUTRAL,18,0.327,3.0,3.0,1,0.0,,,0,0.0,2.111,75.7,15.14,E_CONSISTENT_MID
MAX,5,12,2026-05-20,2026-06-01,0,0,0,0.0,0,0,88.75,1.815,1.6875,,,,2,BEARISH,2,0.0,1.0,1.0,1,0.0,,,0,0.0,8.515,75.7,15.14,E_CONSISTENT_MID
AVXL,7,373,2025-05-13,2026-05-21,0,0,0,0.0,0,0,59.49,2.2714,2.4,,,,3.24,NEUTRAL,19,0.422,,,0,0.0,,,0,0.0,0.296,75.6,15.12,E_CONSISTENT_MID
DOLE,5,12,2026-05-20,2026-06-01,0,0,0,0.0,0,0,69.41,2.51,2.375,,,,3,NEUTRAL,2,0.0,1.0,1.0,1,0.0,,,0,0.0,8.82,75.6,15.12,E_CONSISTENT_MID
EEFT,10,384,2025-05-13,2026-06-01,0,0,0,0.0,0,0,30.2,3.1181,3.4444,,,,4.01,BULLISH,27,0.294,3.0,3.0,2,0.0,2.0,2.0,3,0.0,2.886,75.6,15.12,E_CONSISTENT_MID
GHM,10,384,2025-05-13,2026-06-01,0,0,0,0.0,0,0,13.57,3.2712,3.9444,,,,3.93,BULLISH,20,0.23,4.0,4.0,2,0.0,4.0,4.0,3,0.0,4.101,75.6,15.12,E_CONSISTENT_MID
NWE,10,384,2025-05-13,2026-06-01,0,0,0,0.0,0,0,74.36,1.8225,2.3125,,,,2.09,BEARISH,16,0.35,3.0,3.0,1,0.0,,,0,0.0,1.862,75.6,15.12,E_CONSISTENT_MID
PKX,7,373,2025-05-13,2026-05-21,0,0,0,0.0,0,0,87.94,1.0429,1.3,,,,1.21,VERY_BEARISH,14,0.426,,,0,0.0,,,0,0.0,0.379,75.6,15.12,E_CONSISTENT_MID
SDGR,10,384,2025-05-13,2026-06-01,0,0,0,0.0,0,0,90.76,1.155,1.625,,,,1.13,VERY_BEARISH,15,0.352,3.0,3.0,1,0.0,,,0,0.0,1.786,75.6,15.12,E_CONSISTENT_MID
SOFI,10,384,2025-05-13,2026-06-01,0,0,0,0.0,0,0,95.32,1.0925,1.3125,,,,1.07,VERY_BEARISH,15,0.258,2.0,2.0,1,0.0,,,0,0.0,3.624,75.6,15.12,E_CONSISTENT_MID
ACRE,7,373,2025-05-13,2026-05-21,0,0,0,0.0,0,0,62.35,2.2714,2.4,,,,3.74,NEUTRAL,21,0.425,,,0,0.0,,,0,0.0,0.419,75.5,15.1,E_CONSISTENT_MID
BGS,10,384,2025-05-13,2026-06-01,0,0,0,0.0,0,0,16.36,3.2136,3.8333,,,,4.04,VERY_BULLISH,21,0.222,4.0,4.0,2,0.0,3.0,3.0,3,0.0,4.47,75.5,15.1,E_CONSISTENT_MID
EBF,10,384,2025-05-13,2026-06-01,0,0,0,0.0,0,0,17.63,3.2008,3.7692,,,,4.14,BULLISH,32,0.334,,,0,0.0,3.0,3.0,3,0.0,2.259,75.5,15.1,E_CONSISTENT_MID
MT,7,373,2025-05-13,2026-05-21,0,0,0,0.0,0,0,41.72,2.2714,2.4,,,,3.22,NEUTRAL,18,0.428,,,0,0.0,,,0,0.0,0.458,75.5,15.1,E_CONSISTENT_MID
NBBK,5,12,2026-05-20,2026-06-01,0,0,0,0.0,0,0,88.63,1.815,1.6875,,,,2,BEARISH,2,0.0,1.0,1.0,1,0.0,,,0,0.0,9.075,75.5,15.1,E_CONSISTENT_MID
OSUR,7,373,2025-05-13,2026-05-21,0,0,0,0.0,0,0,69.59,1.6571,1.85,,,,2.21,BEARISH,14,0.426,,,0,0.0,,,0,0.0,0.498,75.5,15.1,E_CONSISTENT_MID
PHG,7,373,2025-05-13,2026-05-21,0,0,0,0.0,0,0,38.33,2.2714,2.4,,,,3.22,NEUTRAL,18,0.428,,,0,0.0,,,0,0.0,0.404,75.5,15.1,E_CONSISTENT_MID
REAL,7,373,2025-05-13,2026-05-21,0,0,0,0.0,0,0,36.76,2.2714,2.4,,,,3.22,NEUTRAL,18,0.428,,,0,0.0,,,0,0.0,0.453,75.5,15.1,E_CONSISTENT_MID
TWI,10,384,2025-05-13,2026-06-01,0,0,0,0.0,0,0,40.91,2.49,3.0,,,,2.93,BEARISH,15,0.258,,,0,0.0,,,0,0.0,3.826,75.5,15.1,E_CONSISTENT_MID
VIR,10,384,2025-05-13,2026-06-01,0,0,0,0.0,0,0,40.14,2.49,3.0,,,,2.93,BEARISH,15,0.258,3.0,3.0,1,0.0,,,0,0.0,3.926,75.5,15.1,E_CONSISTENT_MID
VRRM,10,384,2025-05-13,2026-06-01,0,0,0,0.0,0,0,39.98,2.49,3.0,,,,2.94,NEUTRAL,16,0.25,3.0,3.0,1,0.0,,,0,0.0,3.971,75.5,15.1,E_CONSISTENT_MID
AMGN,10,384,2025-05-13,2026-06-01,0,0,0,0.0,0,0,59.47,2.49,3.0,,,,3.91,NEUTRAL,34,0.415,3.0,3.0,1,0.0,,,0,0.0,0.931,75.4,15.08,E_CONSISTENT_MID
ARQ,10,384,2025-05-13,2026-06-01,0,0,0,0.0,0,0,58.66,2.49,3.0,,,,3.2,NEUTRAL,15,0.414,3.0,3.0,1,0.0,,,0,0.0,0.846,75.4,15.08,E_CONSISTENT_MID
BLDR,10,384,2025-05-13,2026-06-01,0,0,0,0.0,0,0,99.77,1.03,1.0,,,,1.13,VERY_BEARISH,15,0.352,1.0,1.0,1,0.0,,,0,0.0,2.227,75.4,15.08,E_CONSISTENT_MID
BLMN,10,384,2025-05-13,2026-06-01,0,0,0,0.0,0,0,57.39,2.49,3.0,,,,3.22,BULLISH,18,0.428,3.0,3.0,1,0.0,,,0,0.0,0.544,75.4,15.08,E_CONSISTENT_MID
COSO,3,10,2026-05-22,2026-06-01,0,0,0,0.0,0,0,68.02,2.4167,2.625,,,,2,BEARISH,1,0.0,4.0,4.0,1,0.0,,,0,0.0,9.265,75.4,15.08,E_CONSISTENT_MID
EYE,10,384,2025-05-13,2026-06-01,0,0,0,0.0,0,0,53.17,2.49,3.0,,,,3.06,BEARISH,17,0.429,3.0,3.0,1,0.0,,,0,0.0,0.718,75.4,15.08,E_CONSISTENT_MID
OXM,10,384,2025-05-13,2026-06-01,0,0,0,0.0,0,0,98.22,1.03,1.0,,,,1.07,BEARISH,15,0.258,1.0,1.0,1,0.0,,,0,0.0,4.036,75.4,15.08,E_CONSISTENT_MID
AIRG,7,373,2025-05-13,2026-05-21,0,0,0,0.0,0,0,83.08,1.6571,1.85,,,,1.79,BEARISH,14,0.426,,,0,0.0,,,0,0.0,0.877,75.3,15.06,E_CONSISTENT_MID
BHC,10,384,2025-05-13,2026-06-01,0,0,0,0.0,0,0,57.62,2.49,3.0,,,,3.06,BEARISH,16,0.443,3.0,3.0,1,0.0,,,0,0.0,0.611,75.3,15.06,E_CONSISTENT_MID
CMTG,3,10,2026-05-22,2026-06-01,0,0,0,0.0,0,0,68.1,2.4167,2.625,,,,2,BEARISH,1,0.0,4.0,4.0,1,0.0,,,0,0.0,9.355,75.3,15.06,E_CONSISTENT_MID
CVGI,7,373,2025-05-13,2026-05-21,0,0,0,0.0,0,0,25.23,2.9429,3.15,,,,3.28,BULLISH,17,0.443,,,0,0.0,2.0,2.0,1,0.0,0.533,75.3,15.06,E_CONSISTENT_MID
DOCN,10,384,2025-05-13,2026-06-01,0,0,0,0.0,0,0,30.24,3.1181,3.4444,,,,3.88,BULLISH,24,0.338,3.0,3.0,2,0.0,2.0,2.0,3,0.0,2.727,75.3,15.06,E_CONSISTENT_MID
EGBN,10,384,2025-05-13,2026-06-01,0,0,0,0.0,0,0,53.83,2.49,3.0,,,,2.94,BEARISH,16,0.443,3.0,3.0,1,0.0,,,0,0.0,0.594,75.3,15.06,E_CONSISTENT_MID
LAMR,10,384,2025-05-13,2026-06-01,0,0,0,0.0,0,0,18.14,3.156,3.7222,,,,3.93,BULLISH,15,0.258,4.0,4.0,2,0.0,2.0,2.0,3,0.0,4.329,75.3,15.06,E_CONSISTENT_MID
PMTS,7,373,2025-05-13,2026-05-21,0,0,0,0.0,0,0,14.95,2.9714,3.25,,,,3.21,BULLISH,14,0.426,,,0,0.0,3.0,3.0,1,0.0,0.79,75.3,15.06,E_CONSISTENT_MID
COHU,10,384,2025-05-13,2026-06-01,0,0,0,0.0,0,0,80.51,1.8225,2.3125,,,,1.8,BEARISH,15,0.414,3.0,3.0,1,0.0,,,0,0.0,1.379,75.2,15.04,E_CONSISTENT_MID
CVBF,10,384,2025-05-13,2026-06-01,0,0,0,0.0,0,0,79.93,1.8225,2.3125,,,,2.2,BEARISH,15,0.414,3.0,3.0,1,0.0,,,0,0.0,1.325,75.2,15.04,E_CONSISTENT_MID
DTM,10,384,2025-05-13,2026-06-01,0,0,0,0.0,0,0,79.35,1.8225,2.3125,,,,2.8,NEUTRAL,15,0.414,3.0,3.0,1,0.0,,,0,0.0,1.353,75.2,15.04,E_CONSISTENT_MID
FHN,10,384,2025-05-13,2026-06-01,0,0,0,0.0,0,0,52.94,2.49,3.0,,,,3.24,NEUTRAL,21,0.436,3.0,3.0,1,0.0,,,0,0.0,0.802,75.2,15.04,E_CONSISTENT_MID
HRL,10,384,2025-05-13,2026-06-01,0,0,0,0.0,0,0,85.73,1.76,2.0,,,,2.07,NEUTRAL,15,0.258,2.0,2.0,1,0.0,,,0,0.0,4.382,75.2,15.04,E_CONSISTENT_MID
NVMI,7,373,2025-05-13,2026-05-21,0,0,0,0.0,0,0,40.33,2.2714,2.4,,,,3.19,NEUTRAL,18,0.461,,,0,0.0,,,0,0.0,0.462,75.2,15.04,E_CONSISTENT_MID
NWS,10,384,2025-05-13,2026-06-01,0,0,0,0.0,0,0,46.71,2.49,3.0,,,,3.12,NEUTRAL,8,0.354,3.0,3.0,1,0.0,,,0,0.0,2.545,75.2,15.04,E_CONSISTENT_MID
OPTU,10,384,2025-05-13,2026-06-01,0,0,0,0.0,0,0,46.21,2.49,3.0,,,,3.13,NEUTRAL,15,0.352,3.0,3.0,1,0.0,,,0,0.0,2.615,75.2,15.04,E_CONSISTENT_MID
PEG,10,384,2025-05-13,2026-06-01,0,0,0,0.0,0,0,45.71,2.49,3.0,,,,3.12,NEUTRAL,17,0.344,3.0,3.0,1,0.0,,,0,0.0,2.74,75.2,15.04,E_CONSISTENT_MID
WMS,10,384,2025-05-13,2026-06-01,0,0,0,0.0,0,0,69.95,1.8225,2.3125,,,,2.13,BEARISH,15,0.352,3.0,3.0,1,0.0,,,0,0.0,2.606,75.2,15.04,E_CONSISTENT_MID
ACAD,10,384,2025-05-13,2026-06-01,0,0,0,0.0,0,0,60.32,2.49,3.0,,,,3.14,NEUTRAL,17,0.424,3.0,3.0,1,0.0,,,0,0.0,1.228,75.1,15.02,E_CONSISTENT_MID
BBBY,10,384,2025-05-13,2026-06-01,0,0,0,0.0,0,0,57.93,2.49,3.0,,,,2.73,BEARISH,15,0.458,,,0,0.0,,,0,0.0,0.738,75.1,15.02,E_CONSISTENT_MID
CNM,10,384,2025-05-13,2026-06-01,0,0,0,0.0,0,0,24.48,3.1868,3.6111,,,,4,NEUTRAL,20,0.324,3.0,3.0,2,0.0,3.0,3.0,3,0.0,3.403,75.1,15.02,E_CONSISTENT_MID
CSTL,10,384,2025-05-13,2026-06-01,0,0,0,0.0,0,0,55.45,2.49,3.0,,,,2.29,NEUTRAL,14,0.469,3.0,3.0,1,0.0,,,0,0.0,0.452,75.1,15.02,E_CONSISTENT_MID
JBHT,10,384,2025-05-13,2026-06-01,0,0,0,0.0,0,0,25.95,3.158,3.5556,,,,3.88,BULLISH,24,0.345,3.0,3.0,2,0.0,3.0,3.0,3,0.0,2.872,75.1,15.02,E_CONSISTENT_MID
NHC,10,384,2025-05-13,2026-06-01,0,0,0,0.0,0,0,15.24,3.2338,3.8462,,,,4.29,BULLISH,32,0.439,,,0,0.0,3.0,3.0,3,0.0,0.978,75.1,15.02,E_CONSISTENT_MID
PERI,7,373,2025-05-13,2026-05-21,0,0,0,0.0,0,0,38.54,2.2714,2.4,,,,3.29,NEUTRAL,14,0.469,,,0,0.0,,,0,0.0,0.383,75.1,15.02,E_CONSISTENT_MID
PODD,10,384,2025-05-13,2026-06-01,0,0,0,0.0,0,0,45.01,2.49,3.0,,,,3.13,NEUTRAL,15,0.352,3.0,3.0,1,0.0,,,0,0.0,2.766,75.1,15.02,E_CONSISTENT_MID
RVSB,7,373,2025-05-13,2026-05-21,0,0,0,0.0,0,0,67.56,1.6571,1.85,,,,2.71,BEARISH,14,0.469,,,0,0.0,,,0,0.0,0.472,75.1,15.02,E_CONSISTENT_MID
ST,10,384,2025-05-13,2026-06-01,0,0,0,0.0,0,0,42.27,2.49,3.0,,,,3.13,NEUTRAL,20,0.325,3.0,3.0,1,0.0,,,0,0.0,3.383,75.1,15.02,E_CONSISTENT_MID
BHF,10,384,2025-05-13,2026-06-01,0,0,0,0.0,0,0,57.58,2.49,3.0,,,,3.31,NEUTRAL,22,0.465,3.0,3.0,1,0.0,,,0,0.0,0.611,75.0,15.0,E_CONSISTENT_MID
CNX,10,384,2025-05-13,2026-06-01,0,0,0,0.0,0,0,26.68,3.158,3.5556,,,,4.75,BULLISH,27,0.402,3.0,3.0,2,0.0,3.0,3.0,3,0.0,1.899,75.0,15.0,E_CONSISTENT_MID
EXLS,10,384,2025-05-13,2026-06-01,0,0,0,0.0,0,0,53.21,2.49,3.0,,,,3.32,NEUTRAL,18,0.468,3.0,3.0,1,0.0,,,0,0.0,0.668,75.0,15.0,E_CONSISTENT_MID
FCF,10,384,2025-05-13,2026-06-01,0,0,0,0.0,0,0,53.02,2.49,3.0,,,,3.82,NEUTRAL,22,0.467,3.0,3.0,1,0.0,,,0,0.0,0.735,75.0,15.0,E_CONSISTENT_MID
HAYW,10,384,2025-05-13,2026-06-01,0,0,0,0.0,0,0,51.62,2.49,3.0,,,,2.94,NEUTRAL,16,0.443,3.0,3.0,1,0.0,,,0,0.0,1.171,75.0,15.0,E_CONSISTENT_MID
KOS,10,384,2025-05-13,2026-06-01,0,0,0,0.0,0,0,49.73,2.49,3.0,,,,2.8,NEUTRAL,15,0.414,3.0,3.0,1,0.0,,,0,0.0,1.814,75.0,15.0,E_CONSISTENT_MID
LBRT,10,384,2025-05-13,2026-06-01,0,0,0,0.0,0,0,76.3,1.8225,2.3125,,,,2.2,BEARISH,15,0.414,3.0,3.0,1,0.0,,,0,0.0,1.637,75.0,15.0,E_CONSISTENT_MID
LPSN,7,373,2025-05-13,2026-05-21,0,0,0,0.0,0,0,43.61,2.2714,2.4,,,,2.71,NEUTRAL,14,0.469,,,0,0.0,,,0,0.0,0.575,75.0,15.0,E_CONSISTENT_MID
OSIS,10,384,2025-05-13,2026-06-01,0,0,0,0.0,0,0,46.13,2.49,3.0,,,,3.17,NEUTRAL,19,0.367,3.0,3.0,1,0.0,,,0,0.0,2.66,75.0,15.0,E_CONSISTENT_MID
RCKT,10,384,2025-05-13,2026-06-01,0,0,0,0.0,0,0,44.39,2.49,3.0,,,,2.87,BEARISH,16,0.354,3.0,3.0,1,0.0,,,0,0.0,2.951,75.0,15.0,E_CONSISTENT_MID
RIOT,10,384,2025-05-13,2026-06-01,0,0,0,0.0,0,0,44.04,2.49,3.0,,,,2.87,NEUTRAL,15,0.352,3.0,3.0,1,0.0,,,0,0.0,3.051,75.0,15.0,E_CONSISTENT_MID
RPRX,10,384,2025-05-13,2026-06-01,0,0,0,0.0,0,0,23.16,3.1868,3.6111,,,,4.11,BULLISH,28,0.274,3.0,3.0,2,0.0,3.0,3.0,3,0.0,4.515,75.0,15.0,E_CONSISTENT_MID
SBAC,10,384,2025-05-13,2026-06-01,0,0,0,0.0,0,0,43.62,2.49,3.0,,,,3.12,NEUTRAL,17,0.332,3.0,3.0,1,0.0,,,0,0.0,3.268,75.0,15.0,E_CONSISTENT_MID
TKC,2,1,2026-05-20,2026-05-21,0,0,0,0.0,0,0,10.74,3.3,3.3,,,,4.64,BULLISH,6,0.502,,,0,0.0,4.0,4.0,1,0.0,0.0,75.0,15.0,E_CONSISTENT_MID
BN,10,384,2025-05-13,2026-06-01,0,0,0,0.0,0,0,81.63,1.8225,2.3125,,,,2.11,BEARISH,16,0.44,3.0,3.0,1,0.0,,,0,0.0,1.451,74.9,14.98,E_CONSISTENT_MID
BYRN,7,373,2025-05-13,2026-05-21,0,0,0,0.0,0,0,57.07,2.2714,2.4,,,,2.64,NEUTRAL,14,0.497,,,0,0.0,,,0,0.0,0.333,74.9,14.98,E_CONSISTENT_MID
CLW,7,373,2025-05-13,2026-05-21,0,0,0,0.0,0,0,79.44,1.6571,1.85,,,,2.71,BEARISH,14,0.469,,,0,0.0,,,0,0.0,0.798,74.9,14.98,E_CONSISTENT_MID
COFS,10,384,2025-05-13,2026-06-01,0,0,0,0.0,0,0,15.0,3.2424,3.8889,,,,4.09,VERY_BULLISH,25,0.281,4.0,4.0,2,0.0,3.0,3.0,3,0.0,4.572,74.9,14.98,E_CONSISTENT_MID
CPB,10,384,2025-05-13,2026-06-01,0,0,0,0.0,0,0,89.25,1.6975,1.6875,,,,2.12,NEUTRAL,16,0.32,1.0,1.0,1,0.0,,,0,0.0,3.894,74.9,14.98,E_CONSISTENT_MID
JRVR,7,373,2025-05-13,2026-05-21,0,0,0,0.0,0,0,45.07,2.2714,2.4,,,,3.69,NEUTRAL,16,0.479,,,0,0.0,,,0,0.0,0.671,74.9,14.98,E_CONSISTENT_MID
MATX,10,384,2025-05-13,2026-06-01,0,0,0,0.0,0,0,23.59,3.1691,3.6111,,,,4.11,BULLISH,30,0.376,3.0,3.0,2,0.0,3.0,3.0,3,0.0,2.671,74.9,14.98,E_CONSISTENT_MID
MCO,10,384,2025-05-13,2026-06-01,0,0,0,0.0,0,0,48.65,2.49,3.0,,,,3.14,NEUTRAL,17,0.399,3.0,3.0,1,0.0,,,0,0.0,2.179,74.9,14.98,E_CONSISTENT_MID
OVID,10,384,2025-05-13,2026-06-01,0,0,0,0.0,0,0,46.06,2.49,3.0,,,,3.16,NEUTRAL,18,0.377,3.0,3.0,1,0.0,,,0,0.0,2.66,74.9,14.98,E_CONSISTENT_MID
PFE,10,384,2025-05-13,2026-06-01,0,0,0,0.0,0,0,23.32,3.1691,3.6111,,,,4.15,BULLISH,28,0.305,3.0,3.0,2,0.0,3.0,3.0,3,0.0,4.143,74.9,14.98,E_CONSISTENT_MID
PXLW,7,373,2025-05-13,2026-05-21,0,0,0,0.0,0,0,37.15,2.2714,2.4,,,,2.85,NEUTRAL,15,0.487,,,0,0.0,,,0,0.0,0.51,74.9,14.98,E_CONSISTENT_MID
SONO,10,384,2025-05-13,2026-06-01,0,0,0,0.0,0,0,90.49,1.155,1.625,,,,1.8,BEARISH,15,0.414,3.0,3.0,1,0.0,,,0,0.0,1.871,74.9,14.98,E_CONSISTENT_MID
AMBA,10,384,2025-05-13,2026-06-01,0,0,0,0.0,0,0,59.51,2.49,3.0,,,,2.69,NEUTRAL,16,0.477,3.0,3.0,1,0.0,,,0,0.0,0.943,74.8,14.96,E_CONSISTENT_MID
CCEP,7,373,2025-05-13,2026-05-21,0,0,0,0.0,0,0,56.57,2.2714,2.4,,,,3.57,NEUTRAL,23,0.507,,,0,0.0,,,0,0.0,0.274,74.8,14.96,E_CONSISTENT_MID
CNS,10,384,2025-05-13,2026-06-01,0,0,0,0.0,0,0,55.76,2.49,3.0,,,,3.48,NEUTRAL,16,0.504,3.0,3.0,1,0.0,,,0,0.0,0.372,74.8,14.96,E_CONSISTENT_MID
DD,10,384,2025-05-13,2026-06-01,0,0,0,0.0,0,0,54.56,2.49,3.0,,,,3.37,NEUTRAL,19,0.496,3.0,3.0,1,0.0,,,0,0.0,0.499,74.8,14.96,E_CONSISTENT_MID
DIS,10,384,2025-05-13,2026-06-01,0,0,0,0.0,0,0,54.41,2.49,3.0,,,,2.37,NEUTRAL,16,0.497,3.0,3.0,1,0.0,,,0,0.0,0.539,74.8,14.96,E_CONSISTENT_MID
EA,10,384,2025-05-13,2026-06-01,0,0,0,0.0,0,0,54.02,2.49,3.0,,,,2.33,NEUTRAL,15,0.488,3.0,3.0,1,0.0,,,0,0.0,0.547,74.8,14.96,E_CONSISTENT_MID
ESAB,10,384,2025-05-13,2026-06-01,0,0,0,0.0,0,0,78.92,1.8225,2.3125,,,,2.11,BEARISH,16,0.45,3.0,3.0,1,0.0,,,0,0.0,1.388,74.8,14.96,E_CONSISTENT_MID
HCAT,7,373,2025-05-13,2026-05-21,0,0,0,0.0,0,0,48.04,2.2714,2.4,,,,3.48,NEUTRAL,20,0.499,,,0,0.0,,,0,0.0,0.493,74.8,14.96,E_CONSISTENT_MID
IONS,10,384,2025-05-13,2026-06-01,0,0,0,0.0,0,0,92.34,1.155,1.625,,,,1.27,VERY_BEARISH,15,0.458,3.0,3.0,1,0.0,,,0,0.0,1.232,74.8,14.96,E_CONSISTENT_MID
KROS,7,373,2025-05-13,2026-05-21,0,0,0,0.0,0,0,15.85,2.9714,3.25,,,,4.39,BULLISH,31,0.461,,,0,0.0,3.0,3.0,1,0.0,1.114,74.8,14.96,E_CONSISTENT_MID
KULR,7,373,2025-05-13,2026-05-21,0,0,0,0.0,0,0,73.09,1.6571,1.85,,,,2.25,BEARISH,4,0.5,,,0,0.0,,,0,0.0,0.455,74.8,14.96,E_CONSISTENT_MID
LAB,10,384,2025-05-13,2026-06-01,0,0,0,0.0,0,0,15.31,3.2338,3.8462,,,,4.09,NEUTRAL,20,0.452,,,0,0.0,3.0,3.0,3,0.0,1.403,74.8,14.96,E_CONSISTENT_MID
LMNR,10,384,2025-05-13,2026-06-01,0,0,0,0.0,0,0,92.0,1.155,1.625,,,,1.27,VERY_BEARISH,15,0.458,3.0,3.0,1,0.0,,,0,0.0,1.3,74.8,14.96,E_CONSISTENT_MID
LPTH,10,384,2025-05-13,2026-06-01,0,0,0,0.0,0,0,49.11,2.49,3.0,,,,2.8,NEUTRAL,15,0.414,3.0,3.0,1,0.0,,,0,0.0,2.037,74.8,14.96,E_CONSISTENT_MID
METC,10,384,2025-05-13,2026-06-01,0,0,0,0.0,0,0,91.69,1.155,1.625,,,,1.27,VERY_BEARISH,15,0.458,3.0,3.0,1,0.0,,,0,0.0,1.285,74.8,14.96,E_CONSISTENT_MID
ALC,7,373,2025-05-13,2026-05-21,0,0,0,0.0,0,0,61.56,2.2714,2.4,,,,3.41,NEUTRAL,17,0.507,,,0,0.0,,,0,0.0,0.402,74.7,14.94,E_CONSISTENT_MID
ARDX,10,384,2025-05-13,2026-06-01,0,0,0,0.0,0,0,82.52,1.7125,2.3125,,,,1.93,BEARISH,15,0.258,3.0,3.0,1,0.0,,,0,0.0,5.404,74.7,14.94,E_CONSISTENT_MID
AVAV,10,384,2025-05-13,2026-06-01,0,0,0,0.0,0,0,82.33,1.8225,2.3125,,,,1.27,VERY_BEARISH,15,0.458,3.0,3.0,1,0.0,,,0,0.0,1.531,74.7,14.94,E_CONSISTENT_MID
BJ,10,384,2025-05-13,2026-06-01,0,0,0,0.0,0,0,57.54,2.49,3.0,,,,3.4,NEUTRAL,22,0.497,3.0,3.0,1,0.0,,,0,0.0,0.578,74.7,14.94,E_CONSISTENT_MID
CRNT,7,373,2025-05-13,2026-05-21,0,0,0,0.0,0,0,54.6,2.2714,2.4,,,,2.6,NEUTRAL,15,0.507,,,0,0.0,,,0,0.0,0.375,74.7,14.94,E_CONSISTENT_MID
DHT,7,373,2025-05-13,2026-05-21,0,0,0,0.0,0,0,53.07,2.2714,2.4,,,,3.43,NEUTRAL,22,0.509,,,0,0.0,,,0,0.0,0.474,74.7,14.94,E_CONSISTENT_MID
DOCS,10,384,2025-05-13,2026-06-01,0,0,0,0.0,0,0,54.29,2.49,3.0,,,,2.6,NEUTRAL,15,0.507,3.0,3.0,1,0.0,,,0,0.0,0.53,74.7,14.94,E_CONSISTENT_MID
EDIT,10,384,2025-05-13,2026-06-01,0,0,0,0.0,0,0,79.27,1.8225,2.3125,,,,2.73,BEARISH,15,0.458,3.0,3.0,1,0.0,,,0,0.0,1.374,74.7,14.94,E_CONSISTENT_MID
ETSY,10,384,2025-05-13,2026-06-01,0,0,0,0.0,0,0,78.89,1.8225,2.3125,,,,2.27,NEUTRAL,15,0.458,3.0,3.0,1,0.0,,,0,0.0,1.403,74.7,14.94,E_CONSISTENT_MID
GDOT,7,18,2026-05-14,2026-06-01,0,0,0,0.0,0,0,52.28,2.6571,3.0,,,,3.85,BULLISH,30,0.473,3.0,3.0,1,0.0,,,0,0.0,1.208,74.7,14.94,E_CONSISTENT_MID
GDYN,10,384,2025-05-13,2026-06-01,0,0,0,0.0,0,0,78.07,1.8225,2.3125,,,,1.27,BEARISH,15,0.458,3.0,3.0,1,0.0,,,0,0.0,1.359,74.7,14.94,E_CONSISTENT_MID
GLOB,10,384,2025-05-13,2026-06-01,0,0,0,0.0,0,0,77.88,1.8225,2.3125,,,,2.27,BEARISH,15,0.458,3.0,3.0,1,0.0,,,0,0.0,1.378,74.7,14.94,E_CONSISTENT_MID
GRPN,10,384,2025-05-13,2026-06-01,0,0,0,0.0,0,0,77.69,1.8225,2.3125,,,,2.27,BEARISH,15,0.458,3.0,3.0,1,0.0,,,0,0.0,1.41,74.7,14.94,E_CONSISTENT_MID
IBN,7,373,2025-05-13,2026-05-21,0,0,0,0.0,0,0,91.54,1.0429,1.3,,,,1.43,VERY_BEARISH,14,0.514,,,0,0.0,,,0,0.0,0.286,74.7,14.94,E_CONSISTENT_MID
IDYA,10,384,2025-05-13,2026-06-01,0,0,0,0.0,0,0,76.88,1.8225,2.3125,,,,2.73,BEARISH,15,0.458,3.0,3.0,1,0.0,,,0,0.0,1.418,74.7,14.94,E_CONSISTENT_MID
INFY,10,384,2025-05-13,2026-06-01,0,0,0,0.0,0,0,76.8,1.8225,2.3125,,,,2.27,BEARISH,15,0.458,3.0,3.0,1,0.0,,,0,0.0,1.433,74.7,14.94,E_CONSISTENT_MID
LB,10,384,2025-05-13,2026-06-01,0,0,0,0.0,0,0,98.65,1.03,1.0,,,,1.13,VERY_BEARISH,15,0.352,1.0,1.0,1,0.0,,,0,0.0,3.471,74.7,14.94,E_CONSISTENT_MID
NOVT,10,384,2025-05-13,2026-06-01,0,0,0,0.0,0,0,33.53,2.5525,3.3125,,,,2.87,NEUTRAL,15,0.352,4.0,4.0,1,0.0,,,0,0.0,3.463,74.7,14.94,E_CONSISTENT_MID
NUS,10,384,2025-05-13,2026-06-01,0,0,0,0.0,0,0,33.41,2.5525,3.3125,,,,3.17,NEUTRAL,19,0.366,4.0,4.0,1,0.0,,,0,0.0,3.306,74.7,14.94,E_CONSISTENT_MID
NVST,10,384,2025-05-13,2026-06-01,0,0,0,0.0,0,0,46.75,2.49,3.0,,,,3.23,NEUTRAL,20,0.409,3.0,3.0,1,0.0,,,0,0.0,2.508,74.7,14.94,E_CONSISTENT_MID
PGR,10,384,2025-05-13,2026-06-01,0,0,0,0.0,0,0,25.44,3.158,3.5556,,,,4.09,BULLISH,23,0.289,3.0,3.0,2,0.0,3.0,3.0,3,0.0,4.861,74.7,14.94,E_CONSISTENT_MID
RES,10,384,2025-05-13,2026-06-01,0,0,0,0.0,0,0,44.28,2.49,3.0,,,,3.17,NEUTRAL,18,0.383,3.0,3.0,1,0.0,,,0,0.0,2.983,74.7,14.94,E_CONSISTENT_MID
TAP,10,384,2025-05-13,2026-06-01,0,0,0,0.0,0,0,41.8,2.49,3.0,,,,2.87,NEUTRAL,15,0.352,3.0,3.0,1,0.0,,,0,0.0,3.539,74.7,14.94,E_CONSISTENT_MID
TDOC,10,384,2025-05-13,2026-06-01,0,0,0,0.0,0,0,41.72,2.49,3.0,,,,2.87,NEUTRAL,15,0.352,3.0,3.0,1,0.0,,,0,0.0,3.593,74.7,14.94,E_CONSISTENT_MID
VSTS,10,384,2025-05-13,2026-06-01,0,0,0,0.0,0,0,66.32,1.885,2.625,,,,2.27,BEARISH,15,0.458,4.0,4.0,1,0.0,,,0,0.0,1.357,74.7,14.94,E_CONSISTENT_MID
ACIU,7,373,2025-05-13,2026-05-21,0,0,0,0.0,0,0,83.94,1.6571,1.85,,,,2.56,BEARISH,15,0.497,,,0,0.0,,,0,0.0,0.87,74.6,14.92,E_CONSISTENT_MID
AGIO,10,384,2025-05-13,2026-06-01,0,0,0,0.0,0,0,83.02,1.8225,2.3125,,,,2.73,NEUTRAL,15,0.458,3.0,3.0,1,0.0,,,0,0.0,1.595,74.6,14.92,E_CONSISTENT_MID
BCC,10,384,2025-05-13,2026-06-01,0,0,0,0.0,0,0,57.81,2.49,3.0,,,,2.4,BEARISH,15,0.507,3.0,3.0,1,0.0,,,0,0.0,0.712,74.6,14.92,E_CONSISTENT_MID
BLDP,7,373,2025-05-13,2026-05-21,0,0,0,0.0,0,0,81.08,1.6571,1.85,,,,1.64,BEARISH,14,0.497,,,0,0.0,,,0,0.0,0.918,74.6,14.92,E_CONSISTENT_MID
BNED,10,384,2025-05-13,2026-06-01,0,0,0,0.0,0,0,57.31,2.49,3.0,,,,3.13,NEUTRAL,15,0.516,,,0,0.0,,,0,0.0,0.541,74.6,14.92,E_CONSISTENT_MID
BTI,7,373,2025-05-13,2026-05-21,0,0,0,0.0,0,0,17.7,2.9714,3.25,,,,4.13,BULLISH,27,0.318,,,0,0.0,3.0,3.0,1,0.0,4.514,74.6,14.92,E_CONSISTENT_MID
BUD,10,384,2025-05-13,2026-06-01,0,0,0,0.0,0,0,56.96,2.49,3.0,,,,3.44,NEUTRAL,16,0.512,3.0,3.0,1,0.0,,,0,0.0,0.484,74.6,14.92,E_CONSISTENT_MID
BV,7,373,2025-05-13,2026-05-21,0,0,0,0.0,0,0,57.32,2.2714,2.4,,,,2.5,NEUTRAL,14,0.519,,,0,0.0,,,0,0.0,0.33,74.6,14.92,E_CONSISTENT_MID
CLMT,7,18,2026-05-14,2026-06-01,0,0,0,0.0,0,0,56.07,2.6571,3.0,,,,3.53,NEUTRAL,17,0.514,3.0,3.0,1,0.0,,,0,0.0,0.455,74.6,14.92,E_CONSISTENT_MID
CRL,10,384,2025-05-13,2026-06-01,0,0,0,0.0,0,0,80.28,1.8225,2.3125,,,,2.66,BEARISH,16,0.473,3.0,3.0,1,0.0,,,0,0.0,1.378,74.6,14.92,E_CONSISTENT_MID
DECK,10,384,2025-05-13,2026-06-01,0,0,0,0.0,0,0,54.52,2.49,3.0,,,,3.5,NEUTRAL,18,0.514,3.0,3.0,1,0.0,,,0,0.0,0.519,74.6,14.92,E_CONSISTENT_MID
DLTR,10,384,2025-05-13,2026-06-01,0,0,0,0.0,0,0,79.47,1.8225,2.3125,,,,2.12,BEARISH,16,0.473,3.0,3.0,1,0.0,,,0,0.0,1.349,74.6,14.92,E_CONSISTENT_MID
EGAN,7,18,2026-05-14,2026-06-01,0,0,0,0.0,0,0,53.87,2.6571,3.0,,,,3.58,BULLISH,17,0.499,3.0,3.0,1,0.0,,,0,0.0,0.728,74.6,14.92,E_CONSISTENT_MID
HDB,7,373,2025-05-13,2026-05-21,0,0,0,0.0,0,0,74.98,1.6571,1.85,,,,1.57,BEARISH,14,0.514,,,0,0.0,,,0,0.0,0.597,74.6,14.92,E_CONSISTENT_MID
MDLZ,10,384,2025-05-13,2026-06-01,0,0,0,0.0,0,0,75.52,1.8225,2.3125,,,,1.73,BEARISH,15,0.458,3.0,3.0,1,0.0,,,0,0.0,1.656,74.6,14.92,E_CONSISTENT_MID
MGNX,7,373,2025-05-13,2026-05-21,0,0,0,0.0,0,0,42.47,2.2714,2.4,,,,3.13,NEUTRAL,15,0.516,,,0,0.0,,,0,0.0,0.478,74.6,14.92,E_CONSISTENT_MID
MIRM,10,384,2025-05-13,2026-06-01,0,0,0,0.0,0,0,75.29,1.8225,2.3125,,,,2.73,BEARISH,15,0.458,3.0,3.0,1,0.0,,,0,0.0,1.733,74.6,14.92,E_CONSISTENT_MID
MKTX,7,18,2026-05-14,2026-06-01,0,0,0,0.0,0,0,48.41,2.6571,3.0,,,,3.8,BULLISH,16,0.4,3.0,3.0,1,0.0,,,0,0.0,2.738,74.6,14.92,E_CONSISTENT_MID
MRTN,10,384,2025-05-13,2026-06-01,0,0,0,0.0,0,0,47.99,2.49,3.0,,,,3.15,NEUTRAL,18,0.424,3.0,3.0,1,0.0,,,0,0.0,2.319,74.6,14.92,E_CONSISTENT_MID
NVRI,10,384,2025-05-13,2026-06-01,0,0,0,0.0,0,0,46.83,2.49,3.0,,,,3.21,NEUTRAL,19,0.419,3.0,3.0,1,0.0,,,0,0.0,2.514,74.6,14.92,E_CONSISTENT_MID
ONB,10,384,2025-05-13,2026-06-01,0,0,0,0.0,0,0,46.37,2.49,3.0,,,,2.8,NEUTRAL,15,0.414,3.0,3.0,1,0.0,,,0,0.0,2.586,74.6,14.92,E_CONSISTENT_MID
PRQR,7,373,2025-05-13,2026-05-21,0,0,0,0.0,0,0,37.4,2.2714,2.4,,,,2.5,NEUTRAL,14,0.519,,,0,0.0,,,0,0.0,0.502,74.6,14.92,E_CONSISTENT_MID
SMBC,10,384,2025-05-13,2026-06-01,0,0,0,0.0,0,0,32.71,2.5525,3.3125,,,,3.31,NEUTRAL,16,0.479,4.0,4.0,1,0.0,,,0,0.0,1.128,74.6,14.92,E_CONSISTENT_MID
ADP,10,384,2025-05-13,2026-06-01,0,0,0,0.0,0,0,60.09,2.49,3.0,,,,2.33,NEUTRAL,15,0.488,3.0,3.0,1,0.0,,,0,0.0,1.141,74.5,14.9,E_CONSISTENT_MID
ADPT,7,373,2025-05-13,2026-05-21,0,0,0,0.0,0,0,97.0,1.5,1.3,,,,1.93,VERY_BEARISH,14,0.267,,,0,0.0,,,0,0.0,5.706,74.5,14.9,E_CONSISTENT_MID
ADTN,10,384,2025-05-13,2026-06-01,0,0,0,0.0,0,0,36.31,2.5525,3.3125,,,,3,NEUTRAL,15,0.0,4.0,4.0,1,0.0,,,0,0.0,11.089,74.5,14.9,E_CONSISTENT_MID
ATOM,10,384,2025-05-13,2026-06-01,0,0,0,0.0,0,0,58.51,2.49,3.0,,,,2.47,BEARISH,15,0.516,,,0,0.0,,,0,0.0,0.746,74.5,14.9,E_CONSISTENT_MID
AVNS,10,384,2025-05-13,2026-06-01,0,0,0,0.0,0,0,58.31,2.49,3.0,,,,3.27,NEUTRAL,23,0.516,3.0,3.0,1,0.0,,,0,0.0,0.751,74.5,14.9,E_CONSISTENT_MID
BEN,10,384,2025-05-13,2026-06-01,0,0,0,0.0,0,0,57.66,2.49,3.0,,,,3.26,BULLISH,18,0.513,3.0,3.0,1,0.0,,,0,0.0,0.671,74.5,14.9,E_CONSISTENT_MID
BHVN,10,384,2025-05-13,2026-06-01,0,0,0,0.0,0,0,81.79,1.8225,2.3125,,,,2.32,NEUTRAL,16,0.473,3.0,3.0,1,0.0,,,0,0.0,1.456,74.5,14.9,E_CONSISTENT_MID
BSBR,7,373,2025-05-13,2026-05-21,0,0,0,0.0,0,0,57.53,2.2714,2.4,,,,3.71,NEUTRAL,18,0.532,,,0,0.0,,,0,0.0,0.34,74.5,14.9,E_CONSISTENT_MID
DGICA,7,373,2025-05-13,2026-05-21,0,0,0,0.0,0,0,21.27,2.9571,3.2,,,,4.48,BULLISH,32,0.484,,,0,0.0,3.0,3.0,1,0.0,1.256,74.5,14.9,E_CONSISTENT_MID
ESQ,10,384,2025-05-13,2026-06-01,0,0,0,0.0,0,0,53.48,2.49,3.0,,,,2.8,BEARISH,16,0.516,3.0,3.0,1,0.0,,,0,0.0,0.661,74.5,14.9,E_CONSISTENT_MID
HE,7,18,2026-05-14,2026-06-01,0,0,0,0.0,0,0,51.47,2.6571,3.0,,,,3.87,NEUTRAL,23,0.475,3.0,3.0,1,0.0,,,0,0.0,1.523,74.5,14.9,E_CONSISTENT_MID
INBK,7,373,2025-05-13,2026-05-21,0,0,0,0.0,0,0,46.5,2.2714,2.4,,,,2.5,NEUTRAL,14,0.519,,,0,0.0,,,0,0.0,0.574,74.5,14.9,E_CONSISTENT_MID
JD,7,373,2025-05-13,2026-05-21,0,0,0,0.0,0,0,45.36,2.2714,2.4,,,,3.13,NEUTRAL,15,0.516,,,0,0.0,,,0,0.0,0.638,74.5,14.9,E_CONSISTENT_MID
MDXG,7,373,2025-05-13,2026-05-21,0,0,0,0.0,0,0,15.63,2.9714,3.25,,,,4.47,BULLISH,31,0.51,,,0,0.0,3.0,3.0,1,0.0,0.741,74.5,14.9,E_CONSISTENT_MID
OPK,10,384,2025-05-13,2026-06-01,0,0,0,0.0,0,0,46.25,2.49,3.0,,,,3.21,NEUTRAL,19,0.419,3.0,3.0,1,0.0,,,0,0.0,2.616,74.5,14.9,E_CONSISTENT_MID
PI,10,384,2025-05-13,2026-06-01,0,0,0,0.0,0,0,73.67,1.8225,2.3125,,,,1.27,BEARISH,15,0.458,3.0,3.0,1,0.0,,,0,0.0,1.879,74.5,14.9,E_CONSISTENT_MID
POR,10,384,2025-05-13,2026-06-01,0,0,0,0.0,0,0,20.07,3.2156,3.6667,,,,4.04,BULLISH,29,0.387,3.0,3.0,2,0.0,4.0,4.0,3,0.0,3.194,74.5,14.9,E_CONSISTENT_MID
VIAV,10,384,2025-05-13,2026-06-01,0,0,0,0.0,0,0,31.98,2.5525,3.3125,,,,3.52,NEUTRAL,21,0.513,4.0,4.0,1,0.0,,,0,0.0,0.708,74.5,14.9,E_CONSISTENT_MID
ADAM,10,384,2025-05-13,2026-06-01,0,0,0,0.0,0,0,36.39,2.5525,3.3125,,,,3,NEUTRAL,15,0.0,4.0,4.0,1,0.0,,,0,0.0,11.154,74.4,14.88,E_CONSISTENT_MID
AMP,10,384,2025-05-13,2026-06-01,0,0,0,0.0,0,0,59.4,2.49,3.0,,,,2.53,NEUTRAL,15,0.516,3.0,3.0,1,0.0,,,0,0.0,0.93,74.4,14.88,E_CONSISTENT_MID
AON,10,384,2025-05-13,2026-06-01,0,0,0,0.0,0,0,59.13,2.49,3.0,,,,3.13,BEARISH,15,0.516,3.0,3.0,1,0.0,,,0,0.0,0.92,74.4,14.88,E_CONSISTENT_MID
AVNW,10,384,2025-05-13,2026-06-01,0,0,0,0.0,0,0,99.85,1.03,1.0,,,,1.73,VERY_BEARISH,15,0.458,1.0,1.0,1,0.0,,,0,0.0,2.085,74.4,14.88,E_CONSISTENT_MID
BBSI,10,384,2025-05-13,2026-06-01,0,0,0,0.0,0,0,29.12,3.1292,3.5,,,,3.65,BULLISH,17,0.493,3.0,3.0,2,0.0,2.0,2.0,3,0.0,1.289,74.4,14.88,E_CONSISTENT_MID
BBWI,10,384,2025-05-13,2026-06-01,0,0,0,0.0,0,0,87.08,1.76,2.0,,,,2.27,BEARISH,15,0.458,2.0,2.0,1,0.0,,,0,0.0,2.107,74.4,14.88,E_CONSISTENT_MID
BHP,10,384,2025-05-13,2026-06-01,0,0,0,0.0,0,0,26.91,3.1757,3.5556,,,,4.14,BULLISH,30,0.355,3.0,3.0,2,0.0,3.0,3.0,3,0.0,4.155,74.4,14.88,E_CONSISTENT_MID
BWB,10,384,2025-05-13,2026-06-01,0,0,0,0.0,0,0,56.88,2.49,3.0,,,,3.64,NEUTRAL,28,0.539,3.0,3.0,1,0.0,,,0,0.0,0.485,74.4,14.88,E_CONSISTENT_MID
CRK,10,384,2025-05-13,2026-06-01,0,0,0,0.0,0,0,24.36,3.1868,3.6111,,,,3.19,NEUTRAL,16,0.403,3.0,3.0,2,0.0,3.0,3.0,3,0.0,3.231,74.4,14.88,E_CONSISTENT_MID
CSW,10,384,2025-05-13,2026-06-01,0,0,0,0.0,0,0,80.12,1.3925,2.3125,,,,1.07,BEARISH,15,0.258,3.0,3.0,1,0.0,,,0,0.0,5.991,74.4,14.88,E_CONSISTENT_MID
CWST,10,384,2025-05-13,2026-06-01,0,0,0,0.0,0,0,79.85,1.8225,2.3125,,,,1.33,BEARISH,15,0.488,3.0,3.0,1,0.0,,,0,0.0,1.348,74.4,14.88,E_CONSISTENT_MID
CXM,10,384,2025-05-13,2026-06-01,0,0,0,0.0,0,0,79.81,1.8225,2.3125,,,,2.67,BEARISH,15,0.488,3.0,3.0,1,0.0,,,0,0.0,1.345,74.4,14.88,E_CONSISTENT_MID
CYTK,10,384,2025-05-13,2026-06-01,0,0,0,0.0,0,0,79.78,1.3925,2.3125,,,,1.07,BEARISH,15,0.258,3.0,3.0,1,0.0,,,0,0.0,6.097,74.4,14.88,E_CONSISTENT_MID
DEO,10,384,2025-05-13,2026-06-01,0,0,0,0.0,0,0,79.58,1.8225,2.3125,,,,1.67,BEARISH,15,0.488,3.0,3.0,1,0.0,,,0,0.0,1.342,74.4,14.88,E_CONSISTENT_MID
DLR,10,384,2025-05-13,2026-06-01,0,0,0,0.0,0,0,28.58,3.1292,3.5,,,,4.11,NEUTRAL,19,0.459,3.0,3.0,2,0.0,2.0,2.0,3,0.0,2.027,74.4,14.88,E_CONSISTENT_MID
FIZZ,10,384,2025-05-13,2026-06-01,0,0,0,0.0,0,0,52.82,2.49,3.0,,,,2.47,NEUTRAL,15,0.516,,,0,0.0,,,0,0.0,0.824,74.4,14.88,E_CONSISTENT_MID
GDDY,10,384,2025-05-13,2026-06-01,0,0,0,0.0,0,0,52.36,2.49,3.0,,,,2.6,NEUTRAL,15,0.507,3.0,3.0,1,0.0,,,0,0.0,1.029,74.4,14.88,E_CONSISTENT_MID
INTC,10,384,2025-05-13,2026-06-01,0,0,0,0.0,0,0,50.54,2.49,3.0,,,,3.69,NEUTRAL,16,0.479,3.0,3.0,1,0.0,,,0,0.0,1.584,74.4,14.88,E_CONSISTENT_MID
MET,10,384,2025-05-13,2026-06-01,0,0,0,0.0,0,0,75.41,1.8225,2.3125,,,,2.12,BEARISH,16,0.473,3.0,3.0,1,0.0,,,0,0.0,1.673,74.4,14.88,E_CONSISTENT_MID
MMSI,10,384,2025-05-13,2026-06-01,0,0,0,0.0,0,0,48.3,2.49,3.0,,,,3.25,NEUTRAL,20,0.447,3.0,3.0,1,0.0,,,0,0.0,2.302,74.4,14.88,E_CONSISTENT_MID
OABI,3,10,2026-05-22,2026-06-01,0,0,0,0.0,0,0,29.85,3.6296,3.4444,,,,3,NEUTRAL,1,0.0,3.0,3.0,2,0.0,2.0,2.0,2,0.0,11.297,74.4,14.88,E_CONSISTENT_MID
RARE,10,384,2025-05-13,2026-06-01,0,0,0,0.0,0,0,44.47,2.49,3.0,,,,2.77,BEARISH,16,0.414,3.0,3.0,1,0.0,,,0,0.0,2.947,74.4,14.88,E_CONSISTENT_MID
SCHW,10,384,2025-05-13,2026-06-01,0,0,0,0.0,0,0,66.63,1.885,2.625,,,,2.67,NEUTRAL,15,0.488,4.0,4.0,1,0.0,,,0,0.0,1.459,74.4,14.88,E_CONSISTENT_MID
SEZL,10,384,2025-05-13,2026-06-01,0,0,0,0.0,0,0,66.59,1.885,2.625,,,,2.67,NEUTRAL,15,0.488,4.0,4.0,1,0.0,,,0,0.0,1.444,74.4,14.88,E_CONSISTENT_MID
SPWH,7,373,2025-05-13,2026-05-21,0,0,0,0.0,0,0,66.31,1.6571,1.85,,,,1.86,BEARISH,14,0.535,,,0,0.0,,,0,0.0,0.458,74.4,14.88,E_CONSISTENT_MID
XEL,10,384,2025-05-13,2026-06-01,0,0,0,0.0,0,0,39.37,2.49,3.0,,,,2.87,NEUTRAL,15,0.352,3.0,3.0,1,0.0,,,0,0.0,4.13,74.4,14.88,E_CONSISTENT_MID
ABT,10,384,2025-05-13,2026-06-01,0,0,0,0.0,0,0,65.93,2.4275,2.6875,,,,3.27,NEUTRAL,17,0.506,2.0,2.0,1,0.0,,,0,0.0,1.246,74.3,14.86,E_CONSISTENT_MID
AGYS,10,384,2025-05-13,2026-06-01,0,0,0,0.0,0,0,82.99,1.8225,2.3125,,,,2.16,BEARISH,17,0.486,3.0,3.0,1,0.0,,,0,0.0,1.581,74.3,14.86,E_CONSISTENT_MID
ANF,7,18,2026-05-14,2026-06-01,0,0,0,0.0,0,0,59.16,2.6571,3.0,,,,3.53,NEUTRAL,15,0.516,3.0,3.0,1,0.0,,,0,0.0,1.093,74.3,14.86,E_CONSISTENT_MID
BCO,10,384,2025-05-13,2026-06-01,0,0,0,0.0,0,0,81.94,1.8225,2.3125,,,,2.32,BEARISH,16,0.498,3.0,3.0,1,0.0,,,0,0.0,1.48,74.3,14.86,E_CONSISTENT_MID
BKU,10,384,2025-05-13,2026-06-01,0,0,0,0.0,0,0,81.71,1.8225,2.3125,,,,2.38,BEARISH,16,0.5,3.0,3.0,1,0.0,,,0,0.0,1.455,74.3,14.86,E_CONSISTENT_MID
BL,10,384,2025-05-13,2026-06-01,0,0,0,0.0,0,0,94.28,1.155,1.625,,,,1.12,VERY_BEARISH,16,0.5,3.0,3.0,1,0.0,,,0,0.0,1.329,74.3,14.86,E_CONSISTENT_MID
CRBG,10,384,2025-05-13,2026-06-01,0,0,0,0.0,0,0,96.75,1.0925,1.3125,,,,1.67,VERY_BEARISH,15,0.488,2.0,2.0,1,0.0,,,0,0.0,1.57,74.3,14.86,E_CONSISTENT_MID
CVLT,10,384,2025-05-13,2026-06-01,0,0,0,0.0,0,0,55.03,2.49,3.0,,,,2.52,NEUTRAL,16,0.551,3.0,3.0,1,0.0,,,0,0.0,0.46,74.3,14.86,E_CONSISTENT_MID
CWT,10,384,2025-05-13,2026-06-01,0,0,0,0.0,0,0,93.46,1.155,1.625,,,,1.44,BEARISH,16,0.514,3.0,3.0,1,0.0,,,0,0.0,1.196,74.3,14.86,E_CONSISTENT_MID
DCO,10,384,2025-05-13,2026-06-01,0,0,0,0.0,0,0,54.6,2.49,3.0,,,,3.29,NEUTRAL,20,0.544,3.0,3.0,1,0.0,,,0,0.0,0.5,74.3,14.86,E_CONSISTENT_MID
FUL,10,384,2025-05-13,2026-06-01,0,0,0,0.0,0,0,52.47,2.49,3.0,,,,3.27,NEUTRAL,18,0.522,3.0,3.0,1,0.0,,,0,0.0,0.948,74.3,14.86,E_CONSISTENT_MID
GALT,7,373,2025-05-13,2026-05-21,0,0,0,0.0,0,0,49.64,2.2714,2.4,,,,3.39,NEUTRAL,19,0.551,,,0,0.0,,,0,0.0,0.384,74.3,14.86,E_CONSISTENT_MID
GLNG,10,384,2025-05-13,2026-06-01,0,0,0,0.0,0,0,52.05,2.49,3.0,,,,2.53,NEUTRAL,15,0.516,3.0,3.0,1,0.0,,,0,0.0,1.012,74.3,14.86,E_CONSISTENT_MID
GNW,10,384,2025-05-13,2026-06-01,0,0,0,0.0,0,0,99.11,1.03,1.0,,,,1.2,VERY_BEARISH,15,0.414,,,0,0.0,,,0,0.0,3.02,74.3,14.86,E_CONSISTENT_MID
INCY,10,384,2025-05-13,2026-06-01,0,0,0,0.0,0,0,25.99,3.1757,3.5556,,,,4.24,BULLISH,33,0.398,3.0,3.0,2,0.0,3.0,3.0,3,0.0,3.404,74.3,14.86,E_CONSISTENT_MID
LMB,10,384,2025-05-13,2026-06-01,0,0,0,0.0,0,0,76.02,1.8225,2.3125,,,,2.67,BEARISH,15,0.488,3.0,3.0,1,0.0,,,0,0.0,1.599,74.3,14.86,E_CONSISTENT_MID
MTB,10,384,2025-05-13,2026-06-01,0,0,0,0.0,0,0,20.46,3.2156,3.6667,,,,3.93,BULLISH,24,0.419,3.0,3.0,2,0.0,4.0,4.0,3,0.0,2.92,74.3,14.86,E_CONSISTENT_MID
RMAX,4,366,2025-05-13,2026-05-14,0,0,0,0.0,0,0,36.69,2.175,2.4,,,,3.23,NEUTRAL,6,0.563,,,0,0.0,,,0,0.0,0.218,74.3,14.86,E_CONSISTENT_MID
STEP,10,384,2025-05-13,2026-06-01,0,0,0,0.0,0,0,90.33,1.585,1.625,,,,2,BEARISH,15,0.0,3.0,3.0,1,0.0,,,0,0.0,11.473,74.3,14.86,E_CONSISTENT_MID
UE,10,384,2025-05-13,2026-06-01,0,0,0,0.0,0,0,40.72,2.49,3.0,,,,3.14,NEUTRAL,16,0.377,3.0,3.0,1,0.0,,,0,0.0,3.85,74.3,14.86,E_CONSISTENT_MID
AEE,10,384,2025-05-13,2026-06-01,0,0,0,0.0,0,0,60.05,2.49,3.0,,,,3.32,NEUTRAL,21,0.525,3.0,3.0,1,0.0,,,0,0.0,1.118,74.2,14.84,E_CONSISTENT_MID
AEP,10,384,2025-05-13,2026-06-01,0,0,0,0.0,0,0,60.02,2.49,3.0,,,,3.75,NEUTRAL,26,0.523,3.0,3.0,1,0.0,,,0,0.0,1.111,74.2,14.84,E_CONSISTENT_MID
AFRM,10,384,2025-05-13,2026-06-01,0,0,0,0.0,0,0,94.78,1.155,1.625,,,,1.6,VERY_BEARISH,15,0.507,3.0,3.0,1,0.0,,,0,0.0,1.441,74.2,14.84,E_CONSISTENT_MID
ANDE,10,384,2025-05-13,2026-06-01,0,0,0,0.0,0,0,87.32,1.76,2.0,,,,1.33,BEARISH,15,0.488,,,0,0.0,,,0,0.0,1.925,74.2,14.84,E_CONSISTENT_MID
BABA,10,384,2025-05-13,2026-06-01,0,0,0,0.0,0,0,97.33,1.0925,1.3125,,,,1.4,VERY_BEARISH,15,0.507,2.0,2.0,1,0.0,,,0,0.0,1.407,74.2,14.84,E_CONSISTENT_MID
BKE,10,384,2025-05-13,2026-06-01,0,0,0,0.0,0,0,57.5,2.49,3.0,,,,3.27,BEARISH,22,0.55,,,0,0.0,,,0,0.0,0.567,74.2,14.84,E_CONSISTENT_MID
COTY,10,384,2025-05-13,2026-06-01,0,0,0,0.0,0,0,93.77,1.155,1.625,,,,1.47,VERY_BEARISH,15,0.516,3.0,3.0,1,0.0,,,0,0.0,1.181,74.2,14.84,E_CONSISTENT_MID
CTKB,10,384,2025-05-13,2026-06-01,0,0,0,0.0,0,0,93.58,1.265,1.625,,,,1.07,VERY_BEARISH,15,0.258,3.0,3.0,1,0.0,,,0,0.0,6.502,74.2,14.84,E_CONSISTENT_MID
DKS,10,384,2025-05-13,2026-06-01,0,0,0,0.0,0,0,79.51,1.8225,2.3125,,,,1.5,BEARISH,16,0.512,3.0,3.0,1,0.0,,,0,0.0,1.339,74.2,14.84,E_CONSISTENT_MID
EPRT,10,384,2025-05-13,2026-06-01,0,0,0,0.0,0,0,78.96,1.8225,2.3125,,,,2.4,NEUTRAL,15,0.507,3.0,3.0,1,0.0,,,0,0.0,1.364,74.2,14.84,E_CONSISTENT_MID
HOG,10,384,2025-05-13,2026-06-01,0,0,0,0.0,0,0,51.35,2.49,3.0,,,,2.47,NEUTRAL,15,0.516,3.0,3.0,1,0.0,,,0,0.0,1.347,74.2,14.84,E_CONSISTENT_MID
HSIC,10,384,2025-05-13,2026-06-01,0,0,0,0.0,0,0,51.24,2.49,3.0,,,,3.43,NEUTRAL,21,0.507,3.0,3.0,1,0.0,,,0,0.0,1.401,74.2,14.84,E_CONSISTENT_MID
HTLD,10,384,2025-05-13,2026-06-01,0,0,0,0.0,0,0,16.01,3.2136,3.8333,,,,3.63,BULLISH,18,0.483,4.0,4.0,2,0.0,3.0,3.0,3,0.0,2.011,74.2,14.84,E_CONSISTENT_MID
IBRX,10,384,2025-05-13,2026-06-01,0,0,0,0.0,0,0,92.46,1.155,1.625,,,,1.53,VERY_BEARISH,15,0.516,3.0,3.0,1,0.0,,,0,0.0,1.194,74.2,14.84,E_CONSISTENT_MID
KURA,10,384,2025-05-13,2026-06-01,0,0,0,0.0,0,0,92.11,1.155,1.625,,,,1.53,VERY_BEARISH,15,0.516,3.0,3.0,1,0.0,,,0,0.0,1.266,74.2,14.84,E_CONSISTENT_MID
LMND,10,384,2025-05-13,2026-06-01,0,0,0,0.0,0,0,92.03,1.155,1.625,,,,1.53,VERY_BEARISH,15,0.516,3.0,3.0,1,0.0,,,0,0.0,1.3,74.2,14.84,E_CONSISTENT_MID
MOD,10,384,2025-05-13,2026-06-01,0,0,0,0.0,0,0,67.4,1.885,2.625,,,,1.73,BEARISH,15,0.458,4.0,4.0,1,0.0,,,0,0.0,2.441,74.2,14.84,E_CONSISTENT_MID
NEO,10,384,2025-05-13,2026-06-01,0,0,0,0.0,0,0,74.75,1.8225,2.3125,,,,1.33,BEARISH,15,0.488,3.0,3.0,1,0.0,,,0,0.0,1.811,74.2,14.84,E_CONSISTENT_MID
NVCR,10,384,2025-05-13,2026-06-01,0,0,0,0.0,0,0,91.38,1.155,1.625,,,,1.4,BEARISH,15,0.507,3.0,3.0,1,0.0,,,0,0.0,1.431,74.2,14.84,E_CONSISTENT_MID
PBYI,10,384,2025-05-13,2026-06-01,0,0,0,0.0,0,0,17.98,3.2268,3.7222,,,,4.52,BULLISH,33,0.472,3.0,3.0,2,0.0,4.0,4.0,3,0.0,2.25,74.2,14.84,E_CONSISTENT_MID
PSKY,10,384,2025-05-13,2026-06-01,0,0,0,0.0,0,0,84.76,1.76,2.0,,,,2.07,BEARISH,15,0.258,2.0,2.0,1,0.0,,,0,0.0,6.432,74.2,14.84,E_CONSISTENT_MID
RGCO,7,373,2025-05-13,2026-05-21,0,0,0,0.0,0,0,36.4,2.2714,2.4,,,,4.02,NEUTRAL,28,0.56,,,0,0.0,,,0,0.0,0.5,74.2,14.84,E_CONSISTENT_MID
ROAD,10,384,2025-05-13,2026-06-01,0,0,0,0.0,0,0,32.95,2.5525,3.3125,,,,3.63,NEUTRAL,19,0.496,4.0,4.0,1,0.0,,,0,0.0,1.675,74.2,14.84,E_CONSISTENT_MID
SPWR,10,384,2025-05-13,2026-06-01,0,0,0,0.0,0,0,90.41,1.155,1.625,,,,1.67,VERY_BEARISH,15,0.488,3.0,3.0,1,0.0,,,0,0.0,1.861,74.2,14.84,E_CONSISTENT_MID
AXGN,10,384,2025-05-13,2026-06-01,0,0,0,0.0,0,0,97.37,1.0925,1.3125,,,,1.47,VERY_BEARISH,15,0.516,2.0,2.0,1,0.0,,,0,0.0,1.389,74.1,14.82,E_CONSISTENT_MID
BMY,10,384,2025-05-13,2026-06-01,0,0,0,0.0,0,0,26.84,3.158,3.5556,,,,4.55,BULLISH,34,0.477,3.0,3.0,2,0.0,3.0,3.0,3,0.0,2.276,74.1,14.82,E_CONSISTENT_MID
CME,10,384,2025-05-13,2026-06-01,0,0,0,0.0,0,0,55.96,2.49,3.0,,,,3.5,NEUTRAL,22,0.575,3.0,3.0,1,0.0,,,0,0.0,0.367,74.1,14.82,E_CONSISTENT_MID
CP,7,18,2026-05-14,2026-06-01,0,0,0,0.0,0,0,55.65,2.6571,3.0,,,,3.76,NEUTRAL,17,0.562,3.0,3.0,1,0.0,,,0,0.0,0.468,74.1,14.82,E_CONSISTENT_MID
DOX,10,384,2025-05-13,2026-06-01,0,0,0,0.0,0,0,54.22,2.49,3.0,,,,3.3,NEUTRAL,21,0.569,3.0,3.0,1,0.0,,,0,0.0,0.518,74.1,14.82,E_CONSISTENT_MID
FCNCA,10,384,2025-05-13,2026-06-01,0,0,0,0.0,0,0,78.65,1.8225,2.3125,,,,2.53,BEARISH,15,0.516,3.0,3.0,1,0.0,,,0,0.0,1.394,74.1,14.82,E_CONSISTENT_MID
FMNB,10,384,2025-05-13,2026-06-01,0,0,0,0.0,0,0,52.75,2.49,3.0,,,,2.81,NEUTRAL,16,0.544,3.0,3.0,1,0.0,,,0,0.0,0.857,74.1,14.82,E_CONSISTENT_MID
GIS,10,384,2025-05-13,2026-06-01,0,0,0,0.0,0,0,96.48,1.0925,1.3125,,,,1.33,BEARISH,15,0.488,2.0,2.0,1,0.0,,,0,0.0,2.032,74.1,14.82,E_CONSISTENT_MID
GSHD,10,384,2025-05-13,2026-06-01,0,0,0,0.0,0,0,77.61,1.8225,2.3125,,,,2.47,BEARISH,15,0.516,3.0,3.0,1,0.0,,,0,0.0,1.413,74.1,14.82,E_CONSISTENT_MID
HUBS,10,384,2025-05-13,2026-06-01,0,0,0,0.0,0,0,77.18,1.3925,2.3125,,,,1.07,VERY_BEARISH,15,0.258,3.0,3.0,1,0.0,,,0,0.0,6.586,74.1,14.82,E_CONSISTENT_MID
IMNM,5,12,2026-05-20,2026-06-01,0,0,0,0.0,0,0,67.59,1.97,2.625,,,,1,VERY_BEARISH,2,0.0,4.0,4.0,1,0.0,,,0,0.0,11.889,74.1,14.82,E_CONSISTENT_MID
KIDS,10,384,2025-05-13,2026-06-01,0,0,0,0.0,0,0,76.49,1.8225,2.3125,,,,2.47,BEARISH,15,0.516,3.0,3.0,1,0.0,,,0,0.0,1.542,74.1,14.82,E_CONSISTENT_MID
KNTK,10,384,2025-05-13,2026-06-01,0,0,0,0.0,0,0,49.81,2.49,3.0,,,,3.37,NEUTRAL,19,0.496,3.0,3.0,1,0.0,,,0,0.0,1.798,74.1,14.82,E_CONSISTENT_MID
LIF,10,384,2025-05-13,2026-06-01,0,0,0,0.0,0,0,76.14,1.8225,2.3125,,,,2.6,BEARISH,15,0.507,3.0,3.0,1,0.0,,,0,0.0,1.643,74.1,14.82,E_CONSISTENT_MID
LOB,10,384,2025-05-13,2026-06-01,0,0,0,0.0,0,0,75.95,1.3925,2.3125,,,,1.07,BEARISH,15,0.258,3.0,3.0,1,0.0,,,0,0.0,6.732,74.1,14.82,E_CONSISTENT_MID
NERV,7,373,2025-05-13,2026-05-21,0,0,0,0.0,0,0,41.22,2.2714,2.4,,,,2.9,NEUTRAL,17,0.572,,,0,0.0,,,0,0.0,0.42,74.1,14.82,E_CONSISTENT_MID
PTGX,10,384,2025-05-13,2026-06-01,0,0,0,0.0,0,0,91.14,1.155,1.625,,,,1.12,VERY_BEARISH,16,0.5,3.0,3.0,1,0.0,,,0,0.0,1.719,74.1,14.82,E_CONSISTENT_MID
RC,10,384,2025-05-13,2026-06-01,0,0,0,0.0,0,0,84.65,1.76,2.0,,,,1.93,BEARISH,14,0.267,2.0,2.0,1,0.0,,,0,0.0,6.536,74.1,14.82,E_CONSISTENT_MID
RGEN,10,384,2025-05-13,2026-06-01,0,0,0,0.0,0,0,91.03,1.155,1.625,,,,1.6,VERY_BEARISH,15,0.507,3.0,3.0,1,0.0,,,0,0.0,1.738,74.1,14.82,E_CONSISTENT_MID
SATL,5,12,2026-05-20,2026-06-01,0,0,0,0.0,0,0,87.82,1.715,1.9375,,,,2,BEARISH,2,0.0,4.0,4.0,1,0.0,,,0,0.0,11.871,74.1,14.82,E_CONSISTENT_MID
SCHL,10,384,2025-05-13,2026-06-01,0,0,0,0.0,0,0,63.69,2.4275,2.6875,,,,3,NEUTRAL,15,0.0,2.0,2.0,1,0.0,,,0,0.0,11.754,74.1,14.82,E_CONSISTENT_MID
SHC,10,384,2025-05-13,2026-06-01,0,0,0,0.0,0,0,63.53,2.4275,2.6875,,,,3,NEUTRAL,15,0.0,2.0,2.0,1,0.0,,,0,0.0,11.825,74.1,14.82,E_CONSISTENT_MID
SNDA,10,384,2025-05-13,2026-06-01,0,0,0,0.0,0,0,90.56,1.155,1.625,,,,1.12,VERY_BEARISH,16,0.5,3.0,3.0,1,0.0,,,0,0.0,1.85,74.1,14.82,E_CONSISTENT_MID
SUNS,7,373,2025-05-13,2026-05-21,0,0,0,0.0,0,0,33.23,2.2714,2.4,,,,3.27,NEUTRAL,18,0.562,,,0,0.0,,,0,0.0,0.535,74.1,14.82,E_CONSISTENT_MID
THO,10,384,2025-05-13,2026-06-01,0,0,0,0.0,0,0,90.26,1.585,1.625,,,,2,BEARISH,15,0.0,3.0,3.0,1,0.0,,,0,0.0,11.719,74.1,14.82,E_CONSISTENT_MID
TVTX,10,384,2025-05-13,2026-06-01,0,0,0,0.0,0,0,71.15,1.8225,2.3125,,,,2.73,BEARISH,15,0.458,3.0,3.0,1,0.0,,,0,0.0,2.619,74.1,14.82,E_CONSISTENT_MID
ADCT,10,384,2025-05-13,2026-06-01,0,0,0,0.0,0,0,87.51,1.76,2.0,,,,2.53,BEARISH,15,0.516,2.0,2.0,1,0.0,,,0,0.0,1.649,74.0,14.8,E_CONSISTENT_MID
ARQT,10,384,2025-05-13,2026-06-01,0,0,0,0.0,0,0,87.24,1.76,2.0,,,,2.12,BEARISH,16,0.5,2.0,2.0,1,0.0,,,0,0.0,1.947,74.0,14.8,E_CONSISTENT_MID
ASB,10,384,2025-05-13,2026-06-01,0,0,0,0.0,0,0,21.54,3.2333,3.6667,,,,4.05,BULLISH,20,0.224,3.0,3.0,2,0.0,4.0,4.0,3,0.0,7.598,74.0,14.8,E_CONSISTENT_MID
BIO,7,18,2026-05-14,2026-06-01,0,0,0,0.0,0,0,65.7,2.5679,2.6875,,,,3.79,NEUTRAL,18,0.436,2.0,2.0,1,0.0,,,0,0.0,3.377,74.0,14.8,E_CONSISTENT_MID
CALM,10,384,2025-05-13,2026-06-01,0,0,0,0.0,0,0,19.3,3.15,3.6923,,,,4.28,BULLISH,32,0.435,,,0,0.0,2.0,2.0,3,0.0,3.29,74.0,14.8,E_CONSISTENT_MID
CNR,10,384,2025-05-13,2026-06-01,0,0,0,0.0,0,0,89.29,1.6975,1.6875,,,,1.8,BEARISH,15,0.414,1.0,1.0,1,0.0,,,0,0.0,3.819,74.0,14.8,E_CONSISTENT_MID
DHX,7,373,2025-05-13,2026-05-21,0,0,0,0.0,0,0,27.84,2.9143,3.05,,,,4.77,BULLISH,26,0.502,,,0,0.0,1.0,1.0,1,0.0,2.05,74.0,14.8,E_CONSISTENT_MID
FMS,7,373,2025-05-13,2026-05-21,0,0,0,0.0,0,0,16.63,2.9714,3.25,,,,3.87,BULLISH,26,0.474,,,0,0.0,3.0,3.0,1,0.0,2.455,74.0,14.8,E_CONSISTENT_MID
HAL,10,384,2025-05-13,2026-06-01,0,0,0,0.0,0,0,20.88,3.2156,3.6667,,,,4.2,BULLISH,29,0.417,3.0,3.0,2,0.0,4.0,4.0,3,0.0,3.659,74.0,14.8,E_CONSISTENT_MID
HUBG,7,373,2025-05-13,2026-05-21,0,0,0,0.0,0,0,47.18,2.2714,2.4,,,,3.36,NEUTRAL,25,0.569,,,0,0.0,,,0,0.0,0.574,74.0,14.8,E_CONSISTENT_MID
INVA,10,384,2025-05-13,2026-06-01,0,0,0,0.0,0,0,18.25,3.2268,3.7222,,,,4.67,BULLISH,24,0.449,3.0,3.0,2,0.0,4.0,4.0,3,0.0,2.987,74.0,14.8,E_CONSISTENT_MID
LNTH,10,384,2025-05-13,2026-06-01,0,0,0,0.0,0,0,49.23,2.49,3.0,,,,3.83,NEUTRAL,30,0.504,,,0,0.0,,,0,0.0,1.985,74.0,14.8,E_CONSISTENT_MID
MASI,10,384,2025-05-13,2026-06-01,0,0,0,0.0,0,0,75.68,1.8225,2.3125,,,,2.53,BEARISH,15,0.516,3.0,3.0,1,0.0,,,0,0.0,1.645,74.0,14.8,E_CONSISTENT_MID
MGNI,10,384,2025-05-13,2026-06-01,0,0,0,0.0,0,0,75.33,1.8225,2.3125,,,,2.47,BEARISH,15,0.516,3.0,3.0,1,0.0,,,0,0.0,1.68,74.0,14.8,E_CONSISTENT_MID
NSA,10,384,2025-05-13,2026-06-01,0,0,0,0.0,0,0,47.18,2.49,3.0,,,,3.32,BULLISH,19,0.478,3.0,3.0,1,0.0,,,0,0.0,2.464,74.0,14.8,E_CONSISTENT_MID
ODC,7,373,2025-05-13,2026-05-21,0,0,0,0.0,0,0,39.86,2.2714,2.4,,,,3.73,VERY_BULLISH,30,0.576,,,0,0.0,,,0,0.0,0.454,74.0,14.8,E_CONSISTENT_MID
QCRH,10,384,2025-05-13,2026-06-01,0,0,0,0.0,0,0,44.62,2.49,3.0,,,,2.73,NEUTRAL,15,0.458,3.0,3.0,1,0.0,,,0,0.0,2.908,74.0,14.8,E_CONSISTENT_MID
RWT,10,384,2025-05-13,2026-06-01,0,0,0,0.0,0,0,90.87,1.155,1.625,,,,1.53,VERY_BEARISH,15,0.516,3.0,3.0,1,0.0,,,0,0.0,1.767,74.0,14.8,E_CONSISTENT_MID
SIRI,10,384,2025-05-13,2026-06-01,0,0,0,0.0,0,0,27.57,3.1292,3.5,,,,3.94,BULLISH,18,0.236,3.0,3.0,2,0.0,2.0,2.0,3,0.0,7.38,74.0,14.8,E_CONSISTENT_MID
USPH,10,384,2025-05-13,2026-06-01,0,0,0,0.0,0,0,89.87,1.155,1.625,,,,1.6,BEARISH,15,0.507,3.0,3.0,1,0.0,,,0,0.0,1.921,74.0,14.8,E_CONSISTENT_MID
WBS,10,384,2025-05-13,2026-06-01,0,0,0,0.0,0,0,39.71,2.49,3.0,,,,3.81,NEUTRAL,27,0.396,3.0,3.0,1,0.0,,,0,0.0,4.011,74.0,14.8,E_CONSISTENT_MID
AIP,5,12,2026-05-20,2026-06-01,0,0,0,0.0,0,0,59.9,2.54,3.0,,,,2,BEARISH,2,0.0,3.0,3.0,1,0.0,,,0,0.0,12.271,73.9,14.78,E_CONSISTENT_MID
ALKT,5,12,2026-05-20,2026-06-01,0,0,0,0.0,0,0,59.78,2.54,3.0,,,,2,BEARISH,2,0.0,3.0,3.0,1,0.0,,,0,0.0,12.228,73.9,14.78,E_CONSISTENT_MID
AMX,7,373,2025-05-13,2026-05-21,0,0,0,0.0,0,0,13.35,2.9857,3.3,,,,4.04,BULLISH,20,0.236,,,0,0.0,4.0,4.0,1,0.0,7.385,73.9,14.78,E_CONSISTENT_MID
APOG,10,384,2025-05-13,2026-06-01,0,0,0,0.0,0,0,65.82,2.4275,2.6875,,,,3.68,NEUTRAL,23,0.502,2.0,2.0,1,0.0,,,0,0.0,2.094,73.9,14.78,E_CONSISTENT_MID
ARDT,5,12,2026-05-20,2026-06-01,0,0,0,0.0,0,0,27.07,3.4207,3.5556,,,,4,BULLISH,2,0.0,3.0,3.0,2,0.0,2.67,3.0,3,0.577,0.674,73.9,14.78,E_CONSISTENT_MID
AVTR,10,384,2025-05-13,2026-06-01,0,0,0,0.0,0,0,26.99,3.158,3.5556,,,,3.37,BULLISH,16,0.488,3.0,3.0,2,0.0,3.0,3.0,3,0.0,2.471,73.9,14.78,E_CONSISTENT_MID
AXP,10,384,2025-05-13,2026-06-01,0,0,0,0.0,0,0,58.12,2.49,3.0,,,,3.06,BEARISH,16,0.574,3.0,3.0,1,0.0,,,0,0.0,0.781,73.9,14.78,E_CONSISTENT_MID
BCBP,7,373,2025-05-13,2026-05-21,0,0,0,0.0,0,0,81.55,1.6571,1.85,,,,2.89,BEARISH,15,0.565,,,0,0.0,,,0,0.0,0.908,73.9,14.78,E_CONSISTENT_MID
BXC,10,384,2025-05-13,2026-06-01,0,0,0,0.0,0,0,86.85,1.76,2.0,,,,2.67,BEARISH,15,0.488,,,0,0.0,,,0,0.0,2.409,73.9,14.78,E_CONSISTENT_MID
DEA,10,384,2025-05-13,2026-06-01,0,0,0,0.0,0,0,65.39,2.4275,2.6875,,,,3.17,NEUTRAL,17,0.375,2.0,2.0,1,0.0,,,0,0.0,4.778,73.9,14.78,E_CONSISTENT_MID
DRH,10,384,2025-05-13,2026-06-01,0,0,0,0.0,0,0,24.25,3.1868,3.6111,,,,3.71,NEUTRAL,17,0.47,3.0,3.0,2,0.0,3.0,3.0,3,0.0,2.821,73.9,14.78,E_CONSISTENT_MID
EML,7,373,2025-05-13,2026-05-21,0,0,0,0.0,0,0,16.95,2.9714,3.25,,,,4.65,BULLISH,22,0.47,,,0,0.0,3.0,3.0,1,0.0,2.845,73.9,14.78,E_CONSISTENT_MID
EW,10,384,2025-05-13,2026-06-01,0,0,0,0.0,0,0,78.77,1.8225,2.3125,,,,2.81,NEUTRAL,16,0.544,3.0,3.0,1,0.0,,,0,0.0,1.397,73.9,14.78,E_CONSISTENT_MID
FHI,10,384,2025-05-13,2026-06-01,0,0,0,0.0,0,0,26.26,3.1367,3.5556,,,,4.44,BULLISH,33,0.478,3.0,3.0,3,0.0,3.0,3.0,3,0.0,2.626,73.9,14.78,E_CONSISTENT_MID
FND,10,384,2025-05-13,2026-06-01,0,0,0,0.0,0,0,99.3,1.03,1.0,,,,1.73,VERY_BEARISH,15,0.458,1.0,1.0,1,0.0,,,0,0.0,2.959,73.9,14.78,E_CONSISTENT_MID
FOUR,10,384,2025-05-13,2026-06-01,0,0,0,0.0,0,0,96.56,1.0925,1.3125,,,,1.47,VERY_BEARISH,15,0.516,2.0,2.0,1,0.0,,,0,0.0,1.969,73.9,14.78,E_CONSISTENT_MID
KRNY,10,384,2025-05-13,2026-06-01,0,0,0,0.0,0,0,49.61,2.06,3.0,,,,2,BEARISH,8,0.0,3.0,3.0,1,0.0,,,0,0.0,12.203,73.9,14.78,E_CONSISTENT_MID
LGIH,10,384,2025-05-13,2026-06-01,0,0,0,0.0,0,0,67.48,1.885,2.625,,,,1.27,VERY_BEARISH,15,0.458,4.0,4.0,1,0.0,,,0,0.0,3.007,73.9,14.78,E_CONSISTENT_MID
NAVI,10,384,2025-05-13,2026-06-01,0,0,0,0.0,0,0,74.86,1.8225,2.3125,,,,1.47,BEARISH,15,0.516,3.0,3.0,1,0.0,,,0,0.0,1.801,73.9,14.78,E_CONSISTENT_MID
ONEW,7,373,2025-05-13,2026-05-21,0,0,0,0.0,0,0,69.74,1.6571,1.85,,,,2.93,BEARISH,15,0.585,,,0,0.0,,,0,0.0,0.51,73.9,14.78,E_CONSISTENT_MID
OPRX,7,373,2025-05-13,2026-05-21,0,0,0,0.0,0,0,19.52,2.9571,3.2,,,,4.62,BULLISH,24,0.495,,,0,0.0,3.0,3.0,1,0.0,2.321,73.9,14.78,E_CONSISTENT_MID
QURE,10,384,2025-05-13,2026-06-01,0,0,0,0.0,0,0,73.47,1.8225,2.3125,,,,2.6,NEUTRAL,15,0.507,3.0,3.0,1,0.0,,,0,0.0,2.083,73.9,14.78,E_CONSISTENT_MID
SHOP,10,384,2025-05-13,2026-06-01,0,0,0,0.0,0,0,90.64,1.155,1.625,,,,1.53,VERY_BEARISH,15,0.516,3.0,3.0,1,0.0,,,0,0.0,1.828,73.9,14.78,E_CONSISTENT_MID
TMO,10,384,2025-05-13,2026-06-01,0,0,0,0.0,0,0,71.46,1.8225,2.3125,,,,2.67,BEARISH,15,0.488,3.0,3.0,1,0.0,,,0,0.0,2.502,73.9,14.78,E_CONSISTENT_MID
URGN,10,384,2025-05-13,2026-06-01,0,0,0,0.0,0,0,89.91,1.155,1.625,,,,1.53,BEARISH,15,0.516,3.0,3.0,1,0.0,,,0,0.0,1.912,73.9,14.78,E_CONSISTENT_MID
WMT,10,384,2025-05-13,2026-06-01,0,0,0,0.0,0,0,39.52,2.49,3.0,,,,3.02,BEARISH,16,0.411,3.0,3.0,1,0.0,,,0,0.0,4.053,73.9,14.78,E_CONSISTENT_MID
ABR,10,384,2025-05-13,2026-06-01,0,0,0,0.0,0,0,60.36,2.49,3.0,,,,3.25,BULLISH,20,0.555,3.0,3.0,1,0.0,,,0,0.0,1.247,73.8,14.76,E_CONSISTENT_MID
AMPL,5,12,2026-05-20,2026-06-01,0,0,0,0.0,0,0,59.36,2.54,3.0,,,,2,BEARISH,2,0.0,3.0,3.0,1,0.0,,,0,0.0,12.36,73.8,14.76,E_CONSISTENT_MID
BF/B,10,384,2025-05-13,2026-06-01,0,0,0,0.0,0,0,87.01,1.76,2.0,,,,2.53,BEARISH,15,0.516,,,0,0.0,,,0,0.0,2.16,73.8,14.76,E_CONSISTENT_MID
BRBR,10,384,2025-05-13,2026-06-01,0,0,0,0.0,0,0,89.37,1.6975,1.6875,,,,2.73,NEUTRAL,15,0.458,1.0,1.0,1,0.0,,,0,0.0,3.195,73.8,14.76,E_CONSISTENT_MID
BRSL,10,384,2025-05-13,2026-06-01,0,0,0,0.0,0,0,86.89,1.76,2.0,,,,1.4,VERY_BEARISH,15,0.507,2.0,2.0,1,0.0,,,0,0.0,2.333,73.8,14.76,E_CONSISTENT_MID
EIX,10,384,2025-05-13,2026-06-01,0,0,0,0.0,0,0,24.13,3.1868,3.6111,,,,4.64,BULLISH,28,0.488,3.0,3.0,2,0.0,3.0,3.0,3,0.0,2.72,73.8,14.76,E_CONSISTENT_MID
GWW,10,384,2025-05-13,2026-06-01,0,0,0,0.0,0,0,16.09,3.2136,3.8333,,,,3.57,BULLISH,21,0.515,4.0,4.0,2,0.0,3.0,3.0,3,0.0,2.146,73.8,14.76,E_CONSISTENT_MID
HST,10,384,2025-05-13,2026-06-01,0,0,0,0.0,0,0,26.06,3.158,3.5556,,,,4.4,BULLISH,28,0.497,3.0,3.0,2,0.0,3.0,3.0,3,0.0,2.513,73.8,14.76,E_CONSISTENT_MID
HTZ,10,384,2025-05-13,2026-06-01,0,0,0,0.0,0,0,92.54,1.155,1.625,,,,1.8,BEARISH,15,0.561,3.0,3.0,1,0.0,,,0,0.0,1.151,73.8,14.76,E_CONSISTENT_MID
KALV,10,384,2025-05-13,2026-06-01,0,0,0,0.0,0,0,67.56,1.885,2.625,,,,1.73,VERY_BEARISH,15,0.458,4.0,4.0,1,0.0,,,0,0.0,3.298,73.8,14.76,E_CONSISTENT_MID
MDU,10,384,2025-05-13,2026-06-01,0,0,0,0.0,0,0,64.35,2.4275,2.6875,,,,3.04,NEUTRAL,16,0.177,2.0,2.0,1,0.0,,,0,0.0,8.774,73.8,14.76,E_CONSISTENT_MID
MEI,10,384,2025-05-13,2026-06-01,0,0,0,0.0,0,0,48.57,2.49,3.0,,,,3.43,NEUTRAL,26,0.507,3.0,3.0,1,0.0,,,0,0.0,2.202,73.8,14.76,E_CONSISTENT_MID
OFIX,10,384,2025-05-13,2026-06-01,0,0,0,0.0,0,0,25.48,3.158,3.5556,,,,4.24,BULLISH,33,0.409,3.0,3.0,2,0.0,3.0,3.0,3,0.0,4.278,73.8,14.76,E_CONSISTENT_MID
PSNL,10,384,2025-05-13,2026-06-01,0,0,0,0.0,0,0,95.55,1.0925,1.3125,,,,1.73,VERY_BEARISH,15,0.458,2.0,2.0,1,0.0,,,0,0.0,3.249,73.8,14.76,E_CONSISTENT_MID
RAIL,7,373,2025-05-13,2026-05-21,0,0,0,0.0,0,0,36.94,2.2714,2.4,,,,2.73,NEUTRAL,15,0.594,,,0,0.0,,,0,0.0,0.463,73.8,14.76,E_CONSISTENT_MID
RCUS,10,384,2025-05-13,2026-06-01,0,0,0,0.0,0,0,73.36,1.7125,2.3125,,,,1.93,BEARISH,15,0.258,3.0,3.0,1,0.0,,,0,0.0,7.309,73.8,14.76,E_CONSISTENT_MID
RNST,10,384,2025-05-13,2026-06-01,0,0,0,0.0,0,0,73.16,1.8225,2.3125,,,,2.53,BEARISH,15,0.516,3.0,3.0,1,0.0,,,0,0.0,2.129,73.8,14.76,E_CONSISTENT_MID
TALO,10,384,2025-05-13,2026-06-01,0,0,0,0.0,0,0,41.84,2.49,3.0,,,,3.25,NEUTRAL,20,0.444,3.0,3.0,1,0.0,,,0,0.0,3.539,73.8,14.76,E_CONSISTENT_MID
WGO,10,384,2025-05-13,2026-06-01,0,0,0,0.0,0,0,70.11,1.8225,2.3125,,,,2.67,BEARISH,15,0.488,3.0,3.0,1,0.0,,,0,0.0,2.595,73.8,14.76,E_CONSISTENT_MID
WM,10,384,2025-05-13,2026-06-01,0,0,0,0.0,0,0,69.99,1.8225,2.3125,,,,2.33,BEARISH,15,0.488,3.0,3.0,1,0.0,,,0,0.0,2.599,73.8,14.76,E_CONSISTENT_MID
ALDX,7,373,2025-05-13,2026-05-21,0,0,0,0.0,0,0,61.53,2.2714,2.4,,,,3.68,NEUTRAL,16,0.615,,,0,0.0,,,0,0.0,0.4,73.7,14.74,E_CONSISTENT_MID
ALK,10,384,2025-05-13,2026-06-01,0,0,0,0.0,0,0,97.56,1.0925,1.3125,,,,1.2,NEUTRAL,15,0.561,2.0,2.0,1,0.0,,,0,0.0,1.312,73.7,14.74,E_CONSISTENT_MID
BKNG,10,384,2025-05-13,2026-06-01,0,0,0,0.0,0,0,57.46,2.49,3.0,,,,3.33,NEUTRAL,21,0.604,3.0,3.0,1,0.0,,,0,0.0,0.556,73.7,14.74,E_CONSISTENT_MID
BOH,10,384,2025-05-13,2026-06-01,0,0,0,0.0,0,0,81.59,1.7125,2.3125,,,,1.87,VERY_BEARISH,15,0.352,3.0,3.0,1,0.0,,,0,0.0,5.507,73.7,14.74,E_CONSISTENT_MID
CAKE,7,18,2026-05-14,2026-06-01,0,0,0,0.0,0,0,56.65,2.6571,3.0,,,,3.51,VERY_BULLISH,24,0.602,3.0,3.0,1,0.0,,,0,0.0,0.543,73.7,14.74,E_CONSISTENT_MID
COR,10,384,2025-05-13,2026-06-01,0,0,0,0.0,0,0,24.4,3.1868,3.6111,,,,4.37,BULLISH,34,0.467,3.0,3.0,2,0.0,3.0,3.0,3,0.0,3.285,73.7,14.74,E_CONSISTENT_MID
EHTH,4,7,2026-05-14,2026-05-21,0,0,0,0.0,0,0,52.07,2.4,2.4,,,,3.57,NEUTRAL,22,0.602,,,0,0.0,,,0,0.0,0.543,73.7,14.74,E_CONSISTENT_MID
FVCB,7,373,2025-05-13,2026-05-21,0,0,0,0.0,0,0,49.79,2.2714,2.4,,,,3.62,NEUTRAL,16,0.614,,,0,0.0,,,0,0.0,0.372,73.7,14.74,E_CONSISTENT_MID
HIMS,10,384,2025-05-13,2026-06-01,0,0,0,0.0,0,0,85.85,1.76,2.0,,,,1.8,BEARISH,15,0.414,2.0,2.0,1,0.0,,,0,0.0,4.333,73.7,14.74,E_CONSISTENT_MID
INN,10,384,2025-05-13,2026-06-01,0,0,0,0.0,0,0,85.61,1.76,2.0,,,,2.81,NEUTRAL,16,0.403,2.0,2.0,1,0.0,,,0,0.0,4.541,73.7,14.74,E_CONSISTENT_MID
JCI,10,384,2025-05-13,2026-06-01,0,0,0,0.0,0,0,25.91,3.158,3.5556,,,,3.37,NEUTRAL,17,0.484,3.0,3.0,2,0.0,3.0,3.0,3,0.0,2.904,73.7,14.74,E_CONSISTENT_MID
MCD,10,384,2025-05-13,2026-06-01,0,0,0,0.0,0,0,64.42,2.4275,2.6875,,,,3.05,NEUTRAL,16,0.19,2.0,2.0,1,0.0,,,0,0.0,8.747,73.7,14.74,E_CONSISTENT_MID
MUR,10,384,2025-05-13,2026-06-01,0,0,0,0.0,0,0,47.72,2.49,3.0,,,,3.53,NEUTRAL,19,0.513,3.0,3.0,1,0.0,,,0,0.0,2.368,73.7,14.74,E_CONSISTENT_MID
OLN,10,384,2025-05-13,2026-06-01,0,0,0,0.0,0,0,46.48,2.49,3.0,,,,3.07,BEARISH,19,0.501,3.0,3.0,1,0.0,,,0,0.0,2.603,73.7,14.74,E_CONSISTENT_MID
OTEX,10,384,2025-05-13,2026-06-01,0,0,0,0.0,0,0,46.09,2.49,3.0,,,,3.12,NEUTRAL,16,0.5,3.0,3.0,1,0.0,,,0,0.0,2.66,73.7,14.74,E_CONSISTENT_MID
QTWO,10,384,2025-05-13,2026-06-01,0,0,0,0.0,0,0,44.51,2.49,3.0,,,,2.33,NEUTRAL,15,0.488,3.0,3.0,1,0.0,,,0,0.0,2.917,73.7,14.74,E_CONSISTENT_MID
RBRK,5,12,2026-05-20,2026-06-01,0,0,0,0.0,0,0,63.88,2.415,2.6875,,,,2,BEARISH,2,0.0,2.0,2.0,1,0.0,,,0,0.0,12.615,73.7,14.74,E_CONSISTENT_MID
RH,10,384,2025-05-13,2026-06-01,0,0,0,0.0,0,0,97.95,1.03,1.0,,,,1.2,VERY_BEARISH,15,0.414,1.0,1.0,1,0.0,,,0,0.0,4.324,73.7,14.74,E_CONSISTENT_MID
SLG,10,384,2025-05-13,2026-06-01,0,0,0,0.0,0,0,42.88,2.49,3.0,,,,3.11,BEARISH,18,0.471,3.0,3.0,1,0.0,,,0,0.0,3.24,73.7,14.74,E_CONSISTENT_MID
TATT,7,373,2025-05-13,2026-05-21,0,0,0,0.0,0,0,65.81,1.6571,1.85,,,,2.28,BEARISH,16,0.612,,,0,0.0,,,0,0.0,0.422,73.7,14.74,E_CONSISTENT_MID
TCBI,10,384,2025-05-13,2026-06-01,0,0,0,0.0,0,0,19.64,3.2156,3.6667,,,,4.12,BULLISH,25,0.44,3.0,3.0,2,0.0,4.0,4.0,3,0.0,3.859,73.7,14.74,E_CONSISTENT_MID
AUB,10,384,2025-05-13,2026-06-01,0,0,0,0.0,0,0,65.78,2.4275,2.6875,,,,2.47,BEARISH,15,0.516,2.0,2.0,1,0.0,,,0,0.0,2.431,73.6,14.72,E_CONSISTENT_MID
AUR,5,12,2026-05-20,2026-06-01,0,0,0,0.0,0,0,58.39,2.54,3.0,,,,2,BEARISH,2,0.0,3.0,3.0,1,0.0,,,0,0.0,12.722,73.6,14.72,E_CONSISTENT_MID
CART,10,384,2025-05-13,2026-06-01,0,0,0,0.0,0,0,56.54,2.49,3.0,,,,3.34,NEUTRAL,20,0.62,3.0,3.0,1,0.0,,,0,0.0,0.445,73.6,14.72,E_CONSISTENT_MID
CASH,10,384,2025-05-13,2026-06-01,0,0,0,0.0,0,0,24.63,3.1691,3.6111,,,,4.64,BULLISH,33,0.534,3.0,3.0,2,0.0,3.0,3.0,3,0.0,2.063,73.6,14.72,E_CONSISTENT_MID
CRCL,5,12,2026-05-20,2026-06-01,0,0,0,0.0,0,0,55.53,2.54,3.0,,,,2,BEARISH,2,0.0,3.0,3.0,1,0.0,,,0,0.0,12.734,73.6,14.72,E_CONSISTENT_MID
HQI,7,373,2025-05-13,2026-05-21,0,0,0,0.0,0,0,47.47,2.2714,2.4,,,,2.93,NEUTRAL,14,0.616,,,0,0.0,,,0,0.0,0.534,73.6,14.72,E_CONSISTENT_MID
HWKN,10,384,2025-05-13,2026-06-01,0,0,0,0.0,0,0,51.08,2.49,3.0,,,,3.28,BEARISH,18,0.573,3.0,3.0,1,0.0,,,0,0.0,1.436,73.6,14.72,E_CONSISTENT_MID
LCID,10,384,2025-05-13,2026-06-01,0,0,0,0.0,0,0,96.13,1.0925,1.3125,,,,1.47,VERY_BEARISH,15,0.516,2.0,2.0,1,0.0,,,0,0.0,2.515,73.6,14.72,E_CONSISTENT_MID
MRCY,10,384,2025-05-13,2026-06-01,0,0,0,0.0,0,0,48.07,2.49,3.0,,,,2.39,NEUTRAL,16,0.521,3.0,3.0,1,0.0,,,0,0.0,2.318,73.6,14.72,E_CONSISTENT_MID
MTG,7,18,2026-05-14,2026-06-01,0,0,0,0.0,0,0,47.87,2.6571,3.0,,,,3.91,NEUTRAL,22,0.498,3.0,3.0,1,0.0,,,0,0.0,2.806,73.6,14.72,E_CONSISTENT_MID
OZK,10,384,2025-05-13,2026-06-01,0,0,0,0.0,0,0,23.36,3.1868,3.6111,,,,4.7,VERY_BULLISH,31,0.455,3.0,3.0,2,0.0,3.0,3.0,3,0.0,3.648,73.6,14.72,E_CONSISTENT_MID
PANL,10,384,2025-05-13,2026-06-01,0,0,0,0.0,0,0,33.18,2.5525,3.3125,,,,3.4,NEUTRAL,20,0.503,4.0,4.0,1,0.0,,,0,0.0,2.792,73.6,14.72,E_CONSISTENT_MID
PCYO,7,373,2025-05-13,2026-05-21,0,0,0,0.0,0,0,19.45,2.9571,3.2,,,,3.69,BULLISH,21,0.512,,,0,0.0,3.0,3.0,1,0.0,2.614,73.6,14.72,E_CONSISTENT_MID
SAH,10,384,2025-05-13,2026-06-01,0,0,0,0.0,0,0,32.83,2.5525,3.3125,,,,2.8,BULLISH,15,0.561,4.0,4.0,1,0.0,,,0,0.0,1.542,73.6,14.72,E_CONSISTENT_MID
STKS,7,373,2025-05-13,2026-05-21,0,0,0,0.0,0,0,85.87,1.0429,1.3,,,,1.29,VERY_BEARISH,14,0.611,,,0,0.0,,,0,0.0,0.543,73.6,14.72,E_CONSISTENT_MID
SUI,10,384,2025-05-13,2026-06-01,0,0,0,0.0,0,0,72.04,1.8225,2.3125,,,,2.53,BEARISH,15,0.516,3.0,3.0,1,0.0,,,0,0.0,2.503,73.6,14.72,E_CONSISTENT_MID
TRP,10,384,2025-05-13,2026-06-01,0,0,0,0.0,0,0,41.18,2.49,3.0,,,,3.26,NEUTRAL,19,0.452,3.0,3.0,1,0.0,,,0,0.0,3.778,73.6,14.72,E_CONSISTENT_MID
UFPT,10,384,2025-05-13,2026-06-01,0,0,0,0.0,0,0,40.68,2.49,3.0,,,,3.25,NEUTRAL,20,0.444,3.0,3.0,1,0.0,,,0,0.0,3.865,73.6,14.72,E_CONSISTENT_MID
ABBV,10,384,2025-05-13,2026-06-01,0,0,0,0.0,0,0,60.44,2.49,3.0,,,,3.89,VERY_BULLISH,21,0.589,3.0,3.0,1,0.0,,,0,0.0,1.296,73.5,14.7,E_CONSISTENT_MID
B,10,384,2025-05-13,2026-06-01,0,0,0,0.0,0,0,58.04,2.49,3.0,,,,3.48,NEUTRAL,26,0.611,3.0,3.0,1,0.0,,,0,0.0,0.772,73.5,14.7,E_CONSISTENT_MID
BDN,10,384,2025-05-13,2026-06-01,0,0,0,0.0,0,0,57.73,2.49,3.0,,,,2.67,BULLISH,15,0.617,3.0,3.0,1,0.0,,,0,0.0,0.675,73.5,14.7,E_CONSISTENT_MID
CGEN,7,373,2025-05-13,2026-05-21,0,0,0,0.0,0,0,25.48,2.9429,3.15,,,,3.5,BULLISH,18,0.628,,,0,0.0,2.0,2.0,1,0.0,0.423,73.5,14.7,E_CONSISTENT_MID
CMG,10,384,2025-05-13,2026-06-01,0,0,0,0.0,0,0,55.92,2.49,3.0,,,,3.09,NEUTRAL,20,0.634,3.0,3.0,1,0.0,,,0,0.0,0.366,73.5,14.7,E_CONSISTENT_MID
CVGW,10,384,2025-05-13,2026-06-01,0,0,0,0.0,0,0,12.92,3.2292,4.0,,,,4.21,BULLISH,31,0.398,,,0,0.0,2.0,2.0,2,0.0,4.997,73.5,14.7,E_CONSISTENT_MID
DLHC,7,373,2025-05-13,2026-05-21,0,0,0,0.0,0,0,77.94,1.6571,1.85,,,,2.33,BEARISH,15,0.617,,,0,0.0,,,0,0.0,0.759,73.5,14.7,E_CONSISTENT_MID
FBK,10,384,2025-05-13,2026-06-01,0,0,0,0.0,0,0,86.39,1.76,2.0,,,,2.27,BEARISH,15,0.458,2.0,2.0,1,0.0,,,0,0.0,3.75,73.5,14.7,E_CONSISTENT_MID
FOA,5,12,2026-05-20,2026-06-01,0,0,0,0.0,0,0,52.67,2.54,3.0,,,,2,BEARISH,2,0.0,3.0,3.0,1,0.0,,,0,0.0,13.027,73.5,14.7,E_CONSISTENT_MID
FOSL,4,7,2026-05-14,2026-05-21,0,0,0,0.0,0,0,50.21,2.4,2.4,,,,3.36,NEUTRAL,14,0.633,,,0,0.0,,,0,0.0,0.438,73.5,14.7,E_CONSISTENT_MID
HSY,10,384,2025-05-13,2026-06-01,0,0,0,0.0,0,0,92.58,1.155,1.625,,,,1.73,VERY_BEARISH,15,0.594,3.0,3.0,1,0.0,,,0,0.0,1.149,73.5,14.7,E_CONSISTENT_MID
IDXX,10,384,2025-05-13,2026-06-01,0,0,0,0.0,0,0,28.42,3.1292,3.5,,,,3.99,BULLISH,25,0.461,3.0,3.0,2,0.0,2.0,2.0,3,0.0,3.801,73.5,14.7,E_CONSISTENT_MID
LASR,7,373,2025-05-13,2026-05-21,0,0,0,0.0,0,0,44.4,2.2714,2.4,,,,2.67,NEUTRAL,15,0.617,,,0,0.0,,,0,0.0,0.655,73.5,14.7,E_CONSISTENT_MID
OMF,10,384,2025-05-13,2026-06-01,0,0,0,0.0,0,0,46.4,2.49,3.0,,,,2.53,NEUTRAL,15,0.516,3.0,3.0,1,0.0,,,0,0.0,2.586,73.5,14.7,E_CONSISTENT_MID
SLS,10,384,2025-05-13,2026-06-01,0,0,0,0.0,0,0,42.85,2.49,3.0,,,,3.22,NEUTRAL,15,0.49,,,0,0.0,,,0,0.0,3.24,73.5,14.7,E_CONSISTENT_MID
SNY,10,384,2025-05-13,2026-06-01,0,0,0,0.0,0,0,42.61,2.49,3.0,,,,3.95,NEUTRAL,32,0.489,3.0,3.0,1,0.0,,,0,0.0,3.289,73.5,14.7,E_CONSISTENT_MID
SSTK,10,384,2025-05-13,2026-06-01,0,0,0,0.0,0,0,42.3,2.49,3.0,,,,2.31,BEARISH,16,0.479,3.0,3.0,1,0.0,,,0,0.0,3.368,73.5,14.7,E_CONSISTENT_MID
TRUP,10,384,2025-05-13,2026-06-01,0,0,0,0.0,0,0,41.14,2.49,3.0,,,,2.73,NEUTRAL,15,0.458,3.0,3.0,1,0.0,,,0,0.0,3.79,73.5,14.7,E_CONSISTENT_MID
TTWO,10,384,2025-05-13,2026-06-01,0,0,0,0.0,0,0,84.03,1.76,2.0,,,,2.07,NEUTRAL,15,0.258,2.0,2.0,1,0.0,,,0,0.0,7.795,73.5,14.7,E_CONSISTENT_MID
TWIN,4,7,2026-05-14,2026-05-21,0,0,0,0.0,0,0,31.05,2.4,2.4,,,,3.73,NEUTRAL,22,0.631,,,0,0.0,,,0,0.0,0.323,73.5,14.7,E_CONSISTENT_MID
UNF,10,384,2025-05-13,2026-06-01,0,0,0,0.0,0,0,32.13,2.5525,3.3125,,,,3.7,NEUTRAL,25,0.619,4.0,4.0,1,0.0,,,0,0.0,0.657,73.5,14.7,E_CONSISTENT_MID
ABNB,10,384,2025-05-13,2026-06-01,0,0,0,0.0,0,0,60.4,2.49,3.0,,,,2.69,NEUTRAL,16,0.602,3.0,3.0,1,0.0,,,0,0.0,1.247,73.4,14.68,E_CONSISTENT_MID
ADT,10,384,2025-05-13,2026-06-01,0,0,0,0.0,0,0,16.47,3.2136,3.8333,,,,4.24,BULLISH,22,0.4,4.0,4.0,2,0.0,3.0,3.0,3,0.0,5.223,73.4,14.68,E_CONSISTENT_MID
BFS,10,384,2025-05-13,2026-06-01,0,0,0,0.0,0,0,86.97,1.33,2.0,,,,1.27,BEARISH,15,0.458,,,0,0.0,,,0,0.0,4.061,73.4,14.68,E_CONSISTENT_MID
BLKB,10,384,2025-05-13,2026-06-01,0,0,0,0.0,0,0,86.93,1.76,2.0,,,,2.19,BEARISH,16,0.544,2.0,2.0,1,0.0,,,0,0.0,2.244,73.4,14.68,E_CONSISTENT_MID
BRKR,10,384,2025-05-13,2026-06-01,0,0,0,0.0,0,0,65.58,2.4275,2.6875,,,,2.6,BEARISH,15,0.507,2.0,2.0,1,0.0,,,0,0.0,3.156,73.4,14.68,E_CONSISTENT_MID
CNOB,10,384,2025-05-13,2026-06-01,0,0,0,0.0,0,0,55.84,2.49,3.0,,,,2.47,NEUTRAL,15,0.64,3.0,3.0,1,0.0,,,0,0.0,0.374,73.4,14.68,E_CONSISTENT_MID
DCH,10,384,2025-05-13,2026-06-01,0,0,0,0.0,0,0,79.66,1.8225,2.3125,,,,2.73,BEARISH,15,0.594,3.0,3.0,1,0.0,,,0,0.0,1.334,73.4,14.68,E_CONSISTENT_MID
EDU,10,384,2025-05-13,2026-06-01,0,0,0,0.0,0,0,53.91,2.49,3.0,,,,3.44,BULLISH,16,0.629,3.0,3.0,1,0.0,,,0,0.0,0.573,73.4,14.68,E_CONSISTENT_MID
EHC,10,384,2025-05-13,2026-06-01,0,0,0,0.0,0,0,26.41,3.1403,3.5556,,,,4.0,BULLISH,22,0.007,3.0,3.0,2,0.0,2.67,3.0,3,0.577,1.57,73.4,14.68,E_CONSISTENT_MID
KRYS,10,384,2025-05-13,2026-06-01,0,0,0,0.0,0,0,30.01,3.1004,3.4444,,,,4.14,BULLISH,30,0.39,3.0,3.0,2,0.0,2.0,2.0,3,0.0,5.466,73.4,14.68,E_CONSISTENT_MID
PNR,10,384,2025-05-13,2026-06-01,0,0,0,0.0,0,0,73.63,1.8225,2.3125,,,,2.14,BEARISH,16,0.56,3.0,3.0,1,0.0,,,0,0.0,1.98,73.4,14.68,E_CONSISTENT_MID
RAL,10,384,2025-05-13,2026-06-01,0,0,0,0.0,0,0,66.82,1.885,2.625,,,,2.06,BEARISH,16,0.574,4.0,4.0,1,0.0,,,0,0.0,1.711,73.4,14.68,E_CONSISTENT_MID
RELL,10,384,2025-05-13,2026-06-01,0,0,0,0.0,0,0,44.32,2.49,3.0,,,,3.16,NEUTRAL,17,0.511,3.0,3.0,1,0.0,,,0,0.0,2.976,73.4,14.68,E_CONSISTENT_MID
VAC,10,384,2025-05-13,2026-06-01,0,0,0,0.0,0,0,40.33,2.49,3.0,,,,2.86,NEUTRAL,16,0.466,3.0,3.0,1,0.0,,,0,0.0,3.913,73.4,14.68,E_CONSISTENT_MID
WTBA,5,12,2026-05-20,2026-06-01,0,0,0,0.0,0,0,69.88,2.065,2.3125,,,,2.36,BEARISH,14,0.497,3.0,3.0,1,0.0,,,0,0.0,3.226,73.4,14.68,E_CONSISTENT_MID
A,10,384,2025-05-13,2026-06-01,0,0,0,0.0,0,0,60.6,2.49,3.0,,,,3.69,BULLISH,21,0.601,3.0,3.0,1,0.0,,,0,0.0,1.296,73.3,14.66,E_CONSISTENT_MID
AAT,10,384,2025-05-13,2026-06-01,0,0,0,0.0,0,0,66.01,2.4275,2.6875,,,,2.52,NEUTRAL,17,0.608,2.0,2.0,1,0.0,,,0,0.0,1.172,73.3,14.66,E_CONSISTENT_MID
APLS,4,366,2025-05-13,2026-05-14,0,0,0,0.0,0,0,61.35,2.175,2.4,,,,2.54,NEUTRAL,13,0.66,,,0,0.0,,,0,0.0,0.24,73.3,14.66,E_CONSISTENT_MID
ARAY,7,373,2025-05-13,2026-05-21,0,0,0,0.0,0,0,60.35,2.2714,2.4,,,,3.54,NEUTRAL,25,0.658,,,0,0.0,,,0,0.0,0.283,73.3,14.66,E_CONSISTENT_MID
CIX,7,373,2025-05-13,2026-05-21,0,0,0,0.0,0,0,17.49,2.9714,3.25,,,,4.3,VERY_BULLISH,20,0.47,,,0,0.0,3.0,3.0,1,0.0,4.026,73.3,14.66,E_CONSISTENT_MID
CTVA,10,384,2025-05-13,2026-06-01,0,0,0,0.0,0,0,30.32,3.1004,3.4444,,,,3.96,NEUTRAL,24,0.55,3.0,3.0,2,0.0,2.0,2.0,3,0.0,2.453,73.3,14.66,E_CONSISTENT_MID
GRMN,10,384,2025-05-13,2026-06-01,0,0,0,0.0,0,0,51.74,2.49,3.0,,,,3.82,NEUTRAL,28,0.621,3.0,3.0,1,0.0,,,0,0.0,1.051,73.3,14.66,E_CONSISTENT_MID
GT,10,384,2025-05-13,2026-06-01,0,0,0,0.0,0,0,98.99,1.03,1.0,,,,1.47,VERY_BEARISH,15,0.516,1.0,1.0,1,0.0,,,0,0.0,3.056,73.3,14.66,E_CONSISTENT_MID
GWRE,10,384,2025-05-13,2026-06-01,0,0,0,0.0,0,0,77.57,1.9225,2.3125,,,,1.93,VERY_BEARISH,15,0.258,3.0,3.0,1,0.0,,,0,0.0,8.33,73.3,14.66,E_CONSISTENT_MID
JNJ,10,384,2025-05-13,2026-06-01,0,0,0,0.0,0,0,50.19,2.49,3.0,,,,3.53,NEUTRAL,25,0.577,3.0,3.0,1,0.0,,,0,0.0,1.773,73.3,14.66,E_CONSISTENT_MID
LW,10,384,2025-05-13,2026-06-01,0,0,0,0.0,0,0,75.87,1.8225,2.3125,,,,2.25,NEUTRAL,17,0.588,3.0,3.0,1,0.0,,,0,0.0,1.652,73.3,14.66,E_CONSISTENT_MID
ONCY,7,373,2025-05-13,2026-05-21,0,0,0,0.0,0,0,39.61,2.2714,2.4,,,,3.3,NEUTRAL,15,0.65,,,0,0.0,,,0,0.0,0.438,73.3,14.66,E_CONSISTENT_MID
PAG,10,384,2025-05-13,2026-06-01,0,0,0,0.0,0,0,46.02,2.49,3.0,,,,3.45,NEUTRAL,21,0.531,3.0,3.0,1,0.0,,,0,0.0,2.696,73.3,14.66,E_CONSISTENT_MID
RYZ,10,384,2025-05-13,2026-06-01,0,0,0,0.0,0,0,43.74,2.49,3.0,,,,2.87,NEUTRAL,15,0.516,3.0,3.0,1,0.0,,,0,0.0,3.138,73.3,14.66,E_CONSISTENT_MID
SSNC,10,384,2025-05-13,2026-06-01,0,0,0,0.0,0,0,72.2,1.8225,2.3125,,,,2.23,BEARISH,18,0.546,3.0,3.0,1,0.0,,,0,0.0,2.484,73.3,14.66,E_CONSISTENT_MID
STBA,10,384,2025-05-13,2026-06-01,0,0,0,0.0,0,0,42.23,2.49,3.0,,,,3.48,NEUTRAL,16,0.503,3.0,3.0,1,0.0,,,0,0.0,3.397,73.3,14.66,E_CONSISTENT_MID
TU,10,384,2025-05-13,2026-06-01,0,0,0,0.0,0,0,40.99,2.49,3.0,,,,3.14,BEARISH,20,0.478,3.0,3.0,1,0.0,,,0,0.0,3.796,73.3,14.66,E_CONSISTENT_MID
YUM,10,384,2025-05-13,2026-06-01,0,0,0,0.0,0,0,39.13,2.49,3.0,,,,3.28,NEUTRAL,18,0.461,3.0,3.0,1,0.0,,,0,0.0,4.134,73.3,14.66,E_CONSISTENT_MID
ATEX,10,384,2025-05-13,2026-06-01,0,0,0,0.0,0,0,58.55,2.49,3.0,,,,2.92,NEUTRAL,16,0.636,3.0,3.0,1,0.0,,,0,0.0,0.799,73.2,14.64,E_CONSISTENT_MID
BFST,7,373,2025-05-13,2026-05-21,0,0,0,0.0,0,0,58.71,2.2714,2.4,,,,3.76,BEARISH,24,0.668,,,0,0.0,,,0,0.0,0.267,73.2,14.64,E_CONSISTENT_MID
BHRB,3,10,2026-05-22,2026-06-01,0,0,0,0.0,0,0,35.73,3.2083,3.3125,,,,4,BULLISH,1,0.0,4.0,4.0,1,0.0,,,0,0.0,13.552,73.2,14.64,E_CONSISTENT_MID
BSRR,10,384,2025-05-13,2026-06-01,0,0,0,0.0,0,0,57.0,2.49,3.0,,,,3.92,NEUTRAL,30,0.655,3.0,3.0,1,0.0,,,0,0.0,0.521,73.2,14.64,E_CONSISTENT_MID
CDNS,10,384,2025-05-13,2026-06-01,0,0,0,0.0,0,0,56.38,2.49,3.0,,,,3.45,NEUTRAL,20,0.662,3.0,3.0,1,0.0,,,0,0.0,0.393,73.2,14.64,E_CONSISTENT_MID
EBMT,7,373,2025-05-13,2026-05-21,0,0,0,0.0,0,0,12.67,2.9857,3.3,,,,4.75,BULLISH,27,0.422,,,0,0.0,4.0,4.0,1,0.0,5.107,73.2,14.64,E_CONSISTENT_MID
FHB,10,384,2025-05-13,2026-06-01,0,0,0,0.0,0,0,34.92,2.5525,3.3125,,,,3.12,NEUTRAL,17,0.332,4.0,4.0,1,0.0,,,0,0.0,6.958,73.2,14.64,E_CONSISTENT_MID
GTM,10,384,2025-05-13,2026-06-01,0,0,0,0.0,0,0,51.66,2.49,3.0,,,,2.56,NEUTRAL,16,0.629,3.0,3.0,1,0.0,,,0,0.0,1.092,73.2,14.64,E_CONSISTENT_MID
KNSL,10,384,2025-05-13,2026-06-01,0,0,0,0.0,0,0,28.27,3.1292,3.5,,,,4.32,BULLISH,24,0.463,3.0,3.0,2,0.0,2.0,2.0,3,0.0,4.303,73.2,14.64,E_CONSISTENT_MID
LSTR,10,384,2025-05-13,2026-06-01,0,0,0,0.0,0,0,25.83,3.158,3.5556,,,,3.44,BULLISH,18,0.511,3.0,3.0,2,0.0,3.0,3.0,3,0.0,3.379,73.2,14.64,E_CONSISTENT_MID
LTH,10,384,2025-05-13,2026-06-01,0,0,0,0.0,0,0,25.79,3.158,3.5556,,,,3.47,NEUTRAL,15,0.516,3.0,3.0,2,0.0,3.0,3.0,3,0.0,3.379,73.2,14.64,E_CONSISTENT_MID
NP,5,12,2026-05-20,2026-06-01,0,0,0,0.0,0,0,47.22,2.76,3.0,,,,3.54,NEUTRAL,13,0.519,3.0,3.0,1,0.0,,,0,0.0,3.207,73.2,14.64,E_CONSISTENT_MID
PCRX,10,384,2025-05-13,2026-06-01,0,0,0,0.0,0,0,20.19,3.2156,3.6667,,,,3.38,BULLISH,17,0.531,3.0,3.0,2,0.0,4.0,4.0,3,0.0,3.071,73.2,14.64,E_CONSISTENT_MID
QUAD,10,384,2025-05-13,2026-06-01,0,0,0,0.0,0,0,15.74,3.2136,3.8333,,,,4.34,BULLISH,28,0.515,4.0,4.0,2,0.0,3.0,3.0,3,0.0,3.347,73.2,14.64,E_CONSISTENT_MID
RVTY,10,384,2025-05-13,2026-06-01,0,0,0,0.0,0,0,43.81,2.49,3.0,,,,2.42,NEUTRAL,17,0.522,3.0,3.0,1,0.0,,,0,0.0,3.123,73.2,14.64,E_CONSISTENT_MID
T,10,384,2025-05-13,2026-06-01,0,0,0,0.0,0,0,41.88,2.49,3.0,,,,3.58,NEUTRAL,19,0.507,3.0,3.0,1,0.0,,,0,0.0,3.528,73.2,14.64,E_CONSISTENT_MID
TXRH,10,384,2025-05-13,2026-06-01,0,0,0,0.0,0,0,40.84,2.49,3.0,,,,2.33,NEUTRAL,15,0.488,3.0,3.0,1,0.0,,,0,0.0,3.838,73.2,14.64,E_CONSISTENT_MID
WU,10,384,2025-05-13,2026-06-01,0,0,0,0.0,0,0,39.44,2.49,3.0,,,,3.84,NEUTRAL,25,0.473,3.0,3.0,1,0.0,,,0,0.0,4.124,73.2,14.64,E_CONSISTENT_MID
COLL,10,384,2025-05-13,2026-06-01,0,0,0,0.0,0,0,26.64,3.158,3.5556,,,,4.16,NEUTRAL,27,0.598,3.0,3.0,2,0.0,3.0,3.0,3,0.0,1.892,73.1,14.62,E_CONSISTENT_MID
CROX,10,384,2025-05-13,2026-06-01,0,0,0,0.0,0,0,55.49,2.49,3.0,,,,3.28,NEUTRAL,18,0.669,3.0,3.0,1,0.0,,,0,0.0,0.43,73.1,14.62,E_CONSISTENT_MID
EXC,10,384,2025-05-13,2026-06-01,0,0,0,0.0,0,0,18.45,3.2268,3.7222,,,,4.41,BULLISH,23,0.492,3.0,3.0,2,0.0,4.0,4.0,3,0.0,3.961,73.1,14.62,E_CONSISTENT_MID
GME,10,384,2025-05-13,2026-06-01,0,0,0,0.0,0,0,86.0,1.76,2.0,,,,2.67,BEARISH,15,0.488,,,0,0.0,,,0,0.0,4.073,73.1,14.62,E_CONSISTENT_MID
LRN,7,18,2026-05-14,2026-06-01,0,0,0,0.0,0,0,49.03,2.6571,3.0,,,,3.33,NEUTRAL,21,0.563,3.0,3.0,1,0.0,,,0,0.0,2.455,73.1,14.62,E_CONSISTENT_MID
NL,10,384,2025-05-13,2026-06-01,0,0,0,0.0,0,0,85.0,1.33,2.0,,,,1.71,VERY_BEARISH,14,0.469,,,0,0.0,,,0,0.0,4.516,73.1,14.62,E_CONSISTENT_MID
RACE,7,373,2025-05-13,2026-05-21,0,0,0,0.0,0,0,36.97,2.2714,2.4,,,,3.41,NEUTRAL,20,0.665,,,0,0.0,,,0,0.0,0.465,73.1,14.62,E_CONSISTENT_MID
SPOK,10,384,2025-05-13,2026-06-01,0,0,0,0.0,0,0,42.46,2.49,3.0,,,,3.33,NEUTRAL,22,0.519,3.0,3.0,1,0.0,,,0,0.0,3.336,73.1,14.62,E_CONSISTENT_MID
XHR,5,12,2026-05-20,2026-06-01,0,0,0,0.0,0,0,39.25,2.76,3.0,,,,3.92,NEUTRAL,21,0.418,,,0,0.0,,,0,0.0,5.508,73.1,14.62,E_CONSISTENT_MID
AAOI,10,384,2025-05-13,2026-06-01,0,0,0,0.0,0,0,94.9,1.585,1.625,,,,1.8,VERY_BEARISH,15,0.414,3.0,3.0,1,0.0,,,0,0.0,5.639,73.0,14.6,E_CONSISTENT_MID
AMBP,10,384,2025-05-13,2026-06-01,0,0,0,0.0,0,0,82.87,1.8225,2.3125,,,,2.62,NEUTRAL,16,0.619,3.0,3.0,1,0.0,,,0,0.0,1.596,73.0,14.6,E_CONSISTENT_MID
ATEC,10,384,2025-05-13,2026-06-01,0,0,0,0.0,0,0,82.44,1.3925,2.3125,,,,1.8,BEARISH,15,0.414,3.0,3.0,1,0.0,,,0,0.0,5.658,73.0,14.6,E_CONSISTENT_MID
BANR,10,384,2025-05-13,2026-06-01,0,0,0,0.0,0,0,57.97,2.49,3.0,,,,4.04,NEUTRAL,26,0.662,3.0,3.0,1,0.0,,,0,0.0,0.745,73.0,14.6,E_CONSISTENT_MID
BUSE,10,384,2025-05-13,2026-06-01,0,0,0,0.0,0,0,81.44,1.8225,2.3125,,,,1.4,NEUTRAL,15,0.632,3.0,3.0,1,0.0,,,0,0.0,1.43,73.0,14.6,E_CONSISTENT_MID
ITT,10,384,2025-05-13,2026-06-01,0,0,0,0.0,0,0,34.22,2.5525,3.3125,,,,3.09,NEUTRAL,18,0.434,4.0,4.0,1,0.0,,,0,0.0,5.235,73.0,14.6,E_CONSISTENT_MID
IVT,5,12,2026-05-20,2026-06-01,0,0,0,0.0,0,0,36.81,3.2111,3.2778,,,,4,BULLISH,2,0.0,4.0,4.0,1,0.0,3.0,3.0,1,0.0,14.045,73.0,14.6,E_CONSISTENT_MID
JOE,7,18,2026-05-14,2026-06-01,0,0,0,0.0,0,0,50.15,2.6571,3.0,,,,3.38,NEUTRAL,21,0.59,,,0,0.0,,,0,0.0,2.154,73.0,14.6,E_CONSISTENT_MID
LZ,10,384,2025-05-13,2026-06-01,0,0,0,0.0,0,0,91.84,1.21,1.625,,,,1.2,BEARISH,15,0.414,3.0,3.0,1,0.0,,,0,0.0,5.706,73.0,14.6,E_CONSISTENT_MID
MEDP,10,384,2025-05-13,2026-06-01,0,0,0,0.0,0,0,29.97,3.1004,3.4444,,,,4.27,BULLISH,34,0.406,3.0,3.0,2,0.0,2.0,2.0,3,0.0,5.938,73.0,14.6,E_CONSISTENT_MID
MLCO,10,384,2025-05-13,2026-06-01,0,0,0,0.0,0,0,48.38,2.49,3.0,,,,3.66,BULLISH,28,0.582,3.0,3.0,1,0.0,,,0,0.0,2.304,73.0,14.6,E_CONSISTENT_MID
MTN,10,384,2025-05-13,2026-06-01,0,0,0,0.0,0,0,98.41,1.03,1.0,,,,1.53,VERY_BEARISH,15,0.516,1.0,1.0,1,0.0,,,0,0.0,3.737,73.0,14.6,E_CONSISTENT_MID
PHI,2,1,2026-05-20,2026-05-21,0,0,0,0.0,0,0,38.29,2.4,2.4,,,,4.39,NEUTRAL,15,0.702,,,0,0.0,,,0,0.0,0.0,73.0,14.6,E_CONSISTENT_MID
RMNI,10,384,2025-05-13,2026-06-01,0,0,0,0.0,0,0,97.91,1.03,1.0,,,,1.67,VERY_BEARISH,15,0.488,1.0,1.0,1,0.0,,,0,0.0,4.336,73.0,14.6,E_CONSISTENT_MID
SSD,10,384,2025-05-13,2026-06-01,0,0,0,0.0,0,0,32.64,2.5525,3.3125,,,,2.8,NEUTRAL,16,0.653,4.0,4.0,1,0.0,,,0,0.0,0.914,73.0,14.6,E_CONSISTENT_MID
SYY,10,384,2025-05-13,2026-06-01,0,0,0,0.0,0,0,41.92,2.49,3.0,,,,3.46,NEUTRAL,27,0.526,3.0,3.0,1,0.0,,,0,0.0,3.529,73.0,14.6,E_CONSISTENT_MID
TPH,4,366,2025-05-13,2026-05-14,0,0,0,0.0,0,0,66.39,1.5125,1.85,,,,3.58,BEARISH,18,0.683,,,0,0.0,,,0,0.0,0.403,73.0,14.6,E_CONSISTENT_MID
AMKR,10,384,2025-05-13,2026-06-01,0,0,0,0.0,0,0,59.44,2.49,3.0,,,,3.41,NEUTRAL,21,0.664,3.0,3.0,1,0.0,,,0,0.0,0.931,72.9,14.58,E_CONSISTENT_MID
CFR,10,384,2025-05-13,2026-06-01,0,0,0,0.0,0,0,68.14,1.775,2.625,,,,1.93,BEARISH,15,0.258,4.0,4.0,1,0.0,,,0,0.0,8.99,72.9,14.58,E_CONSISTENT_MID
COMP,10,384,2025-05-13,2026-06-01,0,0,0,0.0,0,0,65.43,2.4275,2.6875,,,,2.38,NEUTRAL,16,0.5,2.0,2.0,1,0.0,,,0,0.0,4.148,72.9,14.58,E_CONSISTENT_MID
FLGT,10,384,2025-05-13,2026-06-01,0,0,0,0.0,0,0,86.27,1.33,2.0,,,,1.6,BEARISH,15,0.507,2.0,2.0,1,0.0,,,0,0.0,4.072,72.9,14.58,E_CONSISTENT_MID
HBB,7,373,2025-05-13,2026-05-21,0,0,0,0.0,0,0,48.25,2.2714,2.4,,,,3.33,NEUTRAL,18,0.686,,,0,0.0,,,0,0.0,0.505,72.9,14.58,E_CONSISTENT_MID
INO,10,384,2025-05-13,2026-06-01,0,0,0,0.0,0,0,50.58,2.49,3.0,,,,3.36,NEUTRAL,19,0.634,3.0,3.0,1,0.0,,,0,0.0,1.519,72.9,14.58,E_CONSISTENT_MID
IONQ,10,384,2025-05-13,2026-06-01,0,0,0,0.0,0,0,31.05,3.1601,3.3889,,,,4.16,BULLISH,19,0.375,2.0,2.0,2,0.0,4.0,4.0,3,0.0,6.63,72.9,14.58,E_CONSISTENT_MID
LINC,10,384,2025-05-13,2026-06-01,0,0,0,0.0,0,0,49.42,2.49,3.0,,,,3.61,NEUTRAL,18,0.608,3.0,3.0,1,0.0,,,0,0.0,1.979,72.9,14.58,E_CONSISTENT_MID
LPG,10,384,2025-05-13,2026-06-01,0,0,0,0.0,0,0,17.59,2.7438,3.7692,,,,3,NEUTRAL,15,0.0,,,0,0.0,3.0,3.0,2,0.0,14.169,72.9,14.58,E_CONSISTENT_MID
LXRX,10,384,2025-05-13,2026-06-01,0,0,0,0.0,0,0,33.87,2.5525,3.3125,,,,2.33,NEUTRAL,15,0.488,4.0,4.0,1,0.0,,,0,0.0,4.433,72.9,14.58,E_CONSISTENT_MID
MA,10,384,2025-05-13,2026-06-01,0,0,0,0.0,0,0,48.92,2.49,3.0,,,,3.34,NEUTRAL,22,0.607,3.0,3.0,1,0.0,,,0,0.0,2.106,72.9,14.58,E_CONSISTENT_MID
NPK,10,384,2025-05-13,2026-06-01,0,0,0,0.0,0,0,98.3,1.03,1.0,,,,1.47,VERY_BEARISH,15,0.516,,,0,0.0,,,0,0.0,3.879,72.9,14.58,E_CONSISTENT_MID
PLNT,10,384,2025-05-13,2026-06-01,0,0,0,0.0,0,0,98.07,1.03,1.0,,,,1.6,BEARISH,15,0.507,1.0,1.0,1,0.0,,,0,0.0,4.147,72.9,14.58,E_CONSISTENT_MID
STC,7,373,2025-05-13,2026-05-21,0,0,0,0.0,0,0,18.81,2.9571,3.2,,,,3.53,BULLISH,15,0.516,,,0,0.0,3.0,3.0,1,0.0,3.924,72.9,14.58,E_CONSISTENT_MID
USFD,10,384,2025-05-13,2026-06-01,0,0,0,0.0,0,0,40.45,2.49,3.0,,,,3.79,NEUTRAL,30,0.515,3.0,3.0,1,0.0,,,0,0.0,3.907,72.9,14.58,E_CONSISTENT_MID
WYNN,10,384,2025-05-13,2026-06-01,0,0,0,0.0,0,0,95.05,1.5225,1.3125,,,,2,BEARISH,15,0.0,2.0,2.0,1,0.0,,,0,0.0,14.261,72.9,14.58,E_CONSISTENT_MID
BSAC,7,373,2025-05-13,2026-05-21,0,0,0,0.0,0,0,80.69,1.6571,1.85,,,,2.61,BEARISH,16,0.68,,,0,0.0,,,0,0.0,0.898,72.8,14.56,E_CONSISTENT_MID
CLPT,10,384,2025-05-13,2026-06-01,0,0,0,0.0,0,0,93.97,1.475,1.625,,,,1.87,BEARISH,15,0.352,3.0,3.0,1,0.0,,,0,0.0,7.422,72.8,14.56,E_CONSISTENT_MID
DIN,10,384,2025-05-13,2026-06-01,0,0,0,0.0,0,0,54.45,2.49,3.0,,,,3.6,NEUTRAL,21,0.697,3.0,3.0,1,0.0,,,0,0.0,0.54,72.8,14.56,E_CONSISTENT_MID
ERIE,10,384,2025-05-13,2026-06-01,0,0,0,0.0,0,0,89.17,1.6975,1.6875,,,,2.67,BEARISH,15,0.488,1.0,1.0,1,0.0,,,0,0.0,4.671,72.8,14.56,E_CONSISTENT_MID
FCFS,10,384,2025-05-13,2026-06-01,0,0,0,0.0,0,0,35.03,2.5525,3.3125,,,,3.13,NEUTRAL,17,0.374,4.0,4.0,1,0.0,,,0,0.0,7.008,72.8,14.56,E_CONSISTENT_MID
FFIN,10,384,2025-05-13,2026-06-01,0,0,0,0.0,0,0,67.67,1.675,2.625,,,,1.93,BEARISH,15,0.258,4.0,4.0,1,0.0,,,0,0.0,9.335,72.8,14.56,E_CONSISTENT_MID
FMC,10,384,2025-05-13,2026-06-01,0,0,0,0.0,0,0,78.38,1.8225,2.3125,,,,2.81,BEARISH,16,0.655,3.0,3.0,1,0.0,,,0,0.0,1.342,72.8,14.56,E_CONSISTENT_MID
HBT,10,384,2025-05-13,2026-06-01,0,0,0,0.0,0,0,51.55,2.49,3.0,,,,3.5,BEARISH,21,0.663,3.0,3.0,1,0.0,,,0,0.0,1.216,72.8,14.56,E_CONSISTENT_MID
KHC,10,384,2025-05-13,2026-06-01,0,0,0,0.0,0,0,50.0,2.49,3.0,,,,2.44,BULLISH,16,0.632,3.0,3.0,1,0.0,,,0,0.0,1.823,72.8,14.56,E_CONSISTENT_MID
LH,10,384,2025-05-13,2026-06-01,0,0,0,0.0,0,0,33.99,2.5525,3.3125,,,,2.33,NEUTRAL,15,0.488,4.0,4.0,1,0.0,,,0,0.0,4.704,72.8,14.56,E_CONSISTENT_MID
NEOG,10,384,2025-05-13,2026-06-01,0,0,0,0.0,0,0,74.71,1.8225,2.3125,,,,2.44,BEARISH,16,0.629,3.0,3.0,1,0.0,,,0,0.0,1.811,72.8,14.56,E_CONSISTENT_MID
NET,10,384,2025-05-13,2026-06-01,0,0,0,0.0,0,0,47.45,2.49,3.0,,,,3.27,BULLISH,15,0.594,3.0,3.0,1,0.0,,,0,0.0,2.424,72.8,14.56,E_CONSISTENT_MID
PD,10,384,2025-05-13,2026-06-01,0,0,0,0.0,0,0,45.82,2.49,3.0,,,,3.56,NEUTRAL,25,0.583,3.0,3.0,1,0.0,,,0,0.0,2.741,72.8,14.56,E_CONSISTENT_MID
ACIW,10,384,2025-05-13,2026-06-01,0,0,0,0.0,0,0,65.89,2.4275,2.6875,,,,3.55,NEUTRAL,21,0.662,2.0,2.0,1,0.0,,,0,0.0,1.292,72.7,14.54,E_CONSISTENT_MID
ARI,10,384,2025-05-13,2026-06-01,0,0,0,0.0,0,0,58.82,2.49,3.0,,,,3.36,NEUTRAL,20,0.685,3.0,3.0,1,0.0,,,0,0.0,0.842,72.7,14.54,E_CONSISTENT_MID
AVD,7,373,2025-05-13,2026-05-21,0,0,0,0.0,0,0,59.6,2.2714,2.4,,,,3.32,NEUTRAL,17,0.716,,,0,0.0,,,0,0.0,0.284,72.7,14.54,E_CONSISTENT_MID
BAX,10,384,2025-05-13,2026-06-01,0,0,0,0.0,0,0,82.13,1.8225,2.3125,,,,2.6,BEARISH,18,0.656,3.0,3.0,1,0.0,,,0,0.0,1.498,72.7,14.54,E_CONSISTENT_MID
BDC,10,384,2025-05-13,2026-06-01,0,0,0,0.0,0,0,13.88,3.2712,3.9444,,,,4.1,VERY_BULLISH,31,0.376,4.0,4.0,2,0.0,4.0,4.0,3,0.0,7.079,72.7,14.54,E_CONSISTENT_MID
BKR,10,384,2025-05-13,2026-06-01,0,0,0,0.0,0,0,65.66,2.4275,2.6875,,,,3.88,NEUTRAL,30,0.581,2.0,2.0,1,0.0,,,0,0.0,2.997,72.7,14.54,E_CONSISTENT_MID
CORZ,5,12,2026-05-20,2026-06-01,0,0,0,0.0,0,0,55.68,2.76,3.0,,,,2.5,BEARISH,2,0.707,3.0,3.0,1,0.0,,,0,0.0,0.53,72.7,14.54,E_CONSISTENT_MID
CVCO,10,384,2025-05-13,2026-06-01,0,0,0,0.0,0,0,55.1,2.49,3.0,,,,3.24,NEUTRAL,21,0.71,3.0,3.0,1,0.0,,,0,0.0,0.481,72.7,14.54,E_CONSISTENT_MID
FMAO,10,384,2025-05-13,2026-06-01,0,0,0,0.0,0,0,52.78,2.49,3.0,,,,3.49,NEUTRAL,21,0.692,3.0,3.0,1,0.0,,,0,0.0,0.844,72.7,14.54,E_CONSISTENT_MID
GH,10,384,2025-05-13,2026-06-01,0,0,0,0.0,0,0,78.0,1.5575,2.3125,,,,1.87,BEARISH,15,0.352,3.0,3.0,1,0.0,,,0,0.0,7.648,72.7,14.54,E_CONSISTENT_MID
IRDM,7,18,2026-05-14,2026-06-01,0,0,0,0.0,0,0,50.43,2.6571,3.0,,,,3.51,NEUTRAL,24,0.629,3.0,3.0,1,0.0,,,0,0.0,2.006,72.7,14.54,E_CONSISTENT_MID
LIND,10,384,2025-05-13,2026-06-01,0,0,0,0.0,0,0,49.38,2.49,3.0,,,,2.44,NEUTRAL,16,0.629,3.0,3.0,1,0.0,,,0,0.0,1.979,72.7,14.54,E_CONSISTENT_MID
MG,10,384,2025-05-13,2026-06-01,0,0,0,0.0,0,0,25.75,3.158,3.5556,,,,4.62,BULLISH,34,0.548,3.0,3.0,2,0.0,3.0,3.0,3,0.0,3.597,72.7,14.54,E_CONSISTENT_MID
MOS,10,384,2025-05-13,2026-06-01,0,0,0,0.0,0,0,95.94,1.0925,1.3125,,,,1.27,VERY_BEARISH,15,0.594,2.0,2.0,1,0.0,,,0,0.0,2.69,72.7,14.54,E_CONSISTENT_MID
NTB,7,373,2025-05-13,2026-05-21,0,0,0,0.0,0,0,40.65,2.2714,2.4,,,,4.34,NEUTRAL,28,0.71,,,0,0.0,,,0,0.0,0.461,72.7,14.54,E_CONSISTENT_MID
NTGR,10,384,2025-05-13,2026-06-01,0,0,0,0.0,0,0,46.98,2.49,3.0,,,,3.5,NEUTRAL,22,0.609,3.0,3.0,1,0.0,,,0,0.0,2.472,72.7,14.54,E_CONSISTENT_MID
PAYX,10,384,2025-05-13,2026-06-01,0,0,0,0.0,0,0,45.94,2.49,3.0,,,,2.27,NEUTRAL,15,0.594,3.0,3.0,1,0.0,,,0,0.0,2.717,72.7,14.54,E_CONSISTENT_MID
POWW,7,373,2025-05-13,2026-05-21,0,0,0,0.0,0,0,23.52,2.9429,3.15,,,,4.67,BULLISH,21,0.483,,,0,0.0,2.0,2.0,1,0.0,5.015,72.7,14.54,E_CONSISTENT_MID
APAM,10,384,2025-05-13,2026-06-01,0,0,0,0.0,0,0,59.05,2.49,3.0,,,,4.56,VERY_BULLISH,33,0.693,3.0,3.0,1,0.0,,,0,0.0,0.919,72.6,14.52,E_CONSISTENT_MID
BANF,10,384,2025-05-13,2026-06-01,0,0,0,0.0,0,0,68.41,1.885,2.625,,,,2.2,BEARISH,15,0.414,4.0,4.0,1,0.0,,,0,0.0,6.51,72.6,14.52,E_CONSISTENT_MID
BBIO,10,384,2025-05-13,2026-06-01,0,0,0,0.0,0,0,82.1,1.3925,2.3125,,,,1.73,BEARISH,15,0.458,3.0,3.0,1,0.0,,,0,0.0,5.72,72.6,14.52,E_CONSISTENT_MID
BOW,5,12,2026-05-20,2026-06-01,0,0,0,0.0,0,0,57.19,2.76,3.0,,,,3.5,BULLISH,2,0.707,3.0,3.0,1,0.0,,,0,0.0,0.586,72.6,14.52,E_CONSISTENT_MID
BYD,10,384,2025-05-13,2026-06-01,0,0,0,0.0,0,0,56.81,2.49,3.0,,,,3.65,NEUTRAL,22,0.719,3.0,3.0,1,0.0,,,0,0.0,0.466,72.6,14.52,E_CONSISTENT_MID
CMRE,7,373,2025-05-13,2026-05-21,0,0,0,0.0,0,0,12.92,2.9857,3.3,,,,4.77,BULLISH,31,0.435,,,0,0.0,4.0,4.0,1,0.0,6.135,72.6,14.52,E_CONSISTENT_MID
CTGO,3,10,2026-05-22,2026-06-01,0,0,0,0.0,0,0,55.38,3.0,3.0,,,,3.81,NEUTRAL,3,0.729,3.0,3.0,1,0.0,,,0,0.0,0.29,72.6,14.52,E_CONSISTENT_MID
CWAN,5,12,2026-05-20,2026-06-01,0,0,0,0.0,0,0,54.91,2.76,3.0,,,,2.5,BEARISH,2,0.707,3.0,3.0,1,0.0,,,0,0.0,0.69,72.6,14.52,E_CONSISTENT_MID
EDN,2,1,2026-05-20,2026-05-21,0,0,0,0.0,0,0,52.32,2.4,2.4,,,,4.02,NEUTRAL,23,0.74,,,0,0.0,,,0,0.0,0.0,72.6,14.52,E_CONSISTENT_MID
MFIN,7,373,2025-05-13,2026-05-21,0,0,0,0.0,0,0,42.61,2.2714,2.4,,,,4.23,NEUTRAL,23,0.716,,,0,0.0,,,0,0.0,0.468,72.6,14.52,E_CONSISTENT_MID
MIR,10,384,2025-05-13,2026-06-01,0,0,0,0.0,0,0,91.65,1.585,1.625,,,,1.93,VERY_BEARISH,15,0.258,3.0,3.0,1,0.0,,,0,0.0,9.735,72.6,14.52,E_CONSISTENT_MID
MTRN,10,384,2025-05-13,2026-06-01,0,0,0,0.0,0,0,47.83,2.49,3.0,,,,2.71,NEUTRAL,16,0.618,3.0,3.0,1,0.0,,,0,0.0,2.366,72.6,14.52,E_CONSISTENT_MID
PACB,10,384,2025-05-13,2026-06-01,0,0,0,0.0,0,0,33.26,2.5525,3.3125,,,,3.54,BEARISH,27,0.601,4.0,4.0,1,0.0,,,0,0.0,2.812,72.6,14.52,E_CONSISTENT_MID
QUBT,10,384,2025-05-13,2026-06-01,0,0,0,0.0,0,0,15.7,3.2136,3.8333,,,,4,BULLISH,19,0.577,4.0,4.0,2,0.0,3.0,3.0,3,0.0,3.348,72.6,14.52,E_CONSISTENT_MID
RNG,10,384,2025-05-13,2026-06-01,0,0,0,0.0,0,0,27.65,3.1115,3.5,,,,4.17,BULLISH,25,0.346,3.0,3.0,2,0.0,2.0,2.0,3,0.0,7.792,72.6,14.52,E_CONSISTENT_MID
RPD,10,384,2025-05-13,2026-06-01,0,0,0,0.0,0,0,73.09,1.8225,2.3125,,,,1.4,NEUTRAL,15,0.632,3.0,3.0,1,0.0,,,0,0.0,2.176,72.6,14.52,E_CONSISTENT_MID
TFIN,10,384,2025-05-13,2026-06-01,0,0,0,0.0,0,0,71.66,1.7125,2.3125,,,,1.87,VERY_BEARISH,15,0.352,3.0,3.0,1,0.0,,,0,0.0,7.747,72.6,14.52,E_CONSISTENT_MID
VUZI,3,10,2026-05-22,2026-06-01,0,0,0,0.0,0,0,83.84,2.0,2.0,,,,2.92,NEUTRAL,12,0.289,,,0,0.0,,,0,0.0,9.109,72.6,14.52,E_CONSISTENT_MID
XERS,5,12,2026-05-20,2026-06-01,0,0,0,0.0,0,0,39.29,2.76,3.0,,,,2.29,NEUTRAL,14,0.469,3.0,3.0,1,0.0,,,0,0.0,5.509,72.6,14.52,E_CONSISTENT_MID
ACMR,10,384,2025-05-13,2026-06-01,0,0,0,0.0,0,0,83.41,1.8225,2.3125,,,,2.72,BEARISH,18,0.674,3.0,3.0,1,0.0,,,0,0.0,1.613,72.5,14.5,E_CONSISTENT_MID
ADEA,10,384,2025-05-13,2026-06-01,0,0,0,0.0,0,0,29.23,3.1292,3.5,,,,3.71,NEUTRAL,21,0.674,3.0,3.0,2,0.0,2.0,2.0,3,0.0,1.533,72.5,14.5,E_CONSISTENT_MID
AEHR,10,384,2025-05-13,2026-06-01,0,0,0,0.0,0,0,88.09,1.5375,1.9375,,,,1.73,VERY_BEARISH,15,0.458,4.0,4.0,1,0.0,,,0,0.0,5.88,72.5,14.5,E_CONSISTENT_MID
AVO,5,12,2026-05-20,2026-06-01,0,0,0,0.0,0,0,58.24,2.76,3.0,,,,3.5,BULLISH,2,0.707,3.0,3.0,1,0.0,,,0,0.0,0.913,72.5,14.5,E_CONSISTENT_MID
BRC,10,384,2025-05-13,2026-06-01,0,0,0,0.0,0,0,15.43,3.2338,3.8462,,,,4.24,BULLISH,26,0.49,,,0,0.0,3.0,3.0,3,0.0,5.277,72.5,14.5,E_CONSISTENT_MID
CLFD,10,384,2025-05-13,2026-06-01,0,0,0,0.0,0,0,96.91,1.4125,1.3125,,,,1.87,VERY_BEARISH,15,0.352,2.0,2.0,1,0.0,,,0,0.0,8.019,72.5,14.5,E_CONSISTENT_MID
CRVL,10,384,2025-05-13,2026-06-01,0,0,0,0.0,0,0,19.26,3.1677,3.6923,,,,3.5,VERY_BULLISH,16,0.632,,,0,0.0,2.0,2.0,3,0.0,2.438,72.5,14.5,E_CONSISTENT_MID
CVS,10,384,2025-05-13,2026-06-01,0,0,0,0.0,0,0,54.99,2.49,3.0,,,,4.14,NEUTRAL,29,0.725,3.0,3.0,1,0.0,,,0,0.0,0.459,72.5,14.5,E_CONSISTENT_MID
IEX,10,384,2025-05-13,2026-06-01,0,0,0,0.0,0,0,14.73,3.2424,3.8889,,,,3.27,BULLISH,16,0.642,4.0,4.0,2,0.0,3.0,3.0,3,0.0,2.104,72.5,14.5,E_CONSISTENT_MID
INSE,7,373,2025-05-13,2026-05-21,0,0,0,0.0,0,0,46.18,2.2714,2.4,,,,2.5,NEUTRAL,16,0.721,,,0,0.0,,,0,0.0,0.632,72.5,14.5,E_CONSISTENT_MID
MWA,10,384,2025-05-13,2026-06-01,0,0,0,0.0,0,0,23.51,3.1868,3.6111,,,,3.77,BULLISH,23,0.596,3.0,3.0,2,0.0,3.0,3.0,3,0.0,3.151,72.5,14.5,E_CONSISTENT_MID
NSC,10,384,2025-05-13,2026-06-01,0,0,0,0.0,0,0,25.6,3.158,3.5556,,,,3.76,NEUTRAL,18,0.545,3.0,3.0,2,0.0,3.0,3.0,3,0.0,4.127,72.5,14.5,E_CONSISTENT_MID
RPM,10,384,2025-05-13,2026-06-01,0,0,0,0.0,0,0,73.05,1.8225,2.3125,,,,2.55,BEARISH,17,0.644,3.0,3.0,1,0.0,,,0,0.0,2.176,72.5,14.5,E_CONSISTENT_MID
SHW,10,384,2025-05-13,2026-06-01,0,0,0,0.0,0,0,72.58,1.8225,2.3125,,,,2.4,BEARISH,15,0.632,3.0,3.0,1,0.0,,,0,0.0,2.357,72.5,14.5,E_CONSISTENT_MID
TCMD,10,384,2025-05-13,2026-06-01,0,0,0,0.0,0,0,25.1,3.158,3.5556,,,,4.7,BULLISH,33,0.432,3.0,3.0,2,0.0,3.0,3.0,3,0.0,6.376,72.5,14.5,E_CONSISTENT_MID
TTGT,7,373,2025-05-13,2026-05-21,0,0,0,0.0,0,0,64.99,1.6571,1.85,,,,2.07,BEARISH,14,0.73,,,0,0.0,,,0,0.0,0.407,72.5,14.5,E_CONSISTENT_MID
VERX,5,12,2026-05-20,2026-06-01,0,0,0,0.0,0,0,40.26,2.54,3.0,,,,2,BEARISH,2,0.0,3.0,3.0,1,0.0,,,0,0.0,15.097,72.5,14.5,E_CONSISTENT_MID
WWD,10,384,2025-05-13,2026-06-01,0,0,0,0.0,0,0,31.79,2.5525,3.3125,,,,4.01,NEUTRAL,26,0.695,4.0,4.0,1,0.0,,,0,0.0,1.036,72.5,14.5,E_CONSISTENT_MID
ZLAB,5,12,2026-05-20,2026-06-01,0,0,0,0.0,0,0,94.97,1.245,1.3125,,,,1.31,VERY_BEARISH,13,0.48,2.0,2.0,1,0.0,,,0,0.0,5.361,72.5,14.5,E_CONSISTENT_MID
BCRX,10,384,2025-05-13,2026-06-01,0,0,0,0.0,0,0,37.01,3.1025,3.2778,,,,4.57,BULLISH,30,0.497,2.0,2.0,2,0.0,3.0,3.0,3,0.0,5.329,72.4,14.48,E_CONSISTENT_MID
CRNX,10,384,2025-05-13,2026-06-01,0,0,0,0.0,0,0,80.24,1.3925,2.3125,,,,1.27,VERY_BEARISH,15,0.458,3.0,3.0,1,0.0,,,0,0.0,6.027,72.4,14.48,E_CONSISTENT_MID
CURB,10,384,2025-05-13,2026-06-01,0,0,0,0.0,0,0,79.97,1.3925,2.3125,,,,1.73,VERY_BEARISH,15,0.458,3.0,3.0,1,0.0,,,0,0.0,6.043,72.4,14.48,E_CONSISTENT_MID
CYRX,10,384,2025-05-13,2026-06-01,0,0,0,0.0,0,0,86.66,1.76,2.0,,,,2.31,BEARISH,16,0.602,2.0,2.0,1,0.0,,,0,0.0,3.168,72.4,14.48,E_CONSISTENT_MID
FLO,10,384,2025-05-13,2026-06-01,0,0,0,0.0,0,0,78.46,1.6575,2.3125,,,,1.2,BEARISH,15,0.414,3.0,3.0,1,0.0,,,0,0.0,6.989,72.4,14.48,E_CONSISTENT_MID
IBCP,10,384,2025-05-13,2026-06-01,0,0,0,0.0,0,0,34.42,2.5525,3.3125,,,,3.81,NEUTRAL,24,0.476,4.0,4.0,1,0.0,,,0,0.0,5.697,72.4,14.48,E_CONSISTENT_MID
ISRG,10,384,2025-05-13,2026-06-01,0,0,0,0.0,0,0,34.26,2.5525,3.3125,,,,3.41,NEUTRAL,21,0.495,4.0,4.0,1,0.0,,,0,0.0,5.282,72.4,14.48,E_CONSISTENT_MID
NICE,7,373,2025-05-13,2026-05-21,0,0,0,0.0,0,0,26.7,2.9286,3.1,,,,3.73,BULLISH,21,0.495,,,0,0.0,2.0,2.0,1,0.0,5.278,72.4,14.48,E_CONSISTENT_MID
OOMA,10,384,2025-05-13,2026-06-01,0,0,0,0.0,0,0,46.29,2.49,3.0,,,,3.12,BEARISH,21,0.633,3.0,3.0,1,0.0,,,0,0.0,2.607,72.4,14.48,E_CONSISTENT_MID
PEBO,10,384,2025-05-13,2026-06-01,0,0,0,0.0,0,0,20.15,3.2156,3.6667,,,,4.18,VERY_BULLISH,19,0.602,3.0,3.0,2,0.0,4.0,4.0,3,0.0,3.082,72.4,14.48,E_CONSISTENT_MID
SAFT,10,384,2025-05-13,2026-06-01,0,0,0,0.0,0,0,25.25,3.158,3.5556,,,,4.53,BULLISH,32,0.474,3.0,3.0,1,0.0,3.0,3.0,3,0.0,5.737,72.4,14.48,E_CONSISTENT_MID
SHEN,10,384,2025-05-13,2026-06-01,0,0,0,0.0,0,0,84.34,1.33,2.0,,,,1.87,BEARISH,15,0.516,2.0,2.0,1,0.0,,,0,0.0,4.921,72.4,14.48,E_CONSISTENT_MID
SMSI,7,373,2025-05-13,2026-05-21,0,0,0,0.0,0,0,22.98,2.9429,3.15,,,,3.29,BULLISH,14,0.469,,,0,0.0,2.0,2.0,1,0.0,5.778,72.4,14.48,E_CONSISTENT_MID
SPG,10,384,2025-05-13,2026-06-01,0,0,0,0.0,0,0,19.76,3.1979,3.6667,,,,4,BULLISH,16,0.0,3.0,3.0,2,0.0,3.67,4.0,3,0.577,3.751,72.4,14.48,E_CONSISTENT_MID
BATRK,10,384,2025-05-13,2026-06-01,0,0,0,0.0,0,0,97.29,1.4125,1.3125,,,,1.2,VERY_BEARISH,15,0.414,2.0,2.0,1,0.0,,,0,0.0,7.219,72.3,14.46,E_CONSISTENT_MID
BIIB,10,384,2025-05-13,2026-06-01,0,0,0,0.0,0,0,26.88,3.158,3.5556,,,,3.63,BULLISH,21,0.654,3.0,3.0,2,0.0,3.0,3.0,3,0.0,2.319,72.3,14.46,E_CONSISTENT_MID
CZWI,7,373,2025-05-13,2026-05-21,0,0,0,0.0,0,0,53.71,2.2714,2.4,,,,4.57,NEUTRAL,27,0.747,,,0,0.0,,,0,0.0,0.478,72.3,14.46,E_CONSISTENT_MID
FVRR,7,373,2025-05-13,2026-05-21,0,0,0,0.0,0,0,49.75,2.2714,2.4,,,,2.72,NEUTRAL,15,0.755,,,0,0.0,,,0,0.0,0.37,72.3,14.46,E_CONSISTENT_MID
HURN,10,384,2025-05-13,2026-06-01,0,0,0,0.0,0,0,51.12,2.49,3.0,,,,3.53,NEUTRAL,20,0.697,3.0,3.0,1,0.0,,,0,0.0,1.422,72.3,14.46,E_CONSISTENT_MID
IDA,10,384,2025-05-13,2026-06-01,0,0,0,0.0,0,0,76.95,1.8225,2.3125,,,,2.71,BEARISH,17,0.699,3.0,3.0,1,0.0,,,0,0.0,1.429,72.3,14.46,E_CONSISTENT_MID
IR,10,384,2025-05-13,2026-06-01,0,0,0,0.0,0,0,76.72,1.8225,2.3125,,,,2.35,BEARISH,17,0.702,3.0,3.0,1,0.0,,,0,0.0,1.445,72.3,14.46,E_CONSISTENT_MID
ITRI,10,384,2025-05-13,2026-06-01,0,0,0,0.0,0,0,50.35,2.49,3.0,,,,3.38,NEUTRAL,20,0.688,3.0,3.0,1,0.0,,,0,0.0,1.707,72.3,14.46,E_CONSISTENT_MID
JJSF,10,384,2025-05-13,2026-06-01,0,0,0,0.0,0,0,88.94,1.6975,1.6875,,,,2.77,NEUTRAL,16,0.469,1.0,1.0,1,0.0,,,0,0.0,6.07,72.3,14.46,E_CONSISTENT_MID
NOW,10,384,2025-05-13,2026-06-01,0,0,0,0.0,0,0,95.82,1.0925,1.3125,,,,1.28,NEUTRAL,16,0.628,2.0,2.0,1,0.0,,,0,0.0,2.883,72.3,14.46,E_CONSISTENT_MID
PAA,10,384,2025-05-13,2026-06-01,0,0,0,0.0,0,0,20.26,3.2156,3.6667,,,,4.31,BULLISH,26,0.618,3.0,3.0,2,0.0,4.0,4.0,3,0.0,3.028,72.3,14.46,E_CONSISTENT_MID
PHM,10,384,2025-05-13,2026-06-01,0,0,0,0.0,0,0,45.44,2.49,3.0,,,,3.41,NEUTRAL,18,0.632,3.0,3.0,1,0.0,,,0,0.0,2.783,72.3,14.46,E_CONSISTENT_MID
SFIX,10,384,2025-05-13,2026-06-01,0,0,0,0.0,0,0,43.27,2.49,3.0,,,,3.32,NEUTRAL,20,0.611,3.0,3.0,1,0.0,,,0,0.0,3.253,72.3,14.46,E_CONSISTENT_MID
SPT,10,384,2025-05-13,2026-06-01,0,0,0,0.0,0,0,32.68,2.5525,3.3125,,,,2.33,BULLISH,15,0.724,4.0,4.0,1,0.0,,,0,0.0,0.921,72.3,14.46,E_CONSISTENT_MID
WLK,10,384,2025-05-13,2026-06-01,0,0,0,0.0,0,0,70.03,1.8225,2.3125,,,,2.82,BEARISH,17,0.636,3.0,3.0,1,0.0,,,0,0.0,2.599,72.3,14.46,E_CONSISTENT_MID
BB,10,384,2025-05-13,2026-06-01,0,0,0,0.0,0,0,17.44,3.1848,3.7778,,,,4,BULLISH,16,0.0,4.0,4.0,2,0.0,2.33,2.0,3,0.577,4.092,72.2,14.44,E_CONSISTENT_MID
BLNK,7,373,2025-05-13,2026-05-21,0,0,0,0.0,0,0,80.98,1.6571,1.85,,,,2.5,BEARISH,16,0.73,,,0,0.0,,,0,0.0,0.925,72.2,14.44,E_CONSISTENT_MID
CDNA,10,384,2025-05-13,2026-06-01,0,0,0,0.0,0,0,24.56,3.1868,3.6111,,,,3.57,VERY_BULLISH,21,0.598,3.0,3.0,2,0.0,3.0,3.0,3,0.0,3.693,72.2,14.44,E_CONSISTENT_MID
CGNX,10,384,2025-05-13,2026-06-01,0,0,0,0.0,0,0,16.32,3.2313,3.8333,,,,3.65,NEUTRAL,16,0.551,4.0,4.0,2,0.0,3.0,3.0,3,0.0,4.579,72.2,14.44,E_CONSISTENT_MID
CHCO,10,384,2025-05-13,2026-06-01,0,0,0,0.0,0,0,35.5,2.5525,3.3125,,,,3.14,NEUTRAL,18,0.33,4.0,4.0,1,0.0,,,0,0.0,8.918,72.2,14.44,E_CONSISTENT_MID
CTSH,10,384,2025-05-13,2026-06-01,0,0,0,0.0,0,0,55.26,2.49,3.0,,,,3.52,NEUTRAL,23,0.755,3.0,3.0,1,0.0,,,0,0.0,0.482,72.2,14.44,E_CONSISTENT_MID
EGHT,10,384,2025-05-13,2026-06-01,0,0,0,0.0,0,0,37.43,3.0737,3.2222,,,,3.59,BULLISH,28,0.491,2.0,2.0,2,0.0,2.0,2.0,3,0.0,5.865,72.2,14.44,E_CONSISTENT_MID
GATX,10,384,2025-05-13,2026-06-01,0,0,0,0.0,0,0,99.23,1.46,1.0,,,,1.93,VERY_BEARISH,15,0.258,,,0,0.0,,,0,0.0,10.385,72.2,14.44,E_CONSISTENT_MID
HLX,10,384,2025-05-13,2026-06-01,0,0,0,0.0,0,0,34.57,2.5525,3.3125,,,,3.33,NEUTRAL,18,0.485,4.0,4.0,1,0.0,,,0,0.0,5.94,72.2,14.44,E_CONSISTENT_MID
IT,10,384,2025-05-13,2026-06-01,0,0,0,0.0,0,0,76.64,1.8225,2.3125,,,,2.39,NEUTRAL,19,0.707,3.0,3.0,1,0.0,,,0,0.0,1.428,72.2,14.44,E_CONSISTENT_MID
JAZZ,10,384,2025-05-13,2026-06-01,0,0,0,0.0,0,0,20.65,3.2156,3.6667,,,,3.56,NEUTRAL,21,0.619,3.0,3.0,2,0.0,4.0,4.0,3,0.0,3.273,72.2,14.44,E_CONSISTENT_MID
JELD,7,373,2025-05-13,2026-05-21,0,0,0,0.0,0,0,91.01,1.0429,1.3,,,,1.87,VERY_BEARISH,15,0.766,,,0,0.0,,,0,0.0,0.3,72.2,14.44,E_CONSISTENT_MID
LCII,10,384,2025-05-13,2026-06-01,0,0,0,0.0,0,0,14.62,3.2424,3.8889,,,,3.63,NEUTRAL,24,0.706,4.0,4.0,2,0.0,3.0,3.0,3,0.0,1.575,72.2,14.44,E_CONSISTENT_MID
MAMA,10,384,2025-05-13,2026-06-01,0,0,0,0.0,0,0,85.15,1.76,2.0,,,,2.53,BEARISH,15,0.516,2.0,2.0,1,0.0,,,0,0.0,5.18,72.2,14.44,E_CONSISTENT_MID
NVS,10,384,2025-05-13,2026-06-01,0,0,0,0.0,0,0,46.79,2.55,3.0,,,,3.92,BULLISH,32,0.454,3.0,3.0,1,0.0,3.0,3.0,1,0.0,6.575,72.2,14.44,E_CONSISTENT_MID
P,10,384,2025-05-13,2026-06-01,0,0,0,0.0,0,0,73.9,1.3925,2.3125,,,,1.79,BEARISH,14,0.426,3.0,3.0,1,0.0,,,0,0.0,7.093,72.2,14.44,E_CONSISTENT_MID
PLSE,10,384,2025-05-13,2026-06-01,0,0,0,0.0,0,0,87.9,1.2175,1.9375,,,,1.6,VERY_BEARISH,16,0.718,4.0,4.0,1,0.0,,,0,0.0,1.307,72.2,14.44,E_CONSISTENT_MID
SMBK,10,384,2025-05-13,2026-06-01,0,0,0,0.0,0,0,42.81,2.49,3.0,,,,3.05,NEUTRAL,19,0.621,3.0,3.0,1,0.0,,,0,0.0,3.262,72.2,14.44,E_CONSISTENT_MID
AEO,10,384,2025-05-13,2026-06-01,0,0,0,0.0,0,0,87.47,1.76,2.0,,,,2.95,BEARISH,19,0.705,2.0,2.0,1,0.0,,,0,0.0,1.675,72.1,14.42,E_CONSISTENT_MID
AGCO,10,384,2025-05-13,2026-06-01,0,0,0,0.0,0,0,83.06,1.6125,2.3125,,,,1.87,BEARISH,15,0.516,3.0,3.0,1,0.0,,,0,0.0,5.565,72.1,14.42,E_CONSISTENT_MID
AMTB,10,384,2025-05-13,2026-06-01,0,0,0,0.0,0,0,69.53,2.365,2.375,,,,2.59,NEUTRAL,17,0.618,1.0,1.0,1,0.0,,,0,0.0,3.487,72.1,14.42,E_CONSISTENT_MID
AORT,10,384,2025-05-13,2026-06-01,0,0,0,0.0,0,0,87.28,1.54,2.0,,,,1.53,BEARISH,15,0.516,2.0,2.0,1,0.0,,,0,0.0,5.568,72.1,14.42,E_CONSISTENT_MID
AQST,10,384,2025-05-13,2026-06-01,0,0,0,0.0,0,0,82.56,1.7125,2.3125,,,,1.47,BEARISH,15,0.516,3.0,3.0,1,0.0,,,0,0.0,5.403,72.1,14.42,E_CONSISTENT_MID
BMRC,10,384,2025-05-13,2026-06-01,0,0,0,0.0,0,0,97.22,1.0925,1.3125,,,,1.8,VERY_BEARISH,16,0.712,2.0,2.0,1,0.0,,,0,0.0,1.479,72.1,14.42,E_CONSISTENT_MID
CLDX,10,384,2025-05-13,2026-06-01,0,0,0,0.0,0,0,94.01,1.265,1.625,,,,1.6,VERY_BEARISH,15,0.507,3.0,3.0,1,0.0,,,0,0.0,5.682,72.1,14.42,E_CONSISTENT_MID
CNMD,10,384,2025-05-13,2026-06-01,0,0,0,0.0,0,0,28.89,3.1292,3.5,,,,3.68,NEUTRAL,23,0.719,3.0,3.0,2,0.0,2.0,2.0,3,0.0,1.493,72.1,14.42,E_CONSISTENT_MID
COKE,10,384,2025-05-13,2026-06-01,0,0,0,0.0,0,0,15.39,3.2162,3.8462,,,,3.62,NEUTRAL,21,0.59,,,0,0.0,3.0,3.0,3,0.0,3.916,72.1,14.42,E_CONSISTENT_MID
CVSA,10,384,2025-05-13,2026-06-01,0,0,0,0.0,0,0,54.95,2.49,3.0,,,,3.33,NEUTRAL,18,0.767,3.0,3.0,1,0.0,,,0,0.0,0.458,72.1,14.42,E_CONSISTENT_MID
DERM,10,384,2025-05-13,2026-06-01,0,0,0,0.0,0,0,93.39,1.585,1.625,,,,1.2,VERY_BEARISH,15,0.414,3.0,3.0,1,0.0,,,0,0.0,7.524,72.1,14.42,E_CONSISTENT_MID
DQ,7,373,2025-05-13,2026-05-21,0,0,0,0.0,0,0,93.47,1.0429,1.3,,,,2.14,VERY_BEARISH,14,0.77,,,0,0.0,,,0,0.0,0.384,72.1,14.42,E_CONSISTENT_MID
FTDR,10,384,2025-05-13,2026-06-01,0,0,0,0.0,0,0,52.51,2.49,3.0,,,,4.13,NEUTRAL,19,0.74,3.0,3.0,1,0.0,,,0,0.0,0.91,72.1,14.42,E_CONSISTENT_MID
H,10,384,2025-05-13,2026-06-01,0,0,0,0.0,0,0,77.53,1.7125,2.3125,,,,1.93,NEUTRAL,15,0.458,3.0,3.0,1,0.0,,,0,0.0,6.608,72.1,14.42,E_CONSISTENT_MID
HCA,10,384,2025-05-13,2026-06-01,0,0,0,0.0,0,0,51.51,2.49,3.0,,,,3.75,NEUTRAL,23,0.728,3.0,3.0,1,0.0,,,0,0.0,1.215,72.1,14.42,E_CONSISTENT_MID
HOMB,10,384,2025-05-13,2026-06-01,0,0,0,0.0,0,0,31.09,3.1601,3.3889,,,,4.3,BULLISH,27,0.465,2.0,2.0,2,0.0,4.0,4.0,3,0.0,6.558,72.1,14.42,E_CONSISTENT_MID
IRTC,10,384,2025-05-13,2026-06-01,0,0,0,0.0,0,0,76.68,1.3925,2.3125,,,,1.73,BEARISH,15,0.458,3.0,3.0,1,0.0,,,0,0.0,6.618,72.1,14.42,E_CONSISTENT_MID
NRIX,5,12,2026-05-20,2026-06-01,0,0,0,0.0,0,0,91.42,1.37,1.625,,,,1.5,BEARISH,2,0.707,3.0,3.0,1,0.0,,,0,0.0,1.741,72.1,14.42,E_CONSISTENT_MID
NX,10,384,2025-05-13,2026-06-01,0,0,0,0.0,0,0,88.59,1.6975,1.6875,,,,2.2,BEARISH,15,0.414,1.0,1.0,1,0.0,,,0,0.0,7.481,72.1,14.42,E_CONSISTENT_MID
OFLX,7,373,2025-05-13,2026-05-21,0,0,0,0.0,0,0,39.79,2.2714,2.4,,,,4.08,NEUTRAL,21,0.771,,,0,0.0,,,0,0.0,0.451,72.1,14.42,E_CONSISTENT_MID
TMHC,10,384,2025-05-13,2026-06-01,0,0,0,0.0,0,0,41.53,2.49,3.0,,,,2.69,NEUTRAL,16,0.602,3.0,3.0,1,0.0,,,0,0.0,3.764,72.1,14.42,E_CONSISTENT_MID
TTMI,10,384,2025-05-13,2026-06-01,0,0,0,0.0,0,0,32.21,2.5525,3.3125,,,,3.65,NEUTRAL,27,0.762,4.0,4.0,1,0.0,,,0,0.0,0.593,72.1,14.42,E_CONSISTENT_MID
AM,10,384,2025-05-13,2026-06-01,0,0,0,0.0,0,0,59.55,2.49,3.0,,,,3.59,NEUTRAL,27,0.751,3.0,3.0,1,0.0,,,0,0.0,0.947,72.0,14.4,E_CONSISTENT_MID
AMCR,10,384,2025-05-13,2026-06-01,0,0,0,0.0,0,0,82.75,1.6125,2.3125,,,,1.53,BEARISH,15,0.516,3.0,3.0,1,0.0,,,0,0.0,5.742,72.0,14.4,E_CONSISTENT_MID
AME,10,384,2025-05-13,2026-06-01,0,0,0,0.0,0,0,31.67,3.0644,3.3333,,,,4.04,NEUTRAL,25,0.455,4.0,4.0,1,0.0,4.0,4.0,1,0.0,6.894,72.0,14.4,E_CONSISTENT_MID
AYI,10,384,2025-05-13,2026-06-01,0,0,0,0.0,0,0,65.74,2.4275,2.6875,,,,3.66,BULLISH,22,0.677,2.0,2.0,1,0.0,,,0,0.0,2.508,72.0,14.4,E_CONSISTENT_MID
DBD,10,384,2025-05-13,2026-06-01,0,0,0,0.0,0,0,54.68,2.49,3.0,,,,4.45,NEUTRAL,31,0.775,3.0,3.0,1,0.0,,,0,0.0,0.503,72.0,14.4,E_CONSISTENT_MID
FSBC,5,12,2026-05-20,2026-06-01,0,0,0,0.0,0,0,14.85,3.6248,3.8889,,,,4,BULLISH,2,0.0,3.5,4.0,2,0.707,3.0,3.0,3,0.0,1.852,72.0,14.4,E_CONSISTENT_MID
ICHR,10,384,2025-05-13,2026-06-01,0,0,0,0.0,0,0,34.38,2.5525,3.3125,,,,2.53,NEUTRAL,15,0.516,4.0,4.0,1,0.0,,,0,0.0,5.652,72.0,14.4,E_CONSISTENT_MID
LPX,10,384,2025-05-13,2026-06-01,0,0,0,0.0,0,0,96.09,1.0925,1.3125,,,,1.17,VERY_BEARISH,16,0.667,2.0,2.0,1,0.0,,,0,0.0,2.609,72.0,14.4,E_CONSISTENT_MID
PLTK,10,384,2025-05-13,2026-06-01,0,0,0,0.0,0,0,27.84,3.1292,3.5,,,,3.69,BULLISH,16,0.479,3.0,3.0,2,0.0,2.0,2.0,3,0.0,6.508,72.0,14.4,E_CONSISTENT_MID
QNST,10,384,2025-05-13,2026-06-01,0,0,0,0.0,0,0,29.74,2.7804,3.4444,,,,3.26,BULLISH,17,0.529,3.0,3.0,2,0.0,2.0,2.0,3,0.0,5.409,72.0,14.4,E_CONSISTENT_MID
SYBT,10,384,2025-05-13,2026-06-01,0,0,0,0.0,0,0,32.6,2.1225,3.3125,,,,2,BEARISH,15,0.0,4.0,4.0,1,0.0,,,0,0.0,16.008,72.0,14.4,E_CONSISTENT_MID
ASH,10,384,2025-05-13,2026-06-01,0,0,0,0.0,0,0,97.45,1.0925,1.3125,,,,1.81,VERY_BEARISH,16,0.746,2.0,2.0,1,0.0,,,0,0.0,1.367,71.9,14.38,E_CONSISTENT_MID
ATI,10,384,2025-05-13,2026-06-01,0,0,0,0.0,0,0,13.23,3.3,4.0,,,,3.82,BULLISH,22,0.395,4.0,4.0,2,0.0,4.0,4.0,3,0.0,8.372,71.9,14.38,E_CONSISTENT_MID
BOKF,10,384,2025-05-13,2026-06-01,0,0,0,0.0,0,0,35.69,2.5525,3.3125,,,,3.12,NEUTRAL,17,0.332,4.0,4.0,1,0.0,,,0,0.0,9.536,71.9,14.38,E_CONSISTENT_MID
CARE,5,12,2026-05-20,2026-06-01,0,0,0,0.0,0,0,15.12,3.6248,3.8889,,,,4.5,VERY_BULLISH,2,0.707,4.0,4.0,2,0.0,3.0,3.0,3,0.0,2.135,71.9,14.38,E_CONSISTENT_MID
COLD,10,384,2025-05-13,2026-06-01,0,0,0,0.0,0,0,24.44,3.1691,3.6111,,,,3.4,BULLISH,15,0.737,3.0,3.0,2,0.0,3.0,3.0,3,0.0,1.512,71.9,14.38,E_CONSISTENT_MID
EPAM,10,384,2025-05-13,2026-06-01,0,0,0,0.0,0,0,53.63,2.49,3.0,,,,3.03,NEUTRAL,21,0.78,3.0,3.0,1,0.0,,,0,0.0,0.669,71.9,14.38,E_CONSISTENT_MID
EQR,10,384,2025-05-13,2026-06-01,0,0,0,0.0,0,0,28.54,3.1115,3.5,,,,3.76,BULLISH,17,0.664,3.0,3.0,2,0.0,2.0,2.0,3,0.0,2.859,71.9,14.38,E_CONSISTENT_MID
EVER,10,384,2025-05-13,2026-06-01,0,0,0,0.0,0,0,53.25,2.49,3.0,,,,4.46,NEUTRAL,24,0.779,3.0,3.0,1,0.0,,,0,0.0,0.642,71.9,14.38,E_CONSISTENT_MID
FDS,10,384,2025-05-13,2026-06-01,0,0,0,0.0,0,0,35.0,2.5525,3.3125,,,,3.72,BULLISH,18,0.461,4.0,4.0,1,0.0,,,0,0.0,6.961,71.9,14.38,E_CONSISTENT_MID
FLWS,10,384,2025-05-13,2026-06-01,0,0,0,0.0,0,0,86.23,2.19,2.0,,,,3,NEUTRAL,15,0.0,2.0,2.0,1,0.0,,,0,0.0,16.262,71.9,14.38,E_CONSISTENT_MID
GNTX,10,384,2025-05-13,2026-06-01,0,0,0,0.0,0,0,77.8,1.8225,2.3125,,,,2.78,NEUTRAL,18,0.739,3.0,3.0,1,0.0,,,0,0.0,1.367,71.9,14.38,E_CONSISTENT_MID
GO,10,384,2025-05-13,2026-06-01,0,0,0,0.0,0,0,92.85,1.155,1.625,,,,1.19,VERY_BEARISH,16,0.75,3.0,3.0,1,0.0,,,0,0.0,1.196,71.9,14.38,E_CONSISTENT_MID
HAFC,10,384,2025-05-13,2026-06-01,0,0,0,0.0,0,0,34.69,2.5525,3.3125,,,,3.16,NEUTRAL,17,0.504,4.0,4.0,1,0.0,,,0,0.0,6.153,71.9,14.38,E_CONSISTENT_MID
HOPE,10,384,2025-05-13,2026-06-01,0,0,0,0.0,0,0,34.53,2.5525,3.3125,,,,2.53,NEUTRAL,15,0.516,4.0,4.0,1,0.0,,,0,0.0,5.878,71.9,14.38,E_CONSISTENT_MID
KVUE,10,384,2025-05-13,2026-06-01,0,0,0,0.0,0,0,12.41,2.79,4.0,,,,3,NEUTRAL,15,0.0,5.0,5.0,2,0.0,2.0,2.0,2,0.0,16.186,71.9,14.38,E_CONSISTENT_MID
MSGS,10,384,2025-05-13,2026-06-01,0,0,0,0.0,0,0,74.94,1.3925,2.3125,,,,1.27,VERY_BEARISH,15,0.458,3.0,3.0,1,0.0,,,0,0.0,6.972,71.9,14.38,E_CONSISTENT_MID
NEM,10,384,2025-05-13,2026-06-01,0,0,0,0.0,0,0,47.53,2.49,3.0,,,,4.08,NEUTRAL,34,0.687,3.0,3.0,1,0.0,,,0,0.0,2.419,71.9,14.38,E_CONSISTENT_MID
NLY,10,384,2025-05-13,2026-06-01,0,0,0,0.0,0,0,47.33,2.49,3.0,,,,4.21,NEUTRAL,32,0.689,3.0,3.0,1,0.0,,,0,0.0,2.427,71.9,14.38,E_CONSISTENT_MID
NVAX,10,384,2025-05-13,2026-06-01,0,0,0,0.0,0,0,28.0,3.1115,3.5,,,,4.07,VERY_BULLISH,31,0.499,3.0,3.0,2,0.0,2.0,2.0,3,0.0,6.22,71.9,14.38,E_CONSISTENT_MID
PSN,10,384,2025-05-13,2026-06-01,0,0,0,0.0,0,0,84.73,1.76,2.0,,,,1.67,VERY_BEARISH,15,0.488,2.0,2.0,1,0.0,,,0,0.0,6.432,71.9,14.38,E_CONSISTENT_MID
ROST,10,384,2025-05-13,2026-06-01,0,0,0,0.0,0,0,32.91,2.5525,3.3125,,,,4.09,VERY_BULLISH,27,0.731,4.0,4.0,1,0.0,,,0,0.0,1.656,71.9,14.38,E_CONSISTENT_MID
SLM,10,384,2025-05-13,2026-06-01,0,0,0,0.0,0,0,23.12,3.1691,3.6111,,,,3.09,NEUTRAL,15,0.544,3.0,3.0,2,0.0,3.0,3.0,3,0.0,5.324,71.9,14.38,E_CONSISTENT_MID
SVV,5,12,2026-05-20,2026-06-01,0,0,0,0.0,0,0,63.42,2.635,2.6875,,,,3,NEUTRAL,2,0.0,2.0,2.0,1,0.0,,,0,0.0,16.288,71.9,14.38,E_CONSISTENT_MID
BHR,7,373,2025-05-13,2026-05-21,0,0,0,0.0,0,0,81.3,1.6571,1.85,,,,2.78,BEARISH,17,0.778,,,0,0.0,,,0,0.0,0.932,71.8,14.36,E_CONSISTENT_MID
BURL,10,384,2025-05-13,2026-06-01,0,0,0,0.0,0,0,68.25,1.885,2.625,,,,2.87,BULLISH,15,0.516,4.0,4.0,1,0.0,,,0,0.0,6.085,71.8,14.36,E_CONSISTENT_MID
CMP,10,384,2025-05-13,2026-06-01,0,0,0,0.0,0,0,55.88,2.49,3.0,,,,4.62,NEUTRAL,26,0.804,3.0,3.0,1,0.0,,,0,0.0,0.365,71.8,14.36,E_CONSISTENT_MID
CSR,10,384,2025-05-13,2026-06-01,0,0,0,0.0,0,0,80.16,1.3925,2.3125,,,,1.47,BEARISH,15,0.516,3.0,3.0,1,0.0,,,0,0.0,5.991,71.8,14.36,E_CONSISTENT_MID
FFBC,10,384,2025-05-13,2026-06-01,0,0,0,0.0,0,0,34.96,2.5525,3.3125,,,,3.37,NEUTRAL,18,0.474,4.0,4.0,1,0.0,,,0,0.0,6.961,71.8,14.36,E_CONSISTENT_MID
HBCP,10,384,2025-05-13,2026-06-01,0,0,0,0.0,0,0,51.59,2.49,3.0,,,,4.4,NEUTRAL,30,0.76,3.0,3.0,1,0.0,,,0,0.0,1.185,71.8,14.36,E_CONSISTENT_MID
MPX,5,367,2025-05-13,2026-05-15,0,0,0,0.0,0,0,42.42,2.22,2.4,,,,3.38,NEUTRAL,16,0.806,,,0,0.0,,,0,0.0,0.282,71.8,14.36,E_CONSISTENT_MID
SHOO,10,384,2025-05-13,2026-06-01,0,0,0,0.0,0,0,90.68,1.585,1.625,,,,1.93,BEARISH,15,0.258,3.0,3.0,1,0.0,,,0,0.0,11.274,71.8,14.36,E_CONSISTENT_MID
THFF,10,384,2025-05-13,2026-06-01,0,0,0,0.0,0,0,32.52,2.5525,3.3125,,,,4.33,NEUTRAL,27,0.792,4.0,4.0,1,0.0,,,0,0.0,0.659,71.8,14.36,E_CONSISTENT_MID
WAY,10,384,2025-05-13,2026-06-01,0,0,0,0.0,0,0,27.42,2.8092,3.5,,,,3.38,BULLISH,17,0.647,3.0,3.0,2,0.0,2.0,2.0,3,0.0,3.387,71.8,14.36,E_CONSISTENT_MID
ACHR,5,12,2026-05-20,2026-06-01,0,0,0,0.0,0,0,83.49,1.845,2.3125,,,,1.33,BEARISH,12,0.492,3.0,3.0,1,0.0,,,0,0.0,6.826,71.7,14.34,E_CONSISTENT_MID
BMI,10,384,2025-05-13,2026-06-01,0,0,0,0.0,0,0,65.62,2.4275,2.6875,,,,3.48,NEUTRAL,19,0.679,2.0,2.0,1,0.0,,,0,0.0,3.04,71.7,14.34,E_CONSISTENT_MID
CNXC,10,384,2025-05-13,2026-06-01,0,0,0,0.0,0,0,93.89,1.155,1.625,,,,1.55,VERY_BEARISH,16,0.767,3.0,3.0,1,0.0,,,0,0.0,1.18,71.7,14.34,E_CONSISTENT_MID
CVNA,10,384,2025-05-13,2026-06-01,0,0,0,0.0,0,0,93.54,1.585,1.625,,,,2.07,BEARISH,15,0.458,3.0,3.0,1,0.0,,,0,0.0,7.378,71.7,14.34,E_CONSISTENT_MID
EQBK,7,373,2025-05-13,2026-05-21,0,0,0,0.0,0,0,77.16,1.6571,1.85,,,,2.56,BEARISH,17,0.798,,,0,0.0,,,0,0.0,0.737,71.7,14.34,E_CONSISTENT_MID
ESE,10,384,2025-05-13,2026-06-01,0,0,0,0.0,0,0,21.15,2.7233,3.6667,,,,3,NEUTRAL,15,0.0,3.0,3.0,2,0.0,4.0,4.0,2,0.0,16.692,71.7,14.34,E_CONSISTENT_MID
GKOS,10,384,2025-05-13,2026-06-01,0,0,0,0.0,0,0,77.92,1.7125,2.3125,,,,1.47,BEARISH,15,0.516,3.0,3.0,1,0.0,,,0,0.0,6.375,71.7,14.34,E_CONSISTENT_MID
GPC,10,384,2025-05-13,2026-06-01,0,0,0,0.0,0,0,92.81,1.155,1.625,,,,1.33,VERY_BEARISH,17,0.775,3.0,3.0,1,0.0,,,0,0.0,1.198,71.7,14.34,E_CONSISTENT_MID
IIIV,10,384,2025-05-13,2026-06-01,0,0,0,0.0,0,0,37.28,2.6344,3.2222,,,,3.06,NEUTRAL,16,0.25,2.0,2.0,2,0.0,2.0,2.0,2,0.0,11.545,71.7,14.34,E_CONSISTENT_MID
IOSP,10,384,2025-05-13,2026-06-01,0,0,0,0.0,0,0,64.69,2.4275,2.6875,,,,2.73,NEUTRAL,15,0.458,2.0,2.0,1,0.0,,,0,0.0,7.507,71.7,14.34,E_CONSISTENT_MID
NEWT,10,384,2025-05-13,2026-06-01,0,0,0,0.0,0,0,14.5,3.2247,3.8889,,,,4.02,BULLISH,28,0.71,4.0,4.0,2,0.0,3.0,3.0,3,0.0,2.496,71.7,14.34,E_CONSISTENT_MID
PDS,10,384,2025-05-13,2026-06-01,0,0,0,0.0,0,0,45.78,2.49,3.0,,,,3.41,NEUTRAL,21,0.69,3.0,3.0,1,0.0,,,0,0.0,2.756,71.7,14.34,E_CONSISTENT_MID
PR,10,384,2025-05-13,2026-06-01,0,0,0,0.0,0,0,44.86,2.49,3.0,,,,3.95,NEUTRAL,19,0.686,3.0,3.0,1,0.0,,,0,0.0,2.791,71.7,14.34,E_CONSISTENT_MID
RRR,10,384,2025-05-13,2026-06-01,0,0,0,0.0,0,0,97.83,1.03,1.0,,,,1.87,VERY_BEARISH,16,0.614,1.0,1.0,1,0.0,,,0,0.0,4.351,71.7,14.34,E_CONSISTENT_MID
SBSI,10,384,2025-05-13,2026-06-01,0,0,0,0.0,0,0,66.67,1.885,2.625,,,,1.89,BEARISH,16,0.759,4.0,4.0,1,0.0,,,0,0.0,1.457,71.7,14.34,E_CONSISTENT_MID
SFNC,10,384,2025-05-13,2026-06-01,0,0,0,0.0,0,0,72.66,1.8225,2.3125,,,,1.8,VERY_BEARISH,16,0.719,3.0,3.0,1,0.0,,,0,0.0,2.317,71.7,14.34,E_CONSISTENT_MID
STIM,7,373,2025-05-13,2026-05-21,0,0,0,0.0,0,0,85.9,1.5,1.3,,,,1.86,VERY_BEARISH,14,0.363,,,0,0.0,,,0,0.0,9.346,71.7,14.34,E_CONSISTENT_MID
TNGX,5,12,2026-05-20,2026-06-01,0,0,0,0.0,0,0,90.18,1.37,1.625,,,,1.5,BEARISH,2,0.707,3.0,3.0,1,0.0,,,0,0.0,2.503,71.7,14.34,E_CONSISTENT_MID
UBER,10,384,2025-05-13,2026-06-01,0,0,0,0.0,0,0,40.76,2.49,3.0,,,,2.63,BEARISH,16,0.636,3.0,3.0,1,0.0,,,0,0.0,3.846,71.7,14.34,E_CONSISTENT_MID
ULCC,5,12,2026-05-20,2026-06-01,0,0,0,0.0,0,0,89.98,1.37,1.625,,,,1.5,BEARISH,2,0.707,3.0,3.0,1,0.0,,,0,0.0,2.547,71.7,14.34,E_CONSISTENT_MID
VAL,7,18,2026-05-14,2026-06-01,0,0,0,0.0,0,0,32.02,2.7464,3.3125,,,,4.52,NEUTRAL,23,0.79,4.0,4.0,1,0.0,,,0,0.0,0.769,71.7,14.34,E_CONSISTENT_MID
AROC,7,18,2026-05-14,2026-06-01,0,0,0,0.0,0,0,58.7,2.6571,3.0,,,,3.86,NEUTRAL,21,0.793,3.0,3.0,1,0.0,,,0,0.0,1.004,71.6,14.32,E_CONSISTENT_MID
ASPN,10,384,2025-05-13,2026-06-01,0,0,0,0.0,0,0,94.43,1.155,1.625,,,,1.8,VERY_BEARISH,15,0.775,3.0,3.0,1,0.0,,,0,0.0,1.381,71.6,14.32,E_CONSISTENT_MID
BZH,10,384,2025-05-13,2026-06-01,0,0,0,0.0,0,0,97.06,1.3125,1.3125,,,,1.27,BEARISH,15,0.458,2.0,2.0,1,0.0,,,0,0.0,7.611,71.6,14.32,E_CONSISTENT_MID
CODX,7,373,2025-05-13,2026-05-21,0,0,0,0.0,0,0,94.47,1.5,1.3,,,,1.75,VERY_BEARISH,4,0.5,,,0,0.0,,,0,0.0,6.706,71.6,14.32,E_CONSISTENT_MID
CRMT,7,373,2025-05-13,2026-05-21,0,0,0,0.0,0,0,94.18,1.3429,1.3,,,,1.29,VERY_BEARISH,14,0.469,,,0,0.0,,,0,0.0,7.437,71.6,14.32,E_CONSISTENT_MID
FLY,10,384,2025-05-13,2026-06-01,0,0,0,0.0,0,0,93.04,1.475,1.625,,,,1.2,VERY_BEARISH,15,0.414,3.0,3.0,1,0.0,,,0,0.0,8.471,71.6,14.32,E_CONSISTENT_MID
FNF,10,384,2025-05-13,2026-06-01,0,0,0,0.0,0,0,86.19,1.76,2.0,,,,2.38,BEARISH,16,0.648,2.0,2.0,1,0.0,,,0,0.0,3.831,71.6,14.32,E_CONSISTENT_MID
FWONK,10,384,2025-05-13,2026-06-01,0,0,0,0.0,0,0,78.15,1.3925,2.3125,,,,1.53,BEARISH,15,0.516,3.0,3.0,1,0.0,,,0,0.0,6.468,71.6,14.32,E_CONSISTENT_MID
HAS,10,384,2025-05-13,2026-06-01,0,0,0,0.0,0,0,34.65,2.5525,3.3125,,,,3.27,VERY_BULLISH,19,0.536,4.0,4.0,1,0.0,,,0,0.0,6.141,71.6,14.32,E_CONSISTENT_MID
ISTR,10,384,2025-05-13,2026-06-01,0,0,0,0.0,0,0,50.39,2.49,3.0,,,,3.19,NEUTRAL,16,0.75,3.0,3.0,1,0.0,,,0,0.0,1.701,71.6,14.32,E_CONSISTENT_MID
KFRC,10,384,2025-05-13,2026-06-01,0,0,0,0.0,0,0,18.17,3.156,3.7222,,,,3.6,BULLISH,21,0.629,4.0,4.0,2,0.0,2.0,2.0,3,0.0,4.176,71.6,14.32,E_CONSISTENT_MID
LOPE,10,384,2025-05-13,2026-06-01,0,0,0,0.0,0,0,33.91,2.5525,3.3125,,,,3.67,BEARISH,22,0.612,4.0,4.0,1,0.0,,,0,0.0,4.564,71.6,14.32,E_CONSISTENT_MID
MRNA,10,384,2025-05-13,2026-06-01,0,0,0,0.0,0,0,74.98,1.8775,2.3125,,,,2.13,BEARISH,15,0.352,3.0,3.0,1,0.0,,,0,0.0,9.695,71.6,14.32,E_CONSISTENT_MID
PRVA,10,384,2025-05-13,2026-06-01,0,0,0,0.0,0,0,95.63,1.0925,1.3125,,,,1.17,VERY_BEARISH,16,0.677,2.0,2.0,1,0.0,,,0,0.0,3.267,71.6,14.32,E_CONSISTENT_MID
PYPL,10,384,2025-05-13,2026-06-01,0,0,0,0.0,0,0,27.69,3.1292,3.5,,,,3.93,BULLISH,25,0.505,3.0,3.0,2,0.0,2.0,2.0,3,0.0,6.722,71.6,14.32,E_CONSISTENT_MID
ROP,10,384,2025-05-13,2026-06-01,0,0,0,0.0,0,0,66.74,1.985,2.625,,,,1.87,BEARISH,15,0.352,4.0,4.0,1,0.0,,,0,0.0,9.683,71.6,14.32,E_CONSISTENT_MID
SITE,10,384,2025-05-13,2026-06-01,0,0,0,0.0,0,0,72.51,1.8225,2.3125,,,,2.38,VERY_BEARISH,16,0.719,3.0,3.0,1,0.0,,,0,0.0,2.363,71.6,14.32,E_CONSISTENT_MID
SSYS,7,373,2025-05-13,2026-05-21,0,0,0,0.0,0,0,33.62,2.2714,2.4,,,,3.1,NEUTRAL,21,0.818,,,0,0.0,,,0,0.0,0.522,71.6,14.32,E_CONSISTENT_MID
TRMK,10,384,2025-05-13,2026-06-01,0,0,0,0.0,0,0,41.26,2.49,3.0,,,,3.91,NEUTRAL,22,0.656,3.0,3.0,1,0.0,,,0,0.0,3.778,71.6,14.32,E_CONSISTENT_MID
VEON,5,367,2025-05-13,2026-05-15,0,0,0,0.0,0,0,96.09,0.3,0.75,,,,4.32,BULLISH,5,0.83,,,0,0.0,,,0,0.0,0.106,71.6,14.32,E_CONSISTENT_MID
VISN,10,384,2025-05-13,2026-06-01,0,0,0,0.0,0,0,61.29,1.9475,2.9375,,,,2.89,NEUTRAL,19,0.737,5.0,5.0,1,0.0,,,0,0.0,2.033,71.6,14.32,E_CONSISTENT_MID
XP,10,384,2025-05-13,2026-06-01,0,0,0,0.0,0,0,31.71,2.5525,3.3125,,,,4.41,NEUTRAL,26,0.788,4.0,4.0,1,0.0,,,0,0.0,1.049,71.6,14.32,E_CONSISTENT_MID
APG,10,384,2025-05-13,2026-06-01,0,0,0,0.0,0,0,58.97,2.49,3.0,,,,2.91,BEARISH,22,0.809,3.0,3.0,1,0.0,,,0,0.0,0.911,71.5,14.3,E_CONSISTENT_MID
DHI,10,384,2025-05-13,2026-06-01,0,0,0,0.0,0,0,93.35,1.475,1.625,,,,1.73,BEARISH,15,0.458,3.0,3.0,1,0.0,,,0,0.0,7.757,71.5,14.3,E_CONSISTENT_MID
DLTH,7,373,2025-05-13,2026-05-21,0,0,0,0.0,0,0,27.8,2.9143,3.05,,,,4.32,BULLISH,19,0.749,,,0,0.0,1.0,1.0,1,0.0,2.109,71.5,14.3,E_CONSISTENT_MID
EDAP,7,373,2025-05-13,2026-05-21,0,0,0,0.0,0,0,93.4,1.5,1.3,,,,1.75,VERY_BEARISH,4,0.5,,,0,0.0,,,0,0.0,7.015,71.5,14.3,E_CONSISTENT_MID
ELF,10,384,2025-05-13,2026-06-01,0,0,0,0.0,0,0,96.64,1.5225,1.3125,,,,1.2,VERY_BEARISH,15,0.414,2.0,2.0,1,0.0,,,0,0.0,8.82,71.5,14.3,E_CONSISTENT_MID
FCEL,10,384,2025-05-13,2026-06-01,0,0,0,0.0,0,0,53.05,2.49,3.0,,,,2.89,BEARISH,18,0.812,3.0,3.0,1,0.0,,,0,0.0,0.736,71.5,14.3,E_CONSISTENT_MID
FOXF,10,384,2025-05-13,2026-06-01,0,0,0,0.0,0,0,78.34,1.3925,2.3125,,,,1.81,BEARISH,16,0.531,3.0,3.0,1,0.0,,,0,0.0,6.388,71.5,14.3,E_CONSISTENT_MID
GHC,10,384,2025-05-13,2026-06-01,0,0,0,0.0,0,0,52.09,2.49,3.0,,,,3.66,NEUTRAL,29,0.798,,,0,0.0,,,0,0.0,1.005,71.5,14.3,E_CONSISTENT_MID
HZO,10,384,2025-05-13,2026-06-01,0,0,0,0.0,0,0,92.5,1.585,1.625,,,,1.8,BEARISH,15,0.414,3.0,3.0,1,0.0,,,0,0.0,8.781,71.5,14.3,E_CONSISTENT_MID
KEX,10,384,2025-05-13,2026-06-01,0,0,0,0.0,0,0,15.97,3.2136,3.8333,,,,4.2,NEUTRAL,23,0.753,4.0,4.0,2,0.0,3.0,3.0,3,0.0,1.937,71.5,14.3,E_CONSISTENT_MID
KR,10,384,2025-05-13,2026-06-01,0,0,0,0.0,0,0,49.69,2.49,3.0,,,,3.91,NEUTRAL,29,0.755,3.0,3.0,1,0.0,,,0,0.0,1.814,71.5,14.3,E_CONSISTENT_MID
MBC,5,12,2026-05-20,2026-06-01,0,0,0,0.0,0,0,48.72,2.76,3.0,,,,2.5,BEARISH,2,0.707,,,0,0.0,,,0,0.0,2.912,71.5,14.3,E_CONSISTENT_MID
MSCI,10,384,2025-05-13,2026-06-01,0,0,0,0.0,0,0,28.11,3.1115,3.5,,,,4,BULLISH,20,0.562,3.0,3.0,2,0.0,2.0,2.0,3,0.0,5.703,71.5,14.3,E_CONSISTENT_MID
PENG,10,384,2025-05-13,2026-06-01,0,0,0,0.0,0,0,21.93,2.615,3.625,,,,3.08,NEUTRAL,17,0.487,5.0,5.0,1,0.0,,,0,0.0,7.307,71.5,14.3,E_CONSISTENT_MID
XRAY,10,384,2025-05-13,2026-06-01,0,0,0,0.0,0,0,39.21,2.49,3.0,,,,3.33,NEUTRAL,19,0.648,3.0,3.0,1,0.0,,,0,0.0,4.126,71.5,14.3,E_CONSISTENT_MID
ACTG,10,384,2025-05-13,2026-06-01,0,0,0,0.0,0,0,87.55,2.19,2.0,,,,2.93,BEARISH,15,0.258,,,0,0.0,,,0,0.0,12.136,71.4,14.28,E_CONSISTENT_MID
CTSO,7,373,2025-05-13,2026-05-21,0,0,0,0.0,0,0,78.66,1.6571,1.85,,,,2.95,BEARISH,20,0.821,,,0,0.0,,,0,0.0,0.804,71.4,14.28,E_CONSISTENT_MID
DUOL,10,384,2025-05-13,2026-06-01,0,0,0,0.0,0,0,65.24,2.4275,2.6875,,,,2.56,NEUTRAL,16,0.613,2.0,2.0,1,0.0,,,0,0.0,5.012,71.4,14.28,E_CONSISTENT_MID
EPC,10,384,2025-05-13,2026-06-01,0,0,0,0.0,0,0,79.0,1.8225,2.3125,,,,2.26,BEARISH,18,0.79,3.0,3.0,1,0.0,,,0,0.0,1.365,71.4,14.28,E_CONSISTENT_MID
IDCC,10,384,2025-05-13,2026-06-01,0,0,0,0.0,0,0,76.91,1.8225,2.3125,,,,2.69,BEARISH,16,0.793,3.0,3.0,1,0.0,,,0,0.0,1.428,71.4,14.28,E_CONSISTENT_MID
KMB,10,384,2025-05-13,2026-06-01,0,0,0,0.0,0,0,49.88,2.06,3.0,,,,2.08,NEUTRAL,16,0.253,3.0,3.0,1,0.0,,,0,0.0,12.163,71.4,14.28,E_CONSISTENT_MID
NFG,10,384,2025-05-13,2026-06-01,0,0,0,0.0,0,0,20.42,3.1979,3.6667,,,,4.03,BULLISH,33,0.182,3.0,3.0,2,0.0,3.33,4.0,3,0.577,2.0,71.4,14.28,E_CONSISTENT_MID
POST,10,384,2025-05-13,2026-06-01,0,0,0,0.0,0,0,44.93,2.49,3.0,,,,3.15,BEARISH,20,0.721,3.0,3.0,1,0.0,,,0,0.0,2.765,71.4,14.28,E_CONSISTENT_MID
RKT,10,384,2025-05-13,2026-06-01,0,0,0,0.0,0,0,90.95,1.265,1.625,,,,1.2,BEARISH,15,0.414,3.0,3.0,1,0.0,,,0,0.0,8.955,71.4,14.28,E_CONSISTENT_MID
RPT,7,373,2025-05-13,2026-05-21,0,0,0,0.0,0,0,23.27,2.9429,3.15,,,,4.32,BULLISH,23,0.59,,,0,0.0,2.0,2.0,1,0.0,5.48,71.4,14.28,E_CONSISTENT_MID
SKT,10,384,2025-05-13,2026-06-01,0,0,0,0.0,0,0,43.08,2.66,3.0,,,,3.13,NEUTRAL,15,0.352,3.0,3.0,1,0.0,3.0,3.0,1,0.0,10.18,71.4,14.28,E_CONSISTENT_MID
TDG,10,384,2025-05-13,2026-06-01,0,0,0,0.0,0,0,71.77,1.8225,2.3125,,,,2.42,NEUTRAL,18,0.733,3.0,3.0,1,0.0,,,0,0.0,2.475,71.4,14.28,E_CONSISTENT_MID
TITN,10,384,2025-05-13,2026-06-01,0,0,0,0.0,0,0,41.61,2.49,3.0,,,,3.25,NEUTRAL,24,0.676,3.0,3.0,1,0.0,,,0,0.0,3.719,71.4,14.28,E_CONSISTENT_MID
TJX,10,384,2025-05-13,2026-06-01,0,0,0,0.0,0,0,32.48,2.5525,3.3125,,,,3.55,NEUTRAL,20,0.826,4.0,4.0,1,0.0,,,0,0.0,0.646,71.4,14.28,E_CONSISTENT_MID
UVV,10,384,2025-05-13,2026-06-01,0,0,0,0.0,0,0,40.37,2.49,3.0,,,,3.35,NEUTRAL,20,0.666,3.0,3.0,1,0.0,,,0,0.0,3.901,71.4,14.28,E_CONSISTENT_MID
ADMA,10,384,2025-05-13,2026-06-01,0,0,0,0.0,0,0,69.57,2.365,2.375,,,,3.42,BEARISH,23,0.729,1.0,1.0,1,0.0,,,0,0.0,2.913,71.3,14.26,E_CONSISTENT_MID
AES,10,384,2025-05-13,2026-06-01,0,0,0,0.0,0,0,31.28,3.1601,3.3889,,,,3.84,BULLISH,33,0.502,2.0,2.0,2,0.0,4.0,4.0,3,0.0,7.386,71.3,14.26,E_CONSISTENT_MID
AKR,10,384,2025-05-13,2026-06-01,0,0,0,0.0,0,0,24.75,3.1868,3.6111,,,,3.13,BULLISH,15,0.64,3.0,3.0,2,0.0,3.0,3.0,3,0.0,4.543,71.3,14.26,E_CONSISTENT_MID
BYND,10,384,2025-05-13,2026-06-01,0,0,0,0.0,0,0,97.1,1.4125,1.3125,,,,1.67,VERY_BEARISH,15,0.488,2.0,2.0,1,0.0,,,0,0.0,7.715,71.3,14.26,E_CONSISTENT_MID
CLPR,7,373,2025-05-13,2026-05-21,0,0,0,0.0,0,0,55.6,2.2714,2.4,,,,2.57,NEUTRAL,14,0.852,,,0,0.0,,,0,0.0,0.369,71.3,14.26,E_CONSISTENT_MID
CX,7,373,2025-05-13,2026-05-21,0,0,0,0.0,0,0,12.78,2.9857,3.3,,,,4.08,BULLISH,22,0.591,,,0,0.0,4.0,4.0,1,0.0,5.519,71.3,14.26,E_CONSISTENT_MID
DLB,10,384,2025-05-13,2026-06-01,0,0,0,0.0,0,0,65.31,2.4275,2.6875,,,,3.0,NEUTRAL,16,0.63,2.0,2.0,1,0.0,,,0,0.0,4.896,71.3,14.26,E_CONSISTENT_MID
ESRT,10,384,2025-05-13,2026-06-01,0,0,0,0.0,0,0,53.44,2.49,3.0,,,,2.87,NEUTRAL,15,0.834,,,0,0.0,,,0,0.0,0.66,71.3,14.26,E_CONSISTENT_MID
FF,7,373,2025-05-13,2026-05-21,0,0,0,0.0,0,0,76.52,1.3571,1.85,,,,1.71,BEARISH,14,0.469,,,0,0.0,,,0,0.0,8.002,71.3,14.26,E_CONSISTENT_MID
HRMY,10,384,2025-05-13,2026-06-01,0,0,0,0.0,0,0,23.82,3.1691,3.6111,,,,3.83,BULLISH,25,0.792,3.0,3.0,2,0.0,3.0,3.0,3,0.0,1.606,71.3,14.26,E_CONSISTENT_MID
LEGH,10,384,2025-05-13,2026-06-01,0,0,0,0.0,0,0,67.52,2.315,2.625,,,,3.06,NEUTRAL,16,0.233,4.0,4.0,1,0.0,,,0,0.0,12.75,71.3,14.26,E_CONSISTENT_MID
LPLA,10,384,2025-05-13,2026-06-01,0,0,0,0.0,0,0,49.15,2.06,3.0,,,,2.07,BEARISH,15,0.258,3.0,3.0,1,0.0,,,0,0.0,12.163,71.3,14.26,E_CONSISTENT_MID
MLM,10,384,2025-05-13,2026-06-01,0,0,0,0.0,0,0,91.61,1.585,1.625,,,,2,VERY_BEARISH,15,0.378,3.0,3.0,1,0.0,,,0,0.0,9.77,71.3,14.26,E_CONSISTENT_MID
NSSC,10,384,2025-05-13,2026-06-01,0,0,0,0.0,0,0,47.06,2.49,3.0,,,,3.91,NEUTRAL,21,0.748,3.0,3.0,1,0.0,,,0,0.0,2.448,71.3,14.26,E_CONSISTENT_MID
PNC,10,384,2025-05-13,2026-06-01,0,0,0,0.0,0,0,45.13,2.38,3.0,,,,2.93,NEUTRAL,15,0.258,3.0,3.0,1,0.0,,,0,0.0,12.316,71.3,14.26,E_CONSISTENT_MID
RYTM,10,384,2025-05-13,2026-06-01,0,0,0,0.0,0,0,72.82,1.3925,2.3125,,,,1.4,BEARISH,15,0.507,3.0,3.0,1,0.0,,,0,0.0,7.191,71.3,14.26,E_CONSISTENT_MID
SBH,10,384,2025-05-13,2026-06-01,0,0,0,0.0,0,0,43.54,2.49,3.0,,,,3.41,NEUTRAL,21,0.711,3.0,3.0,1,0.0,,,0,0.0,3.252,71.3,14.26,E_CONSISTENT_MID
SCCO,10,384,2025-05-13,2026-06-01,0,0,0,0.0,0,0,43.5,2.49,3.0,,,,4.04,BULLISH,22,0.705,3.0,3.0,1,0.0,,,0,0.0,3.254,71.3,14.26,E_CONSISTENT_MID
SE,7,373,2025-05-13,2026-05-21,0,0,0,0.0,0,0,86.65,1.0429,1.3,,,,1.72,VERY_BEARISH,15,0.848,,,0,0.0,,,0,0.0,0.478,71.3,14.26,E_CONSISTENT_MID
TRN,10,384,2025-05-13,2026-06-01,0,0,0,0.0,0,0,41.22,2.49,3.0,,,,2.71,BEARISH,17,0.686,,,0,0.0,,,0,0.0,3.778,71.3,14.26,E_CONSISTENT_MID
VVV,10,384,2025-05-13,2026-06-01,0,0,0,0.0,0,0,66.28,1.455,2.625,,,,1.8,BEARISH,15,0.414,4.0,4.0,1,0.0,,,0,0.0,9.212,71.3,14.26,E_CONSISTENT_MID
AMRC,10,384,2025-05-13,2026-06-01,0,0,0,0.0,0,0,97.53,1.0925,1.3125,,,,1.5,VERY_BEARISH,16,0.816,2.0,2.0,1,0.0,,,0,0.0,1.317,71.2,14.24,E_CONSISTENT_MID
BRX,10,384,2025-05-13,2026-06-01,0,0,0,0.0,0,0,24.67,3.1868,3.6111,,,,4.16,BULLISH,19,0.688,3.0,3.0,2,0.0,3.0,3.0,3,0.0,3.915,71.2,14.24,E_CONSISTENT_MID
BSET,10,384,2025-05-13,2026-06-01,0,0,0,0.0,0,0,99.69,1.03,1.0,,,,1.68,VERY_BEARISH,16,0.763,1.0,1.0,1,0.0,,,0,0.0,2.253,71.2,14.24,E_CONSISTENT_MID
CG,10,384,2025-05-13,2026-06-01,0,0,0,0.0,0,0,96.98,1.0925,1.3125,,,,2.07,BEARISH,15,0.799,2.0,2.0,1,0.0,,,0,0.0,1.523,71.2,14.24,E_CONSISTENT_MID
CNH,10,384,2025-05-13,2026-06-01,0,0,0,0.0,0,0,93.93,1.375,1.625,,,,1.6,VERY_BEARISH,15,0.507,3.0,3.0,1,0.0,,,0,0.0,7.466,71.2,14.24,E_CONSISTENT_MID
CNK,10,384,2025-05-13,2026-06-01,0,0,0,0.0,0,0,80.55,1.9225,2.3125,,,,2.12,BEARISH,16,0.5,3.0,3.0,1,0.0,,,0,0.0,7.587,71.2,14.24,E_CONSISTENT_MID
CRMD,10,384,2025-05-13,2026-06-01,0,0,0,0.0,0,0,21.31,3.2156,3.6667,,,,3.69,VERY_BULLISH,21,0.635,3.0,3.0,2,0.0,4.0,4.0,3,0.0,4.951,71.2,14.24,E_CONSISTENT_MID
CSV,7,18,2026-05-14,2026-06-01,0,0,0,0.0,0,0,55.41,2.6571,3.0,,,,4.28,NEUTRAL,21,0.852,3.0,3.0,1,0.0,,,0,0.0,0.552,71.2,14.24,E_CONSISTENT_MID
DPZ,10,384,2025-05-13,2026-06-01,0,0,0,0.0,0,0,86.58,1.76,2.0,,,,2.35,BEARISH,19,0.711,2.0,2.0,1,0.0,,,0,0.0,3.35,71.2,14.24,E_CONSISTENT_MID
DY,10,384,2025-05-13,2026-06-01,0,0,0,0.0,0,0,67.79,1.885,2.625,,,,2.56,BEARISH,16,0.629,4.0,4.0,1,0.0,,,0,0.0,5.005,71.2,14.24,E_CONSISTENT_MID
EEX,10,384,2025-05-13,2026-06-01,0,0,0,0.0,0,0,86.54,1.44,2.0,,,,1.2,NEUTRAL,15,0.561,,,0,0.0,,,0,0.0,6.36,71.2,14.24,E_CONSISTENT_MID
GRWG,7,373,2025-05-13,2026-05-21,0,0,0,0.0,0,0,92.18,1.5,1.3,,,,1.36,VERY_BEARISH,14,0.497,,,0,0.0,,,0,0.0,7.713,71.2,14.24,E_CONSISTENT_MID
HCKT,7,373,2025-05-13,2026-05-21,0,0,0,0.0,0,0,48.0,2.2714,2.4,,,,2.57,NEUTRAL,14,0.852,,,0,0.0,,,0,0.0,0.491,71.2,14.24,E_CONSISTENT_MID
IDT,10,384,2025-05-13,2026-06-01,0,0,0,0.0,0,0,50.85,2.49,3.0,,,,3.52,VERY_BULLISH,21,0.803,,,0,0.0,,,0,0.0,1.469,71.2,14.24,E_CONSISTENT_MID
LQDT,10,384,2025-05-13,2026-06-01,0,0,0,0.0,0,0,49.07,2.49,3.0,,,,3.54,NEUTRAL,24,0.779,3.0,3.0,1,0.0,,,0,0.0,2.044,71.2,14.24,E_CONSISTENT_MID
NBHC,10,384,2025-05-13,2026-06-01,0,0,0,0.0,0,0,74.83,1.8225,2.3125,,,,2.04,BEARISH,17,0.793,3.0,3.0,1,0.0,,,0,0.0,1.801,71.2,14.24,E_CONSISTENT_MID
NG,10,384,2025-05-13,2026-06-01,0,0,0,0.0,0,0,67.29,1.885,2.625,,,,2.68,BEARISH,17,0.771,4.0,4.0,1,0.0,,,0,0.0,2.24,71.2,14.24,E_CONSISTENT_MID
ONC,5,12,2026-05-20,2026-06-01,0,0,0,0.0,0,0,46.33,2.76,3.0,,,,2.5,BEARISH,2,0.707,3.0,3.0,1,0.0,,,0,0.0,3.408,71.2,14.24,E_CONSISTENT_MID
STRL,10,384,2025-05-13,2026-06-01,0,0,0,0.0,0,0,21.81,2.615,3.625,,,,3.35,BULLISH,23,0.618,5.0,5.0,1,0.0,,,0,0.0,5.208,71.2,14.24,E_CONSISTENT_MID
TG,4,7,2026-05-14,2026-05-21,0,0,0,0.0,0,0,32.26,2.4,2.4,,,,4.28,NEUTRAL,22,0.865,,,0,0.0,,,0,0.0,0.359,71.2,14.24,E_CONSISTENT_MID
USLM,5,12,2026-05-20,2026-06-01,0,0,0,0.0,0,0,40.41,2.76,3.0,,,,2.93,VERY_BEARISH,14,0.616,,,0,0.0,,,0,0.0,5.227,71.2,14.24,E_CONSISTENT_MID
VSH,10,384,2025-05-13,2026-06-01,0,0,0,0.0,0,0,10.13,2.9491,4.1111,,,,3.25,BULLISH,16,0.447,5.0,5.0,2,0.0,3.0,3.0,3,0.0,8.697,71.2,14.24,E_CONSISTENT_MID
VTR,10,384,2025-05-13,2026-06-01,0,0,0,0.0,0,0,39.91,2.49,3.0,,,,3.25,BULLISH,16,0.683,3.0,3.0,1,0.0,,,0,0.0,4.006,71.2,14.24,E_CONSISTENT_MID
ALGM,10,384,2025-05-13,2026-06-01,0,0,0,0.0,0,0,13.92,3.2712,3.9444,,,,3.6,BULLISH,15,0.507,4.0,4.0,2,0.0,4.0,4.0,3,0.0,7.666,71.1,14.22,E_CONSISTENT_MID
BAP,4,7,2026-05-14,2026-05-21,0,0,0,0.0,0,0,59.21,2.4,2.4,,,,3.81,NEUTRAL,27,0.874,,,0,0.0,,,0,0.0,0.403,71.1,14.22,E_CONSISTENT_MID
BROS,10,384,2025-05-13,2026-06-01,0,0,0,0.0,0,0,57.08,2.49,3.0,,,,2.8,NEUTRAL,15,0.862,3.0,3.0,1,0.0,,,0,0.0,0.522,71.1,14.22,E_CONSISTENT_MID
CAG,10,384,2025-05-13,2026-06-01,0,0,0,0.0,0,0,86.77,1.815,2.0,,,,2.32,BEARISH,16,0.475,2.0,2.0,1,0.0,,,0,0.0,8.334,71.1,14.22,E_CONSISTENT_MID
CBNK,7,373,2025-05-13,2026-05-21,0,0,0,0.0,0,0,10.14,3.0,3.35,,,,4.47,BULLISH,25,0.49,,,0,0.0,4.0,4.0,1,0.0,8.007,71.1,14.22,E_CONSISTENT_MID
CERS,10,384,2025-05-13,2026-06-01,0,0,0,0.0,0,0,17.32,3.1671,3.7778,,,,3.79,NEUTRAL,29,0.694,4.0,4.0,2,0.0,2.0,2.0,3,0.0,3.976,71.1,14.22,E_CONSISTENT_MID
COF,10,384,2025-05-13,2026-06-01,0,0,0,0.0,0,0,93.85,1.365,1.625,,,,1.19,VERY_BEARISH,16,0.544,3.0,3.0,1,0.0,,,0,0.0,6.907,71.1,14.22,E_CONSISTENT_MID
DLX,10,384,2025-05-13,2026-06-01,0,0,0,0.0,0,0,26.53,3.158,3.5556,,,,4.02,BULLISH,34,0.804,3.0,3.0,2,0.0,3.0,3.0,3,0.0,1.803,71.1,14.22,E_CONSISTENT_MID
FIGS,10,384,2025-05-13,2026-06-01,0,0,0,0.0,0,0,52.86,2.49,3.0,,,,4.25,BEARISH,24,0.847,3.0,3.0,1,0.0,,,0,0.0,0.799,71.1,14.22,E_CONSISTENT_MID
HOFT,7,373,2025-05-13,2026-05-21,0,0,0,0.0,0,0,47.61,2.2714,2.4,,,,3.8,NEUTRAL,15,0.862,,,0,0.0,,,0,0.0,0.523,71.1,14.22,E_CONSISTENT_MID
ORCL,10,384,2025-05-13,2026-06-01,0,0,0,0.0,0,0,16.9,3.1848,3.7778,,,,3.2,BULLISH,15,0.676,4.0,4.0,2,0.0,2.0,2.0,3,0.0,4.347,71.1,14.22,E_CONSISTENT_MID
TRI,10,384,2025-05-13,2026-06-01,0,0,0,0.0,0,0,41.3,2.49,3.0,,,,3.12,NEUTRAL,17,0.697,3.0,3.0,1,0.0,,,0,0.0,3.778,71.1,14.22,E_CONSISTENT_MID
CLX,10,384,2025-05-13,2026-06-01,0,0,0,0.0,0,0,96.83,1.3575,1.3125,,,,1.47,VERY_BEARISH,15,0.516,2.0,2.0,1,0.0,,,0,0.0,7.754,71.0,14.2,E_CONSISTENT_MID
DUK,10,384,2025-05-13,2026-06-01,0,0,0,0.0,0,0,35.11,2.5525,3.3125,,,,3.44,NEUTRAL,22,0.518,4.0,4.0,1,0.0,,,0,0.0,7.736,71.0,14.2,E_CONSISTENT_MID
FVR,5,12,2026-05-20,2026-06-01,0,0,0,0.0,0,0,37.35,3.1535,3.2222,,,,4,BULLISH,2,0.0,4.0,4.0,1,0.0,3.0,3.0,1,0.0,17.918,71.0,14.2,E_CONSISTENT_MID
HESM,10,384,2025-05-13,2026-06-01,0,0,0,0.0,0,0,20.8,3.2156,3.6667,,,,3.76,BULLISH,22,0.724,3.0,3.0,2,0.0,4.0,4.0,3,0.0,3.602,71.0,14.2,E_CONSISTENT_MID
LCNB,7,373,2025-05-13,2026-05-21,0,0,0,0.0,0,0,44.25,2.2714,2.4,,,,3.32,NEUTRAL,18,0.87,,,0,0.0,,,0,0.0,0.664,71.0,14.2,E_CONSISTENT_MID
MCFT,10,384,2025-05-13,2026-06-01,0,0,0,0.0,0,0,10.67,3.2691,4.1111,,,,4.18,VERY_BULLISH,29,0.71,5.0,5.0,2,0.0,3.0,3.0,3,0.0,3.738,71.0,14.2,E_CONSISTENT_MID
NTR,10,384,2025-05-13,2026-06-01,0,0,0,0.0,0,0,74.52,1.8225,2.3125,,,,3.28,BEARISH,26,0.811,3.0,3.0,1,0.0,,,0,0.0,1.873,71.0,14.2,E_CONSISTENT_MID
PBF,10,384,2025-05-13,2026-06-01,0,0,0,0.0,0,0,45.86,2.49,3.0,,,,2.67,NEUTRAL,18,0.767,3.0,3.0,1,0.0,,,0,0.0,2.717,71.0,14.2,E_CONSISTENT_MID
PRDO,10,384,2025-05-13,2026-06-01,0,0,0,0.0,0,0,33.06,2.5525,3.3125,,,,4.38,NEUTRAL,31,0.791,4.0,4.0,1,0.0,,,0,0.0,2.247,71.0,14.2,E_CONSISTENT_MID
PVH,10,384,2025-05-13,2026-06-01,0,0,0,0.0,0,0,21.89,2.615,3.625,,,,3.38,BULLISH,21,0.564,5.0,5.0,1,0.0,,,0,0.0,6.784,71.0,14.2,E_CONSISTENT_MID
RNAC,10,384,2025-05-13,2026-06-01,0,0,0,0.0,0,0,84.53,1.76,2.0,,,,2.14,BEARISH,16,0.573,2.0,2.0,1,0.0,,,0,0.0,6.616,71.0,14.2,E_CONSISTENT_MID
STLD,10,384,2025-05-13,2026-06-01,0,0,0,0.0,0,0,25.21,2.8167,3.5556,,,,3.34,BULLISH,18,0.569,3.0,3.0,3,0.0,3.0,3.0,3,0.0,6.526,71.0,14.2,E_CONSISTENT_MID
BBY,10,384,2025-05-13,2026-06-01,0,0,0,0.0,0,0,87.05,1.76,2.0,,,,2.56,NEUTRAL,18,0.804,2.0,2.0,1,0.0,,,0,0.0,2.107,70.9,14.18,E_CONSISTENT_MID
COO,10,384,2025-05-13,2026-06-01,0,0,0,0.0,0,0,35.34,2.5525,3.3125,,,,3.63,NEUTRAL,20,0.483,4.0,4.0,1,0.0,,,0,0.0,8.544,70.9,14.18,E_CONSISTENT_MID
HUBB,7,18,2026-05-14,2026-06-01,0,0,0,0.0,0,0,77.22,2.0036,2.3125,,,,3.66,BEARISH,26,0.831,3.0,3.0,1,0.0,,,0,0.0,1.666,70.9,14.18,E_CONSISTENT_MID
KEY,10,384,2025-05-13,2026-06-01,0,0,0,0.0,0,0,92.23,1.585,1.625,,,,2.27,NEUTRAL,15,0.458,3.0,3.0,1,0.0,,,0,0.0,9.128,70.9,14.18,E_CONSISTENT_MID
MDGL,10,384,2025-05-13,2026-06-01,0,0,0,0.0,0,0,91.76,1.365,1.625,,,,1.73,VERY_BEARISH,15,0.458,3.0,3.0,1,0.0,,,0,0.0,9.01,70.9,14.18,E_CONSISTENT_MID
MX,7,373,2025-05-13,2026-05-21,0,0,0,0.0,0,0,41.51,2.2714,2.4,,,,3.98,NEUTRAL,23,0.893,,,0,0.0,,,0,0.0,0.418,70.9,14.18,E_CONSISTENT_MID
OGS,10,384,2025-05-13,2026-06-01,0,0,0,0.0,0,0,46.56,2.98,3.0,,,,3.95,NEUTRAL,28,0.19,3.0,3.0,1,0.0,3.0,3.0,1,0.0,14.48,70.9,14.18,E_CONSISTENT_MID
OLLI,10,384,2025-05-13,2026-06-01,0,0,0,0.0,0,0,64.15,1.9975,2.6875,,,,2.27,BEARISH,15,0.458,2.0,2.0,1,0.0,,,0,0.0,9.058,70.9,14.18,E_CONSISTENT_MID
RLJ,10,384,2025-05-13,2026-06-01,0,0,0,0.0,0,0,36.62,3.1202,3.2778,,,,3.2,NEUTRAL,15,0.414,2.0,2.0,2,0.0,3.0,3.0,3,0.0,9.851,70.9,14.18,E_CONSISTENT_MID
SKY,10,384,2025-05-13,2026-06-01,0,0,0,0.0,0,0,43.04,2.49,3.0,,,,2.87,BEARISH,15,0.743,3.0,3.0,1,0.0,,,0,0.0,3.27,70.9,14.18,E_CONSISTENT_MID
TTEC,10,384,2025-05-13,2026-06-01,0,0,0,0.0,0,0,71.19,1.8225,2.3125,,,,3.05,BEARISH,19,0.78,3.0,3.0,1,0.0,,,0,0.0,2.566,70.9,14.18,E_CONSISTENT_MID
WBTN,5,12,2026-05-20,2026-06-01,0,0,0,0.0,0,0,63.07,2.635,2.6875,,,,3,NEUTRAL,2,0.0,2.0,2.0,1,0.0,,,0,0.0,18.135,70.9,14.18,E_CONSISTENT_MID
BY,10,384,2025-05-13,2026-06-01,0,0,0,0.0,0,0,12.99,3.3,4.0,,,,4.45,BULLISH,28,0.524,4.0,4.0,2,0.0,4.0,4.0,3,0.0,7.913,70.8,14.16,E_CONSISTENT_MID
GE,10,384,2025-05-13,2026-06-01,0,0,0,0.0,0,0,78.04,1.8225,2.3125,,,,2.54,BULLISH,19,0.854,3.0,3.0,1,0.0,,,0,0.0,1.358,70.8,14.16,E_CONSISTENT_MID
ILPT,10,384,2025-05-13,2026-06-01,0,0,0,0.0,0,0,50.73,2.49,3.0,,,,3.3,NEUTRAL,19,0.849,3.0,3.0,1,0.0,,,0,0.0,1.488,70.8,14.16,E_CONSISTENT_MID
JEF,10,384,2025-05-13,2026-06-01,0,0,0,0.0,0,0,50.23,2.28,3.0,,,,2.93,NEUTRAL,15,0.258,3.0,3.0,1,0.0,,,0,0.0,13.256,70.8,14.16,E_CONSISTENT_MID
KRC,10,384,2025-05-13,2026-06-01,0,0,0,0.0,0,0,49.65,2.49,3.0,,,,2.76,NEUTRAL,17,0.825,3.0,3.0,1,0.0,,,0,0.0,1.813,70.8,14.16,E_CONSISTENT_MID
MMS,10,384,2025-05-13,2026-06-01,0,0,0,0.0,0,0,75.14,1.8225,2.3125,,,,2.86,BEARISH,20,0.831,3.0,3.0,1,0.0,,,0,0.0,1.739,70.8,14.16,E_CONSISTENT_MID
MVBF,10,384,2025-05-13,2026-06-01,0,0,0,0.0,0,0,85.07,1.54,2.0,,,,1.6,BEARISH,15,0.507,2.0,2.0,1,0.0,,,0,0.0,8.297,70.8,14.16,E_CONSISTENT_MID
NXPI,10,384,2025-05-13,2026-06-01,0,0,0,0.0,0,0,12.3,3.2823,4.0,,,,3.53,BULLISH,15,0.834,4.0,4.0,2,0.0,4.0,4.0,3,0.0,1.796,70.8,14.16,E_CONSISTENT_MID
ORLY,10,384,2025-05-13,2026-06-01,0,0,0,0.0,0,0,67.13,1.885,2.625,,,,2.85,VERY_BEARISH,18,0.817,4.0,4.0,1,0.0,,,0,0.0,1.986,70.8,14.16,E_CONSISTENT_MID
PAYS,10,384,2025-05-13,2026-06-01,0,0,0,0.0,0,0,37.16,3.0737,3.2222,,,,3.66,BULLISH,19,0.461,2.0,2.0,2,0.0,2.0,2.0,3,0.0,9.248,70.8,14.16,E_CONSISTENT_MID
SNCY,3,365,2025-05-13,2026-05-13,0,0,0,0.0,0,0,66.91,1.4,1.4,,,,2.54,BEARISH,14,0.924,,,0,0.0,,,0,0.0,0.0,70.8,14.16,E_CONSISTENT_MID
TGT,10,384,2025-05-13,2026-06-01,0,0,0,0.0,0,0,71.58,2.2525,2.3125,,,,3,NEUTRAL,15,0.0,3.0,3.0,1,0.0,,,0,0.0,18.397,70.8,14.16,E_CONSISTENT_MID
ULTA,10,384,2025-05-13,2026-06-01,0,0,0,0.0,0,0,40.56,2.06,3.0,,,,2.07,BEARISH,15,0.258,3.0,3.0,1,0.0,,,0,0.0,13.316,70.8,14.16,E_CONSISTENT_MID
AI,10,384,2025-05-13,2026-06-01,0,0,0,0.0,0,0,94.7,1.585,1.625,,,,1.6,NEUTRAL,15,0.632,3.0,3.0,1,0.0,,,0,0.0,5.973,70.7,14.14,E_CONSISTENT_MID
ATNI,10,384,2025-05-13,2026-06-01,0,0,0,0.0,0,0,82.37,1.8225,2.3125,,,,3.62,NEUTRAL,26,0.856,3.0,3.0,1,0.0,,,0,0.0,1.529,70.7,14.14,E_CONSISTENT_MID
BKD,10,384,2025-05-13,2026-06-01,0,0,0,0.0,0,0,97.25,1.0925,1.3125,,,,2.08,VERY_BEARISH,16,0.854,2.0,2.0,1,0.0,,,0,0.0,1.46,70.7,14.14,E_CONSISTENT_MID
ESS,7,18,2026-05-14,2026-06-01,0,0,0,0.0,0,0,53.4,2.6571,3.0,,,,2.88,BULLISH,16,0.885,3.0,3.0,1,0.0,,,0,0.0,0.807,70.7,14.14,E_CONSISTENT_MID
FORR,10,384,2025-05-13,2026-06-01,0,0,0,0.0,0,0,93.0,1.585,1.625,,,,2.13,VERY_BEARISH,15,0.516,3.0,3.0,1,0.0,,,0,0.0,8.277,70.7,14.14,E_CONSISTENT_MID
IMMR,7,373,2025-05-13,2026-05-21,0,0,0,0.0,0,0,74.16,1.3571,1.85,,,,1.75,BEARISH,4,0.5,,,0,0.0,,,0,0.0,8.6,70.7,14.14,E_CONSISTENT_MID
LYG,10,384,2025-05-13,2026-06-01,0,0,0,0.0,0,0,75.83,1.8225,2.3125,,,,2.76,BEARISH,19,0.846,3.0,3.0,1,0.0,,,0,0.0,1.664,70.7,14.14,E_CONSISTENT_MID
MMI,10,384,2025-05-13,2026-06-01,0,0,0,0.0,0,0,98.45,1.03,1.0,,,,1.87,VERY_BEARISH,15,0.743,,,0,0.0,,,0,0.0,3.655,70.7,14.14,E_CONSISTENT_MID
MMYT,7,373,2025-05-13,2026-05-21,0,0,0,0.0,0,0,89.69,1.5,1.3,,,,1.36,VERY_BEARISH,14,0.497,,,0,0.0,,,0,0.0,8.586,70.7,14.14,E_CONSISTENT_MID
NOG,10,384,2025-05-13,2026-06-01,0,0,0,0.0,0,0,74.59,1.8225,2.3125,,,,3.07,BEARISH,17,0.839,3.0,3.0,1,0.0,,,0,0.0,1.847,70.7,14.14,E_CONSISTENT_MID
ORN,10,384,2025-05-13,2026-06-01,0,0,0,0.0,0,0,22.08,2.615,3.625,,,,3.24,BULLISH,17,0.552,5.0,5.0,1,0.0,,,0,0.0,7.611,70.7,14.14,E_CONSISTENT_MID
PGEN,10,384,2025-05-13,2026-06-01,0,0,0,0.0,0,0,67.01,1.455,2.625,,,,1.27,BEARISH,15,0.458,4.0,4.0,1,0.0,,,0,0.0,9.416,70.7,14.14,E_CONSISTENT_MID
RRBI,10,384,2025-05-13,2026-06-01,0,0,0,0.0,0,0,73.01,1.8225,2.3125,,,,2.46,NEUTRAL,18,0.817,3.0,3.0,1,0.0,,,0,0.0,2.175,70.7,14.14,E_CONSISTENT_MID
SPSC,10,384,2025-05-13,2026-06-01,0,0,0,0.0,0,0,17.87,3.156,3.7222,,,,3.25,BULLISH,16,0.574,4.0,4.0,2,0.0,2.0,2.0,3,0.0,7.1,70.7,14.14,E_CONSISTENT_MID
USB,10,384,2025-05-13,2026-06-01,0,0,0,0.0,0,0,40.49,2.38,3.0,,,,2.93,NEUTRAL,15,0.258,3.0,3.0,1,0.0,,,0,0.0,13.385,70.7,14.14,E_CONSISTENT_MID
ZETA,5,12,2026-05-20,2026-06-01,0,0,0,0.0,0,0,62.92,2.635,2.6875,,,,3,NEUTRAL,2,0.0,2.0,2.0,1,0.0,,,0,0.0,18.679,70.7,14.14,E_CONSISTENT_MID
ATRA,7,373,2025-05-13,2026-05-21,0,0,0,0.0,0,0,96.15,1.5,1.3,,,,2.43,VERY_BEARISH,14,0.646,,,0,0.0,,,0,0.0,5.973,70.6,14.12,E_CONSISTENT_MID
BH,7,373,2025-05-13,2026-05-21,0,0,0,0.0,0,0,58.6,2.2714,2.4,,,,3.87,NEUTRAL,20,0.923,,,0,0.0,,,0,0.0,0.279,70.6,14.12,E_CONSISTENT_MID
CACI,10,384,2025-05-13,2026-06-01,0,0,0,0.0,0,0,81.32,1.8225,2.3125,,,,2.54,BEARISH,21,0.873,3.0,3.0,1,0.0,,,0,0.0,1.425,70.6,14.12,E_CONSISTENT_MID
CBT,10,384,2025-05-13,2026-06-01,0,0,0,0.0,0,0,29.08,3.1292,3.5,,,,4.07,BULLISH,19,0.164,3.5,3.0,2,0.707,2.0,2.0,3,0.0,1.308,70.6,14.12,E_CONSISTENT_MID
ELS,10,384,2025-05-13,2026-06-01,0,0,0,0.0,0,0,86.5,1.76,2.0,,,,2.67,BEARISH,18,0.767,2.0,2.0,1,0.0,,,0,0.0,3.5,70.6,14.12,E_CONSISTENT_MID
HTHT,10,384,2025-05-13,2026-06-01,0,0,0,0.0,0,0,13.53,3.2535,3.9444,,,,4.05,BULLISH,19,0.229,4.0,4.0,2,0.0,3.67,4.0,3,0.577,2.648,70.6,14.12,E_CONSISTENT_MID
HYLN,5,12,2026-05-20,2026-06-01,0,0,0,0.0,0,0,64.77,2.195,2.6875,,,,1,VERY_BEARISH,2,0.0,2.0,2.0,1,0.0,,,0,0.0,18.718,70.6,14.12,E_CONSISTENT_MID
KMX,10,384,2025-05-13,2026-06-01,0,0,0,0.0,0,0,85.42,1.44,2.0,,,,2.27,BEARISH,15,0.594,2.0,2.0,1,0.0,,,0,0.0,6.881,70.6,14.12,E_CONSISTENT_MID
KRG,10,384,2025-05-13,2026-06-01,0,0,0,0.0,0,0,76.41,1.8225,2.3125,,,,3.09,BEARISH,17,0.865,3.0,3.0,1,0.0,,,0,0.0,1.586,70.6,14.12,E_CONSISTENT_MID
KRMD,10,384,2025-05-13,2026-06-01,0,0,0,0.0,0,0,96.21,1.5225,1.3125,,,,2.2,BEARISH,15,0.414,2.0,2.0,1,0.0,,,0,0.0,10.553,70.6,14.12,E_CONSISTENT_MID
NEXT,10,384,2025-05-13,2026-06-01,0,0,0,0.0,0,0,91.53,1.155,1.625,,,,2.31,VERY_BEARISH,16,0.871,3.0,3.0,1,0.0,,,0,0.0,1.387,70.6,14.12,E_CONSISTENT_MID
OBK,5,12,2026-05-20,2026-06-01,0,0,0,0.0,0,0,33.33,2.665,3.3125,,,,2,BEARISH,2,0.0,4.0,4.0,1,0.0,,,0,0.0,18.856,70.6,14.12,E_CONSISTENT_MID
PDM,10,384,2025-05-13,2026-06-01,0,0,0,0.0,0,0,84.92,1.76,2.0,,,,2.56,BEARISH,16,0.629,2.0,2.0,1,0.0,,,0,0.0,6.191,70.6,14.12,E_CONSISTENT_MID
PLPC,10,384,2025-05-13,2026-06-01,0,0,0,0.0,0,0,45.24,2.49,3.0,,,,3.91,NEUTRAL,32,0.802,,,0,0.0,,,0,0.0,2.772,70.6,14.12,E_CONSISTENT_MID
TE,5,12,2026-05-20,2026-06-01,0,0,0,0.0,0,0,95.24,1.245,1.3125,,,,1.5,BEARISH,2,0.707,2.0,2.0,1,0.0,,,0,0.0,4.742,70.6,14.12,E_CONSISTENT_MID
ALPMY,10,384,2025-05-13,2026-06-01,0,0,0,0.0,0,0,59.63,1.2,3.0,,,,29.76,VERY_BULLISH,2,0.0,3.0,3.0,1,0.0,,,0,0.0,19.017,70.5,14.1,E_CONSISTENT_MID
BBW,10,384,2025-05-13,2026-06-01,0,0,0,0.0,0,0,57.85,2.49,3.0,,,,3.78,NEUTRAL,27,0.918,3.0,3.0,1,0.0,,,0,0.0,0.719,70.5,14.1,E_CONSISTENT_MID
BWEN,7,373,2025-05-13,2026-05-21,0,0,0,0.0,0,0,57.17,2.2714,2.4,,,,3.11,NEUTRAL,19,0.937,,,0,0.0,,,0,0.0,0.347,70.5,14.1,E_CONSISTENT_MID
ENSG,10,384,2025-05-13,2026-06-01,0,0,0,0.0,0,0,65.2,2.4275,2.6875,,,,3.63,NEUTRAL,29,0.679,2.0,2.0,1,0.0,,,0,0.0,5.324,70.5,14.1,E_CONSISTENT_MID
FATE,10,384,2025-05-13,2026-06-01,0,0,0,0.0,0,0,21.04,2.7233,3.6667,,,,3.03,NEUTRAL,16,0.123,3.0,3.0,2,0.0,4.0,4.0,2,0.0,16.491,70.5,14.1,E_CONSISTENT_MID
HFFG,7,373,2025-05-13,2026-05-21,0,0,0,0.0,0,0,47.86,1.8143,2.4,,,,2.07,NEUTRAL,14,0.267,,,0,0.0,,,0,0.0,13.714,70.5,14.1,E_CONSISTENT_MID
LIVN,10,384,2025-05-13,2026-06-01,0,0,0,0.0,0,0,49.34,2.49,3.0,,,,4.15,NEUTRAL,25,0.854,3.0,3.0,1,0.0,,,0,0.0,1.986,70.5,14.1,E_CONSISTENT_MID
POOL,10,384,2025-05-13,2026-06-01,0,0,0,0.0,0,0,44.97,2.49,3.0,,,,2.33,BEARISH,15,0.816,3.0,3.0,1,0.0,,,0,0.0,2.765,70.5,14.1,E_CONSISTENT_MID
WH,10,384,2025-05-13,2026-06-01,0,0,0,0.0,0,0,39.56,2.49,3.0,,,,2.83,NEUTRAL,19,0.747,3.0,3.0,1,0.0,,,0,0.0,4.017,70.5,14.1,E_CONSISTENT_MID
BAH,10,384,2025-05-13,2026-06-01,0,0,0,0.0,0,0,87.16,1.76,2.0,,,,2.85,BEARISH,18,0.862,2.0,2.0,1,0.0,,,0,0.0,2.053,70.4,14.08,E_CONSISTENT_MID
BWFG,10,384,2025-05-13,2026-06-01,0,0,0,0.0,0,0,13.03,3.3,4.0,,,,4.35,VERY_BULLISH,26,0.562,4.0,4.0,2,0.0,4.0,4.0,3,0.0,7.914,70.4,14.08,E_CONSISTENT_MID
CAR,10,384,2025-05-13,2026-06-01,0,0,0,0.0,0,0,86.74,1.33,2.0,,,,2,BEARISH,15,0.756,2.0,2.0,1,0.0,,,0,0.0,4.079,70.4,14.08,E_CONSISTENT_MID
ECL,10,384,2025-05-13,2026-06-01,0,0,0,0.0,0,0,79.31,1.8225,2.3125,,,,2.15,BEARISH,18,0.888,3.0,3.0,1,0.0,,,0,0.0,1.373,70.4,14.08,E_CONSISTENT_MID
LEGN,7,373,2025-05-13,2026-05-21,0,0,0,0.0,0,0,72.88,2.1143,1.85,,,,2.92,BEARISH,12,0.289,,,0,0.0,,,0,0.0,13.407,70.4,14.08,E_CONSISTENT_MID
MGPI,10,384,2025-05-13,2026-06-01,0,0,0,0.0,0,0,29.93,3.1004,3.4444,,,,3.51,BULLISH,19,0.655,3.0,3.0,2,0.0,2.0,2.0,3,0.0,6.001,70.4,14.08,E_CONSISTENT_MID
NTES,10,384,2025-05-13,2026-06-01,0,0,0,0.0,0,0,47.02,2.49,3.0,,,,3.55,BULLISH,21,0.839,3.0,3.0,1,0.0,,,0,0.0,2.473,70.4,14.08,E_CONSISTENT_MID
PLMR,10,384,2025-05-13,2026-06-01,0,0,0,0.0,0,0,27.88,3.1292,3.5,,,,4.47,BULLISH,26,0.638,3.0,3.0,2,0.0,2.0,2.0,3,0.0,6.487,70.4,14.08,E_CONSISTENT_MID
PPL,10,384,2025-05-13,2026-06-01,0,0,0,0.0,0,0,63.96,2.4275,2.6875,,,,3.22,NEUTRAL,19,0.416,2.0,2.0,1,0.0,,,0,0.0,10.796,70.4,14.08,E_CONSISTENT_MID
QLYS,10,384,2025-05-13,2026-06-01,0,0,0,0.0,0,0,44.59,2.49,3.0,,,,3.4,NEUTRAL,20,0.819,3.0,3.0,1,0.0,,,0,0.0,2.907,70.4,14.08,E_CONSISTENT_MID
TFSL,10,384,2025-05-13,2026-06-01,0,0,0,0.0,0,0,87.7,1.6475,1.9375,,,,1.8,BEARISH,15,0.414,4.0,4.0,1,0.0,,,0,0.0,10.877,70.4,14.08,E_CONSISTENT_MID
TOST,5,12,2026-05-20,2026-06-01,0,0,0,0.0,0,0,41.38,2.76,3.0,,,,3.5,BULLISH,2,0.707,3.0,3.0,1,0.0,,,0,0.0,5.06,70.4,14.08,E_CONSISTENT_MID
VZ,10,384,2025-05-13,2026-06-01,0,0,0,0.0,0,0,39.79,2.49,3.0,,,,3.98,NEUTRAL,29,0.758,3.0,3.0,1,0.0,,,0,0.0,3.998,70.4,14.08,E_CONSISTENT_MID
ABEO,10,384,2025-05-13,2026-06-01,0,0,0,0.0,0,0,87.59,1.98,2.0,,,,3.18,NEUTRAL,19,0.366,,,0,0.0,,,0,0.0,12.179,70.3,14.06,E_CONSISTENT_MID
FCN,10,384,2025-05-13,2026-06-01,0,0,0,0.0,0,0,37.9,2.7249,3.1667,,,,3.8,BULLISH,21,0.4,2.0,2.0,2,0.0,2.0,2.0,3,0.0,11.348,70.3,14.06,E_CONSISTENT_MID
HFWA,10,384,2025-05-13,2026-06-01,0,0,0,0.0,0,0,96.4,1.0925,1.3125,,,,1.93,VERY_BEARISH,17,0.866,2.0,2.0,1,0.0,,,0,0.0,2.146,70.3,14.06,E_CONSISTENT_MID
INFU,7,373,2025-05-13,2026-05-21,0,0,0,0.0,0,0,46.36,2.7286,2.4,,,,4.04,NEUTRAL,32,0.308,,,0,0.0,,,0,0.0,13.203,70.3,14.06,E_CONSISTENT_MID
KNX,10,384,2025-05-13,2026-06-01,0,0,0,0.0,0,0,30.05,2.7981,3.4444,,,,3.25,NEUTRAL,16,0.447,3.0,3.0,2,0.0,2.0,2.0,3,0.0,10.369,70.3,14.06,E_CONSISTENT_MID
LOCO,10,384,2025-05-13,2026-06-01,0,0,0,0.0,0,0,49.19,2.49,3.0,,,,3.69,VERY_BULLISH,24,0.871,3.0,3.0,1,0.0,,,0,0.0,1.992,70.3,14.06,E_CONSISTENT_MID
MTDR,10,384,2025-05-13,2026-06-01,0,0,0,0.0,0,0,18.06,3.2268,3.7222,,,,4.29,BEARISH,25,0.857,3.0,3.0,2,0.0,4.0,4.0,3,0.0,2.252,70.3,14.06,E_CONSISTENT_MID
PFSI,10,384,2025-05-13,2026-06-01,0,0,0,0.0,0,0,98.14,1.14,1.0,,,,1.67,VERY_BEARISH,15,0.488,1.0,1.0,1,0.0,,,0,0.0,9.64,70.3,14.06,E_CONSISTENT_MID
RLI,10,384,2025-05-13,2026-06-01,0,0,0,0.0,0,0,63.81,1.9975,2.6875,,,,2.33,NEUTRAL,15,0.488,2.0,2.0,1,0.0,,,0,0.0,9.655,70.3,14.06,E_CONSISTENT_MID
RRX,10,384,2025-05-13,2026-06-01,0,0,0,0.0,0,0,38.63,3.0088,3.0556,,,,3.96,NEUTRAL,20,0.384,3.0,3.0,1,0.0,4.0,4.0,1,0.0,11.772,70.3,14.06,E_CONSISTENT_MID
RVLV,10,384,2025-05-13,2026-06-01,0,0,0,0.0,0,0,43.85,2.49,3.0,,,,3.35,BEARISH,20,0.813,3.0,3.0,1,0.0,,,0,0.0,3.124,70.3,14.06,E_CONSISTENT_MID
SWKS,10,384,2025-05-13,2026-06-01,0,0,0,0.0,0,0,42.0,2.49,3.0,,,,3.47,NEUTRAL,17,0.798,3.0,3.0,1,0.0,,,0,0.0,3.467,70.3,14.06,E_CONSISTENT_MID
VNT,10,384,2025-05-13,2026-06-01,0,0,0,0.0,0,0,70.49,1.8225,2.3125,,,,2.42,BEARISH,19,0.838,3.0,3.0,1,0.0,,,0,0.0,2.605,70.3,14.06,E_CONSISTENT_MID
CTRN,10,384,2025-05-13,2026-06-01,0,0,0,0.0,0,0,55.3,2.49,3.0,,,,3.64,NEUTRAL,22,0.953,,,0,0.0,,,0,0.0,0.483,70.2,14.04,E_CONSISTENT_MID
CWH,10,384,2025-05-13,2026-06-01,0,0,0,0.0,0,0,79.89,1.8225,2.3125,,,,1.81,BEARISH,16,0.911,3.0,3.0,1,0.0,,,0,0.0,1.349,70.2,14.04,E_CONSISTENT_MID
ENOV,10,384,2025-05-13,2026-06-01,0,0,0,0.0,0,0,18.48,3.156,3.7222,,,,3.94,NEUTRAL,17,0.243,4.0,4.0,2,0.0,1.67,2.0,3,0.577,3.293,70.2,14.04,E_CONSISTENT_MID
FBRX,10,384,2025-05-13,2026-06-01,0,0,0,0.0,0,0,65.16,2.4275,2.6875,,,,3.02,NEUTRAL,16,0.701,2.0,2.0,1,0.0,,,0,0.0,5.678,70.2,14.04,E_CONSISTENT_MID
ITW,10,384,2025-05-13,2026-06-01,0,0,0,0.0,0,0,76.6,1.8225,2.3125,,,,3.21,BEARISH,26,0.909,3.0,3.0,1,0.0,,,0,0.0,1.427,70.2,14.04,E_CONSISTENT_MID
LINE,5,12,2026-05-20,2026-06-01,0,0,0,0.0,0,0,85.23,1.72,2.0,,,,1.5,BEARISH,2,0.707,2.0,2.0,1,0.0,,,0,0.0,5.381,70.2,14.04,E_CONSISTENT_MID
ACNB,10,384,2025-05-13,2026-06-01,0,0,0,0.0,0,0,13.96,3.2712,3.9444,,,,3.57,BULLISH,21,0.598,4.0,4.0,2,0.0,4.0,4.0,3,0.0,7.916,70.1,14.02,E_CONSISTENT_MID
BGC,10,384,2025-05-13,2026-06-01,0,0,0,0.0,0,0,35.81,2.5525,3.3125,,,,3.64,BULLISH,22,0.496,4.0,4.0,1,0.0,,,0,0.0,9.8,70.1,14.02,E_CONSISTENT_MID
CCNE,10,384,2025-05-13,2026-06-01,0,0,0,0.0,0,0,13.81,3.2889,3.9444,,,,3.58,VERY_BULLISH,19,0.607,4.0,4.0,2,0.0,4.0,4.0,3,0.0,7.571,70.1,14.02,E_CONSISTENT_MID
CLSK,10,384,2025-05-13,2026-06-01,0,0,0,0.0,0,0,96.87,1.3575,1.3125,,,,1.69,VERY_BEARISH,16,0.602,2.0,2.0,1,0.0,,,0,0.0,7.733,70.1,14.02,E_CONSISTENT_MID
COIN,10,384,2025-05-13,2026-06-01,0,0,0,0.0,0,0,93.81,1.155,1.625,,,,1.68,VERY_BEARISH,17,0.928,3.0,3.0,1,0.0,,,0,0.0,1.172,70.1,14.02,E_CONSISTENT_MID
CRS,10,384,2025-05-13,2026-06-01,0,0,0,0.0,0,0,18.72,3.2167,3.7222,,,,4.03,BULLISH,24,0.111,3.33,3.0,3,0.577,4.0,4.0,3,0.0,5.997,70.1,14.02,E_CONSISTENT_MID
DEI,10,384,2025-05-13,2026-06-01,0,0,0,0.0,0,0,35.27,2.5525,3.3125,,,,2.73,NEUTRAL,15,0.594,4.0,4.0,1,0.0,,,0,0.0,7.923,70.1,14.02,E_CONSISTENT_MID
HY,10,384,2025-05-13,2026-06-01,0,0,0,0.0,0,0,51.04,2.49,3.0,,,,1.87,NEUTRAL,15,0.915,3.0,3.0,1,0.0,,,0,0.0,1.435,70.1,14.02,E_CONSISTENT_MID
IAC,10,384,2025-05-13,2026-06-01,0,0,0,0.0,0,0,77.11,1.6125,2.3125,,,,2.13,NEUTRAL,16,0.623,3.0,3.0,1,0.0,,,0,0.0,7.287,70.1,14.02,E_CONSISTENT_MID
KO,10,384,2025-05-13,2026-06-01,0,0,0,0.0,0,0,49.77,2.755,3.0,,,,3.06,NEUTRAL,16,0.25,3.0,3.0,1,0.0,,,0,0.0,14.821,70.1,14.02,E_CONSISTENT_MID
NHI,10,384,2025-05-13,2026-06-01,0,0,0,0.0,0,0,64.31,2.4275,2.6875,,,,3.13,BEARISH,15,0.516,2.0,2.0,1,0.0,,,0,0.0,9.496,70.1,14.02,E_CONSISTENT_MID
OCFC,10,384,2025-05-13,2026-06-01,0,0,0,0.0,0,0,64.19,2.4275,2.6875,,,,3.61,NEUTRAL,21,0.49,2.0,2.0,1,0.0,,,0,0.0,9.946,70.1,14.02,E_CONSISTENT_MID
PCTY,10,384,2025-05-13,2026-06-01,0,0,0,0.0,0,0,22.0,2.615,3.625,,,,2.33,BULLISH,15,0.617,5.0,5.0,1,0.0,,,0,0.0,7.375,70.1,14.02,E_CONSISTENT_MID
QDEL,10,384,2025-05-13,2026-06-01,0,0,0,0.0,0,0,98.03,1.35,1.0,,,,1.87,VERY_BEARISH,15,0.352,1.0,1.0,1,0.0,,,0,0.0,12.74,70.1,14.02,E_CONSISTENT_MID
SXC,10,384,2025-05-13,2026-06-01,0,0,0,0.0,0,0,63.38,2.4275,2.6875,,,,3,BEARISH,16,0.365,2.0,2.0,1,0.0,,,0,0.0,12.485,70.1,14.02,E_CONSISTENT_MID
SXT,10,384,2025-05-13,2026-06-01,0,0,0,0.0,0,0,21.77,2.615,3.625,,,,2.58,NEUTRAL,18,0.733,5.0,5.0,1,0.0,,,0,0.0,5.08,70.1,14.02,E_CONSISTENT_MID
UIS,10,384,2025-05-13,2026-06-01,0,0,0,0.0,0,0,40.6,2.49,3.0,,,,3.27,NEUTRAL,15,0.799,3.0,3.0,1,0.0,,,0,0.0,3.872,70.1,14.02,E_CONSISTENT_MID
ARCO,7,373,2025-05-13,2026-05-21,0,0,0,0.0,0,0,18.06,2.9714,3.25,,,,4.4,BULLISH,20,0.754,,,0,0.0,3.0,3.0,1,0.0,4.935,70.0,14.0,E_CONSISTENT_MID
AX,10,384,2025-05-13,2026-06-01,0,0,0,0.0,0,0,30.43,3.1712,3.4444,,,,4.27,NEUTRAL,32,0.656,2.0,2.0,2,0.0,4.0,4.0,3,0.0,6.947,70.0,14.0,E_CONSISTENT_MID
BHB,10,384,2025-05-13,2026-06-01,0,0,0,0.0,0,0,35.77,2.5525,3.3125,,,,2.6,NEUTRAL,15,0.507,4.0,4.0,1,0.0,,,0,0.0,9.786,70.0,14.0,E_CONSISTENT_MID
CNA,10,384,2025-05-13,2026-06-01,0,0,0,0.0,0,0,69.45,2.365,2.375,,,,4.32,NEUTRAL,33,0.713,1.0,1.0,1,0.0,,,0,0.0,5.717,70.0,14.0,E_CONSISTENT_MID
CPAY,10,384,2025-05-13,2026-06-01,0,0,0,0.0,0,0,80.39,2.2525,2.3125,,,,3.03,BEARISH,18,0.369,3.0,3.0,1,0.0,,,0,0.0,12.706,70.0,14.0,E_CONSISTENT_MID
GPN,10,384,2025-05-13,2026-06-01,0,0,0,0.0,0,0,51.86,2.49,3.0,,,,3.97,NEUTRAL,18,0.943,3.0,3.0,1,0.0,,,0,0.0,1.061,70.0,14.0,E_CONSISTENT_MID
IAG,10,384,2025-05-13,2026-06-01,0,0,0,0.0,0,0,51.01,2.49,3.0,,,,4.26,BEARISH,28,0.925,3.0,3.0,1,0.0,,,0,0.0,1.433,70.0,14.0,E_CONSISTENT_MID
IRWD,10,384,2025-05-13,2026-06-01,0,0,0,0.0,0,0,31.55,3.1313,3.3333,,,,4.11,BULLISH,24,0.717,2.0,2.0,2,0.0,3.0,3.0,3,0.0,5.713,70.0,14.0,E_CONSISTENT_MID
LOW,10,384,2025-05-13,2026-06-01,0,0,0,0.0,0,0,75.91,1.8225,2.3125,,,,2.7,NEUTRAL,23,0.921,3.0,3.0,1,0.0,,,0,0.0,1.6,70.0,14.0,E_CONSISTENT_MID
MFG,7,373,2025-05-13,2026-05-21,0,0,0,0.0,0,0,71.7,1.6571,1.85,,,,2.71,BEARISH,19,0.972,,,0,0.0,,,0,0.0,0.478,70.0,14.0,E_CONSISTENT_MID
PHAT,5,12,2026-05-20,2026-06-01,0,0,0,0.0,0,0,84.84,1.72,2.0,,,,1.5,BEARISH,2,0.707,2.0,2.0,1,0.0,,,0,0.0,5.959,70.0,14.0,E_CONSISTENT_MID
RIO,7,373,2025-05-13,2026-05-21,0,0,0,0.0,0,0,36.22,2.2714,2.4,,,,4.02,NEUTRAL,30,0.977,,,0,0.0,,,0,0.0,0.49,70.0,14.0,E_CONSISTENT_MID
SHAK,10,384,2025-05-13,2026-06-01,0,0,0,0.0,0,0,63.57,1.9975,2.6875,,,,2.53,BEARISH,15,0.516,2.0,2.0,1,0.0,,,0,0.0,9.728,70.0,14.0,E_CONSISTENT_MID
SMCI,7,18,2026-05-14,2026-06-01,0,0,0,0.0,0,0,27.53,3.1132,3.5,,,,2.87,BULLISH,15,0.743,3.0,3.0,2,0.0,2.0,2.0,3,0.0,5.152,70.0,14.0,E_CONSISTENT_MID
AMPH,10,384,2025-05-13,2026-06-01,0,0,0,0.0,0,0,19.03,3.2444,3.7222,,,,4.03,NEUTRAL,25,0.615,3.0,3.0,2,0.0,4.0,4.0,3,0.0,7.902,69.9,13.98,E_CONSISTENT_MID
CHH,10,384,2025-05-13,2026-06-01,0,0,0,0.0,0,0,80.7,2.0325,2.3125,,,,2.8,NEUTRAL,15,0.414,3.0,3.0,1,0.0,,,0,0.0,12.0,69.9,13.98,E_CONSISTENT_MID
HII,10,384,2025-05-13,2026-06-01,0,0,0,0.0,0,0,77.34,1.8225,2.3125,,,,2.71,BEARISH,21,0.94,3.0,3.0,1,0.0,,,0,0.0,1.423,69.9,13.98,E_CONSISTENT_MID
LKFN,10,384,2025-05-13,2026-06-01,0,0,0,0.0,0,0,67.44,1.665,2.625,,,,1.6,BEARISH,15,0.507,4.0,4.0,1,0.0,,,0,0.0,9.978,69.9,13.98,E_CONSISTENT_MID
NTNX,10,384,2025-05-13,2026-06-01,0,0,0,0.0,0,0,46.91,2.49,3.0,,,,1.93,NEUTRAL,15,0.884,3.0,3.0,1,0.0,,,0,0.0,2.456,69.9,13.98,E_CONSISTENT_MID
NXST,10,384,2025-05-13,2026-06-01,0,0,0,0.0,0,0,61.48,2.4775,2.9375,,,,3.32,BEARISH,23,0.577,5.0,5.0,1,0.0,,,0,0.0,8.755,69.9,13.98,E_CONSISTENT_MID
NXT,10,384,2025-05-13,2026-06-01,0,0,0,0.0,0,0,30.94,2.6678,3.3889,,,,3.63,NEUTRAL,23,0.523,2.0,2.0,2,0.0,4.0,4.0,2,0.0,9.747,69.9,13.98,E_CONSISTENT_MID
PCAR,10,384,2025-05-13,2026-06-01,0,0,0,0.0,0,0,73.78,1.8225,2.3125,,,,3.13,BEARISH,15,0.915,3.0,3.0,1,0.0,,,0,0.0,1.813,69.9,13.98,E_CONSISTENT_MID
SAN,10,384,2025-05-13,2026-06-01,0,0,0,0.0,0,0,32.79,2.5525,3.3125,,,,2.83,BEARISH,20,0.934,4.0,4.0,1,0.0,,,0,0.0,1.489,69.9,13.98,E_CONSISTENT_MID
SKYW,10,384,2025-05-13,2026-06-01,0,0,0,0.0,0,0,72.43,1.8225,2.3125,,,,2.93,BEARISH,23,0.891,3.0,3.0,1,0.0,,,0,0.0,2.378,69.9,13.98,E_CONSISTENT_MID
STRA,10,384,2025-05-13,2026-06-01,0,0,0,0.0,0,0,14.31,3.2424,3.8889,,,,4.65,BULLISH,25,0.884,4.0,4.0,2,0.0,3.0,3.0,3,0.0,2.53,69.9,13.98,E_CONSISTENT_MID
ACT,10,384,2025-05-13,2026-06-01,0,0,0,0.0,0,0,27.3,3.1403,3.5556,,,,4.8,BULLISH,32,0.367,3.0,3.0,2,0.0,2.67,3.0,3,0.577,1.515,69.8,13.96,E_CONSISTENT_MID
ARHS,5,12,2026-05-20,2026-06-01,0,0,0,0.0,0,0,30.47,3.1378,3.4444,,,,3,NEUTRAL,2,0.0,2.0,2.0,2,0.0,4.0,4.0,2,0.0,20.476,69.8,13.96,E_CONSISTENT_MID
FE,10,384,2025-05-13,2026-06-01,0,0,0,0.0,0,0,38.75,3.0088,3.0556,,,,3.65,BEARISH,24,0.558,3.0,3.0,1,0.0,4.0,4.0,1,0.0,9.167,69.8,13.96,E_CONSISTENT_MID
FWRD,10,384,2025-05-13,2026-06-01,0,0,0,0.0,0,0,99.27,1.46,1.0,,,,1.4,VERY_BEARISH,15,0.507,1.0,1.0,1,0.0,,,0,0.0,10.349,69.8,13.96,E_CONSISTENT_MID
GMAB,7,373,2025-05-13,2026-05-21,0,0,0,0.0,0,0,49.07,2.2714,2.4,,,,2.08,NEUTRAL,12,0.996,,,0,0.0,,,0,0.0,0.472,69.8,13.96,E_CONSISTENT_MID
KB,10,384,2025-05-13,2026-06-01,0,0,0,0.0,0,0,64.58,2.4275,2.6875,,,,3.25,BULLISH,22,0.627,2.0,2.0,1,0.0,,,0,0.0,7.824,69.8,13.96,E_CONSISTENT_MID
KE,10,384,2025-05-13,2026-06-01,0,0,0,0.0,0,0,76.53,1.8225,2.3125,,,,3.82,BULLISH,26,0.941,3.0,3.0,1,0.0,,,0,0.0,1.525,69.8,13.96,E_CONSISTENT_MID
META,10,384,2025-05-13,2026-06-01,0,0,0,0.0,0,0,23.55,2.7122,3.6111,,,,3.21,NEUTRAL,19,0.412,3.0,3.0,2,0.0,3.0,3.0,2,0.0,12.104,69.8,13.96,E_CONSISTENT_MID
MP,10,384,2025-05-13,2026-06-01,0,0,0,0.0,0,0,48.18,2.06,3.0,,,,2.2,NEUTRAL,15,0.414,3.0,3.0,1,0.0,,,0,0.0,12.075,69.8,13.96,E_CONSISTENT_MID
NJR,10,384,2025-05-13,2026-06-01,0,0,0,0.0,0,0,23.4,2.8491,3.6111,,,,3.37,NEUTRAL,21,0.48,3.0,3.0,2,0.0,3.0,3.0,3,0.0,10.706,69.8,13.96,E_CONSISTENT_MID
NTCT,10,384,2025-05-13,2026-06-01,0,0,0,0.0,0,0,67.21,2.205,2.625,,,,2.93,NEUTRAL,15,0.258,4.0,4.0,1,0.0,,,0,0.0,15.23,69.8,13.96,E_CONSISTENT_MID
ODFL,10,384,2025-05-13,2026-06-01,0,0,0,0.0,0,0,25.52,2.7011,3.5556,,,,3.62,BULLISH,16,0.5,3.0,3.0,2,0.0,3.0,3.0,2,0.0,10.5,69.8,13.96,E_CONSISTENT_MID
SMPL,10,384,2025-05-13,2026-06-01,0,0,0,0.0,0,0,88.32,1.6975,1.6875,,,,2.99,NEUTRAL,18,0.58,1.0,1.0,1,0.0,,,0,0.0,8.854,69.8,13.96,E_CONSISTENT_MID
WAL,10,384,2025-05-13,2026-06-01,0,0,0,0.0,0,0,39.75,2.49,3.0,,,,2.33,NEUTRAL,15,0.816,3.0,3.0,1,0.0,,,0,0.0,4.002,69.8,13.96,E_CONSISTENT_MID
AVY,10,384,2025-05-13,2026-06-01,0,0,0,0.0,0,0,87.2,1.76,2.0,,,,2.4,BEARISH,18,0.928,2.0,2.0,1,0.0,,,0,0.0,1.995,69.7,13.94,E_CONSISTENT_MID
COLB,10,384,2025-05-13,2026-06-01,0,0,0,0.0,0,0,80.47,1.8225,2.3125,,,,2.9,NEUTRAL,18,0.966,3.0,3.0,1,0.0,,,0,0.0,1.378,69.7,13.94,E_CONSISTENT_MID
CULP,7,373,2025-05-13,2026-05-21,0,0,0,0.0,0,0,54.07,1.9714,2.4,,,,2.95,NEUTRAL,16,0.348,,,0,0.0,,,0,0.0,13.612,69.7,13.94,E_CONSISTENT_MID
FRME,10,384,2025-05-13,2026-06-01,0,0,0,0.0,0,0,78.31,1.8225,2.3125,,,,3.82,BEARISH,27,0.962,3.0,3.0,1,0.0,,,0,0.0,1.38,69.7,13.94,E_CONSISTENT_MID
ICLR,7,373,2025-05-13,2026-05-21,0,0,0,0.0,0,0,20.66,2.9571,3.2,,,,3.87,BULLISH,26,1.003,,,0,0.0,3.0,3.0,1,0.0,0.592,69.7,13.94,E_CONSISTENT_MID
NWL,10,384,2025-05-13,2026-06-01,0,0,0,0.0,0,0,74.32,1.6125,2.3125,,,,1.33,NEUTRAL,15,0.617,3.0,3.0,1,0.0,,,0,0.0,8.166,69.7,13.94,E_CONSISTENT_MID
PG,10,384,2025-05-13,2026-06-01,0,0,0,0.0,0,0,64.04,2.4275,2.6875,,,,2.4,NEUTRAL,15,0.507,2.0,2.0,1,0.0,,,0,0.0,10.542,69.7,13.94,E_CONSISTENT_MID
SHLS,10,384,2025-05-13,2026-06-01,0,0,0,0.0,0,0,43.12,2.49,3.0,,,,2.41,NEUTRAL,17,0.87,3.0,3.0,1,0.0,,,0,0.0,3.259,69.7,13.94,E_CONSISTENT_MID
STAA,10,384,2025-05-13,2026-06-01,0,0,0,0.0,0,0,90.37,1.585,1.625,,,,1.27,BEARISH,15,0.458,3.0,3.0,1,0.0,,,0,0.0,11.473,69.7,13.94,E_CONSISTENT_MID
STE,10,384,2025-05-13,2026-06-01,0,0,0,0.0,0,0,42.19,2.81,3.0,,,,3.89,NEUTRAL,25,0.313,3.0,3.0,1,0.0,,,0,0.0,14.3,69.7,13.94,E_CONSISTENT_MID
TNC,10,384,2025-05-13,2026-06-01,0,0,0,0.0,0,0,61.41,1.9475,2.9375,,,,2.67,NEUTRAL,20,0.912,5.0,5.0,1,0.0,,,0,0.0,2.418,69.7,13.94,E_CONSISTENT_MID
VRTX,10,384,2025-05-13,2026-06-01,0,0,0,0.0,0,0,39.95,2.38,3.0,,,,3,NEUTRAL,17,0.354,3.0,3.0,1,0.0,,,0,0.0,13.493,69.7,13.94,E_CONSISTENT_MID
ALLY,10,384,2025-05-13,2026-06-01,0,0,0,0.0,0,0,59.71,2.28,3.0,,,,2.33,NEUTRAL,15,0.488,3.0,3.0,1,0.0,,,0,0.0,11.128,69.6,13.92,E_CONSISTENT_MID
BAC,7,18,2026-05-14,2026-06-01,0,0,0,0.0,0,0,35.85,2.7464,3.3125,,,,3.27,NEUTRAL,15,0.458,4.0,4.0,1,0.0,,,0,0.0,11.66,69.6,13.92,E_CONSISTENT_MID
CLF,10,384,2025-05-13,2026-06-01,0,0,0,0.0,0,0,65.47,2.0525,2.6875,,,,1.87,BEARISH,15,0.516,2.0,2.0,1,0.0,,,0,0.0,10.442,69.6,13.92,E_CONSISTENT_MID
CLIR,7,373,2025-05-13,2026-05-21,0,0,0,0.0,0,0,55.71,2.2714,2.4,,,,2.5,NEUTRAL,14,1.019,,,0,0.0,,,0,0.0,0.363,69.6,13.92,E_CONSISTENT_MID
GILD,10,384,2025-05-13,2026-06-01,0,0,0,0.0,0,0,21.0,3.1979,3.6667,,,,4.22,BULLISH,34,0.371,3.0,3.0,2,0.0,3.67,4.0,3,0.577,1.9,69.6,13.92,E_CONSISTENT_MID
IHRT,7,373,2025-05-13,2026-05-21,0,0,0,0.0,0,0,91.43,1.0429,1.3,,,,2.14,VERY_BEARISH,14,1.027,,,0,0.0,,,0,0.0,0.28,69.6,13.92,E_CONSISTENT_MID
IIPR,10,384,2025-05-13,2026-06-01,0,0,0,0.0,0,0,37.86,3.0449,3.1667,,,,3.84,BULLISH,20,0.67,2.0,2.0,2,0.0,2.0,2.0,3,0.0,7.456,69.6,13.92,E_CONSISTENT_MID
NOC,10,384,2025-05-13,2026-06-01,0,0,0,0.0,0,0,74.63,1.8225,2.3125,,,,2.95,BEARISH,26,0.95,3.0,3.0,1,0.0,,,0,0.0,1.847,69.6,13.92,E_CONSISTENT_MID
SFST,10,384,2025-05-13,2026-06-01,0,0,0,0.0,0,0,72.62,1.3925,2.3125,,,,1.94,BEARISH,16,0.68,3.0,3.0,1,0.0,,,0,0.0,7.2,69.6,13.92,E_CONSISTENT_MID
AVNT,10,384,2025-05-13,2026-06-01,0,0,0,0.0,0,0,58.28,2.06,3.0,,,,2.73,NEUTRAL,15,0.458,3.0,3.0,1,0.0,,,0,0.0,11.826,69.5,13.9,E_CONSISTENT_MID
BXMT,10,384,2025-05-13,2026-06-01,0,0,0,0.0,0,0,86.81,1.97,2.0,,,,2.2,NEUTRAL,15,0.414,2.0,2.0,1,0.0,,,0,0.0,12.721,69.5,13.9,E_CONSISTENT_MID
CR,10,384,2025-05-13,2026-06-01,0,0,0,0.0,0,0,93.7,1.155,1.625,,,,2.61,BEARISH,20,0.986,3.0,3.0,1,0.0,,,0,0.0,1.182,69.5,13.9,E_CONSISTENT_MID
DKNG,10,384,2025-05-13,2026-06-01,0,0,0,0.0,0,0,67.83,1.455,2.625,,,,1.13,NEUTRAL,15,0.516,4.0,4.0,1,0.0,,,0,0.0,10.607,69.5,13.9,E_CONSISTENT_MID
GEF,10,384,2025-05-13,2026-06-01,0,0,0,0.0,0,0,52.2,2.06,3.0,,,,2.25,NEUTRAL,16,0.447,3.0,3.0,1,0.0,,,0,0.0,11.99,69.5,13.9,E_CONSISTENT_MID
GTY,10,384,2025-05-13,2026-06-01,0,0,0,0.0,0,0,92.77,1.155,1.625,,,,2.4,NEUTRAL,15,0.986,3.0,3.0,1,0.0,,,0,0.0,1.195,69.5,13.9,E_CONSISTENT_MID
MCHX,7,373,2025-05-13,2026-05-21,0,0,0,0.0,0,0,71.95,1.6571,1.85,,,,2.76,BEARISH,18,1.023,,,0,0.0,,,0,0.0,0.491,69.5,13.9,E_CONSISTENT_MID
PII,10,384,2025-05-13,2026-06-01,0,0,0,0.0,0,0,23.28,2.7122,3.6111,,,,2.83,BEARISH,17,0.534,3.0,3.0,2,0.0,3.0,3.0,2,0.0,10.248,69.5,13.9,E_CONSISTENT_MID
QBTS,10,384,2025-05-13,2026-06-01,0,0,0,0.0,0,0,20.03,2.9506,3.6667,,,,3.24,BULLISH,17,0.437,3.0,3.0,2,0.0,4.0,4.0,3,0.0,12.31,69.5,13.9,E_CONSISTENT_MID
REXR,10,384,2025-05-13,2026-06-01,0,0,0,0.0,0,0,44.2,2.49,3.0,,,,2.38,NEUTRAL,16,0.899,3.0,3.0,1,0.0,,,0,0.0,2.983,69.5,13.9,E_CONSISTENT_MID
SLF,10,384,2025-05-13,2026-06-01,0,0,0,0.0,0,0,36.58,3.1025,3.2778,,,,3.57,BULLISH,22,0.542,2.0,2.0,2,0.0,3.0,3.0,3,0.0,10.087,69.5,13.9,E_CONSISTENT_MID
ZUMZ,10,384,2025-05-13,2026-06-01,0,0,0,0.0,0,0,38.9,2.49,3.0,,,,3.57,NEUTRAL,23,0.843,3.0,3.0,1,0.0,,,0,0.0,4.127,69.5,13.9,E_CONSISTENT_MID
ACI,10,384,2025-05-13,2026-06-01,0,0,0,0.0,0,0,60.29,1.95,3.0,,,,1.87,VERY_BEARISH,15,0.352,3.0,3.0,1,0.0,,,0,0.0,14.092,69.4,13.88,E_CONSISTENT_MID
AGNT,10,384,2025-05-13,2026-06-01,0,0,0,0.0,0,0,68.6,1.72,2.625,,,,1.6,BEARISH,5,0.548,4.0,4.0,1,0.0,,,0,0.0,10.239,69.4,13.88,E_CONSISTENT_MID
AIN,10,384,2025-05-13,2026-06-01,0,0,0,0.0,0,0,59.94,2.06,3.0,,,,1.67,BEARISH,15,0.488,3.0,3.0,1,0.0,,,0,0.0,11.382,69.4,13.88,E_CONSISTENT_MID
ALT,10,384,2025-05-13,2026-06-01,0,0,0,0.0,0,0,36.08,2.5525,3.3125,,,,2.53,NEUTRAL,15,0.516,4.0,4.0,1,0.0,,,0,0.0,10.813,69.4,13.88,E_CONSISTENT_MID
APLD,5,12,2026-05-20,2026-06-01,0,0,0,0.0,0,0,82.64,1.845,2.3125,,,,1.5,BEARISH,2,0.707,3.0,3.0,1,0.0,,,0,0.0,7.048,69.4,13.88,E_CONSISTENT_MID
BWMN,5,12,2026-05-20,2026-06-01,0,0,0,0.0,0,0,81.4,1.845,2.3125,,,,1.5,BEARISH,2,0.707,3.0,3.0,1,0.0,,,0,0.0,7.076,69.4,13.88,E_CONSISTENT_MID
CEG,10,384,2025-05-13,2026-06-01,0,0,0,0.0,0,0,56.3,2.225,3.0,,,,2.2,NEUTRAL,15,0.414,3.0,3.0,1,0.0,,,0,0.0,12.892,69.4,13.88,E_CONSISTENT_MID
CTOS,5,12,2026-05-20,2026-06-01,0,0,0,0.0,0,0,67.9,2.19,2.625,,,,2.5,NEUTRAL,2,0.707,4.0,4.0,1,0.0,,,0,0.0,7.073,69.4,13.88,E_CONSISTENT_MID
CURLF,10,384,2025-05-13,2026-06-01,0,0,0,0.0,0,0,55.18,1.2,3.0,,,,,,0,0.0,3.0,3.0,1,0.0,,,0,0.0,21.299,69.4,13.88,E_CONSISTENT_MID
EXR,10,384,2025-05-13,2026-06-01,0,0,0,0.0,0,0,26.3,3.0211,3.5556,,,,3.8,NEUTRAL,15,0.414,3.0,3.0,2,0.0,3.0,3.0,2,0.0,12.998,69.4,13.88,E_CONSISTENT_MID
FRPT,10,384,2025-05-13,2026-06-01,0,0,0,0.0,0,0,52.59,2.17,3.0,,,,2,BEARISH,15,0.378,3.0,3.0,1,0.0,,,0,0.0,13.69,69.4,13.88,E_CONSISTENT_MID
MD,10,384,2025-05-13,2026-06-01,0,0,0,0.0,0,0,17.01,3.2025,3.7778,,,,4.12,NEUTRAL,26,0.393,4.0,4.0,2,0.0,2.67,2.0,3,0.577,1.824,69.4,13.88,E_CONSISTENT_MID
MHK,10,384,2025-05-13,2026-06-01,0,0,0,0.0,0,0,95.98,1.0925,1.3125,,,,2.0,VERY_BEARISH,19,0.929,2.0,2.0,1,0.0,,,0,0.0,2.657,69.4,13.88,E_CONSISTENT_MID
MSEX,10,384,2025-05-13,2026-06-01,0,0,0,0.0,0,0,85.11,1.33,2.0,,,,1.87,BEARISH,15,0.834,,,0,0.0,,,0,0.0,4.517,69.4,13.88,E_CONSISTENT_MID
NKE,10,384,2025-05-13,2026-06-01,0,0,0,0.0,0,0,95.86,1.5225,1.3125,,,,1.67,VERY_BEARISH,15,0.488,2.0,2.0,1,0.0,,,0,0.0,11.533,69.4,13.88,E_CONSISTENT_MID
PGNY,10,384,2025-05-13,2026-06-01,0,0,0,0.0,0,0,29.81,3.1004,3.4444,,,,3.73,BULLISH,24,0.682,3.0,3.0,2,0.0,2.0,2.0,3,0.0,7.47,69.4,13.88,E_CONSISTENT_MID
PRA,10,384,2025-05-13,2026-06-01,0,0,0,0.0,0,0,66.94,2.415,2.625,,,,3.73,NEUTRAL,15,0.458,4.0,4.0,1,0.0,,,0,0.0,12.083,69.4,13.88,E_CONSISTENT_MID
QTRX,10,384,2025-05-13,2026-06-01,0,0,0,0.0,0,0,63.92,2.4275,2.6875,,,,2.6,NEUTRAL,15,0.507,2.0,2.0,1,0.0,,,0,0.0,11.054,69.4,13.88,E_CONSISTENT_MID
RGNX,10,384,2025-05-13,2026-06-01,0,0,0,0.0,0,0,44.12,2.81,3.0,,,,3.89,NEUTRAL,18,0.323,3.0,3.0,1,0.0,,,0,0.0,14.679,69.4,13.88,E_CONSISTENT_MID
RITM,10,384,2025-05-13,2026-06-01,0,0,0,0.0,0,0,44.01,2.49,3.0,,,,2.8,BEARISH,18,0.906,3.0,3.0,1,0.0,,,0,0.0,3.051,69.4,13.88,E_CONSISTENT_MID
RTX,10,384,2025-05-13,2026-06-01,0,0,0,0.0,0,0,72.93,1.8225,2.3125,,,,2.78,BEARISH,21,0.95,3.0,3.0,1,0.0,,,0,0.0,2.175,69.4,13.88,E_CONSISTENT_MID
RYAAY,7,373,2025-05-13,2026-05-21,0,0,0,0.0,0,0,67.45,1.6571,1.85,,,,4.07,BEARISH,26,1.04,,,0,0.0,,,0,0.0,0.484,69.4,13.88,E_CONSISTENT_MID
SNBR,10,384,2025-05-13,2026-06-01,0,0,0,0.0,0,0,97.8,1.03,1.0,,,,1.4,VERY_BEARISH,15,0.828,1.0,1.0,1,0.0,,,0,0.0,4.558,69.4,13.88,E_CONSISTENT_MID
SXI,10,384,2025-05-13,2026-06-01,0,0,0,0.0,0,0,71.96,1.6125,2.3125,,,,2.33,BEARISH,15,0.617,3.0,3.0,1,0.0,,,0,0.0,8.949,69.4,13.88,E_CONSISTENT_MID
TALK,5,12,2026-05-20,2026-06-01,0,0,0,0.0,0,0,71.89,2.285,2.3125,,,,3,NEUTRAL,2,0.0,3.0,3.0,1,0.0,,,0,0.0,21.124,69.4,13.88,E_CONSISTENT_MID
TUSK,7,373,2025-05-13,2026-05-21,0,0,0,0.0,0,0,31.19,2.2714,2.4,,,,2.14,NEUTRAL,14,1.027,,,0,0.0,,,0,0.0,0.655,69.4,13.88,E_CONSISTENT_MID
ALNY,10,384,2025-05-13,2026-06-01,0,0,0,0.0,0,0,59.67,2.28,3.0,,,,2.47,BEARISH,15,0.516,3.0,3.0,1,0.0,,,0,0.0,11.127,69.3,13.86,E_CONSISTENT_MID
AMR,10,384,2025-05-13,2026-06-01,0,0,0,0.0,0,0,99.92,1.03,1.0,,,,2.33,VERY_BEARISH,15,0.976,1.0,1.0,1,0.0,,,0,0.0,1.936,69.3,13.86,E_CONSISTENT_MID
BA,10,384,2025-05-13,2026-06-01,0,0,0,0.0,0,0,82.21,2.2525,2.3125,,,,2.67,BEARISH,15,0.488,3.0,3.0,1,0.0,,,0,0.0,11.712,69.3,13.86,E_CONSISTENT_MID
CAPR,10,384,2025-05-13,2026-06-01,0,0,0,0.0,0,0,81.25,2.2525,2.3125,,,,2.73,BEARISH,15,0.458,3.0,3.0,1,0.0,,,0,0.0,12.249,69.3,13.86,E_CONSISTENT_MID
CBLL,5,12,2026-05-20,2026-06-01,0,0,0,0.0,0,0,81.05,1.845,2.3125,,,,1.5,BEARISH,2,0.707,3.0,3.0,1,0.0,,,0,0.0,7.179,69.3,13.86,E_CONSISTENT_MID
CC,10,384,2025-05-13,2026-06-01,0,0,0,0.0,0,0,36.97,3.1025,3.2778,,,,2.73,NEUTRAL,15,0.799,2.0,2.0,2,0.0,3.0,3.0,3,0.0,5.467,69.3,13.86,E_CONSISTENT_MID
CHWY,10,384,2025-05-13,2026-06-01,0,0,0,0.0,0,0,26.72,3.1757,3.5556,,,,4.14,NEUTRAL,19,0.88,3.0,3.0,2,0.0,3.0,3.0,3,0.0,3.825,69.3,13.86,E_CONSISTENT_MID
CIFR,5,12,2026-05-20,2026-06-01,0,0,0,0.0,0,0,80.59,1.845,2.3125,,,,1.5,BEARISH,2,0.707,3.0,3.0,1,0.0,,,0,0.0,7.273,69.3,13.86,E_CONSISTENT_MID
DNTH,5,12,2026-05-20,2026-06-01,0,0,0,0.0,0,0,79.43,1.845,2.3125,,,,1.5,BEARISH,2,0.707,3.0,3.0,1,0.0,,,0,0.0,7.232,69.3,13.86,E_CONSISTENT_MID
IP,10,384,2025-05-13,2026-06-01,0,0,0,0.0,0,0,98.8,1.46,1.0,,,,1.53,VERY_BEARISH,15,0.516,1.0,1.0,1,0.0,,,0,0.0,11.041,69.3,13.86,E_CONSISTENT_MID
LMT,10,384,2025-05-13,2026-06-01,0,0,0,0.0,0,0,75.99,1.8225,2.3125,,,,3.48,BEARISH,30,0.988,3.0,3.0,1,0.0,,,0,0.0,1.599,69.3,13.86,E_CONSISTENT_MID
V,10,384,2025-05-13,2026-06-01,0,0,0,0.0,0,0,32.06,2.3425,3.3125,,,,2.93,NEUTRAL,15,0.258,4.0,4.0,1,0.0,,,0,0.0,16.211,69.3,13.86,E_CONSISTENT_MID
WTFC,10,384,2025-05-13,2026-06-01,0,0,0,0.0,0,0,31.83,2.3425,3.3125,,,,2.93,NEUTRAL,15,0.258,4.0,4.0,1,0.0,,,0,0.0,16.287,69.3,13.86,E_CONSISTENT_MID
YUMC,5,12,2026-05-20,2026-06-01,0,0,0,0.0,0,0,39.1,2.76,3.0,,,,3.4,NEUTRAL,17,0.786,3.0,3.0,1,0.0,,,0,0.0,5.588,69.3,13.86,E_CONSISTENT_MID
AGL,10,384,2025-05-13,2026-06-01,0,0,0,0.0,0,0,59.98,2.06,3.0,,,,2.6,BEARISH,15,0.507,3.0,3.0,1,0.0,,,0,0.0,11.438,69.2,13.84,E_CONSISTENT_MID
ASO,10,384,2025-05-13,2026-06-01,0,0,0,0.0,0,0,58.62,2.98,3.0,,,,3.95,NEUTRAL,19,0.229,3.0,3.0,1,0.0,3.0,3.0,1,0.0,17.042,69.2,13.84,E_CONSISTENT_MID
ATMU,10,384,2025-05-13,2026-06-01,0,0,0,0.0,0,0,82.41,2.2525,2.3125,,,,2.36,BEARISH,14,0.497,3.0,3.0,1,0.0,,,0,0.0,11.606,69.2,13.84,E_CONSISTENT_MID
AXON,10,384,2025-05-13,2026-06-01,0,0,0,0.0,0,0,61.64,1.6175,2.9375,,,,1.07,BEARISH,15,0.258,5.0,5.0,1,0.0,,,0,0.0,16.478,69.2,13.84,E_CONSISTENT_MID
CHEF,10,384,2025-05-13,2026-06-01,0,0,0,0.0,0,0,61.56,2.0475,2.9375,,,,2.06,BEARISH,16,0.574,5.0,5.0,1,0.0,,,0,0.0,10.127,69.2,13.84,E_CONSISTENT_MID
DCBO,10,384,2025-05-13,2026-06-01,0,0,0,0.0,0,0,54.64,1.2,3.0,,,,,,0,0.0,3.0,3.0,1,0.0,,,0,0.0,21.536,69.2,13.84,E_CONSISTENT_MID
DHLGY,10,384,2025-05-13,2026-06-01,0,0,0,0.0,0,0,54.49,1.2,3.0,,,,,,0,0.0,3.0,3.0,1,0.0,,,0,0.0,21.635,69.2,13.84,E_CONSISTENT_MID
ELAN,10,384,2025-05-13,2026-06-01,0,0,0,0.0,0,0,53.75,2.49,3.0,,,,3.12,NEUTRAL,24,1.047,3.0,3.0,1,0.0,,,0,0.0,0.629,69.2,13.84,E_CONSISTENT_MID
GEHC,10,384,2025-05-13,2026-06-01,0,0,0,0.0,0,0,65.04,2.4275,2.6875,,,,2.59,NEUTRAL,19,0.76,2.0,2.0,1,0.0,,,0,0.0,6.302,69.2,13.84,E_CONSISTENT_MID
GOGO,10,384,2025-05-13,2026-06-01,0,0,0,0.0,0,0,77.76,1.7125,2.3125,,,,2.34,BEARISH,17,0.76,3.0,3.0,1,0.0,,,0,0.0,6.381,69.2,13.84,E_CONSISTENT_MID
GSL,4,7,2026-05-14,2026-05-21,0,0,0,0.0,0,0,48.61,2.4,2.4,,,,2.78,NEUTRAL,17,1.05,,,0,0.0,,,0,0.0,0.553,69.2,13.84,E_CONSISTENT_MID
HWC,10,384,2025-05-13,2026-06-01,0,0,0,0.0,0,0,67.63,1.885,2.625,,,,2.93,BEARISH,19,0.895,4.0,4.0,1,0.0,,,0,0.0,3.661,69.2,13.84,E_CONSISTENT_MID
ICE,10,384,2025-05-13,2026-06-01,0,0,0,0.0,0,0,76.99,2.2525,2.3125,,,,2.87,NEUTRAL,15,0.352,3.0,3.0,1,0.0,,,0,0.0,14.532,69.2,13.84,E_CONSISTENT_MID
INSP,10,384,2025-05-13,2026-06-01,0,0,0,0.0,0,0,69.26,2.365,2.375,,,,3.47,BEARISH,19,0.612,1.0,1.0,1,0.0,,,0,0.0,9.338,69.2,13.84,E_CONSISTENT_MID
JKHY,10,384,2025-05-13,2026-06-01,0,0,0,0.0,0,0,28.31,2.69,3.5,,,,3.3,NEUTRAL,21,0.459,3.0,3.0,2,0.0,2.0,2.0,2,0.0,12.345,69.2,13.84,E_CONSISTENT_MID
KYMR,5,12,2026-05-20,2026-06-01,0,0,0,0.0,0,0,76.33,1.845,2.3125,,,,1.5,BEARISH,2,0.707,3.0,3.0,1,0.0,,,0,0.0,7.544,69.2,13.84,E_CONSISTENT_MID
LNC,10,384,2025-05-13,2026-06-01,0,0,0,0.0,0,0,31.52,3.1313,3.3333,,,,3.25,NEUTRAL,16,0.775,2.0,2.0,2,0.0,3.0,3.0,3,0.0,6.063,69.2,13.84,E_CONSISTENT_MID
MGEE,10,384,2025-05-13,2026-06-01,0,0,0,0.0,0,0,75.37,2.2525,2.3125,,,,2.89,BEARISH,16,0.297,3.0,3.0,1,0.0,,,0,0.0,15.681,69.2,13.84,E_CONSISTENT_MID
MO,7,18,2026-05-14,2026-06-01,0,0,0,0.0,0,0,33.8,2.7464,3.3125,,,,4.05,NEUTRAL,32,0.858,4.0,4.0,1,0.0,,,0,0.0,4.45,69.2,13.84,E_CONSISTENT_MID
MOV,10,384,2025-05-13,2026-06-01,0,0,0,0.0,0,0,48.22,2.49,3.0,,,,3.87,NEUTRAL,23,0.968,3.0,3.0,1,0.0,,,0,0.0,2.337,69.2,13.84,E_CONSISTENT_MID
MPAA,10,384,2025-05-13,2026-06-01,0,0,0,0.0,0,0,48.14,2.49,3.0,,,,3.11,NEUTRAL,21,0.961,3.0,3.0,1,0.0,,,0,0.0,2.32,69.2,13.84,E_CONSISTENT_MID
MZTI,10,384,2025-05-13,2026-06-01,0,0,0,0.0,0,0,47.68,2.06,3.0,,,,2.12,BEARISH,16,0.473,,,0,0.0,,,0,0.0,12.229,69.2,13.84,E_CONSISTENT_MID
OSK,10,384,2025-05-13,2026-06-01,0,0,0,0.0,0,0,73.94,1.8225,2.3125,,,,3.05,BEARISH,22,0.989,3.0,3.0,1,0.0,,,0,0.0,1.826,69.2,13.84,E_CONSISTENT_MID
PLXS,10,384,2025-05-13,2026-06-01,0,0,0,0.0,0,0,38.21,3.1045,3.1111,,,,4.4,NEUTRAL,34,0.547,1.0,1.0,2,0.0,4.0,4.0,3,0.0,10.658,69.2,13.84,E_CONSISTENT_MID
PRGO,10,384,2025-05-13,2026-06-01,0,0,0,0.0,0,0,44.82,2.49,3.0,,,,2.79,NEUTRAL,20,0.941,3.0,3.0,1,0.0,,,0,0.0,2.828,69.2,13.84,E_CONSISTENT_MID
Q,10,384,2025-05-13,2026-06-01,0,0,0,0.0,0,0,66.86,1.885,2.625,,,,3.11,BEARISH,19,0.994,4.0,4.0,1,0.0,,,0,0.0,1.728,69.2,13.84,E_CONSISTENT_MID
SMID,7,373,2025-05-13,2026-05-21,0,0,0,0.0,0,0,66.56,1.6571,1.85,,,,3.05,BEARISH,7,1.059,,,0,0.0,,,0,0.0,0.465,69.2,13.84,E_CONSISTENT_MID
SOUN,10,384,2025-05-13,2026-06-01,0,0,0,0.0,0,0,30.82,2.8951,3.3889,,,,3.42,NEUTRAL,19,0.507,2.0,2.0,2,0.0,4.0,4.0,3,0.0,11.427,69.2,13.84,E_CONSISTENT_MID
SPOT,10,384,2025-05-13,2026-06-01,0,0,0,0.0,0,0,42.42,2.49,3.0,,,,4.36,VERY_BULLISH,21,0.911,3.0,3.0,1,0.0,,,0,0.0,3.335,69.2,13.84,E_CONSISTENT_MID
TSCO,10,384,2025-05-13,2026-06-01,0,0,0,0.0,0,0,41.11,2.06,3.0,,,,1.8,BEARISH,15,0.414,3.0,3.0,1,0.0,,,0,0.0,13.293,69.2,13.84,E_CONSISTENT_MID
VRNS,10,384,2025-05-13,2026-06-01,0,0,0,0.0,0,0,40.02,2.49,3.0,,,,1.93,NEUTRAL,15,0.884,3.0,3.0,1,0.0,,,0,0.0,3.972,69.2,13.84,E_CONSISTENT_MID
WHR,10,384,2025-05-13,2026-06-01,0,0,0,0.0,0,0,88.17,1.4775,1.6875,,,,1.47,VERY_BEARISH,15,0.516,1.0,1.0,1,0.0,,,0,0.0,11.192,69.2,13.84,E_CONSISTENT_MID
ATO,10,384,2025-05-13,2026-06-01,0,0,0,0.0,0,0,35.89,2.5525,3.3125,,,,3.36,NEUTRAL,21,0.582,4.0,4.0,1,0.0,,,0,0.0,10.248,69.1,13.82,E_CONSISTENT_MID
CATY,10,384,2025-05-13,2026-06-01,0,0,0,0.0,0,0,37.51,3.0068,3.2222,,,,4.04,BULLISH,32,0.443,4.0,4.0,1,0.0,3.0,3.0,1,0.0,12.927,69.1,13.82,E_CONSISTENT_MID
DWTX,10,384,2025-05-13,2026-06-01,0,0,0,0.0,0,0,54.1,1.2,3.0,,,,,,0,0.0,,,0,0.0,,,0,0.0,21.783,69.1,13.82,E_CONSISTENT_MID
HTFL,5,12,2026-05-20,2026-06-01,0,0,0,0.0,0,0,77.26,1.845,2.3125,,,,1.5,BEARISH,2,0.707,3.0,3.0,1,0.0,,,0,0.0,7.591,69.1,13.82,E_CONSISTENT_MID
HUT,5,12,2026-05-20,2026-06-01,0,0,0,0.0,0,0,77.15,1.845,2.3125,,,,1.5,BEARISH,2,0.707,3.0,3.0,1,0.0,,,0,0.0,7.596,69.1,13.82,E_CONSISTENT_MID
IBTA,5,12,2026-05-20,2026-06-01,0,0,0,0.0,0,0,77.03,1.845,2.3125,,,,1.5,BEARISH,2,0.707,3.0,3.0,1,0.0,,,0,0.0,7.587,69.1,13.82,E_CONSISTENT_MID
MORN,10,384,2025-05-13,2026-06-01,0,0,0,0.0,0,0,19.22,2.9935,3.6923,,,,4,BULLISH,20,0.459,,,0,0.0,2.0,2.0,2,0.0,12.595,69.1,13.82,E_CONSISTENT_MID
OIS,10,384,2025-05-13,2026-06-01,0,0,0,0.0,0,0,38.67,3.0088,3.0556,,,,4.08,NEUTRAL,21,0.549,3.0,3.0,1,0.0,4.0,4.0,1,0.0,10.805,69.1,13.82,E_CONSISTENT_MID
PSTL,10,384,2025-05-13,2026-06-01,0,0,0,0.0,0,0,44.78,2.49,3.0,,,,3.85,NEUTRAL,28,0.95,3.0,3.0,1,0.0,,,0,0.0,2.887,69.1,13.82,E_CONSISTENT_MID
SBCF,10,384,2025-05-13,2026-06-01,0,0,0,0.0,0,0,72.78,1.8225,2.3125,,,,1.83,BEARISH,17,0.974,3.0,3.0,1,0.0,,,0,0.0,2.226,69.1,13.82,E_CONSISTENT_MID
SCSC,10,384,2025-05-13,2026-06-01,0,0,0,0.0,0,0,31.4,2.8113,3.3333,,,,3.42,VERY_BULLISH,20,0.624,2.0,2.0,2,0.0,3.0,3.0,3,0.0,9.357,69.1,13.82,E_CONSISTENT_MID
AAP,10,384,2025-05-13,2026-06-01,0,0,0,0.0,0,0,60.48,2.27,3.0,,,,2.87,NEUTRAL,15,0.516,3.0,3.0,1,0.0,,,0,0.0,11.769,69.0,13.8,E_CONSISTENT_MID
BILI,7,373,2025-05-13,2026-05-21,0,0,0,0.0,0,0,58.46,2.2714,2.4,,,,3.92,NEUTRAL,18,1.089,,,0,0.0,,,0,0.0,0.273,69.0,13.8,E_CONSISTENT_MID
CAI,10,384,2025-05-13,2026-06-01,0,0,0,0.0,0,0,56.69,2.06,3.0,,,,2.53,BEARISH,15,0.516,3.0,3.0,1,0.0,,,0,0.0,11.78,69.0,13.8,E_CONSISTENT_MID
DBRG,10,384,2025-05-13,2026-06-01,0,0,0,0.0,0,0,79.7,2.2525,2.3125,,,,2.27,NEUTRAL,15,0.458,3.0,3.0,1,0.0,,,0,0.0,12.894,69.0,13.8,E_CONSISTENT_MID
EQNR,10,384,2025-05-13,2026-06-01,0,0,0,0.0,0,0,53.56,1.2,3.0,,,,,,0,0.0,3.0,3.0,1,0.0,,,0,0.0,22.001,69.0,13.8,E_CONSISTENT_MID
ESNT,10,384,2025-05-13,2026-06-01,0,0,0,0.0,0,0,26.37,3.1403,3.5556,,,,4.29,BULLISH,32,0.435,3.0,3.0,2,0.0,2.33,3.0,3,0.577,1.819,69.0,13.8,E_CONSISTENT_MID
IRM,10,384,2025-05-13,2026-06-01,0,0,0,0.0,0,0,17.09,2.8648,3.7778,,,,3.2,BULLISH,15,0.414,4.0,4.0,2,0.0,2.0,2.0,3,0.0,13.633,69.0,13.8,E_CONSISTENT_MID
LEVI,10,384,2025-05-13,2026-06-01,0,0,0,0.0,0,0,34.03,2.5525,3.3125,,,,3.66,VERY_BULLISH,20,0.863,4.0,4.0,1,0.0,,,0,0.0,4.738,69.0,13.8,E_CONSISTENT_MID
LHX,10,384,2025-05-13,2026-06-01,0,0,0,0.0,0,0,76.18,1.8225,2.3125,,,,3.25,BEARISH,27,1.022,3.0,3.0,1,0.0,,,0,0.0,1.644,69.0,13.8,E_CONSISTENT_MID
LNT,10,384,2025-05-13,2026-06-01,0,0,0,0.0,0,0,49.27,2.27,3.0,,,,2.8,NEUTRAL,15,0.414,3.0,3.0,1,0.0,,,0,0.0,13.772,69.0,13.8,E_CONSISTENT_MID
LVS,10,384,2025-05-13,2026-06-01,0,0,0,0.0,0,0,48.96,2.06,3.0,,,,2.67,BEARISH,15,0.488,3.0,3.0,1,0.0,,,0,0.0,12.211,69.0,13.8,E_CONSISTENT_MID
OKLO,5,12,2026-05-20,2026-06-01,0,0,0,0.0,0,0,74.09,1.845,2.3125,,,,1.5,BEARISH,2,0.707,3.0,3.0,1,0.0,,,0,0.0,7.874,69.0,13.8,E_CONSISTENT_MID
OPLN,10,384,2025-05-13,2026-06-01,0,0,0,0.0,0,0,27.96,3.1292,3.5,,,,3.38,BULLISH,16,0.806,3.0,3.0,2,0.0,2.0,2.0,3,0.0,5.907,69.0,13.8,E_CONSISTENT_MID
PNRG,10,384,2025-05-13,2026-06-01,0,0,0,0.0,0,0,45.05,2.49,3.0,,,,4.02,NEUTRAL,19,0.963,,,0,0.0,,,0,0.0,2.756,69.0,13.8,E_CONSISTENT_MID
RAPP,5,12,2026-05-20,2026-06-01,0,0,0,0.0,0,0,73.43,1.845,2.3125,,,,1.5,BEARISH,2,0.707,3.0,3.0,1,0.0,,,0,0.0,7.784,69.0,13.8,E_CONSISTENT_MID
RLAY,5,12,2026-05-20,2026-06-01,0,0,0,0.0,0,0,73.2,1.845,2.3125,,,,1.5,BEARISH,2,0.707,3.0,3.0,1,0.0,,,0,0.0,7.773,69.0,13.8,E_CONSISTENT_MID
SRTA,5,12,2026-05-20,2026-06-01,0,0,0,0.0,0,0,72.24,1.845,2.3125,,,,1.5,BEARISH,2,0.707,3.0,3.0,1,0.0,,,0,0.0,7.808,69.0,13.8,E_CONSISTENT_MID
AEM,10,384,2025-05-13,2026-06-01,0,0,0,0.0,0,0,83.22,1.8225,2.3125,,,,3.74,BEARISH,30,1.033,3.0,3.0,1,0.0,,,0,0.0,1.596,68.9,13.78,E_CONSISTENT_MID
ALRS,10,384,2025-05-13,2026-06-01,0,0,0,0.0,0,0,36.12,2.5525,3.3125,,,,3.36,NEUTRAL,21,0.569,4.0,4.0,1,0.0,,,0,0.0,10.823,68.9,13.78,E_CONSISTENT_MID
BOOT,10,384,2025-05-13,2026-06-01,0,0,0,0.0,0,0,57.23,2.49,3.0,,,,1.94,BEARISH,17,1.088,3.0,3.0,1,0.0,,,0,0.0,0.512,68.9,13.78,E_CONSISTENT_MID
BRK/B,10,384,2025-05-13,2026-06-01,0,0,0,0.0,0,0,57.12,2.06,3.0,,,,1.87,NEUTRAL,15,0.516,,,0,0.0,,,0,0.0,11.833,68.9,13.78,E_CONSISTENT_MID
CBSH,10,384,2025-05-13,2026-06-01,0,0,0,0.0,0,0,56.5,2.27,3.0,,,,2.67,NEUTRAL,15,0.488,3.0,3.0,1,0.0,,,0,0.0,12.474,68.9,13.78,E_CONSISTENT_MID
CODI,10,384,2025-05-13,2026-06-01,0,0,0,0.0,0,0,55.72,2.28,3.0,,,,2.4,BEARISH,15,0.507,3.0,3.0,1,0.0,,,0,0.0,12.038,68.9,13.78,E_CONSISTENT_MID
CRSR,10,384,2025-05-13,2026-06-01,0,0,0,0.0,0,0,37.97,2.9779,3.1667,,,,4.12,NEUTRAL,24,0.448,4.0,4.0,1,0.0,2.0,2.0,1,0.0,13.243,68.9,13.78,E_CONSISTENT_MID
CRVS,10,384,2025-05-13,2026-06-01,0,0,0,0.0,0,0,36.93,2.6456,3.2778,,,,3.18,BULLISH,17,0.393,2.0,2.0,2,0.0,3.0,3.0,2,0.0,14.25,68.9,13.78,E_CONSISTENT_MID
DB,7,373,2025-05-13,2026-05-21,0,0,0,0.0,0,0,53.57,2.2714,2.4,,,,3.13,NEUTRAL,19,1.084,,,0,0.0,,,0,0.0,0.501,68.9,13.78,E_CONSISTENT_MID
HALO,10,384,2025-05-13,2026-06-01,0,0,0,0.0,0,0,20.84,3.1744,3.6667,,,,3.97,BULLISH,30,0.374,3.0,3.0,3,0.0,3.67,4.0,3,0.577,3.126,68.9,13.78,E_CONSISTENT_MID
HMN,10,384,2025-05-13,2026-06-01,0,0,0,0.0,0,0,64.89,2.4275,2.6875,,,,4.18,NEUTRAL,23,0.765,2.0,2.0,1,0.0,,,0,0.0,6.911,68.9,13.78,E_CONSISTENT_MID
INSG,10,384,2025-05-13,2026-06-01,0,0,0,0.0,0,0,76.76,2.1425,2.3125,,,,2.87,BEARISH,15,0.352,3.0,3.0,1,0.0,,,0,0.0,15.139,68.9,13.78,E_CONSISTENT_MID
LNN,10,384,2025-05-13,2026-06-01,0,0,0,0.0,0,0,88.82,1.6975,1.6875,,,,2.52,BEARISH,21,0.78,1.0,1.0,1,0.0,,,0,0.0,6.524,68.9,13.78,E_CONSISTENT_MID
MEC,10,384,2025-05-13,2026-06-01,0,0,0,0.0,0,0,75.48,1.8225,2.3125,,,,2.22,BEARISH,18,1.03,3.0,3.0,1,0.0,,,0,0.0,1.656,68.9,13.78,E_CONSISTENT_MID
MYO,10,384,2025-05-13,2026-06-01,0,0,0,0.0,0,0,67.32,2.205,2.625,,,,2.87,BEARISH,15,0.352,4.0,4.0,1,0.0,,,0,0.0,15.114,68.9,13.78,E_CONSISTENT_MID
NTLA,10,384,2025-05-13,2026-06-01,0,0,0,0.0,0,0,46.95,2.06,3.0,,,,2.59,NEUTRAL,16,0.493,3.0,3.0,1,0.0,,,0,0.0,12.342,68.9,13.78,E_CONSISTENT_MID
PRLB,10,384,2025-05-13,2026-06-01,0,0,0,0.0,0,0,10.4,2.8122,4.1111,,,,3.26,BULLISH,20,0.44,5.0,5.0,2,0.0,3.0,3.0,2,0.0,13.426,68.9,13.78,E_CONSISTENT_MID
RCI,10,384,2025-05-13,2026-06-01,0,0,0,0.0,0,0,73.4,1.8225,2.3125,,,,2.91,BEARISH,19,1.009,3.0,3.0,1,0.0,,,0,0.0,2.113,68.9,13.78,E_CONSISTENT_MID
TASK,5,12,2026-05-20,2026-06-01,0,0,0,0.0,0,0,71.85,1.845,2.3125,,,,1.5,BEARISH,2,0.707,3.0,3.0,1,0.0,,,0,0.0,7.964,68.9,13.78,E_CONSISTENT_MID
TOI,5,12,2026-05-20,2026-06-01,0,0,0,0.0,0,0,71.42,1.845,2.3125,,,,1.5,BEARISH,2,0.707,3.0,3.0,1,0.0,,,0,0.0,8.084,68.9,13.78,E_CONSISTENT_MID
TSHA,5,12,2026-05-20,2026-06-01,0,0,0,0.0,0,0,71.31,1.845,2.3125,,,,1.5,BEARISH,2,0.707,3.0,3.0,1,0.0,,,0,0.0,8.087,68.9,13.78,E_CONSISTENT_MID
TYL,10,384,2025-05-13,2026-06-01,0,0,0,0.0,0,0,71.04,2.0325,2.3125,,,,2.07,BEARISH,15,0.258,3.0,3.0,1,0.0,,,0,0.0,17.121,68.9,13.78,E_CONSISTENT_MID
UUUU,5,12,2026-05-20,2026-06-01,0,0,0,0.0,0,0,83.87,1.72,2.0,,,,1.69,BEARISH,13,0.751,2.0,2.0,1,0.0,,,0,0.0,7.1,68.9,13.78,E_CONSISTENT_MID
WEC,10,384,2025-05-13,2026-06-01,0,0,0,0.0,0,0,63.03,2.4275,2.6875,,,,3.15,NEUTRAL,17,0.415,2.0,2.0,1,0.0,,,0,0.0,13.85,68.9,13.78,E_CONSISTENT_MID
WMK,5,12,2026-05-20,2026-06-01,0,0,0,0.0,0,0,15.2,3.6431,3.8462,,,,4.18,VERY_BULLISH,22,0.411,,,0,0.0,3.33,3.0,3,0.577,2.463,68.9,13.78,E_CONSISTENT_MID
BKSY,5,12,2026-05-20,2026-06-01,0,0,0,0.0,0,0,94.32,1.59,1.625,,,,1.5,VERY_BEARISH,2,0.707,3.0,3.0,1,0.0,,,0,0.0,8.193,68.8,13.76,E_CONSISTENT_MID
CHRS,10,384,2025-05-13,2026-06-01,0,0,0,0.0,0,0,56.15,2.81,3.0,,,,3.89,NEUTRAL,18,0.323,3.0,3.0,1,0.0,,,0,0.0,15.991,68.8,13.76,E_CONSISTENT_MID
CVLG,10,384,2025-05-13,2026-06-01,0,0,0,0.0,0,0,28.65,3.1469,3.5,,,,3.2,NEUTRAL,15,0.414,3.0,3.0,2,0.0,2.67,2.0,3,0.577,2.538,68.8,13.76,E_CONSISTENT_MID
FNKO,7,373,2025-05-13,2026-05-21,0,0,0,0.0,0,0,76.23,2.1143,1.85,,,,3,BEARISH,17,0.5,,,0,0.0,,,0,0.0,12.315,68.8,13.76,E_CONSISTENT_MID
GCMG,5,12,2026-05-20,2026-06-01,0,0,0,0.0,0,0,65.08,2.635,2.6875,,,,3.5,BULLISH,2,0.707,2.0,2.0,1,0.0,,,0,0.0,8.227,68.8,13.76,E_CONSISTENT_MID
GEO,10,384,2025-05-13,2026-06-01,0,0,0,0.0,0,0,52.17,2.28,3.0,,,,2.33,NEUTRAL,15,0.488,3.0,3.0,1,0.0,,,0,0.0,12.66,68.8,13.76,E_CONSISTENT_MID
GPRO,10,384,2025-05-13,2026-06-01,0,0,0,0.0,0,0,51.82,2.06,3.0,,,,2.57,NEUTRAL,16,0.521,3.0,3.0,1,0.0,,,0,0.0,11.996,68.8,13.76,E_CONSISTENT_MID
GSK,10,384,2025-05-13,2026-06-01,0,0,0,0.0,0,0,20.92,3.1979,3.6667,,,,4.68,BULLISH,33,0.456,3.0,3.0,2,0.0,3.33,4.0,3,0.577,1.837,68.8,13.76,E_CONSISTENT_MID
MLR,10,384,2025-05-13,2026-06-01,0,0,0,0.0,0,0,69.1,2.365,2.375,,,,2.86,BEARISH,17,0.566,1.0,1.0,1,0.0,,,0,0.0,10.988,68.8,13.76,E_CONSISTENT_MID
RCL,10,384,2025-05-13,2026-06-01,0,0,0,0.0,0,0,84.61,1.54,2.0,,,,1.93,VERY_BEARISH,16,0.68,2.0,2.0,1,0.0,,,0,0.0,8.898,68.8,13.76,E_CONSISTENT_MID
SG,10,384,2025-05-13,2026-06-01,0,0,0,0.0,0,0,43.23,2.49,3.0,,,,2.07,NEUTRAL,15,0.961,3.0,3.0,1,0.0,,,0,0.0,3.272,68.8,13.76,E_CONSISTENT_MID
UPB,5,12,2026-05-20,2026-06-01,0,0,0,0.0,0,0,70.92,1.845,2.3125,,,,1.5,BEARISH,2,0.707,3.0,3.0,1,0.0,,,0,0.0,8.28,68.8,13.76,E_CONSISTENT_MID
CASS,10,384,2025-05-13,2026-06-01,0,0,0,0.0,0,0,35.61,2.5525,3.3125,,,,3.93,NEUTRAL,27,0.675,4.0,4.0,1,0.0,,,0,0.0,9.131,68.7,13.74,E_CONSISTENT_MID
CTMX,10,384,2025-05-13,2026-06-01,0,0,0,0.0,0,0,80.05,2.2525,2.3125,,,,2.33,NEUTRAL,15,0.488,3.0,3.0,1,0.0,,,0,0.0,12.742,68.7,13.74,E_CONSISTENT_MID
FIS,10,384,2025-05-13,2026-06-01,0,0,0,0.0,0,0,62.65,2.47,2.8333,,,,2.69,NEUTRAL,16,0.479,3.0,3.0,1,0.0,2.0,2.0,1,0.0,13.045,68.7,13.74,E_CONSISTENT_MID
GDEV,10,384,2025-05-13,2026-06-01,0,0,0,0.0,0,0,52.32,1.2,3.0,,,,2.78,NEUTRAL,2,0.0,3.0,3.0,1,0.0,,,0,0.0,22.572,68.7,13.74,E_CONSISTENT_MID
GFL,10,384,2025-05-13,2026-06-01,0,0,0,0.0,0,0,52.13,1.2,3.0,,,,16.64,VERY_BULLISH,2,0.0,3.0,3.0,1,0.0,,,0,0.0,22.646,68.7,13.74,E_CONSISTENT_MID
GLPEY,10,384,2025-05-13,2026-06-01,0,0,0,0.0,0,0,52.01,1.2,3.0,,,,,,0,0.0,3.0,3.0,1,0.0,,,0,0.0,22.662,68.7,13.74,E_CONSISTENT_MID
LIN,10,384,2025-05-13,2026-06-01,0,0,0,0.0,0,0,76.1,2.2525,2.3125,,,,3,BEARISH,16,0.365,3.0,3.0,1,0.0,,,0,0.0,15.289,68.7,13.74,E_CONSISTENT_MID
MTRX,10,384,2025-05-13,2026-06-01,0,0,0,0.0,0,0,38.71,3.0088,3.0556,,,,3.33,NEUTRAL,19,0.605,3.0,3.0,1,0.0,4.0,4.0,1,0.0,10.424,68.7,13.74,E_CONSISTENT_MID
OSBC,10,384,2025-05-13,2026-06-01,0,0,0,0.0,0,0,64.08,2.4275,2.6875,,,,3.45,NEUTRAL,19,0.621,2.0,2.0,1,0.0,,,0,0.0,10.143,68.7,13.74,E_CONSISTENT_MID
OSG,10,384,2025-05-13,2026-06-01,0,0,0,0.0,0,0,22.04,2.56,3.625,,,,2.73,NEUTRAL,15,0.458,5.0,5.0,1,0.0,,,0,0.0,13.359,68.7,13.74,E_CONSISTENT_MID
PACK,10,384,2025-05-13,2026-06-01,0,0,0,0.0,0,0,33.22,2.5525,3.3125,,,,1.87,VERY_BEARISH,15,0.99,4.0,4.0,1,0.0,,,0,0.0,2.811,68.7,13.74,E_CONSISTENT_MID
PDFS,10,384,2025-05-13,2026-06-01,0,0,0,0.0,0,0,67.05,1.775,2.625,,,,2.4,VERY_BEARISH,15,0.737,4.0,4.0,1,0.0,,,0,0.0,7.898,68.7,13.74,E_CONSISTENT_MID
PNFP,10,384,2025-05-13,2026-06-01,0,0,0,0.0,0,0,45.09,2.06,3.0,,,,2.33,BEARISH,15,0.488,3.0,3.0,1,0.0,,,0,0.0,12.84,68.7,13.74,E_CONSISTENT_MID
RKLB,5,12,2026-05-20,2026-06-01,0,0,0,0.0,0,0,84.57,1.94,2.0,,,,1.5,VERY_BEARISH,2,0.707,2.0,2.0,1,0.0,,,0,0.0,8.375,68.7,13.74,E_CONSISTENT_MID
TKO,10,384,2025-05-13,2026-06-01,0,0,0,0.0,0,0,41.57,2.49,3.0,,,,2.2,NEUTRAL,15,0.941,3.0,3.0,1,0.0,,,0,0.0,3.735,68.7,13.74,E_CONSISTENT_MID
WD,5,12,2026-05-20,2026-06-01,0,0,0,0.0,0,0,97.68,1.12,1.0,,,,1.21,VERY_BEARISH,14,0.802,,,0,0.0,,,0,0.0,6.54,68.7,13.74,E_CONSISTENT_MID
WULF,5,12,2026-05-20,2026-06-01,0,0,0,0.0,0,0,69.84,1.845,2.3125,,,,1.5,BEARISH,2,0.707,3.0,3.0,1,0.0,,,0,0.0,8.499,68.7,13.74,E_CONSISTENT_MID
WYFI,5,12,2026-05-20,2026-06-01,0,0,0,0.0,0,0,69.72,1.845,2.3125,,,,1.5,BEARISH,2,0.707,3.0,3.0,1,0.0,,,0,0.0,8.543,68.7,13.74,E_CONSISTENT_MID
ACLS,10,384,2025-05-13,2026-06-01,0,0,0,0.0,0,0,83.45,2.1425,2.3125,,,,2.86,BEARISH,17,0.562,3.0,3.0,1,0.0,,,0,0.0,11.493,68.6,13.72,E_CONSISTENT_MID
AN,10,384,2025-05-13,2026-06-01,0,0,0,0.0,0,0,59.2,2.38,3.0,,,,3.13,BEARISH,18,0.676,3.0,3.0,1,0.0,,,0,0.0,9.203,68.6,13.72,E_CONSISTENT_MID
CBZ,10,384,2025-05-13,2026-06-01,0,0,0,0.0,0,0,56.46,2.27,3.0,,,,2.53,BEARISH,15,0.516,3.0,3.0,1,0.0,,,0,0.0,12.456,68.6,13.72,E_CONSISTENT_MID
CGON,5,12,2026-05-20,2026-06-01,0,0,0,0.0,0,0,94.08,1.59,1.625,,,,1.5,VERY_BEARISH,2,0.707,3.0,3.0,1,0.0,,,0,0.0,8.732,68.6,13.72,E_CONSISTENT_MID
CHDN,10,384,2025-05-13,2026-06-01,0,0,0,0.0,0,0,35.46,2.8725,3.3125,,,,3.25,NEUTRAL,16,0.447,4.0,4.0,1,0.0,,,0,0.0,13.915,68.6,13.72,E_CONSISTENT_MID
CRON,7,373,2025-05-13,2026-05-21,0,0,0,0.0,0,0,94.11,1.0429,1.3,,,,2.6,VERY_BEARISH,15,1.121,,,0,0.0,,,0,0.0,0.354,68.6,13.72,E_CONSISTENT_MID
DGX,10,384,2025-05-13,2026-06-01,0,0,0,0.0,0,0,35.19,2.5525,3.3125,,,,2.93,NEUTRAL,21,0.746,4.0,4.0,1,0.0,,,0,0.0,7.907,68.6,13.72,E_CONSISTENT_MID
ETR,10,384,2025-05-13,2026-06-01,0,0,0,0.0,0,0,53.33,2.27,3.0,,,,2.7,NEUTRAL,16,0.495,3.0,3.0,1,0.0,,,0,0.0,12.923,68.6,13.72,E_CONSISTENT_MID
EVRG,10,384,2025-05-13,2026-06-01,0,0,0,0.0,0,0,78.81,2.2525,2.3125,,,,3.27,NEUTRAL,19,0.472,3.0,3.0,1,0.0,,,0,0.0,13.456,68.6,13.72,E_CONSISTENT_MID
FMBH,10,384,2025-05-13,2026-06-01,0,0,0,0.0,0,0,34.88,2.5525,3.3125,,,,2.67,NEUTRAL,19,0.803,4.0,4.0,1,0.0,,,0,0.0,6.828,68.6,13.72,E_CONSISTENT_MID
GRCE,10,384,2025-05-13,2026-06-01,0,0,0,0.0,0,0,51.78,1.2,3.0,,,,,,0,0.0,,,0,0.0,,,0,0.0,22.753,68.6,13.72,E_CONSISTENT_MID
KAI,10,384,2025-05-13,2026-06-01,0,0,0,0.0,0,0,50.08,2.66,3.0,,,,3.11,NEUTRAL,16,0.475,3.0,3.0,1,0.0,3.0,3.0,1,0.0,13.335,68.6,13.72,E_CONSISTENT_MID
NCLH,10,384,2025-05-13,2026-06-01,0,0,0,0.0,0,0,98.38,1.03,1.0,,,,1.91,VERY_BEARISH,16,0.949,1.0,1.0,1,0.0,,,0,0.0,3.775,68.6,13.72,E_CONSISTENT_MID
TSLA,10,384,2025-05-13,2026-06-01,0,0,0,0.0,0,0,94.93,1.54,1.3333,,,,1.28,BEARISH,17,0.487,2.0,2.0,1,0.0,2.0,2.0,1,0.0,13.045,68.6,13.72,E_CONSISTENT_MID
XOMA,10,384,2025-05-13,2026-06-01,0,0,0,0.0,0,0,89.56,1.585,1.625,,,,2.13,VERY_BEARISH,15,0.516,3.0,3.0,1,0.0,,,0,0.0,12.441,68.6,13.72,E_CONSISTENT_MID
ZBIO,5,12,2026-05-20,2026-06-01,0,0,0,0.0,0,0,69.61,1.845,2.3125,,,,1.5,BEARISH,2,0.707,3.0,3.0,1,0.0,,,0,0.0,8.585,68.6,13.72,E_CONSISTENT_MID
ASC,7,373,2025-05-13,2026-05-21,0,0,0,0.0,0,0,96.36,1.0429,1.3,,,,3.0,VERY_BEARISH,18,1.119,,,0,0.0,,,0,0.0,0.544,68.5,13.7,E_CONSISTENT_MID
ATR,10,384,2025-05-13,2026-06-01,0,0,0,0.0,0,0,58.47,2.49,3.0,,,,2.16,BEARISH,17,1.109,3.0,3.0,1,0.0,,,0,0.0,0.746,68.5,13.7,E_CONSISTENT_MID
BLK,10,384,2025-05-13,2026-06-01,0,0,0,0.0,0,0,81.67,1.5025,2.3125,,,,1.81,NEUTRAL,16,0.822,3.0,3.0,1,0.0,,,0,0.0,6.629,68.5,13.7,E_CONSISTENT_MID
CUZ,10,384,2025-05-13,2026-06-01,0,0,0,0.0,0,0,28.69,3.1469,3.5,,,,4.11,NEUTRAL,20,0.447,3.0,3.0,2,0.0,2.67,2.0,3,0.577,2.536,68.5,13.7,E_CONSISTENT_MID
ECVT,10,384,2025-05-13,2026-06-01,0,0,0,0.0,0,0,37.47,3.0068,3.2222,,,,3.73,BULLISH,15,0.458,4.0,4.0,1,0.0,3.0,3.0,1,0.0,13.85,68.5,13.7,E_CONSISTENT_MID
HAE,10,384,2025-05-13,2026-06-01,0,0,0,0.0,0,0,77.49,2.2525,2.3125,,,,3.94,NEUTRAL,34,0.449,3.0,3.0,1,0.0,,,0,0.0,14.086,68.5,13.7,E_CONSISTENT_MID
IART,10,384,2025-05-13,2026-06-01,0,0,0,0.0,0,0,34.45,2.1225,3.3125,,,,2.09,NEUTRAL,16,0.261,4.0,4.0,1,0.0,,,0,0.0,17.787,68.5,13.7,E_CONSISTENT_MID
MLKN,10,384,2025-05-13,2026-06-01,0,0,0,0.0,0,0,98.49,1.03,1.0,,,,1.4,BEARISH,17,0.966,1.0,1.0,1,0.0,,,0,0.0,3.657,68.5,13.7,E_CONSISTENT_MID
OTIS,10,384,2025-05-13,2026-06-01,0,0,0,0.0,0,0,84.96,1.76,2.0,,,,2.65,BEARISH,22,0.842,2.0,2.0,1,0.0,,,0,0.0,6.145,68.5,13.7,E_CONSISTENT_MID
PDLB,10,384,2025-05-13,2026-06-01,0,0,0,0.0,0,0,21.96,2.615,3.625,,,,4.36,VERY_BULLISH,28,0.78,5.0,5.0,1,0.0,,,0,0.0,7.358,68.5,13.7,E_CONSISTENT_MID
RPAY,7,373,2025-05-13,2026-05-21,0,0,0,0.0,0,0,35.97,1.8143,2.4,,,,2.13,NEUTRAL,15,0.352,,,0,0.0,,,0,0.0,15.968,68.5,13.7,E_CONSISTENT_MID
ULS,10,384,2025-05-13,2026-06-01,0,0,0,0.0,0,0,32.17,2.5525,3.3125,,,,3.53,BULLISH,15,1.119,4.0,4.0,1,0.0,,,0,0.0,0.662,68.5,13.7,E_CONSISTENT_MID
WABC,5,12,2026-05-20,2026-06-01,0,0,0,0.0,0,0,83.8,1.94,2.0,,,,2.91,BEARISH,16,0.634,,,0,0.0,,,0,0.0,10.331,68.5,13.7,E_CONSISTENT_MID
ALV,10,384,2025-05-13,2026-06-01,0,0,0,0.0,0,0,59.59,2.49,3.0,,,,3.7,BULLISH,25,1.116,3.0,3.0,1,0.0,,,0,0.0,0.957,68.4,13.68,E_CONSISTENT_MID
CBRL,10,384,2025-05-13,2026-06-01,0,0,0,0.0,0,0,94.2,1.475,1.625,,,,1.97,BEARISH,17,0.798,3.0,3.0,1,0.0,,,0,0.0,7.239,68.4,13.68,E_CONSISTENT_MID
CIA,7,373,2025-05-13,2026-05-21,0,0,0,0.0,0,0,79.51,1.9571,1.85,,,,2.57,BEARISH,14,0.514,,,0,0.0,,,0,0.0,12.936,68.4,13.68,E_CONSISTENT_MID
CL,10,384,2025-05-13,2026-06-01,0,0,0,0.0,0,0,65.51,2.2175,2.6875,,,,2.73,BULLISH,15,0.594,2.0,2.0,1,0.0,,,0,0.0,11.247,68.4,13.68,E_CONSISTENT_MID
CUBE,10,384,2025-05-13,2026-06-01,0,0,0,0.0,0,0,55.22,2.81,3.0,,,,3.87,BULLISH,15,0.352,3.0,3.0,1,0.0,,,0,0.0,16.103,68.4,13.68,E_CONSISTENT_MID
CXT,10,384,2025-05-13,2026-06-01,0,0,0,0.0,0,0,54.83,2.17,3.0,,,,2.33,NEUTRAL,15,0.488,3.0,3.0,1,0.0,,,0,0.0,13.402,68.4,13.68,E_CONSISTENT_MID
QRVO,10,384,2025-05-13,2026-06-01,0,0,0,0.0,0,0,12.1,3.2646,4.0,,,,4.12,BULLISH,23,0.492,4.0,4.0,2,0.0,3.67,4.0,3,0.577,1.853,68.4,13.68,E_CONSISTENT_MID
RXO,10,384,2025-05-13,2026-06-01,0,0,0,0.0,0,0,43.77,2.06,3.0,,,,1.47,BEARISH,15,0.516,3.0,3.0,1,0.0,,,0,0.0,12.919,68.4,13.68,E_CONSISTENT_MID
TOL,10,384,2025-05-13,2026-06-01,0,0,0,0.0,0,0,41.42,2.49,3.0,,,,2.39,BEARISH,18,0.975,3.0,3.0,1,0.0,,,0,0.0,3.773,68.4,13.68,E_CONSISTENT_MID
VECO,10,384,2025-05-13,2026-06-01,0,0,0,0.0,0,0,61.33,1.7275,2.9375,,,,1.93,BEARISH,15,0.594,5.0,5.0,1,0.0,,,0,0.0,11.381,68.4,13.68,E_CONSISTENT_MID
ESPR,10,384,2025-05-13,2026-06-01,0,0,0,0.0,0,0,86.47,1.705,2.0,,,,2.73,BEARISH,15,0.594,2.0,2.0,1,0.0,,,0,0.0,11.537,68.3,13.66,E_CONSISTENT_MID
ETD,10,384,2025-05-13,2026-06-01,0,0,0,0.0,0,0,89.13,1.8075,1.6875,,,,2.02,BEARISH,16,0.521,1.0,1.0,1,0.0,,,0,0.0,12.988,68.3,13.66,E_CONSISTENT_MID
IIIN,10,384,2025-05-13,2026-06-01,0,0,0,0.0,0,0,89.02,1.6975,1.6875,,,,3.43,BEARISH,24,0.877,1.0,1.0,1,0.0,,,0,0.0,5.871,68.3,13.66,E_CONSISTENT_MID
MBUU,10,384,2025-05-13,2026-06-01,0,0,0,0.0,0,0,48.69,2.38,3.0,,,,3.33,NEUTRAL,18,0.594,3.0,3.0,1,0.0,,,0,0.0,11.43,68.3,13.66,E_CONSISTENT_MID
MCW,5,367,2025-05-13,2026-05-15,0,0,0,0.0,0,0,43.4,1.8,2.4,,,,2.85,NEUTRAL,13,0.376,,,0,0.0,,,0,0.0,15.938,68.3,13.66,E_CONSISTENT_MID
NMRK,10,384,2025-05-13,2026-06-01,0,0,0,0.0,0,0,14.46,2.7678,3.8889,,,,3.08,BEARISH,17,0.479,4.0,4.0,2,0.0,3.0,3.0,2,0.0,13.743,68.3,13.66,E_CONSISTENT_MID
PCG,10,384,2025-05-13,2026-06-01,0,0,0,0.0,0,0,36.77,3.0356,3.2778,,,,4.19,NEUTRAL,27,0.601,4.0,4.0,1,0.0,3.0,3.0,1,0.0,11.434,68.3,13.66,E_CONSISTENT_MID
SYK,10,384,2025-05-13,2026-06-01,0,0,0,0.0,0,0,71.93,2.2525,2.3125,,,,2.93,BEARISH,15,0.258,3.0,3.0,1,0.0,,,0,0.0,18.265,68.3,13.66,E_CONSISTENT_MID
TPB,10,384,2025-05-13,2026-06-01,0,0,0,0.0,0,0,95.2,1.5225,1.3125,,,,2.12,BEARISH,16,0.5,2.0,2.0,1,0.0,,,0,0.0,13.495,68.3,13.66,E_CONSISTENT_MID
BFC,10,384,2025-05-13,2026-06-01,0,0,0,0.0,0,0,99.81,1.03,1.0,,,,2.16,VERY_BEARISH,19,1.068,1.0,1.0,1,0.0,,,0,0.0,2.169,68.2,13.64,E_CONSISTENT_MID
CABO,10,384,2025-05-13,2026-06-01,0,0,0,0.0,0,0,56.77,3.0469,3.0,,,,3.52,NEUTRAL,20,0.501,1.0,1.0,2,0.0,3.0,3.0,3,0.0,13.498,68.2,13.64,E_CONSISTENT_MID
CCI,10,384,2025-05-13,2026-06-01,0,0,0,0.0,0,0,56.42,2.17,3.0,,,,2.53,BEARISH,15,0.516,3.0,3.0,1,0.0,,,0,0.0,13.184,68.2,13.64,E_CONSISTENT_MID
LBRDK,10,384,2025-05-13,2026-06-01,0,0,0,0.0,0,0,85.31,2.19,2.0,,,,2.93,BEARISH,14,0.267,,,0,0.0,,,0,0.0,18.249,68.2,13.64,E_CONSISTENT_MID
LNG,7,18,2026-05-14,2026-06-01,0,0,0,0.0,0,0,18.1,3.2525,3.7222,,,,3.7,NEUTRAL,25,0.453,3.0,3.0,2,0.0,4.0,4.0,3,0.0,14.64,68.2,13.64,E_CONSISTENT_MID
OGE,10,384,2025-05-13,2026-06-01,0,0,0,0.0,0,0,46.6,2.06,3.0,,,,2.93,NEUTRAL,19,0.563,3.0,3.0,1,0.0,,,0,0.0,12.418,68.2,13.64,E_CONSISTENT_MID
PLAB,10,384,2025-05-13,2026-06-01,0,0,0,0.0,0,0,45.32,2.81,3.0,,,,3.83,NEUTRAL,20,0.44,3.0,3.0,1,0.0,,,0,0.0,14.79,68.2,13.64,E_CONSISTENT_MID
SARO,10,384,2025-05-13,2026-06-01,0,0,0,0.0,0,0,43.66,2.81,3.0,,,,3.94,NEUTRAL,16,0.443,3.0,3.0,1,0.0,,,0,0.0,14.666,68.2,13.64,E_CONSISTENT_MID
SRPT,10,384,2025-05-13,2026-06-01,0,0,0,0.0,0,0,42.34,2.81,3.0,,,,3.07,BEARISH,15,0.458,3.0,3.0,1,0.0,,,0,0.0,14.35,68.2,13.64,E_CONSISTENT_MID
TRNS,10,384,2025-05-13,2026-06-01,0,0,0,0.0,0,0,71.35,1.3925,2.3125,,,,1.43,VERY_BEARISH,16,0.799,3.0,3.0,1,0.0,,,0,0.0,7.541,68.2,13.64,E_CONSISTENT_MID
AMTM,10,384,2025-05-13,2026-06-01,0,0,0,0.0,0,0,87.39,1.76,2.0,,,,2.74,BEARISH,19,1.098,2.0,2.0,1,0.0,,,0,0.0,1.927,68.1,13.62,E_CONSISTENT_MID
AMZN,10,384,2025-05-13,2026-06-01,0,0,0,0.0,0,0,59.24,2.55,3.0,,,,2.84,NEUTRAL,18,0.5,3.0,3.0,1,0.0,3.0,3.0,1,0.0,13.853,68.1,13.62,E_CONSISTENT_MID
AZO,10,384,2025-05-13,2026-06-01,0,0,0,0.0,0,0,68.45,2.095,2.625,,,,2.62,BEARISH,16,0.616,4.0,4.0,1,0.0,,,0,0.0,11.394,68.1,13.62,E_CONSISTENT_MID
CBIO,10,384,2025-05-13,2026-06-01,0,0,0,0.0,0,0,81.09,1.3925,2.3125,,,,2.37,BEARISH,16,0.887,3.0,3.0,1,0.0,,,0,0.0,5.964,68.1,13.62,E_CONSISTENT_MID
CDP,10,384,2025-05-13,2026-06-01,0,0,0,0.0,0,0,35.54,2.4975,3.3125,,,,3.19,BULLISH,16,0.544,4.0,4.0,1,0.0,,,0,0.0,12.919,68.1,13.62,E_CONSISTENT_MID
DFIN,10,384,2025-05-13,2026-06-01,0,0,0,0.0,0,0,35.23,2.5525,3.3125,,,,3.91,NEUTRAL,30,0.793,4.0,4.0,1,0.0,,,0,0.0,7.923,68.1,13.62,E_CONSISTENT_MID
DG,10,384,2025-05-13,2026-06-01,0,0,0,0.0,0,0,65.35,2.4275,2.6875,,,,3.75,NEUTRAL,23,0.95,2.0,2.0,1,0.0,,,0,0.0,4.833,68.1,13.62,E_CONSISTENT_MID
GOOGL,10,384,2025-05-13,2026-06-01,0,0,0,0.0,0,0,51.93,2.28,3.0,,,,3.77,NEUTRAL,23,0.56,3.0,3.0,1,0.0,,,0,0.0,12.646,68.1,13.62,E_CONSISTENT_MID
HCC,10,384,2025-05-13,2026-06-01,0,0,0,0.0,0,0,98.92,1.03,1.0,,,,1.5,VERY_BEARISH,16,1.033,1.0,1.0,1,0.0,,,0,0.0,3.074,68.1,13.62,E_CONSISTENT_MID
MERC,7,373,2025-05-13,2026-05-21,0,0,0,0.0,0,0,71.77,1.9571,1.85,,,,2.79,BEARISH,14,0.426,,,0,0.0,,,0,0.0,15.307,68.1,13.62,E_CONSISTENT_MID
MFC,10,384,2025-05-13,2026-06-01,0,0,0,0.0,0,0,31.01,3.1424,3.3889,,,,3.89,BULLISH,21,0.309,2.0,2.0,2,0.0,3.33,4.0,3,0.577,6.033,68.1,13.62,E_CONSISTENT_MID
MSFT,10,384,2025-05-13,2026-06-01,0,0,0,0.0,0,0,29.89,2.6533,3.4444,,,,3.22,BULLISH,21,0.824,3.0,3.0,3,0.0,2.0,2.0,3,0.0,7.243,68.1,13.62,E_CONSISTENT_MID
NSIT,10,384,2025-05-13,2026-06-01,0,0,0,0.0,0,0,47.14,2.81,3.0,,,,4.05,NEUTRAL,27,0.439,3.0,3.0,1,0.0,,,0,0.0,14.977,68.1,13.62,E_CONSISTENT_MID
NWSA,10,384,2025-05-13,2026-06-01,0,0,0,0.0,0,0,74.25,2.1425,2.3125,,,,2.87,BEARISH,15,0.352,3.0,3.0,1,0.0,,,0,0.0,16.846,68.1,13.62,E_CONSISTENT_MID
OLED,10,384,2025-05-13,2026-06-01,0,0,0,0.0,0,0,88.55,1.4875,1.6875,,,,2.01,BEARISH,17,0.727,1.0,1.0,1,0.0,,,0,0.0,9.241,68.1,13.62,E_CONSISTENT_MID
PTON,10,384,2025-05-13,2026-06-01,0,0,0,0.0,0,0,44.7,2.49,3.0,,,,1.89,NEUTRAL,16,1.047,3.0,3.0,1,0.0,,,0,0.0,2.886,68.1,13.62,E_CONSISTENT_MID
RMR,10,384,2025-05-13,2026-06-01,0,0,0,0.0,0,0,37.7,3.0626,3.1667,,,,3.68,BULLISH,19,0.671,2.0,2.0,2,0.0,2.0,2.0,3,0.0,10.351,68.1,13.62,E_CONSISTENT_MID
SATS,10,384,2025-05-13,2026-06-01,0,0,0,0.0,0,0,66.71,2.205,2.625,,,,2.87,BEARISH,15,0.352,4.0,4.0,1,0.0,,,0,0.0,16.86,68.1,13.62,E_CONSISTENT_MID
TLN,10,384,2025-05-13,2026-06-01,0,0,0,0.0,0,0,90.22,1.155,1.625,,,,1.39,VERY_BEARISH,17,1.094,3.0,3.0,1,0.0,,,0,0.0,1.897,68.1,13.62,E_CONSISTENT_MID
TPG,5,12,2026-05-20,2026-06-01,0,0,0,0.0,0,0,84.07,1.94,2.0,,,,2.5,NEUTRAL,2,0.707,2.0,2.0,1,0.0,,,0,0.0,9.662,68.1,13.62,E_CONSISTENT_MID
AKBA,10,384,2025-05-13,2026-06-01,0,0,0,0.0,0,0,62.76,2.9532,2.7778,,,,3.98,NEUTRAL,27,0.342,2.0,2.0,1,0.0,4.0,4.0,1,0.0,17.109,68.0,13.6,E_CONSISTENT_MID
AMG,10,384,2025-05-13,2026-06-01,0,0,0,0.0,0,0,61.14,2.5233,2.9444,,,,3.27,NEUTRAL,21,0.494,3.0,3.0,1,0.0,3.0,3.0,1,0.0,14.219,68.0,13.6,E_CONSISTENT_MID
BRO,10,384,2025-05-13,2026-06-01,0,0,0,0.0,0,0,81.55,2.0325,2.3125,,,,2.27,BEARISH,17,0.612,3.0,3.0,1,0.0,,,0,0.0,11.767,68.0,13.6,E_CONSISTENT_MID
CCL,3,10,2026-05-22,2026-06-01,0,0,0,0.0,0,0,80.94,2.2083,2.3125,,,,3.3,BEARISH,20,1.082,3.0,3.0,1,0.0,,,0,0.0,2.277,68.0,13.6,E_CONSISTENT_MID
CWEN,10,384,2025-05-13,2026-06-01,0,0,0,0.0,0,0,93.5,1.32,1.625,,,,2.47,VERY_BEARISH,15,0.834,3.0,3.0,1,0.0,,,0,0.0,7.243,68.0,13.6,E_CONSISTENT_MID
IPGP,10,384,2025-05-13,2026-06-01,0,0,0,0.0,0,0,88.98,1.2675,1.6875,,,,2.59,BEARISH,17,1.004,1.0,1.0,1,0.0,,,0,0.0,3.901,68.0,13.6,E_CONSISTENT_MID
LAR,10,384,2025-05-13,2026-06-01,0,0,0,0.0,0,0,49.5,1.2,3.0,,,,,,0,0.0,3.0,3.0,1,0.0,,,0,0.0,24.005,68.0,13.6,E_CONSISTENT_MID
NSP,10,384,2025-05-13,2026-06-01,0,0,0,0.0,0,0,47.1,2.38,3.0,,,,2.67,BULLISH,15,0.617,3.0,3.0,1,0.0,,,0,0.0,11.756,68.0,13.6,E_CONSISTENT_MID
PRGS,10,384,2025-05-13,2026-06-01,0,0,0,0.0,0,0,15.78,3.2136,3.8333,,,,4.09,BULLISH,31,0.332,3.5,4.0,2,0.707,3.0,3.0,3,0.0,3.188,68.0,13.6,E_CONSISTENT_MID
TWST,10,384,2025-05-13,2026-06-01,0,0,0,0.0,0,0,71.11,1.3925,2.3125,,,,2.33,BEARISH,15,0.816,3.0,3.0,1,0.0,,,0,0.0,7.644,68.0,13.6,E_CONSISTENT_MID
ATKR,10,384,2025-05-13,2026-06-01,0,0,0,0.0,0,0,35.92,2.5525,3.3125,,,,3.47,NEUTRAL,23,0.693,4.0,4.0,1,0.0,,,0,0.0,10.276,67.9,13.58,E_CONSISTENT_MID
CHKP,10,384,2025-05-13,2026-06-01,0,0,0,0.0,0,0,80.67,1.8225,2.3125,,,,2.7,BEARISH,21,1.143,3.0,3.0,1,0.0,,,0,0.0,1.362,67.9,13.58,E_CONSISTENT_MID
COP,10,384,2025-05-13,2026-06-01,0,0,0,0.0,0,0,21.38,3.2156,3.6667,,,,4.11,NEUTRAL,23,0.954,3.0,3.0,2,0.0,4.0,4.0,3,0.0,5.056,67.9,13.58,E_CONSISTENT_MID
CPNG,10,384,2025-05-13,2026-06-01,0,0,0,0.0,0,0,93.74,1.155,1.625,,,,1.76,VERY_BEARISH,17,1.147,3.0,3.0,1,0.0,,,0,0.0,1.182,67.9,13.58,E_CONSISTENT_MID
CURV,5,12,2026-05-20,2026-06-01,0,0,0,0.0,0,0,55.14,2.1,3.0,,,,,,0,0.0,3.0,3.0,1,0.0,,,0,0.0,24.224,67.9,13.58,E_CONSISTENT_MID
DDS,10,384,2025-05-13,2026-06-01,0,0,0,0.0,0,0,35.31,2.5525,3.3125,,,,3.6,NEUTRAL,25,0.815,4.0,4.0,1,0.0,,,0,0.0,7.972,67.9,13.58,E_CONSISTENT_MID
EXTR,10,384,2025-05-13,2026-06-01,0,0,0,0.0,0,0,35.07,2.5525,3.3125,,,,1.95,NEUTRAL,16,0.856,4.0,4.0,1,0.0,,,0,0.0,7.123,67.9,13.58,E_CONSISTENT_MID
FBIN,10,384,2025-05-13,2026-06-01,0,0,0,0.0,0,0,86.43,1.76,2.0,,,,2.34,BEARISH,20,1.019,2.0,2.0,1,0.0,,,0,0.0,3.74,67.9,13.58,E_CONSISTENT_MID
GETY,5,12,2026-05-20,2026-06-01,0,0,0,0.0,0,0,92.92,1.59,1.625,,,,2.5,NEUTRAL,2,0.707,3.0,3.0,1,0.0,,,0,0.0,10.043,67.9,13.58,E_CONSISTENT_MID
HLIT,10,384,2025-05-13,2026-06-01,0,0,0,0.0,0,0,92.69,1.155,1.625,,,,1.5,VERY_BEARISH,18,1.15,3.0,3.0,1,0.0,,,0,0.0,1.196,67.9,13.58,E_CONSISTENT_MID
HLT,10,384,2025-05-13,2026-06-01,0,0,0,0.0,0,0,51.39,2.98,3.0,,,,3.72,NEUTRAL,23,0.44,3.0,3.0,1,0.0,3.0,3.0,1,0.0,15.396,67.9,13.58,E_CONSISTENT_MID
HSTM,10,384,2025-05-13,2026-06-01,0,0,0,0.0,0,0,20.73,3.1449,3.6667,,,,3.32,NEUTRAL,17,0.466,4.0,4.0,2,0.0,1.67,1.0,3,0.577,3.44,67.9,13.58,E_CONSISTENT_MID
LNNGY,10,384,2025-05-13,2026-06-01,0,0,0,0.0,0,0,49.3,1.2,3.0,,,,,,0,0.0,3.0,3.0,1,0.0,,,0,0.0,24.108,67.9,13.58,E_CONSISTENT_MID
NXRT,10,384,2025-05-13,2026-06-01,0,0,0,0.0,0,0,74.21,1.3925,2.3125,,,,2.2,VERY_BEARISH,15,0.862,3.0,3.0,1,0.0,,,0,0.0,7.056,67.9,13.58,E_CONSISTENT_MID
PUMP,10,384,2025-05-13,2026-06-01,0,0,0,0.0,0,0,44.66,2.98,3.0,,,,3.39,NEUTRAL,18,0.502,3.0,3.0,1,0.0,3.0,3.0,1,0.0,14.216,67.9,13.58,E_CONSISTENT_MID
STNE,10,384,2025-05-13,2026-06-01,0,0,0,0.0,0,0,72.12,1.8225,2.3125,,,,2.59,VERY_BEARISH,20,1.081,3.0,3.0,1,0.0,,,0,0.0,2.509,67.9,13.58,E_CONSISTENT_MID
SVRA,10,384,2025-05-13,2026-06-01,0,0,0,0.0,0,0,42.11,2.38,3.0,,,,3.2,NEUTRAL,15,0.561,3.0,3.0,1,0.0,,,0,0.0,12.953,67.9,13.58,E_CONSISTENT_MID
AIG,10,384,2025-05-13,2026-06-01,0,0,0,0.0,0,0,36.19,2.5525,3.3125,,,,3.59,NEUTRAL,22,0.669,4.0,4.0,1,0.0,,,0,0.0,11.009,67.8,13.56,E_CONSISTENT_MID
AIZ,10,384,2025-05-13,2026-06-01,0,0,0,0.0,0,0,59.86,2.28,3.0,,,,3.75,NEUTRAL,19,0.667,3.0,3.0,1,0.0,,,0,0.0,11.109,67.8,13.56,E_CONSISTENT_MID
AMH,10,384,2025-05-13,2026-06-01,0,0,0,0.0,0,0,29.2,3.1115,3.5,,,,3.69,BULLISH,16,0.479,3.5,3.0,2,0.707,2.0,2.0,3,0.0,0.684,67.8,13.56,E_CONSISTENT_MID
APP,10,384,2025-05-13,2026-06-01,0,0,0,0.0,0,0,58.93,2.49,3.0,,,,2.88,BULLISH,19,1.172,3.0,3.0,1,0.0,,,0,0.0,0.87,67.8,13.56,E_CONSISTENT_MID
CAN,7,373,2025-05-13,2026-05-21,0,0,0,0.0,0,0,56.89,1.8143,2.4,,,,2.29,NEUTRAL,14,0.611,,,0,0.0,,,0,0.0,12.18,67.8,13.56,E_CONSISTENT_MID
CAVA,10,384,2025-05-13,2026-06-01,0,0,0,0.0,0,0,81.13,2.2525,2.3125,,,,2.31,BEARISH,16,0.602,3.0,3.0,1,0.0,,,0,0.0,12.292,67.8,13.56,E_CONSISTENT_MID
CIVB,10,384,2025-05-13,2026-06-01,0,0,0,0.0,0,0,22.51,2.88,3.625,,,,3.8,NEUTRAL,16,0.4,5.0,5.0,1,0.0,,,0,0.0,16.361,67.8,13.56,E_CONSISTENT_MID
CTAS,10,384,2025-05-13,2026-06-01,0,0,0,0.0,0,0,67.94,1.885,2.625,,,,2.75,BEARISH,25,0.949,4.0,4.0,1,0.0,,,0,0.0,5.386,67.8,13.56,E_CONSISTENT_MID
KBH,10,384,2025-05-13,2026-06-01,0,0,0,0.0,0,0,96.25,1.0925,1.3125,,,,1.9,VERY_BEARISH,18,1.1,2.0,2.0,1,0.0,,,0,0.0,2.403,67.8,13.56,E_CONSISTENT_MID
OSPN,10,384,2025-05-13,2026-06-01,0,0,0,0.0,0,0,16.86,3.1671,3.7778,,,,3.33,NEUTRAL,23,0.939,4.0,4.0,2,0.0,2.0,2.0,3,0.0,5.578,67.8,13.56,E_CONSISTENT_MID
PEGA,10,384,2025-05-13,2026-06-01,0,0,0,0.0,0,0,95.67,1.0925,1.3125,,,,2.04,VERY_BEARISH,17,1.063,2.0,2.0,1,0.0,,,0,0.0,3.103,67.8,13.56,E_CONSISTENT_MID
REGN,10,384,2025-05-13,2026-06-01,0,0,0,0.0,0,0,44.35,2.81,3.0,,,,4.18,BULLISH,33,0.481,3.0,3.0,1,0.0,,,0,0.0,14.741,67.8,13.56,E_CONSISTENT_MID
SABR,10,384,2025-05-13,2026-06-01,0,0,0,0.0,0,0,63.77,2.4275,2.6875,,,,3.47,NEUTRAL,15,0.64,2.0,2.0,1,0.0,,,0,0.0,11.57,67.8,13.56,E_CONSISTENT_MID
ACU,10,384,2025-05-13,2026-06-01,0,0,0,0.0,0,0,60.13,3.0469,3.0,,,,4.4,BULLISH,34,0.511,1.0,1.0,2,0.0,3.0,3.0,3,0.0,14.348,67.7,13.54,E_CONSISTENT_MID
ENTA,10,384,2025-05-13,2026-06-01,0,0,0,0.0,0,0,24.05,2.8668,3.6111,,,,3.83,NEUTRAL,21,0.367,3.0,3.0,2,0.0,3.0,3.0,3,0.0,17.275,67.7,13.54,E_CONSISTENT_MID
MNR,10,384,2025-05-13,2026-06-01,0,0,0,0.0,0,0,48.26,1.2,3.0,,,,,,0,0.0,3.0,3.0,1,0.0,,,0,0.0,24.625,67.7,13.54,E_CONSISTENT_MID
PK,10,384,2025-05-13,2026-06-01,0,0,0,0.0,0,0,45.36,2.755,3.0,,,,3.13,NEUTRAL,15,0.516,3.0,3.0,1,0.0,,,0,0.0,14.271,67.7,13.54,E_CONSISTENT_MID
U,10,384,2025-05-13,2026-06-01,0,0,0,0.0,0,0,40.8,2.06,3.0,,,,2.2,BULLISH,15,0.561,3.0,3.0,1,0.0,,,0,0.0,13.286,67.7,13.54,E_CONSISTENT_MID
WY,10,384,2025-05-13,2026-06-01,0,0,0,0.0,0,0,69.76,1.6125,2.3125,,,,2.6,NEUTRAL,15,0.737,3.0,3.0,1,0.0,,,0,0.0,9.804,67.7,13.54,E_CONSISTENT_MID
XRX,10,384,2025-05-13,2026-06-01,0,0,0,0.0,0,0,83.72,1.76,2.0,,,,1.5,BEARISH,16,0.816,2.0,2.0,1,0.0,,,0,0.0,8.358,67.7,13.54,E_CONSISTENT_MID
CXW,10,384,2025-05-13,2026-06-01,0,0,0,0.0,0,0,54.8,2.06,3.0,,,,2.38,NEUTRAL,16,0.648,,,0,0.0,,,0,0.0,11.841,67.6,13.52,E_CONSISTENT_MID
ES,10,384,2025-05-13,2026-06-01,0,0,0,0.0,0,0,21.19,3.2156,3.6667,,,,4.1,BULLISH,31,0.327,2.5,3.0,2,0.707,4.0,4.0,3,0.0,4.125,67.6,13.52,E_CONSISTENT_MID
FCX,10,384,2025-05-13,2026-06-01,0,0,0,0.0,0,0,78.62,2.0325,2.3125,,,,3.01,NEUTRAL,18,0.595,3.0,3.0,1,0.0,,,0,0.0,12.935,67.6,13.52,E_CONSISTENT_MID
IBM,10,384,2025-05-13,2026-06-01,0,0,0,0.0,0,0,77.07,1.8225,2.3125,,,,2.84,BULLISH,22,1.169,3.0,3.0,1,0.0,,,0,0.0,1.462,67.6,13.52,E_CONSISTENT_MID
INTU,10,384,2025-05-13,2026-06-01,0,0,0,0.0,0,0,87.97,1.2175,1.9375,,,,1.46,BEARISH,17,1.14,4.0,4.0,1,0.0,,,0,0.0,1.913,67.6,13.52,E_CONSISTENT_MID
KEP,7,373,2025-05-13,2026-05-21,0,0,0,0.0,0,0,44.97,2.2714,2.4,,,,3.83,NEUTRAL,24,1.204,,,0,0.0,,,0,0.0,0.645,67.6,13.52,E_CONSISTENT_MID
KKR,10,384,2025-05-13,2026-06-01,0,0,0,0.0,0,0,85.46,1.76,2.0,,,,2.93,BULLISH,22,1.003,2.0,2.0,1,0.0,,,0,0.0,4.793,67.6,13.52,E_CONSISTENT_MID
MTVA,10,384,2025-05-13,2026-06-01,0,0,0,0.0,0,0,47.8,1.2,3.0,,,,,,0,0.0,,,0,0.0,,,0,0.0,24.828,67.6,13.52,E_CONSISTENT_MID
OMCL,10,384,2025-05-13,2026-06-01,0,0,0,0.0,0,0,11.37,3.2403,4.0556,,,,3.36,VERY_BULLISH,20,0.978,5.0,5.0,2,0.0,2.0,2.0,3,0.0,5.191,67.6,13.52,E_CONSISTENT_MID
SO,10,384,2025-05-13,2026-06-01,0,0,0,0.0,0,0,42.58,2.06,3.0,,,,2.71,BEARISH,17,0.583,3.0,3.0,1,0.0,,,0,0.0,13.058,67.6,13.52,E_CONSISTENT_MID
TFX,10,384,2025-05-13,2026-06-01,0,0,0,0.0,0,0,71.62,1.8225,2.3125,,,,1.97,BEARISH,19,1.12,3.0,3.0,1,0.0,,,0,0.0,2.472,67.6,13.52,E_CONSISTENT_MID
WDAY,10,384,2025-05-13,2026-06-01,0,0,0,0.0,0,0,70.22,1.3925,2.3125,,,,1.42,NEUTRAL,16,0.838,3.0,3.0,1,0.0,,,0,0.0,7.955,67.6,13.52,E_CONSISTENT_MID
APLE,10,384,2025-05-13,2026-06-01,0,0,0,0.0,0,0,35.96,2.5525,3.3125,,,,3.49,NEUTRAL,20,0.722,4.0,4.0,1,0.0,,,0,0.0,10.545,67.5,13.5,E_CONSISTENT_MID
CMS,10,384,2025-05-13,2026-06-01,0,0,0,0.0,0,0,21.42,3.1979,3.6667,,,,3.61,BULLISH,18,0.502,3.0,3.0,2,0.0,3.67,4.0,3,0.577,3.384,67.5,13.5,E_CONSISTENT_MID
FULT,10,384,2025-05-13,2026-06-01,0,0,0,0.0,0,0,14.77,3.2601,3.8889,,,,4.41,BULLISH,29,0.472,4.0,4.0,2,0.0,3.33,3.0,3,0.577,3.978,67.5,13.5,E_CONSISTENT_MID
IQV,10,384,2025-05-13,2026-06-01,0,0,0,0.0,0,0,28.34,3.1469,3.5,,,,3.58,BULLISH,20,0.489,3.0,3.0,2,0.0,2.33,2.0,3,0.577,3.711,67.5,13.5,E_CONSISTENT_MID
NPCE,5,12,2026-05-20,2026-06-01,0,0,0,0.0,0,0,67.25,1.97,2.625,,,,1.5,BEARISH,2,0.707,4.0,4.0,1,0.0,,,0,0.0,10.917,67.5,13.5,E_CONSISTENT_MID
NVR,10,384,2025-05-13,2026-06-01,0,0,0,0.0,0,0,74.4,1.6025,2.3125,,,,1.67,VERY_BEARISH,15,0.816,3.0,3.0,1,0.0,,,0,0.0,8.633,67.5,13.5,E_CONSISTENT_MID
RGA,10,384,2025-05-13,2026-06-01,0,0,0,0.0,0,0,44.16,2.81,3.0,,,,4.12,NEUTRAL,26,0.516,3.0,3.0,1,0.0,,,0,0.0,14.683,67.5,13.5,E_CONSISTENT_MID
WAB,7,18,2026-05-14,2026-06-01,0,0,0,0.0,0,0,31.36,3.0205,3.3333,,,,3.68,BEARISH,17,0.765,4.0,4.0,1,0.0,4.0,4.0,1,0.0,9.66,67.5,13.5,E_CONSISTENT_MID
AMC,10,384,2025-05-13,2026-06-01,0,0,0,0.0,0,0,82.79,1.3925,2.3125,,,,1.36,BEARISH,16,0.973,3.0,3.0,1,0.0,,,0,0.0,5.723,67.4,13.48,E_CONSISTENT_MID
NPO,10,384,2025-05-13,2026-06-01,0,0,0,0.0,0,0,74.56,2.2525,2.3125,,,,2.27,BEARISH,15,0.458,3.0,3.0,1,0.0,,,0,0.0,16.077,67.4,13.48,E_CONSISTENT_MID
PINS,10,384,2025-05-13,2026-06-01,0,0,0,0.0,0,0,45.4,2.49,3.0,,,,3.25,NEUTRAL,20,1.118,3.0,3.0,1,0.0,,,0,0.0,2.798,67.4,13.48,E_CONSISTENT_MID
PSA,10,384,2025-05-13,2026-06-01,0,0,0,0.0,0,0,27.76,3.1292,3.5,,,,3.87,BULLISH,15,0.352,3.0,3.0,2,0.0,2.33,2.0,3,0.577,6.663,67.4,13.48,E_CONSISTENT_MID
STZ,10,384,2025-05-13,2026-06-01,0,0,0,0.0,0,0,72.08,1.5025,2.3125,,,,2.33,VERY_BEARISH,15,0.816,3.0,3.0,1,0.0,,,0,0.0,8.868,67.4,13.48,E_CONSISTENT_MID
AGNC,10,384,2025-05-13,2026-06-01,0,0,0,0.0,0,0,36.23,2.5525,3.3125,,,,4.0,NEUTRAL,28,0.72,4.0,4.0,1,0.0,,,0,0.0,11.026,67.3,13.46,E_CONSISTENT_MID
EIG,10,384,2025-05-13,2026-06-01,0,0,0,0.0,0,0,79.2,2.2525,2.3125,,,,2.76,NEUTRAL,16,0.608,3.0,3.0,1,0.0,,,0,0.0,13.328,67.3,13.46,E_CONSISTENT_MID
HROW,10,384,2025-05-13,2026-06-01,0,0,0,0.0,0,0,85.69,2.19,2.0,,,,2.8,BEARISH,15,0.414,2.0,2.0,1,0.0,,,0,0.0,17.192,67.3,13.46,E_CONSISTENT_MID
ISSC,10,384,2025-05-13,2026-06-01,0,0,0,0.0,0,0,18.21,3.0544,3.7222,,,,4.55,NEUTRAL,22,0.671,3.0,3.0,2,0.0,4.0,4.0,2,0.0,11.976,67.3,13.46,E_CONSISTENT_MID
KIM,10,384,2025-05-13,2026-06-01,0,0,0,0.0,0,0,49.96,2.98,3.0,,,,3.5,NEUTRAL,16,0.516,3.0,3.0,1,0.0,3.0,3.0,1,0.0,15.147,67.3,13.46,E_CONSISTENT_MID
NWN,10,384,2025-05-13,2026-06-01,0,0,0,0.0,0,0,74.28,2.2525,2.3125,,,,3.1,BEARISH,19,0.456,3.0,3.0,1,0.0,,,0,0.0,16.279,67.3,13.46,E_CONSISTENT_MID
NWTG,10,384,2025-05-13,2026-06-01,0,0,0,0.0,0,0,46.67,1.2,3.0,,,,,,0,0.0,,,0,0.0,,,0,0.0,25.387,67.3,13.46,E_CONSISTENT_MID
APH,10,384,2025-05-13,2026-06-01,0,0,0,0.0,0,0,68.52,1.885,2.625,,,,4.06,NEUTRAL,31,0.944,4.0,4.0,1,0.0,,,0,0.0,6.756,67.2,13.44,E_CONSISTENT_MID
CLS,10,384,2025-05-13,2026-06-01,0,0,0,0.0,0,0,35.42,2.5525,3.3125,,,,3.42,NEUTRAL,19,0.838,4.0,4.0,1,0.0,,,0,0.0,8.754,67.2,13.44,E_CONSISTENT_MID
CNO,10,384,2025-05-13,2026-06-01,0,0,0,0.0,0,0,68.06,1.675,2.625,,,,2.12,BEARISH,16,0.806,4.0,4.0,1,0.0,,,0,0.0,9.559,67.2,13.44,E_CONSISTENT_MID
EE,10,384,2025-05-13,2026-06-01,0,0,0,0.0,0,0,99.42,1.35,1.0,,,,2.82,BEARISH,17,0.809,1.0,1.0,1,0.0,,,0,0.0,9.446,67.2,13.44,E_CONSISTENT_MID
FOR,10,384,2025-05-13,2026-06-01,0,0,0,0.0,0,0,65.12,2.4275,2.6875,,,,3.7,NEUTRAL,23,0.974,2.0,2.0,1,0.0,,,0,0.0,6.021,67.2,13.44,E_CONSISTENT_MID
GERN,10,384,2025-05-13,2026-06-01,0,0,0,0.0,0,0,34.8,2.3425,3.3125,,,,2.31,NEUTRAL,16,0.471,4.0,4.0,1,0.0,,,0,0.0,16.186,67.2,13.44,E_CONSISTENT_MID
HHH,10,384,2025-05-13,2026-06-01,0,0,0,0.0,0,0,89.06,1.6975,1.6875,,,,3.06,BEARISH,22,0.998,1.0,1.0,1,0.0,,,0,0.0,5.606,67.2,13.44,E_CONSISTENT_MID
SGI,10,384,2025-05-13,2026-06-01,0,0,0,0.0,0,0,84.38,1.76,2.0,,,,2.06,BEARISH,16,0.929,2.0,2.0,1,0.0,,,0,0.0,7.002,67.2,13.44,E_CONSISTENT_MID
STEL,10,384,2025-05-13,2026-06-01,0,0,0,0.0,0,0,72.16,1.3925,2.3125,,,,2.64,BEARISH,17,0.919,3.0,3.0,1,0.0,,,0,0.0,7.234,67.2,13.44,E_CONSISTENT_MID
HUN,10,384,2025-05-13,2026-06-01,0,0,0,0.0,0,0,23.78,2.7122,3.6111,,,,3.29,NEUTRAL,17,0.588,3.0,3.0,2,0.0,3.0,3.0,2,0.0,14.117,67.1,13.42,E_CONSISTENT_MID
IFS,7,18,2026-05-14,2026-06-01,0,0,0,0.0,0,0,50.77,1.7143,3.0,,,,,,0,0.0,3.0,3.0,1,0.0,,,0,0.0,25.871,67.1,13.42,E_CONSISTENT_MID
KRNT,10,384,2025-05-13,2026-06-01,0,0,0,0.0,0,0,23.7,3.2045,3.6111,,,,3.56,NEUTRAL,16,0.512,3.0,3.0,2,0.0,3.67,3.0,3,0.577,4.029,67.1,13.42,E_CONSISTENT_MID
NMAX,5,12,2026-05-20,2026-06-01,0,0,0,0.0,0,0,91.49,1.59,1.625,,,,1.5,VERY_BEARISH,2,0.707,3.0,3.0,1,0.0,,,0,0.0,11.715,67.1,13.42,E_CONSISTENT_MID
PH,10,384,2025-05-13,2026-06-01,0,0,0,0.0,0,0,45.48,2.38,3.0,,,,3.66,BEARISH,29,0.654,3.0,3.0,1,0.0,,,0,0.0,12.771,67.1,13.42,E_CONSISTENT_MID
PRCH,5,12,2026-05-20,2026-06-01,0,0,0,0.0,0,0,23.2,3.2044,3.6111,,,,3.5,BULLISH,2,0.707,3.0,3.0,2,0.0,3.0,3.0,2,0.0,11.576,67.1,13.42,E_CONSISTENT_MID
SPXC,10,384,2025-05-13,2026-06-01,0,0,0,0.0,0,0,87.74,1.6475,1.9375,,,,3,NEUTRAL,15,0.756,4.0,4.0,1,0.0,,,0,0.0,10.609,67.1,13.42,E_CONSISTENT_MID
STN,7,373,2025-05-13,2026-05-21,0,0,0,0.0,0,0,33.4,2.7286,2.4,,,,4.39,NEUTRAL,21,0.738,,,0,0.0,,,0,0.0,11.102,67.1,13.42,E_CONSISTENT_MID
TNDM,10,384,2025-05-13,2026-06-01,0,0,0,0.0,0,0,66.4,2.04,2.625,,,,1.73,BEARISH,15,0.594,4.0,4.0,1,0.0,,,0,0.0,13.923,67.1,13.42,E_CONSISTENT_MID
WFC,10,384,2025-05-13,2026-06-01,0,0,0,0.0,0,0,39.6,2.225,3.0,,,,2.73,NEUTRAL,15,0.458,3.0,3.0,1,0.0,,,0,0.0,16.591,67.1,13.42,E_CONSISTENT_MID
YORW,5,12,2026-05-20,2026-06-01,0,0,0,0.0,0,0,39.17,2.76,3.0,,,,2.31,NEUTRAL,16,1.014,,,0,0.0,,,0,0.0,5.585,67.1,13.42,E_CONSISTENT_MID
AWR,10,384,2025-05-13,2026-06-01,0,0,0,0.0,0,0,16.4,3.1959,3.8333,,,,3.55,BULLISH,20,0.493,4.0,4.0,2,0.0,2.33,3.0,3,0.577,4.567,67.0,13.4,E_CONSISTENT_MID
DXCM,10,384,2025-05-13,2026-06-01,0,0,0,0.0,0,0,26.49,2.7011,3.5556,,,,3.13,VERY_BULLISH,15,0.516,3.0,3.0,2,0.0,3.0,3.0,2,0.0,15.671,67.0,13.4,E_CONSISTENT_MID
FELE,10,384,2025-05-13,2026-06-01,0,0,0,0.0,0,0,23.86,3.2045,3.6111,,,,3.41,BULLISH,17,0.507,3.0,3.0,2,0.0,3.67,3.0,3,0.577,4.409,67.0,13.4,E_CONSISTENT_MID
IPI,10,384,2025-05-13,2026-06-01,0,0,0,0.0,0,0,34.3,2.5525,3.3125,,,,4.0,NEUTRAL,16,1.03,4.0,4.0,1,0.0,,,0,0.0,5.318,67.0,13.4,E_CONSISTENT_MID
KBR,10,384,2025-05-13,2026-06-01,0,0,0,0.0,0,0,50.04,2.17,3.0,,,,2.97,NEUTRAL,18,0.583,3.0,3.0,1,0.0,,,0,0.0,14.376,67.0,13.4,E_CONSISTENT_MID
LOOP,7,373,2025-05-13,2026-05-21,0,0,0,0.0,0,0,90.19,1.0429,1.3,,,,2.39,VERY_BEARISH,17,1.281,,,0,0.0,,,0,0.0,0.286,67.0,13.4,E_CONSISTENT_MID
MARA,10,384,2025-05-13,2026-06-01,0,0,0,0.0,0,0,48.76,2.17,3.0,,,,2.25,BEARISH,16,0.577,3.0,3.0,1,0.0,,,0,0.0,14.449,67.0,13.4,E_CONSISTENT_MID
NEE,10,384,2025-05-13,2026-06-01,0,0,0,0.0,0,0,74.79,2.2525,2.3125,,,,2.88,VERY_BEARISH,16,0.503,3.0,3.0,1,0.0,,,0,0.0,16.009,67.0,13.4,E_CONSISTENT_MID
NWBI,10,384,2025-05-13,2026-06-01,0,0,0,0.0,0,0,25.56,2.7011,3.5556,,,,3.89,BULLISH,23,0.767,3.0,3.0,2,0.0,3.0,3.0,2,0.0,10.622,67.0,13.4,E_CONSISTENT_MID
PNW,7,18,2026-05-14,2026-06-01,0,0,0,0.0,0,0,25.41,2.9587,3.5556,,,,4.4,BULLISH,20,0.754,3.0,3.0,2,0.0,3.0,3.0,2,0.0,10.821,67.0,13.4,E_CONSISTENT_MID
TMDX,10,384,2025-05-13,2026-06-01,0,0,0,0.0,0,0,71.5,2.1425,2.3125,,,,2.87,BEARISH,15,0.352,3.0,3.0,1,0.0,,,0,0.0,18.985,67.0,13.4,E_CONSISTENT_MID
TRIP,10,384,2025-05-13,2026-06-01,0,0,0,0.0,0,0,90.14,1.155,1.625,,,,1.76,VERY_BEARISH,18,1.208,3.0,3.0,1,0.0,,,0,0.0,1.889,67.0,13.4,E_CONSISTENT_MID
TRS,7,18,2026-05-14,2026-06-01,0,0,0,0.0,0,0,32.33,2.7464,3.3125,,,,2.39,NEUTRAL,17,1.275,4.0,4.0,1,0.0,,,0,0.0,0.592,67.0,13.4,E_CONSISTENT_MID
TTEK,10,384,2025-05-13,2026-06-01,0,0,0,0.0,0,0,41.07,2.17,3.0,,,,2.33,NEUTRAL,15,0.488,3.0,3.0,1,0.0,,,0,0.0,16.181,67.0,13.4,E_CONSISTENT_MID
CENTA,10,384,2025-05-13,2026-06-01,0,0,0,0.0,0,0,61.06,2.9512,2.9444,,,,4.21,BULLISH,23,0.401,3.0,3.0,1,0.0,3.0,3.0,1,0.0,18.215,66.9,13.38,E_CONSISTENT_MID
DCI,10,384,2025-05-13,2026-06-01,0,0,0,0.0,0,0,79.62,1.8225,2.3125,,,,3.01,BEARISH,26,1.244,3.0,3.0,1,0.0,,,0,0.0,1.334,66.9,13.38,E_CONSISTENT_MID
DORM,10,384,2025-05-13,2026-06-01,0,0,0,0.0,0,0,54.25,2.06,3.0,,,,2.36,BEARISH,19,0.711,3.0,3.0,1,0.0,,,0,0.0,11.905,66.9,13.38,E_CONSISTENT_MID
EMR,10,384,2025-05-13,2026-06-01,0,0,0,0.0,0,0,79.16,2.2525,2.3125,,,,3.13,BEARISH,15,0.64,3.0,3.0,1,0.0,,,0,0.0,13.362,66.9,13.38,E_CONSISTENT_MID
EPM,10,384,2025-05-13,2026-06-01,0,0,0,0.0,0,0,53.6,2.98,3.0,,,,3.43,NEUTRAL,19,0.515,3.0,3.0,1,0.0,3.0,3.0,1,0.0,15.888,66.9,13.38,E_CONSISTENT_MID
EPR,10,384,2025-05-13,2026-06-01,0,0,0,0.0,0,0,62.68,2.8936,2.8333,,,,4,NEUTRAL,19,0.333,3.0,3.0,1,0.0,2.0,2.0,1,0.0,19.491,66.9,13.38,E_CONSISTENT_MID
EXP,10,384,2025-05-13,2026-06-01,0,0,0,0.0,0,0,78.73,2.2525,2.3125,,,,2.47,NEUTRAL,15,0.64,3.0,3.0,1,0.0,,,0,0.0,13.474,66.9,13.38,E_CONSISTENT_MID
GAP,10,384,2025-05-13,2026-06-01,0,0,0,0.0,0,0,86.12,2.19,2.0,,,,3.17,BEARISH,20,0.485,2.0,2.0,1,0.0,,,0,0.0,16.555,66.9,13.38,E_CONSISTENT_MID
GPK,10,384,2025-05-13,2026-06-01,0,0,0,0.0,0,0,65.0,1.7325,2.6875,,,,1.27,NEUTRAL,15,0.594,2.0,2.0,1,0.0,,,0,0.0,14.411,66.9,13.38,E_CONSISTENT_MID
LUV,10,384,2025-05-13,2026-06-01,0,0,0,0.0,0,0,96.06,1.5225,1.3125,,,,1.94,NEUTRAL,16,0.772,2.0,2.0,1,0.0,,,0,0.0,10.801,66.9,13.38,E_CONSISTENT_MID
MHO,10,384,2025-05-13,2026-06-01,0,0,0,0.0,0,0,88.71,1.6975,1.6875,,,,2.61,BEARISH,20,0.968,1.0,1.0,1,0.0,,,0,0.0,6.887,66.9,13.38,E_CONSISTENT_MID
MNRO,10,384,2025-05-13,2026-06-01,0,0,0,0.0,0,0,75.06,2.0425,2.3125,,,,2.4,BEARISH,15,0.507,3.0,3.0,1,0.0,,,0,0.0,16.138,66.9,13.38,E_CONSISTENT_MID
NVGS,10,384,2025-05-13,2026-06-01,0,0,0,0.0,0,0,46.87,2.81,3.0,,,,3.37,NEUTRAL,19,0.562,3.0,3.0,1,0.0,,,0,0.0,14.873,66.9,13.38,E_CONSISTENT_MID
OUT,10,384,2025-05-13,2026-06-01,0,0,0,0.0,0,0,16.82,3.1848,3.7778,,,,4.17,BULLISH,23,0.388,3.5,4.0,2,0.707,2.0,2.0,3,0.0,4.384,66.9,13.38,E_CONSISTENT_MID
TLRY,10,384,2025-05-13,2026-06-01,0,0,0,0.0,0,0,63.3,2.1075,2.6875,,,,2.23,BEARISH,16,0.521,2.0,2.0,1,0.0,,,0,0.0,15.878,66.9,13.38,E_CONSISTENT_MID
TMP,10,384,2025-05-13,2026-06-01,0,0,0,0.0,0,0,32.41,2.3325,3.3125,,,,2.73,BEARISH,15,0.458,4.0,4.0,1,0.0,,,0,0.0,16.995,66.9,13.38,E_CONSISTENT_MID
TTD,10,384,2025-05-13,2026-06-01,0,0,0,0.0,0,0,71.23,2.1425,2.3125,,,,2.87,BEARISH,15,0.352,3.0,3.0,1,0.0,,,0,0.0,19.098,66.9,13.38,E_CONSISTENT_MID
DASH,10,384,2025-05-13,2026-06-01,0,0,0,0.0,0,0,79.74,1.5025,2.3125,,,,1.58,BEARISH,17,0.971,3.0,3.0,1,0.0,,,0,0.0,7.076,66.8,13.36,E_CONSISTENT_MID
DXC,10,384,2025-05-13,2026-06-01,0,0,0,0.0,0,0,99.46,1.35,1.0,,,,2.57,VERY_BEARISH,17,0.848,1.0,1.0,1,0.0,,,0,0.0,9.348,66.8,13.36,E_CONSISTENT_MID
GS,10,384,2025-05-13,2026-06-01,0,0,0,0.0,0,0,77.65,1.6025,2.3125,,,,2.56,BEARISH,19,0.93,3.0,3.0,1,0.0,,,0,0.0,7.743,66.8,13.36,E_CONSISTENT_MID
NOV,10,384,2025-05-13,2026-06-01,0,0,0,0.0,0,0,47.25,2.28,3.0,,,,2.68,NEUTRAL,17,0.643,3.0,3.0,1,0.0,,,0,0.0,13.608,66.8,13.36,E_CONSISTENT_MID
PL,5,12,2026-05-20,2026-06-01,0,0,0,0.0,0,0,91.22,1.59,1.625,,,,1.5,VERY_BEARISH,2,0.707,3.0,3.0,1,0.0,,,0,0.0,12.311,66.8,13.36,E_CONSISTENT_MID
RNGR,10,384,2025-05-13,2026-06-01,0,0,0,0.0,0,0,97.87,1.03,1.0,,,,3.38,VERY_BEARISH,29,1.099,1.0,1.0,1,0.0,,,0,0.0,4.336,66.8,13.36,E_CONSISTENT_MID
TRMB,10,384,2025-05-13,2026-06-01,0,0,0,0.0,0,0,90.1,1.365,1.625,,,,1.75,VERY_BEARISH,16,0.775,3.0,3.0,1,0.0,,,0,0.0,10.934,66.8,13.36,E_CONSISTENT_MID
VMC,10,384,2025-05-13,2026-06-01,0,0,0,0.0,0,0,70.53,2.2525,2.3125,,,,3,BEARISH,15,0.378,3.0,3.0,1,0.0,,,0,0.0,18.875,66.8,13.36,E_CONSISTENT_MID
XENE,5,12,2026-05-20,2026-06-01,0,0,0,0.0,0,0,39.33,2.54,3.0,,,,1.85,NEUTRAL,13,0.555,3.0,3.0,1,0.0,,,0,0.0,15.246,66.8,13.36,E_CONSISTENT_MID
AFL,10,384,2025-05-13,2026-06-01,0,0,0,0.0,0,0,61.21,2.9512,2.9444,,,,3.27,NEUTRAL,15,0.458,3.0,3.0,1,0.0,3.0,3.0,1,0.0,17.366,66.7,13.34,E_CONSISTENT_MID
BTSG,10,384,2025-05-13,2026-06-01,0,0,0,0.0,0,0,22.62,2.615,3.625,,,,3.68,NEUTRAL,19,0.582,5.0,5.0,1,0.0,,,0,0.0,14.875,66.7,13.34,E_CONSISTENT_MID
BXP,10,384,2025-05-13,2026-06-01,0,0,0,0.0,0,0,56.84,2.27,3.0,,,,2.07,BULLISH,15,0.704,3.0,3.0,1,0.0,,,0,0.0,12.438,66.7,13.34,E_CONSISTENT_MID
CLDT,10,384,2025-05-13,2026-06-01,0,0,0,0.0,0,0,38.01,2.9779,3.1667,,,,4.6,NEUTRAL,20,0.681,4.0,4.0,1,0.0,2.0,2.0,1,0.0,12.957,66.7,13.34,E_CONSISTENT_MID
FTV,10,384,2025-05-13,2026-06-01,0,0,0,0.0,0,0,37.39,2.6868,3.2222,,,,3.38,BEARISH,16,0.619,4.0,4.0,1,0.0,3.0,3.0,1,0.0,14.127,66.7,13.34,E_CONSISTENT_MID
JPM,10,384,2025-05-13,2026-06-01,0,0,0,0.0,0,0,50.12,2.17,3.0,,,,3.01,NEUTRAL,20,0.636,3.0,3.0,1,0.0,,,0,0.0,13.82,66.7,13.34,E_CONSISTENT_MID
MDT,10,384,2025-05-13,2026-06-01,0,0,0,0.0,0,0,64.39,2.4275,2.6875,,,,2.79,NEUTRAL,19,0.896,2.0,2.0,1,0.0,,,0,0.0,8.775,66.7,13.34,E_CONSISTENT_MID
NREF,10,384,2025-05-13,2026-06-01,0,0,0,0.0,0,0,64.27,2.4275,2.6875,,,,2.75,NEUTRAL,20,0.851,2.0,2.0,1,0.0,,,0,0.0,9.604,66.7,13.34,E_CONSISTENT_MID
PFBC,10,384,2025-05-13,2026-06-01,0,0,0,0.0,0,0,45.59,2.81,3.0,,,,4.57,NEUTRAL,33,0.592,3.0,3.0,1,0.0,,,0,0.0,14.78,66.7,13.34,E_CONSISTENT_MID
ROOT,5,12,2026-05-20,2026-06-01,0,0,0,0.0,0,0,88.44,2.035,1.6875,,,,3,NEUTRAL,2,0.0,1.0,1.0,1,0.0,,,0,0.0,26.58,66.7,13.34,E_CONSISTENT_MID
VITL,10,384,2025-05-13,2026-06-01,0,0,0,0.0,0,0,95.13,1.5225,1.3125,,,,2.4,VERY_BEARISH,15,0.632,2.0,2.0,1,0.0,,,0,0.0,13.946,66.7,13.34,E_CONSISTENT_MID
WEN,10,384,2025-05-13,2026-06-01,0,0,0,0.0,0,0,39.64,2.17,3.0,,,,2.4,NEUTRAL,15,0.507,3.0,3.0,1,0.0,,,0,0.0,16.541,66.7,13.34,E_CONSISTENT_MID
AEVA,5,12,2026-05-20,2026-06-01,0,0,0,0.0,0,0,83.1,2.285,2.3125,,,,2.5,BEARISH,2,0.707,3.0,3.0,1,0.0,,,0,0.0,12.734,66.6,13.32,E_CONSISTENT_MID
AGO,10,384,2025-05-13,2026-06-01,0,0,0,0.0,0,0,27.22,3.0211,3.5556,,,,4.11,NEUTRAL,19,0.567,3.0,3.0,2,0.0,3.0,3.0,2,0.0,15.465,66.6,13.32,E_CONSISTENT_MID
AIOT,10,384,2025-05-13,2026-06-01,0,0,0,0.0,0,0,19.1,2.7344,3.7222,,,,3.07,NEUTRAL,15,0.258,3.0,3.0,2,0.0,4.0,4.0,2,0.0,21.606,66.6,13.32,E_CONSISTENT_MID
APD,10,384,2025-05-13,2026-06-01,0,0,0,0.0,0,0,36.0,2.3425,3.3125,,,,2.27,BEARISH,15,0.458,4.0,4.0,1,0.0,,,0,0.0,17.596,66.6,13.32,E_CONSISTENT_MID
CB,10,384,2025-05-13,2026-06-01,0,0,0,0.0,0,0,24.59,2.7122,3.6111,,,,3.3,NEUTRAL,18,0.456,3.0,3.0,2,0.0,3.0,3.0,2,0.0,17.754,66.6,13.32,E_CONSISTENT_MID
CCBG,10,384,2025-05-13,2026-06-01,0,0,0,0.0,0,0,35.58,2.5525,3.3125,,,,3.15,NEUTRAL,23,0.892,4.0,4.0,1,0.0,,,0,0.0,9.059,66.6,13.32,E_CONSISTENT_MID
DTE,10,384,2025-05-13,2026-06-01,0,0,0,0.0,0,0,79.39,2.2525,2.3125,,,,3.92,NEUTRAL,21,0.685,3.0,3.0,1,0.0,,,0,0.0,13.129,66.6,13.32,E_CONSISTENT_MID
EL,10,384,2025-05-13,2026-06-01,0,0,0,0.0,0,0,61.52,1.7275,2.9375,,,,1.2,NEUTRAL,15,0.561,5.0,5.0,1,0.0,,,0,0.0,15.603,66.6,13.32,E_CONSISTENT_MID
FC,10,384,2025-05-13,2026-06-01,0,0,0,0.0,0,0,93.16,1.365,1.625,,,,1.57,VERY_BEARISH,17,0.957,3.0,3.0,1,0.0,,,0,0.0,7.705,66.6,13.32,E_CONSISTENT_MID
KPTI,10,384,2025-05-13,2026-06-01,0,0,0,0.0,0,0,34.07,2.1225,3.3125,,,,2.27,NEUTRAL,15,0.458,4.0,4.0,1,0.0,,,0,0.0,17.558,66.6,13.32,E_CONSISTENT_MID
LEU,10,384,2025-05-13,2026-06-01,0,0,0,0.0,0,0,76.22,1.3925,2.3125,,,,1.53,VERY_BEARISH,17,1.007,3.0,3.0,1,0.0,,,0,0.0,6.644,66.6,13.32,E_CONSISTENT_MID
MAT,10,384,2025-05-13,2026-06-01,0,0,0,0.0,0,0,61.99,2.6024,2.8889,,,,2.67,NEUTRAL,15,0.617,3.0,3.0,1,0.0,2.0,2.0,1,0.0,14.424,66.6,13.32,E_CONSISTENT_MID
MKL,10,384,2025-05-13,2026-06-01,0,0,0,0.0,0,0,75.17,2.2525,2.3125,,,,3.81,NEUTRAL,22,0.553,3.0,3.0,1,0.0,,,0,0.0,15.679,66.6,13.32,E_CONSISTENT_MID
PM,10,384,2025-05-13,2026-06-01,0,0,0,0.0,0,0,45.2,2.28,3.0,,,,2.67,BULLISH,15,0.617,3.0,3.0,1,0.0,,,0,0.0,14.393,66.6,13.32,E_CONSISTENT_MID
WS,10,384,2025-05-13,2026-06-01,0,0,0,0.0,0,0,89.64,1.155,1.625,,,,2.16,BEARISH,18,1.243,3.0,3.0,1,0.0,,,0,0.0,2.033,66.6,13.32,E_CONSISTENT_MID
BJRI,10,384,2025-05-13,2026-06-01,0,0,0,0.0,0,0,30.36,2.6789,3.4444,,,,3.44,BULLISH,18,0.502,3.0,3.0,2,0.0,2.0,2.0,2,0.0,16.949,66.5,13.3,E_CONSISTENT_MID
BNTX,7,373,2025-05-13,2026-05-21,0,0,0,0.0,0,0,57.89,1.8143,2.4,,,,3.06,NEUTRAL,17,0.748,,,0,0.0,,,0,0.0,12.088,66.5,13.3,E_CONSISTENT_MID
CBRE,10,384,2025-05-13,2026-06-01,0,0,0,0.0,0,0,81.01,2.1425,2.3125,,,,2.93,BEARISH,17,0.705,3.0,3.0,1,0.0,,,0,0.0,12.842,66.5,13.3,E_CONSISTENT_MID
EMBC,10,384,2025-05-13,2026-06-01,0,0,0,0.0,0,0,89.21,1.8075,1.6875,,,,2.88,VERY_BEARISH,17,0.69,1.0,1.0,1,0.0,,,0,0.0,13.27,66.5,13.3,E_CONSISTENT_MID
EXPE,10,384,2025-05-13,2026-06-01,0,0,0,0.0,0,0,23.98,2.7122,3.6111,,,,3.67,BULLISH,24,0.565,3.0,3.0,2,0.0,3.0,3.0,2,0.0,15.774,66.5,13.3,E_CONSISTENT_MID
FAST,10,384,2025-05-13,2026-06-01,0,0,0,0.0,0,0,53.09,2.38,3.0,,,,3.53,BEARISH,27,0.795,3.0,3.0,1,0.0,,,0,0.0,11.109,66.5,13.3,E_CONSISTENT_MID
IVZ,10,384,2025-05-13,2026-06-01,0,0,0,0.0,0,0,23.74,2.8983,3.6111,,,,3.89,VERY_BULLISH,24,0.664,3.0,3.0,3,0.0,3.0,3.0,3,0.0,13.796,66.5,13.3,E_CONSISTENT_MID
JBTM,10,384,2025-05-13,2026-06-01,0,0,0,0.0,0,0,50.27,2.06,3.0,,,,2.4,NEUTRAL,15,0.737,3.0,3.0,1,0.0,,,0,0.0,12.167,66.5,13.3,E_CONSISTENT_MID
JKS,7,373,2025-05-13,2026-05-21,0,0,0,0.0,0,0,73.59,1.6571,1.85,,,,2.67,BEARISH,9,1.323,,,0,0.0,,,0,0.0,0.573,66.5,13.3,E_CONSISTENT_MID
LYTS,10,384,2025-05-13,2026-06-01,0,0,0,0.0,0,0,75.79,2.2525,2.3125,,,,3.67,BEARISH,21,0.577,3.0,3.0,1,0.0,,,0,0.0,15.483,66.5,13.3,E_CONSISTENT_MID
MSI,10,384,2025-05-13,2026-06-01,0,0,0,0.0,0,0,91.57,1.475,1.625,,,,2.72,VERY_BEARISH,19,0.838,3.0,3.0,1,0.0,,,0,0.0,10.207,66.5,13.3,E_CONSISTENT_MID
NVTS,5,12,2026-05-20,2026-06-01,0,0,0,0.0,0,0,64.23,2.635,2.6875,,,,2.5,BEARISH,2,0.707,2.0,2.0,1,0.0,,,0,0.0,12.829,66.5,13.3,E_CONSISTENT_MID
PGC,10,384,2025-05-13,2026-06-01,0,0,0,0.0,0,0,33.14,2.1225,3.3125,,,,2.53,NEUTRAL,15,0.516,4.0,4.0,1,0.0,,,0,0.0,16.748,66.5,13.3,E_CONSISTENT_MID
SNPS,10,384,2025-05-13,2026-06-01,0,0,0,0.0,0,0,63.5,2.4275,2.6875,,,,2.47,NEUTRAL,15,0.743,2.0,2.0,1,0.0,,,0,0.0,12.053,66.5,13.3,E_CONSISTENT_MID
XNCR,10,384,2025-05-13,2026-06-01,0,0,0,0.0,0,0,95.01,1.5225,1.3125,,,,2.47,VERY_BEARISH,15,0.64,2.0,2.0,1,0.0,,,0,0.0,14.271,66.5,13.3,E_CONSISTENT_MID
BNL,10,384,2025-05-13,2026-06-01,0,0,0,0.0,0,0,61.1,2.6312,2.9444,,,,3,NEUTRAL,14,0.555,3.0,3.0,1,0.0,3.0,3.0,1,0.0,16.189,66.4,13.28,E_CONSISTENT_MID
CHMG,10,384,2025-05-13,2026-06-01,0,0,0,0.0,0,0,22.54,2.615,3.625,,,,2.47,NEUTRAL,15,0.64,5.0,5.0,1,0.0,,,0,0.0,14.319,66.4,13.28,E_CONSISTENT_MID
EBC,5,12,2026-05-20,2026-06-01,0,0,0,0.0,0,0,53.94,2.54,3.0,,,,2.5,NEUTRAL,2,0.707,3.0,3.0,1,0.0,,,0,0.0,12.991,66.4,13.28,E_CONSISTENT_MID
EGO,7,373,2025-05-13,2026-05-21,0,0,0,0.0,0,0,93.29,1.0429,1.3,,,,3.06,VERY_BEARISH,23,1.346,,,0,0.0,,,0,0.0,0.375,66.4,13.28,E_CONSISTENT_MID
EQH,10,384,2025-05-13,2026-06-01,0,0,0,0.0,0,0,69.37,2.365,2.375,,,,2.83,NEUTRAL,20,1.005,1.0,1.0,1,0.0,,,0,0.0,7.14,66.4,13.28,E_CONSISTENT_MID
FSTR,10,384,2025-05-13,2026-06-01,0,0,0,0.0,0,0,22.39,2.615,3.625,,,,2.82,BULLISH,18,0.76,5.0,5.0,1,0.0,,,0,0.0,11.945,66.4,13.28,E_CONSISTENT_MID
HEI,10,384,2025-05-13,2026-06-01,0,0,0,0.0,0,0,64.93,2.1075,2.6875,,,,2.42,NEUTRAL,18,0.73,2.0,2.0,1,0.0,,,0,0.0,12.559,66.4,13.28,E_CONSISTENT_MID
INGR,10,384,2025-05-13,2026-06-01,0,0,0,0.0,0,0,85.65,2.19,2.0,,,,3.64,NEUTRAL,23,0.483,2.0,2.0,1,0.0,,,0,0.0,17.556,66.4,13.28,E_CONSISTENT_MID
MED,10,384,2025-05-13,2026-06-01,0,0,0,0.0,0,0,75.44,1.8225,2.3125,,,,2.82,NEUTRAL,23,1.273,3.0,3.0,1,0.0,,,0,0.0,1.656,66.4,13.28,E_CONSISTENT_MID
MELI,10,384,2025-05-13,2026-06-01,0,0,0,0.0,0,0,98.53,1.24,1.0,,,,2.13,VERY_BEARISH,15,0.834,1.0,1.0,1,0.0,,,0,0.0,10.452,66.4,13.28,E_CONSISTENT_MID
NRG,10,384,2025-05-13,2026-06-01,0,0,0,0.0,0,0,91.45,1.585,1.625,,,,2.75,VERY_BEARISH,16,0.856,3.0,3.0,1,0.0,,,0,0.0,10.143,66.4,13.28,E_CONSISTENT_MID
RIGL,10,384,2025-05-13,2026-06-01,0,0,0,0.0,0,0,69.06,2.365,2.375,,,,4.19,NEUTRAL,31,0.686,1.0,1.0,1,0.0,,,0,0.0,13.535,66.4,13.28,E_CONSISTENT_MID
SAM,10,384,2025-05-13,2026-06-01,0,0,0,0.0,0,0,63.73,2.4275,2.6875,,,,3.74,NEUTRAL,28,0.778,2.0,2.0,1,0.0,,,0,0.0,11.631,66.4,13.28,E_CONSISTENT_MID
SCL,10,384,2025-05-13,2026-06-01,0,0,0,0.0,0,0,95.36,1.0925,1.3125,,,,2.31,VERY_BEARISH,22,1.185,2.0,2.0,1,0.0,,,0,0.0,3.439,66.4,13.28,E_CONSISTENT_MID
SHEL,10,384,2025-05-13,2026-06-01,0,0,0,0.0,0,0,43.16,1.2,3.0,,,,,,0,0.0,3.0,3.0,1,0.0,,,0,0.0,27.2,66.4,13.28,E_CONSISTENT_MID
TCOM,10,384,2025-05-13,2026-06-01,0,0,0,0.0,0,0,63.34,2.4275,2.6875,,,,3.52,NEUTRAL,24,0.728,2.0,2.0,1,0.0,,,0,0.0,12.646,66.4,13.28,E_CONSISTENT_MID
CDXS,10,384,2025-05-13,2026-06-01,0,0,0,0.0,0,0,26.76,2.7011,3.5556,,,,3.13,VERY_BULLISH,15,0.516,3.0,3.0,2,0.0,3.0,3.0,2,0.0,17.053,66.3,13.26,E_CONSISTENT_MID
GLPI,10,384,2025-05-13,2026-06-01,0,0,0,0.0,0,0,62.06,2.9224,2.8889,,,,3.85,BULLISH,20,0.366,3.0,3.0,1,0.0,2.0,2.0,1,0.0,20.016,66.3,13.26,E_CONSISTENT_MID
INBX,5,12,2026-05-20,2026-06-01,0,0,0,0.0,0,0,50.7,2.54,3.0,,,,2.5,NEUTRAL,2,0.707,3.0,3.0,1,0.0,,,0,0.0,13.263,66.3,13.26,E_CONSISTENT_MID
JBSS,10,384,2025-05-13,2026-06-01,0,0,0,0.0,0,0,50.31,2.81,3.0,,,,4.37,NEUTRAL,29,0.606,3.0,3.0,1,0.0,,,0,0.0,15.372,66.3,13.26,E_CONSISTENT_MID
MBOT,7,373,2025-05-13,2026-05-21,0,0,0,0.0,0,0,72.06,2.1143,1.85,,,,3.06,BEARISH,15,0.689,,,0,0.0,,,0,0.0,13.69,66.3,13.26,E_CONSISTENT_MID
MC,10,384,2025-05-13,2026-06-01,0,0,0,0.0,0,0,69.14,2.365,2.375,,,,4.27,NEUTRAL,21,0.833,1.0,1.0,1,0.0,,,0,0.0,10.716,66.3,13.26,E_CONSISTENT_MID
RIVN,10,384,2025-05-13,2026-06-01,0,0,0,0.0,0,0,90.99,1.585,1.625,,,,1.6,VERY_BEARISH,15,0.828,3.0,3.0,1,0.0,,,0,0.0,10.828,66.3,13.26,E_CONSISTENT_MID
VIA,5,12,2026-05-20,2026-06-01,0,0,0,0.0,0,0,87.66,1.715,1.9375,,,,1.5,VERY_BEARISH,2,0.707,4.0,4.0,1,0.0,,,0,0.0,13.262,66.3,13.26,E_CONSISTENT_MID
WAT,10,384,2025-05-13,2026-06-01,0,0,0,0.0,0,0,70.3,1.7125,2.3125,,,,3.5,BEARISH,22,0.964,3.0,3.0,1,0.0,,,0,0.0,8.09,66.3,13.26,E_CONSISTENT_MID
WWW,10,384,2025-05-13,2026-06-01,0,0,0,0.0,0,0,39.4,2.27,3.0,,,,2.8,NEUTRAL,15,0.561,3.0,3.0,1,0.0,,,0,0.0,16.193,66.3,13.26,E_CONSISTENT_MID
ZYME,10,384,2025-05-13,2026-06-01,0,0,0,0.0,0,0,89.48,1.585,1.625,,,,2.33,BEARISH,18,0.749,3.0,3.0,1,0.0,,,0,0.0,12.49,66.3,13.26,E_CONSISTENT_MID
ADNT,10,384,2025-05-13,2026-06-01,0,0,0,0.0,0,0,83.29,2.1425,2.3125,,,,2.89,VERY_BEARISH,19,0.804,3.0,3.0,1,0.0,,,0,0.0,11.514,66.2,13.24,E_CONSISTENT_MID
ANGI,10,384,2025-05-13,2026-06-01,0,0,0,0.0,0,0,66.16,2.8956,2.6667,,,,3.86,NEUTRAL,25,0.424,2.0,2.0,1,0.0,3.0,3.0,1,0.0,19.088,66.2,13.24,E_CONSISTENT_MID
ASIC,3,10,2026-05-22,2026-06-01,0,0,0,0.0,0,0,13.26,3.6667,4.0,,,,,,0,0.0,4.0,4.0,1,0.0,,,0,0.0,27.55,66.2,13.24,E_CONSISTENT_MID
BALL,10,384,2025-05-13,2026-06-01,0,0,0,0.0,0,0,82.17,1.6125,2.3125,,,,3.35,BEARISH,20,1.089,3.0,3.0,1,0.0,,,0,0.0,5.76,66.2,13.24,E_CONSISTENT_MID
D,10,384,2025-05-13,2026-06-01,0,0,0,0.0,0,0,54.76,2.28,3.0,,,,3.34,NEUTRAL,17,0.777,3.0,3.0,1,0.0,,,0,0.0,12.112,66.2,13.24,E_CONSISTENT_MID
EAT,10,384,2025-05-13,2026-06-01,0,0,0,0.0,0,0,26.45,2.7011,3.5556,,,,3.88,BULLISH,31,0.598,3.0,3.0,2,0.0,3.0,3.0,2,0.0,15.646,66.2,13.24,E_CONSISTENT_MID
EQT,10,384,2025-05-13,2026-06-01,0,0,0,0.0,0,0,53.52,2.27,3.0,,,,3.01,BEARISH,20,0.738,3.0,3.0,1,0.0,,,0,0.0,12.925,66.2,13.24,E_CONSISTENT_MID
FBP,10,384,2025-05-13,2026-06-01,0,0,0,0.0,0,0,36.85,2.7706,3.2778,,,,3.61,BULLISH,18,0.608,4.0,4.0,1,0.0,3.0,3.0,1,0.0,15.497,66.2,13.24,E_CONSISTENT_MID
HRTG,7,373,2025-05-13,2026-05-21,0,0,0,0.0,0,0,47.39,2.65,2.4,,,,4.55,NEUTRAL,26,0.639,,,0,0.0,,,0,0.0,14.745,66.2,13.24,E_CONSISTENT_MID
HSBC,10,384,2025-05-13,2026-06-01,0,0,0,0.0,0,0,34.49,2.5525,3.3125,,,,4.0,NEUTRAL,26,1.086,4.0,4.0,1,0.0,,,0,0.0,5.835,66.2,13.24,E_CONSISTENT_MID
KOD,10,384,2025-05-13,2026-06-01,0,0,0,0.0,0,0,76.45,2.2525,2.3125,,,,3.32,BEARISH,17,0.623,3.0,3.0,1,0.0,,,0,0.0,15.153,66.2,13.24,E_CONSISTENT_MID
KSS,10,384,2025-05-13,2026-06-01,0,0,0,0.0,0,0,22.2,2.615,3.625,,,,2.65,VERY_BULLISH,19,0.886,5.0,5.0,1,0.0,,,0,0.0,9.877,66.2,13.24,E_CONSISTENT_MID
L,10,384,2025-05-13,2026-06-01,0,0,0,0.0,0,0,49.54,2.27,3.0,,,,3.08,BEARISH,21,0.693,,,0,0.0,,,0,0.0,13.703,66.2,13.24,E_CONSISTENT_MID
MMM,10,384,2025-05-13,2026-06-01,0,0,0,0.0,0,0,48.34,2.06,3.0,,,,2.2,VERY_BULLISH,15,0.775,3.0,3.0,1,0.0,,,0,0.0,12.088,66.2,13.24,E_CONSISTENT_MID
NI,7,18,2026-05-14,2026-06-01,0,0,0,0.0,0,0,74.67,2.3179,2.3125,,,,3.65,NEUTRAL,20,0.489,3.0,3.0,1,0.0,,,0,0.0,17.913,66.2,13.24,E_CONSISTENT_MID
PINE,10,384,2025-05-13,2026-06-01,0,0,0,0.0,0,0,37.78,2.9779,3.1667,,,,4.29,NEUTRAL,28,0.535,4.0,4.0,1,0.0,2.0,2.0,1,0.0,16.996,66.2,13.24,E_CONSISTENT_MID
WNC,10,384,2025-05-13,2026-06-01,0,0,0,0.0,0,0,69.91,2.0425,2.3125,,,,2.2,BEARISH,15,0.414,3.0,3.0,1,0.0,,,0,0.0,19.267,66.2,13.24,E_CONSISTENT_MID
AAMI,10,384,2025-05-13,2026-06-01,0,0,0,0.0,0,0,38.44,2.9491,3.1111,,,,3.59,NEUTRAL,20,0.789,4.0,4.0,1,0.0,2.0,2.0,1,0.0,11.951,66.1,13.22,E_CONSISTENT_MID
ASTH,10,384,2025-05-13,2026-06-01,0,0,0,0.0,0,0,58.58,1.63,3.0,,,,1.13,NEUTRAL,15,0.516,3.0,3.0,1,0.0,,,0,0.0,17.462,66.1,13.22,E_CONSISTENT_MID
BETR,5,12,2026-05-20,2026-06-01,0,0,0,0.0,0,0,81.83,2.285,2.3125,,,,2.5,BEARISH,2,0.707,3.0,3.0,1,0.0,,,0,0.0,13.585,66.1,13.22,E_CONSISTENT_MID
CARG,10,384,2025-05-13,2026-06-01,0,0,0,0.0,0,0,81.21,2.1425,2.3125,,,,3.72,BEARISH,18,0.752,3.0,3.0,1,0.0,,,0,0.0,12.775,66.1,13.22,E_CONSISTENT_MID
DAL,10,384,2025-05-13,2026-06-01,0,0,0,0.0,0,0,24.28,3.2045,3.6111,,,,3.83,NEUTRAL,27,0.568,3.0,3.0,2,0.0,3.67,3.0,3,0.577,4.969,66.1,13.22,E_CONSISTENT_MID
HVT,10,384,2025-05-13,2026-06-01,0,0,0,0.0,0,0,69.3,2.365,2.375,,,,2.99,BEARISH,23,0.945,1.0,1.0,1,0.0,,,0,0.0,8.99,66.1,13.22,E_CONSISTENT_MID
JOBY,10,384,2025-05-13,2026-06-01,0,0,0,0.0,0,0,76.57,1.9325,2.3125,,,,1.47,NEUTRAL,15,0.743,3.0,3.0,1,0.0,,,0,0.0,12.865,66.1,13.22,E_CONSISTENT_MID
KLIC,10,384,2025-05-13,2026-06-01,0,0,0,0.0,0,0,22.27,2.35,3.625,,,,2.13,BEARISH,15,0.352,5.0,5.0,1,0.0,,,0,0.0,20.846,66.1,13.22,E_CONSISTENT_MID
MATW,10,384,2025-05-13,2026-06-01,0,0,0,0.0,0,0,75.64,2.2525,2.3125,,,,3.21,BEARISH,16,0.611,3.0,3.0,1,0.0,,,0,0.0,15.543,66.1,13.22,E_CONSISTENT_MID
NN,5,12,2026-05-20,2026-06-01,0,0,0,0.0,0,0,47.29,2.54,3.0,,,,2.5,NEUTRAL,2,0.707,3.0,3.0,1,0.0,,,0,0.0,13.657,66.1,13.22,E_CONSISTENT_MID
SITC,7,373,2025-05-13,2026-05-21,0,0,0,0.0,0,0,34.73,2.7286,2.4,,,,2.71,NEUTRAL,14,0.825,,,0,0.0,,,0,0.0,11.367,66.1,13.22,E_CONSISTENT_MID
SPFI,10,384,2025-05-13,2026-06-01,0,0,0,0.0,0,0,63.46,2.4275,2.6875,,,,4.24,NEUTRAL,23,0.78,2.0,2.0,1,0.0,,,0,0.0,12.118,66.1,13.22,E_CONSISTENT_MID
AD,10,384,2025-05-13,2026-06-01,0,0,0,0.0,0,0,36.43,2.1225,3.3125,,,,2,NEUTRAL,15,0.378,4.0,4.0,1,0.0,,,0,0.0,20.461,66.0,13.2,E_CONSISTENT_MID
AZTA,10,384,2025-05-13,2026-06-01,0,0,0,0.0,0,0,62.8,2.8808,2.7692,,,,3.13,BEARISH,15,0.516,,,0,0.0,2.0,2.0,1,0.0,17.643,66.0,13.2,E_CONSISTENT_MID
BBAR,2,1,2026-05-20,2026-05-21,0,0,0,0.0,0,0,81.69,1.85,1.85,,,,3.61,BEARISH,3,1.397,,,0,0.0,,,0,0.0,0.0,66.0,13.2,E_CONSISTENT_MID
BKH,10,384,2025-05-13,2026-06-01,0,0,0,0.0,0,0,81.75,2.2525,2.3125,,,,4.32,NEUTRAL,32,0.804,3.0,3.0,1,0.0,,,0,0.0,11.945,66.0,13.2,E_CONSISTENT_MID
CAC,7,18,2026-05-14,2026-06-01,0,0,0,0.0,0,0,31.63,2.8952,3.3333,,,,3.58,NEUTRAL,17,0.502,2.0,2.0,2,0.0,3.0,3.0,2,0.0,18.056,66.0,13.2,E_CONSISTENT_MID
CFFN,10,384,2025-05-13,2026-06-01,0,0,0,0.0,0,0,15.08,3.2424,3.8889,,,,4.18,BULLISH,26,0.446,3.5,4.0,2,0.707,3.0,3.0,3,0.0,4.957,66.0,13.2,E_CONSISTENT_MID
DE,10,384,2025-05-13,2026-06-01,0,0,0,0.0,0,0,93.43,1.905,1.625,,,,2.73,BEARISH,15,0.458,3.0,3.0,1,0.0,,,0,0.0,18.778,66.0,13.2,E_CONSISTENT_MID
GCT,10,384,2025-05-13,2026-06-01,0,0,0,0.0,0,0,18.37,3.2268,3.7222,,,,4.79,NEUTRAL,24,0.509,3.5,3.0,2,0.707,4.0,4.0,3,0.0,3.646,66.0,13.2,E_CONSISTENT_MID
HRTX,10,384,2025-05-13,2026-06-01,0,0,0,0.0,0,0,64.85,2.7475,2.6875,,,,3.77,NEUTRAL,22,0.429,2.0,2.0,1,0.0,,,0,0.0,19.358,66.0,13.2,E_CONSISTENT_MID
KINS,7,373,2025-05-13,2026-05-21,0,0,0,0.0,0,0,44.9,1.8929,2.4,,,,3.12,NEUTRAL,15,0.626,,,0,0.0,,,0,0.0,15.573,66.0,13.2,E_CONSISTENT_MID
OGN,10,384,2025-05-13,2026-06-01,0,0,0,0.0,0,0,20.34,3.1979,3.6667,,,,3.41,NEUTRAL,21,0.713,3.0,3.0,2,0.0,3.33,4.0,3,0.577,2.261,66.0,13.2,E_CONSISTENT_MID
ORA,10,384,2025-05-13,2026-06-01,0,0,0,0.0,0,0,46.17,1.85,3.0,,,,1.67,BEARISH,15,0.488,3.0,3.0,1,0.0,,,0,0.0,18.142,66.0,13.2,E_CONSISTENT_MID
PPG,10,384,2025-05-13,2026-06-01,0,0,0,0.0,0,0,73.59,1.8775,2.3125,,,,3.27,BEARISH,15,0.884,3.0,3.0,1,0.0,,,0,0.0,10.413,66.0,13.2,E_CONSISTENT_MID
RGP,10,384,2025-05-13,2026-06-01,0,0,0,0.0,0,0,88.48,1.6975,1.6875,,,,2.63,BEARISH,21,0.996,1.0,1.0,1,0.0,,,0,0.0,8.18,66.0,13.2,E_CONSISTENT_MID
SBRA,10,384,2025-05-13,2026-06-01,0,0,0,0.0,0,0,72.74,1.6025,2.3125,,,,2.66,BEARISH,17,0.944,3.0,3.0,1,0.0,,,0,0.0,9.07,66.0,13.2,E_CONSISTENT_MID
SFM,10,384,2025-05-13,2026-06-01,0,0,0,0.0,0,0,19.84,2.8779,3.6667,,,,3.1,BULLISH,18,0.327,3.0,3.0,2,0.0,3.67,4.0,3,0.577,9.87,66.0,13.2,E_CONSISTENT_MID
CALX,10,384,2025-05-13,2026-06-01,0,0,0,0.0,0,0,81.28,1.3925,2.3125,,,,1.65,BEARISH,18,1.111,3.0,3.0,1,0.0,,,0,0.0,5.917,65.9,13.18,E_CONSISTENT_MID
CW,10,384,2025-05-13,2026-06-01,0,0,0,0.0,0,0,21.27,3.2156,3.6667,,,,4.3,BULLISH,32,0.469,3.5,3.0,2,0.707,4.0,4.0,3,0.0,4.739,65.9,13.18,E_CONSISTENT_MID
ETN,10,384,2025-05-13,2026-06-01,0,0,0,0.0,0,0,61.02,2.9512,2.9444,,,,3.89,BEARISH,21,0.437,3.0,3.0,1,0.0,3.0,3.0,1,0.0,19.554,65.9,13.18,E_CONSISTENT_MID
HAIN,10,384,2025-05-13,2026-06-01,0,0,0,0.0,0,0,68.72,2.5468,2.6111,,,,2.33,NEUTRAL,15,0.617,2.0,2.0,1,0.0,2.0,2.0,1,0.0,15.765,65.9,13.18,E_CONSISTENT_MID
HBM,7,373,2025-05-13,2026-05-21,0,0,0,0.0,0,0,48.14,2.2714,2.4,,,,2.73,NEUTRAL,21,1.385,,,0,0.0,,,0,0.0,0.499,65.9,13.18,E_CONSISTENT_MID
RGLD,10,384,2025-05-13,2026-06-01,0,0,0,0.0,0,0,97.99,1.03,1.0,,,,2.63,VERY_BEARISH,19,1.192,1.0,1.0,1,0.0,,,0,0.0,4.324,65.9,13.18,E_CONSISTENT_MID
Z,10,384,2025-05-13,2026-06-01,0,0,0,0.0,0,0,39.06,2.325,3.0,,,,1.87,BEARISH,15,0.64,3.0,3.0,1,0.0,,,0,0.0,15.369,65.9,13.18,E_CONSISTENT_MID
AIT,10,384,2025-05-13,2026-06-01,0,0,0,0.0,0,0,61.18,2.9512,2.9444,,,,3.65,NEUTRAL,21,0.55,3.0,3.0,1,0.0,3.0,3.0,1,0.0,17.391,65.8,13.16,E_CONSISTENT_MID
AMT,10,384,2025-05-13,2026-06-01,0,0,0,0.0,0,0,36.04,2.4425,3.3125,,,,2.53,BULLISH,15,0.64,4.0,4.0,1,0.0,,,0,0.0,15.569,65.8,13.16,E_CONSISTENT_MID
CACC,10,384,2025-05-13,2026-06-01,0,0,0,0.0,0,0,35.65,2.4425,3.3125,,,,3.32,BEARISH,19,0.671,4.0,4.0,1,0.0,,,0,0.0,14.908,65.8,13.16,E_CONSISTENT_MID
MBWM,10,384,2025-05-13,2026-06-01,0,0,0,0.0,0,0,64.46,2.3175,2.6875,,,,3.66,BEARISH,24,0.788,2.0,2.0,1,0.0,,,0,0.0,12.707,65.8,13.16,E_CONSISTENT_MID
NIC,5,12,2026-05-20,2026-06-01,0,0,0,0.0,0,0,98.34,1.34,1.0,,,,1.5,VERY_BEARISH,2,0.707,1.0,1.0,1,0.0,,,0,0.0,14.345,65.8,13.16,E_CONSISTENT_MID
NNI,10,384,2025-05-13,2026-06-01,0,0,0,0.0,0,0,30.97,3.1424,3.3889,,,,4.26,BULLISH,27,0.526,2.0,2.0,2,0.0,3.33,4.0,3,0.577,6.399,65.8,13.16,E_CONSISTENT_MID
O,7,18,2026-05-14,2026-06-01,0,0,0,0.0,0,0,74.17,2.3179,2.3125,,,,3.6,NEUTRAL,15,0.507,3.0,3.0,1,0.0,,,0,0.0,18.198,65.8,13.16,E_CONSISTENT_MID
OKTA,10,384,2025-05-13,2026-06-01,0,0,0,0.0,0,0,46.52,2.325,3.0,,,,1.47,NEUTRAL,15,0.743,3.0,3.0,1,0.0,,,0,0.0,13.627,65.8,13.16,E_CONSISTENT_MID
SMTC,10,384,2025-05-13,2026-06-01,0,0,0,0.0,0,0,14.35,2.9401,3.8889,,,,3.07,NEUTRAL,15,0.258,4.0,4.0,2,0.0,3.67,3.0,3,0.577,11.686,65.8,13.16,E_CONSISTENT_MID
ABX,5,12,2026-05-20,2026-06-01,0,0,0,0.0,0,0,36.47,2.885,3.3125,,,,3.5,BULLISH,2,0.707,4.0,4.0,1,0.0,,,0,0.0,14.464,65.7,13.14,E_CONSISTENT_MID
ATEN,10,384,2025-05-13,2026-06-01,0,0,0,0.0,0,0,22.74,2.615,3.625,,,,3.97,NEUTRAL,28,0.632,5.0,5.0,1,0.0,,,0,0.0,15.867,65.7,13.14,E_CONSISTENT_MID
DOCU,10,384,2025-05-13,2026-06-01,0,0,0,0.0,0,0,35.15,2.4425,3.3125,,,,2.38,BULLISH,16,0.719,4.0,4.0,1,0.0,,,0,0.0,14.294,65.7,13.14,E_CONSISTENT_MID
FIVE,10,384,2025-05-13,2026-06-01,0,0,0,0.0,0,0,13.61,3.2535,3.9444,,,,4.43,BULLISH,26,0.687,4.0,4.0,2,0.0,3.67,4.0,3,0.577,3.411,65.7,13.14,E_CONSISTENT_MID
IMXI,10,384,2025-05-13,2026-06-01,0,0,0,0.0,0,0,92.42,1.585,1.625,,,,2.45,VERY_BEARISH,20,0.98,3.0,3.0,1,0.0,,,0,0.0,8.904,65.7,13.14,E_CONSISTENT_MID
PFG,10,384,2025-05-13,2026-06-01,0,0,0,0.0,0,0,45.55,2.06,3.0,,,,2.69,BEARISH,16,0.793,3.0,3.0,1,0.0,,,0,0.0,12.769,65.7,13.14,E_CONSISTENT_MID
SJM,10,384,2025-05-13,2026-06-01,0,0,0,0.0,0,0,72.47,1.8775,2.3125,,,,2.49,NEUTRAL,18,0.881,3.0,3.0,1,0.0,,,0,0.0,10.899,65.7,13.14,E_CONSISTENT_MID
VOD,10,384,2025-05-13,2026-06-01,0,0,0,0.0,0,0,40.06,1.2,3.0,,,,,,0,0.0,3.0,3.0,1,0.0,,,0,0.0,28.696,65.7,13.14,E_CONSISTENT_MID
APTV,10,384,2025-05-13,2026-06-01,0,0,0,0.0,0,0,99.88,1.03,1.0,,,,2.78,VERY_BEARISH,23,1.337,1.0,1.0,1,0.0,,,0,0.0,1.971,65.6,13.12,E_CONSISTENT_MID
INDB,10,384,2025-05-13,2026-06-01,0,0,0,0.0,0,0,18.29,2.7344,3.7222,,,,3.2,BULLISH,15,0.676,3.0,3.0,2,0.0,4.0,4.0,2,0.0,15.284,65.6,13.12,E_CONSISTENT_MID
LXFR,10,384,2025-05-13,2026-06-01,0,0,0,0.0,0,0,22.16,2.615,3.625,,,,3.9,BULLISH,27,0.974,5.0,5.0,1,0.0,,,0,0.0,9.367,65.6,13.12,E_CONSISTENT_MID
MITK,10,384,2025-05-13,2026-06-01,0,0,0,0.0,0,0,75.25,2.1425,2.3125,,,,3.21,BEARISH,19,0.631,3.0,3.0,1,0.0,,,0,0.0,16.21,65.6,13.12,E_CONSISTENT_MID
PIPR,10,384,2025-05-13,2026-06-01,0,0,0,0.0,0,0,23.24,3.2045,3.6111,,,,3.92,BULLISH,30,0.64,3.0,3.0,2,0.0,3.67,3.0,3,0.577,4.37,65.6,13.12,E_CONSISTENT_MID
PJT,10,384,2025-05-13,2026-06-01,0,0,0,0.0,0,0,64.0,1.9975,2.6875,,,,3.37,BEARISH,22,0.969,2.0,2.0,1,0.0,,,0,0.0,9.406,65.6,13.12,E_CONSISTENT_MID
PNTG,10,384,2025-05-13,2026-06-01,0,0,0,0.0,0,0,66.98,1.775,2.625,,,,2.37,BEARISH,18,1.044,4.0,4.0,1,0.0,,,0,0.0,7.917,65.6,13.12,E_CONSISTENT_MID
SLDP,5,12,2026-05-20,2026-06-01,0,0,0,0.0,0,0,42.92,3.1,3.0,,,,3.5,NEUTRAL,2,0.707,3.0,3.0,1,0.0,3.0,3.0,1,0.0,14.621,65.6,13.12,E_CONSISTENT_MID
SVCO,5,12,2026-05-20,2026-06-01,0,0,0,0.0,0,0,42.15,2.54,3.0,,,,2.5,NEUTRAL,2,0.707,3.0,3.0,1,0.0,,,0,0.0,14.707,65.6,13.12,E_CONSISTENT_MID
SWK,7,18,2026-05-14,2026-06-01,0,0,0,0.0,0,0,42.03,2.9,3.0,,,,3.23,NEUTRAL,23,0.85,3.0,3.0,1,0.0,3.0,3.0,1,0.0,11.777,65.6,13.12,E_CONSISTENT_MID
XYL,10,384,2025-05-13,2026-06-01,0,0,0,0.0,0,0,89.52,1.585,1.625,,,,2.54,VERY_BEARISH,17,0.819,3.0,3.0,1,0.0,,,0,0.0,12.459,65.6,13.12,E_CONSISTENT_MID
ASTE,10,384,2025-05-13,2026-06-01,0,0,0,0.0,0,0,89.44,1.9175,1.6875,,,,3.64,BEARISH,24,0.775,1.0,1.0,1,0.0,,,0,0.0,13.509,65.5,13.1,E_CONSISTENT_MID
KOPN,10,384,2025-05-13,2026-06-01,0,0,0,0.0,0,0,20.57,3.1803,3.6667,,,,2.93,BEARISH,15,0.799,3.0,3.0,2,0.0,3.33,4.0,3,0.577,1.477,65.5,13.1,E_CONSISTENT_MID
LADR,10,384,2025-05-13,2026-06-01,0,0,0,0.0,0,0,88.86,1.6975,1.6875,,,,2.57,BEARISH,19,1.134,1.0,1.0,1,0.0,,,0,0.0,6.364,65.5,13.1,E_CONSISTENT_MID
MRVI,10,384,2025-05-13,2026-06-01,0,0,0,0.0,0,0,47.95,2.38,3.0,,,,3.15,NEUTRAL,20,0.844,3.0,3.0,1,0.0,,,0,0.0,12.082,65.5,13.1,E_CONSISTENT_MID
NNN,10,384,2025-05-13,2026-06-01,0,0,0,0.0,0,0,60.83,2.9512,2.9444,,,,3.87,NEUTRAL,15,0.352,3.0,3.0,1,0.0,3.0,3.0,1,0.0,21.938,65.5,13.1,E_CONSISTENT_MID
PAM,10,384,2025-05-13,2026-06-01,0,0,0,0.0,0,0,45.98,1.2,3.0,,,,4.04,BULLISH,8,0.16,3.0,3.0,1,0.0,,,0,0.0,25.755,65.5,13.1,E_CONSISTENT_MID
SEB,10,384,2025-05-13,2026-06-01,0,0,0,0.0,0,0,43.46,2.06,3.0,,,,3.13,BEARISH,22,0.799,,,0,0.0,,,0,0.0,12.968,65.5,13.1,E_CONSISTENT_MID
STAG,10,384,2025-05-13,2026-06-01,0,0,0,0.0,0,0,66.51,2.315,2.625,,,,3.56,NEUTRAL,16,0.629,4.0,4.0,1,0.0,,,0,0.0,16.336,65.5,13.1,E_CONSISTENT_MID
UFPI,10,384,2025-05-13,2026-06-01,0,0,0,0.0,0,0,88.24,1.6975,1.6875,,,,1.83,BEARISH,17,0.971,1.0,1.0,1,0.0,,,0,0.0,9.676,65.5,13.1,E_CONSISTENT_MID
AAL,10,384,2025-05-13,2026-06-01,0,0,0,0.0,0,0,60.52,2.325,3.0,,,,2.25,BULLISH,17,0.923,3.0,3.0,1,0.0,,,0,0.0,10.742,65.4,13.08,E_CONSISTENT_MID
ACA,10,384,2025-05-13,2026-06-01,0,0,0,0.0,0,0,99.96,1.46,1.0,,,,2.3,NEUTRAL,18,1.103,1.0,1.0,1,0.0,,,0,0.0,7.143,65.4,13.08,E_CONSISTENT_MID
ALRM,10,384,2025-05-13,2026-06-01,0,0,0,0.0,0,0,27.15,2.7011,3.5556,,,,3.43,NEUTRAL,21,0.504,3.0,3.0,2,0.0,3.0,3.0,2,0.0,19.126,65.4,13.08,E_CONSISTENT_MID
AOSL,10,384,2025-05-13,2026-06-01,0,0,0,0.0,0,0,59.09,2.28,3.0,,,,1.64,BEARISH,16,0.89,3.0,3.0,1,0.0,,,0,0.0,11.32,65.4,13.08,E_CONSISTENT_MID
CARS,10,384,2025-05-13,2026-06-01,0,0,0,0.0,0,0,10.98,3.2515,4.1111,,,,4.42,BULLISH,31,0.554,5.0,5.0,2,0.0,2.67,3.0,3,0.577,6.504,65.4,13.08,E_CONSISTENT_MID
CVI,10,384,2025-05-13,2026-06-01,0,0,0,0.0,0,0,55.07,2.27,3.0,,,,1.6,VERY_BEARISH,15,0.828,3.0,3.0,1,0.0,,,0,0.0,12.657,65.4,13.08,E_CONSISTENT_MID
ENVA,10,384,2025-05-13,2026-06-01,0,0,0,0.0,0,0,14.89,3.2601,3.8889,,,,3.96,BULLISH,26,0.654,4.0,4.0,2,0.0,3.67,3.0,3,0.577,4.509,65.4,13.08,E_CONSISTENT_MID
EVTC,10,384,2025-05-13,2026-06-01,0,0,0,0.0,0,0,24.01,2.7122,3.6111,,,,3.45,BULLISH,21,0.666,3.0,3.0,2,0.0,3.0,3.0,2,0.0,15.81,65.4,13.08,E_CONSISTENT_MID
FANG,10,384,2025-05-13,2026-06-01,0,0,0,0.0,0,0,21.08,3.1979,3.6667,,,,3.19,NEUTRAL,18,0.778,3.0,3.0,2,0.0,3.67,4.0,3,0.577,2.108,65.4,13.08,E_CONSISTENT_MID
HIW,7,18,2026-05-14,2026-06-01,0,0,0,0.0,0,0,62.03,2.8177,2.8889,,,,2.93,NEUTRAL,15,0.594,3.0,3.0,1,0.0,2.0,2.0,1,0.0,17.348,65.4,13.08,E_CONSISTENT_MID
HMC,10,384,2025-05-13,2026-06-01,0,0,0,0.0,0,0,98.88,1.46,1.0,,,,1.55,VERY_BEARISH,17,0.917,1.0,1.0,1,0.0,,,0,0.0,10.783,65.4,13.08,E_CONSISTENT_MID
KMPR,10,384,2025-05-13,2026-06-01,0,0,0,0.0,0,0,98.69,1.14,1.0,,,,2.37,VERY_BEARISH,18,1.036,1.0,1.0,1,0.0,,,0,0.0,8.485,65.4,13.08,E_CONSISTENT_MID
TXNM,10,384,2025-05-13,2026-06-01,0,0,0,0.0,0,0,83.99,1.97,2.0,,,,2.73,BEARISH,15,0.458,2.0,2.0,1,0.0,,,0,0.0,20.064,65.4,13.08,E_CONSISTENT_MID
CON,10,384,2025-05-13,2026-06-01,0,0,0,0.0,0,0,35.38,2.1225,3.3125,,,,2.13,BULLISH,15,0.516,4.0,4.0,1,0.0,,,0,0.0,19.146,65.3,13.06,E_CONSISTENT_MID
IFF,7,18,2026-05-14,2026-06-01,0,0,0,0.0,0,0,20.69,2.9905,3.6667,,,,3.05,BULLISH,16,0.66,3.0,3.0,2,0.0,4.0,4.0,2,0.0,16.117,65.3,13.06,E_CONSISTENT_MID
KRUS,10,384,2025-05-13,2026-06-01,0,0,0,0.0,0,0,96.17,1.0925,1.3125,,,,2.67,VERY_BEARISH,15,1.345,2.0,2.0,1,0.0,,,0,0.0,2.445,65.3,13.06,E_CONSISTENT_MID
NVEC,10,384,2025-05-13,2026-06-01,0,0,0,0.0,0,0,14.11,2.7746,3.9231,,,,4.61,NEUTRAL,28,0.786,,,0,0.0,4.0,4.0,2,0.0,13.597,65.3,13.06,E_CONSISTENT_MID
PAYC,10,384,2025-05-13,2026-06-01,0,0,0,0.0,0,0,11.33,3.1211,4.0556,,,,2.87,VERY_BULLISH,15,0.915,5.0,5.0,2,0.0,2.0,2.0,2,0.0,11.038,65.3,13.06,E_CONSISTENT_MID
PECO,10,384,2025-05-13,2026-06-01,0,0,0,0.0,0,0,45.75,2.06,3.0,,,,2.81,BEARISH,16,0.834,3.0,3.0,1,0.0,,,0,0.0,12.706,65.3,13.06,E_CONSISTENT_MID
REYN,10,384,2025-05-13,2026-06-01,0,0,0,0.0,0,0,63.84,2.4275,2.6875,,,,2.67,NEUTRAL,19,0.908,2.0,2.0,1,0.0,,,0,0.0,11.25,65.3,13.06,E_CONSISTENT_MID
SCI,10,384,2025-05-13,2026-06-01,0,0,0,0.0,0,0,63.65,2.3175,2.6875,,,,3.23,NEUTRAL,19,0.686,2.0,2.0,1,0.0,,,0,0.0,15.639,65.3,13.06,E_CONSISTENT_MID
SLGN,10,384,2025-05-13,2026-06-01,0,0,0,0.0,0,0,90.6,1.365,1.625,,,,1.82,VERY_BEARISH,17,0.951,3.0,3.0,1,0.0,,,0,0.0,10.459,65.3,13.06,E_CONSISTENT_MID
TEO,10,384,2025-05-13,2026-06-01,0,0,0,0.0,0,0,62.26,2.5714,2.8571,,,,3.36,BULLISH,19,0.578,3.0,3.0,1,0.0,3.0,3.0,1,0.0,17.764,65.3,13.06,E_CONSISTENT_MID
WINA,10,384,2025-05-13,2026-06-01,0,0,0,0.0,0,0,83.76,1.76,2.0,,,,2.89,BEARISH,20,1.056,,,0,0.0,,,0,0.0,8.184,65.3,13.06,E_CONSISTENT_MID
AHCO,10,384,2025-05-13,2026-06-01,0,0,0,0.0,0,0,66.2,2.8956,2.6667,,,,3.49,NEUTRAL,21,0.534,2.0,2.0,1,0.0,3.0,3.0,1,0.0,18.949,65.2,13.04,E_CONSISTENT_MID
ALB,10,384,2025-05-13,2026-06-01,0,0,0,0.0,0,0,31.25,2.7397,3.3889,,,,3.46,NEUTRAL,19,0.583,5.0,5.0,1,0.0,2.0,2.0,1,0.0,17.968,65.2,13.04,E_CONSISTENT_MID
AVA,10,384,2025-05-13,2026-06-01,0,0,0,0.0,0,0,58.35,2.98,3.0,,,,4.75,VERY_BULLISH,23,0.637,3.0,3.0,1,0.0,3.0,3.0,1,0.0,16.92,65.2,13.04,E_CONSISTENT_MID
CSX,7,18,2026-05-14,2026-06-01,0,0,0,0.0,0,0,24.32,2.9746,3.6111,,,,3.44,BULLISH,17,0.546,3.0,3.0,2,0.0,3.0,3.0,2,0.0,18.763,65.2,13.04,E_CONSISTENT_MID
DOC,10,384,2025-05-13,2026-06-01,0,0,0,0.0,0,0,54.33,2.27,3.0,,,,3.47,BEARISH,19,0.841,3.0,3.0,1,0.0,,,0,0.0,12.753,65.2,13.04,E_CONSISTENT_MID
IBP,10,384,2025-05-13,2026-06-01,0,0,0,0.0,0,0,64.73,2.7475,2.6875,,,,3.17,BEARISH,18,0.513,2.0,2.0,1,0.0,,,0,0.0,19.38,65.2,13.04,E_CONSISTENT_MID
ADC,10,384,2025-05-13,2026-06-01,0,0,0,0.0,0,0,94.82,1.905,1.625,,,,3.27,BEARISH,15,0.704,3.0,3.0,1,0.0,,,0,0.0,15.759,65.1,13.02,E_CONSISTENT_MID
CAE,10,384,2025-05-13,2026-06-01,0,0,0,0.0,0,0,56.73,2.17,3.0,,,,2.23,NEUTRAL,17,0.829,3.0,3.0,1,0.0,,,0,0.0,13.139,65.1,13.02,E_CONSISTENT_MID
CORT,10,384,2025-05-13,2026-06-01,0,0,0,0.0,0,0,80.43,1.3925,2.3125,,,,1.63,BEARISH,18,1.193,3.0,3.0,1,0.0,,,0,0.0,6.024,65.1,13.02,E_CONSISTENT_MID
CZNC,7,373,2025-05-13,2026-05-21,0,0,0,0.0,0,0,93.83,1.5,1.3,,,,3.67,VERY_BEARISH,19,1.145,,,0,0.0,,,0,0.0,6.856,65.1,13.02,E_CONSISTENT_MID
FDP,10,384,2025-05-13,2026-06-01,0,0,0,0.0,0,0,86.35,2.19,2.0,,,,3.95,BEARISH,27,0.679,,,0,0.0,,,0,0.0,16.157,65.1,13.02,E_CONSISTENT_MID
HTO,10,384,2025-05-13,2026-06-01,0,0,0,0.0,0,0,64.81,2.4275,2.6875,,,,3.68,NEUTRAL,33,1.141,2.0,2.0,1,0.0,,,0,0.0,7.041,65.1,13.02,E_CONSISTENT_MID
HUM,10,384,2025-05-13,2026-06-01,0,0,0,0.0,0,0,51.16,1.74,3.0,,,,1.2,NEUTRAL,15,0.561,3.0,3.0,1,0.0,,,0,0.0,18.657,65.1,13.02,E_CONSISTENT_MID
KRO,10,384,2025-05-13,2026-06-01,0,0,0,0.0,0,0,23.67,3.1691,3.6111,,,,1.8,BULLISH,15,1.373,3.0,3.0,2,0.0,3.0,3.0,3,0.0,2.342,65.1,13.02,E_CONSISTENT_MID
RYN,10,384,2025-05-13,2026-06-01,0,0,0,0.0,0,0,72.85,1.6025,2.3125,,,,2.44,BEARISH,20,1.034,3.0,3.0,1,0.0,,,0,0.0,9.054,65.1,13.02,E_CONSISTENT_MID
SEDG,10,384,2025-05-13,2026-06-01,0,0,0,0.0,0,0,43.43,2.17,3.0,,,,3.05,NEUTRAL,19,0.705,3.0,3.0,1,0.0,,,0,0.0,15.681,65.1,13.02,E_CONSISTENT_MID
SWX,10,384,2025-05-13,2026-06-01,0,0,0,0.0,0,0,72.0,2.2525,2.3125,,,,3.52,NEUTRAL,29,0.578,3.0,3.0,1,0.0,,,0,0.0,18.247,65.1,13.02,E_CONSISTENT_MID
AWK,10,384,2025-05-13,2026-06-01,0,0,0,0.0,0,0,58.16,2.06,3.0,,,,3.26,NEUTRAL,20,0.909,3.0,3.0,1,0.0,,,0,0.0,11.838,65.0,13.0,E_CONSISTENT_MID
BLFS,10,384,2025-05-13,2026-06-01,0,0,0,0.0,0,0,94.24,1.74,1.625,,,,2.06,VERY_BEARISH,16,0.574,3.0,3.0,1,0.0,,,0,0.0,18.494,65.0,13.0,E_CONSISTENT_MID
CDW,10,384,2025-05-13,2026-06-01,0,0,0,0.0,0,0,56.34,2.755,3.0,,,,4.14,BULLISH,18,0.718,3.0,3.0,1,0.0,,,0,0.0,15.596,65.0,13.0,E_CONSISTENT_MID
CLB,10,384,2025-05-13,2026-06-01,0,0,0,0.0,0,0,86.7,2.19,2.0,,,,2.63,VERY_BEARISH,18,0.783,2.0,2.0,1,0.0,,,0,0.0,14.344,65.0,13.0,E_CONSISTENT_MID
FLR,10,384,2025-05-13,2026-06-01,0,0,0,0.0,0,0,93.08,1.475,1.625,,,,2.78,VERY_BEARISH,19,1.075,3.0,3.0,1,0.0,,,0,0.0,8.462,65.0,13.0,E_CONSISTENT_MID
GBX,10,384,2025-05-13,2026-06-01,0,0,0,0.0,0,0,89.1,1.4775,1.6875,,,,2.65,VERY_BEARISH,26,1.146,1.0,1.0,1,0.0,,,0,0.0,7.167,65.0,13.0,E_CONSISTENT_MID
GFI,7,373,2025-05-13,2026-05-21,0,0,0,0.0,0,0,92.47,1.0429,1.3,,,,3.54,VERY_BEARISH,27,1.481,,,0,0.0,,,0,0.0,0.284,65.0,13.0,E_CONSISTENT_MID
LAKE,10,384,2025-05-13,2026-06-01,0,0,0,0.0,0,0,85.34,2.025,2.0,,,,2.53,BEARISH,15,0.64,2.0,2.0,1,0.0,,,0,0.0,17.227,65.0,13.0,E_CONSISTENT_MID
BR,10,384,2025-05-13,2026-06-01,0,0,0,0.0,0,0,57.15,2.17,3.0,,,,2.42,BEARISH,19,0.852,3.0,3.0,1,0.0,,,0,0.0,13.155,64.9,12.98,E_CONSISTENT_MID
CCK,10,384,2025-05-13,2026-06-01,0,0,0,0.0,0,0,80.97,1.6025,2.3125,,,,2.82,VERY_BEARISH,24,1.175,3.0,3.0,1,0.0,,,0,0.0,6.766,64.9,12.98,E_CONSISTENT_MID
CUBI,10,384,2025-05-13,2026-06-01,0,0,0,0.0,0,0,13.69,2.7789,3.9444,,,,3.52,BULLISH,21,0.512,4.0,4.0,2,0.0,4.0,4.0,2,0.0,19.984,64.9,12.98,E_CONSISTENT_MID
CVEO,5,12,2026-05-20,2026-06-01,0,0,0,0.0,0,0,36.89,3.2111,3.2778,,,,3.5,NEUTRAL,2,0.707,4.0,4.0,1,0.0,3.0,3.0,1,0.0,16.095,64.9,12.98,E_CONSISTENT_MID
F,10,384,2025-05-13,2026-06-01,0,0,0,0.0,0,0,53.13,2.38,3.0,,,,2.8,BEARISH,20,0.951,3.0,3.0,1,0.0,,,0,0.0,11.109,64.9,12.98,E_CONSISTENT_MID
G,10,384,2025-05-13,2026-06-01,0,0,0,0.0,0,0,78.11,2.2525,2.3125,,,,3.32,BEARISH,21,0.815,3.0,3.0,1,0.0,,,0,0.0,13.903,64.9,12.98,E_CONSISTENT_MID
IMAX,10,384,2025-05-13,2026-06-01,0,0,0,0.0,0,0,76.84,1.3925,2.3125,,,,2.67,BEARISH,15,1.175,3.0,3.0,1,0.0,,,0,0.0,6.659,64.9,12.98,E_CONSISTENT_MID
ORI,10,384,2025-05-13,2026-06-01,0,0,0,0.0,0,0,62.88,2.9244,2.7222,,,,4.48,BULLISH,25,0.483,2.0,2.0,1,0.0,3.0,3.0,1,0.0,20.587,64.9,12.98,E_CONSISTENT_MID
PATK,10,384,2025-05-13,2026-06-01,0,0,0,0.0,0,0,98.18,1.03,1.0,,,,2.77,VERY_BEARISH,17,1.302,1.0,1.0,1,0.0,,,0,0.0,4.073,64.9,12.98,E_CONSISTENT_MID
PCT,5,12,2026-05-20,2026-06-01,0,0,0,0.0,0,0,91.26,1.37,1.625,,,,2,NEUTRAL,2,1.414,3.0,3.0,1,0.0,,,0,0.0,1.932,64.9,12.98,E_CONSISTENT_MID
PLBC,10,384,2025-05-13,2026-06-01,0,0,0,0.0,0,0,45.28,2.06,3.0,,,,2.78,BEARISH,20,0.874,3.0,3.0,1,0.0,,,0,0.0,12.799,64.9,12.98,E_CONSISTENT_MID
CHGG,10,384,2025-05-13,2026-06-01,0,0,0,0.0,0,0,10.02,3.0886,4.1429,,,,3.31,BULLISH,16,0.479,5.0,5.0,1,0.0,2.0,2.0,1,0.0,20.749,64.8,12.96,E_CONSISTENT_MID
CRI,10,384,2025-05-13,2026-06-01,0,0,0,0.0,0,0,16.28,3.2136,3.8333,,,,3.53,BULLISH,15,0.64,3.5,4.0,2,0.707,3.0,3.0,3,0.0,3.427,64.8,12.96,E_CONSISTENT_MID
CWK,10,384,2025-05-13,2026-06-01,0,0,0,0.0,0,0,54.87,2.81,3.0,,,,3.21,BEARISH,18,0.717,3.0,3.0,1,0.0,,,0,0.0,16.039,64.8,12.96,E_CONSISTENT_MID
FPI,10,384,2025-05-13,2026-06-01,0,0,0,0.0,0,0,52.63,2.755,3.0,,,,4.42,NEUTRAL,24,0.754,3.0,3.0,1,0.0,,,0,0.0,15.353,64.8,12.96,E_CONSISTENT_MID
GSAT,10,384,2025-05-13,2026-06-01,0,0,0,0.0,0,0,99.03,1.35,1.0,,,,2.28,VERY_BEARISH,16,1.001,1.0,1.0,1,0.0,,,0,0.0,10.413,64.8,12.96,E_CONSISTENT_MID
J,10,384,2025-05-13,2026-06-01,0,0,0,0.0,0,0,92.3,1.475,1.625,,,,2.44,VERY_BEARISH,20,1.061,3.0,3.0,1,0.0,,,0,0.0,9.227,64.8,12.96,E_CONSISTENT_MID
KTB,10,384,2025-05-13,2026-06-01,0,0,0,0.0,0,0,85.38,1.76,2.0,,,,2.48,BEARISH,16,1.271,2.0,2.0,1,0.0,,,0,0.0,4.892,64.8,12.96,E_CONSISTENT_MID
MAA,10,384,2025-05-13,2026-06-01,0,0,0,0.0,0,0,48.88,2.17,3.0,,,,1.93,BULLISH,15,0.799,3.0,3.0,1,0.0,,,0,0.0,14.436,64.8,12.96,E_CONSISTENT_MID
STWD,10,384,2025-05-13,2026-06-01,0,0,0,0.0,0,0,66.43,2.315,2.625,,,,3.12,VERY_BEARISH,17,0.697,4.0,4.0,1,0.0,,,0,0.0,16.407,64.8,12.96,E_CONSISTENT_MID
TDS,10,384,2025-05-13,2026-06-01,0,0,0,0.0,0,0,71.73,2.2525,2.3125,,,,2.69,VERY_BEARISH,16,0.602,3.0,3.0,1,0.0,,,0,0.0,18.382,64.8,12.96,E_CONSISTENT_MID
UTI,10,384,2025-05-13,2026-06-01,0,0,0,0.0,0,0,70.8,2.0325,2.3125,,,,2.76,BEARISH,17,0.662,3.0,3.0,1,0.0,,,0,0.0,17.235,64.8,12.96,E_CONSISTENT_MID
AB,10,384,2025-05-13,2026-06-01,0,0,0,0.0,0,0,97.6,1.3025,1.3125,,,,2.74,VERY_BEARISH,19,1.241,2.0,2.0,1,0.0,,,0,0.0,5.771,64.7,12.94,E_CONSISTENT_MID
CQP,10,384,2025-05-13,2026-06-01,0,0,0,0.0,0,0,18.75,3.0544,3.7222,,,,3.89,NEUTRAL,19,0.809,3.0,3.0,2,0.0,4.0,4.0,2,0.0,14.443,64.7,12.94,E_CONSISTENT_MID
ENR,10,384,2025-05-13,2026-06-01,0,0,0,0.0,0,0,79.12,2.2525,2.3125,,,,2.52,BEARISH,17,0.859,3.0,3.0,1,0.0,,,0,0.0,13.367,64.7,12.94,E_CONSISTENT_MID
HLI,10,384,2025-05-13,2026-06-01,0,0,0,0.0,0,0,85.77,2.08,2.0,,,,3.33,BEARISH,18,0.687,2.0,2.0,1,0.0,,,0,0.0,16.906,64.7,12.94,E_CONSISTENT_MID
RUM,5,12,2026-05-20,2026-06-01,0,0,0,0.0,0,0,90.91,1.37,1.625,,,,2,NEUTRAL,2,1.414,3.0,3.0,1,0.0,,,0,0.0,2.226,64.7,12.94,E_CONSISTENT_MID
SMTI,7,373,2025-05-13,2026-05-21,0,0,0,0.0,0,0,34.33,1.8143,2.4,,,,3.33,NEUTRAL,21,0.73,,,0,0.0,,,0,0.0,16.05,64.7,12.94,E_CONSISTENT_MID
SPH,10,384,2025-05-13,2026-06-01,0,0,0,0.0,0,0,72.27,2.2525,2.3125,,,,2.6,BULLISH,15,0.632,3.0,3.0,1,0.0,,,0,0.0,17.991,64.7,12.94,E_CONSISTENT_MID
WSBC,5,12,2026-05-20,2026-06-01,0,0,0,0.0,0,0,29.39,3.4824,3.4444,,,,2.92,NEUTRAL,13,1.038,2.0,2.0,2,0.0,4.0,4.0,3,0.0,9.748,64.7,12.94,E_CONSISTENT_MID
AXTA,10,384,2025-05-13,2026-06-01,0,0,0,0.0,0,0,58.08,2.06,3.0,,,,2.68,NEUTRAL,19,0.946,3.0,3.0,1,0.0,,,0,0.0,11.843,64.6,12.92,E_CONSISTENT_MID
BC,10,384,2025-05-13,2026-06-01,0,0,0,0.0,0,0,81.98,2.0425,2.3125,,,,2.3,NEUTRAL,17,0.922,3.0,3.0,1,0.0,,,0,0.0,12.38,64.6,12.92,E_CONSISTENT_MID
BKV,5,12,2026-05-20,2026-06-01,0,0,0,0.0,0,0,89.4,2.035,1.6875,,,,2.5,BEARISH,2,0.707,1.0,1.0,1,0.0,,,0,0.0,16.569,64.6,12.92,E_CONSISTENT_MID
CHCT,10,384,2025-05-13,2026-06-01,0,0,0,0.0,0,0,94.04,2.015,1.625,,,,3.31,NEUTRAL,16,0.602,3.0,3.0,1,0.0,,,0,0.0,18.796,64.6,12.92,E_CONSISTENT_MID
CWCO,7,18,2026-05-14,2026-06-01,0,0,0,0.0,0,0,37.94,2.8476,3.1667,,,,4.17,NEUTRAL,23,0.754,1.0,1.0,2,0.0,4.0,4.0,2,0.0,15.702,64.6,12.92,E_CONSISTENT_MID
EMN,10,384,2025-05-13,2026-06-01,0,0,0,0.0,0,0,93.27,1.905,1.625,,,,2.94,NEUTRAL,16,0.574,3.0,3.0,1,0.0,,,0,0.0,19.301,64.6,12.92,E_CONSISTENT_MID
FICO,10,384,2025-05-13,2026-06-01,0,0,0,0.0,0,0,52.9,2.17,3.0,,,,2.44,BULLISH,17,0.852,3.0,3.0,1,0.0,,,0,0.0,13.709,64.6,12.92,E_CONSISTENT_MID
LAZ,10,384,2025-05-13,2026-06-01,0,0,0,0.0,0,0,69.18,2.155,2.375,,,,1.47,VERY_BEARISH,15,0.834,1.0,1.0,1,0.0,,,0,0.0,14.172,64.6,12.92,E_CONSISTENT_MID
LFVN,10,384,2025-05-13,2026-06-01,0,0,0,0.0,0,0,64.5,2.7475,2.6875,,,,4.1,NEUTRAL,33,0.557,2.0,2.0,1,0.0,,,0,0.0,19.758,64.6,12.92,E_CONSISTENT_MID
OI,10,384,2025-05-13,2026-06-01,0,0,0,0.0,0,0,98.26,1.03,1.0,,,,1.67,VERY_BEARISH,19,1.344,1.0,1.0,1,0.0,,,0,0.0,3.967,64.6,12.92,E_CONSISTENT_MID
PKG,10,384,2025-05-13,2026-06-01,0,0,0,0.0,0,0,84.8,1.87,2.0,,,,1.88,NEUTRAL,16,0.728,2.0,2.0,1,0.0,,,0,0.0,16.293,64.6,12.92,E_CONSISTENT_MID
SEI,10,384,2025-05-13,2026-06-01,0,0,0,0.0,0,0,43.39,2.06,3.0,,,,1.56,NEUTRAL,16,0.892,3.0,3.0,1,0.0,,,0,0.0,12.972,64.6,12.92,E_CONSISTENT_MID
VRDN,10,384,2025-05-13,2026-06-01,0,0,0,0.0,0,0,70.46,1.3925,2.3125,,,,1.56,BEARISH,18,1.149,3.0,3.0,1,0.0,,,0,0.0,7.877,64.6,12.92,E_CONSISTENT_MID
AMWD,10,384,2025-05-13,2026-06-01,0,0,0,0.0,0,0,87.35,1.98,2.0,,,,2.57,NEUTRAL,17,0.907,,,0,0.0,,,0,0.0,12.765,64.5,12.9,E_CONSISTENT_MID
ASAN,10,384,2025-05-13,2026-06-01,0,0,0,0.0,0,0,82.48,2.2525,2.3125,,,,1.67,NEUTRAL,15,0.976,3.0,3.0,1,0.0,,,0,0.0,11.511,64.5,12.9,E_CONSISTENT_MID
CCOI,10,384,2025-05-13,2026-06-01,0,0,0,0.0,0,0,29.04,2.69,3.5,,,,2.67,BULLISH,15,0.724,3.0,3.0,2,0.0,2.0,2.0,2,0.0,16.551,64.5,12.9,E_CONSISTENT_MID
EFSC,10,384,2025-05-13,2026-06-01,0,0,0,0.0,0,0,21.23,2.7233,3.6667,,,,4.07,VERY_BULLISH,23,0.701,3.0,3.0,2,0.0,4.0,4.0,2,0.0,16.925,64.5,12.9,E_CONSISTENT_MID
VLTO,10,384,2025-05-13,2026-06-01,0,0,0,0.0,0,0,70.57,2.2525,2.3125,,,,3.08,BEARISH,18,0.602,3.0,3.0,1,0.0,,,0,0.0,18.876,64.5,12.9,E_CONSISTENT_MID
CHRW,10,384,2025-05-13,2026-06-01,0,0,0,0.0,0,0,80.63,2.0325,2.3125,,,,3.85,BULLISH,31,0.96,3.0,3.0,1,0.0,,,0,0.0,12.002,64.4,12.88,E_CONSISTENT_MID
CLH,10,384,2025-05-13,2026-06-01,0,0,0,0.0,0,0,56.11,2.81,3.0,,,,4.26,BEARISH,23,0.752,3.0,3.0,1,0.0,,,0,0.0,16.092,64.4,12.88,E_CONSISTENT_MID
DOV,10,384,2025-05-13,2026-06-01,0,0,0,0.0,0,0,68.99,2.7732,2.3889,,,,3.78,NEUTRAL,23,0.422,3.0,3.0,1,0.0,3.0,3.0,1,0.0,22.709,64.4,12.88,E_CONSISTENT_MID
JACK,10,384,2025-05-13,2026-06-01,0,0,0,0.0,0,0,64.62,1.9975,2.6875,,,,2.78,NEUTRAL,18,1.114,2.0,2.0,1,0.0,,,0,0.0,8.86,64.4,12.88,E_CONSISTENT_MID
MBIN,10,384,2025-05-13,2026-06-01,0,0,0,0.0,0,0,75.6,2.2525,2.3125,,,,3.79,BEARISH,24,0.779,3.0,3.0,1,0.0,,,0,0.0,15.541,64.4,12.88,E_CONSISTENT_MID
MTUS,10,384,2025-05-13,2026-06-01,0,0,0,0.0,0,0,33.72,2.4425,3.3125,,,,1.73,NEUTRAL,15,0.884,4.0,4.0,1,0.0,,,0,0.0,13.453,64.4,12.88,E_CONSISTENT_MID
RL,10,384,2025-05-13,2026-06-01,0,0,0,0.0,0,0,73.24,2.1425,2.3125,,,,3.42,BEARISH,24,0.654,3.0,3.0,1,0.0,,,0,0.0,18.067,64.4,12.88,E_CONSISTENT_MID
SAMG,7,373,2025-05-13,2026-05-21,0,0,0,0.0,0,0,67.42,2.0357,1.85,,,,3.8,BEARISH,18,0.723,,,0,0.0,,,0,0.0,16.778,64.4,12.88,E_CONSISTENT_MID
SMG,10,384,2025-05-13,2026-06-01,0,0,0,0.0,0,0,72.39,2.2525,2.3125,,,,3.18,BEARISH,22,0.664,3.0,3.0,1,0.0,,,0,0.0,17.862,64.4,12.88,E_CONSISTENT_MID
TRTX,10,384,2025-05-13,2026-06-01,0,0,0,0.0,0,0,32.29,2.1225,3.3125,,,,2.33,BEARISH,18,0.762,4.0,4.0,1,0.0,,,0,0.0,15.972,64.4,12.88,E_CONSISTENT_MID
ABG,10,384,2025-05-13,2026-06-01,0,0,0,0.0,0,0,37.59,2.7537,3.2222,,,,3.46,NEUTRAL,21,0.683,2.0,2.0,2,0.0,2.0,2.0,3,0.0,17.741,64.3,12.86,E_CONSISTENT_MID
AFG,10,384,2025-05-13,2026-06-01,0,0,0,0.0,0,0,36.27,2.3325,3.3125,,,,2.94,BEARISH,18,0.629,4.0,4.0,1,0.0,,,0,0.0,18.826,64.3,12.86,E_CONSISTENT_MID
APA,10,384,2025-05-13,2026-06-01,0,0,0,0.0,0,0,21.62,3.1979,3.6667,,,,3.76,NEUTRAL,23,0.767,3.0,3.0,2,0.0,3.67,4.0,3,0.577,4.53,64.3,12.86,E_CONSISTENT_MID
CBFV,7,373,2025-05-13,2026-05-21,0,0,0,0.0,0,0,80.12,1.2,1.85,,,,1.57,BEARISH,16,1.22,,,0,0.0,,,0,0.0,6.926,64.3,12.86,E_CONSISTENT_MID
CCRN,10,384,2025-05-13,2026-06-01,0,0,0,0.0,0,0,29.0,2.69,3.5,,,,4.43,BULLISH,21,0.746,3.0,3.0,2,0.0,2.0,2.0,2,0.0,16.551,64.3,12.86,E_CONSISTENT_MID
DEC,5,12,2026-05-20,2026-06-01,0,0,0,0.0,0,0,22.43,3.01,3.625,,,,3.5,BULLISH,2,0.707,5.0,5.0,1,0.0,,,0,0.0,17.202,64.3,12.86,E_CONSISTENT_MID
HL,10,384,2025-05-13,2026-06-01,0,0,0,0.0,0,0,77.3,2.2525,2.3125,,,,3.18,NEUTRAL,19,0.856,3.0,3.0,1,0.0,,,0,0.0,14.259,64.3,12.86,E_CONSISTENT_MID
KGC,10,384,2025-05-13,2026-06-01,0,0,0,0.0,0,0,68.68,2.2533,2.6111,,,,3.81,BEARISH,28,1.001,3.0,3.0,1,0.0,5.0,5.0,1,0.0,11.403,64.3,12.86,E_CONSISTENT_MID
KREF,10,384,2025-05-13,2026-06-01,0,0,0,0.0,0,0,88.9,1.5325,1.6875,,,,3.27,BEARISH,15,1.163,1.0,1.0,1,0.0,,,0,0.0,8.132,64.3,12.86,E_CONSISTENT_MID
SBUX,10,384,2025-05-13,2026-06-01,0,0,0,0.0,0,0,21.85,2.185,3.625,,,,2.8,BULLISH,15,0.561,5.0,5.0,1,0.0,,,0,0.0,20.222,64.3,12.86,E_CONSISTENT_MID
VKTX,5,12,2026-05-20,2026-06-01,0,0,0,0.0,0,0,70.61,2.285,2.3125,,,,2.31,BEARISH,13,0.48,3.0,3.0,1,0.0,,,0,0.0,21.852,64.3,12.86,E_CONSISTENT_MID
VRE,10,384,2025-05-13,2026-06-01,0,0,0,0.0,0,0,70.42,2.0325,2.3125,,,,2.93,BEARISH,15,0.704,3.0,3.0,1,0.0,,,0,0.0,17.299,64.3,12.86,E_CONSISTENT_MID
HON,10,384,2025-05-13,2026-06-01,0,0,0,0.0,0,0,51.31,2.06,3.0,,,,3.02,BULLISH,19,0.983,3.0,3.0,1,0.0,,,0,0.0,11.958,64.2,12.84,E_CONSISTENT_MID
HOOD,10,384,2025-05-13,2026-06-01,0,0,0,0.0,0,0,96.33,1.5225,1.3125,,,,1.88,BEARISH,17,1.082,2.0,2.0,1,0.0,,,0,0.0,9.951,64.2,12.84,E_CONSISTENT_MID
ITGR,10,384,2025-05-13,2026-06-01,0,0,0,0.0,0,0,85.58,2.08,2.0,,,,3.34,BEARISH,25,0.699,2.0,2.0,1,0.0,,,0,0.0,17.637,64.2,12.84,E_CONSISTENT_MID
KD,10,384,2025-05-13,2026-06-01,0,0,0,0.0,0,0,98.72,1.03,1.0,,,,1.71,VERY_BEARISH,19,1.411,1.0,1.0,1,0.0,,,0,0.0,3.366,64.2,12.84,E_CONSISTENT_MID
LDOS,10,384,2025-05-13,2026-06-01,0,0,0,0.0,0,0,76.26,1.9325,2.3125,,,,3.26,BEARISH,22,0.952,3.0,3.0,1,0.0,,,0,0.0,12.488,64.2,12.84,E_CONSISTENT_MID
MTD,10,384,2025-05-13,2026-06-01,0,0,0,0.0,0,0,60.9,2.9512,2.9444,,,,4.5,BULLISH,34,0.5,3.0,3.0,1,0.0,3.0,3.0,1,0.0,21.683,64.2,12.84,E_CONSISTENT_MID
PHR,10,384,2025-05-13,2026-06-01,0,0,0,0.0,0,0,61.95,2.9224,2.8889,,,,4.24,BULLISH,30,0.433,3.0,3.0,1,0.0,2.0,2.0,1,0.0,22.845,64.2,12.84,E_CONSISTENT_MID
SBGI,10,384,2025-05-13,2026-06-01,0,0,0,0.0,0,0,43.58,1.95,3.0,,,,2.88,BULLISH,16,0.719,3.0,3.0,1,0.0,,,0,0.0,17.305,64.2,12.84,E_CONSISTENT_MID
ALKS,10,384,2025-05-13,2026-06-01,0,0,0,0.0,0,0,82.91,2.0325,2.3125,,,,3.54,BEARISH,22,1.042,3.0,3.0,1,0.0,,,0,0.0,10.996,64.1,12.82,E_CONSISTENT_MID
ARVN,10,384,2025-05-13,2026-06-01,0,0,0,0.0,0,0,94.47,1.155,1.625,,,,3.08,BEARISH,24,1.523,3.0,3.0,1,0.0,,,0,0.0,1.384,64.1,12.82,E_CONSISTENT_MID
CHE,10,384,2025-05-13,2026-06-01,0,0,0,0.0,0,0,38.05,2.6233,3.1667,,,,2.91,BULLISH,20,0.861,2.0,2.0,2,0.0,2.0,2.0,2,0.0,14.58,64.1,12.82,E_CONSISTENT_MID
HLIO,10,384,2025-05-13,2026-06-01,0,0,0,0.0,0,0,34.61,2.2875,3.3125,,,,2.38,BULLISH,16,0.719,4.0,4.0,1,0.0,,,0,0.0,17.325,64.1,12.82,E_CONSISTENT_MID
JILL,10,384,2025-05-13,2026-06-01,0,0,0,0.0,0,0,69.22,2.365,2.375,,,,3.5,NEUTRAL,26,1.107,1.0,1.0,1,0.0,,,0,0.0,9.662,64.1,12.82,E_CONSISTENT_MID
KRMN,5,12,2026-05-20,2026-06-01,0,0,0,0.0,0,0,76.37,2.285,2.3125,,,,2.5,BEARISH,2,0.707,3.0,3.0,1,0.0,,,0,0.0,17.714,64.1,12.82,E_CONSISTENT_MID
LXU,10,384,2025-05-13,2026-06-01,0,0,0,0.0,0,0,62.53,2.8936,2.8333,,,,3.47,BULLISH,15,0.516,3.0,3.0,1,0.0,2.0,2.0,1,0.0,21.461,64.1,12.82,E_CONSISTENT_MID
MCS,10,384,2025-05-13,2026-06-01,0,0,0,0.0,0,0,75.56,2.0325,2.3125,,,,3.2,BEARISH,15,0.862,3.0,3.0,1,0.0,,,0,0.0,14.572,64.1,12.82,E_CONSISTENT_MID
NYT,10,384,2025-05-13,2026-06-01,0,0,0,0.0,0,0,67.17,2.095,2.625,,,,3.52,NEUTRAL,20,0.878,4.0,4.0,1,0.0,,,0,0.0,14.278,64.1,12.82,E_CONSISTENT_MID
PRK,10,384,2025-05-13,2026-06-01,0,0,0,0.0,0,0,66.9,1.675,2.625,,,,3.4,BEARISH,31,1.132,4.0,4.0,1,0.0,,,0,0.0,9.231,64.1,12.82,E_CONSISTENT_MID
TGTX,10,384,2025-05-13,2026-06-01,0,0,0,0.0,0,0,71.54,2.0425,2.3125,,,,2.39,BEARISH,17,0.658,3.0,3.0,1,0.0,,,0,0.0,18.707,64.1,12.82,E_CONSISTENT_MID
UPWK,10,384,2025-05-13,2026-06-01,0,0,0,0.0,0,0,70.84,1.3925,2.3125,,,,2.5,BEARISH,21,1.206,3.0,3.0,1,0.0,,,0,0.0,7.766,64.1,12.82,E_CONSISTENT_MID
AWI,10,384,2025-05-13,2026-06-01,0,0,0,0.0,0,0,82.29,1.5575,2.3125,,,,3.31,VERY_BEARISH,25,1.296,3.0,3.0,1,0.0,,,0,0.0,6.17,64.0,12.8,E_CONSISTENT_MID
BX,10,384,2025-05-13,2026-06-01,0,0,0,0.0,0,0,97.14,1.3125,1.3125,,,,2.93,BEARISH,15,1.223,2.0,2.0,1,0.0,,,0,0.0,7.56,64.0,12.8,E_CONSISTENT_MID
ED,10,384,2025-05-13,2026-06-01,0,0,0,0.0,0,0,13.65,3.0062,3.9444,,,,3.7,BULLISH,28,0.604,4.0,4.0,2,0.0,4.0,4.0,3,0.0,19.833,64.0,12.8,E_CONSISTENT_MID
GRBK,10,384,2025-05-13,2026-06-01,0,0,0,0.0,0,0,99.07,1.67,1.0,,,,2.67,VERY_BEARISH,15,0.617,,,0,0.0,,,0,0.0,19.712,64.0,12.8,E_CONSISTENT_MID
PEB,10,384,2025-05-13,2026-06-01,0,0,0,0.0,0,0,60.75,2.9512,2.9444,,,,3.87,NEUTRAL,18,0.47,3.0,3.0,1,0.0,3.0,3.0,1,0.0,22.529,64.0,12.8,E_CONSISTENT_MID
RUSHA,10,384,2025-05-13,2026-06-01,0,0,0,0.0,0,0,88.4,1.6975,1.6875,,,,3.52,BEARISH,27,1.183,1.0,1.0,1,0.0,,,0,0.0,8.416,64.0,12.8,E_CONSISTENT_MID
TBI,10,384,2025-05-13,2026-06-01,0,0,0,0.0,0,0,84.15,1.98,2.0,,,,2.13,BEARISH,15,0.516,2.0,2.0,1,0.0,,,0,0.0,21.663,64.0,12.8,E_CONSISTENT_MID
WBD,10,384,2025-05-13,2026-06-01,0,0,0,0.0,0,0,89.75,1.365,1.625,,,,2.4,VERY_BEARISH,17,1.032,3.0,3.0,1,0.0,,,0,0.0,11.3,64.0,12.8,E_CONSISTENT_MID
AMRN,10,384,2025-05-13,2026-06-01,0,0,0,0.0,0,0,59.32,1.86,3.0,,,,3.91,BEARISH,21,0.665,3.0,3.0,1,0.0,,,0,0.0,18.865,63.9,12.78,E_CONSISTENT_MID
BWXT,10,384,2025-05-13,2026-06-01,0,0,0,0.0,0,0,81.36,2.2525,2.3125,,,,4.05,VERY_BEARISH,27,1.005,3.0,3.0,1,0.0,,,0,0.0,12.193,63.9,12.78,E_CONSISTENT_MID
ENPH,10,384,2025-05-13,2026-06-01,0,0,0,0.0,0,0,53.71,1.85,3.0,,,,1.2,BEARISH,15,0.561,3.0,3.0,1,0.0,,,0,0.0,20.926,63.9,12.78,E_CONSISTENT_MID
FIBK,10,384,2025-05-13,2026-06-01,0,0,0,0.0,0,0,78.58,1.8125,2.3125,,,,2.07,BEARISH,15,0.704,3.0,3.0,1,0.0,,,0,0.0,18.2,63.9,12.78,E_CONSISTENT_MID
FTK,10,384,2025-05-13,2026-06-01,0,0,0,0.0,0,0,78.19,2.2525,2.3125,,,,2.95,BEARISH,21,0.921,3.0,3.0,1,0.0,,,0,0.0,13.836,63.9,12.78,E_CONSISTENT_MID
NFLX,10,384,2025-05-13,2026-06-01,0,0,0,0.0,0,0,60.87,2.9512,2.9444,,,,3.44,NEUTRAL,18,0.52,3.0,3.0,1,0.0,3.0,3.0,1,0.0,21.827,63.9,12.78,E_CONSISTENT_MID
PRAA,10,384,2025-05-13,2026-06-01,0,0,0,0.0,0,0,61.91,2.9224,2.8889,,,,3.27,NEUTRAL,15,0.458,3.0,3.0,1,0.0,2.0,2.0,1,0.0,23.068,63.9,12.78,E_CONSISTENT_MID
RRC,10,384,2025-05-13,2026-06-01,0,0,0,0.0,0,0,19.95,2.9329,3.6667,,,,3.37,NEUTRAL,19,0.496,3.0,3.0,2,0.0,3.67,4.0,3,0.577,10.785,63.9,12.78,E_CONSISTENT_MID
RUN,10,384,2025-05-13,2026-06-01,0,0,0,0.0,0,0,43.89,2.17,3.0,,,,2.47,NEUTRAL,18,0.833,3.0,3.0,1,0.0,,,0,0.0,15.579,63.9,12.78,E_CONSISTENT_MID
SUPN,10,384,2025-05-13,2026-06-01,0,0,0,0.0,0,0,84.22,1.76,2.0,,,,2.05,BEARISH,20,1.236,2.0,2.0,1,0.0,,,0,0.0,7.406,63.9,12.78,E_CONSISTENT_MID
UNFI,10,384,2025-05-13,2026-06-01,0,0,0,0.0,0,0,70.96,1.8225,2.3125,,,,3.18,BEARISH,25,1.48,3.0,3.0,1,0.0,,,0,0.0,2.665,63.9,12.78,E_CONSISTENT_MID
UNM,10,384,2025-05-13,2026-06-01,0,0,0,0.0,0,0,40.53,2.06,3.0,,,,2.7,NEUTRAL,19,0.946,3.0,3.0,1,0.0,,,0,0.0,13.295,63.9,12.78,E_CONSISTENT_MID
ABEV,10,384,2025-05-13,2026-06-01,0,0,0,0.0,0,0,36.5,2.4975,3.3125,,,,3.98,NEUTRAL,22,0.906,4.0,4.0,1,0.0,,,0,0.0,14.369,63.8,12.76,E_CONSISTENT_MID
CBAN,10,384,2025-05-13,2026-06-01,0,0,0,0.0,0,0,17.36,3.2556,3.7778,,,,4.12,NEUTRAL,17,0.683,3.0,3.0,2,0.0,4.33,5.0,3,0.577,7.205,63.8,12.76,E_CONSISTENT_MID
CRM,10,384,2025-05-13,2026-06-01,0,0,0,0.0,0,0,67.98,1.885,2.625,,,,2.26,BEARISH,22,1.352,4.0,4.0,1,0.0,,,0,0.0,5.414,63.8,12.76,E_CONSISTENT_MID
CTRE,10,384,2025-05-13,2026-06-01,0,0,0,0.0,0,0,80.01,2.2525,2.3125,,,,2.4,BULLISH,17,0.981,3.0,3.0,1,0.0,,,0,0.0,12.745,63.8,12.76,E_CONSISTENT_MID
REG,10,384,2025-05-13,2026-06-01,0,0,0,0.0,0,0,73.32,2.5725,2.3125,,,,3.94,BULLISH,18,0.236,3.0,3.0,1,0.0,,,0,0.0,27.631,63.8,12.76,E_CONSISTENT_MID
TD,10,384,2025-05-13,2026-06-01,0,0,0,0.0,0,0,71.81,2.2525,2.3125,,,,4.0,NEUTRAL,30,0.698,3.0,3.0,1,0.0,,,0,0.0,18.382,63.8,12.76,E_CONSISTENT_MID
UNIT,10,384,2025-05-13,2026-06-01,0,0,0,0.0,0,0,63.15,2.4275,2.6875,,,,3,NEUTRAL,21,0.949,2.0,2.0,1,0.0,,,0,0.0,13.395,63.8,12.76,E_CONSISTENT_MID
BIP,7,373,2025-05-13,2026-05-21,0,0,0,0.0,0,0,81.23,1.9571,1.85,,,,4.2,BEARISH,25,1.0,,,0,0.0,,,0,0.0,12.608,63.7,12.74,E_CONSISTENT_MID
DBI,10,384,2025-05-13,2026-06-01,0,0,0,0.0,0,0,26.57,3.1757,3.5556,,,,3.71,NEUTRAL,24,0.751,2.5,3.0,2,0.707,3.0,3.0,3,0.0,3.444,63.7,12.74,E_CONSISTENT_MID
HP,10,384,2025-05-13,2026-06-01,0,0,0,0.0,0,0,51.28,2.98,3.0,,,,3,NEUTRAL,20,0.858,3.0,3.0,1,0.0,3.0,3.0,1,0.0,15.347,63.7,12.74,E_CONSISTENT_MID
NESR,10,384,2025-05-13,2026-06-01,0,0,0,0.0,0,0,47.49,2.17,3.0,,,,3.36,NEUTRAL,22,0.902,3.0,3.0,1,0.0,,,0,0.0,14.498,63.7,12.74,E_CONSISTENT_MID
SRI,7,373,2025-05-13,2026-05-21,0,0,0,0.0,0,0,86.01,1.5,1.3,,,,2.35,VERY_BEARISH,19,1.165,,,0,0.0,,,0,0.0,9.32,63.7,12.74,E_CONSISTENT_MID
XPRO,5,12,2026-05-20,2026-06-01,0,0,0,0.0,0,0,62.95,2.635,2.6875,,,,2.5,BEARISH,2,0.707,2.0,2.0,1,0.0,,,0,0.0,18.533,63.7,12.74,E_CONSISTENT_MID
AMCX,10,384,2025-05-13,2026-06-01,0,0,0,0.0,0,0,62.22,2.9224,2.8889,,,,3.66,BEARISH,21,0.778,3.0,3.0,1,0.0,2.0,2.0,1,0.0,17.286,63.6,12.72,E_CONSISTENT_MID
BWA,10,384,2025-05-13,2026-06-01,0,0,0,0.0,0,0,56.92,2.28,3.0,,,,3.19,BEARISH,21,1.053,3.0,3.0,1,0.0,,,0,0.0,11.783,63.6,12.72,E_CONSISTENT_MID
GOLD,10,384,2025-05-13,2026-06-01,0,0,0,0.0,0,0,26.14,2.7011,3.5556,,,,3.76,BULLISH,25,0.926,3.0,3.0,2,0.0,3.0,3.0,2,0.0,14.302,63.6,12.72,E_CONSISTENT_MID
IQ,7,373,2025-05-13,2026-05-21,0,0,0,0.0,0,0,91.15,1.0429,1.3,,,,2.72,VERY_BEARISH,8,1.628,,,0,0.0,,,0,0.0,0.314,63.6,12.72,E_CONSISTENT_MID
PBH,10,384,2025-05-13,2026-06-01,0,0,0,0.0,0,0,66.13,2.8956,2.6667,,,,3.24,NEUTRAL,17,0.437,2.0,2.0,1,0.0,3.0,3.0,1,0.0,24.159,63.6,12.72,E_CONSISTENT_MID
ARE,10,384,2025-05-13,2026-06-01,0,0,0,0.0,0,0,58.86,1.63,3.0,,,,1.2,BULLISH,15,0.775,3.0,3.0,1,0.0,,,0,0.0,17.431,63.5,12.7,E_CONSISTENT_MID
CMC,10,384,2025-05-13,2026-06-01,0,0,0,0.0,0,0,55.99,2.06,3.0,,,,2.82,BEARISH,18,1.068,3.0,3.0,1,0.0,,,0,0.0,11.739,63.5,12.7,E_CONSISTENT_MID
LTC,10,384,2025-05-13,2026-06-01,0,0,0,0.0,0,0,91.96,1.365,1.625,,,,2.8,NEUTRAL,15,1.207,3.0,3.0,1,0.0,,,0,0.0,8.873,63.5,12.7,E_CONSISTENT_MID
PCOR,10,384,2025-05-13,2026-06-01,0,0,0,0.0,0,0,73.74,2.0875,2.3125,,,,1.5,VERY_BEARISH,16,0.816,3.0,3.0,1,0.0,,,0,0.0,16.658,63.5,12.7,E_CONSISTENT_MID
ROL,10,384,2025-05-13,2026-06-01,0,0,0,0.0,0,0,43.97,2.06,3.0,,,,2.77,BEARISH,22,0.996,3.0,3.0,1,0.0,,,0,0.0,13.002,63.5,12.7,E_CONSISTENT_MID
VTVT,6,17,2026-05-15,2026-06-01,0,0,0,0.0,0,0,39.83,1.875,3.0,,,,,,0,0.0,3.0,3.0,1,0.0,,,0,0.0,33.008,63.5,12.7,E_CONSISTENT_MID
BBVA,10,384,2025-05-13,2026-06-01,0,0,0,0.0,0,0,82.02,2.2525,2.3125,,,,3.41,NEUTRAL,26,1.076,3.0,3.0,1,0.0,,,0,0.0,11.71,63.4,12.68,E_CONSISTENT_MID
BVN,7,373,2025-05-13,2026-05-21,0,0,0,0.0,0,0,57.28,1.8143,2.4,,,,4.0,NEUTRAL,28,1.046,,,0,0.0,,,0,0.0,12.183,63.4,12.68,E_CONSISTENT_MID
FLS,10,384,2025-05-13,2026-06-01,0,0,0,0.0,0,0,78.42,2.0325,2.3125,,,,3.75,BEARISH,23,1.012,3.0,3.0,1,0.0,,,0,0.0,13.049,63.4,12.68,E_CONSISTENT_MID
MIDD,10,384,2025-05-13,2026-06-01,0,0,0,0.0,0,0,33.84,2.3425,3.3125,,,,2.69,BULLISH,16,0.873,4.0,4.0,1,0.0,,,0,0.0,15.756,63.4,12.68,E_CONSISTENT_MID
STOK,10,384,2025-05-13,2026-06-01,0,0,0,0.0,0,0,66.47,2.315,2.625,,,,3.59,VERY_BEARISH,22,0.843,4.0,4.0,1,0.0,,,0,0.0,16.383,63.4,12.68,E_CONSISTENT_MID
TV,10,384,2025-05-13,2026-06-01,0,0,0,0.0,0,0,63.23,2.4275,2.6875,,,,3.37,NEUTRAL,20,1.006,2.0,2.0,1,0.0,,,0,0.0,13.169,63.4,12.68,E_CONSISTENT_MID
MPT,10,384,2025-05-13,2026-06-01,0,0,0,0.0,0,0,48.11,2.27,3.0,,,,3,NEUTRAL,18,0.97,3.0,3.0,1,0.0,,,0,0.0,13.967,63.3,12.66,E_CONSISTENT_MID
PATH,10,384,2025-05-13,2026-06-01,0,0,0,0.0,0,0,73.82,1.3925,2.3125,,,,1.69,NEUTRAL,17,1.319,3.0,3.0,1,0.0,,,0,0.0,7.107,63.3,12.66,E_CONSISTENT_MID
PRKS,10,384,2025-05-13,2026-06-01,0,0,0,0.0,0,0,88.52,1.2675,1.6875,,,,2.04,VERY_BEARISH,21,1.432,1.0,1.0,1,0.0,,,0,0.0,4.726,63.3,12.66,E_CONSISTENT_MID
SIGI,10,384,2025-05-13,2026-06-01,0,0,0,0.0,0,0,72.54,2.1425,2.3125,,,,3.92,NEUTRAL,22,0.754,3.0,3.0,1,0.0,,,0,0.0,18.251,63.3,12.66,E_CONSISTENT_MID
SNDX,10,384,2025-05-13,2026-06-01,0,0,0,0.0,0,0,72.35,1.3925,2.3125,,,,2.06,BEARISH,18,1.305,3.0,3.0,1,0.0,,,0,0.0,7.252,63.3,12.66,E_CONSISTENT_MID
SR,10,384,2025-05-13,2026-06-01,0,0,0,0.0,0,0,30.78,3.1601,3.3889,,,,3.61,BULLISH,19,0.548,2.5,2.0,2,0.707,4.0,4.0,3,0.0,8.271,63.3,12.66,E_CONSISTENT_MID
WING,10,384,2025-05-13,2026-06-01,0,0,0,0.0,0,0,70.07,2.2525,2.3125,,,,2.47,BEARISH,17,0.717,3.0,3.0,1,0.0,,,0,0.0,18.992,63.3,12.66,E_CONSISTENT_MID
AMSC,10,384,2025-05-13,2026-06-01,0,0,0,0.0,0,0,59.28,1.63,3.0,,,,1.56,BEARISH,16,0.814,3.0,3.0,1,0.0,,,0,0.0,17.243,63.2,12.64,E_CONSISTENT_MID
GIII,10,384,2025-05-13,2026-06-01,0,0,0,0.0,0,0,77.96,1.5025,2.3125,,,,1.83,BEARISH,18,1.295,3.0,3.0,1,0.0,,,0,0.0,7.77,63.2,12.64,E_CONSISTENT_MID
KWR,10,384,2025-05-13,2026-06-01,0,0,0,0.0,0,0,64.54,1.7775,2.6875,,,,2,BEARISH,15,0.926,2.0,2.0,1,0.0,,,0,0.0,15.0,63.2,12.64,E_CONSISTENT_MID
LWAY,10,384,2025-05-13,2026-06-01,0,0,0,0.0,0,0,98.57,1.67,1.0,,,,2.37,NEUTRAL,16,0.607,,,0,0.0,,,0,0.0,21.404,63.2,12.64,E_CONSISTENT_MID
NE,10,384,2025-05-13,2026-06-01,0,0,0,0.0,0,0,47.56,1.63,3.0,,,,1.4,NEUTRAL,15,0.632,3.0,3.0,1,0.0,,,0,0.0,20.901,63.2,12.64,E_CONSISTENT_MID
VTS,5,12,2026-05-20,2026-06-01,0,0,0,0.0,0,0,39.87,2.76,3.0,,,,2,VERY_BEARISH,2,1.414,3.0,3.0,1,0.0,,,0,0.0,5.34,63.2,12.64,E_CONSISTENT_MID
CASY,10,384,2025-05-13,2026-06-01,0,0,0,0.0,0,0,12.95,3.2823,4.0,,,,4.29,BULLISH,20,1.346,4.0,4.0,2,0.0,4.0,4.0,3,0.0,6.9,63.1,12.62,E_CONSISTENT_MID
EVI,7,373,2025-05-13,2026-05-21,0,0,0,0.0,0,0,76.84,1.9571,1.85,,,,2.51,BEARISH,15,1.01,,,0,0.0,,,0,0.0,13.545,63.1,12.62,E_CONSISTENT_MID
M,10,384,2025-05-13,2026-06-01,0,0,0,0.0,0,0,85.19,2.19,2.0,,,,3.32,NEUTRAL,22,0.761,2.0,2.0,1,0.0,,,0,0.0,18.664,63.1,12.62,E_CONSISTENT_MID
MGA,10,384,2025-05-13,2026-06-01,0,0,0,0.0,0,0,48.53,2.28,3.0,,,,3.47,BEARISH,21,1.018,3.0,3.0,1,0.0,,,0,0.0,13.471,63.1,12.62,E_CONSISTENT_MID
SEM,10,384,2025-05-13,2026-06-01,0,0,0,0.0,0,0,63.61,2.7475,2.6875,,,,3.4,NEUTRAL,19,0.632,2.0,2.0,1,0.0,,,0,0.0,21.185,63.1,12.62,E_CONSISTENT_MID
CPT,10,384,2025-05-13,2026-06-01,0,0,0,0.0,0,0,28.81,2.69,3.5,,,,3.24,BULLISH,17,0.903,3.0,3.0,2,0.0,2.0,2.0,2,0.0,15.953,63.0,12.6,E_CONSISTENT_MID
DAKT,10,384,2025-05-13,2026-06-01,0,0,0,0.0,0,0,99.54,1.03,1.0,,,,3.01,VERY_BEARISH,29,1.562,1.0,1.0,1,0.0,,,0,0.0,2.738,63.0,12.6,E_CONSISTENT_MID
GTLS,10,384,2025-05-13,2026-06-01,0,0,0,0.0,0,0,98.96,1.78,1.0,,,,3.41,NEUTRAL,22,0.59,1.0,1.0,1,0.0,,,0,0.0,22.244,63.0,12.6,E_CONSISTENT_MID
TREX,10,384,2025-05-13,2026-06-01,0,0,0,0.0,0,0,71.38,2.0325,2.3125,,,,3,NEUTRAL,15,0.845,3.0,3.0,1,0.0,,,0,0.0,17.002,63.0,12.6,E_CONSISTENT_MID
ALLE,10,384,2025-05-13,2026-06-01,0,0,0,0.0,0,0,59.74,2.17,3.0,,,,3.1,BEARISH,21,1.082,3.0,3.0,1,0.0,,,0,0.0,12.499,62.9,12.58,E_CONSISTENT_MID
ALX,10,384,2025-05-13,2026-06-01,0,0,0,0.0,0,0,94.59,2.015,1.625,,,,3.43,BEARISH,21,0.87,3.0,3.0,1,0.0,,,0,0.0,16.81,62.9,12.58,E_CONSISTENT_MID
BCS,10,384,2025-05-13,2026-06-01,0,0,0,0.0,0,0,18.95,2.7344,3.7222,,,,3.71,BULLISH,26,0.692,3.0,3.0,2,0.0,4.0,4.0,2,0.0,20.312,62.9,12.58,E_CONSISTENT_MID
BNS,10,384,2025-05-13,2026-06-01,0,0,0,0.0,0,0,18.87,2.7344,3.7222,,,,3.64,NEUTRAL,30,0.718,3.0,3.0,2,0.0,4.0,4.0,2,0.0,19.911,62.9,12.58,E_CONSISTENT_MID
CRAI,10,384,2025-05-13,2026-06-01,0,0,0,0.0,0,0,55.57,2.81,3.0,,,,4.17,BEARISH,21,0.911,3.0,3.0,1,0.0,,,0,0.0,16.068,62.9,12.58,E_CONSISTENT_MID
RMBS,10,384,2025-05-13,2026-06-01,0,0,0,0.0,0,0,62.84,2.9244,2.7222,,,,3.92,NEUTRAL,21,0.652,2.0,2.0,1,0.0,3.0,3.0,1,0.0,21.187,62.9,12.58,E_CONSISTENT_MID
BAND,10,384,2025-05-13,2026-06-01,0,0,0,0.0,0,0,22.7,2.185,3.625,,,,2.73,NEUTRAL,15,0.458,5.0,5.0,1,0.0,,,0,0.0,25.288,62.8,12.56,E_CONSISTENT_MID
FBIO,7,373,2025-05-13,2026-05-21,0,0,0,0.0,0,0,93.11,1.5,1.3,,,,2.95,VERY_BEARISH,20,1.356,,,0,0.0,,,0,0.0,7.366,62.8,12.56,E_CONSISTENT_MID
FNV,7,373,2025-05-13,2026-05-21,0,0,0,0.0,0,0,76.2,1.9571,1.85,,,,3.28,BEARISH,18,1.018,,,0,0.0,,,0,0.0,13.941,62.8,12.56,E_CONSISTENT_MID
GPI,10,384,2025-05-13,2026-06-01,0,0,0,0.0,0,0,51.89,2.06,3.0,,,,3.17,BEARISH,21,1.117,3.0,3.0,1,0.0,,,0,0.0,11.978,62.8,12.56,E_CONSISTENT_MID
HDSN,10,384,2025-05-13,2026-06-01,0,0,0,0.0,0,0,85.89,2.19,2.0,,,,3.45,BEARISH,25,0.866,2.0,2.0,1,0.0,,,0,0.0,17.069,62.8,12.56,E_CONSISTENT_MID
MDLN,5,12,2026-05-20,2026-06-01,0,0,0,0.0,0,0,62.49,2.9272,2.8333,,,,3.5,NEUTRAL,2,0.707,3.0,3.0,1,0.0,2.0,2.0,1,0.0,20.287,62.8,12.56,E_CONSISTENT_MID
MNKD,10,384,2025-05-13,2026-06-01,0,0,0,0.0,0,0,75.1,1.9225,2.3125,,,,2.78,BEARISH,18,0.808,3.0,3.0,1,0.0,,,0,0.0,18.189,62.8,12.56,E_CONSISTENT_MID
OSCR,10,384,2025-05-13,2026-06-01,0,0,0,0.0,0,0,27.92,2.69,3.5,,,,1.73,VERY_BULLISH,15,1.223,3.0,3.0,2,0.0,2.0,2.0,2,0.0,9.885,62.8,12.56,E_CONSISTENT_MID
RGR,10,384,2025-05-13,2026-06-01,0,0,0,0.0,0,0,73.28,2.0425,2.3125,,,,2.4,BULLISH,15,0.828,3.0,3.0,1,0.0,,,0,0.0,17.817,62.8,12.56,E_CONSISTENT_MID
ROCK,10,384,2025-05-13,2026-06-01,0,0,0,0.0,0,0,84.49,2.025,2.0,,,,3.08,BEARISH,19,0.709,2.0,2.0,1,0.0,,,0,0.0,20.247,62.8,12.56,E_CONSISTENT_MID
UPS,10,384,2025-05-13,2026-06-01,0,0,0,0.0,0,0,70.88,2.0325,2.3125,,,,3.57,BULLISH,24,0.861,3.0,3.0,1,0.0,,,0,0.0,17.191,62.8,12.56,E_CONSISTENT_MID
SAIA,10,384,2025-05-13,2026-06-01,0,0,0,0.0,0,0,60.71,2.9512,2.9444,,,,3.2,BULLISH,15,0.561,3.0,3.0,1,0.0,3.0,3.0,1,0.0,23.416,62.7,12.54,E_CONSISTENT_MID
SON,7,18,2026-05-14,2026-06-01,0,0,0,0.0,0,0,84.26,2.0714,2.0,,,,3.74,NEUTRAL,23,0.689,2.0,2.0,1,0.0,,,0,0.0,20.8,62.7,12.54,E_CONSISTENT_MID
ALG,10,384,2025-05-13,2026-06-01,0,0,0,0.0,0,0,19.06,2.7344,3.7222,,,,3.48,NEUTRAL,24,0.666,3.0,3.0,2,0.0,4.0,4.0,2,0.0,21.516,62.6,12.52,E_CONSISTENT_MID
BG,10,384,2025-05-13,2026-06-01,0,0,0,0.0,0,0,61.6,2.7975,2.9375,,,,2.27,BEARISH,15,0.876,5.0,5.0,1,0.0,,,0,0.0,17.231,62.6,12.52,E_CONSISTENT_MID
EFC,10,384,2025-05-13,2026-06-01,0,0,0,0.0,0,0,12.8,2.58,4.0,,,,3,BULLISH,15,0.378,5.0,5.0,2,0.0,2.0,2.0,2,0.0,27.224,62.6,12.52,E_CONSISTENT_MID
BRZE,5,12,2026-05-20,2026-06-01,0,0,0,0.0,0,0,57.04,2.32,3.0,,,,1.5,BEARISH,2,0.707,3.0,3.0,1,0.0,,,0,0.0,20.809,62.5,12.5,E_CONSISTENT_MID
CALY,10,384,2025-05-13,2026-06-01,0,0,0,0.0,0,0,56.61,1.75,3.0,,,,3.2,BEARISH,15,0.775,3.0,3.0,1,0.0,,,0,0.0,19.482,62.5,12.5,E_CONSISTENT_MID
DNOW,10,384,2025-05-13,2026-06-01,0,0,0,0.0,0,0,93.31,1.155,1.625,,,,2.76,VERY_BEARISH,26,1.685,3.0,3.0,1,0.0,,,0,0.0,1.214,62.5,12.5,E_CONSISTENT_MID
JBI,5,12,2026-05-20,2026-06-01,0,0,0,0.0,0,0,85.5,2.16,2.0,,,,2.5,BEARISH,2,0.707,2.0,2.0,1,0.0,,,0,0.0,20.836,62.5,12.5,E_CONSISTENT_MID
SVC,10,384,2025-05-13,2026-06-01,0,0,0,0.0,0,0,66.09,2.8406,2.6667,,,,3.55,NEUTRAL,20,0.51,2.0,2.0,1,0.0,3.0,3.0,1,0.0,24.83,62.5,12.5,E_CONSISTENT_MID
AIR,10,384,2025-05-13,2026-06-01,0,0,0,0.0,0,0,36.16,2.3325,3.3125,,,,3.14,BEARISH,21,0.825,4.0,4.0,1,0.0,,,0,0.0,18.745,62.4,12.48,E_CONSISTENT_MID
BSY,10,384,2025-05-13,2026-06-01,0,0,0,0.0,0,0,81.48,1.8225,2.3125,,,,2.31,BEARISH,15,1.691,3.0,3.0,1,0.0,,,0,0.0,1.435,62.4,12.48,E_CONSISTENT_MID
DSP,5,12,2026-05-20,2026-06-01,0,0,0,0.0,0,0,62.1,2.9848,2.8889,,,,3.5,NEUTRAL,2,0.707,3.0,3.0,1,0.0,2.0,2.0,1,0.0,21.076,62.4,12.48,E_CONSISTENT_MID
IBKR,10,384,2025-05-13,2026-06-01,0,0,0,0.0,0,0,50.97,2.27,3.0,,,,3.17,NEUTRAL,26,1.085,3.0,3.0,1,0.0,,,0,0.0,13.41,62.4,12.48,E_CONSISTENT_MID
NGVT,10,384,2025-05-13,2026-06-01,0,0,0,0.0,0,0,15.89,3.1959,3.8333,,,,2.79,BULLISH,17,0.983,4.0,4.0,2,0.0,2.67,3.0,3,0.577,4.041,62.4,12.48,E_CONSISTENT_MID
TNL,10,384,2025-05-13,2026-06-01,0,0,0,0.0,0,0,41.45,2.38,3.0,,,,3.08,NEUTRAL,24,1.076,3.0,3.0,1,0.0,,,0,0.0,13.716,62.4,12.48,E_CONSISTENT_MID
TWO,10,384,2025-05-13,2026-06-01,0,0,0,0.0,0,0,63.19,2.1075,2.6875,,,,1.62,NEUTRAL,16,0.957,2.0,2.0,1,0.0,,,0,0.0,16.063,62.4,12.48,E_CONSISTENT_MID
VC,10,384,2025-05-13,2026-06-01,0,0,0,0.0,0,0,70.73,2.2525,2.3125,,,,3.36,BEARISH,20,0.817,3.0,3.0,1,0.0,,,0,0.0,18.867,62.4,12.48,E_CONSISTENT_MID
AA,10,384,2025-05-13,2026-06-01,0,0,0,0.0,0,0,60.56,2.81,3.0,,,,4.14,BEARISH,18,0.904,3.0,3.0,1,0.0,,,0,0.0,17.266,62.3,12.46,E_CONSISTENT_MID
FTRE,10,384,2025-05-13,2026-06-01,0,0,0,0.0,0,0,28.46,2.69,3.5,,,,1.87,BULLISH,15,1.06,3.0,3.0,2,0.0,2.0,2.0,2,0.0,14.118,62.3,12.46,E_CONSISTENT_MID
GSM,10,384,2025-05-13,2026-06-01,0,0,0,0.0,0,0,85.96,1.77,2.0,,,,2,VERY_BEARISH,15,0.756,2.0,2.0,1,0.0,,,0,0.0,20.313,62.3,12.46,E_CONSISTENT_MID
MSTR,10,384,2025-05-13,2026-06-01,0,0,0,0.0,0,0,88.67,2.1275,1.6875,,,,2.6,BEARISH,15,0.737,1.0,1.0,1,0.0,,,0,0.0,20.585,62.3,12.46,E_CONSISTENT_MID
MVIS,7,373,2025-05-13,2026-05-21,0,0,0,0.0,0,0,89.33,1.8786,1.3,,,,2.36,VERY_BEARISH,14,0.633,,,0,0.0,,,0,0.0,22.823,62.3,12.46,E_CONSISTENT_MID
PRTH,10,384,2025-05-13,2026-06-01,0,0,0,0.0,0,0,27.8,2.7973,3.5,,,,3.3,VERY_BULLISH,28,1.036,5.0,5.0,1,0.0,3.0,3.0,1,0.0,14.649,62.3,12.46,E_CONSISTENT_MID
UAL,10,384,2025-05-13,2026-06-01,0,0,0,0.0,0,0,88.28,1.8075,1.6875,,,,3.19,NEUTRAL,21,0.799,1.0,1.0,1,0.0,,,0,0.0,19.436,62.3,12.46,E_CONSISTENT_MID
ACN,10,384,2025-05-13,2026-06-01,0,0,0,0.0,0,0,60.17,2.06,3.0,,,,2.8,BEARISH,22,1.204,3.0,3.0,1,0.0,,,0,0.0,11.54,62.2,12.44,E_CONSISTENT_MID
HLF,10,384,2025-05-13,2026-06-01,0,0,0,0.0,0,0,85.81,1.97,2.0,,,,3.28,BEARISH,24,1.03,2.0,2.0,1,0.0,,,0,0.0,15.058,62.2,12.44,E_CONSISTENT_MID
LCUT,10,384,2025-05-13,2026-06-01,0,0,0,0.0,0,0,15.16,2.9114,3.8571,,,,3.75,BULLISH,16,0.577,5.0,5.0,1,0.0,1.0,1.0,1,0.0,24.036,62.2,12.44,E_CONSISTENT_MID
MGTX,10,384,2025-05-13,2026-06-01,0,0,0,0.0,0,0,25.72,2.2711,3.5556,,,,2.47,BEARISH,15,0.516,3.0,3.0,2,0.0,3.0,3.0,2,0.0,25.202,62.2,12.44,E_CONSISTENT_MID
PAR,10,384,2025-05-13,2026-06-01,0,0,0,0.0,0,0,91.3,2.015,1.625,,,,2.87,VERY_BEARISH,15,0.516,3.0,3.0,1,0.0,,,0,0.0,25.202,62.2,12.44,E_CONSISTENT_MID
S,10,384,2025-05-13,2026-06-01,0,0,0,0.0,0,0,25.29,3.1403,3.5556,,,,2.89,BULLISH,16,0.873,3.0,3.0,2,0.0,2.67,3.0,3,0.577,6.588,62.2,12.44,E_CONSISTENT_MID
ZS,10,384,2025-05-13,2026-06-01,0,0,0,0.0,0,0,38.94,1.63,3.0,,,,1.25,BEARISH,16,0.577,3.0,3.0,1,0.0,,,0,0.0,24.118,62.2,12.44,E_CONSISTENT_MID
ERII,10,384,2025-05-13,2026-06-01,0,0,0,0.0,0,0,30.16,2.4689,3.4444,,,,2,BEARISH,15,0.655,2.0,2.0,2,0.0,4.0,4.0,2,0.0,22.63,62.1,12.42,E_CONSISTENT_MID
FLNC,5,12,2026-05-20,2026-06-01,0,0,0,0.0,0,0,78.5,1.845,2.3125,,,,2,NEUTRAL,2,1.414,3.0,3.0,1,0.0,,,0,0.0,7.455,62.1,12.42,E_CONSISTENT_MID
GGG,10,384,2025-05-13,2026-06-01,0,0,0,0.0,0,0,86.04,1.97,2.0,,,,3.2,BEARISH,24,1.055,2.0,2.0,1,0.0,,,0,0.0,14.758,62.1,12.42,E_CONSISTENT_MID
TXT,10,384,2025-05-13,2026-06-01,0,0,0,0.0,0,0,71.08,2.1425,2.3125,,,,3.24,NEUTRAL,21,0.834,3.0,3.0,1,0.0,,,0,0.0,19.179,62.1,12.42,E_CONSISTENT_MID
VST,10,384,2025-05-13,2026-06-01,0,0,0,0.0,0,0,22.93,2.5291,3.6111,,,,2.4,NEUTRAL,15,0.632,3.0,3.0,2,0.0,3.0,3.0,3,0.0,23.249,62.1,12.42,E_CONSISTENT_MID
AKAM,10,384,2025-05-13,2026-06-01,0,0,0,0.0,0,0,68.75,2.8668,2.6111,,,,3.79,NEUTRAL,33,0.839,2.0,2.0,1,0.0,2.0,2.0,1,0.0,19.298,62.0,12.4,E_CONSISTENT_MID
GVA,10,384,2025-05-13,2026-06-01,0,0,0,0.0,0,0,85.92,2.19,2.0,,,,2.7,NEUTRAL,18,0.954,,,0,0.0,,,0,0.0,16.86,62.0,12.4,E_CONSISTENT_MID
NTRS,10,384,2025-05-13,2026-06-01,0,0,0,0.0,0,0,10.52,2.9491,4.1111,,,,3.25,BULLISH,18,0.416,4.5,5.0,2,0.707,3.0,3.0,3,0.0,13.584,62.0,12.4,E_CONSISTENT_MID
RHI,10,384,2025-05-13,2026-06-01,0,0,0,0.0,0,0,95.4,1.8425,1.3125,,,,2.33,NEUTRAL,15,0.488,2.0,2.0,1,0.0,,,0,0.0,26.329,62.0,12.4,E_CONSISTENT_MID
EGY,10,384,2025-05-13,2026-06-01,0,0,0,0.0,0,0,53.79,2.28,3.0,,,,2.75,BEARISH,22,1.193,3.0,3.0,1,0.0,,,0,0.0,12.359,61.9,12.38,E_CONSISTENT_MID
FUBO,10,384,2025-05-13,2026-06-01,0,0,0,0.0,0,0,30.63,2.9457,3.4286,,,,4.01,BULLISH,23,0.897,4.0,4.0,1,0.0,2.0,2.0,1,0.0,18.283,61.9,12.38,E_CONSISTENT_MID
RBBN,10,384,2025-05-13,2026-06-01,0,0,0,0.0,0,0,44.43,2.115,3.0,,,,4.46,BEARISH,29,1.086,3.0,3.0,1,0.0,,,0,0.0,14.47,61.9,12.38,E_CONSISTENT_MID
ARCAY,10,384,2025-05-13,2026-06-01,0,0,0,0.0,0,0,13.3,1.4,4.0,,,,,,0,0.0,4.0,4.0,1,0.0,,,0,0.0,36.469,61.8,12.36,E_CONSISTENT_MID
CMT,10,384,2025-05-13,2026-06-01,0,0,0,0.0,0,0,99.61,1.725,1.0,,,,3.11,VERY_BEARISH,20,0.876,1.0,1.0,1,0.0,,,0,0.0,18.927,61.8,12.36,E_CONSISTENT_MID
ALIT,10,384,2025-05-13,2026-06-01,0,0,0,0.0,0,0,31.21,2.6678,3.3889,,,,2.73,NEUTRAL,19,0.923,3.0,3.0,2,0.0,1.0,1.0,2,0.0,18.137,61.7,12.34,E_CONSISTENT_MID
BBSEY,10,384,2025-05-13,2026-06-01,0,0,0,0.0,0,0,13.19,1.4,4.0,,,,,,0,0.0,4.0,4.0,1,0.0,,,0,0.0,36.505,61.7,12.34,E_CONSISTENT_MID
GCO,10,384,2025-05-13,2026-06-01,0,0,0,0.0,0,0,31.59,3.1313,3.3333,,,,4.08,BULLISH,20,0.859,2.5,2.0,2,0.707,3.0,3.0,3,0.0,5.301,61.7,12.34,E_CONSISTENT_MID
HRB,10,384,2025-05-13,2026-06-01,0,0,0,0.0,0,0,30.12,3.0335,3.4444,,,,2.81,VERY_BULLISH,18,1.13,5.0,5.0,1,0.0,2.0,2.0,1,0.0,13.997,61.7,12.34,E_CONSISTENT_MID
OMC,10,384,2025-05-13,2026-06-01,0,0,0,0.0,0,0,91.34,1.375,1.625,,,,2.42,VERY_BEARISH,22,1.316,3.0,3.0,1,0.0,,,0,0.0,10.308,61.7,12.34,E_CONSISTENT_MID
BIDU,7,373,2025-05-13,2026-05-21,0,0,0,0.0,0,0,95.75,1.1214,1.3,,,,2.13,VERY_BEARISH,19,1.617,,,0,0.0,,,0,0.0,4.369,61.6,12.32,E_CONSISTENT_MID
CYH,10,384,2025-05-13,2026-06-01,0,0,0,0.0,0,0,26.6,3.1403,3.5556,,,,4.61,BULLISH,31,0.504,2.5,3.0,2,0.707,2.33,3.0,3,0.577,1.101,61.6,12.32,E_CONSISTENT_MID
ENGIY,10,384,2025-05-13,2026-06-01,0,0,0,0.0,0,0,12.76,1.4,4.0,,,,-0.91,VERY_BEARISH,2,0.0,4.0,4.0,1,0.0,,,0,0.0,36.815,61.6,12.32,E_CONSISTENT_MID
ESLT,10,384,2025-05-13,2026-06-01,0,0,0,0.0,0,0,12.72,1.4,4.0,,,,7.4,VERY_BULLISH,2,0.0,4.0,4.0,1,0.0,,,0,0.0,36.819,61.6,12.32,E_CONSISTENT_MID
FGI,10,384,2025-05-13,2026-06-01,0,0,0,0.0,0,0,12.68,1.4,4.0,,,,,,0,0.0,4.0,4.0,1,0.0,,,0,0.0,36.863,61.6,12.32,E_CONSISTENT_MID
RYAM,10,384,2025-05-13,2026-06-01,0,0,0,0.0,0,0,90.84,2.015,1.625,,,,2.87,NEUTRAL,15,0.516,3.0,3.0,1,0.0,,,0,0.0,26.382,61.6,12.32,E_CONSISTENT_MID
SMR,6,17,2026-05-15,2026-06-01,0,0,0,0.0,0,0,30.55,2.2393,3.4286,,,,,,0,0.0,3.0,3.0,1,0.0,5.0,5.0,1,0.0,36.774,61.6,12.32,E_CONSISTENT_MID
GLBE,10,384,2025-05-13,2026-06-01,0,0,0,0.0,0,0,12.49,1.4,4.0,,,,33.89,VERY_BULLISH,2,0.0,4.0,4.0,1,0.0,,,0,0.0,36.912,61.5,12.3,E_CONSISTENT_MID
LZB,10,384,2025-05-13,2026-06-01,0,0,0,0.0,0,0,75.75,2.0325,2.3125,,,,3.02,NEUTRAL,22,1.135,3.0,3.0,1,0.0,,,0,0.0,14.392,61.5,12.3,E_CONSISTENT_MID
PRIM,10,384,2025-05-13,2026-06-01,0,0,0,0.0,0,0,83.64,1.8867,2.0556,,,,3.39,BEARISH,30,1.061,1.0,1.0,1,0.0,5.0,5.0,1,0.0,15.791,61.5,12.3,E_CONSISTENT_MID
BPOP,7,18,2026-05-14,2026-06-01,0,0,0,0.0,0,0,13.11,3.0857,4.0,,,,4.18,BULLISH,22,0.664,4.0,4.0,2,0.0,4.0,4.0,2,0.0,23.934,61.4,12.28,E_CONSISTENT_MID
MANH,10,384,2025-05-13,2026-06-01,0,0,0,0.0,0,0,75.72,2.1425,2.3125,,,,2.82,NEUTRAL,20,1.063,3.0,3.0,1,0.0,,,0,0.0,16.019,61.4,12.28,E_CONSISTENT_MID
MITSY,10,384,2025-05-13,2026-06-01,0,0,0,0.0,0,0,12.37,1.4,4.0,,,,3.8,BULLISH,2,0.0,4.0,4.0,1,0.0,,,0,0.0,37.187,61.4,12.28,E_CONSISTENT_MID
NTOIY,10,384,2025-05-13,2026-06-01,0,0,0,0.0,0,0,12.34,1.4,4.0,,,,,,0,0.0,4.0,4.0,1,0.0,,,0,0.0,37.284,61.4,12.28,E_CONSISTENT_MID
UEC,10,384,2025-05-13,2026-06-01,0,0,0,0.0,0,0,90.02,1.585,1.625,,,,2,BEARISH,20,1.257,3.0,3.0,1,0.0,,,0,0.0,12.054,61.4,12.28,E_CONSISTENT_MID
VNOM,10,384,2025-05-13,2026-06-01,0,0,0,0.0,0,0,19.37,2.8779,3.6667,,,,2.33,BULLISH,15,0.9,3.0,3.0,2,0.0,3.33,4.0,3,0.577,7.712,61.4,12.28,E_CONSISTENT_MID
ASIX,10,384,2025-05-13,2026-06-01,0,0,0,0.0,0,0,62.18,2.9224,2.8889,,,,4.3,VERY_BEARISH,23,0.998,3.0,3.0,1,0.0,2.0,2.0,1,0.0,17.493,61.3,12.26,E_CONSISTENT_MID
MVST,5,12,2026-05-20,2026-06-01,0,0,0,0.0,0,0,28.07,2.72,3.5,,,,1,VERY_BEARISH,2,0.0,2.0,2.0,2,0.0,5.0,5.0,2,0.0,37.409,61.3,12.26,E_CONSISTENT_MID
ACGL,7,18,2026-05-14,2026-06-01,0,0,0,0.0,0,0,24.79,2.9746,3.6111,,,,4.28,BULLISH,29,0.751,3.0,3.0,2,0.0,3.0,3.0,2,0.0,22.533,61.2,12.24,E_CONSISTENT_MID
HQY,10,384,2025-05-13,2026-06-01,0,0,0,0.0,0,0,17.13,3.2025,3.7778,,,,3.52,BULLISH,21,0.511,3.5,4.0,2,0.707,2.33,2.0,3,0.577,1.65,61.2,12.24,E_CONSISTENT_MID
PRYMY,10,384,2025-05-13,2026-06-01,0,0,0,0.0,0,0,12.14,1.4,4.0,,,,,,0,0.0,4.0,4.0,1,0.0,,,0,0.0,37.541,61.2,12.24,E_CONSISTENT_MID
TTC,10,384,2025-05-13,2026-06-01,0,0,0,0.0,0,0,71.27,1.9325,2.3125,,,,3.57,BEARISH,27,1.126,3.0,3.0,1,0.0,,,0,0.0,15.128,61.2,12.24,E_CONSISTENT_MID
ACM,10,384,2025-05-13,2026-06-01,0,0,0,0.0,0,0,60.21,2.06,3.0,,,,2.86,NEUTRAL,21,1.312,3.0,3.0,1,0.0,,,0,0.0,11.558,61.1,12.22,E_CONSISTENT_MID
HNI,10,384,2025-05-13,2026-06-01,0,0,0,0.0,0,0,96.37,1.3125,1.3125,,,,2.9,VERY_BEARISH,27,1.41,2.0,2.0,1,0.0,,,0,0.0,9.63,61.1,12.22,E_CONSISTENT_MID
KN,10,384,2025-05-13,2026-06-01,0,0,0,0.0,0,0,22.24,2.295,3.625,,,,3.53,NEUTRAL,17,0.8,5.0,5.0,1,0.0,,,0,0.0,21.758,61.1,12.22,E_CONSISTENT_MID
MTH,10,384,2025-05-13,2026-06-01,0,0,0,0.0,0,0,95.9,1.6225,1.3125,,,,2.13,VERY_BEARISH,15,0.743,2.0,2.0,1,0.0,,,0,0.0,22.974,61.1,12.22,E_CONSISTENT_MID
SDVKY,10,384,2025-05-13,2026-06-01,0,0,0,0.0,0,0,12.06,1.4,4.0,,,,7.93,VERY_BULLISH,2,0.0,4.0,4.0,1,0.0,,,0,0.0,37.705,61.1,12.22,E_CONSISTENT_MID
STGW,10,384,2025-05-13,2026-06-01,0,0,0,0.0,0,0,62.41,2.8936,2.8333,,,,3.52,BEARISH,19,0.676,3.0,3.0,1,0.0,2.0,2.0,1,0.0,24.271,61.1,12.22,E_CONSISTENT_MID
FOXA,10,384,2025-05-13,2026-06-01,0,0,0,0.0,0,0,34.84,2.2325,3.3125,,,,2.69,NEUTRAL,18,0.983,4.0,4.0,1,0.0,,,0,0.0,18.365,61.0,12.2,E_CONSISTENT_MID
GOLF,10,384,2025-05-13,2026-06-01,0,0,0,0.0,0,0,77.73,2.2525,2.3125,,,,2.09,BEARISH,19,1.204,3.0,3.0,1,0.0,,,0,0.0,13.985,61.0,12.2,E_CONSISTENT_MID
MDB,10,384,2025-05-13,2026-06-01,0,0,0,0.0,0,0,48.61,1.63,3.0,,,,1.31,NEUTRAL,16,0.873,3.0,3.0,1,0.0,,,0,0.0,20.614,61.0,12.2,E_CONSISTENT_MID
STRT,10,384,2025-05-13,2026-06-01,0,0,0,0.0,0,0,69.03,2.685,2.375,,,,4.42,NEUTRAL,34,0.722,1.0,1.0,1,0.0,,,0,0.0,23.504,61.0,12.2,E_CONSISTENT_MID
UCTT,10,384,2025-05-13,2026-06-01,0,0,0,0.0,0,0,61.37,2.1575,2.9375,,,,4.25,NEUTRAL,24,1.113,5.0,5.0,1,0.0,,,0,0.0,15.776,61.0,12.2,E_CONSISTENT_MID
UROY,10,384,2025-05-13,2026-06-01,0,0,0,0.0,0,0,11.95,1.4,4.0,,,,,,0,0.0,4.0,4.0,1,0.0,,,0,0.0,38.035,61.0,12.2,E_CONSISTENT_MID
ACCO,10,384,2025-05-13,2026-06-01,0,0,0,0.0,0,0,24.83,2.5022,3.6111,,,,3.32,NEUTRAL,20,0.568,3.0,3.0,2,0.0,3.0,3.0,2,0.0,26.77,60.9,12.18,E_CONSISTENT_MID
JBLU,10,384,2025-05-13,2026-06-01,0,0,0,0.0,0,0,92.27,1.685,1.625,,,,2.53,NEUTRAL,15,0.743,3.0,3.0,1,0.0,,,0,0.0,23.418,60.9,12.18,E_CONSISTENT_MID
MAN,10,384,2025-05-13,2026-06-01,0,0,0,0.0,0,0,91.8,1.74,1.625,,,,2.64,NEUTRAL,16,0.734,3.0,3.0,1,0.0,,,0,0.0,23.452,60.9,12.18,E_CONSISTENT_MID
PTC,10,384,2025-05-13,2026-06-01,0,0,0,0.0,0,0,44.74,2.17,3.0,,,,1.92,NEUTRAL,17,1.139,3.0,3.0,1,0.0,,,0,0.0,15.446,60.9,12.18,E_CONSISTENT_MID
YARIY,10,384,2025-05-13,2026-06-01,0,0,0,0.0,0,0,11.87,1.4,4.0,,,,,,0,0.0,4.0,4.0,1,0.0,,,0,0.0,38.196,60.9,12.18,E_CONSISTENT_MID
CMPR,10,384,2025-05-13,2026-06-01,0,0,0,0.0,0,0,10.94,2.8122,4.1111,,,,4.4,NEUTRAL,26,0.853,5.0,5.0,2,0.0,3.0,3.0,2,0.0,21.396,60.8,12.16,E_CONSISTENT_MID
GTN,10,384,2025-05-13,2026-06-01,0,0,0,0.0,0,0,64.97,2.2175,2.6875,,,,3.14,BEARISH,26,1.293,2.0,2.0,1,0.0,,,0,0.0,12.499,60.8,12.16,E_CONSISTENT_MID
HOV,10,384,2025-05-13,2026-06-01,0,0,0,0.0,0,0,98.84,1.03,1.0,,,,2.47,VERY_BEARISH,15,1.767,,,0,0.0,,,0,0.0,3.092,60.8,12.16,E_CONSISTENT_MID
CSL,10,384,2025-05-13,2026-06-01,0,0,0,0.0,0,0,80.2,2.5175,2.3125,,,,2.8,BEARISH,15,0.676,3.0,3.0,1,0.0,,,0,0.0,24.98,60.7,12.14,E_CONSISTENT_MID
DSGR,10,384,2025-05-13,2026-06-01,0,0,0,0.0,0,0,54.14,1.96,3.0,,,,1.78,NEUTRAL,17,0.92,3.0,3.0,1,0.0,,,0,0.0,20.238,60.7,12.14,E_CONSISTENT_MID
MPLX,10,384,2025-05-13,2026-06-01,0,0,0,0.0,0,0,75.02,1.3925,2.3125,,,,2.71,VERY_BEARISH,21,1.586,3.0,3.0,1,0.0,,,0,0.0,6.96,60.7,12.14,E_CONSISTENT_MID
PSFE,10,384,2025-05-13,2026-06-01,0,0,0,0.0,0,0,95.59,1.8425,1.3125,,,,2.6,VERY_BEARISH,15,0.632,2.0,2.0,1,0.0,,,0,0.0,25.986,60.7,12.14,E_CONSISTENT_MID
HGV,10,384,2025-05-13,2026-06-01,0,0,0,0.0,0,0,17.17,3.0656,3.7778,,,,1.87,BULLISH,15,1.302,4.0,4.0,2,0.0,2.0,2.0,2,0.0,12.709,60.6,12.12,E_CONSISTENT_MID
QS,5,12,2026-05-20,2026-06-01,0,0,0,0.0,0,0,44.55,2.32,3.0,,,,1.5,BEARISH,2,0.707,3.0,3.0,1,0.0,,,0,0.0,24.74,60.6,12.12,E_CONSISTENT_MID
ABCB,10,384,2025-05-13,2026-06-01,0,0,0,0.0,0,0,14.0,3.2712,3.9444,,,,3.54,BULLISH,23,0.843,3.5,4.0,2,0.707,4.0,4.0,3,0.0,7.906,60.5,12.1,E_CONSISTENT_MID
CGC,10,384,2025-05-13,2026-06-01,0,0,0,0.0,0,0,56.19,1.63,3.0,,,,1.42,NEUTRAL,16,1.035,3.0,3.0,1,0.0,,,0,0.0,18.241,60.5,12.1,E_CONSISTENT_MID
TEAM,10,384,2025-05-13,2026-06-01,0,0,0,0.0,0,0,21.73,2.405,3.625,,,,1.67,BULLISH,15,1.047,5.0,5.0,1,0.0,,,0,0.0,18.152,60.5,12.1,E_CONSISTENT_MID
ADM,10,384,2025-05-13,2026-06-01,0,0,0,0.0,0,0,36.35,2.5525,3.3125,,,,3.82,NEUTRAL,25,1.399,4.0,4.0,1,0.0,,,0,0.0,11.14,60.4,12.08,E_CONSISTENT_MID
MGRC,10,384,2025-05-13,2026-06-01,0,0,0,0.0,0,0,96.02,1.9525,1.3125,,,,3.65,VERY_BEARISH,24,0.698,2.0,2.0,1,0.0,,,0,0.0,25.176,60.4,12.08,E_CONSISTENT_MID
SES,5,12,2026-05-20,2026-06-01,0,0,0,0.0,0,0,43.35,2.32,3.0,,,,1.5,BEARISH,2,0.707,3.0,3.0,1,0.0,,,0,0.0,25.085,60.4,12.08,E_CONSISTENT_MID
TGLS,10,384,2025-05-13,2026-06-01,0,0,0,0.0,0,0,97.76,1.625,1.0,,,,2.87,VERY_BEARISH,17,0.675,1.0,1.0,1,0.0,,,0,0.0,25.768,60.4,12.08,E_CONSISTENT_MID
GNRC,10,384,2025-05-13,2026-06-01,0,0,0,0.0,0,0,26.18,3.158,3.5556,,,,3.25,BULLISH,16,0.447,4.0,3.0,2,1.414,3.0,3.0,3,0.0,2.219,60.3,12.06,E_CONSISTENT_MID
GRNT,5,12,2026-05-20,2026-06-01,0,0,0,0.0,0,0,69.33,2.51,2.375,,,,2,VERY_BEARISH,2,1.414,1.0,1.0,1,0.0,,,0,0.0,11.062,60.3,12.06,E_CONSISTENT_MID
KELYA,10,384,2025-05-13,2026-06-01,0,0,0,0.0,0,0,25.87,2.8203,3.5556,,,,3.57,VERY_BULLISH,20,0.834,3.0,3.0,2,0.0,2.33,3.0,3,0.577,11.147,60.3,12.06,E_CONSISTENT_MID
SDRL,5,12,2026-05-20,2026-06-01,0,0,0,0.0,0,0,84.42,2.16,2.0,,,,2.5,BEARISH,2,0.707,2.0,2.0,1,0.0,,,0,0.0,25.235,60.3,12.06,E_CONSISTENT_MID
SKYT,5,12,2026-05-20,2026-06-01,0,0,0,0.0,0,0,43.0,2.32,3.0,,,,1.5,BEARISH,2,0.707,3.0,3.0,1,0.0,,,0,0.0,25.204,60.3,12.06,E_CONSISTENT_MID
ARWR,10,384,2025-05-13,2026-06-01,0,0,0,0.0,0,0,83.6,2.7592,2.2308,,,,3.67,BEARISH,15,0.617,,,0,0.0,4.0,4.0,1,0.0,27.225,60.2,12.04,E_CONSISTENT_MID
GNL,10,384,2025-05-13,2026-06-01,0,0,0,0.0,0,0,99.15,1.89,1.0,,,,3.56,VERY_BEARISH,16,0.814,,,0,0.0,,,0,0.0,23.363,60.2,12.04,E_CONSISTENT_MID
PAAS,7,373,2025-05-13,2026-05-21,0,0,0,0.0,0,0,69.49,1.9571,1.85,,,,4.02,BEARISH,21,1.175,,,0,0.0,,,0,0.0,16.046,60.2,12.04,E_CONSISTENT_MID
QSR,10,384,2025-05-13,2026-06-01,0,0,0,0.0,0,0,62.45,2.8936,2.8333,,,,3.89,BULLISH,22,0.811,3.0,3.0,1,0.0,2.0,2.0,1,0.0,23.392,60.2,12.04,E_CONSISTENT_MID
RYAN,10,384,2025-05-13,2026-06-01,0,0,0,0.0,0,0,88.36,2.1275,1.6875,,,,1.4,VERY_BEARISH,15,0.828,1.0,1.0,1,0.0,,,0,0.0,22.947,60.2,12.04,E_CONSISTENT_MID
VIV,4,366,2025-05-13,2026-05-14,0,0,0,0.0,0,0,96.21,0.1875,0.75,,,,6.71,VERY_BULLISH,4,1.975,,,0,0.0,,,0,0.0,0.123,60.2,12.04,E_CONSISTENT_MID
SNA,10,384,2025-05-13,2026-06-01,0,0,0,0.0,0,0,84.3,2.51,2.0,,,,3.8,NEUTRAL,29,0.414,2.0,2.0,1,0.0,,,0,0.0,31.617,60.1,12.02,E_CONSISTENT_MID
BLD,10,384,2025-05-13,2026-06-01,0,0,0,0.0,0,0,57.42,2.06,3.0,,,,2.58,NEUTRAL,21,1.408,3.0,3.0,1,0.0,,,0,0.0,11.833,60.0,12.0,E_CONSISTENT_MID
CE,10,384,2025-05-13,2026-06-01,0,0,0,0.0,0,0,80.9,2.5725,2.3125,,,,2.73,BEARISH,15,0.704,3.0,3.0,1,0.0,,,0,0.0,25.836,60.0,12.0,E_CONSISTENT_MID
GLNCY,7,18,2026-05-14,2026-06-01,0,0,0,0.0,0,0,12.45,2.0,4.0,,,,,,0,0.0,4.0,4.0,1,0.0,,,0,0.0,41.259,60.0,12.0,E_CONSISTENT_MID
JXN,6,17,2026-05-15,2026-06-01,0,0,0,0.0,0,0,97.64,1.2571,1.2308,,,,2.44,VERY_BEARISH,4,1.666,,,0,0.0,3.0,3.0,1,0.0,6.78,60.0,12.0,E_CONSISTENT_MID
LAD,10,384,2025-05-13,2026-06-01,0,0,0,0.0,0,0,92.07,2.015,1.625,,,,2.83,BEARISH,19,0.853,3.0,3.0,1,0.0,,,0,0.0,22.921,60.0,12.0,E_CONSISTENT_MID
NAGE,10,384,2025-05-13,2026-06-01,0,0,0,0.0,0,0,74.9,1.9325,2.3125,,,,2.74,BEARISH,24,1.329,3.0,3.0,1,0.0,,,0,0.0,13.389,60.0,12.0,E_CONSISTENT_MID
OPCH,10,384,2025-05-13,2026-06-01,0,0,0,0.0,0,0,64.11,2.6925,2.6875,,,,3.06,NEUTRAL,23,1.025,2.0,2.0,1,0.0,,,0,0.0,19.477,60.0,12.0,E_CONSISTENT_MID
PRM,10,384,2025-05-13,2026-06-01,0,0,0,0.0,0,0,12.18,1.9492,4.0,,,,4,BULLISH,2,0.0,5.0,5.0,2,0.0,2.0,2.0,3,0.0,41.313,60.0,12.0,E_CONSISTENT_MID
THRM,10,384,2025-05-13,2026-06-01,0,0,0,0.0,0,0,41.65,2.06,3.0,,,,2.24,BEARISH,20,1.342,3.0,3.0,1,0.0,,,0,0.0,13.16,60.0,12.0,E_CONSISTENT_MID
UMH,5,12,2026-05-20,2026-06-01,0,0,0,0.0,0,0,62.34,2.9272,2.8333,,,,2.46,NEUTRAL,13,0.967,3.0,3.0,1,0.0,2.0,2.0,1,0.0,20.573,60.0,12.0,E_CONSISTENT_MID
WK,10,384,2025-05-13,2026-06-01,0,0,0,0.0,0,0,61.25,1.7275,2.9375,,,,1.57,BEARISH,18,1.072,5.0,5.0,1,0.0,,,0,0.0,18.481,60.0,12.0,E_CONSISTENT_MID
WSO,10,384,2025-05-13,2026-06-01,0,0,0,0.0,0,0,89.6,2.015,1.625,,,,2.8,VERY_BEARISH,15,0.561,3.0,3.0,1,0.0,,,0,0.0,28.844,60.0,12.0,E_CONSISTENT_MID
GIL,10,384,2025-05-13,2026-06-01,0,0,0,0.0,0,0,92.88,1.805,1.625,,,,1.62,VERY_BEARISH,16,1.025,3.0,3.0,1,0.0,,,0,0.0,19.728,59.9,11.98,E_CONSISTENT_MID
JLL,10,384,2025-05-13,2026-06-01,0,0,0,0.0,0,0,34.15,2.7075,3.3125,,,,3.85,BEARISH,20,0.933,4.0,4.0,1,0.0,,,0,0.0,21.581,59.9,11.98,E_CONSISTENT_MID
LYFT,10,384,2025-05-13,2026-06-01,0,0,0,0.0,0,0,91.92,1.695,1.625,,,,2.67,BEARISH,20,1.111,3.0,3.0,1,0.0,,,0,0.0,17.991,59.9,11.98,E_CONSISTENT_MID
TAC,10,384,2025-05-13,2026-06-01,0,0,0,0.0,0,0,84.18,1.97,2.0,,,,2.71,VERY_BEARISH,20,1.027,2.0,2.0,1,0.0,,,0,0.0,19.625,59.9,11.98,E_CONSISTENT_MID
CECO,10,384,2025-05-13,2026-06-01,0,0,0,0.0,0,0,28.96,3.0623,3.5,,,,1.93,NEUTRAL,15,1.387,5.0,5.0,1,0.0,3.0,3.0,1,0.0,12.622,59.8,11.96,E_CONSISTENT_MID
DAR,10,384,2025-05-13,2026-06-01,0,0,0,0.0,0,0,54.72,2.49,3.0,,,,10.78,BEARISH,15,20.732,3.0,3.0,1,0.0,,,0,0.0,0.482,59.8,11.96,E_CONSISTENT_MID
AOS,10,384,2025-05-13,2026-06-01,0,0,0,0.0,0,0,97.49,1.7325,1.3125,,,,3.35,BEARISH,30,1.269,2.0,2.0,1,0.0,,,0,0.0,15.311,59.7,11.94,E_CONSISTENT_MID
JBGS,10,384,2025-05-13,2026-06-01,0,0,0,0.0,0,0,98.76,1.57,1.0,,,,2.28,VERY_BEARISH,19,1.077,,,0,0.0,,,0,0.0,19.015,59.7,11.94,E_CONSISTENT_MID
LKQ,10,384,2025-05-13,2026-06-01,0,0,0,0.0,0,0,76.06,2.1425,2.3125,,,,2.45,BEARISH,21,1.243,3.0,3.0,1,0.0,,,0,0.0,15.828,59.7,11.94,E_CONSISTENT_MID
NABL,10,384,2025-05-13,2026-06-01,0,0,0,0.0,0,0,47.64,2.06,3.0,,,,2.22,BEARISH,20,1.423,3.0,3.0,1,0.0,,,0,0.0,12.229,59.7,11.94,E_CONSISTENT_MID
OMER,10,384,2025-05-13,2026-06-01,0,0,0,0.0,0,0,68.87,2.7711,2.5556,,,,3.85,NEUTRAL,18,0.737,4.0,4.0,1,0.0,2.0,2.0,1,0.0,25.966,59.6,11.92,E_CONSISTENT_MID
CAL,10,384,2025-05-13,2026-06-01,0,0,0,0.0,0,0,22.58,2.185,3.625,,,,2.44,VERY_BULLISH,16,0.814,5.0,5.0,1,0.0,,,0,0.0,24.689,59.5,11.9,E_CONSISTENT_MID
JBL,10,384,2025-05-13,2026-06-01,0,0,0,0.0,0,0,20.61,3.1744,3.6667,,,,4.98,BULLISH,34,1.307,3.0,3.0,3,0.0,3.67,4.0,3,0.577,3.29,59.5,11.9,E_CONSISTENT_MID
NKTR,10,384,2025-05-13,2026-06-01,0,0,0,0.0,0,0,47.37,1.63,3.0,,,,2.92,BEARISH,20,1.001,3.0,3.0,1,0.0,,,0,0.0,20.936,59.5,11.9,E_CONSISTENT_MID
QGEN,10,384,2025-05-13,2026-06-01,0,0,0,0.0,0,0,31.44,3.149,3.3333,,,,2.98,BULLISH,19,1.079,2.0,2.0,2,0.0,3.67,3.0,3,0.577,7.983,59.4,11.88,E_CONSISTENT_MID
EQIX,10,384,2025-05-13,2026-06-01,0,0,0,0.0,0,0,16.2,2.8759,3.8333,,,,4.36,BULLISH,20,0.653,4.0,4.0,2,0.0,2.67,3.0,3,0.577,16.71,59.3,11.86,E_CONSISTENT_MID
APPN,10,384,2025-05-13,2026-06-01,0,0,0,0.0,0,0,82.6,1.8225,2.3125,,,,3.17,BEARISH,17,3.818,3.0,3.0,1,0.0,,,0,0.0,1.565,59.2,11.84,E_CONSISTENT_MID
KDP,10,384,2025-05-13,2026-06-01,0,0,0,0.0,0,0,62.57,1.9436,2.8333,,,,3.38,NEUTRAL,15,0.7,3.0,3.0,1,0.0,2.0,2.0,1,0.0,27.616,59.2,11.84,E_CONSISTENT_MID
KNF,10,384,2025-05-13,2026-06-01,0,0,0,0.0,0,0,34.11,1.6925,3.3125,,,,1.38,VERY_BEARISH,16,0.806,4.0,4.0,1,0.0,,,0,0.0,25.533,59.2,11.84,E_CONSISTENT_MID
LXP,10,384,2025-05-13,2026-06-01,0,0,0,0.0,0,0,83.53,2.7156,2.2778,,,,3.72,BEARISH,18,0.577,3.0,3.0,1,0.0,2.0,2.0,1,0.0,30.086,59.2,11.84,E_CONSISTENT_MID
MATV,5,12,2026-05-20,2026-06-01,0,0,0,0.0,0,0,28.23,3.16,3.5,,,,4,VERY_BULLISH,2,1.414,3.0,3.0,2,0.0,2.0,2.0,2,0.0,13.322,59.2,11.84,E_CONSISTENT_MID
OLP,10,384,2025-05-13,2026-06-01,0,0,0,0.0,0,0,46.44,1.63,3.0,,,,2.2,NEUTRAL,15,1.014,3.0,3.0,1,0.0,,,0,0.0,21.259,59.2,11.84,E_CONSISTENT_MID
COUR,10,384,2025-05-13,2026-06-01,0,0,0,0.0,0,0,28.85,2.69,3.5,,,,3.32,NEUTRAL,19,0.587,3.0,3.0,2,0.0,2.5,2.0,2,0.707,15.998,59.1,11.82,E_CONSISTENT_MID
SRE,10,384,2025-05-13,2026-06-01,0,0,0,0.0,0,0,42.38,1.63,3.0,,,,2.07,BEARISH,15,0.961,3.0,3.0,1,0.0,,,0,0.0,22.631,59.1,11.82,E_CONSISTENT_MID
VPG,10,384,2025-05-13,2026-06-01,0,0,0,0.0,0,0,21.69,2.505,3.625,,,,3.01,BEARISH,23,1.325,5.0,5.0,1,0.0,,,0,0.0,15.38,59.1,11.82,E_CONSISTENT_MID
BILL,10,384,2025-05-13,2026-06-01,0,0,0,0.0,0,0,22.66,2.295,3.625,,,,1.62,BEARISH,16,0.885,5.0,5.0,1,0.0,,,0,0.0,24.263,59.0,11.8,E_CONSISTENT_MID
LFST,10,384,2025-05-13,2026-06-01,0,0,0,0.0,0,0,10.75,2.8122,4.1111,,,,2.84,NEUTRAL,17,0.564,5.0,5.0,2,0.0,2.5,3.0,2,0.707,16.516,59.0,11.8,E_CONSISTENT_MID
PMT,10,384,2025-05-13,2026-06-01,0,0,0,0.0,0,0,45.17,2.07,3.0,,,,1.88,VERY_BEARISH,16,0.957,3.0,3.0,1,0.0,,,0,0.0,23.157,58.9,11.78,E_CONSISTENT_MID
SLP,10,384,2025-05-13,2026-06-01,0,0,0,0.0,0,0,68.64,2.8668,2.6111,,,,3.56,NEUTRAL,16,0.814,2.0,2.0,1,0.0,2.0,2.0,1,0.0,26.007,58.9,11.78,E_CONSISTENT_MID
LEG,10,384,2025-05-13,2026-06-01,0,0,0,0.0,0,0,98.61,1.56,1.0,,,,2.5,VERY_BEARISH,21,1.003,1.0,1.0,1,0.0,,,0,0.0,22.433,58.8,11.76,E_CONSISTENT_MID
PLX,7,373,2025-05-13,2026-05-21,0,0,0,0.0,0,0,14.99,2.0571,3.25,,,,2.93,BULLISH,18,0.782,,,0,0.0,3.0,3.0,1,0.0,26.778,58.8,11.76,E_CONSISTENT_MID
TTI,7,18,2026-05-14,2026-06-01,0,0,0,0.0,0,0,41.03,2.3429,3.0,,,,2.37,NEUTRAL,23,1.385,3.0,3.0,1,0.0,,,0,0.0,14.746,58.8,11.76,E_CONSISTENT_MID
WERN,10,384,2025-05-13,2026-06-01,0,0,0,0.0,0,0,70.15,1.8325,2.3125,,,,1.47,BEARISH,15,0.834,3.0,3.0,1,0.0,,,0,0.0,25.714,58.8,11.76,E_CONSISTENT_MID
ANIP,10,384,2025-05-13,2026-06-01,0,0,0,0.0,0,0,27.11,3.1367,3.5556,,,,4.35,NEUTRAL,21,2.234,3.0,3.0,3,0.0,3.0,3.0,3,0.0,2.525,58.7,11.74,E_CONSISTENT_MID
BOOM,10,384,2025-05-13,2026-06-01,0,0,0,0.0,0,0,57.27,2.07,3.0,,,,2.66,NEUTRAL,20,1.247,3.0,3.0,1,0.0,,,0,0.0,17.597,58.7,11.74,E_CONSISTENT_MID
CDE,10,384,2025-05-13,2026-06-01,0,0,0,0.0,0,0,94.16,1.375,1.625,,,,2.5,BEARISH,23,1.78,3.0,3.0,1,0.0,,,0,0.0,7.294,58.6,11.72,E_CONSISTENT_MID
MOH,10,384,2025-05-13,2026-06-01,0,0,0,0.0,0,0,33.76,2.1225,3.3125,,,,2.19,NEUTRAL,19,1.299,4.0,4.0,1,0.0,,,0,0.0,16.919,58.6,11.72,E_CONSISTENT_MID
CLNE,7,18,2026-05-14,2026-06-01,0,0,0,0.0,0,0,15.04,3.054,3.8889,,,,3.12,NEUTRAL,17,0.333,3.5,4.0,2,0.707,3.0,3.0,2,0.0,22.285,58.5,11.7,E_CONSISTENT_MID
CPK,10,384,2025-05-13,2026-06-01,0,0,0,0.0,0,0,18.79,2.5144,3.7222,,,,3.49,NEUTRAL,23,0.768,3.0,3.0,2,0.0,4.0,4.0,2,0.0,27.609,58.5,11.7,E_CONSISTENT_MID
DDD,10,384,2025-05-13,2026-06-01,0,0,0,0.0,0,0,28.62,2.69,3.5,,,,3.07,BULLISH,16,0.664,3.5,3.0,2,0.707,2.0,2.0,2,0.0,15.538,58.5,11.7,E_CONSISTENT_MID
GD,10,384,2025-05-13,2026-06-01,0,0,0,0.0,0,0,18.33,2.5244,3.7222,,,,3.65,NEUTRAL,30,0.899,3.0,3.0,2,0.0,4.0,4.0,2,0.0,24.984,58.5,11.7,E_CONSISTENT_MID
OEC,10,384,2025-05-13,2026-06-01,0,0,0,0.0,0,0,60.79,2.9512,2.9444,,,,2.4,NEUTRAL,16,1.043,3.0,3.0,1,0.0,3.0,3.0,1,0.0,22.112,58.5,11.7,E_CONSISTENT_MID
ONTO,10,384,2025-05-13,2026-06-01,0,0,0,0.0,0,0,33.29,2.5525,3.3125,,,,4.13,BEARISH,15,3.197,4.0,4.0,1,0.0,,,0,0.0,2.993,58.5,11.7,E_CONSISTENT_MID
ZTO,10,384,2025-05-13,2026-06-01,0,0,0,0.0,0,0,11.83,1.4,4.0,,,,4.93,VERY_BULLISH,11,0.241,4.0,4.0,1,0.0,,,0,0.0,38.208,58.5,11.7,E_CONSISTENT_MID
ESTC,10,384,2025-05-13,2026-06-01,0,0,0,0.0,0,0,53.36,2.015,3.0,,,,2.14,NEUTRAL,17,1.208,3.0,3.0,1,0.0,,,0,0.0,19.278,58.3,11.66,E_CONSISTENT_MID
MAS,10,384,2025-05-13,2026-06-01,0,0,0,0.0,0,0,68.91,2.7711,2.5556,,,,3.77,NEUTRAL,24,0.898,4.0,4.0,1,0.0,2.0,2.0,1,0.0,25.422,58.3,11.66,E_CONSISTENT_MID
ADBE,10,384,2025-05-13,2026-06-01,0,0,0,0.0,0,0,29.27,3.01,3.5,,,,3.54,NEUTRAL,22,0.698,3.5,3.0,2,0.707,2.0,2.0,2,0.0,15.425,58.2,11.64,E_CONSISTENT_MID
ALSN,10,384,2025-05-13,2026-06-01,0,0,0,0.0,0,0,88.13,2.3039,1.8889,,,,3.73,VERY_BEARISH,28,0.772,3.0,3.0,1,0.0,4.0,4.0,1,0.0,28.579,58.0,11.6,E_CONSISTENT_MID
HNRG,10,384,2025-05-13,2026-06-01,0,0,0,0.0,0,0,92.65,1.795,1.625,,,,2.56,VERY_BEARISH,16,1.031,3.0,3.0,1,0.0,,,0,0.0,23.292,58.0,11.6,E_CONSISTENT_MID
PANW,10,384,2025-05-13,2026-06-01,0,0,0,0.0,0,0,68.83,2.838,2.5556,,,,3.0,NEUTRAL,18,0.969,2.0,2.0,1,0.0,2.0,2.0,1,0.0,24.704,58.0,11.6,E_CONSISTENT_MID
FITB,10,384,2025-05-13,2026-06-01,0,0,0,0.0,0,0,78.54,2.0875,2.3125,,,,2.78,BEARISH,15,1.515,3.0,3.0,1,0.0,,,0,0.0,13.931,57.9,11.58,E_CONSISTENT_MID
NAT,10,384,2025-05-13,2026-06-01,0,0,0,0.0,0,0,33.64,1.9025,3.3125,,,,2.39,NEUTRAL,19,1.05,4.0,4.0,1,0.0,,,0,0.0,23.207,57.9,11.58,E_CONSISTENT_MID
FOX,7,18,2026-05-14,2026-06-01,0,0,0,0.0,0,0,12.57,2.0,4.0,,,,4.74,VERY_BULLISH,5,0.218,4.0,4.0,1,0.0,,,0,0.0,41.278,57.8,11.56,E_CONSISTENT_MID
MCB,6,17,2026-05-15,2026-06-01,0,0,0,0.0,0,0,28.19,2.2417,3.5,,,,4.86,VERY_BULLISH,19,0.323,,,0,0.0,4.0,4.0,1,0.0,37.896,57.8,11.56,E_CONSISTENT_MID
MUX,7,373,2025-05-13,2026-05-21,0,0,0,0.0,0,0,41.54,1.5143,2.4,,,,1.57,NEUTRAL,14,0.938,,,0,0.0,,,0,0.0,25.581,57.8,11.56,E_CONSISTENT_MID
SNOW,10,384,2025-05-13,2026-06-01,0,0,0,0.0,0,0,42.65,1.85,3.0,,,,1.47,BULLISH,15,0.915,3.0,3.0,1,0.0,,,0,0.0,26.091,57.8,11.56,E_CONSISTENT_MID
ELV,10,384,2025-05-13,2026-06-01,0,0,0,0.0,0,0,24.09,2.2822,3.6111,,,,2.53,BULLISH,18,0.818,3.0,3.0,2,0.0,3.0,3.0,2,0.0,28.324,57.7,11.54,E_CONSISTENT_MID
PTCT,10,384,2025-05-13,2026-06-01,0,0,0,0.0,0,0,73.51,2.5175,2.3125,,,,3.53,VERY_BEARISH,25,0.919,3.0,3.0,1,0.0,,,0,0.0,26.348,57.6,11.52,E_CONSISTENT_MID
REZI,10,384,2025-05-13,2026-06-01,0,0,0,0.0,0,0,66.78,2.525,2.625,,,,3.68,BEARISH,20,0.773,4.0,4.0,1,0.0,,,0,0.0,29.586,57.5,11.5,E_CONSISTENT_MID
VTOL,10,384,2025-05-13,2026-06-01,0,0,0,0.0,0,0,88.21,1.9075,1.6875,,,,2.88,VERY_BEARISH,16,0.885,1.0,1.0,1,0.0,,,0,0.0,28.054,57.1,11.42,E_CONSISTENT_MID
GRDN,5,12,2026-05-20,2026-06-01,0,0,0,0.0,0,0,34.76,2.885,3.3125,,,,4.64,NEUTRAL,4,1.899,4.0,4.0,1,0.0,,,0,0.0,7.979,57.0,11.4,E_CONSISTENT_MID
TLS,5,12,2026-05-20,2026-06-01,0,0,0,0.0,0,0,32.44,2.665,3.3125,,,,3,BULLISH,2,1.414,4.0,4.0,1,0.0,,,0,0.0,17.913,56.9,11.38,E_CONSISTENT_MID
YETI,10,384,2025-05-13,2026-06-01,0,0,0,0.0,0,0,83.68,2.19,2.0,,,,2.07,NEUTRAL,17,1.116,2.0,2.0,1,0.0,,,0,0.0,23.977,56.9,11.38,E_CONSISTENT_MID
FRT,7,18,2026-05-14,2026-06-01,0,0,0,0.0,0,0,26.22,2.9587,3.5556,,,,4.11,BULLISH,19,0.809,3.5,3.0,2,0.707,3.0,3.0,2,0.0,16.328,56.7,11.34,E_CONSISTENT_MID
SBS,6,17,2026-05-15,2026-06-01,0,0,0,0.0,0,0,19.18,2.4155,3.7143,,,,4.32,BULLISH,7,0.425,4.0,4.0,1,0.0,3.0,3.0,1,0.0,38.193,56.7,11.34,E_CONSISTENT_MID
FSLY,10,384,2025-05-13,2026-06-01,0,0,0,0.0,0,0,78.27,2.4625,2.3125,,,,3.79,BEARISH,19,0.855,3.0,3.0,1,0.0,,,0,0.0,29.793,56.6,11.32,E_CONSISTENT_MID
ADSK,10,384,2025-05-13,2026-06-01,0,0,0,0.0,0,0,83.26,2.0425,2.3125,,,,2.88,BEARISH,16,1.771,3.0,3.0,1,0.0,,,0,0.0,11.677,56.5,11.3,E_CONSISTENT_MID
TPL,10,384,2025-05-13,2026-06-01,0,0,0,0.0,0,0,32.37,1.9225,3.3125,,,,3.95,NEUTRAL,21,0.805,4.0,4.0,1,0.0,,,0,0.0,30.988,56.5,11.3,E_CONSISTENT_MID
OC,10,384,2025-05-13,2026-06-01,0,0,0,0.0,0,0,74.13,2.5725,2.3125,,,,3.13,BEARISH,19,1.011,3.0,3.0,1,0.0,,,0,0.0,26.937,56.4,11.28,E_CONSISTENT_MID
C,7,18,2026-05-14,2026-06-01,0,0,0,0.0,0,0,13.84,3.0698,3.9444,,,,3.61,BULLISH,21,0.492,3.5,4.0,2,0.707,4.0,4.0,2,0.0,23.361,56.3,11.26,E_CONSISTENT_MID
BOX,10,384,2025-05-13,2026-06-01,0,0,0,0.0,0,0,17.4,3.0656,3.7778,,,,2.68,BULLISH,17,0.899,3.5,4.0,2,0.707,2.0,2.0,2,0.0,15.504,56.2,11.24,E_CONSISTENT_MID
INDV,10,384,2025-05-13,2026-06-01,0,0,0,0.0,0,0,22.35,1.655,3.625,,,,3.5,BULLISH,2,0.707,5.0,5.0,1,0.0,,,0,0.0,33.364,56.2,11.24,E_CONSISTENT_MID
KW,10,384,2025-05-13,2026-06-01,0,0,0,0.0,0,0,49.57,1.63,3.0,,,,2.63,BULLISH,16,1.368,,,0,0.0,,,0,0.0,20.313,56.2,11.24,E_CONSISTENT_MID
SAFE,10,384,2025-05-13,2026-06-01,0,0,0,0.0,0,0,90.8,2.015,1.625,,,,3.67,VERY_BEARISH,26,1.063,3.0,3.0,1,0.0,,,0,0.0,26.438,56.2,11.24,E_CONSISTENT_MID
ELA,7,18,2026-05-14,2026-06-01,0,0,0,0.0,0,0,16.24,3.0381,3.8333,,,,4.26,BULLISH,26,0.698,4.0,4.0,2,0.0,2.5,3.0,2,0.707,20.132,55.9,11.18,E_CONSISTENT_MID
PLTR,10,384,2025-05-13,2026-06-01,0,0,0,0.0,0,0,38.24,2.3008,3.1111,,,,2.83,VERY_BULLISH,23,1.43,4.0,4.0,1,0.0,2.0,2.0,1,0.0,20.218,55.6,11.12,E_CONSISTENT_MID
CLOV,5,12,2026-05-20,2026-06-01,0,0,0,0.0,0,0,56.03,2.32,3.0,,,,2,NEUTRAL,2,1.414,3.0,3.0,1,0.0,,,0,0.0,21.031,55.3,11.06,E_CONSISTENT_MID
UAA,10,384,2025-05-13,2026-06-01,0,0,0,0.0,0,0,83.95,1.45,2.0,,,,2.6,BEARISH,15,1.248,2.0,2.0,1,0.0,,,0,0.0,24.605,55.2,11.04,E_CONSISTENT_MID
USAR,5,12,2026-05-20,2026-06-01,0,0,0,0.0,0,0,63.11,2.195,2.6875,,,,2,NEUTRAL,2,1.414,2.0,2.0,1,0.0,,,0,0.0,21.806,55.0,11.0,E_CONSISTENT_MID
JAKK,10,384,2025-05-13,2026-06-01,0,0,0,0.0,0,0,85.54,2.4,2.0,,,,4.15,BEARISH,20,0.933,2.0,2.0,1,0.0,,,0,0.0,32.087,54.6,10.92,E_CONSISTENT_MID
PACS,10,384,2025-05-13,2026-06-01,0,0,0,0.0,0,0,73.86,1.0725,2.3125,,,,4.36,BEARISH,4,3.328,3.0,3.0,1,0.0,,,0,0.0,10.701,54.6,10.92,E_CONSISTENT_MID
LUNR,5,12,2026-05-20,2026-06-01,0,0,0,0.0,0,0,88.79,2.035,1.6875,,,,2,VERY_BEARISH,2,1.414,1.0,1.0,1,0.0,,,0,0.0,23.204,54.3,10.86,E_CONSISTENT_MID
BE,10,384,2025-05-13,2026-06-01,0,0,0,0.0,0,0,26.95,3.0911,3.5556,,,,7.1,NEUTRAL,20,10.755,5.0,5.0,1,0.0,3.0,3.0,1,0.0,11.534,54.2,10.84,E_CONSISTENT_MID
CTRI,5,12,2026-05-20,2026-06-01,0,0,0,0.0,0,0,96.71,1.685,1.3125,,,,2,VERY_BEARISH,2,1.414,2.0,2.0,1,0.0,,,0,0.0,23.352,54.2,10.84,E_CONSISTENT_MID
MIAX,10,384,2025-05-13,2026-06-01,0,0,0,0.0,0,0,15.93,1.9159,3.8333,,,,4,BULLISH,2,0.0,4.0,4.0,2,0.0,2.67,3.0,3,0.577,40.58,54.2,10.84,E_CONSISTENT_MID
LII,10,384,2025-05-13,2026-06-01,0,0,0,0.0,0,0,83.57,2.7156,2.2778,,,,2.43,VERY_BEARISH,16,1.09,3.0,3.0,1,0.0,2.0,2.0,1,0.0,30.057,54.1,10.82,E_CONSISTENT_MID
ALHC,10,384,2025-05-13,2026-06-01,0,0,0,0.0,0,0,27.18,1.8111,3.5556,,,,3.5,NEUTRAL,2,0.707,5.0,5.0,1,0.0,3.0,3.0,1,0.0,38.513,53.7,10.74,E_CONSISTENT_MID
FUN,10,384,2025-05-13,2026-06-01,0,0,0,0.0,0,0,31.13,2.2378,3.3889,,,,1.4,NEUTRAL,15,0.632,3.0,3.0,2,0.0,1.5,1.0,2,0.707,25.849,53.7,10.74,E_CONSISTENT_MID
NGS,10,384,2025-05-13,2026-06-01,0,0,0,0.0,0,0,33.57,1.6925,3.3125,,,,2.43,NEUTRAL,21,1.367,4.0,4.0,1,0.0,,,0,0.0,25.487,53.6,10.72,E_CONSISTENT_MID
DAVE,10,384,2025-05-13,2026-06-01,0,0,0,0.0,0,0,14.97,1.8078,3.8889,,,,3.5,BULLISH,2,0.707,4.0,4.0,2,0.0,3.0,3.0,2,0.0,39.314,53.3,10.66,E_CONSISTENT_MID
GLW,10,384,2025-05-13,2026-06-01,0,0,0,0.0,0,0,20.96,3.1979,3.6667,,,,4.52,NEUTRAL,25,2.169,3.0,3.0,2,0.0,3.67,4.0,3,0.577,1.886,53.3,10.66,E_CONSISTENT_MID
HPK,5,12,2026-05-20,2026-06-01,0,0,0,0.0,0,0,92.61,1.81,1.625,,,,2,VERY_BEARISH,2,1.414,3.0,3.0,1,0.0,,,0,0.0,25.181,53.3,10.66,E_CONSISTENT_MID
FTAI,10,384,2025-05-13,2026-06-01,0,0,0,0.0,0,0,78.23,2.2525,2.3125,,,,5.47,BEARISH,15,8.812,3.0,3.0,1,0.0,,,0,0.0,13.818,53.1,10.62,E_CONSISTENT_MID
COCO,10,384,2025-05-13,2026-06-01,0,0,0,0.0,0,0,22.47,2.615,3.625,,,,3.55,NEUTRAL,15,3.099,5.0,5.0,1,0.0,,,0,0.0,14.015,53.0,10.6,E_CONSISTENT_MID
KMT,10,384,2025-05-13,2026-06-01,0,0,0,0.0,0,0,49.85,2.815,3.0,,,,4.44,NEUTRAL,30,2.157,3.0,3.0,1,0.0,3.0,3.0,1,0.0,14.176,52.9,10.58,E_CONSISTENT_MID
DXPE,10,384,2025-05-13,2026-06-01,0,0,0,0.0,0,0,54.06,2.755,3.0,,,,4.31,NEUTRAL,21,2.392,3.0,3.0,1,0.0,,,0,0.0,15.566,52.2,10.44,E_CONSISTENT_MID
ABUS,10,384,2025-05-13,2026-06-01,0,0,0,0.0,0,0,21.66,2.2933,3.6667,,,,2.19,BULLISH,16,0.548,3.0,3.0,2,0.0,3.5,4.0,2,0.707,31.946,51.5,10.3,E_CONSISTENT_MID
NXDR,5,12,2026-05-20,2026-06-01,0,0,0,0.0,0,0,33.37,2.445,3.3125,,,,2,NEUTRAL,2,1.414,4.0,4.0,1,0.0,,,0,0.0,28.938,51.4,10.28,E_CONSISTENT_MID
INVX,10,384,2025-05-13,2026-06-01,0,0,0,0.0,0,0,22.31,2.195,3.625,,,,2.31,NEUTRAL,20,1.592,5.0,5.0,1,0.0,,,0,0.0,26.488,50.8,10.16,E_CONSISTENT_MID
SOC,5,12,2026-05-20,2026-06-01,0,0,0,0.0,0,0,90.53,1.81,1.625,,,,2,VERY_BEARISH,2,1.414,3.0,3.0,1,0.0,,,0,0.0,30.931,50.4,10.08,E_CONSISTENT_MID
GOOD,10,384,2025-05-13,2026-06-01,0,0,0,0.0,0,0,26.1,2.2711,3.5556,,,,3.13,BULLISH,15,0.915,3.0,3.0,2,0.0,2.5,3.0,2,0.707,26.908,50.3,10.06,E_CONSISTENT_MID
CNC,10,384,2025-05-13,2026-06-01,0,0,0,0.0,0,0,10.9,2.6022,4.1111,,,,2.31,BULLISH,16,0.873,5.0,5.0,2,0.0,2.5,3.0,2,0.707,28.639,49.9,9.98,E_CONSISTENT_MID
NCNO,10,384,2025-05-13,2026-06-01,0,0,0,0.0,0,0,22.12,2.185,3.625,,,,3.25,BEARISH,15,3.308,5.0,5.0,1,0.0,,,0,0.0,21.124,49.4,9.88,E_CONSISTENT_MID
WRBY,5,12,2026-05-20,2026-06-01,0,0,0,0.0,0,0,62.99,2.195,2.6875,,,,2.5,BULLISH,2,2.121,2.0,2.0,1,0.0,,,0,0.0,22.114,48.9,9.78,E_CONSISTENT_MID
AR,10,384,2025-05-13,2026-06-01,0,0,0,0.0,0,0,21.58,2.8956,3.6667,,,,4.84,NEUTRAL,19,6.079,3.0,3.0,2,0.0,4.0,4.0,3,0.0,23.098,48.5,9.7,E_CONSISTENT_MID
AAON,10,384,2025-05-13,2026-06-01,0,0,0,0.0,0,0,14.08,2.5139,3.9444,,,,1.93,BULLISH,15,0.884,5.0,5.0,2,0.0,1.5,1.0,2,0.707,31.479,48.4,9.68,E_CONSISTENT_MID
NIQ,5,12,2026-05-20,2026-06-01,0,0,0,0.0,0,0,47.41,2.32,3.0,,,,3,VERY_BULLISH,2,2.828,3.0,3.0,1,0.0,,,0,0.0,23.661,48.2,9.64,E_CONSISTENT_MID
MS,10,384,2025-05-13,2026-06-01,0,0,0,0.0,0,0,14.58,2.1378,3.8889,,,,3.42,NEUTRAL,17,0.743,3.5,4.0,2,0.707,3.0,3.0,2,0.0,35.15,47.9,9.58,E_CONSISTENT_MID
VSEC,10,384,2025-05-13,2026-06-01,0,0,0,0.0,0,0,89.79,1.575,1.625,,,,2.56,VERY_BEARISH,15,3.548,3.0,3.0,1,0.0,,,0,0.0,27.289,46.4,9.28,E_CONSISTENT_MID
IVR,10,384,2025-05-13,2026-06-01,0,0,0,0.0,0,0,60.94,3.0181,2.9444,,,,4.71,NEUTRAL,28,0.522,2.5,1.0,2,2.121,2.0,2.0,3,0.0,16.995,46.3,9.26,E_CONSISTENT_MID
XIFR,5,12,2026-05-20,2026-06-01,0,0,0,0.0,0,0,31.75,2.445,3.3125,,,,2.5,BULLISH,2,2.121,4.0,4.0,1,0.0,,,0,0.0,29.113,45.4,9.08,E_CONSISTENT_MID
FLYW,5,12,2026-05-20,2026-06-01,0,0,0,0.0,0,0,12.61,3.14,4.0,,,,3.5,VERY_BULLISH,2,2.121,5.0,5.0,2,0.0,2.0,2.0,2,0.0,35.079,42.5,8.5,E_CONSISTENT_MID
KRT,8,384,2025-05-13,2026-06-01,0,0,0,0.0,0,0,14.66,2.2655,3.8889,,,,4.92,NEUTRAL,4,1.684,3.5,4.0,2,0.707,3.0,3.0,3,0.0,42.449,36.1,7.22,E_CONSISTENT_MID
