lineage_id,snapshot_date,created_at_utc,run_id,provider,source_file,symbol,coverage_domain,normalization_version,lineage_notes
RUN-REAL-ESS-20260513-002:2026-05-13:SRCE:STARMINE_COVERED,2026-05-13,2026-05-13T15:28:42.825732+00:00,RUN-REAL-ESS-20260513-002,FIDELITY,SecurityExtract_ESS_2026May13.csv,SRCE,STARMINE_COVERED,2,Immutable partition append from ESS normalization output; numeric provenance preserved.
RUN-REAL-ESS-20260513-002:2026-05-13:ACEL:STARMINE_COVERED,2026-05-13,2026-05-13T15:28:42.825732+00:00,RUN-REAL-ESS-20260513-002,FIDELITY,SecurityExtract_ESS_2026May13.csv,ACEL,STARMINE_COVERED,2,Immutable partition append from ESS normalization output; numeric provenance preserved.
RUN-REAL-ESS-20260513-002:2026-05-13:ADUS:STARMINE_COVERED,2026-05-13,2026-05-13T15:28:42.825732+00:00,RUN-REAL-ESS-20260513-002,FIDELITY,SecurityExtract_ESS_2026May13.csv,ADUS,STARMINE_COVERED,2,Immutable partition append from ESS normalization output; numeric provenance preserved.
RUN-REAL-ESS-20260513-002:2026-05-13:AGEN:STARMINE_COVERED,2026-05-13,2026-05-13T15:28:42.825732+00:00,RUN-REAL-ESS-20260513-002,FIDELITY,SecurityExtract_ESS_2026May13.csv,AGEN,STARMINE_COVERED,2,Immutable partition append from ESS normalization output; numeric provenance preserved.
RUN-REAL-ESS-20260513-002:2026-05-13:AKAM:STARMINE_COVERED,2026-05-13,2026-05-13T15:28:42.825732+00:00,RUN-REAL-ESS-20260513-002,FIDELITY,SecurityExtract_ESS_2026May13.csv,AKAM,STARMINE_COVERED,2,Immutable partition append from ESS normalization output; numeric provenance preserved.
RUN-REAL-ESS-20260513-002:2026-05-13:ALNT:STARMINE_COVERED,2026-05-13,2026-05-13T15:28:42.825732+00:00,RUN-REAL-ESS-20260513-002,FIDELITY,SecurityExtract_ESS_2026May13.csv,ALNT,STARMINE_COVERED,2,Immutable partition append from ESS normalization output; numeric provenance preserved.
RUN-REAL-ESS-20260513-002:2026-05-13:AMCX:STARMINE_COVERED,2026-05-13,2026-05-13T15:28:42.825732+00:00,RUN-REAL-ESS-20260513-002,FIDELITY,SecurityExtract_ESS_2026May13.csv,AMCX,STARMINE_COVERED,2,Immutable partition append from ESS normalization output; numeric provenance preserved.
RUN-REAL-ESS-20260513-002:2026-05-13:APEI:STARMINE_COVERED,2026-05-13,2026-05-13T15:28:42.825732+00:00,RUN-REAL-ESS-20260513-002,FIDELITY,SecurityExtract_ESS_2026May13.csv,APEI,STARMINE_COVERED,2,Immutable partition append from ESS normalization output; numeric provenance preserved.
RUN-REAL-ESS-20260513-002:2026-05-13:AWR:STARMINE_COVERED,2026-05-13,2026-05-13T15:28:42.825732+00:00,RUN-REAL-ESS-20260513-002,FIDELITY,SecurityExtract_ESS_2026May13.csv,AWR,STARMINE_COVERED,2,Immutable partition append from ESS normalization output; numeric provenance preserved.
RUN-REAL-ESS-20260513-002:2026-05-13:AME:STARMINE_COVERED,2026-05-13,2026-05-13T15:28:42.825732+00:00,RUN-REAL-ESS-20260513-002,FIDELITY,SecurityExtract_ESS_2026May13.csv,AME,STARMINE_COVERED,2,Immutable partition append from ESS normalization output; numeric provenance preserved.
RUN-REAL-ESS-20260513-002:2026-05-13:AMN:STARMINE_COVERED,2026-05-13,2026-05-13T15:28:42.825732+00:00,RUN-REAL-ESS-20260513-002,FIDELITY,SecurityExtract_ESS_2026May13.csv,AMN,STARMINE_COVERED,2,Immutable partition append from ESS normalization output; numeric provenance preserved.
RUN-REAL-ESS-20260513-002:2026-05-13:ADI:STARMINE_COVERED,2026-05-13,2026-05-13T15:28:42.825732+00:00,RUN-REAL-ESS-20260513-002,FIDELITY,SecurityExtract_ESS_2026May13.csv,ADI,STARMINE_COVERED,2,Immutable partition append from ESS normalization output; numeric provenance preserved.
RUN-REAL-ESS-20260513-002:2026-05-13:ANAB:STARMINE_COVERED,2026-05-13,2026-05-13T15:28:42.825732+00:00,RUN-REAL-ESS-20260513-002,FIDELITY,SecurityExtract_ESS_2026May13.csv,ANAB,STARMINE_COVERED,2,Immutable partition append from ESS normalization output; numeric provenance preserved.
RUN-REAL-ESS-20260513-002:2026-05-13:APA:STARMINE_COVERED,2026-05-13,2026-05-13T15:28:42.825732+00:00,RUN-REAL-ESS-20260513-002,FIDELITY,SecurityExtract_ESS_2026May13.csv,APA,STARMINE_COVERED,2,Immutable partition append from ESS normalization output; numeric provenance preserved.
RUN-REAL-ESS-20260513-002:2026-05-13:AAPL:STARMINE_COVERED,2026-05-13,2026-05-13T15:28:42.825732+00:00,RUN-REAL-ESS-20260513-002,FIDELITY,SecurityExtract_ESS_2026May13.csv,AAPL,STARMINE_COVERED,2,Immutable partition append from ESS normalization output; numeric provenance preserved.
RUN-REAL-ESS-20260513-002:2026-05-13:AMAT:STARMINE_COVERED,2026-05-13,2026-05-13T15:28:42.825732+00:00,RUN-REAL-ESS-20260513-002,FIDELITY,SecurityExtract_ESS_2026May13.csv,AMAT,STARMINE_COVERED,2,Immutable partition append from ESS normalization output; numeric provenance preserved.
RUN-REAL-ESS-20260513-002:2026-05-13:ARCO:STARMINE_COVERED,2026-05-13,2026-05-13T15:28:42.825732+00:00,RUN-REAL-ESS-20260513-002,FIDELITY,SecurityExtract_ESS_2026May13.csv,ARCO,STARMINE_COVERED,2,Immutable partition append from ESS normalization output; numeric provenance preserved.
RUN-REAL-ESS-20260513-002:2026-05-13:AGX:STARMINE_COVERED,2026-05-13,2026-05-13T15:28:42.825732+00:00,RUN-REAL-ESS-20260513-002,FIDELITY,SecurityExtract_ESS_2026May13.csv,AGX,STARMINE_COVERED,2,Immutable partition append from ESS normalization output; numeric provenance preserved.
RUN-REAL-ESS-20260513-002:2026-05-13:ANET:STARMINE_COVERED,2026-05-13,2026-05-13T15:28:42.825732+00:00,RUN-REAL-ESS-20260513-002,FIDELITY,SecurityExtract_ESS_2026May13.csv,ANET,STARMINE_COVERED,2,Immutable partition append from ESS normalization output; numeric provenance preserved.
RUN-REAL-ESS-20260513-002:2026-05-13:ARR:STARMINE_COVERED,2026-05-13,2026-05-13T15:28:42.825732+00:00,RUN-REAL-ESS-20260513-002,FIDELITY,SecurityExtract_ESS_2026May13.csv,ARR,STARMINE_COVERED,2,Immutable partition append from ESS normalization output; numeric provenance preserved.
RUN-REAL-ESS-20260513-002:2026-05-13:ARW:STARMINE_COVERED,2026-05-13,2026-05-13T15:28:42.825732+00:00,RUN-REAL-ESS-20260513-002,FIDELITY,SecurityExtract_ESS_2026May13.csv,ARW,STARMINE_COVERED,2,Immutable partition append from ESS normalization output; numeric provenance preserved.
RUN-REAL-ESS-20260513-002:2026-05-13:ASML:STARMINE_COVERED,2026-05-13,2026-05-13T15:28:42.825732+00:00,RUN-REAL-ESS-20260513-002,FIDELITY,SecurityExtract_ESS_2026May13.csv,ASML,STARMINE_COVERED,2,Immutable partition append from ESS normalization output; numeric provenance preserved.
RUN-REAL-ESS-20260513-002:2026-05-13:ATRO:STARMINE_COVERED,2026-05-13,2026-05-13T15:28:42.825732+00:00,RUN-REAL-ESS-20260513-002,FIDELITY,SecurityExtract_ESS_2026May13.csv,ATRO,STARMINE_COVERED,2,Immutable partition append from ESS normalization output; numeric provenance preserved.
RUN-REAL-ESS-20260513-002:2026-05-13:ATLC:STARMINE_COVERED,2026-05-13,2026-05-13T15:28:42.825732+00:00,RUN-REAL-ESS-20260513-002,FIDELITY,SecurityExtract_ESS_2026May13.csv,ATLC,STARMINE_COVERED,2,Immutable partition append from ESS normalization output; numeric provenance preserved.
RUN-REAL-ESS-20260513-002:2026-05-13:ATRC:STARMINE_COVERED,2026-05-13,2026-05-13T15:28:42.825732+00:00,RUN-REAL-ESS-20260513-002,FIDELITY,SecurityExtract_ESS_2026May13.csv,ATRC,STARMINE_COVERED,2,Immutable partition append from ESS normalization output; numeric provenance preserved.
RUN-REAL-ESS-20260513-002:2026-05-13:ATHM:STARMINE_COVERED,2026-05-13,2026-05-13T15:28:42.825732+00:00,RUN-REAL-ESS-20260513-002,FIDELITY,SecurityExtract_ESS_2026May13.csv,ATHM,STARMINE_COVERED,2,Immutable partition append from ESS normalization output; numeric provenance preserved.
RUN-REAL-ESS-20260513-002:2026-05-13:AVA:STARMINE_COVERED,2026-05-13,2026-05-13T15:28:42.825732+00:00,RUN-REAL-ESS-20260513-002,FIDELITY,SecurityExtract_ESS_2026May13.csv,AVA,STARMINE_COVERED,2,Immutable partition append from ESS normalization output; numeric provenance preserved.
RUN-REAL-ESS-20260513-002:2026-05-13:AVT:STARMINE_COVERED,2026-05-13,2026-05-13T15:28:42.825732+00:00,RUN-REAL-ESS-20260513-002,FIDELITY,SecurityExtract_ESS_2026May13.csv,AVT,STARMINE_COVERED,2,Immutable partition append from ESS normalization output; numeric provenance preserved.
RUN-REAL-ESS-20260513-002:2026-05-13:AXS:STARMINE_COVERED,2026-05-13,2026-05-13T15:28:42.825732+00:00,RUN-REAL-ESS-20260513-002,FIDELITY,SecurityExtract_ESS_2026May13.csv,AXS,STARMINE_COVERED,2,Immutable partition append from ESS normalization output; numeric provenance preserved.
RUN-REAL-ESS-20260513-002:2026-05-13:AZZ:STARMINE_COVERED,2026-05-13,2026-05-13T15:28:42.825732+00:00,RUN-REAL-ESS-20260513-002,FIDELITY,SecurityExtract_ESS_2026May13.csv,AZZ,STARMINE_COVERED,2,Immutable partition append from ESS normalization output; numeric provenance preserved.
RUN-REAL-ESS-20260513-002:2026-05-13:BMO:STARMINE_COVERED,2026-05-13,2026-05-13T15:28:42.825732+00:00,RUN-REAL-ESS-20260513-002,FIDELITY,SecurityExtract_ESS_2026May13.csv,BMO,STARMINE_COVERED,2,Immutable partition append from ESS normalization output; numeric provenance preserved.
RUN-REAL-ESS-20260513-002:2026-05-13:BK:STARMINE_COVERED,2026-05-13,2026-05-13T15:28:42.825732+00:00,RUN-REAL-ESS-20260513-002,FIDELITY,SecurityExtract_ESS_2026May13.csv,BK,STARMINE_COVERED,2,Immutable partition append from ESS normalization output; numeric provenance preserved.
RUN-REAL-ESS-20260513-002:2026-05-13:OZK:STARMINE_COVERED,2026-05-13,2026-05-13T15:28:42.825732+00:00,RUN-REAL-ESS-20260513-002,FIDELITY,SecurityExtract_ESS_2026May13.csv,OZK,STARMINE_COVERED,2,Immutable partition append from ESS normalization output; numeric provenance preserved.
RUN-REAL-ESS-20260513-002:2026-05-13:BSVN:STARMINE_COVERED,2026-05-13,2026-05-13T15:28:42.825732+00:00,RUN-REAL-ESS-20260513-002,FIDELITY,SecurityExtract_ESS_2026May13.csv,BSVN,STARMINE_COVERED,2,Immutable partition append from ESS normalization output; numeric provenance preserved.
RUN-REAL-ESS-20260513-002:2026-05-13:BWFG:STARMINE_COVERED,2026-05-13,2026-05-13T15:28:42.825732+00:00,RUN-REAL-ESS-20260513-002,FIDELITY,SecurityExtract_ESS_2026May13.csv,BWFG,STARMINE_COVERED,2,Immutable partition append from ESS normalization output; numeric provenance preserved.
RUN-REAL-ESS-20260513-002:2026-05-13:BDC:STARMINE_COVERED,2026-05-13,2026-05-13T15:28:42.825732+00:00,RUN-REAL-ESS-20260513-002,FIDELITY,SecurityExtract_ESS_2026May13.csv,BDC,STARMINE_COVERED,2,Immutable partition append from ESS normalization output; numeric provenance preserved.
RUN-REAL-ESS-20260513-002:2026-05-13:BHE:STARMINE_COVERED,2026-05-13,2026-05-13T15:28:42.825732+00:00,RUN-REAL-ESS-20260513-002,FIDELITY,SecurityExtract_ESS_2026May13.csv,BHE,STARMINE_COVERED,2,Immutable partition append from ESS normalization output; numeric provenance preserved.
RUN-REAL-ESS-20260513-002:2026-05-13:WRB:STARMINE_COVERED,2026-05-13,2026-05-13T15:28:42.825732+00:00,RUN-REAL-ESS-20260513-002,FIDELITY,SecurityExtract_ESS_2026May13.csv,WRB,STARMINE_COVERED,2,Immutable partition append from ESS normalization output; numeric provenance preserved.
RUN-REAL-ESS-20260513-002:2026-05-13:BIIB:STARMINE_COVERED,2026-05-13,2026-05-13T15:28:42.825732+00:00,RUN-REAL-ESS-20260513-002,FIDELITY,SecurityExtract_ESS_2026May13.csv,BIIB,STARMINE_COVERED,2,Immutable partition append from ESS normalization output; numeric provenance preserved.
RUN-REAL-ESS-20260513-002:2026-05-13:XYZ:STARMINE_COVERED,2026-05-13,2026-05-13T15:28:42.825732+00:00,RUN-REAL-ESS-20260513-002,FIDELITY,SecurityExtract_ESS_2026May13.csv,XYZ,STARMINE_COVERED,2,Immutable partition append from ESS normalization output; numeric provenance preserved.
RUN-REAL-ESS-20260513-002:2026-05-13:BP:STARMINE_COVERED,2026-05-13,2026-05-13T15:28:42.825732+00:00,RUN-REAL-ESS-20260513-002,FIDELITY,SecurityExtract_ESS_2026May13.csv,BP,STARMINE_COVERED,2,Immutable partition append from ESS normalization output; numeric provenance preserved.
RUN-REAL-ESS-20260513-002:2026-05-13:BFH:STARMINE_COVERED,2026-05-13,2026-05-13T15:28:42.825732+00:00,RUN-REAL-ESS-20260513-002,FIDELITY,SecurityExtract_ESS_2026May13.csv,BFH,STARMINE_COVERED,2,Immutable partition append from ESS normalization output; numeric provenance preserved.
RUN-REAL-ESS-20260513-002:2026-05-13:AVGO:STARMINE_COVERED,2026-05-13,2026-05-13T15:28:42.825732+00:00,RUN-REAL-ESS-20260513-002,FIDELITY,SecurityExtract_ESS_2026May13.csv,AVGO,STARMINE_COVERED,2,Immutable partition append from ESS normalization output; numeric provenance preserved.
RUN-REAL-ESS-20260513-002:2026-05-13:BMBL:STARMINE_COVERED,2026-05-13,2026-05-13T15:28:42.825732+00:00,RUN-REAL-ESS-20260513-002,FIDELITY,SecurityExtract_ESS_2026May13.csv,BMBL,STARMINE_COVERED,2,Immutable partition append from ESS normalization output; numeric provenance preserved.
RUN-REAL-ESS-20260513-002:2026-05-13:CALM:STARMINE_COVERED,2026-05-13,2026-05-13T15:28:42.825732+00:00,RUN-REAL-ESS-20260513-002,FIDELITY,SecurityExtract_ESS_2026May13.csv,CALM,STARMINE_COVERED,2,Immutable partition append from ESS normalization output; numeric provenance preserved.
RUN-REAL-ESS-20260513-002:2026-05-13:CRC:STARMINE_COVERED,2026-05-13,2026-05-13T15:28:42.825732+00:00,RUN-REAL-ESS-20260513-002,FIDELITY,SecurityExtract_ESS_2026May13.csv,CRC,STARMINE_COVERED,2,Immutable partition append from ESS normalization output; numeric provenance preserved.
RUN-REAL-ESS-20260513-002:2026-05-13:CM:STARMINE_COVERED,2026-05-13,2026-05-13T15:28:42.825732+00:00,RUN-REAL-ESS-20260513-002,FIDELITY,SecurityExtract_ESS_2026May13.csv,CM,STARMINE_COVERED,2,Immutable partition append from ESS normalization output; numeric provenance preserved.
RUN-REAL-ESS-20260513-002:2026-05-13:CNI:STARMINE_COVERED,2026-05-13,2026-05-13T15:28:42.825732+00:00,RUN-REAL-ESS-20260513-002,FIDELITY,SecurityExtract_ESS_2026May13.csv,CNI,STARMINE_COVERED,2,Immutable partition append from ESS normalization output; numeric provenance preserved.
RUN-REAL-ESS-20260513-002:2026-05-13:CNQ:STARMINE_COVERED,2026-05-13,2026-05-13T15:28:42.825732+00:00,RUN-REAL-ESS-20260513-002,FIDELITY,SecurityExtract_ESS_2026May13.csv,CNQ,STARMINE_COVERED,2,Immutable partition append from ESS normalization output; numeric provenance preserved.
RUN-REAL-ESS-20260513-002:2026-05-13:CAH:STARMINE_COVERED,2026-05-13,2026-05-13T15:28:42.825732+00:00,RUN-REAL-ESS-20260513-002,FIDELITY,SecurityExtract_ESS_2026May13.csv,CAH,STARMINE_COVERED,2,Immutable partition append from ESS normalization output; numeric provenance preserved.
RUN-REAL-ESS-20260513-002:2026-05-13:CARS:STARMINE_COVERED,2026-05-13,2026-05-13T15:28:42.825732+00:00,RUN-REAL-ESS-20260513-002,FIDELITY,SecurityExtract_ESS_2026May13.csv,CARS,STARMINE_COVERED,2,Immutable partition append from ESS normalization output; numeric provenance preserved.
RUN-REAL-ESS-20260513-002:2026-05-13:CPRX:STARMINE_COVERED,2026-05-13,2026-05-13T15:28:42.825732+00:00,RUN-REAL-ESS-20260513-002,FIDELITY,SecurityExtract_ESS_2026May13.csv,CPRX,STARMINE_COVERED,2,Immutable partition append from ESS normalization output; numeric provenance preserved.
RUN-REAL-ESS-20260513-002:2026-05-13:CBOE:STARMINE_COVERED,2026-05-13,2026-05-13T15:28:42.825732+00:00,RUN-REAL-ESS-20260513-002,FIDELITY,SecurityExtract_ESS_2026May13.csv,CBOE,STARMINE_COVERED,2,Immutable partition append from ESS normalization output; numeric provenance preserved.
RUN-REAL-ESS-20260513-002:2026-05-13:CVE:STARMINE_COVERED,2026-05-13,2026-05-13T15:28:42.825732+00:00,RUN-REAL-ESS-20260513-002,FIDELITY,SecurityExtract_ESS_2026May13.csv,CVE,STARMINE_COVERED,2,Immutable partition append from ESS normalization output; numeric provenance preserved.
RUN-REAL-ESS-20260513-002:2026-05-13:CF:STARMINE_COVERED,2026-05-13,2026-05-13T15:28:42.825732+00:00,RUN-REAL-ESS-20260513-002,FIDELITY,SecurityExtract_ESS_2026May13.csv,CF,STARMINE_COVERED,2,Immutable partition append from ESS normalization output; numeric provenance preserved.
RUN-REAL-ESS-20260513-002:2026-05-13:CHTR:STARMINE_COVERED,2026-05-13,2026-05-13T15:28:42.825732+00:00,RUN-REAL-ESS-20260513-002,FIDELITY,SecurityExtract_ESS_2026May13.csv,CHTR,STARMINE_COVERED,2,Immutable partition append from ESS normalization output; numeric provenance preserved.
RUN-REAL-ESS-20260513-002:2026-05-13:CLDT:STARMINE_COVERED,2026-05-13,2026-05-13T15:28:42.825732+00:00,RUN-REAL-ESS-20260513-002,FIDELITY,SecurityExtract_ESS_2026May13.csv,CLDT,STARMINE_COVERED,2,Immutable partition append from ESS normalization output; numeric provenance preserved.
RUN-REAL-ESS-20260513-002:2026-05-13:CHRD:STARMINE_COVERED,2026-05-13,2026-05-13T15:28:42.825732+00:00,RUN-REAL-ESS-20260513-002,FIDELITY,SecurityExtract_ESS_2026May13.csv,CHRD,STARMINE_COVERED,2,Immutable partition append from ESS normalization output; numeric provenance preserved.
RUN-REAL-ESS-20260513-002:2026-05-13:CIEN:STARMINE_COVERED,2026-05-13,2026-05-13T15:28:42.825732+00:00,RUN-REAL-ESS-20260513-002,FIDELITY,SecurityExtract_ESS_2026May13.csv,CIEN,STARMINE_COVERED,2,Immutable partition append from ESS normalization output; numeric provenance preserved.
RUN-REAL-ESS-20260513-002:2026-05-13:CRUS:STARMINE_COVERED,2026-05-13,2026-05-13T15:28:42.825732+00:00,RUN-REAL-ESS-20260513-002,FIDELITY,SecurityExtract_ESS_2026May13.csv,CRUS,STARMINE_COVERED,2,Immutable partition append from ESS normalization output; numeric provenance preserved.
RUN-REAL-ESS-20260513-002:2026-05-13:YOU:STARMINE_COVERED,2026-05-13,2026-05-13T15:28:42.825732+00:00,RUN-REAL-ESS-20260513-002,FIDELITY,SecurityExtract_ESS_2026May13.csv,YOU,STARMINE_COVERED,2,Immutable partition append from ESS normalization output; numeric provenance preserved.
RUN-REAL-ESS-20260513-002:2026-05-13:CLMB:STARMINE_COVERED,2026-05-13,2026-05-13T15:28:42.825732+00:00,RUN-REAL-ESS-20260513-002,FIDELITY,SecurityExtract_ESS_2026May13.csv,CLMB,STARMINE_COVERED,2,Immutable partition append from ESS normalization output; numeric provenance preserved.
RUN-REAL-ESS-20260513-002:2026-05-13:CCNE:STARMINE_COVERED,2026-05-13,2026-05-13T15:28:42.825732+00:00,RUN-REAL-ESS-20260513-002,FIDELITY,SecurityExtract_ESS_2026May13.csv,CCNE,STARMINE_COVERED,2,Immutable partition append from ESS normalization output; numeric provenance preserved.
RUN-REAL-ESS-20260513-002:2026-05-13:COHR:STARMINE_COVERED,2026-05-13,2026-05-13T15:28:42.825732+00:00,RUN-REAL-ESS-20260513-002,FIDELITY,SecurityExtract_ESS_2026May13.csv,COHR,STARMINE_COVERED,2,Immutable partition append from ESS normalization output; numeric provenance preserved.
RUN-REAL-ESS-20260513-002:2026-05-13:CMCO:STARMINE_COVERED,2026-05-13,2026-05-13T15:28:42.825732+00:00,RUN-REAL-ESS-20260513-002,FIDELITY,SecurityExtract_ESS_2026May13.csv,CMCO,STARMINE_COVERED,2,Immutable partition append from ESS normalization output; numeric provenance preserved.
RUN-REAL-ESS-20260513-002:2026-05-13:CMCSA:STARMINE_COVERED,2026-05-13,2026-05-13T15:28:42.825732+00:00,RUN-REAL-ESS-20260513-002,FIDELITY,SecurityExtract_ESS_2026May13.csv,CMCSA,STARMINE_COVERED,2,Immutable partition append from ESS normalization output; numeric provenance preserved.
RUN-REAL-ESS-20260513-002:2026-05-13:CYH:STARMINE_COVERED,2026-05-13,2026-05-13T15:28:42.825732+00:00,RUN-REAL-ESS-20260513-002,FIDELITY,SecurityExtract_ESS_2026May13.csv,CYH,STARMINE_COVERED,2,Immutable partition append from ESS normalization output; numeric provenance preserved.
RUN-REAL-ESS-20260513-002:2026-05-13:CTBI:STARMINE_COVERED,2026-05-13,2026-05-13T15:28:42.825732+00:00,RUN-REAL-ESS-20260513-002,FIDELITY,SecurityExtract_ESS_2026May13.csv,CTBI,STARMINE_COVERED,2,Immutable partition append from ESS normalization output; numeric provenance preserved.
RUN-REAL-ESS-20260513-002:2026-05-13:CSTM:STARMINE_COVERED,2026-05-13,2026-05-13T15:28:42.825732+00:00,RUN-REAL-ESS-20260513-002,FIDELITY,SecurityExtract_ESS_2026May13.csv,CSTM,STARMINE_COVERED,2,Immutable partition append from ESS normalization output; numeric provenance preserved.
RUN-REAL-ESS-20260513-002:2026-05-13:CRMD:STARMINE_COVERED,2026-05-13,2026-05-13T15:28:42.825732+00:00,RUN-REAL-ESS-20260513-002,FIDELITY,SecurityExtract_ESS_2026May13.csv,CRMD,STARMINE_COVERED,2,Immutable partition append from ESS normalization output; numeric provenance preserved.
RUN-REAL-ESS-20260513-002:2026-05-13:GLW:STARMINE_COVERED,2026-05-13,2026-05-13T15:28:42.825732+00:00,RUN-REAL-ESS-20260513-002,FIDELITY,SecurityExtract_ESS_2026May13.csv,GLW,STARMINE_COVERED,2,Immutable partition append from ESS normalization output; numeric provenance preserved.
RUN-REAL-ESS-20260513-002:2026-05-13:COST:STARMINE_COVERED,2026-05-13,2026-05-13T15:28:42.825732+00:00,RUN-REAL-ESS-20260513-002,FIDELITY,SecurityExtract_ESS_2026May13.csv,COST,STARMINE_COVERED,2,Immutable partition append from ESS normalization output; numeric provenance preserved.
RUN-REAL-ESS-20260513-002:2026-05-13:CRGY:STARMINE_COVERED,2026-05-13,2026-05-13T15:28:42.825732+00:00,RUN-REAL-ESS-20260513-002,FIDELITY,SecurityExtract_ESS_2026May13.csv,CRGY,STARMINE_COVERED,2,Immutable partition append from ESS normalization output; numeric provenance preserved.
RUN-REAL-ESS-20260513-002:2026-05-13:CRCT:STARMINE_COVERED,2026-05-13,2026-05-13T15:28:42.825732+00:00,RUN-REAL-ESS-20260513-002,FIDELITY,SecurityExtract_ESS_2026May13.csv,CRCT,STARMINE_COVERED,2,Immutable partition append from ESS normalization output; numeric provenance preserved.
RUN-REAL-ESS-20260513-002:2026-05-13:CRWD:STARMINE_COVERED,2026-05-13,2026-05-13T15:28:42.825732+00:00,RUN-REAL-ESS-20260513-002,FIDELITY,SecurityExtract_ESS_2026May13.csv,CRWD,STARMINE_COVERED,2,Immutable partition append from ESS normalization output; numeric provenance preserved.
RUN-REAL-ESS-20260513-002:2026-05-13:CTS:STARMINE_COVERED,2026-05-13,2026-05-13T15:28:42.825732+00:00,RUN-REAL-ESS-20260513-002,FIDELITY,SecurityExtract_ESS_2026May13.csv,CTS,STARMINE_COVERED,2,Immutable partition append from ESS normalization output; numeric provenance preserved.
RUN-REAL-ESS-20260513-002:2026-05-13:DDOG:STARMINE_COVERED,2026-05-13,2026-05-13T15:28:42.825732+00:00,RUN-REAL-ESS-20260513-002,FIDELITY,SecurityExtract_ESS_2026May13.csv,DDOG,STARMINE_COVERED,2,Immutable partition append from ESS normalization output; numeric provenance preserved.
RUN-REAL-ESS-20260513-002:2026-05-13:DVA:STARMINE_COVERED,2026-05-13,2026-05-13T15:28:42.825732+00:00,RUN-REAL-ESS-20260513-002,FIDELITY,SecurityExtract_ESS_2026May13.csv,DVA,STARMINE_COVERED,2,Immutable partition append from ESS normalization output; numeric provenance preserved.
RUN-REAL-ESS-20260513-002:2026-05-13:DCTH:STARMINE_COVERED,2026-05-13,2026-05-13T15:28:42.825732+00:00,RUN-REAL-ESS-20260513-002,FIDELITY,SecurityExtract_ESS_2026May13.csv,DCTH,STARMINE_COVERED,2,Immutable partition append from ESS normalization output; numeric provenance preserved.
RUN-REAL-ESS-20260513-002:2026-05-13:DELL:STARMINE_COVERED,2026-05-13,2026-05-13T15:28:42.825732+00:00,RUN-REAL-ESS-20260513-002,FIDELITY,SecurityExtract_ESS_2026May13.csv,DELL,STARMINE_COVERED,2,Immutable partition append from ESS normalization output; numeric provenance preserved.
RUN-REAL-ESS-20260513-002:2026-05-13:DVN:STARMINE_COVERED,2026-05-13,2026-05-13T15:28:42.825732+00:00,RUN-REAL-ESS-20260513-002,FIDELITY,SecurityExtract_ESS_2026May13.csv,DVN,STARMINE_COVERED,2,Immutable partition append from ESS normalization output; numeric provenance preserved.
RUN-REAL-ESS-20260513-002:2026-05-13:DHX:STARMINE_COVERED,2026-05-13,2026-05-13T15:28:42.825732+00:00,RUN-REAL-ESS-20260513-002,FIDELITY,SecurityExtract_ESS_2026May13.csv,DHX,STARMINE_COVERED,2,Immutable partition append from ESS normalization output; numeric provenance preserved.
RUN-REAL-ESS-20260513-002:2026-05-13:DGII:STARMINE_COVERED,2026-05-13,2026-05-13T15:28:42.825732+00:00,RUN-REAL-ESS-20260513-002,FIDELITY,SecurityExtract_ESS_2026May13.csv,DGII,STARMINE_COVERED,2,Immutable partition append from ESS normalization output; numeric provenance preserved.
RUN-REAL-ESS-20260513-002:2026-05-13:DMRC:STARMINE_COVERED,2026-05-13,2026-05-13T15:28:42.825732+00:00,RUN-REAL-ESS-20260513-002,FIDELITY,SecurityExtract_ESS_2026May13.csv,DMRC,STARMINE_COVERED,2,Immutable partition append from ESS normalization output; numeric provenance preserved.
RUN-REAL-ESS-20260513-002:2026-05-13:DCOM:STARMINE_COVERED,2026-05-13,2026-05-13T15:28:42.825732+00:00,RUN-REAL-ESS-20260513-002,FIDELITY,SecurityExtract_ESS_2026May13.csv,DCOM,STARMINE_COVERED,2,Immutable partition append from ESS normalization output; numeric provenance preserved.
RUN-REAL-ESS-20260513-002:2026-05-13:DOW:STARMINE_COVERED,2026-05-13,2026-05-13T15:28:42.825732+00:00,RUN-REAL-ESS-20260513-002,FIDELITY,SecurityExtract_ESS_2026May13.csv,DOW,STARMINE_COVERED,2,Immutable partition append from ESS normalization output; numeric provenance preserved.
RUN-REAL-ESS-20260513-002:2026-05-13:DBX:STARMINE_COVERED,2026-05-13,2026-05-13T15:28:42.825732+00:00,RUN-REAL-ESS-20260513-002,FIDELITY,SecurityExtract_ESS_2026May13.csv,DBX,STARMINE_COVERED,2,Immutable partition append from ESS normalization output; numeric provenance preserved.
RUN-REAL-ESS-20260513-002:2026-05-13:DXPE:STARMINE_COVERED,2026-05-13,2026-05-13T15:28:42.825732+00:00,RUN-REAL-ESS-20260513-002,FIDELITY,SecurityExtract_ESS_2026May13.csv,DXPE,STARMINE_COVERED,2,Immutable partition append from ESS normalization output; numeric provenance preserved.
RUN-REAL-ESS-20260513-002:2026-05-13:DT:STARMINE_COVERED,2026-05-13,2026-05-13T15:28:42.825732+00:00,RUN-REAL-ESS-20260513-002,FIDELITY,SecurityExtract_ESS_2026May13.csv,DT,STARMINE_COVERED,2,Immutable partition append from ESS normalization output; numeric provenance preserved.
RUN-REAL-ESS-20260513-002:2026-05-13:EBMT:STARMINE_COVERED,2026-05-13,2026-05-13T15:28:42.825732+00:00,RUN-REAL-ESS-20260513-002,FIDELITY,SecurityExtract_ESS_2026May13.csv,EBMT,STARMINE_COVERED,2,Immutable partition append from ESS normalization output; numeric provenance preserved.
RUN-REAL-ESS-20260513-002:2026-05-13:ELMD:STARMINE_COVERED,2026-05-13,2026-05-13T15:28:42.825732+00:00,RUN-REAL-ESS-20260513-002,FIDELITY,SecurityExtract_ESS_2026May13.csv,ELMD,STARMINE_COVERED,2,Immutable partition append from ESS normalization output; numeric provenance preserved.
RUN-REAL-ESS-20260513-002:2026-05-13:EME:STARMINE_COVERED,2026-05-13,2026-05-13T15:28:42.825732+00:00,RUN-REAL-ESS-20260513-002,FIDELITY,SecurityExtract_ESS_2026May13.csv,EME,STARMINE_COVERED,2,Immutable partition append from ESS normalization output; numeric provenance preserved.
RUN-REAL-ESS-20260513-002:2026-05-13:ENS:STARMINE_COVERED,2026-05-13,2026-05-13T15:28:42.825732+00:00,RUN-REAL-ESS-20260513-002,FIDELITY,SecurityExtract_ESS_2026May13.csv,ENS,STARMINE_COVERED,2,Immutable partition append from ESS normalization output; numeric provenance preserved.
RUN-REAL-ESS-20260513-002:2026-05-13:E:STARMINE_COVERED,2026-05-13,2026-05-13T15:28:42.825732+00:00,RUN-REAL-ESS-20260513-002,FIDELITY,SecurityExtract_ESS_2026May13.csv,E,STARMINE_COVERED,2,Immutable partition append from ESS normalization output; numeric provenance preserved.
RUN-REAL-ESS-20260513-002:2026-05-13:ENTG:STARMINE_COVERED,2026-05-13,2026-05-13T15:28:42.825732+00:00,RUN-REAL-ESS-20260513-002,FIDELITY,SecurityExtract_ESS_2026May13.csv,ENTG,STARMINE_COVERED,2,Immutable partition append from ESS normalization output; numeric provenance preserved.
RUN-REAL-ESS-20260513-002:2026-05-13:EPD:STARMINE_COVERED,2026-05-13,2026-05-13T15:28:42.825732+00:00,RUN-REAL-ESS-20260513-002,FIDELITY,SecurityExtract_ESS_2026May13.csv,EPD,STARMINE_COVERED,2,Immutable partition append from ESS normalization output; numeric provenance preserved.
RUN-REAL-ESS-20260513-002:2026-05-13:EOG:STARMINE_COVERED,2026-05-13,2026-05-13T15:28:42.825732+00:00,RUN-REAL-ESS-20260513-002,FIDELITY,SecurityExtract_ESS_2026May13.csv,EOG,STARMINE_COVERED,2,Immutable partition append from ESS normalization output; numeric provenance preserved.
RUN-REAL-ESS-20260513-002:2026-05-13:EG:STARMINE_COVERED,2026-05-13,2026-05-13T15:28:42.825732+00:00,RUN-REAL-ESS-20260513-002,FIDELITY,SecurityExtract_ESS_2026May13.csv,EG,STARMINE_COVERED,2,Immutable partition append from ESS normalization output; numeric provenance preserved.
RUN-REAL-ESS-20260513-002:2026-05-13:EXEL:STARMINE_COVERED,2026-05-13,2026-05-13T15:28:42.825732+00:00,RUN-REAL-ESS-20260513-002,FIDELITY,SecurityExtract_ESS_2026May13.csv,EXEL,STARMINE_COVERED,2,Immutable partition append from ESS normalization output; numeric provenance preserved.
RUN-REAL-ESS-20260513-002:2026-05-13:EXPD:STARMINE_COVERED,2026-05-13,2026-05-13T15:28:42.825732+00:00,RUN-REAL-ESS-20260513-002,FIDELITY,SecurityExtract_ESS_2026May13.csv,EXPD,STARMINE_COVERED,2,Immutable partition append from ESS normalization output; numeric provenance preserved.
RUN-REAL-ESS-20260513-002:2026-05-13:EZPW:STARMINE_COVERED,2026-05-13,2026-05-13T15:28:42.825732+00:00,RUN-REAL-ESS-20260513-002,FIDELITY,SecurityExtract_ESS_2026May13.csv,EZPW,STARMINE_COVERED,2,Immutable partition append from ESS normalization output; numeric provenance preserved.
RUN-REAL-ESS-20260513-002:2026-05-13:FFIV:STARMINE_COVERED,2026-05-13,2026-05-13T15:28:42.825732+00:00,RUN-REAL-ESS-20260513-002,FIDELITY,SecurityExtract_ESS_2026May13.csv,FFIV,STARMINE_COVERED,2,Immutable partition append from ESS normalization output; numeric provenance preserved.
RUN-REAL-ESS-20260513-002:2026-05-13:FN:STARMINE_COVERED,2026-05-13,2026-05-13T15:28:42.825732+00:00,RUN-REAL-ESS-20260513-002,FIDELITY,SecurityExtract_ESS_2026May13.csv,FN,STARMINE_COVERED,2,Immutable partition append from ESS normalization output; numeric provenance preserved.
RUN-REAL-ESS-20260513-002:2026-05-13:FPI:STARMINE_COVERED,2026-05-13,2026-05-13T15:28:42.825732+00:00,RUN-REAL-ESS-20260513-002,FIDELITY,SecurityExtract_ESS_2026May13.csv,FPI,STARMINE_COVERED,2,Immutable partition append from ESS normalization output; numeric provenance preserved.
RUN-REAL-ESS-20260513-002:2026-05-13:FSS:STARMINE_COVERED,2026-05-13,2026-05-13T15:28:42.825732+00:00,RUN-REAL-ESS-20260513-002,FIDELITY,SecurityExtract_ESS_2026May13.csv,FSS,STARMINE_COVERED,2,Immutable partition append from ESS normalization output; numeric provenance preserved.
RUN-REAL-ESS-20260513-002:2026-05-13:FISI:STARMINE_COVERED,2026-05-13,2026-05-13T15:28:42.825732+00:00,RUN-REAL-ESS-20260513-002,FIDELITY,SecurityExtract_ESS_2026May13.csv,FISI,STARMINE_COVERED,2,Immutable partition append from ESS normalization output; numeric provenance preserved.
RUN-REAL-ESS-20260513-002:2026-05-13:FAF:STARMINE_COVERED,2026-05-13,2026-05-13T15:28:42.825732+00:00,RUN-REAL-ESS-20260513-002,FIDELITY,SecurityExtract_ESS_2026May13.csv,FAF,STARMINE_COVERED,2,Immutable partition append from ESS normalization output; numeric provenance preserved.
RUN-REAL-ESS-20260513-002:2026-05-13:FBIZ:STARMINE_COVERED,2026-05-13,2026-05-13T15:28:42.825732+00:00,RUN-REAL-ESS-20260513-002,FIDELITY,SecurityExtract_ESS_2026May13.csv,FBIZ,STARMINE_COVERED,2,Immutable partition append from ESS normalization output; numeric provenance preserved.
RUN-REAL-ESS-20260513-002:2026-05-13:FCCO:STARMINE_COVERED,2026-05-13,2026-05-13T15:28:42.825732+00:00,RUN-REAL-ESS-20260513-002,FIDELITY,SecurityExtract_ESS_2026May13.csv,FCCO,STARMINE_COVERED,2,Immutable partition append from ESS normalization output; numeric provenance preserved.
RUN-REAL-ESS-20260513-002:2026-05-13:FR:STARMINE_COVERED,2026-05-13,2026-05-13T15:28:42.825732+00:00,RUN-REAL-ESS-20260513-002,FIDELITY,SecurityExtract_ESS_2026May13.csv,FR,STARMINE_COVERED,2,Immutable partition append from ESS normalization output; numeric provenance preserved.
RUN-REAL-ESS-20260513-002:2026-05-13:FUNC:STARMINE_COVERED,2026-05-13,2026-05-13T15:28:42.825732+00:00,RUN-REAL-ESS-20260513-002,FIDELITY,SecurityExtract_ESS_2026May13.csv,FUNC,STARMINE_COVERED,2,Immutable partition append from ESS normalization output; numeric provenance preserved.
RUN-REAL-ESS-20260513-002:2026-05-13:FISV:STARMINE_COVERED,2026-05-13,2026-05-13T15:28:42.825732+00:00,RUN-REAL-ESS-20260513-002,FIDELITY,SecurityExtract_ESS_2026May13.csv,FISV,STARMINE_COVERED,2,Immutable partition append from ESS normalization output; numeric provenance preserved.
RUN-REAL-ESS-20260513-002:2026-05-13:FIVN:STARMINE_COVERED,2026-05-13,2026-05-13T15:28:42.825732+00:00,RUN-REAL-ESS-20260513-002,FIDELITY,SecurityExtract_ESS_2026May13.csv,FIVN,STARMINE_COVERED,2,Immutable partition append from ESS normalization output; numeric provenance preserved.
RUN-REAL-ESS-20260513-002:2026-05-13:FLEX:STARMINE_COVERED,2026-05-13,2026-05-13T15:28:42.825732+00:00,RUN-REAL-ESS-20260513-002,FIDELITY,SecurityExtract_ESS_2026May13.csv,FLEX,STARMINE_COVERED,2,Immutable partition append from ESS normalization output; numeric provenance preserved.
RUN-REAL-ESS-20260513-002:2026-05-13:FLXS:STARMINE_COVERED,2026-05-13,2026-05-13T15:28:42.825732+00:00,RUN-REAL-ESS-20260513-002,FIDELITY,SecurityExtract_ESS_2026May13.csv,FLXS,STARMINE_COVERED,2,Immutable partition append from ESS normalization output; numeric provenance preserved.
RUN-REAL-ESS-20260513-002:2026-05-13:FTNT:STARMINE_COVERED,2026-05-13,2026-05-13T15:28:42.825732+00:00,RUN-REAL-ESS-20260513-002,FIDELITY,SecurityExtract_ESS_2026May13.csv,FTNT,STARMINE_COVERED,2,Immutable partition append from ESS normalization output; numeric provenance preserved.
RUN-REAL-ESS-20260513-002:2026-05-13:FET:STARMINE_COVERED,2026-05-13,2026-05-13T15:28:42.825732+00:00,RUN-REAL-ESS-20260513-002,FIDELITY,SecurityExtract_ESS_2026May13.csv,FET,STARMINE_COVERED,2,Immutable partition append from ESS normalization output; numeric provenance preserved.
RUN-REAL-ESS-20260513-002:2026-05-13:GAIA:STARMINE_COVERED,2026-05-13,2026-05-13T15:28:42.825732+00:00,RUN-REAL-ESS-20260513-002,FIDELITY,SecurityExtract_ESS_2026May13.csv,GAIA,STARMINE_COVERED,2,Immutable partition append from ESS normalization output; numeric provenance preserved.
RUN-REAL-ESS-20260513-002:2026-05-13:GEN:STARMINE_COVERED,2026-05-13,2026-05-13T15:28:42.825732+00:00,RUN-REAL-ESS-20260513-002,FIDELITY,SecurityExtract_ESS_2026May13.csv,GEN,STARMINE_COVERED,2,Immutable partition append from ESS normalization output; numeric provenance preserved.
RUN-REAL-ESS-20260513-002:2026-05-13:GCT:STARMINE_COVERED,2026-05-13,2026-05-13T15:28:42.825732+00:00,RUN-REAL-ESS-20260513-002,FIDELITY,SecurityExtract_ESS_2026May13.csv,GCT,STARMINE_COVERED,2,Immutable partition append from ESS normalization output; numeric provenance preserved.
RUN-REAL-ESS-20260513-002:2026-05-13:GIC:STARMINE_COVERED,2026-05-13,2026-05-13T15:28:42.825732+00:00,RUN-REAL-ESS-20260513-002,FIDELITY,SecurityExtract_ESS_2026May13.csv,GIC,STARMINE_COVERED,2,Immutable partition append from ESS normalization output; numeric provenance preserved.
RUN-REAL-ESS-20260513-002:2026-05-13:GL:STARMINE_COVERED,2026-05-13,2026-05-13T15:28:42.825732+00:00,RUN-REAL-ESS-20260513-002,FIDELITY,SecurityExtract_ESS_2026May13.csv,GL,STARMINE_COVERED,2,Immutable partition append from ESS normalization output; numeric provenance preserved.
RUN-REAL-ESS-20260513-002:2026-05-13:GMED:STARMINE_COVERED,2026-05-13,2026-05-13T15:28:42.825732+00:00,RUN-REAL-ESS-20260513-002,FIDELITY,SecurityExtract_ESS_2026May13.csv,GMED,STARMINE_COVERED,2,Immutable partition append from ESS normalization output; numeric provenance preserved.
RUN-REAL-ESS-20260513-002:2026-05-13:THG:STARMINE_COVERED,2026-05-13,2026-05-13T15:28:42.825732+00:00,RUN-REAL-ESS-20260513-002,FIDELITY,SecurityExtract_ESS_2026May13.csv,THG,STARMINE_COVERED,2,Immutable partition append from ESS normalization output; numeric provenance preserved.
RUN-REAL-ESS-20260513-002:2026-05-13:HCSG:STARMINE_COVERED,2026-05-13,2026-05-13T15:28:42.825732+00:00,RUN-REAL-ESS-20260513-002,FIDELITY,SecurityExtract_ESS_2026May13.csv,HCSG,STARMINE_COVERED,2,Immutable partition append from ESS normalization output; numeric provenance preserved.
RUN-REAL-ESS-20260513-002:2026-05-13:HELE:STARMINE_COVERED,2026-05-13,2026-05-13T15:28:42.825732+00:00,RUN-REAL-ESS-20260513-002,FIDELITY,SecurityExtract_ESS_2026May13.csv,HELE,STARMINE_COVERED,2,Immutable partition append from ESS normalization output; numeric provenance preserved.
RUN-REAL-ESS-20260513-002:2026-05-13:HRTG:STARMINE_COVERED,2026-05-13,2026-05-13T15:28:42.825732+00:00,RUN-REAL-ESS-20260513-002,FIDELITY,SecurityExtract_ESS_2026May13.csv,HRTG,STARMINE_COVERED,2,Immutable partition append from ESS normalization output; numeric provenance preserved.
RUN-REAL-ESS-20260513-002:2026-05-13:DINO:STARMINE_COVERED,2026-05-13,2026-05-13T15:28:42.825732+00:00,RUN-REAL-ESS-20260513-002,FIDELITY,SecurityExtract_ESS_2026May13.csv,DINO,STARMINE_COVERED,2,Immutable partition append from ESS normalization output; numeric provenance preserved.
RUN-REAL-ESS-20260513-002:2026-05-13:HTH:STARMINE_COVERED,2026-05-13,2026-05-13T15:28:42.825732+00:00,RUN-REAL-ESS-20260513-002,FIDELITY,SecurityExtract_ESS_2026May13.csv,HTH,STARMINE_COVERED,2,Immutable partition append from ESS normalization output; numeric provenance preserved.
RUN-REAL-ESS-20260513-002:2026-05-13:HST:STARMINE_COVERED,2026-05-13,2026-05-13T15:28:42.825732+00:00,RUN-REAL-ESS-20260513-002,FIDELITY,SecurityExtract_ESS_2026May13.csv,HST,STARMINE_COVERED,2,Immutable partition append from ESS normalization output; numeric provenance preserved.
RUN-REAL-ESS-20260513-002:2026-05-13:HWM:STARMINE_COVERED,2026-05-13,2026-05-13T15:28:42.825732+00:00,RUN-REAL-ESS-20260513-002,FIDELITY,SecurityExtract_ESS_2026May13.csv,HWM,STARMINE_COVERED,2,Immutable partition append from ESS normalization output; numeric provenance preserved.
RUN-REAL-ESS-20260513-002:2026-05-13:HPQ:STARMINE_COVERED,2026-05-13,2026-05-13T15:28:42.825732+00:00,RUN-REAL-ESS-20260513-002,FIDELITY,SecurityExtract_ESS_2026May13.csv,HPQ,STARMINE_COVERED,2,Immutable partition append from ESS normalization output; numeric provenance preserved.
RUN-REAL-ESS-20260513-002:2026-05-13:HPP:STARMINE_COVERED,2026-05-13,2026-05-13T15:28:42.825732+00:00,RUN-REAL-ESS-20260513-002,FIDELITY,SecurityExtract_ESS_2026May13.csv,HPP,STARMINE_COVERED,2,Immutable partition append from ESS normalization output; numeric provenance preserved.
RUN-REAL-ESS-20260513-002:2026-05-13:ILMN:STARMINE_COVERED,2026-05-13,2026-05-13T15:28:42.825732+00:00,RUN-REAL-ESS-20260513-002,FIDELITY,SecurityExtract_ESS_2026May13.csv,ILMN,STARMINE_COVERED,2,Immutable partition append from ESS normalization output; numeric provenance preserved.
RUN-REAL-ESS-20260513-002:2026-05-13:IMO:STARMINE_COVERED,2026-05-13,2026-05-13T15:28:42.825732+00:00,RUN-REAL-ESS-20260513-002,FIDELITY,SecurityExtract_ESS_2026May13.csv,IMO,STARMINE_COVERED,2,Immutable partition append from ESS normalization output; numeric provenance preserved.
RUN-REAL-ESS-20260513-002:2026-05-13:III:STARMINE_COVERED,2026-05-13,2026-05-13T15:28:42.825732+00:00,RUN-REAL-ESS-20260513-002,FIDELITY,SecurityExtract_ESS_2026May13.csv,III,STARMINE_COVERED,2,Immutable partition append from ESS normalization output; numeric provenance preserved.
RUN-REAL-ESS-20260513-002:2026-05-13:IMKTA:STARMINE_COVERED,2026-05-13,2026-05-13T15:28:42.825732+00:00,RUN-REAL-ESS-20260513-002,FIDELITY,SecurityExtract_ESS_2026May13.csv,IMKTA,STARMINE_COVERED,2,Immutable partition append from ESS normalization output; numeric provenance preserved.
RUN-REAL-ESS-20260513-002:2026-05-13:IDN:STARMINE_COVERED,2026-05-13,2026-05-13T15:28:42.825732+00:00,RUN-REAL-ESS-20260513-002,FIDELITY,SecurityExtract_ESS_2026May13.csv,IDN,STARMINE_COVERED,2,Immutable partition append from ESS normalization output; numeric provenance preserved.
RUN-REAL-ESS-20260513-002:2026-05-13:JBL:STARMINE_COVERED,2026-05-13,2026-05-13T15:28:42.825732+00:00,RUN-REAL-ESS-20260513-002,FIDELITY,SecurityExtract_ESS_2026May13.csv,JBL,STARMINE_COVERED,2,Immutable partition append from ESS normalization output; numeric provenance preserved.
RUN-REAL-ESS-20260513-002:2026-05-13:JHG:STARMINE_COVERED,2026-05-13,2026-05-13T15:28:42.825732+00:00,RUN-REAL-ESS-20260513-002,FIDELITY,SecurityExtract_ESS_2026May13.csv,JHG,STARMINE_COVERED,2,Immutable partition append from ESS normalization output; numeric provenance preserved.
RUN-REAL-ESS-20260513-002:2026-05-13:KROS:STARMINE_COVERED,2026-05-13,2026-05-13T15:28:42.825732+00:00,RUN-REAL-ESS-20260513-002,FIDELITY,SecurityExtract_ESS_2026May13.csv,KROS,STARMINE_COVERED,2,Immutable partition append from ESS normalization output; numeric provenance preserved.
RUN-REAL-ESS-20260513-002:2026-05-13:KEYS:STARMINE_COVERED,2026-05-13,2026-05-13T15:28:42.825732+00:00,RUN-REAL-ESS-20260513-002,FIDELITY,SecurityExtract_ESS_2026May13.csv,KEYS,STARMINE_COVERED,2,Immutable partition append from ESS normalization output; numeric provenance preserved.
RUN-REAL-ESS-20260513-002:2026-05-13:KLAC:STARMINE_COVERED,2026-05-13,2026-05-13T15:28:42.825732+00:00,RUN-REAL-ESS-20260513-002,FIDELITY,SecurityExtract_ESS_2026May13.csv,KLAC,STARMINE_COVERED,2,Immutable partition append from ESS normalization output; numeric provenance preserved.
RUN-REAL-ESS-20260513-002:2026-05-13:KFY:STARMINE_COVERED,2026-05-13,2026-05-13T15:28:42.825732+00:00,RUN-REAL-ESS-20260513-002,FIDELITY,SecurityExtract_ESS_2026May13.csv,KFY,STARMINE_COVERED,2,Immutable partition append from ESS normalization output; numeric provenance preserved.
RUN-REAL-ESS-20260513-002:2026-05-13:LRCX:STARMINE_COVERED,2026-05-13,2026-05-13T15:28:42.825732+00:00,RUN-REAL-ESS-20260513-002,FIDELITY,SecurityExtract_ESS_2026May13.csv,LRCX,STARMINE_COVERED,2,Immutable partition append from ESS normalization output; numeric provenance preserved.
RUN-REAL-ESS-20260513-002:2026-05-13:LTRX:STARMINE_COVERED,2026-05-13,2026-05-13T15:28:42.825732+00:00,RUN-REAL-ESS-20260513-002,FIDELITY,SecurityExtract_ESS_2026May13.csv,LTRX,STARMINE_COVERED,2,Immutable partition append from ESS normalization output; numeric provenance preserved.
RUN-REAL-ESS-20260513-002:2026-05-13:TREE:STARMINE_COVERED,2026-05-13,2026-05-13T15:28:42.825732+00:00,RUN-REAL-ESS-20260513-002,FIDELITY,SecurityExtract_ESS_2026May13.csv,TREE,STARMINE_COVERED,2,Immutable partition append from ESS normalization output; numeric provenance preserved.
RUN-REAL-ESS-20260513-002:2026-05-13:LECO:STARMINE_COVERED,2026-05-13,2026-05-13T15:28:42.825732+00:00,RUN-REAL-ESS-20260513-002,FIDELITY,SecurityExtract_ESS_2026May13.csv,LECO,STARMINE_COVERED,2,Immutable partition append from ESS normalization output; numeric provenance preserved.
RUN-REAL-ESS-20260513-002:2026-05-13:LFUS:STARMINE_COVERED,2026-05-13,2026-05-13T15:28:42.825732+00:00,RUN-REAL-ESS-20260513-002,FIDELITY,SecurityExtract_ESS_2026May13.csv,LFUS,STARMINE_COVERED,2,Immutable partition append from ESS normalization output; numeric provenance preserved.
RUN-REAL-ESS-20260513-002:2026-05-13:RAMP:STARMINE_COVERED,2026-05-13,2026-05-13T15:28:42.825732+00:00,RUN-REAL-ESS-20260513-002,FIDELITY,SecurityExtract_ESS_2026May13.csv,RAMP,STARMINE_COVERED,2,Immutable partition append from ESS normalization output; numeric provenance preserved.
RUN-REAL-ESS-20260513-002:2026-05-13:LUMN:STARMINE_COVERED,2026-05-13,2026-05-13T15:28:42.825732+00:00,RUN-REAL-ESS-20260513-002,FIDELITY,SecurityExtract_ESS_2026May13.csv,LUMN,STARMINE_COVERED,2,Immutable partition append from ESS normalization output; numeric provenance preserved.
RUN-REAL-ESS-20260513-002:2026-05-13:LYB:STARMINE_COVERED,2026-05-13,2026-05-13T15:28:42.825732+00:00,RUN-REAL-ESS-20260513-002,FIDELITY,SecurityExtract_ESS_2026May13.csv,LYB,STARMINE_COVERED,2,Immutable partition append from ESS normalization output; numeric provenance preserved.
RUN-REAL-ESS-20260513-002:2026-05-13:MGY:STARMINE_COVERED,2026-05-13,2026-05-13T15:28:42.825732+00:00,RUN-REAL-ESS-20260513-002,FIDELITY,SecurityExtract_ESS_2026May13.csv,MGY,STARMINE_COVERED,2,Immutable partition append from ESS normalization output; numeric provenance preserved.
RUN-REAL-ESS-20260513-002:2026-05-13:MNSB:STARMINE_COVERED,2026-05-13,2026-05-13T15:28:42.825732+00:00,RUN-REAL-ESS-20260513-002,FIDELITY,SecurityExtract_ESS_2026May13.csv,MNSB,STARMINE_COVERED,2,Immutable partition append from ESS normalization output; numeric provenance preserved.
RUN-REAL-ESS-20260513-002:2026-05-13:MPC:STARMINE_COVERED,2026-05-13,2026-05-13T15:28:42.825732+00:00,RUN-REAL-ESS-20260513-002,FIDELITY,SecurityExtract_ESS_2026May13.csv,MPC,STARMINE_COVERED,2,Immutable partition append from ESS normalization output; numeric provenance preserved.
RUN-REAL-ESS-20260513-002:2026-05-13:MQ:STARMINE_COVERED,2026-05-13,2026-05-13T15:28:42.825732+00:00,RUN-REAL-ESS-20260513-002,FIDELITY,SecurityExtract_ESS_2026May13.csv,MQ,STARMINE_COVERED,2,Immutable partition append from ESS normalization output; numeric provenance preserved.
RUN-REAL-ESS-20260513-002:2026-05-13:MAS:STARMINE_COVERED,2026-05-13,2026-05-13T15:28:42.825732+00:00,RUN-REAL-ESS-20260513-002,FIDELITY,SecurityExtract_ESS_2026May13.csv,MAS,STARMINE_COVERED,2,Immutable partition append from ESS normalization output; numeric provenance preserved.
RUN-REAL-ESS-20260513-002:2026-05-13:MCK:STARMINE_COVERED,2026-05-13,2026-05-13T15:28:42.825732+00:00,RUN-REAL-ESS-20260513-002,FIDELITY,SecurityExtract_ESS_2026May13.csv,MCK,STARMINE_COVERED,2,Immutable partition append from ESS normalization output; numeric provenance preserved.
RUN-REAL-ESS-20260513-002:2026-05-13:MLAB:STARMINE_COVERED,2026-05-13,2026-05-13T15:28:42.825732+00:00,RUN-REAL-ESS-20260513-002,FIDELITY,SecurityExtract_ESS_2026May13.csv,MLAB,STARMINE_COVERED,2,Immutable partition append from ESS normalization output; numeric provenance preserved.
RUN-REAL-ESS-20260513-002:2026-05-13:MU:STARMINE_COVERED,2026-05-13,2026-05-13T15:28:42.825732+00:00,RUN-REAL-ESS-20260513-002,FIDELITY,SecurityExtract_ESS_2026May13.csv,MU,STARMINE_COVERED,2,Immutable partition append from ESS normalization output; numeric provenance preserved.
RUN-REAL-ESS-20260513-002:2026-05-13:MDXG:STARMINE_COVERED,2026-05-13,2026-05-13T15:28:42.825732+00:00,RUN-REAL-ESS-20260513-002,FIDELITY,SecurityExtract_ESS_2026May13.csv,MDXG,STARMINE_COVERED,2,Immutable partition append from ESS normalization output; numeric provenance preserved.
RUN-REAL-ESS-20260513-002:2026-05-13:MCRI:STARMINE_COVERED,2026-05-13,2026-05-13T15:28:42.825732+00:00,RUN-REAL-ESS-20260513-002,FIDELITY,SecurityExtract_ESS_2026May13.csv,MCRI,STARMINE_COVERED,2,Immutable partition append from ESS normalization output; numeric provenance preserved.
RUN-REAL-ESS-20260513-002:2026-05-13:MNST:STARMINE_COVERED,2026-05-13,2026-05-13T15:28:42.825732+00:00,RUN-REAL-ESS-20260513-002,FIDELITY,SecurityExtract_ESS_2026May13.csv,MNST,STARMINE_COVERED,2,Immutable partition append from ESS normalization output; numeric provenance preserved.
RUN-REAL-ESS-20260513-002:2026-05-13:MYE:STARMINE_COVERED,2026-05-13,2026-05-13T15:28:42.825732+00:00,RUN-REAL-ESS-20260513-002,FIDELITY,SecurityExtract_ESS_2026May13.csv,MYE,STARMINE_COVERED,2,Immutable partition append from ESS normalization output; numeric provenance preserved.
RUN-REAL-ESS-20260513-002:2026-05-13:MYRG:STARMINE_COVERED,2026-05-13,2026-05-13T15:28:42.825732+00:00,RUN-REAL-ESS-20260513-002,FIDELITY,SecurityExtract_ESS_2026May13.csv,MYRG,STARMINE_COVERED,2,Immutable partition append from ESS normalization output; numeric provenance preserved.
RUN-REAL-ESS-20260513-002:2026-05-13:NBR:STARMINE_COVERED,2026-05-13,2026-05-13T15:28:42.825732+00:00,RUN-REAL-ESS-20260513-002,FIDELITY,SecurityExtract_ESS_2026May13.csv,NBR,STARMINE_COVERED,2,Immutable partition append from ESS normalization output; numeric provenance preserved.
RUN-REAL-ESS-20260513-002:2026-05-13:NATH:STARMINE_COVERED,2026-05-13,2026-05-13T15:28:42.825732+00:00,RUN-REAL-ESS-20260513-002,FIDELITY,SecurityExtract_ESS_2026May13.csv,NATH,STARMINE_COVERED,2,Immutable partition append from ESS normalization output; numeric provenance preserved.
RUN-REAL-ESS-20260513-002:2026-05-13:NGVC:STARMINE_COVERED,2026-05-13,2026-05-13T15:28:42.825732+00:00,RUN-REAL-ESS-20260513-002,FIDELITY,SecurityExtract_ESS_2026May13.csv,NGVC,STARMINE_COVERED,2,Immutable partition append from ESS normalization output; numeric provenance preserved.
RUN-REAL-ESS-20260513-002:2026-05-13:NATR:STARMINE_COVERED,2026-05-13,2026-05-13T15:28:42.825732+00:00,RUN-REAL-ESS-20260513-002,FIDELITY,SecurityExtract_ESS_2026May13.csv,NATR,STARMINE_COVERED,2,Immutable partition append from ESS normalization output; numeric provenance preserved.
RUN-REAL-ESS-20260513-002:2026-05-13:NVGS:STARMINE_COVERED,2026-05-13,2026-05-13T15:28:42.825732+00:00,RUN-REAL-ESS-20260513-002,FIDELITY,SecurityExtract_ESS_2026May13.csv,NVGS,STARMINE_COVERED,2,Immutable partition append from ESS normalization output; numeric provenance preserved.
RUN-REAL-ESS-20260513-002:2026-05-13:NBTB:STARMINE_COVERED,2026-05-13,2026-05-13T15:28:42.825732+00:00,RUN-REAL-ESS-20260513-002,FIDELITY,SecurityExtract_ESS_2026May13.csv,NBTB,STARMINE_COVERED,2,Immutable partition append from ESS normalization output; numeric provenance preserved.
RUN-REAL-ESS-20260513-002:2026-05-13:NATL:STARMINE_COVERED,2026-05-13,2026-05-13T15:28:42.825732+00:00,RUN-REAL-ESS-20260513-002,FIDELITY,SecurityExtract_ESS_2026May13.csv,NATL,STARMINE_COVERED,2,Immutable partition append from ESS normalization output; numeric provenance preserved.
RUN-REAL-ESS-20260513-002:2026-05-13:NTAP:STARMINE_COVERED,2026-05-13,2026-05-13T15:28:42.825732+00:00,RUN-REAL-ESS-20260513-002,FIDELITY,SecurityExtract_ESS_2026May13.csv,NTAP,STARMINE_COVERED,2,Immutable partition append from ESS normalization output; numeric provenance preserved.
RUN-REAL-ESS-20260513-002:2026-05-13:NBIX:STARMINE_COVERED,2026-05-13,2026-05-13T15:28:42.825732+00:00,RUN-REAL-ESS-20260513-002,FIDELITY,SecurityExtract_ESS_2026May13.csv,NBIX,STARMINE_COVERED,2,Immutable partition append from ESS normalization output; numeric provenance preserved.
RUN-REAL-ESS-20260513-002:2026-05-13:NEU:STARMINE_COVERED,2026-05-13,2026-05-13T15:28:42.825732+00:00,RUN-REAL-ESS-20260513-002,FIDELITY,SecurityExtract_ESS_2026May13.csv,NEU,STARMINE_COVERED,2,Immutable partition append from ESS normalization output; numeric provenance preserved.
RUN-REAL-ESS-20260513-002:2026-05-13:NOK:STARMINE_COVERED,2026-05-13,2026-05-13T15:28:42.825732+00:00,RUN-REAL-ESS-20260513-002,FIDELITY,SecurityExtract_ESS_2026May13.csv,NOK,STARMINE_COVERED,2,Immutable partition append from ESS normalization output; numeric provenance preserved.
RUN-REAL-ESS-20260513-002:2026-05-13:NECB:STARMINE_COVERED,2026-05-13,2026-05-13T15:28:42.825732+00:00,RUN-REAL-ESS-20260513-002,FIDELITY,SecurityExtract_ESS_2026May13.csv,NECB,STARMINE_COVERED,2,Immutable partition append from ESS normalization output; numeric provenance preserved.
RUN-REAL-ESS-20260513-002:2026-05-13:NVO:STARMINE_COVERED,2026-05-13,2026-05-13T15:28:42.825732+00:00,RUN-REAL-ESS-20260513-002,FIDELITY,SecurityExtract_ESS_2026May13.csv,NVO,STARMINE_COVERED,2,Immutable partition append from ESS normalization output; numeric provenance preserved.
RUN-REAL-ESS-20260513-002:2026-05-13:NVT:STARMINE_COVERED,2026-05-13,2026-05-13T15:28:42.825732+00:00,RUN-REAL-ESS-20260513-002,FIDELITY,SecurityExtract_ESS_2026May13.csv,NVT,STARMINE_COVERED,2,Immutable partition append from ESS normalization output; numeric provenance preserved.
RUN-REAL-ESS-20260513-002:2026-05-13:NVDA:STARMINE_COVERED,2026-05-13,2026-05-13T15:28:42.825732+00:00,RUN-REAL-ESS-20260513-002,FIDELITY,SecurityExtract_ESS_2026May13.csv,NVDA,STARMINE_COVERED,2,Immutable partition append from ESS normalization output; numeric provenance preserved.
RUN-REAL-ESS-20260513-002:2026-05-13:OXY:STARMINE_COVERED,2026-05-13,2026-05-13T15:28:42.825732+00:00,RUN-REAL-ESS-20260513-002,FIDELITY,SecurityExtract_ESS_2026May13.csv,OXY,STARMINE_COVERED,2,Immutable partition append from ESS normalization output; numeric provenance preserved.
RUN-REAL-ESS-20260513-002:2026-05-13:OII:STARMINE_COVERED,2026-05-13,2026-05-13T15:28:42.825732+00:00,RUN-REAL-ESS-20260513-002,FIDELITY,SecurityExtract_ESS_2026May13.csv,OII,STARMINE_COVERED,2,Immutable partition append from ESS normalization output; numeric provenance preserved.
RUN-REAL-ESS-20260513-002:2026-05-13:OFG:STARMINE_COVERED,2026-05-13,2026-05-13T15:28:42.825732+00:00,RUN-REAL-ESS-20260513-002,FIDELITY,SecurityExtract_ESS_2026May13.csv,OFG,STARMINE_COVERED,2,Immutable partition append from ESS normalization output; numeric provenance preserved.
RUN-REAL-ESS-20260513-002:2026-05-13:OHI:STARMINE_COVERED,2026-05-13,2026-05-13T15:28:42.825732+00:00,RUN-REAL-ESS-20260513-002,FIDELITY,SecurityExtract_ESS_2026May13.csv,OHI,STARMINE_COVERED,2,Immutable partition append from ESS normalization output; numeric provenance preserved.
RUN-REAL-ESS-20260513-002:2026-05-13:OMCL:STARMINE_COVERED,2026-05-13,2026-05-13T15:28:42.825732+00:00,RUN-REAL-ESS-20260513-002,FIDELITY,SecurityExtract_ESS_2026May13.csv,OMCL,STARMINE_COVERED,2,Immutable partition append from ESS normalization output; numeric provenance preserved.
RUN-REAL-ESS-20260513-002:2026-05-13:ON:STARMINE_COVERED,2026-05-13,2026-05-13T15:28:42.825732+00:00,RUN-REAL-ESS-20260513-002,FIDELITY,SecurityExtract_ESS_2026May13.csv,ON,STARMINE_COVERED,2,Immutable partition append from ESS normalization output; numeric provenance preserved.
RUN-REAL-ESS-20260513-002:2026-05-13:OKE:STARMINE_COVERED,2026-05-13,2026-05-13T15:28:42.825732+00:00,RUN-REAL-ESS-20260513-002,FIDELITY,SecurityExtract_ESS_2026May13.csv,OKE,STARMINE_COVERED,2,Immutable partition append from ESS normalization output; numeric provenance preserved.
RUN-REAL-ESS-20260513-002:2026-05-13:OPBK:STARMINE_COVERED,2026-05-13,2026-05-13T15:28:42.825732+00:00,RUN-REAL-ESS-20260513-002,FIDELITY,SecurityExtract_ESS_2026May13.csv,OPBK,STARMINE_COVERED,2,Immutable partition append from ESS normalization output; numeric provenance preserved.
RUN-REAL-ESS-20260513-002:2026-05-13:OPRT:STARMINE_COVERED,2026-05-13,2026-05-13T15:28:42.825732+00:00,RUN-REAL-ESS-20260513-002,FIDELITY,SecurityExtract_ESS_2026May13.csv,OPRT,STARMINE_COVERED,2,Immutable partition append from ESS normalization output; numeric provenance preserved.
RUN-REAL-ESS-20260513-002:2026-05-13:OPRX:STARMINE_COVERED,2026-05-13,2026-05-13T15:28:42.825732+00:00,RUN-REAL-ESS-20260513-002,FIDELITY,SecurityExtract_ESS_2026May13.csv,OPRX,STARMINE_COVERED,2,Immutable partition append from ESS normalization output; numeric provenance preserved.
RUN-REAL-ESS-20260513-002:2026-05-13:ORRF:STARMINE_COVERED,2026-05-13,2026-05-13T15:28:42.825732+00:00,RUN-REAL-ESS-20260513-002,FIDELITY,SecurityExtract_ESS_2026May13.csv,ORRF,STARMINE_COVERED,2,Immutable partition append from ESS normalization output; numeric provenance preserved.
RUN-REAL-ESS-20260513-002:2026-05-13:OTTR:STARMINE_COVERED,2026-05-13,2026-05-13T15:28:42.825732+00:00,RUN-REAL-ESS-20260513-002,FIDELITY,SecurityExtract_ESS_2026May13.csv,OTTR,STARMINE_COVERED,2,Immutable partition append from ESS normalization output; numeric provenance preserved.
RUN-REAL-ESS-20260513-002:2026-05-13:OVV:STARMINE_COVERED,2026-05-13,2026-05-13T15:28:42.825732+00:00,RUN-REAL-ESS-20260513-002,FIDELITY,SecurityExtract_ESS_2026May13.csv,OVV,STARMINE_COVERED,2,Immutable partition append from ESS normalization output; numeric provenance preserved.
RUN-REAL-ESS-20260513-002:2026-05-13:PAGS:STARMINE_COVERED,2026-05-13,2026-05-13T15:28:42.825732+00:00,RUN-REAL-ESS-20260513-002,FIDELITY,SecurityExtract_ESS_2026May13.csv,PAGS,STARMINE_COVERED,2,Immutable partition append from ESS normalization output; numeric provenance preserved.
RUN-REAL-ESS-20260513-002:2026-05-13:PLMR:STARMINE_COVERED,2026-05-13,2026-05-13T15:28:42.825732+00:00,RUN-REAL-ESS-20260513-002,FIDELITY,SecurityExtract_ESS_2026May13.csv,PLMR,STARMINE_COVERED,2,Immutable partition append from ESS normalization output; numeric provenance preserved.
RUN-REAL-ESS-20260513-002:2026-05-13:PKOH:STARMINE_COVERED,2026-05-13,2026-05-13T15:28:42.825732+00:00,RUN-REAL-ESS-20260513-002,FIDELITY,SecurityExtract_ESS_2026May13.csv,PKOH,STARMINE_COVERED,2,Immutable partition append from ESS normalization output; numeric provenance preserved.
RUN-REAL-ESS-20260513-002:2026-05-13:PTEN:STARMINE_COVERED,2026-05-13,2026-05-13T15:28:42.825732+00:00,RUN-REAL-ESS-20260513-002,FIDELITY,SecurityExtract_ESS_2026May13.csv,PTEN,STARMINE_COVERED,2,Immutable partition append from ESS normalization output; numeric provenance preserved.
RUN-REAL-ESS-20260513-002:2026-05-13:PCB:STARMINE_COVERED,2026-05-13,2026-05-13T15:28:42.825732+00:00,RUN-REAL-ESS-20260513-002,FIDELITY,SecurityExtract_ESS_2026May13.csv,PCB,STARMINE_COVERED,2,Immutable partition append from ESS normalization output; numeric provenance preserved.
RUN-REAL-ESS-20260513-002:2026-05-13:PEBO:STARMINE_COVERED,2026-05-13,2026-05-13T15:28:42.825732+00:00,RUN-REAL-ESS-20260513-002,FIDELITY,SecurityExtract_ESS_2026May13.csv,PEBO,STARMINE_COVERED,2,Immutable partition append from ESS normalization output; numeric provenance preserved.
RUN-REAL-ESS-20260513-002:2026-05-13:WOOF:STARMINE_COVERED,2026-05-13,2026-05-13T15:28:42.825732+00:00,RUN-REAL-ESS-20260513-002,FIDELITY,SecurityExtract_ESS_2026May13.csv,WOOF,STARMINE_COVERED,2,Immutable partition append from ESS normalization output; numeric provenance preserved.
RUN-REAL-ESS-20260513-002:2026-05-13:PBR:STARMINE_COVERED,2026-05-13,2026-05-13T15:28:42.825732+00:00,RUN-REAL-ESS-20260513-002,FIDELITY,SecurityExtract_ESS_2026May13.csv,PBR,STARMINE_COVERED,2,Immutable partition append from ESS normalization output; numeric provenance preserved.
RUN-REAL-ESS-20260513-002:2026-05-13:PAHC:STARMINE_COVERED,2026-05-13,2026-05-13T15:28:42.825732+00:00,RUN-REAL-ESS-20260513-002,FIDELITY,SecurityExtract_ESS_2026May13.csv,PAHC,STARMINE_COVERED,2,Immutable partition append from ESS normalization output; numeric provenance preserved.
RUN-REAL-ESS-20260513-002:2026-05-13:PSX:STARMINE_COVERED,2026-05-13,2026-05-13T15:28:42.825732+00:00,RUN-REAL-ESS-20260513-002,FIDELITY,SecurityExtract_ESS_2026May13.csv,PSX,STARMINE_COVERED,2,Immutable partition append from ESS normalization output; numeric provenance preserved.
RUN-REAL-ESS-20260513-002:2026-05-13:PBI:STARMINE_COVERED,2026-05-13,2026-05-13T15:28:42.825732+00:00,RUN-REAL-ESS-20260513-002,FIDELITY,SecurityExtract_ESS_2026May13.csv,PBI,STARMINE_COVERED,2,Immutable partition append from ESS normalization output; numeric provenance preserved.
RUN-REAL-ESS-20260513-002:2026-05-13:PLXS:STARMINE_COVERED,2026-05-13,2026-05-13T15:28:42.825732+00:00,RUN-REAL-ESS-20260513-002,FIDELITY,SecurityExtract_ESS_2026May13.csv,PLXS,STARMINE_COVERED,2,Immutable partition append from ESS normalization output; numeric provenance preserved.
RUN-REAL-ESS-20260513-002:2026-05-13:PRI:STARMINE_COVERED,2026-05-13,2026-05-13T15:28:42.825732+00:00,RUN-REAL-ESS-20260513-002,FIDELITY,SecurityExtract_ESS_2026May13.csv,PRI,STARMINE_COVERED,2,Immutable partition append from ESS normalization output; numeric provenance preserved.
RUN-REAL-ESS-20260513-002:2026-05-13:PFS:STARMINE_COVERED,2026-05-13,2026-05-13T15:28:42.825732+00:00,RUN-REAL-ESS-20260513-002,FIDELITY,SecurityExtract_ESS_2026May13.csv,PFS,STARMINE_COVERED,2,Immutable partition append from ESS normalization output; numeric provenance preserved.
RUN-REAL-ESS-20260513-002:2026-05-13:PTCT:STARMINE_COVERED,2026-05-13,2026-05-13T15:28:42.825732+00:00,RUN-REAL-ESS-20260513-002,FIDELITY,SecurityExtract_ESS_2026May13.csv,PTCT,STARMINE_COVERED,2,Immutable partition append from ESS normalization output; numeric provenance preserved.
RUN-REAL-ESS-20260513-002:2026-05-13:PRSU:STARMINE_COVERED,2026-05-13,2026-05-13T15:28:42.825732+00:00,RUN-REAL-ESS-20260513-002,FIDELITY,SecurityExtract_ESS_2026May13.csv,PRSU,STARMINE_COVERED,2,Immutable partition append from ESS normalization output; numeric provenance preserved.
RUN-REAL-ESS-20260513-002:2026-05-13:QCOM:STARMINE_COVERED,2026-05-13,2026-05-13T15:28:42.825732+00:00,RUN-REAL-ESS-20260513-002,FIDELITY,SecurityExtract_ESS_2026May13.csv,QCOM,STARMINE_COVERED,2,Immutable partition append from ESS normalization output; numeric provenance preserved.
RUN-REAL-ESS-20260513-002:2026-05-13:RDN:STARMINE_COVERED,2026-05-13,2026-05-13T15:28:42.825732+00:00,RUN-REAL-ESS-20260513-002,FIDELITY,SecurityExtract_ESS_2026May13.csv,RDN,STARMINE_COVERED,2,Immutable partition append from ESS normalization output; numeric provenance preserved.
RUN-REAL-ESS-20260513-002:2026-05-13:RLGT:STARMINE_COVERED,2026-05-13,2026-05-13T15:28:42.825732+00:00,RUN-REAL-ESS-20260513-002,FIDELITY,SecurityExtract_ESS_2026May13.csv,RLGT,STARMINE_COVERED,2,Immutable partition append from ESS normalization output; numeric provenance preserved.
RUN-REAL-ESS-20260513-002:2026-05-13:RMBS:STARMINE_COVERED,2026-05-13,2026-05-13T15:28:42.825732+00:00,RUN-REAL-ESS-20260513-002,FIDELITY,SecurityExtract_ESS_2026May13.csv,RMBS,STARMINE_COVERED,2,Immutable partition append from ESS normalization output; numeric provenance preserved.
RUN-REAL-ESS-20260513-002:2026-05-13:RJF:STARMINE_COVERED,2026-05-13,2026-05-13T15:28:42.825732+00:00,RUN-REAL-ESS-20260513-002,FIDELITY,SecurityExtract_ESS_2026May13.csv,RJF,STARMINE_COVERED,2,Immutable partition append from ESS normalization output; numeric provenance preserved.
RUN-REAL-ESS-20260513-002:2026-05-13:RBB:STARMINE_COVERED,2026-05-13,2026-05-13T15:28:42.825732+00:00,RUN-REAL-ESS-20260513-002,FIDELITY,SecurityExtract_ESS_2026May13.csv,RBB,STARMINE_COVERED,2,Immutable partition append from ESS normalization output; numeric provenance preserved.
RUN-REAL-ESS-20260513-002:2026-05-13:RBC:STARMINE_COVERED,2026-05-13,2026-05-13T15:28:42.825732+00:00,RUN-REAL-ESS-20260513-002,FIDELITY,SecurityExtract_ESS_2026May13.csv,RBC,STARMINE_COVERED,2,Immutable partition append from ESS normalization output; numeric provenance preserved.
RUN-REAL-ESS-20260513-002:2026-05-13:RCMT:STARMINE_COVERED,2026-05-13,2026-05-13T15:28:42.825732+00:00,RUN-REAL-ESS-20260513-002,FIDELITY,SecurityExtract_ESS_2026May13.csv,RCMT,STARMINE_COVERED,2,Immutable partition append from ESS normalization output; numeric provenance preserved.
RUN-REAL-ESS-20260513-002:2026-05-13:RDVT:STARMINE_COVERED,2026-05-13,2026-05-13T15:28:42.825732+00:00,RUN-REAL-ESS-20260513-002,FIDELITY,SecurityExtract_ESS_2026May13.csv,RDVT,STARMINE_COVERED,2,Immutable partition append from ESS normalization output; numeric provenance preserved.
RUN-REAL-ESS-20260513-002:2026-05-13:RNR:STARMINE_COVERED,2026-05-13,2026-05-13T15:28:42.825732+00:00,RUN-REAL-ESS-20260513-002,FIDELITY,SecurityExtract_ESS_2026May13.csv,RNR,STARMINE_COVERED,2,Immutable partition append from ESS normalization output; numeric provenance preserved.
RUN-REAL-ESS-20260513-002:2026-05-13:REI:STARMINE_COVERED,2026-05-13,2026-05-13T15:28:42.825732+00:00,RUN-REAL-ESS-20260513-002,FIDELITY,SecurityExtract_ESS_2026May13.csv,REI,STARMINE_COVERED,2,Immutable partition append from ESS normalization output; numeric provenance preserved.
RUN-REAL-ESS-20260513-002:2026-05-13:RLJ:STARMINE_COVERED,2026-05-13,2026-05-13T15:28:42.825732+00:00,RUN-REAL-ESS-20260513-002,FIDELITY,SecurityExtract_ESS_2026May13.csv,RLJ,STARMINE_COVERED,2,Immutable partition append from ESS normalization output; numeric provenance preserved.
RUN-REAL-ESS-20260513-002:2026-05-13:RMR:STARMINE_COVERED,2026-05-13,2026-05-13T15:28:42.825732+00:00,RUN-REAL-ESS-20260513-002,FIDELITY,SecurityExtract_ESS_2026May13.csv,RMR,STARMINE_COVERED,2,Immutable partition append from ESS normalization output; numeric provenance preserved.
RUN-REAL-ESS-20260513-002:2026-05-13:RCKY:STARMINE_COVERED,2026-05-13,2026-05-13T15:28:42.825732+00:00,RUN-REAL-ESS-20260513-002,FIDELITY,SecurityExtract_ESS_2026May13.csv,RCKY,STARMINE_COVERED,2,Immutable partition append from ESS normalization output; numeric provenance preserved.
RUN-REAL-ESS-20260513-002:2026-05-13:RY:STARMINE_COVERED,2026-05-13,2026-05-13T15:28:42.825732+00:00,RUN-REAL-ESS-20260513-002,FIDELITY,SecurityExtract_ESS_2026May13.csv,RY,STARMINE_COVERED,2,Immutable partition append from ESS normalization output; numeric provenance preserved.
RUN-REAL-ESS-20260513-002:2026-05-13:R:STARMINE_COVERED,2026-05-13,2026-05-13T15:28:42.825732+00:00,RUN-REAL-ESS-20260513-002,FIDELITY,SecurityExtract_ESS_2026May13.csv,R,STARMINE_COVERED,2,Immutable partition append from ESS normalization output; numeric provenance preserved.
RUN-REAL-ESS-20260513-002:2026-05-13:SNDK:STARMINE_COVERED,2026-05-13,2026-05-13T15:28:42.825732+00:00,RUN-REAL-ESS-20260513-002,FIDELITY,SecurityExtract_ESS_2026May13.csv,SNDK,STARMINE_COVERED,2,Immutable partition append from ESS normalization output; numeric provenance preserved.
RUN-REAL-ESS-20260513-002:2026-05-13:STNG:STARMINE_COVERED,2026-05-13,2026-05-13T15:28:42.825732+00:00,RUN-REAL-ESS-20260513-002,FIDELITY,SecurityExtract_ESS_2026May13.csv,STNG,STARMINE_COVERED,2,Immutable partition append from ESS normalization output; numeric provenance preserved.
RUN-REAL-ESS-20260513-002:2026-05-13:STX:STARMINE_COVERED,2026-05-13,2026-05-13T15:28:42.825732+00:00,RUN-REAL-ESS-20260513-002,FIDELITY,SecurityExtract_ESS_2026May13.csv,STX,STARMINE_COVERED,2,Immutable partition append from ESS normalization output; numeric provenance preserved.
RUN-REAL-ESS-20260513-002:2026-05-13:SEIC:STARMINE_COVERED,2026-05-13,2026-05-13T15:28:42.825732+00:00,RUN-REAL-ESS-20260513-002,FIDELITY,SecurityExtract_ESS_2026May13.csv,SEIC,STARMINE_COVERED,2,Immutable partition append from ESS normalization output; numeric provenance preserved.
RUN-REAL-ESS-20260513-002:2026-05-13:SHBI:STARMINE_COVERED,2026-05-13,2026-05-13T15:28:42.825732+00:00,RUN-REAL-ESS-20260513-002,FIDELITY,SecurityExtract_ESS_2026May13.csv,SHBI,STARMINE_COVERED,2,Immutable partition append from ESS normalization output; numeric provenance preserved.
RUN-REAL-ESS-20260513-002:2026-05-13:SIMO:STARMINE_COVERED,2026-05-13,2026-05-13T15:28:42.825732+00:00,RUN-REAL-ESS-20260513-002,FIDELITY,SecurityExtract_ESS_2026May13.csv,SIMO,STARMINE_COVERED,2,Immutable partition append from ESS normalization output; numeric provenance preserved.
RUN-REAL-ESS-20260513-002:2026-05-13:SPNT:STARMINE_COVERED,2026-05-13,2026-05-13T15:28:42.825732+00:00,RUN-REAL-ESS-20260513-002,FIDELITY,SecurityExtract_ESS_2026May13.csv,SPNT,STARMINE_COVERED,2,Immutable partition append from ESS normalization output; numeric provenance preserved.
RUN-REAL-ESS-20260513-002:2026-05-13:SMSI:STARMINE_COVERED,2026-05-13,2026-05-13T15:28:42.825732+00:00,RUN-REAL-ESS-20260513-002,FIDELITY,SecurityExtract_ESS_2026May13.csv,SMSI,STARMINE_COVERED,2,Immutable partition append from ESS normalization output; numeric provenance preserved.
RUN-REAL-ESS-20260513-002:2026-05-13:SSTI:STARMINE_COVERED,2026-05-13,2026-05-13T15:28:42.825732+00:00,RUN-REAL-ESS-20260513-002,FIDELITY,SecurityExtract_ESS_2026May13.csv,SSTI,STARMINE_COVERED,2,Immutable partition append from ESS normalization output; numeric provenance preserved.
RUN-REAL-ESS-20260513-002:2026-05-13:SSB:STARMINE_COVERED,2026-05-13,2026-05-13T15:28:42.825732+00:00,RUN-REAL-ESS-20260513-002,FIDELITY,SecurityExtract_ESS_2026May13.csv,SSB,STARMINE_COVERED,2,Immutable partition append from ESS normalization output; numeric provenance preserved.
RUN-REAL-ESS-20260513-002:2026-05-13:SMP:STARMINE_COVERED,2026-05-13,2026-05-13T15:28:42.825732+00:00,RUN-REAL-ESS-20260513-002,FIDELITY,SecurityExtract_ESS_2026May13.csv,SMP,STARMINE_COVERED,2,Immutable partition append from ESS normalization output; numeric provenance preserved.
RUN-REAL-ESS-20260513-002:2026-05-13:STT:STARMINE_COVERED,2026-05-13,2026-05-13T15:28:42.825732+00:00,RUN-REAL-ESS-20260513-002,FIDELITY,SecurityExtract_ESS_2026May13.csv,STT,STARMINE_COVERED,2,Immutable partition append from ESS normalization output; numeric provenance preserved.
RUN-REAL-ESS-20260513-002:2026-05-13:SNEX:STARMINE_COVERED,2026-05-13,2026-05-13T15:28:42.825732+00:00,RUN-REAL-ESS-20260513-002,FIDELITY,SecurityExtract_ESS_2026May13.csv,SNEX,STARMINE_COVERED,2,Immutable partition append from ESS normalization output; numeric provenance preserved.
RUN-REAL-ESS-20260513-002:2026-05-13:SMFG:STARMINE_COVERED,2026-05-13,2026-05-13T15:28:42.825732+00:00,RUN-REAL-ESS-20260513-002,FIDELITY,SecurityExtract_ESS_2026May13.csv,SMFG,STARMINE_COVERED,2,Immutable partition append from ESS normalization output; numeric provenance preserved.
RUN-REAL-ESS-20260513-002:2026-05-13:SU:STARMINE_COVERED,2026-05-13,2026-05-13T15:28:42.825732+00:00,RUN-REAL-ESS-20260513-002,FIDELITY,SecurityExtract_ESS_2026May13.csv,SU,STARMINE_COVERED,2,Immutable partition append from ESS normalization output; numeric provenance preserved.
RUN-REAL-ESS-20260513-002:2026-05-13:SGC:STARMINE_COVERED,2026-05-13,2026-05-13T15:28:42.825732+00:00,RUN-REAL-ESS-20260513-002,FIDELITY,SecurityExtract_ESS_2026May13.csv,SGC,STARMINE_COVERED,2,Immutable partition append from ESS normalization output; numeric provenance preserved.
RUN-REAL-ESS-20260513-002:2026-05-13:TROW:STARMINE_COVERED,2026-05-13,2026-05-13T15:28:42.825732+00:00,RUN-REAL-ESS-20260513-002,FIDELITY,SecurityExtract_ESS_2026May13.csv,TROW,STARMINE_COVERED,2,Immutable partition append from ESS normalization output; numeric provenance preserved.
RUN-REAL-ESS-20260513-002:2026-05-13:TAL:STARMINE_COVERED,2026-05-13,2026-05-13T15:28:42.825732+00:00,RUN-REAL-ESS-20260513-002,FIDELITY,SecurityExtract_ESS_2026May13.csv,TAL,STARMINE_COVERED,2,Immutable partition append from ESS normalization output; numeric provenance preserved.
RUN-REAL-ESS-20260513-002:2026-05-13:TPR:STARMINE_COVERED,2026-05-13,2026-05-13T15:28:42.825732+00:00,RUN-REAL-ESS-20260513-002,FIDELITY,SecurityExtract_ESS_2026May13.csv,TPR,STARMINE_COVERED,2,Immutable partition append from ESS normalization output; numeric provenance preserved.
RUN-REAL-ESS-20260513-002:2026-05-13:SNX:STARMINE_COVERED,2026-05-13,2026-05-13T15:28:42.825732+00:00,RUN-REAL-ESS-20260513-002,FIDELITY,SecurityExtract_ESS_2026May13.csv,SNX,STARMINE_COVERED,2,Immutable partition append from ESS normalization output; numeric provenance preserved.
RUN-REAL-ESS-20260513-002:2026-05-13:FTI:STARMINE_COVERED,2026-05-13,2026-05-13T15:28:42.825732+00:00,RUN-REAL-ESS-20260513-002,FIDELITY,SecurityExtract_ESS_2026May13.csv,FTI,STARMINE_COVERED,2,Immutable partition append from ESS normalization output; numeric provenance preserved.
RUN-REAL-ESS-20260513-002:2026-05-13:TK:STARMINE_COVERED,2026-05-13,2026-05-13T15:28:42.825732+00:00,RUN-REAL-ESS-20260513-002,FIDELITY,SecurityExtract_ESS_2026May13.csv,TK,STARMINE_COVERED,2,Immutable partition append from ESS normalization output; numeric provenance preserved.
RUN-REAL-ESS-20260513-002:2026-05-13:TNK:STARMINE_COVERED,2026-05-13,2026-05-13T15:28:42.825732+00:00,RUN-REAL-ESS-20260513-002,FIDELITY,SecurityExtract_ESS_2026May13.csv,TNK,STARMINE_COVERED,2,Immutable partition append from ESS normalization output; numeric provenance preserved.
RUN-REAL-ESS-20260513-002:2026-05-13:ERIC:STARMINE_COVERED,2026-05-13,2026-05-13T15:28:42.825732+00:00,RUN-REAL-ESS-20260513-002,FIDELITY,SecurityExtract_ESS_2026May13.csv,ERIC,STARMINE_COVERED,2,Immutable partition append from ESS normalization output; numeric provenance preserved.
RUN-REAL-ESS-20260513-002:2026-05-13:TENB:STARMINE_COVERED,2026-05-13,2026-05-13T15:28:42.825732+00:00,RUN-REAL-ESS-20260513-002,FIDELITY,SecurityExtract_ESS_2026May13.csv,TENB,STARMINE_COVERED,2,Immutable partition append from ESS normalization output; numeric provenance preserved.
RUN-REAL-ESS-20260513-002:2026-05-13:TXN:STARMINE_COVERED,2026-05-13,2026-05-13T15:28:42.825732+00:00,RUN-REAL-ESS-20260513-002,FIDELITY,SecurityExtract_ESS_2026May13.csv,TXN,STARMINE_COVERED,2,Immutable partition append from ESS normalization output; numeric provenance preserved.
RUN-REAL-ESS-20260513-002:2026-05-13:ALL:STARMINE_COVERED,2026-05-13,2026-05-13T15:28:42.825732+00:00,RUN-REAL-ESS-20260513-002,FIDELITY,SecurityExtract_ESS_2026May13.csv,ALL,STARMINE_COVERED,2,Immutable partition append from ESS normalization output; numeric provenance preserved.
RUN-REAL-ESS-20260513-002:2026-05-13:CI:STARMINE_COVERED,2026-05-13,2026-05-13T15:28:42.825732+00:00,RUN-REAL-ESS-20260513-002,FIDELITY,SecurityExtract_ESS_2026May13.csv,CI,STARMINE_COVERED,2,Immutable partition append from ESS normalization output; numeric provenance preserved.
RUN-REAL-ESS-20260513-002:2026-05-13:RIG:STARMINE_COVERED,2026-05-13,2026-05-13T15:28:42.825732+00:00,RUN-REAL-ESS-20260513-002,FIDELITY,SecurityExtract_ESS_2026May13.csv,RIG,STARMINE_COVERED,2,Immutable partition append from ESS normalization output; numeric provenance preserved.
RUN-REAL-ESS-20260513-002:2026-05-13:TRV:STARMINE_COVERED,2026-05-13,2026-05-13T15:28:42.825732+00:00,RUN-REAL-ESS-20260513-002,FIDELITY,SecurityExtract_ESS_2026May13.csv,TRV,STARMINE_COVERED,2,Immutable partition append from ESS normalization output; numeric provenance preserved.
RUN-REAL-ESS-20260513-002:2026-05-13:TZOO:STARMINE_COVERED,2026-05-13,2026-05-13T15:28:42.825732+00:00,RUN-REAL-ESS-20260513-002,FIDELITY,SecurityExtract_ESS_2026May13.csv,TZOO,STARMINE_COVERED,2,Immutable partition append from ESS normalization output; numeric provenance preserved.
RUN-REAL-ESS-20260513-002:2026-05-13:TBRG:STARMINE_COVERED,2026-05-13,2026-05-13T15:28:42.825732+00:00,RUN-REAL-ESS-20260513-002,FIDELITY,SecurityExtract_ESS_2026May13.csv,TBRG,STARMINE_COVERED,2,Immutable partition append from ESS normalization output; numeric provenance preserved.
RUN-REAL-ESS-20260513-002:2026-05-13:TRST:STARMINE_COVERED,2026-05-13,2026-05-13T15:28:42.825732+00:00,RUN-REAL-ESS-20260513-002,FIDELITY,SecurityExtract_ESS_2026May13.csv,TRST,STARMINE_COVERED,2,Immutable partition append from ESS normalization output; numeric provenance preserved.
RUN-REAL-ESS-20260513-002:2026-05-13:UNP:STARMINE_COVERED,2026-05-13,2026-05-13T15:28:42.825732+00:00,RUN-REAL-ESS-20260513-002,FIDELITY,SecurityExtract_ESS_2026May13.csv,UNP,STARMINE_COVERED,2,Immutable partition append from ESS normalization output; numeric provenance preserved.
RUN-REAL-ESS-20260513-002:2026-05-13:UFCS:STARMINE_COVERED,2026-05-13,2026-05-13T15:28:42.825732+00:00,RUN-REAL-ESS-20260513-002,FIDELITY,SecurityExtract_ESS_2026May13.csv,UFCS,STARMINE_COVERED,2,Immutable partition append from ESS normalization output; numeric provenance preserved.
RUN-REAL-ESS-20260513-002:2026-05-13:UTL:STARMINE_COVERED,2026-05-13,2026-05-13T15:28:42.825732+00:00,RUN-REAL-ESS-20260513-002,FIDELITY,SecurityExtract_ESS_2026May13.csv,UTL,STARMINE_COVERED,2,Immutable partition append from ESS normalization output; numeric provenance preserved.
RUN-REAL-ESS-20260513-002:2026-05-13:UHS:STARMINE_COVERED,2026-05-13,2026-05-13T15:28:42.825732+00:00,RUN-REAL-ESS-20260513-002,FIDELITY,SecurityExtract_ESS_2026May13.csv,UHS,STARMINE_COVERED,2,Immutable partition append from ESS normalization output; numeric provenance preserved.
RUN-REAL-ESS-20260513-002:2026-05-13:USNA:STARMINE_COVERED,2026-05-13,2026-05-13T15:28:42.825732+00:00,RUN-REAL-ESS-20260513-002,FIDELITY,SecurityExtract_ESS_2026May13.csv,USNA,STARMINE_COVERED,2,Immutable partition append from ESS normalization output; numeric provenance preserved.
RUN-REAL-ESS-20260513-002:2026-05-13:VVX:STARMINE_COVERED,2026-05-13,2026-05-13T15:28:42.825732+00:00,RUN-REAL-ESS-20260513-002,FIDELITY,SecurityExtract_ESS_2026May13.csv,VVX,STARMINE_COVERED,2,Immutable partition append from ESS normalization output; numeric provenance preserved.
RUN-REAL-ESS-20260513-002:2026-05-13:VLO:STARMINE_COVERED,2026-05-13,2026-05-13T15:28:42.825732+00:00,RUN-REAL-ESS-20260513-002,FIDELITY,SecurityExtract_ESS_2026May13.csv,VLO,STARMINE_COVERED,2,Immutable partition append from ESS normalization output; numeric provenance preserved.
RUN-REAL-ESS-20260513-002:2026-05-13:VMI:STARMINE_COVERED,2026-05-13,2026-05-13T15:28:42.825732+00:00,RUN-REAL-ESS-20260513-002,FIDELITY,SecurityExtract_ESS_2026May13.csv,VMI,STARMINE_COVERED,2,Immutable partition append from ESS normalization output; numeric provenance preserved.
RUN-REAL-ESS-20260513-002:2026-05-13:VREX:STARMINE_COVERED,2026-05-13,2026-05-13T15:28:42.825732+00:00,RUN-REAL-ESS-20260513-002,FIDELITY,SecurityExtract_ESS_2026May13.csv,VREX,STARMINE_COVERED,2,Immutable partition append from ESS normalization output; numeric provenance preserved.
RUN-REAL-ESS-20260513-002:2026-05-13:VSNT:STARMINE_COVERED,2026-05-13,2026-05-13T15:28:42.825732+00:00,RUN-REAL-ESS-20260513-002,FIDELITY,SecurityExtract_ESS_2026May13.csv,VSNT,STARMINE_COVERED,2,Immutable partition append from ESS normalization output; numeric provenance preserved.
RUN-REAL-ESS-20260513-002:2026-05-13:VICI:STARMINE_COVERED,2026-05-13,2026-05-13T15:28:42.825732+00:00,RUN-REAL-ESS-20260513-002,FIDELITY,SecurityExtract_ESS_2026May13.csv,VICI,STARMINE_COVERED,2,Immutable partition append from ESS normalization output; numeric provenance preserved.
RUN-REAL-ESS-20260513-002:2026-05-13:VICR:STARMINE_COVERED,2026-05-13,2026-05-13T15:28:42.825732+00:00,RUN-REAL-ESS-20260513-002,FIDELITY,SecurityExtract_ESS_2026May13.csv,VICR,STARMINE_COVERED,2,Immutable partition append from ESS normalization output; numeric provenance preserved.
RUN-REAL-ESS-20260513-002:2026-05-13:VRTS:STARMINE_COVERED,2026-05-13,2026-05-13T15:28:42.825732+00:00,RUN-REAL-ESS-20260513-002,FIDELITY,SecurityExtract_ESS_2026May13.csv,VRTS,STARMINE_COVERED,2,Immutable partition append from ESS normalization output; numeric provenance preserved.
RUN-REAL-ESS-20260513-002:2026-05-13:VOYA:STARMINE_COVERED,2026-05-13,2026-05-13T15:28:42.825732+00:00,RUN-REAL-ESS-20260513-002,FIDELITY,SecurityExtract_ESS_2026May13.csv,VOYA,STARMINE_COVERED,2,Immutable partition append from ESS normalization output; numeric provenance preserved.
RUN-REAL-ESS-20260513-002:2026-05-13:WAFD:STARMINE_COVERED,2026-05-13,2026-05-13T15:28:42.825732+00:00,RUN-REAL-ESS-20260513-002,FIDELITY,SecurityExtract_ESS_2026May13.csv,WAFD,STARMINE_COVERED,2,Immutable partition append from ESS normalization output; numeric provenance preserved.
RUN-REAL-ESS-20260513-002:2026-05-13:WFRD:STARMINE_COVERED,2026-05-13,2026-05-13T15:28:42.825732+00:00,RUN-REAL-ESS-20260513-002,FIDELITY,SecurityExtract_ESS_2026May13.csv,WFRD,STARMINE_COVERED,2,Immutable partition append from ESS normalization output; numeric provenance preserved.
RUN-REAL-ESS-20260513-002:2026-05-13:WSFS:STARMINE_COVERED,2026-05-13,2026-05-13T15:28:42.825732+00:00,RUN-REAL-ESS-20260513-002,FIDELITY,SecurityExtract_ESS_2026May13.csv,WSFS,STARMINE_COVERED,2,Immutable partition append from ESS normalization output; numeric provenance preserved.
RUN-REAL-ESS-20260513-002:2026-05-13:YELP:STARMINE_COVERED,2026-05-13,2026-05-13T15:28:42.825732+00:00,RUN-REAL-ESS-20260513-002,FIDELITY,SecurityExtract_ESS_2026May13.csv,YELP,STARMINE_COVERED,2,Immutable partition append from ESS normalization output; numeric provenance preserved.
RUN-REAL-ESS-20260513-002:2026-05-13:ZM:STARMINE_COVERED,2026-05-13,2026-05-13T15:28:42.825732+00:00,RUN-REAL-ESS-20260513-002,FIDELITY,SecurityExtract_ESS_2026May13.csv,ZM,STARMINE_COVERED,2,Immutable partition append from ESS normalization output; numeric provenance preserved.
RUN-REAL-ESS-20260513-002:2026-05-13:ZWS:STARMINE_COVERED,2026-05-13,2026-05-13T15:28:42.825732+00:00,RUN-REAL-ESS-20260513-002,FIDELITY,SecurityExtract_ESS_2026May13.csv,ZWS,STARMINE_COVERED,2,Immutable partition append from ESS normalization output; numeric provenance preserved.
RUN-REAL-ESS-20260513-002:2026-05-13:TXG:STARMINE_COVERED,2026-05-13,2026-05-13T15:28:42.825732+00:00,RUN-REAL-ESS-20260513-002,FIDELITY,SecurityExtract_ESS_2026May13.csv,TXG,STARMINE_COVERED,2,Immutable partition append from ESS normalization output; numeric provenance preserved.
RUN-REAL-ESS-20260513-002:2026-05-13:EGHT:STARMINE_COVERED,2026-05-13,2026-05-13T15:28:42.825732+00:00,RUN-REAL-ESS-20260513-002,FIDELITY,SecurityExtract_ESS_2026May13.csv,EGHT,STARMINE_COVERED,2,Immutable partition append from ESS normalization output; numeric provenance preserved.
RUN-REAL-ESS-20260513-002:2026-05-13:ASO:STARMINE_COVERED,2026-05-13,2026-05-13T15:28:42.825732+00:00,RUN-REAL-ESS-20260513-002,FIDELITY,SecurityExtract_ESS_2026May13.csv,ASO,STARMINE_COVERED,2,Immutable partition append from ESS normalization output; numeric provenance preserved.
RUN-REAL-ESS-20260513-002:2026-05-13:AKR:STARMINE_COVERED,2026-05-13,2026-05-13T15:28:42.825732+00:00,RUN-REAL-ESS-20260513-002,FIDELITY,SecurityExtract_ESS_2026May13.csv,AKR,STARMINE_COVERED,2,Immutable partition append from ESS normalization output; numeric provenance preserved.
RUN-REAL-ESS-20260513-002:2026-05-13:AAMI:STARMINE_COVERED,2026-05-13,2026-05-13T15:28:42.825732+00:00,RUN-REAL-ESS-20260513-002,FIDELITY,SecurityExtract_ESS_2026May13.csv,AAMI,STARMINE_COVERED,2,Immutable partition append from ESS normalization output; numeric provenance preserved.
RUN-REAL-ESS-20260513-002:2026-05-13:ACU:STARMINE_COVERED,2026-05-13,2026-05-13T15:28:42.825732+00:00,RUN-REAL-ESS-20260513-002,FIDELITY,SecurityExtract_ESS_2026May13.csv,ACU,STARMINE_COVERED,2,Immutable partition append from ESS normalization output; numeric provenance preserved.
RUN-REAL-ESS-20260513-002:2026-05-13:ACNB:STARMINE_COVERED,2026-05-13,2026-05-13T15:28:42.825732+00:00,RUN-REAL-ESS-20260513-002,FIDELITY,SecurityExtract_ESS_2026May13.csv,ACNB,STARMINE_COVERED,2,Immutable partition append from ESS normalization output; numeric provenance preserved.
RUN-REAL-ESS-20260513-002:2026-05-13:AHCO:STARMINE_COVERED,2026-05-13,2026-05-13T15:28:42.825732+00:00,RUN-REAL-ESS-20260513-002,FIDELITY,SecurityExtract_ESS_2026May13.csv,AHCO,STARMINE_COVERED,2,Immutable partition append from ESS normalization output; numeric provenance preserved.
RUN-REAL-ESS-20260513-002:2026-05-13:ADEA:STARMINE_COVERED,2026-05-13,2026-05-13T15:28:42.825732+00:00,RUN-REAL-ESS-20260513-002,FIDELITY,SecurityExtract_ESS_2026May13.csv,ADEA,STARMINE_COVERED,2,Immutable partition append from ESS normalization output; numeric provenance preserved.
RUN-REAL-ESS-20260513-002:2026-05-13:ADBE:STARMINE_COVERED,2026-05-13,2026-05-13T15:28:42.825732+00:00,RUN-REAL-ESS-20260513-002,FIDELITY,SecurityExtract_ESS_2026May13.csv,ADBE,STARMINE_COVERED,2,Immutable partition append from ESS normalization output; numeric provenance preserved.
RUN-REAL-ESS-20260513-002:2026-05-13:ADT:STARMINE_COVERED,2026-05-13,2026-05-13T15:28:42.825732+00:00,RUN-REAL-ESS-20260513-002,FIDELITY,SecurityExtract_ESS_2026May13.csv,ADT,STARMINE_COVERED,2,Immutable partition append from ESS normalization output; numeric provenance preserved.
RUN-REAL-ESS-20260513-002:2026-05-13:AMD:STARMINE_COVERED,2026-05-13,2026-05-13T15:28:42.825732+00:00,RUN-REAL-ESS-20260513-002,FIDELITY,SecurityExtract_ESS_2026May13.csv,AMD,STARMINE_COVERED,2,Immutable partition append from ESS normalization output; numeric provenance preserved.
RUN-REAL-ESS-20260513-002:2026-05-13:ASIX:STARMINE_COVERED,2026-05-13,2026-05-13T15:28:42.825732+00:00,RUN-REAL-ESS-20260513-002,FIDELITY,SecurityExtract_ESS_2026May13.csv,ASIX,STARMINE_COVERED,2,Immutable partition append from ESS normalization output; numeric provenance preserved.
RUN-REAL-ESS-20260513-002:2026-05-13:AES:STARMINE_COVERED,2026-05-13,2026-05-13T15:28:42.825732+00:00,RUN-REAL-ESS-20260513-002,FIDELITY,SecurityExtract_ESS_2026May13.csv,AES,STARMINE_COVERED,2,Immutable partition append from ESS normalization output; numeric provenance preserved.
RUN-REAL-ESS-20260513-002:2026-05-13:AFL:STARMINE_COVERED,2026-05-13,2026-05-13T15:28:42.825732+00:00,RUN-REAL-ESS-20260513-002,FIDELITY,SecurityExtract_ESS_2026May13.csv,AFL,STARMINE_COVERED,2,Immutable partition append from ESS normalization output; numeric provenance preserved.
RUN-REAL-ESS-20260513-002:2026-05-13:AKBA:STARMINE_COVERED,2026-05-13,2026-05-13T15:28:42.825732+00:00,RUN-REAL-ESS-20260513-002,FIDELITY,SecurityExtract_ESS_2026May13.csv,AKBA,STARMINE_COVERED,2,Immutable partition append from ESS normalization output; numeric provenance preserved.
RUN-REAL-ESS-20260513-002:2026-05-13:AA:STARMINE_COVERED,2026-05-13,2026-05-13T15:28:42.825732+00:00,RUN-REAL-ESS-20260513-002,FIDELITY,SecurityExtract_ESS_2026May13.csv,AA,STARMINE_COVERED,2,Immutable partition append from ESS normalization output; numeric provenance preserved.
RUN-REAL-ESS-20260513-002:2026-05-13:ALGN:STARMINE_COVERED,2026-05-13,2026-05-13T15:28:42.825732+00:00,RUN-REAL-ESS-20260513-002,FIDELITY,SecurityExtract_ESS_2026May13.csv,ALGN,STARMINE_COVERED,2,Immutable partition append from ESS normalization output; numeric provenance preserved.
RUN-REAL-ESS-20260513-002:2026-05-13:ALGM:STARMINE_COVERED,2026-05-13,2026-05-13T15:28:42.825732+00:00,RUN-REAL-ESS-20260513-002,FIDELITY,SecurityExtract_ESS_2026May13.csv,ALGM,STARMINE_COVERED,2,Immutable partition append from ESS normalization output; numeric provenance preserved.
RUN-REAL-ESS-20260513-002:2026-05-13:PINE:STARMINE_COVERED,2026-05-13,2026-05-13T15:28:42.825732+00:00,RUN-REAL-ESS-20260513-002,FIDELITY,SecurityExtract_ESS_2026May13.csv,PINE,STARMINE_COVERED,2,Immutable partition append from ESS normalization output; numeric provenance preserved.
RUN-REAL-ESS-20260513-002:2026-05-13:AMX:STARMINE_COVERED,2026-05-13,2026-05-13T15:28:42.825732+00:00,RUN-REAL-ESS-20260513-002,FIDELITY,SecurityExtract_ESS_2026May13.csv,AMX,STARMINE_COVERED,2,Immutable partition append from ESS normalization output; numeric provenance preserved.
RUN-REAL-ESS-20260513-002:2026-05-13:AMH:STARMINE_COVERED,2026-05-13,2026-05-13T15:28:42.825732+00:00,RUN-REAL-ESS-20260513-002,FIDELITY,SecurityExtract_ESS_2026May13.csv,AMH,STARMINE_COVERED,2,Immutable partition append from ESS normalization output; numeric provenance preserved.
RUN-REAL-ESS-20260513-002:2026-05-13:COLD:STARMINE_COVERED,2026-05-13,2026-05-13T15:28:42.825732+00:00,RUN-REAL-ESS-20260513-002,FIDELITY,SecurityExtract_ESS_2026May13.csv,COLD,STARMINE_COVERED,2,Immutable partition append from ESS normalization output; numeric provenance preserved.
RUN-REAL-ESS-20260513-002:2026-05-13:ABCB:STARMINE_COVERED,2026-05-13,2026-05-13T15:28:42.825732+00:00,RUN-REAL-ESS-20260513-002,FIDELITY,SecurityExtract_ESS_2026May13.csv,ABCB,STARMINE_COVERED,2,Immutable partition append from ESS normalization output; numeric provenance preserved.
RUN-REAL-ESS-20260513-002:2026-05-13:AMPH:STARMINE_COVERED,2026-05-13,2026-05-13T15:28:42.825732+00:00,RUN-REAL-ESS-20260513-002,FIDELITY,SecurityExtract_ESS_2026May13.csv,AMPH,STARMINE_COVERED,2,Immutable partition append from ESS normalization output; numeric provenance preserved.
RUN-REAL-ESS-20260513-002:2026-05-13:ANGI:STARMINE_COVERED,2026-05-13,2026-05-13T15:28:42.825732+00:00,RUN-REAL-ESS-20260513-002,FIDELITY,SecurityExtract_ESS_2026May13.csv,ANGI,STARMINE_COVERED,2,Immutable partition append from ESS normalization output; numeric provenance preserved.
RUN-REAL-ESS-20260513-002:2026-05-13:ANGO:STARMINE_COVERED,2026-05-13,2026-05-13T15:28:42.825732+00:00,RUN-REAL-ESS-20260513-002,FIDELITY,SecurityExtract_ESS_2026May13.csv,ANGO,STARMINE_COVERED,2,Immutable partition append from ESS normalization output; numeric provenance preserved.
RUN-REAL-ESS-20260513-002:2026-05-13:ANIP:STARMINE_COVERED,2026-05-13,2026-05-13T15:28:42.825732+00:00,RUN-REAL-ESS-20260513-002,FIDELITY,SecurityExtract_ESS_2026May13.csv,ANIP,STARMINE_COVERED,2,Immutable partition append from ESS normalization output; numeric provenance preserved.
RUN-REAL-ESS-20260513-002:2026-05-13:ANIK:STARMINE_COVERED,2026-05-13,2026-05-13T15:28:42.825732+00:00,RUN-REAL-ESS-20260513-002,FIDELITY,SecurityExtract_ESS_2026May13.csv,ANIK,STARMINE_COVERED,2,Immutable partition append from ESS normalization output; numeric provenance preserved.
RUN-REAL-ESS-20260513-002:2026-05-13:APO:STARMINE_COVERED,2026-05-13,2026-05-13T15:28:42.825732+00:00,RUN-REAL-ESS-20260513-002,FIDELITY,SecurityExtract_ESS_2026May13.csv,APO,STARMINE_COVERED,2,Immutable partition append from ESS normalization output; numeric provenance preserved.
RUN-REAL-ESS-20260513-002:2026-05-13:AIT:STARMINE_COVERED,2026-05-13,2026-05-13T15:28:42.825732+00:00,RUN-REAL-ESS-20260513-002,FIDELITY,SecurityExtract_ESS_2026May13.csv,AIT,STARMINE_COVERED,2,Immutable partition append from ESS normalization output; numeric provenance preserved.
RUN-REAL-ESS-20260513-002:2026-05-13:ARCB:STARMINE_COVERED,2026-05-13,2026-05-13T15:28:42.825732+00:00,RUN-REAL-ESS-20260513-002,FIDELITY,SecurityExtract_ESS_2026May13.csv,ARCB,STARMINE_COVERED,2,Immutable partition append from ESS normalization output; numeric provenance preserved.
RUN-REAL-ESS-20260513-002:2026-05-13:ARCT:STARMINE_COVERED,2026-05-13,2026-05-13T15:28:42.825732+00:00,RUN-REAL-ESS-20260513-002,FIDELITY,SecurityExtract_ESS_2026May13.csv,ARCT,STARMINE_COVERED,2,Immutable partition append from ESS normalization output; numeric provenance preserved.
RUN-REAL-ESS-20260513-002:2026-05-13:ARWR:STARMINE_COVERED,2026-05-13,2026-05-13T15:28:42.825732+00:00,RUN-REAL-ESS-20260513-002,FIDELITY,SecurityExtract_ESS_2026May13.csv,ARWR,STARMINE_COVERED,2,Immutable partition append from ESS normalization output; numeric provenance preserved.
RUN-REAL-ESS-20260513-002:2026-05-13:ASB:STARMINE_COVERED,2026-05-13,2026-05-13T15:28:42.825732+00:00,RUN-REAL-ESS-20260513-002,FIDELITY,SecurityExtract_ESS_2026May13.csv,ASB,STARMINE_COVERED,2,Immutable partition append from ESS normalization output; numeric provenance preserved.
RUN-REAL-ESS-20260513-002:2026-05-13:AGO:STARMINE_COVERED,2026-05-13,2026-05-13T15:28:42.825732+00:00,RUN-REAL-ESS-20260513-002,FIDELITY,SecurityExtract_ESS_2026May13.csv,AGO,STARMINE_COVERED,2,Immutable partition append from ESS normalization output; numeric provenance preserved.
RUN-REAL-ESS-20260513-002:2026-05-13:ATI:STARMINE_COVERED,2026-05-13,2026-05-13T15:28:42.825732+00:00,RUN-REAL-ESS-20260513-002,FIDELITY,SecurityExtract_ESS_2026May13.csv,ATI,STARMINE_COVERED,2,Immutable partition append from ESS normalization output; numeric provenance preserved.
RUN-REAL-ESS-20260513-002:2026-05-13:AUPH:STARMINE_COVERED,2026-05-13,2026-05-13T15:28:42.825732+00:00,RUN-REAL-ESS-20260513-002,FIDELITY,SecurityExtract_ESS_2026May13.csv,AUPH,STARMINE_COVERED,2,Immutable partition append from ESS normalization output; numeric provenance preserved.
RUN-REAL-ESS-20260513-002:2026-05-13:AVB:STARMINE_COVERED,2026-05-13,2026-05-13T15:28:42.825732+00:00,RUN-REAL-ESS-20260513-002,FIDELITY,SecurityExtract_ESS_2026May13.csv,AVB,STARMINE_COVERED,2,Immutable partition append from ESS normalization output; numeric provenance preserved.
RUN-REAL-ESS-20260513-002:2026-05-13:AVTR:STARMINE_COVERED,2026-05-13,2026-05-13T15:28:42.825732+00:00,RUN-REAL-ESS-20260513-002,FIDELITY,SecurityExtract_ESS_2026May13.csv,AVTR,STARMINE_COVERED,2,Immutable partition append from ESS normalization output; numeric provenance preserved.
RUN-REAL-ESS-20260513-002:2026-05-13:AX:STARMINE_COVERED,2026-05-13,2026-05-13T15:28:42.825732+00:00,RUN-REAL-ESS-20260513-002,FIDELITY,SecurityExtract_ESS_2026May13.csv,AX,STARMINE_COVERED,2,Immutable partition append from ESS normalization output; numeric provenance preserved.
RUN-REAL-ESS-20260513-002:2026-05-13:AZTA:STARMINE_COVERED,2026-05-13,2026-05-13T15:28:42.825732+00:00,RUN-REAL-ESS-20260513-002,FIDELITY,SecurityExtract_ESS_2026May13.csv,AZTA,STARMINE_COVERED,2,Immutable partition append from ESS normalization output; numeric provenance preserved.
RUN-REAL-ESS-20260513-002:2026-05-13:BGS:STARMINE_COVERED,2026-05-13,2026-05-13T15:28:42.825732+00:00,RUN-REAL-ESS-20260513-002,FIDELITY,SecurityExtract_ESS_2026May13.csv,BGS,STARMINE_COVERED,2,Immutable partition append from ESS normalization output; numeric provenance preserved.
RUN-REAL-ESS-20260513-002:2026-05-13:BBSI:STARMINE_COVERED,2026-05-13,2026-05-13T15:28:42.825732+00:00,RUN-REAL-ESS-20260513-002,FIDELITY,SecurityExtract_ESS_2026May13.csv,BBSI,STARMINE_COVERED,2,Immutable partition append from ESS normalization output; numeric provenance preserved.
RUN-REAL-ESS-20260513-002:2026-05-13:BCML:STARMINE_COVERED,2026-05-13,2026-05-13T15:28:42.825732+00:00,RUN-REAL-ESS-20260513-002,FIDELITY,SecurityExtract_ESS_2026May13.csv,BCML,STARMINE_COVERED,2,Immutable partition append from ESS normalization output; numeric provenance preserved.
RUN-REAL-ESS-20260513-002:2026-05-13:BHP:STARMINE_COVERED,2026-05-13,2026-05-13T15:28:42.825732+00:00,RUN-REAL-ESS-20260513-002,FIDELITY,SecurityExtract_ESS_2026May13.csv,BHP,STARMINE_COVERED,2,Immutable partition append from ESS normalization output; numeric provenance preserved.
RUN-REAL-ESS-20260513-002:2026-05-13:BCRX:STARMINE_COVERED,2026-05-13,2026-05-13T15:28:42.825732+00:00,RUN-REAL-ESS-20260513-002,FIDELITY,SecurityExtract_ESS_2026May13.csv,BCRX,STARMINE_COVERED,2,Immutable partition append from ESS normalization output; numeric provenance preserved.
RUN-REAL-ESS-20260513-002:2026-05-13:BMRN:STARMINE_COVERED,2026-05-13,2026-05-13T15:28:42.825732+00:00,RUN-REAL-ESS-20260513-002,FIDELITY,SecurityExtract_ESS_2026May13.csv,BMRN,STARMINE_COVERED,2,Immutable partition append from ESS normalization output; numeric provenance preserved.
RUN-REAL-ESS-20260513-002:2026-05-13:BB:STARMINE_COVERED,2026-05-13,2026-05-13T15:28:42.825732+00:00,RUN-REAL-ESS-20260513-002,FIDELITY,SecurityExtract_ESS_2026May13.csv,BB,STARMINE_COVERED,2,Immutable partition append from ESS normalization output; numeric provenance preserved.
RUN-REAL-ESS-20260513-002:2026-05-13:BE:STARMINE_COVERED,2026-05-13,2026-05-13T15:28:42.825732+00:00,RUN-REAL-ESS-20260513-002,FIDELITY,SecurityExtract_ESS_2026May13.csv,BE,STARMINE_COVERED,2,Immutable partition append from ESS normalization output; numeric provenance preserved.
RUN-REAL-ESS-20260513-002:2026-05-13:BLBD:STARMINE_COVERED,2026-05-13,2026-05-13T15:28:42.825732+00:00,RUN-REAL-ESS-20260513-002,FIDELITY,SecurityExtract_ESS_2026May13.csv,BLBD,STARMINE_COVERED,2,Immutable partition append from ESS normalization output; numeric provenance preserved.
RUN-REAL-ESS-20260513-002:2026-05-13:BOX:STARMINE_COVERED,2026-05-13,2026-05-13T15:28:42.825732+00:00,RUN-REAL-ESS-20260513-002,FIDELITY,SecurityExtract_ESS_2026May13.csv,BOX,STARMINE_COVERED,2,Immutable partition append from ESS normalization output; numeric provenance preserved.
RUN-REAL-ESS-20260513-002:2026-05-13:BRC:STARMINE_COVERED,2026-05-13,2026-05-13T15:28:42.825732+00:00,RUN-REAL-ESS-20260513-002,FIDELITY,SecurityExtract_ESS_2026May13.csv,BRC,STARMINE_COVERED,2,Immutable partition append from ESS normalization output; numeric provenance preserved.
RUN-REAL-ESS-20260513-002:2026-05-13:BMY:STARMINE_COVERED,2026-05-13,2026-05-13T15:28:42.825732+00:00,RUN-REAL-ESS-20260513-002,FIDELITY,SecurityExtract_ESS_2026May13.csv,BMY,STARMINE_COVERED,2,Immutable partition append from ESS normalization output; numeric provenance preserved.
RUN-REAL-ESS-20260513-002:2026-05-13:BTI:STARMINE_COVERED,2026-05-13,2026-05-13T15:28:42.825732+00:00,RUN-REAL-ESS-20260513-002,FIDELITY,SecurityExtract_ESS_2026May13.csv,BTI,STARMINE_COVERED,2,Immutable partition append from ESS normalization output; numeric provenance preserved.
RUN-REAL-ESS-20260513-002:2026-05-13:BRX:STARMINE_COVERED,2026-05-13,2026-05-13T15:28:42.825732+00:00,RUN-REAL-ESS-20260513-002,FIDELITY,SecurityExtract_ESS_2026May13.csv,BRX,STARMINE_COVERED,2,Immutable partition append from ESS normalization output; numeric provenance preserved.
RUN-REAL-ESS-20260513-002:2026-05-13:BG:STARMINE_COVERED,2026-05-13,2026-05-13T15:28:42.825732+00:00,RUN-REAL-ESS-20260513-002,FIDELITY,SecurityExtract_ESS_2026May13.csv,BG,STARMINE_COVERED,2,Immutable partition append from ESS normalization output; numeric provenance preserved.
RUN-REAL-ESS-20260513-002:2026-05-13:BY:STARMINE_COVERED,2026-05-13,2026-05-13T15:28:42.825732+00:00,RUN-REAL-ESS-20260513-002,FIDELITY,SecurityExtract_ESS_2026May13.csv,BY,STARMINE_COVERED,2,Immutable partition append from ESS normalization output; numeric provenance preserved.
RUN-REAL-ESS-20260513-002:2026-05-13:CABO:STARMINE_COVERED,2026-05-13,2026-05-13T15:28:42.825732+00:00,RUN-REAL-ESS-20260513-002,FIDELITY,SecurityExtract_ESS_2026May13.csv,CABO,STARMINE_COVERED,2,Immutable partition append from ESS normalization output; numeric provenance preserved.
RUN-REAL-ESS-20260513-002:2026-05-13:CBT:STARMINE_COVERED,2026-05-13,2026-05-13T15:28:42.825732+00:00,RUN-REAL-ESS-20260513-002,FIDELITY,SecurityExtract_ESS_2026May13.csv,CBT,STARMINE_COVERED,2,Immutable partition append from ESS normalization output; numeric provenance preserved.
RUN-REAL-ESS-20260513-002:2026-05-13:CVGW:STARMINE_COVERED,2026-05-13,2026-05-13T15:28:42.825732+00:00,RUN-REAL-ESS-20260513-002,FIDELITY,SecurityExtract_ESS_2026May13.csv,CVGW,STARMINE_COVERED,2,Immutable partition append from ESS normalization output; numeric provenance preserved.
RUN-REAL-ESS-20260513-002:2026-05-13:CCJ:STARMINE_COVERED,2026-05-13,2026-05-13T15:28:42.825732+00:00,RUN-REAL-ESS-20260513-002,FIDELITY,SecurityExtract_ESS_2026May13.csv,CCJ,STARMINE_COVERED,2,Immutable partition append from ESS normalization output; numeric provenance preserved.
RUN-REAL-ESS-20260513-002:2026-05-13:CBNK:STARMINE_COVERED,2026-05-13,2026-05-13T15:28:42.825732+00:00,RUN-REAL-ESS-20260513-002,FIDELITY,SecurityExtract_ESS_2026May13.csv,CBNK,STARMINE_COVERED,2,Immutable partition append from ESS normalization output; numeric provenance preserved.
RUN-REAL-ESS-20260513-002:2026-05-13:CFFN:STARMINE_COVERED,2026-05-13,2026-05-13T15:28:42.825732+00:00,RUN-REAL-ESS-20260513-002,FIDELITY,SecurityExtract_ESS_2026May13.csv,CFFN,STARMINE_COVERED,2,Immutable partition append from ESS normalization output; numeric provenance preserved.
RUN-REAL-ESS-20260513-002:2026-05-13:CDNA:STARMINE_COVERED,2026-05-13,2026-05-13T15:28:42.825732+00:00,RUN-REAL-ESS-20260513-002,FIDELITY,SecurityExtract_ESS_2026May13.csv,CDNA,STARMINE_COVERED,2,Immutable partition append from ESS normalization output; numeric provenance preserved.
RUN-REAL-ESS-20260513-002:2026-05-13:CSL:STARMINE_COVERED,2026-05-13,2026-05-13T15:28:42.825732+00:00,RUN-REAL-ESS-20260513-002,FIDELITY,SecurityExtract_ESS_2026May13.csv,CSL,STARMINE_COVERED,2,Immutable partition append from ESS normalization output; numeric provenance preserved.
RUN-REAL-ESS-20260513-002:2026-05-13:CRS:STARMINE_COVERED,2026-05-13,2026-05-13T15:28:42.825732+00:00,RUN-REAL-ESS-20260513-002,FIDELITY,SecurityExtract_ESS_2026May13.csv,CRS,STARMINE_COVERED,2,Immutable partition append from ESS normalization output; numeric provenance preserved.
RUN-REAL-ESS-20260513-002:2026-05-13:CRI:STARMINE_COVERED,2026-05-13,2026-05-13T15:28:42.825732+00:00,RUN-REAL-ESS-20260513-002,FIDELITY,SecurityExtract_ESS_2026May13.csv,CRI,STARMINE_COVERED,2,Immutable partition append from ESS normalization output; numeric provenance preserved.
RUN-REAL-ESS-20260513-002:2026-05-13:CASY:STARMINE_COVERED,2026-05-13,2026-05-13T15:28:42.825732+00:00,RUN-REAL-ESS-20260513-002,FIDELITY,SecurityExtract_ESS_2026May13.csv,CASY,STARMINE_COVERED,2,Immutable partition append from ESS normalization output; numeric provenance preserved.
RUN-REAL-ESS-20260513-002:2026-05-13:CATY:STARMINE_COVERED,2026-05-13,2026-05-13T15:28:42.825732+00:00,RUN-REAL-ESS-20260513-002,FIDELITY,SecurityExtract_ESS_2026May13.csv,CATY,STARMINE_COVERED,2,Immutable partition append from ESS normalization output; numeric provenance preserved.
RUN-REAL-ESS-20260513-002:2026-05-13:CDW:STARMINE_COVERED,2026-05-13,2026-05-13T15:28:42.825732+00:00,RUN-REAL-ESS-20260513-002,FIDELITY,SecurityExtract_ESS_2026May13.csv,CDW,STARMINE_COVERED,2,Immutable partition append from ESS normalization output; numeric provenance preserved.
RUN-REAL-ESS-20260513-002:2026-05-13:CECO:STARMINE_COVERED,2026-05-13,2026-05-13T15:28:42.825732+00:00,RUN-REAL-ESS-20260513-002,FIDELITY,SecurityExtract_ESS_2026May13.csv,CECO,STARMINE_COVERED,2,Immutable partition append from ESS normalization output; numeric provenance preserved.
RUN-REAL-ESS-20260513-002:2026-05-13:CE:STARMINE_COVERED,2026-05-13,2026-05-13T15:28:42.825732+00:00,RUN-REAL-ESS-20260513-002,FIDELITY,SecurityExtract_ESS_2026May13.csv,CE,STARMINE_COVERED,2,Immutable partition append from ESS normalization output; numeric provenance preserved.
RUN-REAL-ESS-20260513-002:2026-05-13:CX:STARMINE_COVERED,2026-05-13,2026-05-13T15:28:42.825732+00:00,RUN-REAL-ESS-20260513-002,FIDELITY,SecurityExtract_ESS_2026May13.csv,CX,STARMINE_COVERED,2,Immutable partition append from ESS normalization output; numeric provenance preserved.
RUN-REAL-ESS-20260513-002:2026-05-13:COR:STARMINE_COVERED,2026-05-13,2026-05-13T15:28:42.825732+00:00,RUN-REAL-ESS-20260513-002,FIDELITY,SecurityExtract_ESS_2026May13.csv,COR,STARMINE_COVERED,2,Immutable partition append from ESS normalization output; numeric provenance preserved.
RUN-REAL-ESS-20260513-002:2026-05-13:CENTA:STARMINE_COVERED,2026-05-13,2026-05-13T15:28:42.825732+00:00,RUN-REAL-ESS-20260513-002,FIDELITY,SecurityExtract_ESS_2026May13.csv,CENTA,STARMINE_COVERED,2,Immutable partition append from ESS normalization output; numeric provenance preserved.
RUN-REAL-ESS-20260513-002:2026-05-13:CERS:STARMINE_COVERED,2026-05-13,2026-05-13T15:28:42.825732+00:00,RUN-REAL-ESS-20260513-002,FIDELITY,SecurityExtract_ESS_2026May13.csv,CERS,STARMINE_COVERED,2,Immutable partition append from ESS normalization output; numeric provenance preserved.
RUN-REAL-ESS-20260513-002:2026-05-13:GIB:STARMINE_COVERED,2026-05-13,2026-05-13T15:28:42.825732+00:00,RUN-REAL-ESS-20260513-002,FIDELITY,SecurityExtract_ESS_2026May13.csv,GIB,STARMINE_COVERED,2,Immutable partition append from ESS normalization output; numeric provenance preserved.
RUN-REAL-ESS-20260513-002:2026-05-13:CHGG:STARMINE_COVERED,2026-05-13,2026-05-13T15:28:42.825732+00:00,RUN-REAL-ESS-20260513-002,FIDELITY,SecurityExtract_ESS_2026May13.csv,CHGG,STARMINE_COVERED,2,Immutable partition append from ESS normalization output; numeric provenance preserved.
RUN-REAL-ESS-20260513-002:2026-05-13:CC:STARMINE_COVERED,2026-05-13,2026-05-13T15:28:42.825732+00:00,RUN-REAL-ESS-20260513-002,FIDELITY,SecurityExtract_ESS_2026May13.csv,CC,STARMINE_COVERED,2,Immutable partition append from ESS normalization output; numeric provenance preserved.
RUN-REAL-ESS-20260513-002:2026-05-13:CQP:STARMINE_COVERED,2026-05-13,2026-05-13T15:28:42.825732+00:00,RUN-REAL-ESS-20260513-002,FIDELITY,SecurityExtract_ESS_2026May13.csv,CQP,STARMINE_COVERED,2,Immutable partition append from ESS normalization output; numeric provenance preserved.
RUN-REAL-ESS-20260513-002:2026-05-13:CHWY:STARMINE_COVERED,2026-05-13,2026-05-13T15:28:42.825732+00:00,RUN-REAL-ESS-20260513-002,FIDELITY,SecurityExtract_ESS_2026May13.csv,CHWY,STARMINE_COVERED,2,Immutable partition append from ESS normalization output; numeric provenance preserved.
RUN-REAL-ESS-20260513-002:2026-05-13:CIM:STARMINE_COVERED,2026-05-13,2026-05-13T15:28:42.825732+00:00,RUN-REAL-ESS-20260513-002,FIDELITY,SecurityExtract_ESS_2026May13.csv,CIM,STARMINE_COVERED,2,Immutable partition append from ESS normalization output; numeric provenance preserved.
RUN-REAL-ESS-20260513-002:2026-05-13:COFS:STARMINE_COVERED,2026-05-13,2026-05-13T15:28:42.825732+00:00,RUN-REAL-ESS-20260513-002,FIDELITY,SecurityExtract_ESS_2026May13.csv,COFS,STARMINE_COVERED,2,Immutable partition append from ESS normalization output; numeric provenance preserved.
RUN-REAL-ESS-20260513-002:2026-05-13:CHDN:STARMINE_COVERED,2026-05-13,2026-05-13T15:28:42.825732+00:00,RUN-REAL-ESS-20260513-002,FIDELITY,SecurityExtract_ESS_2026May13.csv,CHDN,STARMINE_COVERED,2,Immutable partition append from ESS normalization output; numeric provenance preserved.
RUN-REAL-ESS-20260513-002:2026-05-13:CINF:STARMINE_COVERED,2026-05-13,2026-05-13T15:28:42.825732+00:00,RUN-REAL-ESS-20260513-002,FIDELITY,SecurityExtract_ESS_2026May13.csv,CINF,STARMINE_COVERED,2,Immutable partition append from ESS normalization output; numeric provenance preserved.
RUN-REAL-ESS-20260513-002:2026-05-13:CSCO:STARMINE_COVERED,2026-05-13,2026-05-13T15:28:42.825732+00:00,RUN-REAL-ESS-20260513-002,FIDELITY,SecurityExtract_ESS_2026May13.csv,CSCO,STARMINE_COVERED,2,Immutable partition append from ESS normalization output; numeric provenance preserved.
RUN-REAL-ESS-20260513-002:2026-05-13:CZFS:STARMINE_COVERED,2026-05-13,2026-05-13T15:28:42.825732+00:00,RUN-REAL-ESS-20260513-002,FIDELITY,SecurityExtract_ESS_2026May13.csv,CZFS,STARMINE_COVERED,2,Immutable partition append from ESS normalization output; numeric provenance preserved.
RUN-REAL-ESS-20260513-002:2026-05-13:CIVB:STARMINE_COVERED,2026-05-13,2026-05-13T15:28:42.825732+00:00,RUN-REAL-ESS-20260513-002,FIDELITY,SecurityExtract_ESS_2026May13.csv,CIVB,STARMINE_COVERED,2,Immutable partition append from ESS normalization output; numeric provenance preserved.
RUN-REAL-ESS-20260513-002:2026-05-13:CLAR:STARMINE_COVERED,2026-05-13,2026-05-13T15:28:42.825732+00:00,RUN-REAL-ESS-20260513-002,FIDELITY,SecurityExtract_ESS_2026May13.csv,CLAR,STARMINE_COVERED,2,Immutable partition append from ESS normalization output; numeric provenance preserved.
RUN-REAL-ESS-20260513-002:2026-05-13:CLH:STARMINE_COVERED,2026-05-13,2026-05-13T15:28:42.825732+00:00,RUN-REAL-ESS-20260513-002,FIDELITY,SecurityExtract_ESS_2026May13.csv,CLH,STARMINE_COVERED,2,Immutable partition append from ESS normalization output; numeric provenance preserved.
RUN-REAL-ESS-20260513-002:2026-05-13:CMS:STARMINE_COVERED,2026-05-13,2026-05-13T15:28:42.825732+00:00,RUN-REAL-ESS-20260513-002,FIDELITY,SecurityExtract_ESS_2026May13.csv,CMS,STARMINE_COVERED,2,Immutable partition append from ESS normalization output; numeric provenance preserved.
RUN-REAL-ESS-20260513-002:2026-05-13:CNX:STARMINE_COVERED,2026-05-13,2026-05-13T15:28:42.825732+00:00,RUN-REAL-ESS-20260513-002,FIDELITY,SecurityExtract_ESS_2026May13.csv,CNX,STARMINE_COVERED,2,Immutable partition append from ESS normalization output; numeric provenance preserved.
RUN-REAL-ESS-20260513-002:2026-05-13:COKE:STARMINE_COVERED,2026-05-13,2026-05-13T15:28:42.825732+00:00,RUN-REAL-ESS-20260513-002,FIDELITY,SecurityExtract_ESS_2026May13.csv,COKE,STARMINE_COVERED,2,Immutable partition append from ESS normalization output; numeric provenance preserved.
RUN-REAL-ESS-20260513-002:2026-05-13:KO:STARMINE_COVERED,2026-05-13,2026-05-13T15:28:42.825732+00:00,RUN-REAL-ESS-20260513-002,FIDELITY,SecurityExtract_ESS_2026May13.csv,KO,STARMINE_COVERED,2,Immutable partition append from ESS normalization output; numeric provenance preserved.
RUN-REAL-ESS-20260513-002:2026-05-13:CGNX:STARMINE_COVERED,2026-05-13,2026-05-13T15:28:42.825732+00:00,RUN-REAL-ESS-20260513-002,FIDELITY,SecurityExtract_ESS_2026May13.csv,CGNX,STARMINE_COVERED,2,Immutable partition append from ESS normalization output; numeric provenance preserved.
RUN-REAL-ESS-20260513-002:2026-05-13:CHRS:STARMINE_COVERED,2026-05-13,2026-05-13T15:28:42.825732+00:00,RUN-REAL-ESS-20260513-002,FIDELITY,SecurityExtract_ESS_2026May13.csv,CHRS,STARMINE_COVERED,2,Immutable partition append from ESS normalization output; numeric provenance preserved.
RUN-REAL-ESS-20260513-002:2026-05-13:COLL:STARMINE_COVERED,2026-05-13,2026-05-13T15:28:42.825732+00:00,RUN-REAL-ESS-20260513-002,FIDELITY,SecurityExtract_ESS_2026May13.csv,COLL,STARMINE_COVERED,2,Immutable partition append from ESS normalization output; numeric provenance preserved.
RUN-REAL-ESS-20260513-002:2026-05-13:CBAN:STARMINE_COVERED,2026-05-13,2026-05-13T15:28:42.825732+00:00,RUN-REAL-ESS-20260513-002,FIDELITY,SecurityExtract_ESS_2026May13.csv,CBAN,STARMINE_COVERED,2,Immutable partition append from ESS normalization output; numeric provenance preserved.
RUN-REAL-ESS-20260513-002:2026-05-13:COLM:STARMINE_COVERED,2026-05-13,2026-05-13T15:28:42.825732+00:00,RUN-REAL-ESS-20260513-002,FIDELITY,SecurityExtract_ESS_2026May13.csv,COLM,STARMINE_COVERED,2,Immutable partition append from ESS normalization output; numeric provenance preserved.
RUN-REAL-ESS-20260513-002:2026-05-13:CVGI:STARMINE_COVERED,2026-05-13,2026-05-13T15:28:42.825732+00:00,RUN-REAL-ESS-20260513-002,FIDELITY,SecurityExtract_ESS_2026May13.csv,CVGI,STARMINE_COVERED,2,Immutable partition append from ESS normalization output; numeric provenance preserved.
RUN-REAL-ESS-20260513-002:2026-05-13:CGEN:STARMINE_COVERED,2026-05-13,2026-05-13T15:28:42.825732+00:00,RUN-REAL-ESS-20260513-002,FIDELITY,SecurityExtract_ESS_2026May13.csv,CGEN,STARMINE_COVERED,2,Immutable partition append from ESS normalization output; numeric provenance preserved.
RUN-REAL-ESS-20260513-002:2026-05-13:CIX:STARMINE_COVERED,2026-05-13,2026-05-13T15:28:42.825732+00:00,RUN-REAL-ESS-20260513-002,FIDELITY,SecurityExtract_ESS_2026May13.csv,CIX,STARMINE_COVERED,2,Immutable partition append from ESS normalization output; numeric provenance preserved.
RUN-REAL-ESS-20260513-002:2026-05-13:CRK:STARMINE_COVERED,2026-05-13,2026-05-13T15:28:42.825732+00:00,RUN-REAL-ESS-20260513-002,FIDELITY,SecurityExtract_ESS_2026May13.csv,CRK,STARMINE_COVERED,2,Immutable partition append from ESS normalization output; numeric provenance preserved.
RUN-REAL-ESS-20260513-002:2026-05-13:CNDT:STARMINE_COVERED,2026-05-13,2026-05-13T15:28:42.825732+00:00,RUN-REAL-ESS-20260513-002,FIDELITY,SecurityExtract_ESS_2026May13.csv,CNDT,STARMINE_COVERED,2,Immutable partition append from ESS normalization output; numeric provenance preserved.
RUN-REAL-ESS-20260513-002:2026-05-13:CNMD:STARMINE_COVERED,2026-05-13,2026-05-13T15:28:42.825732+00:00,RUN-REAL-ESS-20260513-002,FIDELITY,SecurityExtract_ESS_2026May13.csv,CNMD,STARMINE_COVERED,2,Immutable partition append from ESS normalization output; numeric provenance preserved.
RUN-REAL-ESS-20260513-002:2026-05-13:COP:STARMINE_COVERED,2026-05-13,2026-05-13T15:28:42.825732+00:00,RUN-REAL-ESS-20260513-002,FIDELITY,SecurityExtract_ESS_2026May13.csv,COP,STARMINE_COVERED,2,Immutable partition append from ESS normalization output; numeric provenance preserved.
RUN-REAL-ESS-20260513-002:2026-05-13:CNM:STARMINE_COVERED,2026-05-13,2026-05-13T15:28:42.825732+00:00,RUN-REAL-ESS-20260513-002,FIDELITY,SecurityExtract_ESS_2026May13.csv,CNM,STARMINE_COVERED,2,Immutable partition append from ESS normalization output; numeric provenance preserved.
RUN-REAL-ESS-20260513-002:2026-05-13:CRSR:STARMINE_COVERED,2026-05-13,2026-05-13T15:28:42.825732+00:00,RUN-REAL-ESS-20260513-002,FIDELITY,SecurityExtract_ESS_2026May13.csv,CRSR,STARMINE_COVERED,2,Immutable partition append from ESS normalization output; numeric provenance preserved.
RUN-REAL-ESS-20260513-002:2026-05-13:CTVA:STARMINE_COVERED,2026-05-13,2026-05-13T15:28:42.825732+00:00,RUN-REAL-ESS-20260513-002,FIDELITY,SecurityExtract_ESS_2026May13.csv,CTVA,STARMINE_COVERED,2,Immutable partition append from ESS normalization output; numeric provenance preserved.
RUN-REAL-ESS-20260513-002:2026-05-13:CRVL:STARMINE_COVERED,2026-05-13,2026-05-13T15:28:42.825732+00:00,RUN-REAL-ESS-20260513-002,FIDELITY,SecurityExtract_ESS_2026May13.csv,CRVL,STARMINE_COVERED,2,Immutable partition append from ESS normalization output; numeric provenance preserved.
RUN-REAL-ESS-20260513-002:2026-05-13:CMRE:STARMINE_COVERED,2026-05-13,2026-05-13T15:28:42.825732+00:00,RUN-REAL-ESS-20260513-002,FIDELITY,SecurityExtract_ESS_2026May13.csv,CMRE,STARMINE_COVERED,2,Immutable partition append from ESS normalization output; numeric provenance preserved.
RUN-REAL-ESS-20260513-002:2026-05-13:CUZ:STARMINE_COVERED,2026-05-13,2026-05-13T15:28:42.825732+00:00,RUN-REAL-ESS-20260513-002,FIDELITY,SecurityExtract_ESS_2026May13.csv,CUZ,STARMINE_COVERED,2,Immutable partition append from ESS normalization output; numeric provenance preserved.
RUN-REAL-ESS-20260513-002:2026-05-13:CVLG:STARMINE_COVERED,2026-05-13,2026-05-13T15:28:42.825732+00:00,RUN-REAL-ESS-20260513-002,FIDELITY,SecurityExtract_ESS_2026May13.csv,CVLG,STARMINE_COVERED,2,Immutable partition append from ESS normalization output; numeric provenance preserved.
RUN-REAL-ESS-20260513-002:2026-05-13:PMTS:STARMINE_COVERED,2026-05-13,2026-05-13T15:28:42.825732+00:00,RUN-REAL-ESS-20260513-002,FIDELITY,SecurityExtract_ESS_2026May13.csv,PMTS,STARMINE_COVERED,2,Immutable partition append from ESS normalization output; numeric provenance preserved.
RUN-REAL-ESS-20260513-002:2026-05-13:CRAI:STARMINE_COVERED,2026-05-13,2026-05-13T15:28:42.825732+00:00,RUN-REAL-ESS-20260513-002,FIDELITY,SecurityExtract_ESS_2026May13.csv,CRAI,STARMINE_COVERED,2,Immutable partition append from ESS normalization output; numeric provenance preserved.
RUN-REAL-ESS-20260513-002:2026-05-13:CSGS:STARMINE_COVERED,2026-05-13,2026-05-13T15:28:42.825732+00:00,RUN-REAL-ESS-20260513-002,FIDELITY,SecurityExtract_ESS_2026May13.csv,CSGS,STARMINE_COVERED,2,Immutable partition append from ESS normalization output; numeric provenance preserved.
RUN-REAL-ESS-20260513-002:2026-05-13:CUBE:STARMINE_COVERED,2026-05-13,2026-05-13T15:28:42.825732+00:00,RUN-REAL-ESS-20260513-002,FIDELITY,SecurityExtract_ESS_2026May13.csv,CUBE,STARMINE_COVERED,2,Immutable partition append from ESS normalization output; numeric provenance preserved.
RUN-REAL-ESS-20260513-002:2026-05-13:CMI:STARMINE_COVERED,2026-05-13,2026-05-13T15:28:42.825732+00:00,RUN-REAL-ESS-20260513-002,FIDELITY,SecurityExtract_ESS_2026May13.csv,CMI,STARMINE_COVERED,2,Immutable partition append from ESS normalization output; numeric provenance preserved.
RUN-REAL-ESS-20260513-002:2026-05-13:CW:STARMINE_COVERED,2026-05-13,2026-05-13T15:28:42.825732+00:00,RUN-REAL-ESS-20260513-002,FIDELITY,SecurityExtract_ESS_2026May13.csv,CW,STARMINE_COVERED,2,Immutable partition append from ESS normalization output; numeric provenance preserved.
RUN-REAL-ESS-20260513-002:2026-05-13:CWK:STARMINE_COVERED,2026-05-13,2026-05-13T15:28:42.825732+00:00,RUN-REAL-ESS-20260513-002,FIDELITY,SecurityExtract_ESS_2026May13.csv,CWK,STARMINE_COVERED,2,Immutable partition append from ESS normalization output; numeric provenance preserved.
RUN-REAL-ESS-20260513-002:2026-05-13:DK:STARMINE_COVERED,2026-05-13,2026-05-13T15:28:42.825732+00:00,RUN-REAL-ESS-20260513-002,FIDELITY,SecurityExtract_ESS_2026May13.csv,DK,STARMINE_COVERED,2,Immutable partition append from ESS normalization output; numeric provenance preserved.
RUN-REAL-ESS-20260513-002:2026-05-13:DAL:STARMINE_COVERED,2026-05-13,2026-05-13T15:28:42.825732+00:00,RUN-REAL-ESS-20260513-002,FIDELITY,SecurityExtract_ESS_2026May13.csv,DAL,STARMINE_COVERED,2,Immutable partition append from ESS normalization output; numeric provenance preserved.
RUN-REAL-ESS-20260513-002:2026-05-13:DLX:STARMINE_COVERED,2026-05-13,2026-05-13T15:28:42.825732+00:00,RUN-REAL-ESS-20260513-002,FIDELITY,SecurityExtract_ESS_2026May13.csv,DLX,STARMINE_COVERED,2,Immutable partition append from ESS normalization output; numeric provenance preserved.
RUN-REAL-ESS-20260513-002:2026-05-13:DBI:STARMINE_COVERED,2026-05-13,2026-05-13T15:28:42.825732+00:00,RUN-REAL-ESS-20260513-002,FIDELITY,SecurityExtract_ESS_2026May13.csv,DBI,STARMINE_COVERED,2,Immutable partition append from ESS normalization output; numeric provenance preserved.
RUN-REAL-ESS-20260513-002:2026-05-13:FANG:STARMINE_COVERED,2026-05-13,2026-05-13T15:28:42.825732+00:00,RUN-REAL-ESS-20260513-002,FIDELITY,SecurityExtract_ESS_2026May13.csv,FANG,STARMINE_COVERED,2,Immutable partition append from ESS normalization output; numeric provenance preserved.
RUN-REAL-ESS-20260513-002:2026-05-13:DRH:STARMINE_COVERED,2026-05-13,2026-05-13T15:28:42.825732+00:00,RUN-REAL-ESS-20260513-002,FIDELITY,SecurityExtract_ESS_2026May13.csv,DRH,STARMINE_COVERED,2,Immutable partition append from ESS normalization output; numeric provenance preserved.
RUN-REAL-ESS-20260513-002:2026-05-13:DLR:STARMINE_COVERED,2026-05-13,2026-05-13T15:28:42.825732+00:00,RUN-REAL-ESS-20260513-002,FIDELITY,SecurityExtract_ESS_2026May13.csv,DLR,STARMINE_COVERED,2,Immutable partition append from ESS normalization output; numeric provenance preserved.
RUN-REAL-ESS-20260513-002:2026-05-13:DOCN:STARMINE_COVERED,2026-05-13,2026-05-13T15:28:42.825732+00:00,RUN-REAL-ESS-20260513-002,FIDELITY,SecurityExtract_ESS_2026May13.csv,DOCN,STARMINE_COVERED,2,Immutable partition append from ESS normalization output; numeric provenance preserved.
RUN-REAL-ESS-20260513-002:2026-05-13:DIOD:STARMINE_COVERED,2026-05-13,2026-05-13T15:28:42.825732+00:00,RUN-REAL-ESS-20260513-002,FIDELITY,SecurityExtract_ESS_2026May13.csv,DIOD,STARMINE_COVERED,2,Immutable partition append from ESS normalization output; numeric provenance preserved.
RUN-REAL-ESS-20260513-002:2026-05-13:DHC:STARMINE_COVERED,2026-05-13,2026-05-13T15:28:42.825732+00:00,RUN-REAL-ESS-20260513-002,FIDELITY,SecurityExtract_ESS_2026May13.csv,DHC,STARMINE_COVERED,2,Immutable partition append from ESS normalization output; numeric provenance preserved.
RUN-REAL-ESS-20260513-002:2026-05-13:DOMO:STARMINE_COVERED,2026-05-13,2026-05-13T15:28:42.825732+00:00,RUN-REAL-ESS-20260513-002,FIDELITY,SecurityExtract_ESS_2026May13.csv,DOMO,STARMINE_COVERED,2,Immutable partition append from ESS normalization output; numeric provenance preserved.
RUN-REAL-ESS-20260513-002:2026-05-13:DGICA:STARMINE_COVERED,2026-05-13,2026-05-13T15:28:42.825732+00:00,RUN-REAL-ESS-20260513-002,FIDELITY,SecurityExtract_ESS_2026May13.csv,DGICA,STARMINE_COVERED,2,Immutable partition append from ESS normalization output; numeric provenance preserved.
RUN-REAL-ESS-20260513-002:2026-05-13:PLOW:STARMINE_COVERED,2026-05-13,2026-05-13T15:28:42.825732+00:00,RUN-REAL-ESS-20260513-002,FIDELITY,SecurityExtract_ESS_2026May13.csv,PLOW,STARMINE_COVERED,2,Immutable partition append from ESS normalization output; numeric provenance preserved.
RUN-REAL-ESS-20260513-002:2026-05-13:DOV:STARMINE_COVERED,2026-05-13,2026-05-13T15:28:42.825732+00:00,RUN-REAL-ESS-20260513-002,FIDELITY,SecurityExtract_ESS_2026May13.csv,DOV,STARMINE_COVERED,2,Immutable partition append from ESS normalization output; numeric provenance preserved.
RUN-REAL-ESS-20260513-002:2026-05-13:RDY:STARMINE_COVERED,2026-05-13,2026-05-13T15:28:42.825732+00:00,RUN-REAL-ESS-20260513-002,FIDELITY,SecurityExtract_ESS_2026May13.csv,RDY,STARMINE_COVERED,2,Immutable partition append from ESS normalization output; numeric provenance preserved.
RUN-REAL-ESS-20260513-002:2026-05-13:DLTH:STARMINE_COVERED,2026-05-13,2026-05-13T15:28:42.825732+00:00,RUN-REAL-ESS-20260513-002,FIDELITY,SecurityExtract_ESS_2026May13.csv,DLTH,STARMINE_COVERED,2,Immutable partition append from ESS normalization output; numeric provenance preserved.
RUN-REAL-ESS-20260513-002:2026-05-13:EWBC:STARMINE_COVERED,2026-05-13,2026-05-13T15:28:42.825732+00:00,RUN-REAL-ESS-20260513-002,FIDELITY,SecurityExtract_ESS_2026May13.csv,EWBC,STARMINE_COVERED,2,Immutable partition append from ESS normalization output; numeric provenance preserved.
RUN-REAL-ESS-20260513-002:2026-05-13:EML:STARMINE_COVERED,2026-05-13,2026-05-13T15:28:42.825732+00:00,RUN-REAL-ESS-20260513-002,FIDELITY,SecurityExtract_ESS_2026May13.csv,EML,STARMINE_COVERED,2,Immutable partition append from ESS normalization output; numeric provenance preserved.
RUN-REAL-ESS-20260513-002:2026-05-13:EGP:STARMINE_COVERED,2026-05-13,2026-05-13T15:28:42.825732+00:00,RUN-REAL-ESS-20260513-002,FIDELITY,SecurityExtract_ESS_2026May13.csv,EGP,STARMINE_COVERED,2,Immutable partition append from ESS normalization output; numeric provenance preserved.
RUN-REAL-ESS-20260513-002:2026-05-13:ETN:STARMINE_COVERED,2026-05-13,2026-05-13T15:28:42.825732+00:00,RUN-REAL-ESS-20260513-002,FIDELITY,SecurityExtract_ESS_2026May13.csv,ETN,STARMINE_COVERED,2,Immutable partition append from ESS normalization output; numeric provenance preserved.
RUN-REAL-ESS-20260513-002:2026-05-13:ECVT:STARMINE_COVERED,2026-05-13,2026-05-13T15:28:42.825732+00:00,RUN-REAL-ESS-20260513-002,FIDELITY,SecurityExtract_ESS_2026May13.csv,ECVT,STARMINE_COVERED,2,Immutable partition append from ESS normalization output; numeric provenance preserved.
RUN-REAL-ESS-20260513-002:2026-05-13:EIX:STARMINE_COVERED,2026-05-13,2026-05-13T15:28:42.825732+00:00,RUN-REAL-ESS-20260513-002,FIDELITY,SecurityExtract_ESS_2026May13.csv,EIX,STARMINE_COVERED,2,Immutable partition append from ESS normalization output; numeric provenance preserved.
RUN-REAL-ESS-20260513-002:2026-05-13:EBS:STARMINE_COVERED,2026-05-13,2026-05-13T15:28:42.825732+00:00,RUN-REAL-ESS-20260513-002,FIDELITY,SecurityExtract_ESS_2026May13.csv,EBS,STARMINE_COVERED,2,Immutable partition append from ESS normalization output; numeric provenance preserved.
RUN-REAL-ESS-20260513-002:2026-05-13:ACT:STARMINE_COVERED,2026-05-13,2026-05-13T15:28:42.825732+00:00,RUN-REAL-ESS-20260513-002,FIDELITY,SecurityExtract_ESS_2026May13.csv,ACT,STARMINE_COVERED,2,Immutable partition append from ESS normalization output; numeric provenance preserved.
RUN-REAL-ESS-20260513-002:2026-05-13:ENB:STARMINE_COVERED,2026-05-13,2026-05-13T15:28:42.825732+00:00,RUN-REAL-ESS-20260513-002,FIDELITY,SecurityExtract_ESS_2026May13.csv,ENB,STARMINE_COVERED,2,Immutable partition append from ESS normalization output; numeric provenance preserved.
RUN-REAL-ESS-20260513-002:2026-05-13:EHC:STARMINE_COVERED,2026-05-13,2026-05-13T15:28:42.825732+00:00,RUN-REAL-ESS-20260513-002,FIDELITY,SecurityExtract_ESS_2026May13.csv,EHC,STARMINE_COVERED,2,Immutable partition append from ESS normalization output; numeric provenance preserved.
RUN-REAL-ESS-20260513-002:2026-05-13:ET:STARMINE_COVERED,2026-05-13,2026-05-13T15:28:42.825732+00:00,RUN-REAL-ESS-20260513-002,FIDELITY,SecurityExtract_ESS_2026May13.csv,ET,STARMINE_COVERED,2,Immutable partition append from ESS normalization output; numeric provenance preserved.
RUN-REAL-ESS-20260513-002:2026-05-13:EBF:STARMINE_COVERED,2026-05-13,2026-05-13T15:28:42.825732+00:00,RUN-REAL-ESS-20260513-002,FIDELITY,SecurityExtract_ESS_2026May13.csv,EBF,STARMINE_COVERED,2,Immutable partition append from ESS normalization output; numeric provenance preserved.
RUN-REAL-ESS-20260513-002:2026-05-13:ENVA:STARMINE_COVERED,2026-05-13,2026-05-13T15:28:42.825732+00:00,RUN-REAL-ESS-20260513-002,FIDELITY,SecurityExtract_ESS_2026May13.csv,ENVA,STARMINE_COVERED,2,Immutable partition append from ESS normalization output; numeric provenance preserved.
RUN-REAL-ESS-20260513-002:2026-05-13:ENOV:STARMINE_COVERED,2026-05-13,2026-05-13T15:28:42.825732+00:00,RUN-REAL-ESS-20260513-002,FIDELITY,SecurityExtract_ESS_2026May13.csv,ENOV,STARMINE_COVERED,2,Immutable partition append from ESS normalization output; numeric provenance preserved.
RUN-REAL-ESS-20260513-002:2026-05-13:PLUS:STARMINE_COVERED,2026-05-13,2026-05-13T15:28:42.825732+00:00,RUN-REAL-ESS-20260513-002,FIDELITY,SecurityExtract_ESS_2026May13.csv,PLUS,STARMINE_COVERED,2,Immutable partition append from ESS normalization output; numeric provenance preserved.
RUN-REAL-ESS-20260513-002:2026-05-13:EPR:STARMINE_COVERED,2026-05-13,2026-05-13T15:28:42.825732+00:00,RUN-REAL-ESS-20260513-002,FIDELITY,SecurityExtract_ESS_2026May13.csv,EPR,STARMINE_COVERED,2,Immutable partition append from ESS normalization output; numeric provenance preserved.
RUN-REAL-ESS-20260513-002:2026-05-13:EQR:STARMINE_COVERED,2026-05-13,2026-05-13T15:28:42.825732+00:00,RUN-REAL-ESS-20260513-002,FIDELITY,SecurityExtract_ESS_2026May13.csv,EQR,STARMINE_COVERED,2,Immutable partition append from ESS normalization output; numeric provenance preserved.
RUN-REAL-ESS-20260513-002:2026-05-13:ESCA:STARMINE_COVERED,2026-05-13,2026-05-13T15:28:42.825732+00:00,RUN-REAL-ESS-20260513-002,FIDELITY,SecurityExtract_ESS_2026May13.csv,ESCA,STARMINE_COVERED,2,Immutable partition append from ESS normalization output; numeric provenance preserved.
RUN-REAL-ESS-20260513-002:2026-05-13:ESNT:STARMINE_COVERED,2026-05-13,2026-05-13T15:28:42.825732+00:00,RUN-REAL-ESS-20260513-002,FIDELITY,SecurityExtract_ESS_2026May13.csv,ESNT,STARMINE_COVERED,2,Immutable partition append from ESS normalization output; numeric provenance preserved.
RUN-REAL-ESS-20260513-002:2026-05-13:EEFT:STARMINE_COVERED,2026-05-13,2026-05-13T15:28:42.825732+00:00,RUN-REAL-ESS-20260513-002,FIDELITY,SecurityExtract_ESS_2026May13.csv,EEFT,STARMINE_COVERED,2,Immutable partition append from ESS normalization output; numeric provenance preserved.
RUN-REAL-ESS-20260513-002:2026-05-13:EVR:STARMINE_COVERED,2026-05-13,2026-05-13T15:28:42.825732+00:00,RUN-REAL-ESS-20260513-002,FIDELITY,SecurityExtract_ESS_2026May13.csv,EVR,STARMINE_COVERED,2,Immutable partition append from ESS normalization output; numeric provenance preserved.
RUN-REAL-ESS-20260513-002:2026-05-13:ES:STARMINE_COVERED,2026-05-13,2026-05-13T15:28:42.825732+00:00,RUN-REAL-ESS-20260513-002,FIDELITY,SecurityExtract_ESS_2026May13.csv,ES,STARMINE_COVERED,2,Immutable partition append from ESS normalization output; numeric provenance preserved.
RUN-REAL-ESS-20260513-002:2026-05-13:EPM:STARMINE_COVERED,2026-05-13,2026-05-13T15:28:42.825732+00:00,RUN-REAL-ESS-20260513-002,FIDELITY,SecurityExtract_ESS_2026May13.csv,EPM,STARMINE_COVERED,2,Immutable partition append from ESS normalization output; numeric provenance preserved.
RUN-REAL-ESS-20260513-002:2026-05-13:EXC:STARMINE_COVERED,2026-05-13,2026-05-13T15:28:42.825732+00:00,RUN-REAL-ESS-20260513-002,FIDELITY,SecurityExtract_ESS_2026May13.csv,EXC,STARMINE_COVERED,2,Immutable partition append from ESS normalization output; numeric provenance preserved.
RUN-REAL-ESS-20260513-002:2026-05-13:EXE:STARMINE_COVERED,2026-05-13,2026-05-13T15:28:42.825732+00:00,RUN-REAL-ESS-20260513-002,FIDELITY,SecurityExtract_ESS_2026May13.csv,EXE,STARMINE_COVERED,2,Immutable partition append from ESS normalization output; numeric provenance preserved.
RUN-REAL-ESS-20260513-002:2026-05-13:EXR:STARMINE_COVERED,2026-05-13,2026-05-13T15:28:42.825732+00:00,RUN-REAL-ESS-20260513-002,FIDELITY,SecurityExtract_ESS_2026May13.csv,EXR,STARMINE_COVERED,2,Immutable partition append from ESS normalization output; numeric provenance preserved.
RUN-REAL-ESS-20260513-002:2026-05-13:XOM:STARMINE_COVERED,2026-05-13,2026-05-13T15:28:42.825732+00:00,RUN-REAL-ESS-20260513-002,FIDELITY,SecurityExtract_ESS_2026May13.csv,XOM,STARMINE_COVERED,2,Immutable partition append from ESS normalization output; numeric provenance preserved.
RUN-REAL-ESS-20260513-002:2026-05-13:FSLY:STARMINE_COVERED,2026-05-13,2026-05-13T15:28:42.825732+00:00,RUN-REAL-ESS-20260513-002,FIDELITY,SecurityExtract_ESS_2026May13.csv,FSLY,STARMINE_COVERED,2,Immutable partition append from ESS normalization output; numeric provenance preserved.
RUN-REAL-ESS-20260513-002:2026-05-13:FHI:STARMINE_COVERED,2026-05-13,2026-05-13T15:28:42.825732+00:00,RUN-REAL-ESS-20260513-002,FIDELITY,SecurityExtract_ESS_2026May13.csv,FHI,STARMINE_COVERED,2,Immutable partition append from ESS normalization output; numeric provenance preserved.
RUN-REAL-ESS-20260513-002:2026-05-13:FDX:STARMINE_COVERED,2026-05-13,2026-05-13T15:28:42.825732+00:00,RUN-REAL-ESS-20260513-002,FIDELITY,SecurityExtract_ESS_2026May13.csv,FDX,STARMINE_COVERED,2,Immutable partition append from ESS normalization output; numeric provenance preserved.
RUN-REAL-ESS-20260513-002:2026-05-13:FE:STARMINE_COVERED,2026-05-13,2026-05-13T15:28:42.825732+00:00,RUN-REAL-ESS-20260513-002,FIDELITY,SecurityExtract_ESS_2026May13.csv,FE,STARMINE_COVERED,2,Immutable partition append from ESS normalization output; numeric provenance preserved.
RUN-REAL-ESS-20260513-002:2026-05-13:FIVE:STARMINE_COVERED,2026-05-13,2026-05-13T15:28:42.825732+00:00,RUN-REAL-ESS-20260513-002,FIDELITY,SecurityExtract_ESS_2026May13.csv,FIVE,STARMINE_COVERED,2,Immutable partition append from ESS normalization output; numeric provenance preserved.
RUN-REAL-ESS-20260513-002:2026-05-13:FELE:STARMINE_COVERED,2026-05-13,2026-05-13T15:28:42.825732+00:00,RUN-REAL-ESS-20260513-002,FIDELITY,SecurityExtract_ESS_2026May13.csv,FELE,STARMINE_COVERED,2,Immutable partition append from ESS normalization output; numeric provenance preserved.
RUN-REAL-ESS-20260513-002:2026-05-13:FMS:STARMINE_COVERED,2026-05-13,2026-05-13T15:28:42.825732+00:00,RUN-REAL-ESS-20260513-002,FIDELITY,SecurityExtract_ESS_2026May13.csv,FMS,STARMINE_COVERED,2,Immutable partition append from ESS normalization output; numeric provenance preserved.
RUN-REAL-ESS-20260513-002:2026-05-13:FSBW:STARMINE_COVERED,2026-05-13,2026-05-13T15:28:42.825732+00:00,RUN-REAL-ESS-20260513-002,FIDELITY,SecurityExtract_ESS_2026May13.csv,FSBW,STARMINE_COVERED,2,Immutable partition append from ESS normalization output; numeric provenance preserved.
RUN-REAL-ESS-20260513-002:2026-05-13:FUBO:STARMINE_COVERED,2026-05-13,2026-05-13T15:28:42.825732+00:00,RUN-REAL-ESS-20260513-002,FIDELITY,SecurityExtract_ESS_2026May13.csv,FUBO,STARMINE_COVERED,2,Immutable partition append from ESS normalization output; numeric provenance preserved.
RUN-REAL-ESS-20260513-002:2026-05-13:FULT:STARMINE_COVERED,2026-05-13,2026-05-13T15:28:42.825732+00:00,RUN-REAL-ESS-20260513-002,FIDELITY,SecurityExtract_ESS_2026May13.csv,FULT,STARMINE_COVERED,2,Immutable partition append from ESS normalization output; numeric provenance preserved.
RUN-REAL-ESS-20260513-002:2026-05-13:GLPI:STARMINE_COVERED,2026-05-13,2026-05-13T15:28:42.825732+00:00,RUN-REAL-ESS-20260513-002,FIDELITY,SecurityExtract_ESS_2026May13.csv,GLPI,STARMINE_COVERED,2,Immutable partition append from ESS normalization output; numeric provenance preserved.
RUN-REAL-ESS-20260513-002:2026-05-13:GEV:STARMINE_COVERED,2026-05-13,2026-05-13T15:28:42.825732+00:00,RUN-REAL-ESS-20260513-002,FIDELITY,SecurityExtract_ESS_2026May13.csv,GEV,STARMINE_COVERED,2,Immutable partition append from ESS normalization output; numeric provenance preserved.
RUN-REAL-ESS-20260513-002:2026-05-13:GNRC:STARMINE_COVERED,2026-05-13,2026-05-13T15:28:42.825732+00:00,RUN-REAL-ESS-20260513-002,FIDELITY,SecurityExtract_ESS_2026May13.csv,GNRC,STARMINE_COVERED,2,Immutable partition append from ESS normalization output; numeric provenance preserved.
RUN-REAL-ESS-20260513-002:2026-05-13:GCO:STARMINE_COVERED,2026-05-13,2026-05-13T15:28:42.825732+00:00,RUN-REAL-ESS-20260513-002,FIDELITY,SecurityExtract_ESS_2026May13.csv,GCO,STARMINE_COVERED,2,Immutable partition append from ESS normalization output; numeric provenance preserved.
RUN-REAL-ESS-20260513-002:2026-05-13:GILD:STARMINE_COVERED,2026-05-13,2026-05-13T15:28:42.825732+00:00,RUN-REAL-ESS-20260513-002,FIDELITY,SecurityExtract_ESS_2026May13.csv,GILD,STARMINE_COVERED,2,Immutable partition append from ESS normalization output; numeric provenance preserved.
RUN-REAL-ESS-20260513-002:2026-05-13:LAND:STARMINE_COVERED,2026-05-13,2026-05-13T15:28:42.825732+00:00,RUN-REAL-ESS-20260513-002,FIDELITY,SecurityExtract_ESS_2026May13.csv,LAND,STARMINE_COVERED,2,Immutable partition append from ESS normalization output; numeric provenance preserved.
RUN-REAL-ESS-20260513-002:2026-05-13:GFS:STARMINE_COVERED,2026-05-13,2026-05-13T15:28:42.825732+00:00,RUN-REAL-ESS-20260513-002,FIDELITY,SecurityExtract_ESS_2026May13.csv,GFS,STARMINE_COVERED,2,Immutable partition append from ESS normalization output; numeric provenance preserved.
RUN-REAL-ESS-20260513-002:2026-05-13:GORO:STARMINE_COVERED,2026-05-13,2026-05-13T15:28:42.825732+00:00,RUN-REAL-ESS-20260513-002,FIDELITY,SecurityExtract_ESS_2026May13.csv,GORO,STARMINE_COVERED,2,Immutable partition append from ESS normalization output; numeric provenance preserved.
RUN-REAL-ESS-20260513-002:2026-05-13:GHM:STARMINE_COVERED,2026-05-13,2026-05-13T15:28:42.825732+00:00,RUN-REAL-ESS-20260513-002,FIDELITY,SecurityExtract_ESS_2026May13.csv,GHM,STARMINE_COVERED,2,Immutable partition append from ESS normalization output; numeric provenance preserved.
RUN-REAL-ESS-20260513-002:2026-05-13:GWW:STARMINE_COVERED,2026-05-13,2026-05-13T15:28:42.825732+00:00,RUN-REAL-ESS-20260513-002,FIDELITY,SecurityExtract_ESS_2026May13.csv,GWW,STARMINE_COVERED,2,Immutable partition append from ESS normalization output; numeric provenance preserved.
RUN-REAL-ESS-20260513-002:2026-05-13:GSBC:STARMINE_COVERED,2026-05-13,2026-05-13T15:28:42.825732+00:00,RUN-REAL-ESS-20260513-002,FIDELITY,SecurityExtract_ESS_2026May13.csv,GSBC,STARMINE_COVERED,2,Immutable partition append from ESS normalization output; numeric provenance preserved.
RUN-REAL-ESS-20260513-002:2026-05-13:GPRE:STARMINE_COVERED,2026-05-13,2026-05-13T15:28:42.825732+00:00,RUN-REAL-ESS-20260513-002,FIDELITY,SecurityExtract_ESS_2026May13.csv,GPRE,STARMINE_COVERED,2,Immutable partition append from ESS normalization output; numeric provenance preserved.
RUN-REAL-ESS-20260513-002:2026-05-13:GFF:STARMINE_COVERED,2026-05-13,2026-05-13T15:28:42.825732+00:00,RUN-REAL-ESS-20260513-002,FIDELITY,SecurityExtract_ESS_2026May13.csv,GFF,STARMINE_COVERED,2,Immutable partition append from ESS normalization output; numeric provenance preserved.
RUN-REAL-ESS-20260513-002:2026-05-13:GSK:STARMINE_COVERED,2026-05-13,2026-05-13T15:28:42.825732+00:00,RUN-REAL-ESS-20260513-002,FIDELITY,SecurityExtract_ESS_2026May13.csv,GSK,STARMINE_COVERED,2,Immutable partition append from ESS normalization output; numeric provenance preserved.
RUN-REAL-ESS-20260513-002:2026-05-13:HTHT:STARMINE_COVERED,2026-05-13,2026-05-13T15:28:42.825732+00:00,RUN-REAL-ESS-20260513-002,FIDELITY,SecurityExtract_ESS_2026May13.csv,HTHT,STARMINE_COVERED,2,Immutable partition append from ESS normalization output; numeric provenance preserved.
RUN-REAL-ESS-20260513-002:2026-05-13:HRB:STARMINE_COVERED,2026-05-13,2026-05-13T15:28:42.825732+00:00,RUN-REAL-ESS-20260513-002,FIDELITY,SecurityExtract_ESS_2026May13.csv,HRB,STARMINE_COVERED,2,Immutable partition append from ESS normalization output; numeric provenance preserved.
RUN-REAL-ESS-20260513-002:2026-05-13:HAL:STARMINE_COVERED,2026-05-13,2026-05-13T15:28:42.825732+00:00,RUN-REAL-ESS-20260513-002,FIDELITY,SecurityExtract_ESS_2026May13.csv,HAL,STARMINE_COVERED,2,Immutable partition append from ESS normalization output; numeric provenance preserved.
RUN-REAL-ESS-20260513-002:2026-05-13:HALO:STARMINE_COVERED,2026-05-13,2026-05-13T15:28:42.825732+00:00,RUN-REAL-ESS-20260513-002,FIDELITY,SecurityExtract_ESS_2026May13.csv,HALO,STARMINE_COVERED,2,Immutable partition append from ESS normalization output; numeric provenance preserved.
RUN-REAL-ESS-20260513-002:2026-05-13:HLNE:STARMINE_COVERED,2026-05-13,2026-05-13T15:28:42.825732+00:00,RUN-REAL-ESS-20260513-002,FIDELITY,SecurityExtract_ESS_2026May13.csv,HLNE,STARMINE_COVERED,2,Immutable partition append from ESS normalization output; numeric provenance preserved.
RUN-REAL-ESS-20260513-002:2026-05-13:HRMY:STARMINE_COVERED,2026-05-13,2026-05-13T15:28:42.825732+00:00,RUN-REAL-ESS-20260513-002,FIDELITY,SecurityExtract_ESS_2026May13.csv,HRMY,STARMINE_COVERED,2,Immutable partition append from ESS normalization output; numeric provenance preserved.
RUN-REAL-ESS-20260513-002:2026-05-13:HIG:STARMINE_COVERED,2026-05-13,2026-05-13T15:28:42.825732+00:00,RUN-REAL-ESS-20260513-002,FIDELITY,SecurityExtract_ESS_2026May13.csv,HIG,STARMINE_COVERED,2,Immutable partition append from ESS normalization output; numeric provenance preserved.
RUN-REAL-ESS-20260513-002:2026-05-13:HCI:STARMINE_COVERED,2026-05-13,2026-05-13T15:28:42.825732+00:00,RUN-REAL-ESS-20260513-002,FIDELITY,SecurityExtract_ESS_2026May13.csv,HCI,STARMINE_COVERED,2,Immutable partition append from ESS normalization output; numeric provenance preserved.
RUN-REAL-ESS-20260513-002:2026-05-13:HQY:STARMINE_COVERED,2026-05-13,2026-05-13T15:28:42.825732+00:00,RUN-REAL-ESS-20260513-002,FIDELITY,SecurityExtract_ESS_2026May13.csv,HQY,STARMINE_COVERED,2,Immutable partition append from ESS normalization output; numeric provenance preserved.
RUN-REAL-ESS-20260513-002:2026-05-13:HSTM:STARMINE_COVERED,2026-05-13,2026-05-13T15:28:42.825732+00:00,RUN-REAL-ESS-20260513-002,FIDELITY,SecurityExtract_ESS_2026May13.csv,HSTM,STARMINE_COVERED,2,Immutable partition append from ESS normalization output; numeric provenance preserved.
RUN-REAL-ESS-20260513-002:2026-05-13:HTLD:STARMINE_COVERED,2026-05-13,2026-05-13T15:28:42.825732+00:00,RUN-REAL-ESS-20260513-002,FIDELITY,SecurityExtract_ESS_2026May13.csv,HTLD,STARMINE_COVERED,2,Immutable partition append from ESS normalization output; numeric provenance preserved.
RUN-REAL-ESS-20260513-002:2026-05-13:HP:STARMINE_COVERED,2026-05-13,2026-05-13T15:28:42.825732+00:00,RUN-REAL-ESS-20260513-002,FIDELITY,SecurityExtract_ESS_2026May13.csv,HP,STARMINE_COVERED,2,Immutable partition append from ESS normalization output; numeric provenance preserved.
RUN-REAL-ESS-20260513-002:2026-05-13:HRTX:STARMINE_COVERED,2026-05-13,2026-05-13T15:28:42.825732+00:00,RUN-REAL-ESS-20260513-002,FIDELITY,SecurityExtract_ESS_2026May13.csv,HRTX,STARMINE_COVERED,2,Immutable partition append from ESS normalization output; numeric provenance preserved.
RUN-REAL-ESS-20260513-002:2026-05-13:HESM:STARMINE_COVERED,2026-05-13,2026-05-13T15:28:42.825732+00:00,RUN-REAL-ESS-20260513-002,FIDELITY,SecurityExtract_ESS_2026May13.csv,HESM,STARMINE_COVERED,2,Immutable partition append from ESS normalization output; numeric provenance preserved.
RUN-REAL-ESS-20260513-002:2026-05-13:HPE:STARMINE_COVERED,2026-05-13,2026-05-13T15:28:42.825732+00:00,RUN-REAL-ESS-20260513-002,FIDELITY,SecurityExtract_ESS_2026May13.csv,HPE,STARMINE_COVERED,2,Immutable partition append from ESS normalization output; numeric provenance preserved.
RUN-REAL-ESS-20260513-002:2026-05-13:HXL:STARMINE_COVERED,2026-05-13,2026-05-13T15:28:42.825732+00:00,RUN-REAL-ESS-20260513-002,FIDELITY,SecurityExtract_ESS_2026May13.csv,HXL,STARMINE_COVERED,2,Immutable partition append from ESS normalization output; numeric provenance preserved.
RUN-REAL-ESS-20260513-002:2026-05-13:HGV:STARMINE_COVERED,2026-05-13,2026-05-13T15:28:42.825732+00:00,RUN-REAL-ESS-20260513-002,FIDELITY,SecurityExtract_ESS_2026May13.csv,HGV,STARMINE_COVERED,2,Immutable partition append from ESS normalization output; numeric provenance preserved.
RUN-REAL-ESS-20260513-002:2026-05-13:HLT:STARMINE_COVERED,2026-05-13,2026-05-13T15:28:42.825732+00:00,RUN-REAL-ESS-20260513-002,FIDELITY,SecurityExtract_ESS_2026May13.csv,HLT,STARMINE_COVERED,2,Immutable partition append from ESS normalization output; numeric provenance preserved.
RUN-REAL-ESS-20260513-002:2026-05-13:HIMX:STARMINE_COVERED,2026-05-13,2026-05-13T15:28:42.825732+00:00,RUN-REAL-ESS-20260513-002,FIDELITY,SecurityExtract_ESS_2026May13.csv,HIMX,STARMINE_COVERED,2,Immutable partition append from ESS normalization output; numeric provenance preserved.
RUN-REAL-ESS-20260513-002:2026-05-13:HOMB:STARMINE_COVERED,2026-05-13,2026-05-13T15:28:42.825732+00:00,RUN-REAL-ESS-20260513-002,FIDELITY,SecurityExtract_ESS_2026May13.csv,HOMB,STARMINE_COVERED,2,Immutable partition append from ESS normalization output; numeric provenance preserved.
RUN-REAL-ESS-20260513-002:2026-05-13:ICFI:STARMINE_COVERED,2026-05-13,2026-05-13T15:28:42.825732+00:00,RUN-REAL-ESS-20260513-002,FIDELITY,SecurityExtract_ESS_2026May13.csv,ICFI,STARMINE_COVERED,2,Immutable partition append from ESS normalization output; numeric provenance preserved.
RUN-REAL-ESS-20260513-002:2026-05-13:ICLR:STARMINE_COVERED,2026-05-13,2026-05-13T15:28:42.825732+00:00,RUN-REAL-ESS-20260513-002,FIDELITY,SecurityExtract_ESS_2026May13.csv,ICLR,STARMINE_COVERED,2,Immutable partition append from ESS normalization output; numeric provenance preserved.
RUN-REAL-ESS-20260513-002:2026-05-13:IEX:STARMINE_COVERED,2026-05-13,2026-05-13T15:28:42.825732+00:00,RUN-REAL-ESS-20260513-002,FIDELITY,SecurityExtract_ESS_2026May13.csv,IEX,STARMINE_COVERED,2,Immutable partition append from ESS normalization output; numeric provenance preserved.
RUN-REAL-ESS-20260513-002:2026-05-13:IDXX:STARMINE_COVERED,2026-05-13,2026-05-13T15:28:42.825732+00:00,RUN-REAL-ESS-20260513-002,FIDELITY,SecurityExtract_ESS_2026May13.csv,IDXX,STARMINE_COVERED,2,Immutable partition append from ESS normalization output; numeric provenance preserved.
RUN-REAL-ESS-20260513-002:2026-05-13:INCY:STARMINE_COVERED,2026-05-13,2026-05-13T15:28:42.825732+00:00,RUN-REAL-ESS-20260513-002,FIDELITY,SecurityExtract_ESS_2026May13.csv,INCY,STARMINE_COVERED,2,Immutable partition append from ESS normalization output; numeric provenance preserved.
RUN-REAL-ESS-20260513-002:2026-05-13:INFU:STARMINE_COVERED,2026-05-13,2026-05-13T15:28:42.825732+00:00,RUN-REAL-ESS-20260513-002,FIDELITY,SecurityExtract_ESS_2026May13.csv,INFU,STARMINE_COVERED,2,Immutable partition append from ESS normalization output; numeric provenance preserved.
RUN-REAL-ESS-20260513-002:2026-05-13:NGVT:STARMINE_COVERED,2026-05-13,2026-05-13T15:28:42.825732+00:00,RUN-REAL-ESS-20260513-002,FIDELITY,SecurityExtract_ESS_2026May13.csv,NGVT,STARMINE_COVERED,2,Immutable partition append from ESS normalization output; numeric provenance preserved.
RUN-REAL-ESS-20260513-002:2026-05-13:IIPR:STARMINE_COVERED,2026-05-13,2026-05-13T15:28:42.825732+00:00,RUN-REAL-ESS-20260513-002,FIDELITY,SecurityExtract_ESS_2026May13.csv,IIPR,STARMINE_COVERED,2,Immutable partition append from ESS normalization output; numeric provenance preserved.
RUN-REAL-ESS-20260513-002:2026-05-13:ISSC:STARMINE_COVERED,2026-05-13,2026-05-13T15:28:42.825732+00:00,RUN-REAL-ESS-20260513-002,FIDELITY,SecurityExtract_ESS_2026May13.csv,ISSC,STARMINE_COVERED,2,Immutable partition append from ESS normalization output; numeric provenance preserved.
RUN-REAL-ESS-20260513-002:2026-05-13:INVA:STARMINE_COVERED,2026-05-13,2026-05-13T15:28:42.825732+00:00,RUN-REAL-ESS-20260513-002,FIDELITY,SecurityExtract_ESS_2026May13.csv,INVA,STARMINE_COVERED,2,Immutable partition append from ESS normalization output; numeric provenance preserved.
RUN-REAL-ESS-20260513-002:2026-05-13:INGN:STARMINE_COVERED,2026-05-13,2026-05-13T15:28:42.825732+00:00,RUN-REAL-ESS-20260513-002,FIDELITY,SecurityExtract_ESS_2026May13.csv,INGN,STARMINE_COVERED,2,Immutable partition append from ESS normalization output; numeric provenance preserved.
RUN-REAL-ESS-20260513-002:2026-05-13:NSIT:STARMINE_COVERED,2026-05-13,2026-05-13T15:28:42.825732+00:00,RUN-REAL-ESS-20260513-002,FIDELITY,SecurityExtract_ESS_2026May13.csv,NSIT,STARMINE_COVERED,2,Immutable partition append from ESS normalization output; numeric provenance preserved.
RUN-REAL-ESS-20260513-002:2026-05-13:IBP:STARMINE_COVERED,2026-05-13,2026-05-13T15:28:42.825732+00:00,RUN-REAL-ESS-20260513-002,FIDELITY,SecurityExtract_ESS_2026May13.csv,IBP,STARMINE_COVERED,2,Immutable partition append from ESS normalization output; numeric provenance preserved.
RUN-REAL-ESS-20260513-002:2026-05-13:IVR:STARMINE_COVERED,2026-05-13,2026-05-13T15:28:42.825732+00:00,RUN-REAL-ESS-20260513-002,FIDELITY,SecurityExtract_ESS_2026May13.csv,IVR,STARMINE_COVERED,2,Immutable partition append from ESS normalization output; numeric provenance preserved.
RUN-REAL-ESS-20260513-002:2026-05-13:IONQ:STARMINE_COVERED,2026-05-13,2026-05-13T15:28:42.825732+00:00,RUN-REAL-ESS-20260513-002,FIDELITY,SecurityExtract_ESS_2026May13.csv,IONQ,STARMINE_COVERED,2,Immutable partition append from ESS normalization output; numeric provenance preserved.
RUN-REAL-ESS-20260513-002:2026-05-13:IQV:STARMINE_COVERED,2026-05-13,2026-05-13T15:28:42.825732+00:00,RUN-REAL-ESS-20260513-002,FIDELITY,SecurityExtract_ESS_2026May13.csv,IQV,STARMINE_COVERED,2,Immutable partition append from ESS normalization output; numeric provenance preserved.
RUN-REAL-ESS-20260513-002:2026-05-13:IRMD:STARMINE_COVERED,2026-05-13,2026-05-13T15:28:42.825732+00:00,RUN-REAL-ESS-20260513-002,FIDELITY,SecurityExtract_ESS_2026May13.csv,IRMD,STARMINE_COVERED,2,Immutable partition append from ESS normalization output; numeric provenance preserved.
RUN-REAL-ESS-20260513-002:2026-05-13:IRWD:STARMINE_COVERED,2026-05-13,2026-05-13T15:28:42.825732+00:00,RUN-REAL-ESS-20260513-002,FIDELITY,SecurityExtract_ESS_2026May13.csv,IRWD,STARMINE_COVERED,2,Immutable partition append from ESS normalization output; numeric provenance preserved.
RUN-REAL-ESS-20260513-002:2026-05-13:JBHT:STARMINE_COVERED,2026-05-13,2026-05-13T15:28:42.825732+00:00,RUN-REAL-ESS-20260513-002,FIDELITY,SecurityExtract_ESS_2026May13.csv,JBHT,STARMINE_COVERED,2,Immutable partition append from ESS normalization output; numeric provenance preserved.
RUN-REAL-ESS-20260513-002:2026-05-13:JAKK:STARMINE_COVERED,2026-05-13,2026-05-13T15:28:42.825732+00:00,RUN-REAL-ESS-20260513-002,FIDELITY,SecurityExtract_ESS_2026May13.csv,JAKK,STARMINE_COVERED,2,Immutable partition append from ESS normalization output; numeric provenance preserved.
RUN-REAL-ESS-20260513-002:2026-05-13:JAZZ:STARMINE_COVERED,2026-05-13,2026-05-13T15:28:42.825732+00:00,RUN-REAL-ESS-20260513-002,FIDELITY,SecurityExtract_ESS_2026May13.csv,JAZZ,STARMINE_COVERED,2,Immutable partition append from ESS normalization output; numeric provenance preserved.
RUN-REAL-ESS-20260513-002:2026-05-13:JBSS:STARMINE_COVERED,2026-05-13,2026-05-13T15:28:42.825732+00:00,RUN-REAL-ESS-20260513-002,FIDELITY,SecurityExtract_ESS_2026May13.csv,JBSS,STARMINE_COVERED,2,Immutable partition append from ESS normalization output; numeric provenance preserved.
RUN-REAL-ESS-20260513-002:2026-05-13:WLY:STARMINE_COVERED,2026-05-13,2026-05-13T15:28:42.825732+00:00,RUN-REAL-ESS-20260513-002,FIDELITY,SecurityExtract_ESS_2026May13.csv,WLY,STARMINE_COVERED,2,Immutable partition append from ESS normalization output; numeric provenance preserved.
RUN-REAL-ESS-20260513-002:2026-05-13:JCI:STARMINE_COVERED,2026-05-13,2026-05-13T15:28:42.825732+00:00,RUN-REAL-ESS-20260513-002,FIDELITY,SecurityExtract_ESS_2026May13.csv,JCI,STARMINE_COVERED,2,Immutable partition append from ESS normalization output; numeric provenance preserved.
RUN-REAL-ESS-20260513-002:2026-05-13:JYNT:STARMINE_COVERED,2026-05-13,2026-05-13T15:28:42.825732+00:00,RUN-REAL-ESS-20260513-002,FIDELITY,SecurityExtract_ESS_2026May13.csv,JYNT,STARMINE_COVERED,2,Immutable partition append from ESS normalization output; numeric provenance preserved.
RUN-REAL-ESS-20260513-002:2026-05-13:JLL:STARMINE_COVERED,2026-05-13,2026-05-13T15:28:42.825732+00:00,RUN-REAL-ESS-20260513-002,FIDELITY,SecurityExtract_ESS_2026May13.csv,JLL,STARMINE_COVERED,2,Immutable partition append from ESS normalization output; numeric provenance preserved.
RUN-REAL-ESS-20260513-002:2026-05-13:KMT:STARMINE_COVERED,2026-05-13,2026-05-13T15:28:42.825732+00:00,RUN-REAL-ESS-20260513-002,FIDELITY,SecurityExtract_ESS_2026May13.csv,KMT,STARMINE_COVERED,2,Immutable partition append from ESS normalization output; numeric provenance preserved.
RUN-REAL-ESS-20260513-002:2026-05-13:KFRC:STARMINE_COVERED,2026-05-13,2026-05-13T15:28:42.825732+00:00,RUN-REAL-ESS-20260513-002,FIDELITY,SecurityExtract_ESS_2026May13.csv,KFRC,STARMINE_COVERED,2,Immutable partition append from ESS normalization output; numeric provenance preserved.
RUN-REAL-ESS-20260513-002:2026-05-13:KIM:STARMINE_COVERED,2026-05-13,2026-05-13T15:28:42.825732+00:00,RUN-REAL-ESS-20260513-002,FIDELITY,SecurityExtract_ESS_2026May13.csv,KIM,STARMINE_COVERED,2,Immutable partition append from ESS normalization output; numeric provenance preserved.
RUN-REAL-ESS-20260513-002:2026-05-13:KMI:STARMINE_COVERED,2026-05-13,2026-05-13T15:28:42.825732+00:00,RUN-REAL-ESS-20260513-002,FIDELITY,SecurityExtract_ESS_2026May13.csv,KMI,STARMINE_COVERED,2,Immutable partition append from ESS normalization output; numeric provenance preserved.
RUN-REAL-ESS-20260513-002:2026-05-13:KNSL:STARMINE_COVERED,2026-05-13,2026-05-13T15:28:42.825732+00:00,RUN-REAL-ESS-20260513-002,FIDELITY,SecurityExtract_ESS_2026May13.csv,KNSL,STARMINE_COVERED,2,Immutable partition append from ESS normalization output; numeric provenance preserved.
RUN-REAL-ESS-20260513-002:2026-05-13:KEX:STARMINE_COVERED,2026-05-13,2026-05-13T15:28:42.825732+00:00,RUN-REAL-ESS-20260513-002,FIDELITY,SecurityExtract_ESS_2026May13.csv,KEX,STARMINE_COVERED,2,Immutable partition append from ESS normalization output; numeric provenance preserved.
RUN-REAL-ESS-20260513-002:2026-05-13:KGS:STARMINE_COVERED,2026-05-13,2026-05-13T15:28:42.825732+00:00,RUN-REAL-ESS-20260513-002,FIDELITY,SecurityExtract_ESS_2026May13.csv,KGS,STARMINE_COVERED,2,Immutable partition append from ESS normalization output; numeric provenance preserved.
RUN-REAL-ESS-20260513-002:2026-05-13:KOPN:STARMINE_COVERED,2026-05-13,2026-05-13T15:28:42.825732+00:00,RUN-REAL-ESS-20260513-002,FIDELITY,SecurityExtract_ESS_2026May13.csv,KOPN,STARMINE_COVERED,2,Immutable partition append from ESS normalization output; numeric provenance preserved.
RUN-REAL-ESS-20260513-002:2026-05-13:KOP:STARMINE_COVERED,2026-05-13,2026-05-13T15:28:42.825732+00:00,RUN-REAL-ESS-20260513-002,FIDELITY,SecurityExtract_ESS_2026May13.csv,KOP,STARMINE_COVERED,2,Immutable partition append from ESS normalization output; numeric provenance preserved.
RUN-REAL-ESS-20260513-002:2026-05-13:KRNT:STARMINE_COVERED,2026-05-13,2026-05-13T15:28:42.825732+00:00,RUN-REAL-ESS-20260513-002,FIDELITY,SecurityExtract_ESS_2026May13.csv,KRNT,STARMINE_COVERED,2,Immutable partition append from ESS normalization output; numeric provenance preserved.
RUN-REAL-ESS-20260513-002:2026-05-13:KRO:STARMINE_COVERED,2026-05-13,2026-05-13T15:28:42.825732+00:00,RUN-REAL-ESS-20260513-002,FIDELITY,SecurityExtract_ESS_2026May13.csv,KRO,STARMINE_COVERED,2,Immutable partition append from ESS normalization output; numeric provenance preserved.
RUN-REAL-ESS-20260513-002:2026-05-13:KRYS:STARMINE_COVERED,2026-05-13,2026-05-13T15:28:42.825732+00:00,RUN-REAL-ESS-20260513-002,FIDELITY,SecurityExtract_ESS_2026May13.csv,KRYS,STARMINE_COVERED,2,Immutable partition append from ESS normalization output; numeric provenance preserved.
RUN-REAL-ESS-20260513-002:2026-05-13:LAMR:STARMINE_COVERED,2026-05-13,2026-05-13T15:28:42.825732+00:00,RUN-REAL-ESS-20260513-002,FIDELITY,SecurityExtract_ESS_2026May13.csv,LAMR,STARMINE_COVERED,2,Immutable partition append from ESS normalization output; numeric provenance preserved.
RUN-REAL-ESS-20260513-002:2026-05-13:LSTR:STARMINE_COVERED,2026-05-13,2026-05-13T15:28:42.825732+00:00,RUN-REAL-ESS-20260513-002,FIDELITY,SecurityExtract_ESS_2026May13.csv,LSTR,STARMINE_COVERED,2,Immutable partition append from ESS normalization output; numeric provenance preserved.
RUN-REAL-ESS-20260513-002:2026-05-13:LSCC:STARMINE_COVERED,2026-05-13,2026-05-13T15:28:42.825732+00:00,RUN-REAL-ESS-20260513-002,FIDELITY,SecurityExtract_ESS_2026May13.csv,LSCC,STARMINE_COVERED,2,Immutable partition append from ESS normalization output; numeric provenance preserved.
RUN-REAL-ESS-20260513-002:2026-05-13:LCII:STARMINE_COVERED,2026-05-13,2026-05-13T15:28:42.825732+00:00,RUN-REAL-ESS-20260513-002,FIDELITY,SecurityExtract_ESS_2026May13.csv,LCII,STARMINE_COVERED,2,Immutable partition append from ESS normalization output; numeric provenance preserved.
RUN-REAL-ESS-20260513-002:2026-05-13:LMAT:STARMINE_COVERED,2026-05-13,2026-05-13T15:28:42.825732+00:00,RUN-REAL-ESS-20260513-002,FIDELITY,SecurityExtract_ESS_2026May13.csv,LMAT,STARMINE_COVERED,2,Immutable partition append from ESS normalization output; numeric provenance preserved.
RUN-REAL-ESS-20260513-002:2026-05-13:LII:STARMINE_COVERED,2026-05-13,2026-05-13T15:28:42.825732+00:00,RUN-REAL-ESS-20260513-002,FIDELITY,SecurityExtract_ESS_2026May13.csv,LII,STARMINE_COVERED,2,Immutable partition append from ESS normalization output; numeric provenance preserved.
RUN-REAL-ESS-20260513-002:2026-05-13:DRS:STARMINE_COVERED,2026-05-13,2026-05-13T15:28:42.825732+00:00,RUN-REAL-ESS-20260513-002,FIDELITY,SecurityExtract_ESS_2026May13.csv,DRS,STARMINE_COVERED,2,Immutable partition append from ESS normalization output; numeric provenance preserved.
RUN-REAL-ESS-20260513-002:2026-05-13:LPL:STARMINE_COVERED,2026-05-13,2026-05-13T15:28:42.825732+00:00,RUN-REAL-ESS-20260513-002,FIDELITY,SecurityExtract_ESS_2026May13.csv,LPL,STARMINE_COVERED,2,Immutable partition append from ESS normalization output; numeric provenance preserved.
RUN-REAL-ESS-20260513-002:2026-05-13:LTH:STARMINE_COVERED,2026-05-13,2026-05-13T15:28:42.825732+00:00,RUN-REAL-ESS-20260513-002,FIDELITY,SecurityExtract_ESS_2026May13.csv,LTH,STARMINE_COVERED,2,Immutable partition append from ESS normalization output; numeric provenance preserved.
RUN-REAL-ESS-20260513-002:2026-05-13:LCUT:STARMINE_COVERED,2026-05-13,2026-05-13T15:28:42.825732+00:00,RUN-REAL-ESS-20260513-002,FIDELITY,SecurityExtract_ESS_2026May13.csv,LCUT,STARMINE_COVERED,2,Immutable partition append from ESS normalization output; numeric provenance preserved.
RUN-REAL-ESS-20260513-002:2026-05-13:LFVN:STARMINE_COVERED,2026-05-13,2026-05-13T15:28:42.825732+00:00,RUN-REAL-ESS-20260513-002,FIDELITY,SecurityExtract_ESS_2026May13.csv,LFVN,STARMINE_COVERED,2,Immutable partition append from ESS normalization output; numeric provenance preserved.
RUN-REAL-ESS-20260513-002:2026-05-13:LNC:STARMINE_COVERED,2026-05-13,2026-05-13T15:28:42.825732+00:00,RUN-REAL-ESS-20260513-002,FIDELITY,SecurityExtract_ESS_2026May13.csv,LNC,STARMINE_COVERED,2,Immutable partition append from ESS normalization output; numeric provenance preserved.
RUN-REAL-ESS-20260513-002:2026-05-13:LXU:STARMINE_COVERED,2026-05-13,2026-05-13T15:28:42.825732+00:00,RUN-REAL-ESS-20260513-002,FIDELITY,SecurityExtract_ESS_2026May13.csv,LXU,STARMINE_COVERED,2,Immutable partition append from ESS normalization output; numeric provenance preserved.
RUN-REAL-ESS-20260513-002:2026-05-13:LXP:STARMINE_COVERED,2026-05-13,2026-05-13T15:28:42.825732+00:00,RUN-REAL-ESS-20260513-002,FIDELITY,SecurityExtract_ESS_2026May13.csv,LXP,STARMINE_COVERED,2,Immutable partition append from ESS normalization output; numeric provenance preserved.
RUN-REAL-ESS-20260513-002:2026-05-13:MTB:STARMINE_COVERED,2026-05-13,2026-05-13T15:28:42.825732+00:00,RUN-REAL-ESS-20260513-002,FIDELITY,SecurityExtract_ESS_2026May13.csv,MTB,STARMINE_COVERED,2,Immutable partition append from ESS normalization output; numeric provenance preserved.
RUN-REAL-ESS-20260513-002:2026-05-13:MFC:STARMINE_COVERED,2026-05-13,2026-05-13T15:28:42.825732+00:00,RUN-REAL-ESS-20260513-002,FIDELITY,SecurityExtract_ESS_2026May13.csv,MFC,STARMINE_COVERED,2,Immutable partition append from ESS normalization output; numeric provenance preserved.
RUN-REAL-ESS-20260513-002:2026-05-13:MTZ:STARMINE_COVERED,2026-05-13,2026-05-13T15:28:42.825732+00:00,RUN-REAL-ESS-20260513-002,FIDELITY,SecurityExtract_ESS_2026May13.csv,MTZ,STARMINE_COVERED,2,Immutable partition append from ESS normalization output; numeric provenance preserved.
RUN-REAL-ESS-20260513-002:2026-05-13:MCFT:STARMINE_COVERED,2026-05-13,2026-05-13T15:28:42.825732+00:00,RUN-REAL-ESS-20260513-002,FIDELITY,SecurityExtract_ESS_2026May13.csv,MCFT,STARMINE_COVERED,2,Immutable partition append from ESS normalization output; numeric provenance preserved.
RUN-REAL-ESS-20260513-002:2026-05-13:MTDR:STARMINE_COVERED,2026-05-13,2026-05-13T15:28:42.825732+00:00,RUN-REAL-ESS-20260513-002,FIDELITY,SecurityExtract_ESS_2026May13.csv,MTDR,STARMINE_COVERED,2,Immutable partition append from ESS normalization output; numeric provenance preserved.
RUN-REAL-ESS-20260513-002:2026-05-13:MTRX:STARMINE_COVERED,2026-05-13,2026-05-13T15:28:42.825732+00:00,RUN-REAL-ESS-20260513-002,FIDELITY,SecurityExtract_ESS_2026May13.csv,MTRX,STARMINE_COVERED,2,Immutable partition append from ESS normalization output; numeric provenance preserved.
RUN-REAL-ESS-20260513-002:2026-05-13:MATX:STARMINE_COVERED,2026-05-13,2026-05-13T15:28:42.825732+00:00,RUN-REAL-ESS-20260513-002,FIDELITY,SecurityExtract_ESS_2026May13.csv,MATX,STARMINE_COVERED,2,Immutable partition append from ESS normalization output; numeric provenance preserved.
RUN-REAL-ESS-20260513-002:2026-05-13:MEDP:STARMINE_COVERED,2026-05-13,2026-05-13T15:28:42.825732+00:00,RUN-REAL-ESS-20260513-002,FIDELITY,SecurityExtract_ESS_2026May13.csv,MEDP,STARMINE_COVERED,2,Immutable partition append from ESS normalization output; numeric provenance preserved.
RUN-REAL-ESS-20260513-002:2026-05-13:MRK:STARMINE_COVERED,2026-05-13,2026-05-13T15:28:42.825732+00:00,RUN-REAL-ESS-20260513-002,FIDELITY,SecurityExtract_ESS_2026May13.csv,MRK,STARMINE_COVERED,2,Immutable partition append from ESS normalization output; numeric provenance preserved.
RUN-REAL-ESS-20260513-002:2026-05-13:MCY:STARMINE_COVERED,2026-05-13,2026-05-13T15:28:42.825732+00:00,RUN-REAL-ESS-20260513-002,FIDELITY,SecurityExtract_ESS_2026May13.csv,MCY,STARMINE_COVERED,2,Immutable partition append from ESS normalization output; numeric provenance preserved.
RUN-REAL-ESS-20260513-002:2026-05-13:MTD:STARMINE_COVERED,2026-05-13,2026-05-13T15:28:42.825732+00:00,RUN-REAL-ESS-20260513-002,FIDELITY,SecurityExtract_ESS_2026May13.csv,MTD,STARMINE_COVERED,2,Immutable partition append from ESS normalization output; numeric provenance preserved.
RUN-REAL-ESS-20260513-002:2026-05-13:MFA:STARMINE_COVERED,2026-05-13,2026-05-13T15:28:42.825732+00:00,RUN-REAL-ESS-20260513-002,FIDELITY,SecurityExtract_ESS_2026May13.csv,MFA,STARMINE_COVERED,2,Immutable partition append from ESS normalization output; numeric provenance preserved.
RUN-REAL-ESS-20260513-002:2026-05-13:MGPI:STARMINE_COVERED,2026-05-13,2026-05-13T15:28:42.825732+00:00,RUN-REAL-ESS-20260513-002,FIDELITY,SecurityExtract_ESS_2026May13.csv,MGPI,STARMINE_COVERED,2,Immutable partition append from ESS normalization output; numeric provenance preserved.
RUN-REAL-ESS-20260513-002:2026-05-13:MCHP:STARMINE_COVERED,2026-05-13,2026-05-13T15:28:42.825732+00:00,RUN-REAL-ESS-20260513-002,FIDELITY,SecurityExtract_ESS_2026May13.csv,MCHP,STARMINE_COVERED,2,Immutable partition append from ESS normalization output; numeric provenance preserved.
RUN-REAL-ESS-20260513-002:2026-05-13:MSBI:STARMINE_COVERED,2026-05-13,2026-05-13T15:28:42.825732+00:00,RUN-REAL-ESS-20260513-002,FIDELITY,SecurityExtract_ESS_2026May13.csv,MSBI,STARMINE_COVERED,2,Immutable partition append from ESS normalization output; numeric provenance preserved.
RUN-REAL-ESS-20260513-002:2026-05-13:MG:STARMINE_COVERED,2026-05-13,2026-05-13T15:28:42.825732+00:00,RUN-REAL-ESS-20260513-002,FIDELITY,SecurityExtract_ESS_2026May13.csv,MG,STARMINE_COVERED,2,Immutable partition append from ESS normalization output; numeric provenance preserved.
RUN-REAL-ESS-20260513-002:2026-05-13:MKSI:STARMINE_COVERED,2026-05-13,2026-05-13T15:28:42.825732+00:00,RUN-REAL-ESS-20260513-002,FIDELITY,SecurityExtract_ESS_2026May13.csv,MKSI,STARMINE_COVERED,2,Immutable partition append from ESS normalization output; numeric provenance preserved.
RUN-REAL-ESS-20260513-002:2026-05-13:MPWR:STARMINE_COVERED,2026-05-13,2026-05-13T15:28:42.825732+00:00,RUN-REAL-ESS-20260513-002,FIDELITY,SecurityExtract_ESS_2026May13.csv,MPWR,STARMINE_COVERED,2,Immutable partition append from ESS normalization output; numeric provenance preserved.
RUN-REAL-ESS-20260513-002:2026-05-13:MOG/A:STARMINE_COVERED,2026-05-13,2026-05-13T15:28:42.825732+00:00,RUN-REAL-ESS-20260513-002,FIDELITY,SecurityExtract_ESS_2026May13.csv,MOG/A,STARMINE_COVERED,2,Immutable partition append from ESS normalization output; numeric provenance preserved.
RUN-REAL-ESS-20260513-002:2026-05-13:MORN:STARMINE_COVERED,2026-05-13,2026-05-13T15:28:42.825732+00:00,RUN-REAL-ESS-20260513-002,FIDELITY,SecurityExtract_ESS_2026May13.csv,MORN,STARMINE_COVERED,2,Immutable partition append from ESS normalization output; numeric provenance preserved.
RUN-REAL-ESS-20260513-002:2026-05-13:MSM:STARMINE_COVERED,2026-05-13,2026-05-13T15:28:42.825732+00:00,RUN-REAL-ESS-20260513-002,FIDELITY,SecurityExtract_ESS_2026May13.csv,MSM,STARMINE_COVERED,2,Immutable partition append from ESS normalization output; numeric provenance preserved.
RUN-REAL-ESS-20260513-002:2026-05-13:MSCI:STARMINE_COVERED,2026-05-13,2026-05-13T15:28:42.825732+00:00,RUN-REAL-ESS-20260513-002,FIDELITY,SecurityExtract_ESS_2026May13.csv,MSCI,STARMINE_COVERED,2,Immutable partition append from ESS normalization output; numeric provenance preserved.
RUN-REAL-ESS-20260513-002:2026-05-13:MLI:STARMINE_COVERED,2026-05-13,2026-05-13T15:28:42.825732+00:00,RUN-REAL-ESS-20260513-002,FIDELITY,SecurityExtract_ESS_2026May13.csv,MLI,STARMINE_COVERED,2,Immutable partition append from ESS normalization output; numeric provenance preserved.
RUN-REAL-ESS-20260513-002:2026-05-13:MWA:STARMINE_COVERED,2026-05-13,2026-05-13T15:28:42.825732+00:00,RUN-REAL-ESS-20260513-002,FIDELITY,SecurityExtract_ESS_2026May13.csv,MWA,STARMINE_COVERED,2,Immutable partition append from ESS normalization output; numeric provenance preserved.
RUN-REAL-ESS-20260513-002:2026-05-13:MUSA:STARMINE_COVERED,2026-05-13,2026-05-13T15:28:42.825732+00:00,RUN-REAL-ESS-20260513-002,FIDELITY,SecurityExtract_ESS_2026May13.csv,MUSA,STARMINE_COVERED,2,Immutable partition append from ESS normalization output; numeric provenance preserved.
RUN-REAL-ESS-20260513-002:2026-05-13:MYGN:STARMINE_COVERED,2026-05-13,2026-05-13T15:28:42.825732+00:00,RUN-REAL-ESS-20260513-002,FIDELITY,SecurityExtract_ESS_2026May13.csv,MYGN,STARMINE_COVERED,2,Immutable partition append from ESS normalization output; numeric provenance preserved.
RUN-REAL-ESS-20260513-002:2026-05-13:NKSH:STARMINE_COVERED,2026-05-13,2026-05-13T15:28:42.825732+00:00,RUN-REAL-ESS-20260513-002,FIDELITY,SecurityExtract_ESS_2026May13.csv,NKSH,STARMINE_COVERED,2,Immutable partition append from ESS normalization output; numeric provenance preserved.
RUN-REAL-ESS-20260513-002:2026-05-13:NFG:STARMINE_COVERED,2026-05-13,2026-05-13T15:28:42.825732+00:00,RUN-REAL-ESS-20260513-002,FIDELITY,SecurityExtract_ESS_2026May13.csv,NFG,STARMINE_COVERED,2,Immutable partition append from ESS normalization output; numeric provenance preserved.
RUN-REAL-ESS-20260513-002:2026-05-13:NHC:STARMINE_COVERED,2026-05-13,2026-05-13T15:28:42.825732+00:00,RUN-REAL-ESS-20260513-002,FIDELITY,SecurityExtract_ESS_2026May13.csv,NHC,STARMINE_COVERED,2,Immutable partition append from ESS normalization output; numeric provenance preserved.
RUN-REAL-ESS-20260513-002:2026-05-13:NNI:STARMINE_COVERED,2026-05-13,2026-05-13T15:28:42.825732+00:00,RUN-REAL-ESS-20260513-002,FIDELITY,SecurityExtract_ESS_2026May13.csv,NNI,STARMINE_COVERED,2,Immutable partition append from ESS normalization output; numeric provenance preserved.
RUN-REAL-ESS-20260513-002:2026-05-13:NFLX:STARMINE_COVERED,2026-05-13,2026-05-13T15:28:42.825732+00:00,RUN-REAL-ESS-20260513-002,FIDELITY,SecurityExtract_ESS_2026May13.csv,NFLX,STARMINE_COVERED,2,Immutable partition append from ESS normalization output; numeric provenance preserved.
RUN-REAL-ESS-20260513-002:2026-05-13:NEWT:STARMINE_COVERED,2026-05-13,2026-05-13T15:28:42.825732+00:00,RUN-REAL-ESS-20260513-002,FIDELITY,SecurityExtract_ESS_2026May13.csv,NEWT,STARMINE_COVERED,2,Immutable partition append from ESS normalization output; numeric provenance preserved.
RUN-REAL-ESS-20260513-002:2026-05-13:NICE:STARMINE_COVERED,2026-05-13,2026-05-13T15:28:42.825732+00:00,RUN-REAL-ESS-20260513-002,FIDELITY,SecurityExtract_ESS_2026May13.csv,NICE,STARMINE_COVERED,2,Immutable partition append from ESS normalization output; numeric provenance preserved.
RUN-REAL-ESS-20260513-002:2026-05-13:NMIH:STARMINE_COVERED,2026-05-13,2026-05-13T15:28:42.825732+00:00,RUN-REAL-ESS-20260513-002,FIDELITY,SecurityExtract_ESS_2026May13.csv,NMIH,STARMINE_COVERED,2,Immutable partition append from ESS normalization output; numeric provenance preserved.
RUN-REAL-ESS-20260513-002:2026-05-13:NNN:STARMINE_COVERED,2026-05-13,2026-05-13T15:28:42.825732+00:00,RUN-REAL-ESS-20260513-002,FIDELITY,SecurityExtract_ESS_2026May13.csv,NNN,STARMINE_COVERED,2,Immutable partition append from ESS normalization output; numeric provenance preserved.
RUN-REAL-ESS-20260513-002:2026-05-13:NMR:STARMINE_COVERED,2026-05-13,2026-05-13T15:28:42.825732+00:00,RUN-REAL-ESS-20260513-002,FIDELITY,SecurityExtract_ESS_2026May13.csv,NMR,STARMINE_COVERED,2,Immutable partition append from ESS normalization output; numeric provenance preserved.
RUN-REAL-ESS-20260513-002:2026-05-13:NDSN:STARMINE_COVERED,2026-05-13,2026-05-13T15:28:42.825732+00:00,RUN-REAL-ESS-20260513-002,FIDELITY,SecurityExtract_ESS_2026May13.csv,NDSN,STARMINE_COVERED,2,Immutable partition append from ESS normalization output; numeric provenance preserved.
RUN-REAL-ESS-20260513-002:2026-05-13:NSC:STARMINE_COVERED,2026-05-13,2026-05-13T15:28:42.825732+00:00,RUN-REAL-ESS-20260513-002,FIDELITY,SecurityExtract_ESS_2026May13.csv,NSC,STARMINE_COVERED,2,Immutable partition append from ESS normalization output; numeric provenance preserved.
RUN-REAL-ESS-20260513-002:2026-05-13:NRIM:STARMINE_COVERED,2026-05-13,2026-05-13T15:28:42.825732+00:00,RUN-REAL-ESS-20260513-002,FIDELITY,SecurityExtract_ESS_2026May13.csv,NRIM,STARMINE_COVERED,2,Immutable partition append from ESS normalization output; numeric provenance preserved.
RUN-REAL-ESS-20260513-002:2026-05-13:NWFL:STARMINE_COVERED,2026-05-13,2026-05-13T15:28:42.825732+00:00,RUN-REAL-ESS-20260513-002,FIDELITY,SecurityExtract_ESS_2026May13.csv,NWFL,STARMINE_COVERED,2,Immutable partition append from ESS normalization output; numeric provenance preserved.
RUN-REAL-ESS-20260513-002:2026-05-13:NVAX:STARMINE_COVERED,2026-05-13,2026-05-13T15:28:42.825732+00:00,RUN-REAL-ESS-20260513-002,FIDELITY,SecurityExtract_ESS_2026May13.csv,NVAX,STARMINE_COVERED,2,Immutable partition append from ESS normalization output; numeric provenance preserved.
RUN-REAL-ESS-20260513-002:2026-05-13:NUE:STARMINE_COVERED,2026-05-13,2026-05-13T15:28:42.825732+00:00,RUN-REAL-ESS-20260513-002,FIDELITY,SecurityExtract_ESS_2026May13.csv,NUE,STARMINE_COVERED,2,Immutable partition append from ESS normalization output; numeric provenance preserved.
RUN-REAL-ESS-20260513-002:2026-05-13:NWPX:STARMINE_COVERED,2026-05-13,2026-05-13T15:28:42.825732+00:00,RUN-REAL-ESS-20260513-002,FIDELITY,SecurityExtract_ESS_2026May13.csv,NWPX,STARMINE_COVERED,2,Immutable partition append from ESS normalization output; numeric provenance preserved.
RUN-REAL-ESS-20260513-002:2026-05-13:NXPI:STARMINE_COVERED,2026-05-13,2026-05-13T15:28:42.825732+00:00,RUN-REAL-ESS-20260513-002,FIDELITY,SecurityExtract_ESS_2026May13.csv,NXPI,STARMINE_COVERED,2,Immutable partition append from ESS normalization output; numeric provenance preserved.
RUN-REAL-ESS-20260513-002:2026-05-13:OIS:STARMINE_COVERED,2026-05-13,2026-05-13T15:28:42.825732+00:00,RUN-REAL-ESS-20260513-002,FIDELITY,SecurityExtract_ESS_2026May13.csv,OIS,STARMINE_COVERED,2,Immutable partition append from ESS normalization output; numeric provenance preserved.
RUN-REAL-ESS-20260513-002:2026-05-13:ORI:STARMINE_COVERED,2026-05-13,2026-05-13T15:28:42.825732+00:00,RUN-REAL-ESS-20260513-002,FIDELITY,SecurityExtract_ESS_2026May13.csv,ORI,STARMINE_COVERED,2,Immutable partition append from ESS normalization output; numeric provenance preserved.
RUN-REAL-ESS-20260513-002:2026-05-13:OMER:STARMINE_COVERED,2026-05-13,2026-05-13T15:28:42.825732+00:00,RUN-REAL-ESS-20260513-002,FIDELITY,SecurityExtract_ESS_2026May13.csv,OMER,STARMINE_COVERED,2,Immutable partition append from ESS normalization output; numeric provenance preserved.
RUN-REAL-ESS-20260513-002:2026-05-13:OGS:STARMINE_COVERED,2026-05-13,2026-05-13T15:28:42.825732+00:00,RUN-REAL-ESS-20260513-002,FIDELITY,SecurityExtract_ESS_2026May13.csv,OGS,STARMINE_COVERED,2,Immutable partition append from ESS normalization output; numeric provenance preserved.
RUN-REAL-ESS-20260513-002:2026-05-13:OSPN:STARMINE_COVERED,2026-05-13,2026-05-13T15:28:42.825732+00:00,RUN-REAL-ESS-20260513-002,FIDELITY,SecurityExtract_ESS_2026May13.csv,OSPN,STARMINE_COVERED,2,Immutable partition append from ESS normalization output; numeric provenance preserved.
RUN-REAL-ESS-20260513-002:2026-05-13:OPLN:STARMINE_COVERED,2026-05-13,2026-05-13T15:28:42.825732+00:00,RUN-REAL-ESS-20260513-002,FIDELITY,SecurityExtract_ESS_2026May13.csv,OPLN,STARMINE_COVERED,2,Immutable partition append from ESS normalization output; numeric provenance preserved.
RUN-REAL-ESS-20260513-002:2026-05-13:OPCH:STARMINE_COVERED,2026-05-13,2026-05-13T15:28:42.825732+00:00,RUN-REAL-ESS-20260513-002,FIDELITY,SecurityExtract_ESS_2026May13.csv,OPCH,STARMINE_COVERED,2,Immutable partition append from ESS normalization output; numeric provenance preserved.
RUN-REAL-ESS-20260513-002:2026-05-13:ORCL:STARMINE_COVERED,2026-05-13,2026-05-13T15:28:42.825732+00:00,RUN-REAL-ESS-20260513-002,FIDELITY,SecurityExtract_ESS_2026May13.csv,ORCL,STARMINE_COVERED,2,Immutable partition append from ESS normalization output; numeric provenance preserved.
RUN-REAL-ESS-20260513-002:2026-05-13:OGN:STARMINE_COVERED,2026-05-13,2026-05-13T15:28:42.825732+00:00,RUN-REAL-ESS-20260513-002,FIDELITY,SecurityExtract_ESS_2026May13.csv,OGN,STARMINE_COVERED,2,Immutable partition append from ESS normalization output; numeric provenance preserved.
RUN-REAL-ESS-20260513-002:2026-05-13:OEC:STARMINE_COVERED,2026-05-13,2026-05-13T15:28:42.825732+00:00,RUN-REAL-ESS-20260513-002,FIDELITY,SecurityExtract_ESS_2026May13.csv,OEC,STARMINE_COVERED,2,Immutable partition append from ESS normalization output; numeric provenance preserved.
RUN-REAL-ESS-20260513-002:2026-05-13:OFIX:STARMINE_COVERED,2026-05-13,2026-05-13T15:28:42.825732+00:00,RUN-REAL-ESS-20260513-002,FIDELITY,SecurityExtract_ESS_2026May13.csv,OFIX,STARMINE_COVERED,2,Immutable partition append from ESS normalization output; numeric provenance preserved.
RUN-REAL-ESS-20260513-002:2026-05-13:POWW:STARMINE_COVERED,2026-05-13,2026-05-13T15:28:42.825732+00:00,RUN-REAL-ESS-20260513-002,FIDELITY,SecurityExtract_ESS_2026May13.csv,POWW,STARMINE_COVERED,2,Immutable partition append from ESS normalization output; numeric provenance preserved.
RUN-REAL-ESS-20260513-002:2026-05-13:OUT:STARMINE_COVERED,2026-05-13,2026-05-13T15:28:42.825732+00:00,RUN-REAL-ESS-20260513-002,FIDELITY,SecurityExtract_ESS_2026May13.csv,OUT,STARMINE_COVERED,2,Immutable partition append from ESS normalization output; numeric provenance preserved.
RUN-REAL-ESS-20260513-002:2026-05-13:OC:STARMINE_COVERED,2026-05-13,2026-05-13T15:28:42.825732+00:00,RUN-REAL-ESS-20260513-002,FIDELITY,SecurityExtract_ESS_2026May13.csv,OC,STARMINE_COVERED,2,Immutable partition append from ESS normalization output; numeric provenance preserved.
RUN-REAL-ESS-20260513-002:2026-05-13:PCRX:STARMINE_COVERED,2026-05-13,2026-05-13T15:28:42.825732+00:00,RUN-REAL-ESS-20260513-002,FIDELITY,SecurityExtract_ESS_2026May13.csv,PCRX,STARMINE_COVERED,2,Immutable partition append from ESS normalization output; numeric provenance preserved.
RUN-REAL-ESS-20260513-002:2026-05-13:PANW:STARMINE_COVERED,2026-05-13,2026-05-13T15:28:42.825732+00:00,RUN-REAL-ESS-20260513-002,FIDELITY,SecurityExtract_ESS_2026May13.csv,PANW,STARMINE_COVERED,2,Immutable partition append from ESS normalization output; numeric provenance preserved.
RUN-REAL-ESS-20260513-002:2026-05-13:PK:STARMINE_COVERED,2026-05-13,2026-05-13T15:28:42.825732+00:00,RUN-REAL-ESS-20260513-002,FIDELITY,SecurityExtract_ESS_2026May13.csv,PK,STARMINE_COVERED,2,Immutable partition append from ESS normalization output; numeric provenance preserved.
RUN-REAL-ESS-20260513-002:2026-05-13:CASH:STARMINE_COVERED,2026-05-13,2026-05-13T15:28:42.825732+00:00,RUN-REAL-ESS-20260513-002,FIDELITY,SecurityExtract_ESS_2026May13.csv,CASH,STARMINE_COVERED,2,Immutable partition append from ESS normalization output; numeric provenance preserved.
RUN-REAL-ESS-20260513-002:2026-05-13:PAYC:STARMINE_COVERED,2026-05-13,2026-05-13T15:28:42.825732+00:00,RUN-REAL-ESS-20260513-002,FIDELITY,SecurityExtract_ESS_2026May13.csv,PAYC,STARMINE_COVERED,2,Immutable partition append from ESS normalization output; numeric provenance preserved.
RUN-REAL-ESS-20260513-002:2026-05-13:PYPL:STARMINE_COVERED,2026-05-13,2026-05-13T15:28:42.825732+00:00,RUN-REAL-ESS-20260513-002,FIDELITY,SecurityExtract_ESS_2026May13.csv,PYPL,STARMINE_COVERED,2,Immutable partition append from ESS normalization output; numeric provenance preserved.
RUN-REAL-ESS-20260513-002:2026-05-13:PAYS:STARMINE_COVERED,2026-05-13,2026-05-13T15:28:42.825732+00:00,RUN-REAL-ESS-20260513-002,FIDELITY,SecurityExtract_ESS_2026May13.csv,PAYS,STARMINE_COVERED,2,Immutable partition append from ESS normalization output; numeric provenance preserved.
RUN-REAL-ESS-20260513-002:2026-05-13:CNXN:STARMINE_COVERED,2026-05-13,2026-05-13T15:28:42.825732+00:00,RUN-REAL-ESS-20260513-002,FIDELITY,SecurityExtract_ESS_2026May13.csv,CNXN,STARMINE_COVERED,2,Immutable partition append from ESS normalization output; numeric provenance preserved.
RUN-REAL-ESS-20260513-002:2026-05-13:PEB:STARMINE_COVERED,2026-05-13,2026-05-13T15:28:42.825732+00:00,RUN-REAL-ESS-20260513-002,FIDELITY,SecurityExtract_ESS_2026May13.csv,PEB,STARMINE_COVERED,2,Immutable partition append from ESS normalization output; numeric provenance preserved.
RUN-REAL-ESS-20260513-002:2026-05-13:MD:STARMINE_COVERED,2026-05-13,2026-05-13T15:28:42.825732+00:00,RUN-REAL-ESS-20260513-002,FIDELITY,SecurityExtract_ESS_2026May13.csv,MD,STARMINE_COVERED,2,Immutable partition append from ESS normalization output; numeric provenance preserved.
RUN-REAL-ESS-20260513-002:2026-05-13:PFE:STARMINE_COVERED,2026-05-13,2026-05-13T15:28:42.825732+00:00,RUN-REAL-ESS-20260513-002,FIDELITY,SecurityExtract_ESS_2026May13.csv,PFE,STARMINE_COVERED,2,Immutable partition append from ESS normalization output; numeric provenance preserved.
RUN-REAL-ESS-20260513-002:2026-05-13:PCG:STARMINE_COVERED,2026-05-13,2026-05-13T15:28:42.825732+00:00,RUN-REAL-ESS-20260513-002,FIDELITY,SecurityExtract_ESS_2026May13.csv,PCG,STARMINE_COVERED,2,Immutable partition append from ESS normalization output; numeric provenance preserved.
RUN-REAL-ESS-20260513-002:2026-05-13:PHIN:STARMINE_COVERED,2026-05-13,2026-05-13T15:28:42.825732+00:00,RUN-REAL-ESS-20260513-002,FIDELITY,SecurityExtract_ESS_2026May13.csv,PHIN,STARMINE_COVERED,2,Immutable partition append from ESS normalization output; numeric provenance preserved.
RUN-REAL-ESS-20260513-002:2026-05-13:PLAB:STARMINE_COVERED,2026-05-13,2026-05-13T15:28:42.825732+00:00,RUN-REAL-ESS-20260513-002,FIDELITY,SecurityExtract_ESS_2026May13.csv,PLAB,STARMINE_COVERED,2,Immutable partition append from ESS normalization output; numeric provenance preserved.
RUN-REAL-ESS-20260513-002:2026-05-13:PHR:STARMINE_COVERED,2026-05-13,2026-05-13T15:28:42.825732+00:00,RUN-REAL-ESS-20260513-002,FIDELITY,SecurityExtract_ESS_2026May13.csv,PHR,STARMINE_COVERED,2,Immutable partition append from ESS normalization output; numeric provenance preserved.
RUN-REAL-ESS-20260513-002:2026-05-13:PIPR:STARMINE_COVERED,2026-05-13,2026-05-13T15:28:42.825732+00:00,RUN-REAL-ESS-20260513-002,FIDELITY,SecurityExtract_ESS_2026May13.csv,PIPR,STARMINE_COVERED,2,Immutable partition append from ESS normalization output; numeric provenance preserved.
RUN-REAL-ESS-20260513-002:2026-05-13:PAA:STARMINE_COVERED,2026-05-13,2026-05-13T15:28:42.825732+00:00,RUN-REAL-ESS-20260513-002,FIDELITY,SecurityExtract_ESS_2026May13.csv,PAA,STARMINE_COVERED,2,Immutable partition append from ESS normalization output; numeric provenance preserved.
RUN-REAL-ESS-20260513-002:2026-05-13:PAGP:STARMINE_COVERED,2026-05-13,2026-05-13T15:28:42.825732+00:00,RUN-REAL-ESS-20260513-002,FIDELITY,SecurityExtract_ESS_2026May13.csv,PAGP,STARMINE_COVERED,2,Immutable partition append from ESS normalization output; numeric provenance preserved.
RUN-REAL-ESS-20260513-002:2026-05-13:PLTK:STARMINE_COVERED,2026-05-13,2026-05-13T15:28:42.825732+00:00,RUN-REAL-ESS-20260513-002,FIDELITY,SecurityExtract_ESS_2026May13.csv,PLTK,STARMINE_COVERED,2,Immutable partition append from ESS normalization output; numeric provenance preserved.
RUN-REAL-ESS-20260513-002:2026-05-13:POR:STARMINE_COVERED,2026-05-13,2026-05-13T15:28:42.825732+00:00,RUN-REAL-ESS-20260513-002,FIDELITY,SecurityExtract_ESS_2026May13.csv,POR,STARMINE_COVERED,2,Immutable partition append from ESS normalization output; numeric provenance preserved.
RUN-REAL-ESS-20260513-002:2026-05-13:POWL:STARMINE_COVERED,2026-05-13,2026-05-13T15:28:42.825732+00:00,RUN-REAL-ESS-20260513-002,FIDELITY,SecurityExtract_ESS_2026May13.csv,POWL,STARMINE_COVERED,2,Immutable partition append from ESS normalization output; numeric provenance preserved.
RUN-REAL-ESS-20260513-002:2026-05-13:PRAA:STARMINE_COVERED,2026-05-13,2026-05-13T15:28:42.825732+00:00,RUN-REAL-ESS-20260513-002,FIDELITY,SecurityExtract_ESS_2026May13.csv,PRAA,STARMINE_COVERED,2,Immutable partition append from ESS normalization output; numeric provenance preserved.
RUN-REAL-ESS-20260513-002:2026-05-13:PFBC:STARMINE_COVERED,2026-05-13,2026-05-13T15:28:42.825732+00:00,RUN-REAL-ESS-20260513-002,FIDELITY,SecurityExtract_ESS_2026May13.csv,PFBC,STARMINE_COVERED,2,Immutable partition append from ESS normalization output; numeric provenance preserved.
RUN-REAL-ESS-20260513-002:2026-05-13:PBH:STARMINE_COVERED,2026-05-13,2026-05-13T15:28:42.825732+00:00,RUN-REAL-ESS-20260513-002,FIDELITY,SecurityExtract_ESS_2026May13.csv,PBH,STARMINE_COVERED,2,Immutable partition append from ESS normalization output; numeric provenance preserved.
RUN-REAL-ESS-20260513-002:2026-05-13:PSMT:STARMINE_COVERED,2026-05-13,2026-05-13T15:28:42.825732+00:00,RUN-REAL-ESS-20260513-002,FIDELITY,SecurityExtract_ESS_2026May13.csv,PSMT,STARMINE_COVERED,2,Immutable partition append from ESS normalization output; numeric provenance preserved.
RUN-REAL-ESS-20260513-002:2026-05-13:PRG:STARMINE_COVERED,2026-05-13,2026-05-13T15:28:42.825732+00:00,RUN-REAL-ESS-20260513-002,FIDELITY,SecurityExtract_ESS_2026May13.csv,PRG,STARMINE_COVERED,2,Immutable partition append from ESS normalization output; numeric provenance preserved.
RUN-REAL-ESS-20260513-002:2026-05-13:PRGS:STARMINE_COVERED,2026-05-13,2026-05-13T15:28:42.825732+00:00,RUN-REAL-ESS-20260513-002,FIDELITY,SecurityExtract_ESS_2026May13.csv,PRGS,STARMINE_COVERED,2,Immutable partition append from ESS normalization output; numeric provenance preserved.
RUN-REAL-ESS-20260513-002:2026-05-13:PGR:STARMINE_COVERED,2026-05-13,2026-05-13T15:28:42.825732+00:00,RUN-REAL-ESS-20260513-002,FIDELITY,SecurityExtract_ESS_2026May13.csv,PGR,STARMINE_COVERED,2,Immutable partition append from ESS normalization output; numeric provenance preserved.
RUN-REAL-ESS-20260513-002:2026-05-13:PGNY:STARMINE_COVERED,2026-05-13,2026-05-13T15:28:42.825732+00:00,RUN-REAL-ESS-20260513-002,FIDELITY,SecurityExtract_ESS_2026May13.csv,PGNY,STARMINE_COVERED,2,Immutable partition append from ESS normalization output; numeric provenance preserved.
RUN-REAL-ESS-20260513-002:2026-05-13:PLD:STARMINE_COVERED,2026-05-13,2026-05-13T15:28:42.825732+00:00,RUN-REAL-ESS-20260513-002,FIDELITY,SecurityExtract_ESS_2026May13.csv,PLD,STARMINE_COVERED,2,Immutable partition append from ESS normalization output; numeric provenance preserved.
RUN-REAL-ESS-20260513-002:2026-05-13:PUMP:STARMINE_COVERED,2026-05-13,2026-05-13T15:28:42.825732+00:00,RUN-REAL-ESS-20260513-002,FIDELITY,SecurityExtract_ESS_2026May13.csv,PUMP,STARMINE_COVERED,2,Immutable partition append from ESS normalization output; numeric provenance preserved.
RUN-REAL-ESS-20260513-002:2026-05-13:PSA:STARMINE_COVERED,2026-05-13,2026-05-13T15:28:42.825732+00:00,RUN-REAL-ESS-20260513-002,FIDELITY,SecurityExtract_ESS_2026May13.csv,PSA,STARMINE_COVERED,2,Immutable partition append from ESS normalization output; numeric provenance preserved.
RUN-REAL-ESS-20260513-002:2026-05-13:PBYI:STARMINE_COVERED,2026-05-13,2026-05-13T15:28:42.825732+00:00,RUN-REAL-ESS-20260513-002,FIDELITY,SecurityExtract_ESS_2026May13.csv,PBYI,STARMINE_COVERED,2,Immutable partition append from ESS normalization output; numeric provenance preserved.
RUN-REAL-ESS-20260513-002:2026-05-13:PCYO:STARMINE_COVERED,2026-05-13,2026-05-13T15:28:42.825732+00:00,RUN-REAL-ESS-20260513-002,FIDELITY,SecurityExtract_ESS_2026May13.csv,PCYO,STARMINE_COVERED,2,Immutable partition append from ESS normalization output; numeric provenance preserved.
RUN-REAL-ESS-20260513-002:2026-05-13:QGEN:STARMINE_COVERED,2026-05-13,2026-05-13T15:28:42.825732+00:00,RUN-REAL-ESS-20260513-002,FIDELITY,SecurityExtract_ESS_2026May13.csv,QGEN,STARMINE_COVERED,2,Immutable partition append from ESS normalization output; numeric provenance preserved.
RUN-REAL-ESS-20260513-002:2026-05-13:QRVO:STARMINE_COVERED,2026-05-13,2026-05-13T15:28:42.825732+00:00,RUN-REAL-ESS-20260513-002,FIDELITY,SecurityExtract_ESS_2026May13.csv,QRVO,STARMINE_COVERED,2,Immutable partition append from ESS normalization output; numeric provenance preserved.
RUN-REAL-ESS-20260513-002:2026-05-13:QUAD:STARMINE_COVERED,2026-05-13,2026-05-13T15:28:42.825732+00:00,RUN-REAL-ESS-20260513-002,FIDELITY,SecurityExtract_ESS_2026May13.csv,QUAD,STARMINE_COVERED,2,Immutable partition append from ESS normalization output; numeric provenance preserved.
RUN-REAL-ESS-20260513-002:2026-05-13:PWR:STARMINE_COVERED,2026-05-13,2026-05-13T15:28:42.825732+00:00,RUN-REAL-ESS-20260513-002,FIDELITY,SecurityExtract_ESS_2026May13.csv,PWR,STARMINE_COVERED,2,Immutable partition append from ESS normalization output; numeric provenance preserved.
RUN-REAL-ESS-20260513-002:2026-05-13:QUBT:STARMINE_COVERED,2026-05-13,2026-05-13T15:28:42.825732+00:00,RUN-REAL-ESS-20260513-002,FIDELITY,SecurityExtract_ESS_2026May13.csv,QUBT,STARMINE_COVERED,2,Immutable partition append from ESS normalization output; numeric provenance preserved.
RUN-REAL-ESS-20260513-002:2026-05-13:RRX:STARMINE_COVERED,2026-05-13,2026-05-13T15:28:42.825732+00:00,RUN-REAL-ESS-20260513-002,FIDELITY,SecurityExtract_ESS_2026May13.csv,RRX,STARMINE_COVERED,2,Immutable partition append from ESS normalization output; numeric provenance preserved.
RUN-REAL-ESS-20260513-002:2026-05-13:REG:STARMINE_COVERED,2026-05-13,2026-05-13T15:28:42.825732+00:00,RUN-REAL-ESS-20260513-002,FIDELITY,SecurityExtract_ESS_2026May13.csv,REG,STARMINE_COVERED,2,Immutable partition append from ESS normalization output; numeric provenance preserved.
RUN-REAL-ESS-20260513-002:2026-05-13:REGN:STARMINE_COVERED,2026-05-13,2026-05-13T15:28:42.825732+00:00,RUN-REAL-ESS-20260513-002,FIDELITY,SecurityExtract_ESS_2026May13.csv,REGN,STARMINE_COVERED,2,Immutable partition append from ESS normalization output; numeric provenance preserved.
RUN-REAL-ESS-20260513-002:2026-05-13:RGNX:STARMINE_COVERED,2026-05-13,2026-05-13T15:28:42.825732+00:00,RUN-REAL-ESS-20260513-002,FIDELITY,SecurityExtract_ESS_2026May13.csv,RGNX,STARMINE_COVERED,2,Immutable partition append from ESS normalization output; numeric provenance preserved.
RUN-REAL-ESS-20260513-002:2026-05-13:RF:STARMINE_COVERED,2026-05-13,2026-05-13T15:28:42.825732+00:00,RUN-REAL-ESS-20260513-002,FIDELITY,SecurityExtract_ESS_2026May13.csv,RF,STARMINE_COVERED,2,Immutable partition append from ESS normalization output; numeric provenance preserved.
RUN-REAL-ESS-20260513-002:2026-05-13:RGA:STARMINE_COVERED,2026-05-13,2026-05-13T15:28:42.825732+00:00,RUN-REAL-ESS-20260513-002,FIDELITY,SecurityExtract_ESS_2026May13.csv,RGA,STARMINE_COVERED,2,Immutable partition append from ESS normalization output; numeric provenance preserved.
RUN-REAL-ESS-20260513-002:2026-05-13:RS:STARMINE_COVERED,2026-05-13,2026-05-13T15:28:42.825732+00:00,RUN-REAL-ESS-20260513-002,FIDELITY,SecurityExtract_ESS_2026May13.csv,RS,STARMINE_COVERED,2,Immutable partition append from ESS normalization output; numeric provenance preserved.
RUN-REAL-ESS-20260513-002:2026-05-13:REZI:STARMINE_COVERED,2026-05-13,2026-05-13T15:28:42.825732+00:00,RUN-REAL-ESS-20260513-002,FIDELITY,SecurityExtract_ESS_2026May13.csv,REZI,STARMINE_COVERED,2,Immutable partition append from ESS normalization output; numeric provenance preserved.
RUN-REAL-ESS-20260513-002:2026-05-13:RMD:STARMINE_COVERED,2026-05-13,2026-05-13T15:28:42.825732+00:00,RUN-REAL-ESS-20260513-002,FIDELITY,SecurityExtract_ESS_2026May13.csv,RMD,STARMINE_COVERED,2,Immutable partition append from ESS normalization output; numeric provenance preserved.
RUN-REAL-ESS-20260513-002:2026-05-13:QSR:STARMINE_COVERED,2026-05-13,2026-05-13T15:28:42.825732+00:00,RUN-REAL-ESS-20260513-002,FIDELITY,SecurityExtract_ESS_2026May13.csv,QSR,STARMINE_COVERED,2,Immutable partition append from ESS normalization output; numeric provenance preserved.
RUN-REAL-ESS-20260513-002:2026-05-13:RNG:STARMINE_COVERED,2026-05-13,2026-05-13T15:28:42.825732+00:00,RUN-REAL-ESS-20260513-002,FIDELITY,SecurityExtract_ESS_2026May13.csv,RNG,STARMINE_COVERED,2,Immutable partition append from ESS normalization output; numeric provenance preserved.
RUN-REAL-ESS-20260513-002:2026-05-13:RPT:STARMINE_COVERED,2026-05-13,2026-05-13T15:28:42.825732+00:00,RUN-REAL-ESS-20260513-002,FIDELITY,SecurityExtract_ESS_2026May13.csv,RPT,STARMINE_COVERED,2,Immutable partition append from ESS normalization output; numeric provenance preserved.
RUN-REAL-ESS-20260513-002:2026-05-13:ROK:STARMINE_COVERED,2026-05-13,2026-05-13T15:28:42.825732+00:00,RUN-REAL-ESS-20260513-002,FIDELITY,SecurityExtract_ESS_2026May13.csv,ROK,STARMINE_COVERED,2,Immutable partition append from ESS normalization output; numeric provenance preserved.
RUN-REAL-ESS-20260513-002:2026-05-13:ROG:STARMINE_COVERED,2026-05-13,2026-05-13T15:28:42.825732+00:00,RUN-REAL-ESS-20260513-002,FIDELITY,SecurityExtract_ESS_2026May13.csv,ROG,STARMINE_COVERED,2,Immutable partition append from ESS normalization output; numeric provenance preserved.
RUN-REAL-ESS-20260513-002:2026-05-13:RPRX:STARMINE_COVERED,2026-05-13,2026-05-13T15:28:42.825732+00:00,RUN-REAL-ESS-20260513-002,FIDELITY,SecurityExtract_ESS_2026May13.csv,RPRX,STARMINE_COVERED,2,Immutable partition append from ESS normalization output; numeric provenance preserved.
RUN-REAL-ESS-20260513-002:2026-05-13:SAFT:STARMINE_COVERED,2026-05-13,2026-05-13T15:28:42.825732+00:00,RUN-REAL-ESS-20260513-002,FIDELITY,SecurityExtract_ESS_2026May13.csv,SAFT,STARMINE_COVERED,2,Immutable partition append from ESS normalization output; numeric provenance preserved.
RUN-REAL-ESS-20260513-002:2026-05-13:SAIA:STARMINE_COVERED,2026-05-13,2026-05-13T15:28:42.825732+00:00,RUN-REAL-ESS-20260513-002,FIDELITY,SecurityExtract_ESS_2026May13.csv,SAIA,STARMINE_COVERED,2,Immutable partition append from ESS normalization output; numeric provenance preserved.
RUN-REAL-ESS-20260513-002:2026-05-13:SANM:STARMINE_COVERED,2026-05-13,2026-05-13T15:28:42.825732+00:00,RUN-REAL-ESS-20260513-002,FIDELITY,SecurityExtract_ESS_2026May13.csv,SANM,STARMINE_COVERED,2,Immutable partition append from ESS normalization output; numeric provenance preserved.
RUN-REAL-ESS-20260513-002:2026-05-13:SRPT:STARMINE_COVERED,2026-05-13,2026-05-13T15:28:42.825732+00:00,RUN-REAL-ESS-20260513-002,FIDELITY,SecurityExtract_ESS_2026May13.csv,SRPT,STARMINE_COVERED,2,Immutable partition append from ESS normalization output; numeric provenance preserved.
RUN-REAL-ESS-20260513-002:2026-05-13:SBFG:STARMINE_COVERED,2026-05-13,2026-05-13T15:28:42.825732+00:00,RUN-REAL-ESS-20260513-002,FIDELITY,SecurityExtract_ESS_2026May13.csv,SBFG,STARMINE_COVERED,2,Immutable partition append from ESS normalization output; numeric provenance preserved.
RUN-REAL-ESS-20260513-002:2026-05-13:SNDR:STARMINE_COVERED,2026-05-13,2026-05-13T15:28:42.825732+00:00,RUN-REAL-ESS-20260513-002,FIDELITY,SecurityExtract_ESS_2026May13.csv,SNDR,STARMINE_COVERED,2,Immutable partition append from ESS normalization output; numeric provenance preserved.
RUN-REAL-ESS-20260513-002:2026-05-13:SEM:STARMINE_COVERED,2026-05-13,2026-05-13T15:28:42.825732+00:00,RUN-REAL-ESS-20260513-002,FIDELITY,SecurityExtract_ESS_2026May13.csv,SEM,STARMINE_COVERED,2,Immutable partition append from ESS normalization output; numeric provenance preserved.
RUN-REAL-ESS-20260513-002:2026-05-13:SLQT:STARMINE_COVERED,2026-05-13,2026-05-13T15:28:42.825732+00:00,RUN-REAL-ESS-20260513-002,FIDELITY,SecurityExtract_ESS_2026May13.csv,SLQT,STARMINE_COVERED,2,Immutable partition append from ESS normalization output; numeric provenance preserved.
RUN-REAL-ESS-20260513-002:2026-05-13:S:STARMINE_COVERED,2026-05-13,2026-05-13T15:28:42.825732+00:00,RUN-REAL-ESS-20260513-002,FIDELITY,SecurityExtract_ESS_2026May13.csv,S,STARMINE_COVERED,2,Immutable partition append from ESS normalization output; numeric provenance preserved.
RUN-REAL-ESS-20260513-002:2026-05-13:SVC:STARMINE_COVERED,2026-05-13,2026-05-13T15:28:42.825732+00:00,RUN-REAL-ESS-20260513-002,FIDELITY,SecurityExtract_ESS_2026May13.csv,SVC,STARMINE_COVERED,2,Immutable partition append from ESS normalization output; numeric provenance preserved.
RUN-REAL-ESS-20260513-002:2026-05-13:SCVL:STARMINE_COVERED,2026-05-13,2026-05-13T15:28:42.825732+00:00,RUN-REAL-ESS-20260513-002,FIDELITY,SecurityExtract_ESS_2026May13.csv,SCVL,STARMINE_COVERED,2,Immutable partition append from ESS normalization output; numeric provenance preserved.
RUN-REAL-ESS-20260513-002:2026-05-13:SPG:STARMINE_COVERED,2026-05-13,2026-05-13T15:28:42.825732+00:00,RUN-REAL-ESS-20260513-002,FIDELITY,SecurityExtract_ESS_2026May13.csv,SPG,STARMINE_COVERED,2,Immutable partition append from ESS normalization output; numeric provenance preserved.
RUN-REAL-ESS-20260513-002:2026-05-13:SLP:STARMINE_COVERED,2026-05-13,2026-05-13T15:28:42.825732+00:00,RUN-REAL-ESS-20260513-002,FIDELITY,SecurityExtract_ESS_2026May13.csv,SLP,STARMINE_COVERED,2,Immutable partition append from ESS normalization output; numeric provenance preserved.
RUN-REAL-ESS-20260513-002:2026-05-13:SIRI:STARMINE_COVERED,2026-05-13,2026-05-13T15:28:42.825732+00:00,RUN-REAL-ESS-20260513-002,FIDELITY,SecurityExtract_ESS_2026May13.csv,SIRI,STARMINE_COVERED,2,Immutable partition append from ESS normalization output; numeric provenance preserved.
RUN-REAL-ESS-20260513-002:2026-05-13:SITC:STARMINE_COVERED,2026-05-13,2026-05-13T15:28:42.825732+00:00,RUN-REAL-ESS-20260513-002,FIDELITY,SecurityExtract_ESS_2026May13.csv,SITC,STARMINE_COVERED,2,Immutable partition append from ESS normalization output; numeric provenance preserved.
RUN-REAL-ESS-20260513-002:2026-05-13:SLB:STARMINE_COVERED,2026-05-13,2026-05-13T15:28:42.825732+00:00,RUN-REAL-ESS-20260513-002,FIDELITY,SecurityExtract_ESS_2026May13.csv,SLB,STARMINE_COVERED,2,Immutable partition append from ESS normalization output; numeric provenance preserved.
RUN-REAL-ESS-20260513-002:2026-05-13:SLM:STARMINE_COVERED,2026-05-13,2026-05-13T15:28:42.825732+00:00,RUN-REAL-ESS-20260513-002,FIDELITY,SecurityExtract_ESS_2026May13.csv,SLM,STARMINE_COVERED,2,Immutable partition append from ESS normalization output; numeric provenance preserved.
RUN-REAL-ESS-20260513-002:2026-05-13:SM:STARMINE_COVERED,2026-05-13,2026-05-13T15:28:42.825732+00:00,RUN-REAL-ESS-20260513-002,FIDELITY,SecurityExtract_ESS_2026May13.csv,SM,STARMINE_COVERED,2,Immutable partition append from ESS normalization output; numeric provenance preserved.
RUN-REAL-ESS-20260513-002:2026-05-13:SNA:STARMINE_COVERED,2026-05-13,2026-05-13T15:28:42.825732+00:00,RUN-REAL-ESS-20260513-002,FIDELITY,SecurityExtract_ESS_2026May13.csv,SNA,STARMINE_COVERED,2,Immutable partition append from ESS normalization output; numeric provenance preserved.
RUN-REAL-ESS-20260513-002:2026-05-13:SR:STARMINE_COVERED,2026-05-13,2026-05-13T15:28:42.825732+00:00,RUN-REAL-ESS-20260513-002,FIDELITY,SecurityExtract_ESS_2026May13.csv,SR,STARMINE_COVERED,2,Immutable partition append from ESS normalization output; numeric provenance preserved.
RUN-REAL-ESS-20260513-002:2026-05-13:SPSC:STARMINE_COVERED,2026-05-13,2026-05-13T15:28:42.825732+00:00,RUN-REAL-ESS-20260513-002,FIDELITY,SecurityExtract_ESS_2026May13.csv,SPSC,STARMINE_COVERED,2,Immutable partition append from ESS normalization output; numeric provenance preserved.
RUN-REAL-ESS-20260513-002:2026-05-13:STGW:STARMINE_COVERED,2026-05-13,2026-05-13T15:28:42.825732+00:00,RUN-REAL-ESS-20260513-002,FIDELITY,SecurityExtract_ESS_2026May13.csv,STGW,STARMINE_COVERED,2,Immutable partition append from ESS normalization output; numeric provenance preserved.
RUN-REAL-ESS-20260513-002:2026-05-13:LAB:STARMINE_COVERED,2026-05-13,2026-05-13T15:28:42.825732+00:00,RUN-REAL-ESS-20260513-002,FIDELITY,SecurityExtract_ESS_2026May13.csv,LAB,STARMINE_COVERED,2,Immutable partition append from ESS normalization output; numeric provenance preserved.
RUN-REAL-ESS-20260513-002:2026-05-13:SARO:STARMINE_COVERED,2026-05-13,2026-05-13T15:28:42.825732+00:00,RUN-REAL-ESS-20260513-002,FIDELITY,SecurityExtract_ESS_2026May13.csv,SARO,STARMINE_COVERED,2,Immutable partition append from ESS normalization output; numeric provenance preserved.
RUN-REAL-ESS-20260513-002:2026-05-13:STN:STARMINE_COVERED,2026-05-13,2026-05-13T15:28:42.825732+00:00,RUN-REAL-ESS-20260513-002,FIDELITY,SecurityExtract_ESS_2026May13.csv,STN,STARMINE_COVERED,2,Immutable partition append from ESS normalization output; numeric provenance preserved.
RUN-REAL-ESS-20260513-002:2026-05-13:STE:STARMINE_COVERED,2026-05-13,2026-05-13T15:28:42.825732+00:00,RUN-REAL-ESS-20260513-002,FIDELITY,SecurityExtract_ESS_2026May13.csv,STE,STARMINE_COVERED,2,Immutable partition append from ESS normalization output; numeric provenance preserved.
RUN-REAL-ESS-20260513-002:2026-05-13:STC:STARMINE_COVERED,2026-05-13,2026-05-13T15:28:42.825732+00:00,RUN-REAL-ESS-20260513-002,FIDELITY,SecurityExtract_ESS_2026May13.csv,STC,STARMINE_COVERED,2,Immutable partition append from ESS normalization output; numeric provenance preserved.
RUN-REAL-ESS-20260513-002:2026-05-13:SF:STARMINE_COVERED,2026-05-13,2026-05-13T15:28:42.825732+00:00,RUN-REAL-ESS-20260513-002,FIDELITY,SecurityExtract_ESS_2026May13.csv,SF,STARMINE_COVERED,2,Immutable partition append from ESS normalization output; numeric provenance preserved.
RUN-REAL-ESS-20260513-002:2026-05-13:STRA:STARMINE_COVERED,2026-05-13,2026-05-13T15:28:42.825732+00:00,RUN-REAL-ESS-20260513-002,FIDELITY,SecurityExtract_ESS_2026May13.csv,STRA,STARMINE_COVERED,2,Immutable partition append from ESS normalization output; numeric provenance preserved.
RUN-REAL-ESS-20260513-002:2026-05-13:STRT:STARMINE_COVERED,2026-05-13,2026-05-13T15:28:42.825732+00:00,RUN-REAL-ESS-20260513-002,FIDELITY,SecurityExtract_ESS_2026May13.csv,STRT,STARMINE_COVERED,2,Immutable partition append from ESS normalization output; numeric provenance preserved.
RUN-REAL-ESS-20260513-002:2026-05-13:SLF:STARMINE_COVERED,2026-05-13,2026-05-13T15:28:42.825732+00:00,RUN-REAL-ESS-20260513-002,FIDELITY,SecurityExtract_ESS_2026May13.csv,SLF,STARMINE_COVERED,2,Immutable partition append from ESS normalization output; numeric provenance preserved.
RUN-REAL-ESS-20260513-002:2026-05-13:SHO:STARMINE_COVERED,2026-05-13,2026-05-13T15:28:42.825732+00:00,RUN-REAL-ESS-20260513-002,FIDELITY,SecurityExtract_ESS_2026May13.csv,SHO,STARMINE_COVERED,2,Immutable partition append from ESS normalization output; numeric provenance preserved.
RUN-REAL-ESS-20260513-002:2026-05-13:SYF:STARMINE_COVERED,2026-05-13,2026-05-13T15:28:42.825732+00:00,RUN-REAL-ESS-20260513-002,FIDELITY,SecurityExtract_ESS_2026May13.csv,SYF,STARMINE_COVERED,2,Immutable partition append from ESS normalization output; numeric provenance preserved.
RUN-REAL-ESS-20260513-002:2026-05-13:TMUS:STARMINE_COVERED,2026-05-13,2026-05-13T15:28:42.825732+00:00,RUN-REAL-ESS-20260513-002,FIDELITY,SecurityExtract_ESS_2026May13.csv,TMUS,STARMINE_COVERED,2,Immutable partition append from ESS normalization output; numeric provenance preserved.
RUN-REAL-ESS-20260513-002:2026-05-13:TCMD:STARMINE_COVERED,2026-05-13,2026-05-13T15:28:42.825732+00:00,RUN-REAL-ESS-20260513-002,FIDELITY,SecurityExtract_ESS_2026May13.csv,TCMD,STARMINE_COVERED,2,Immutable partition append from ESS normalization output; numeric provenance preserved.
RUN-REAL-ESS-20260513-002:2026-05-13:TSM:STARMINE_COVERED,2026-05-13,2026-05-13T15:28:42.825732+00:00,RUN-REAL-ESS-20260513-002,FIDELITY,SecurityExtract_ESS_2026May13.csv,TSM,STARMINE_COVERED,2,Immutable partition append from ESS normalization output; numeric provenance preserved.
RUN-REAL-ESS-20260513-002:2026-05-13:TRGP:STARMINE_COVERED,2026-05-13,2026-05-13T15:28:42.825732+00:00,RUN-REAL-ESS-20260513-002,FIDELITY,SecurityExtract_ESS_2026May13.csv,TRGP,STARMINE_COVERED,2,Immutable partition append from ESS normalization output; numeric provenance preserved.
RUN-REAL-ESS-20260513-002:2026-05-13:TEL:STARMINE_COVERED,2026-05-13,2026-05-13T15:28:42.825732+00:00,RUN-REAL-ESS-20260513-002,FIDELITY,SecurityExtract_ESS_2026May13.csv,TEL,STARMINE_COVERED,2,Immutable partition append from ESS normalization output; numeric provenance preserved.
RUN-REAL-ESS-20260513-002:2026-05-13:TDY:STARMINE_COVERED,2026-05-13,2026-05-13T15:28:42.825732+00:00,RUN-REAL-ESS-20260513-002,FIDELITY,SecurityExtract_ESS_2026May13.csv,TDY,STARMINE_COVERED,2,Immutable partition append from ESS normalization output; numeric provenance preserved.
RUN-REAL-ESS-20260513-002:2026-05-13:TME:STARMINE_COVERED,2026-05-13,2026-05-13T15:28:42.825732+00:00,RUN-REAL-ESS-20260513-002,FIDELITY,SecurityExtract_ESS_2026May13.csv,TME,STARMINE_COVERED,2,Immutable partition append from ESS normalization output; numeric provenance preserved.
RUN-REAL-ESS-20260513-002:2026-05-13:THC:STARMINE_COVERED,2026-05-13,2026-05-13T15:28:42.825732+00:00,RUN-REAL-ESS-20260513-002,FIDELITY,SecurityExtract_ESS_2026May13.csv,THC,STARMINE_COVERED,2,Immutable partition append from ESS normalization output; numeric provenance preserved.
RUN-REAL-ESS-20260513-002:2026-05-13:TDC:STARMINE_COVERED,2026-05-13,2026-05-13T15:28:42.825732+00:00,RUN-REAL-ESS-20260513-002,FIDELITY,SecurityExtract_ESS_2026May13.csv,TDC,STARMINE_COVERED,2,Immutable partition append from ESS normalization output; numeric provenance preserved.
RUN-REAL-ESS-20260513-002:2026-05-13:TER:STARMINE_COVERED,2026-05-13,2026-05-13T15:28:42.825732+00:00,RUN-REAL-ESS-20260513-002,FIDELITY,SecurityExtract_ESS_2026May13.csv,TER,STARMINE_COVERED,2,Immutable partition append from ESS normalization output; numeric provenance preserved.
RUN-REAL-ESS-20260513-002:2026-05-13:TEX:STARMINE_COVERED,2026-05-13,2026-05-13T15:28:42.825732+00:00,RUN-REAL-ESS-20260513-002,FIDELITY,SecurityExtract_ESS_2026May13.csv,TEX,STARMINE_COVERED,2,Immutable partition append from ESS normalization output; numeric provenance preserved.
RUN-REAL-ESS-20260513-002:2026-05-13:TX:STARMINE_COVERED,2026-05-13,2026-05-13T15:28:42.825732+00:00,RUN-REAL-ESS-20260513-002,FIDELITY,SecurityExtract_ESS_2026May13.csv,TX,STARMINE_COVERED,2,Immutable partition append from ESS normalization output; numeric provenance preserved.
RUN-REAL-ESS-20260513-002:2026-05-13:TRNO:STARMINE_COVERED,2026-05-13,2026-05-13T15:28:42.825732+00:00,RUN-REAL-ESS-20260513-002,FIDELITY,SecurityExtract_ESS_2026May13.csv,TRNO,STARMINE_COVERED,2,Immutable partition append from ESS normalization output; numeric provenance preserved.
RUN-REAL-ESS-20260513-002:2026-05-13:TEVA:STARMINE_COVERED,2026-05-13,2026-05-13T15:28:42.825732+00:00,RUN-REAL-ESS-20260513-002,FIDELITY,SecurityExtract_ESS_2026May13.csv,TEVA,STARMINE_COVERED,2,Immutable partition append from ESS normalization output; numeric provenance preserved.
RUN-REAL-ESS-20260513-002:2026-05-13:TCBI:STARMINE_COVERED,2026-05-13,2026-05-13T15:28:42.825732+00:00,RUN-REAL-ESS-20260513-002,FIDELITY,SecurityExtract_ESS_2026May13.csv,TCBI,STARMINE_COVERED,2,Immutable partition append from ESS normalization output; numeric provenance preserved.
RUN-REAL-ESS-20260513-002:2026-05-13:THR:STARMINE_COVERED,2026-05-13,2026-05-13T15:28:42.825732+00:00,RUN-REAL-ESS-20260513-002,FIDELITY,SecurityExtract_ESS_2026May13.csv,THR,STARMINE_COVERED,2,Immutable partition append from ESS normalization output; numeric provenance preserved.
RUN-REAL-ESS-20260513-002:2026-05-13:TLYS:STARMINE_COVERED,2026-05-13,2026-05-13T15:28:42.825732+00:00,RUN-REAL-ESS-20260513-002,FIDELITY,SecurityExtract_ESS_2026May13.csv,TLYS,STARMINE_COVERED,2,Immutable partition append from ESS normalization output; numeric provenance preserved.
RUN-REAL-ESS-20260513-002:2026-05-13:TM:STARMINE_COVERED,2026-05-13,2026-05-13T15:28:42.825732+00:00,RUN-REAL-ESS-20260513-002,FIDELITY,SecurityExtract_ESS_2026May13.csv,TM,STARMINE_COVERED,2,Immutable partition append from ESS normalization output; numeric provenance preserved.
RUN-REAL-ESS-20260513-002:2026-05-13:TT:STARMINE_COVERED,2026-05-13,2026-05-13T15:28:42.825732+00:00,RUN-REAL-ESS-20260513-002,FIDELITY,SecurityExtract_ESS_2026May13.csv,TT,STARMINE_COVERED,2,Immutable partition append from ESS normalization output; numeric provenance preserved.
RUN-REAL-ESS-20260513-002:2026-05-13:TCBK:STARMINE_COVERED,2026-05-13,2026-05-13T15:28:42.825732+00:00,RUN-REAL-ESS-20260513-002,FIDELITY,SecurityExtract_ESS_2026May13.csv,TCBK,STARMINE_COVERED,2,Immutable partition append from ESS normalization output; numeric provenance preserved.
RUN-REAL-ESS-20260513-002:2026-05-13:TROX:STARMINE_COVERED,2026-05-13,2026-05-13T15:28:42.825732+00:00,RUN-REAL-ESS-20260513-002,FIDELITY,SecurityExtract_ESS_2026May13.csv,TROX,STARMINE_COVERED,2,Immutable partition append from ESS normalization output; numeric provenance preserved.
RUN-REAL-ESS-20260513-002:2026-05-13:TFC:STARMINE_COVERED,2026-05-13,2026-05-13T15:28:42.825732+00:00,RUN-REAL-ESS-20260513-002,FIDELITY,SecurityExtract_ESS_2026May13.csv,TFC,STARMINE_COVERED,2,Immutable partition append from ESS normalization output; numeric provenance preserved.
RUN-REAL-ESS-20260513-002:2026-05-13:TPC:STARMINE_COVERED,2026-05-13,2026-05-13T15:28:42.825732+00:00,RUN-REAL-ESS-20260513-002,FIDELITY,SecurityExtract_ESS_2026May13.csv,TPC,STARMINE_COVERED,2,Immutable partition append from ESS normalization output; numeric provenance preserved.
RUN-REAL-ESS-20260513-002:2026-05-13:TWLO:STARMINE_COVERED,2026-05-13,2026-05-13T15:28:42.825732+00:00,RUN-REAL-ESS-20260513-002,FIDELITY,SecurityExtract_ESS_2026May13.csv,TWLO,STARMINE_COVERED,2,Immutable partition append from ESS normalization output; numeric provenance preserved.
RUN-REAL-ESS-20260513-002:2026-05-13:UHAL:STARMINE_COVERED,2026-05-13,2026-05-13T15:28:42.825732+00:00,RUN-REAL-ESS-20260513-002,FIDELITY,SecurityExtract_ESS_2026May13.csv,UHAL,STARMINE_COVERED,2,Immutable partition append from ESS normalization output; numeric provenance preserved.
RUN-REAL-ESS-20260513-002:2026-05-13:UI:STARMINE_COVERED,2026-05-13,2026-05-13T15:28:42.825732+00:00,RUN-REAL-ESS-20260513-002,FIDELITY,SecurityExtract_ESS_2026May13.csv,UI,STARMINE_COVERED,2,Immutable partition append from ESS normalization output; numeric provenance preserved.
RUN-REAL-ESS-20260513-002:2026-05-13:UDR:STARMINE_COVERED,2026-05-13,2026-05-13T15:28:42.825732+00:00,RUN-REAL-ESS-20260513-002,FIDELITY,SecurityExtract_ESS_2026May13.csv,UDR,STARMINE_COVERED,2,Immutable partition append from ESS normalization output; numeric provenance preserved.
RUN-REAL-ESS-20260513-002:2026-05-13:UGI:STARMINE_COVERED,2026-05-13,2026-05-13T15:28:42.825732+00:00,RUN-REAL-ESS-20260513-002,FIDELITY,SecurityExtract_ESS_2026May13.csv,UGI,STARMINE_COVERED,2,Immutable partition append from ESS normalization output; numeric provenance preserved.
RUN-REAL-ESS-20260513-002:2026-05-13:UMBF:STARMINE_COVERED,2026-05-13,2026-05-13T15:28:42.825732+00:00,RUN-REAL-ESS-20260513-002,FIDELITY,SecurityExtract_ESS_2026May13.csv,UMBF,STARMINE_COVERED,2,Immutable partition append from ESS normalization output; numeric provenance preserved.
RUN-REAL-ESS-20260513-002:2026-05-13:UBSI:STARMINE_COVERED,2026-05-13,2026-05-13T15:28:42.825732+00:00,RUN-REAL-ESS-20260513-002,FIDELITY,SecurityExtract_ESS_2026May13.csv,UBSI,STARMINE_COVERED,2,Immutable partition append from ESS normalization output; numeric provenance preserved.
RUN-REAL-ESS-20260513-002:2026-05-13:UCB:STARMINE_COVERED,2026-05-13,2026-05-13T15:28:42.825732+00:00,RUN-REAL-ESS-20260513-002,FIDELITY,SecurityExtract_ESS_2026May13.csv,UCB,STARMINE_COVERED,2,Immutable partition append from ESS normalization output; numeric provenance preserved.
RUN-REAL-ESS-20260513-002:2026-05-13:URI:STARMINE_COVERED,2026-05-13,2026-05-13T15:28:42.825732+00:00,RUN-REAL-ESS-20260513-002,FIDELITY,SecurityExtract_ESS_2026May13.csv,URI,STARMINE_COVERED,2,Immutable partition append from ESS normalization output; numeric provenance preserved.
RUN-REAL-ESS-20260513-002:2026-05-13:UTHR:STARMINE_COVERED,2026-05-13,2026-05-13T15:28:42.825732+00:00,RUN-REAL-ESS-20260513-002,FIDELITY,SecurityExtract_ESS_2026May13.csv,UTHR,STARMINE_COVERED,2,Immutable partition append from ESS normalization output; numeric provenance preserved.
RUN-REAL-ESS-20260513-002:2026-05-13:ULH:STARMINE_COVERED,2026-05-13,2026-05-13T15:28:42.825732+00:00,RUN-REAL-ESS-20260513-002,FIDELITY,SecurityExtract_ESS_2026May13.csv,ULH,STARMINE_COVERED,2,Immutable partition append from ESS normalization output; numeric provenance preserved.
RUN-REAL-ESS-20260513-002:2026-05-13:UPBD:STARMINE_COVERED,2026-05-13,2026-05-13T15:28:42.825732+00:00,RUN-REAL-ESS-20260513-002,FIDELITY,SecurityExtract_ESS_2026May13.csv,UPBD,STARMINE_COVERED,2,Immutable partition append from ESS normalization output; numeric provenance preserved.
RUN-REAL-ESS-20260513-002:2026-05-13:VFC:STARMINE_COVERED,2026-05-13,2026-05-13T15:28:42.825732+00:00,RUN-REAL-ESS-20260513-002,FIDELITY,SecurityExtract_ESS_2026May13.csv,VFC,STARMINE_COVERED,2,Immutable partition append from ESS normalization output; numeric provenance preserved.
RUN-REAL-ESS-20260513-002:2026-05-13:VALE:STARMINE_COVERED,2026-05-13,2026-05-13T15:28:42.825732+00:00,RUN-REAL-ESS-20260513-002,FIDELITY,SecurityExtract_ESS_2026May13.csv,VALE,STARMINE_COVERED,2,Immutable partition append from ESS normalization output; numeric provenance preserved.
RUN-REAL-ESS-20260513-002:2026-05-13:VLY:STARMINE_COVERED,2026-05-13,2026-05-13T15:28:42.825732+00:00,RUN-REAL-ESS-20260513-002,FIDELITY,SecurityExtract_ESS_2026May13.csv,VLY,STARMINE_COVERED,2,Immutable partition append from ESS normalization output; numeric provenance preserved.
RUN-REAL-ESS-20260513-002:2026-05-13:VEEV:STARMINE_COVERED,2026-05-13,2026-05-13T15:28:42.825732+00:00,RUN-REAL-ESS-20260513-002,FIDELITY,SecurityExtract_ESS_2026May13.csv,VEEV,STARMINE_COVERED,2,Immutable partition append from ESS normalization output; numeric provenance preserved.
RUN-REAL-ESS-20260513-002:2026-05-13:VRSN:STARMINE_COVERED,2026-05-13,2026-05-13T15:28:42.825732+00:00,RUN-REAL-ESS-20260513-002,FIDELITY,SecurityExtract_ESS_2026May13.csv,VRSN,STARMINE_COVERED,2,Immutable partition append from ESS normalization output; numeric provenance preserved.
RUN-REAL-ESS-20260513-002:2026-05-13:VRT:STARMINE_COVERED,2026-05-13,2026-05-13T15:28:42.825732+00:00,RUN-REAL-ESS-20260513-002,FIDELITY,SecurityExtract_ESS_2026May13.csv,VRT,STARMINE_COVERED,2,Immutable partition append from ESS normalization output; numeric provenance preserved.
RUN-REAL-ESS-20260513-002:2026-05-13:VSAT:STARMINE_COVERED,2026-05-13,2026-05-13T15:28:42.825732+00:00,RUN-REAL-ESS-20260513-002,FIDELITY,SecurityExtract_ESS_2026May13.csv,VSAT,STARMINE_COVERED,2,Immutable partition append from ESS normalization output; numeric provenance preserved.
RUN-REAL-ESS-20260513-002:2026-05-13:VTRS:STARMINE_COVERED,2026-05-13,2026-05-13T15:28:42.825732+00:00,RUN-REAL-ESS-20260513-002,FIDELITY,SecurityExtract_ESS_2026May13.csv,VTRS,STARMINE_COVERED,2,Immutable partition append from ESS normalization output; numeric provenance preserved.
RUN-REAL-ESS-20260513-002:2026-05-13:VSCO:STARMINE_COVERED,2026-05-13,2026-05-13T15:28:42.825732+00:00,RUN-REAL-ESS-20260513-002,FIDELITY,SecurityExtract_ESS_2026May13.csv,VSCO,STARMINE_COVERED,2,Immutable partition append from ESS normalization output; numeric provenance preserved.
RUN-REAL-ESS-20260513-002:2026-05-13:VCTR:STARMINE_COVERED,2026-05-13,2026-05-13T15:28:42.825732+00:00,RUN-REAL-ESS-20260513-002,FIDELITY,SecurityExtract_ESS_2026May13.csv,VCTR,STARMINE_COVERED,2,Immutable partition append from ESS normalization output; numeric provenance preserved.
RUN-REAL-ESS-20260513-002:2026-05-13:VIRT:STARMINE_COVERED,2026-05-13,2026-05-13T15:28:42.825732+00:00,RUN-REAL-ESS-20260513-002,FIDELITY,SecurityExtract_ESS_2026May13.csv,VIRT,STARMINE_COVERED,2,Immutable partition append from ESS normalization output; numeric provenance preserved.
RUN-REAL-ESS-20260513-002:2026-05-13:VNO:STARMINE_COVERED,2026-05-13,2026-05-13T15:28:42.825732+00:00,RUN-REAL-ESS-20260513-002,FIDELITY,SecurityExtract_ESS_2026May13.csv,VNO,STARMINE_COVERED,2,Immutable partition append from ESS normalization output; numeric provenance preserved.
RUN-REAL-ESS-20260513-002:2026-05-13:WTI:STARMINE_COVERED,2026-05-13,2026-05-13T15:28:42.825732+00:00,RUN-REAL-ESS-20260513-002,FIDELITY,SecurityExtract_ESS_2026May13.csv,WTI,STARMINE_COVERED,2,Immutable partition append from ESS normalization output; numeric provenance preserved.
RUN-REAL-ESS-20260513-002:2026-05-13:WPC:STARMINE_COVERED,2026-05-13,2026-05-13T15:28:42.825732+00:00,RUN-REAL-ESS-20260513-002,FIDELITY,SecurityExtract_ESS_2026May13.csv,WPC,STARMINE_COVERED,2,Immutable partition append from ESS normalization output; numeric provenance preserved.
RUN-REAL-ESS-20260513-002:2026-05-13:WELL:STARMINE_COVERED,2026-05-13,2026-05-13T15:28:42.825732+00:00,RUN-REAL-ESS-20260513-002,FIDELITY,SecurityExtract_ESS_2026May13.csv,WELL,STARMINE_COVERED,2,Immutable partition append from ESS normalization output; numeric provenance preserved.
RUN-REAL-ESS-20260513-002:2026-05-13:WCC:STARMINE_COVERED,2026-05-13,2026-05-13T15:28:42.825732+00:00,RUN-REAL-ESS-20260513-002,FIDELITY,SecurityExtract_ESS_2026May13.csv,WCC,STARMINE_COVERED,2,Immutable partition append from ESS normalization output; numeric provenance preserved.
RUN-REAL-ESS-20260513-002:2026-05-13:WST:STARMINE_COVERED,2026-05-13,2026-05-13T15:28:42.825732+00:00,RUN-REAL-ESS-20260513-002,FIDELITY,SecurityExtract_ESS_2026May13.csv,WST,STARMINE_COVERED,2,Immutable partition append from ESS normalization output; numeric provenance preserved.
RUN-REAL-ESS-20260513-002:2026-05-13:WDC:STARMINE_COVERED,2026-05-13,2026-05-13T15:28:42.825732+00:00,RUN-REAL-ESS-20260513-002,FIDELITY,SecurityExtract_ESS_2026May13.csv,WDC,STARMINE_COVERED,2,Immutable partition append from ESS normalization output; numeric provenance preserved.
RUN-REAL-ESS-20260513-002:2026-05-13:WEX:STARMINE_COVERED,2026-05-13,2026-05-13T15:28:42.825732+00:00,RUN-REAL-ESS-20260513-002,FIDELITY,SecurityExtract_ESS_2026May13.csv,WEX,STARMINE_COVERED,2,Immutable partition append from ESS normalization output; numeric provenance preserved.
RUN-REAL-ESS-20260513-002:2026-05-13:WSR:STARMINE_COVERED,2026-05-13,2026-05-13T15:28:42.825732+00:00,RUN-REAL-ESS-20260513-002,FIDELITY,SecurityExtract_ESS_2026May13.csv,WSR,STARMINE_COVERED,2,Immutable partition append from ESS normalization output; numeric provenance preserved.
RUN-REAL-ESS-20260513-002:2026-05-13:WLDN:STARMINE_COVERED,2026-05-13,2026-05-13T15:28:42.825732+00:00,RUN-REAL-ESS-20260513-002,FIDELITY,SecurityExtract_ESS_2026May13.csv,WLDN,STARMINE_COVERED,2,Immutable partition append from ESS normalization output; numeric provenance preserved.
RUN-REAL-ESS-20260513-002:2026-05-13:WMB:STARMINE_COVERED,2026-05-13,2026-05-13T15:28:42.825732+00:00,RUN-REAL-ESS-20260513-002,FIDELITY,SecurityExtract_ESS_2026May13.csv,WMB,STARMINE_COVERED,2,Immutable partition append from ESS normalization output; numeric provenance preserved.
RUN-REAL-ESS-20260513-002:2026-05-13:WTW:STARMINE_COVERED,2026-05-13,2026-05-13T15:28:42.825732+00:00,RUN-REAL-ESS-20260513-002,FIDELITY,SecurityExtract_ESS_2026May13.csv,WTW,STARMINE_COVERED,2,Immutable partition append from ESS normalization output; numeric provenance preserved.
RUN-REAL-ESS-20260513-002:2026-05-13:WKC:STARMINE_COVERED,2026-05-13,2026-05-13T15:28:42.825732+00:00,RUN-REAL-ESS-20260513-002,FIDELITY,SecurityExtract_ESS_2026May13.csv,WKC,STARMINE_COVERED,2,Immutable partition append from ESS normalization output; numeric provenance preserved.
RUN-REAL-ESS-20260513-002:2026-05-13:XPEL:STARMINE_COVERED,2026-05-13,2026-05-13T15:28:42.825732+00:00,RUN-REAL-ESS-20260513-002,FIDELITY,SecurityExtract_ESS_2026May13.csv,XPEL,STARMINE_COVERED,2,Immutable partition append from ESS normalization output; numeric provenance preserved.
RUN-REAL-ESS-20260513-002:2026-05-13:XPO:STARMINE_COVERED,2026-05-13,2026-05-13T15:28:42.825732+00:00,RUN-REAL-ESS-20260513-002,FIDELITY,SecurityExtract_ESS_2026May13.csv,XPO,STARMINE_COVERED,2,Immutable partition append from ESS normalization output; numeric provenance preserved.
RUN-REAL-ESS-20260513-002:2026-05-13:ZD:STARMINE_COVERED,2026-05-13,2026-05-13T15:28:42.825732+00:00,RUN-REAL-ESS-20260513-002,FIDELITY,SecurityExtract_ESS_2026May13.csv,ZD,STARMINE_COVERED,2,Immutable partition append from ESS normalization output; numeric provenance preserved.
RUN-REAL-ESS-20260513-002:2026-05-13:ZTS:STARMINE_COVERED,2026-05-13,2026-05-13T15:28:42.825732+00:00,RUN-REAL-ESS-20260513-002,FIDELITY,SecurityExtract_ESS_2026May13.csv,ZTS,STARMINE_COVERED,2,Immutable partition append from ESS normalization output; numeric provenance preserved.
RUN-REAL-ESS-20260513-002:2026-05-13:DDD:STARMINE_COVERED,2026-05-13,2026-05-13T15:28:42.825732+00:00,RUN-REAL-ESS-20260513-002,FIDELITY,SecurityExtract_ESS_2026May13.csv,DDD,STARMINE_COVERED,2,Immutable partition append from ESS normalization output; numeric provenance preserved.
RUN-REAL-ESS-20260513-002:2026-05-13:ATEN:STARMINE_COVERED,2026-05-13,2026-05-13T15:28:42.825732+00:00,RUN-REAL-ESS-20260513-002,FIDELITY,SecurityExtract_ESS_2026May13.csv,ATEN,STARMINE_COVERED,2,Immutable partition append from ESS normalization output; numeric provenance preserved.
RUN-REAL-ESS-20260513-002:2026-05-13:ABM:STARMINE_COVERED,2026-05-13,2026-05-13T15:28:42.825732+00:00,RUN-REAL-ESS-20260513-002,FIDELITY,SecurityExtract_ESS_2026May13.csv,ABM,STARMINE_COVERED,2,Immutable partition append from ESS normalization output; numeric provenance preserved.
RUN-REAL-ESS-20260513-002:2026-05-13:ACTG:STARMINE_COVERED,2026-05-13,2026-05-13T15:28:42.825732+00:00,RUN-REAL-ESS-20260513-002,FIDELITY,SecurityExtract_ESS_2026May13.csv,ACTG,STARMINE_COVERED,2,Immutable partition append from ESS normalization output; numeric provenance preserved.
RUN-REAL-ESS-20260513-002:2026-05-13:ACAD:STARMINE_COVERED,2026-05-13,2026-05-13T15:28:42.825732+00:00,RUN-REAL-ESS-20260513-002,FIDELITY,SecurityExtract_ESS_2026May13.csv,ACAD,STARMINE_COVERED,2,Immutable partition append from ESS normalization output; numeric provenance preserved.
RUN-REAL-ESS-20260513-002:2026-05-13:ACIW:STARMINE_COVERED,2026-05-13,2026-05-13T15:28:42.825732+00:00,RUN-REAL-ESS-20260513-002,FIDELITY,SecurityExtract_ESS_2026May13.csv,ACIW,STARMINE_COVERED,2,Immutable partition append from ESS normalization output; numeric provenance preserved.
RUN-REAL-ESS-20260513-002:2026-05-13:AYI:STARMINE_COVERED,2026-05-13,2026-05-13T15:28:42.825732+00:00,RUN-REAL-ESS-20260513-002,FIDELITY,SecurityExtract_ESS_2026May13.csv,AYI,STARMINE_COVERED,2,Immutable partition append from ESS normalization output; numeric provenance preserved.
RUN-REAL-ESS-20260513-002:2026-05-13:GOLF:STARMINE_COVERED,2026-05-13,2026-05-13T15:28:42.825732+00:00,RUN-REAL-ESS-20260513-002,FIDELITY,SecurityExtract_ESS_2026May13.csv,GOLF,STARMINE_COVERED,2,Immutable partition append from ESS normalization output; numeric provenance preserved.
RUN-REAL-ESS-20260513-002:2026-05-13:ADAM:STARMINE_COVERED,2026-05-13,2026-05-13T15:28:42.825732+00:00,RUN-REAL-ESS-20260513-002,FIDELITY,SecurityExtract_ESS_2026May13.csv,ADAM,STARMINE_COVERED,2,Immutable partition append from ESS normalization output; numeric provenance preserved.
RUN-REAL-ESS-20260513-002:2026-05-13:ADTN:STARMINE_COVERED,2026-05-13,2026-05-13T15:28:42.825732+00:00,RUN-REAL-ESS-20260513-002,FIDELITY,SecurityExtract_ESS_2026May13.csv,ADTN,STARMINE_COVERED,2,Immutable partition append from ESS normalization output; numeric provenance preserved.
RUN-REAL-ESS-20260513-002:2026-05-13:AER:STARMINE_COVERED,2026-05-13,2026-05-13T15:28:42.825732+00:00,RUN-REAL-ESS-20260513-002,FIDELITY,SecurityExtract_ESS_2026May13.csv,AER,STARMINE_COVERED,2,Immutable partition append from ESS normalization output; numeric provenance preserved.
RUN-REAL-ESS-20260513-002:2026-05-13:AMG:STARMINE_COVERED,2026-05-13,2026-05-13T15:28:42.825732+00:00,RUN-REAL-ESS-20260513-002,FIDELITY,SecurityExtract_ESS_2026May13.csv,AMG,STARMINE_COVERED,2,Immutable partition append from ESS normalization output; numeric provenance preserved.
RUN-REAL-ESS-20260513-002:2026-05-13:AGNC:STARMINE_COVERED,2026-05-13,2026-05-13T15:28:42.825732+00:00,RUN-REAL-ESS-20260513-002,FIDELITY,SecurityExtract_ESS_2026May13.csv,AGNC,STARMINE_COVERED,2,Immutable partition append from ESS normalization output; numeric provenance preserved.
RUN-REAL-ESS-20260513-002:2026-05-13:ABNB:STARMINE_COVERED,2026-05-13,2026-05-13T15:28:42.825732+00:00,RUN-REAL-ESS-20260513-002,FIDELITY,SecurityExtract_ESS_2026May13.csv,ABNB,STARMINE_COVERED,2,Immutable partition append from ESS normalization output; numeric provenance preserved.
RUN-REAL-ESS-20260513-002:2026-05-13:ALG:STARMINE_COVERED,2026-05-13,2026-05-13T15:28:42.825732+00:00,RUN-REAL-ESS-20260513-002,FIDELITY,SecurityExtract_ESS_2026May13.csv,ALG,STARMINE_COVERED,2,Immutable partition append from ESS normalization output; numeric provenance preserved.
RUN-REAL-ESS-20260513-002:2026-05-13:ALRM:STARMINE_COVERED,2026-05-13,2026-05-13T15:28:42.825732+00:00,RUN-REAL-ESS-20260513-002,FIDELITY,SecurityExtract_ESS_2026May13.csv,ALRM,STARMINE_COVERED,2,Immutable partition append from ESS normalization output; numeric provenance preserved.
RUN-REAL-ESS-20260513-002:2026-05-13:ALB:STARMINE_COVERED,2026-05-13,2026-05-13T15:28:42.825732+00:00,RUN-REAL-ESS-20260513-002,FIDELITY,SecurityExtract_ESS_2026May13.csv,ALB,STARMINE_COVERED,2,Immutable partition append from ESS normalization output; numeric provenance preserved.
RUN-REAL-ESS-20260513-002:2026-05-13:ALC:STARMINE_COVERED,2026-05-13,2026-05-13T15:28:42.825732+00:00,RUN-REAL-ESS-20260513-002,FIDELITY,SecurityExtract_ESS_2026May13.csv,ALC,STARMINE_COVERED,2,Immutable partition append from ESS normalization output; numeric provenance preserved.
RUN-REAL-ESS-20260513-002:2026-05-13:ALDX:STARMINE_COVERED,2026-05-13,2026-05-13T15:28:42.825732+00:00,RUN-REAL-ESS-20260513-002,FIDELITY,SecurityExtract_ESS_2026May13.csv,ALDX,STARMINE_COVERED,2,Immutable partition append from ESS normalization output; numeric provenance preserved.
RUN-REAL-ESS-20260513-002:2026-05-13:ALX:STARMINE_COVERED,2026-05-13,2026-05-13T15:28:42.825732+00:00,RUN-REAL-ESS-20260513-002,FIDELITY,SecurityExtract_ESS_2026May13.csv,ALX,STARMINE_COVERED,2,Immutable partition append from ESS normalization output; numeric provenance preserved.
RUN-REAL-ESS-20260513-002:2026-05-13:ALSN:STARMINE_COVERED,2026-05-13,2026-05-13T15:28:42.825732+00:00,RUN-REAL-ESS-20260513-002,FIDELITY,SecurityExtract_ESS_2026May13.csv,ALSN,STARMINE_COVERED,2,Immutable partition append from ESS normalization output; numeric provenance preserved.
RUN-REAL-ESS-20260513-002:2026-05-13:ALT:STARMINE_COVERED,2026-05-13,2026-05-13T15:28:42.825732+00:00,RUN-REAL-ESS-20260513-002,FIDELITY,SecurityExtract_ESS_2026May13.csv,ALT,STARMINE_COVERED,2,Immutable partition append from ESS normalization output; numeric provenance preserved.
RUN-REAL-ESS-20260513-002:2026-05-13:AMBA:STARMINE_COVERED,2026-05-13,2026-05-13T15:28:42.825732+00:00,RUN-REAL-ESS-20260513-002,FIDELITY,SecurityExtract_ESS_2026May13.csv,AMBA,STARMINE_COVERED,2,Immutable partition append from ESS normalization output; numeric provenance preserved.
RUN-REAL-ESS-20260513-002:2026-05-13:ABEV:STARMINE_COVERED,2026-05-13,2026-05-13T15:28:42.825732+00:00,RUN-REAL-ESS-20260513-002,FIDELITY,SecurityExtract_ESS_2026May13.csv,ABEV,STARMINE_COVERED,2,Immutable partition append from ESS normalization output; numeric provenance preserved.
RUN-REAL-ESS-20260513-002:2026-05-13:DOX:STARMINE_COVERED,2026-05-13,2026-05-13T15:28:42.825732+00:00,RUN-REAL-ESS-20260513-002,FIDELITY,SecurityExtract_ESS_2026May13.csv,DOX,STARMINE_COVERED,2,Immutable partition append from ESS normalization output; numeric provenance preserved.
RUN-REAL-ESS-20260513-002:2026-05-13:AEE:STARMINE_COVERED,2026-05-13,2026-05-13T15:28:42.825732+00:00,RUN-REAL-ESS-20260513-002,FIDELITY,SecurityExtract_ESS_2026May13.csv,AEE,STARMINE_COVERED,2,Immutable partition append from ESS normalization output; numeric provenance preserved.
RUN-REAL-ESS-20260513-002:2026-05-13:AVD:STARMINE_COVERED,2026-05-13,2026-05-13T15:28:42.825732+00:00,RUN-REAL-ESS-20260513-002,FIDELITY,SecurityExtract_ESS_2026May13.csv,AVD,STARMINE_COVERED,2,Immutable partition append from ESS normalization output; numeric provenance preserved.
RUN-REAL-ESS-20260513-002:2026-05-13:AMGN:STARMINE_COVERED,2026-05-13,2026-05-13T15:28:42.825732+00:00,RUN-REAL-ESS-20260513-002,FIDELITY,SecurityExtract_ESS_2026May13.csv,AMGN,STARMINE_COVERED,2,Immutable partition append from ESS normalization output; numeric provenance preserved.
RUN-REAL-ESS-20260513-002:2026-05-13:AVXL:STARMINE_COVERED,2026-05-13,2026-05-13T15:28:42.825732+00:00,RUN-REAL-ESS-20260513-002,FIDELITY,SecurityExtract_ESS_2026May13.csv,AVXL,STARMINE_COVERED,2,Immutable partition append from ESS normalization output; numeric provenance preserved.
RUN-REAL-ESS-20260513-002:2026-05-13:BUD:STARMINE_COVERED,2026-05-13,2026-05-13T15:28:42.825732+00:00,RUN-REAL-ESS-20260513-002,FIDELITY,SecurityExtract_ESS_2026May13.csv,BUD,STARMINE_COVERED,2,Immutable partition append from ESS normalization output; numeric provenance preserved.
RUN-REAL-ESS-20260513-002:2026-05-13:AR:STARMINE_COVERED,2026-05-13,2026-05-13T15:28:42.825732+00:00,RUN-REAL-ESS-20260513-002,FIDELITY,SecurityExtract_ESS_2026May13.csv,AR,STARMINE_COVERED,2,Immutable partition append from ESS normalization output; numeric provenance preserved.
RUN-REAL-ESS-20260513-002:2026-05-13:APOG:STARMINE_COVERED,2026-05-13,2026-05-13T15:28:42.825732+00:00,RUN-REAL-ESS-20260513-002,FIDELITY,SecurityExtract_ESS_2026May13.csv,APOG,STARMINE_COVERED,2,Immutable partition append from ESS normalization output; numeric provenance preserved.
RUN-REAL-ESS-20260513-002:2026-05-13:ARI:STARMINE_COVERED,2026-05-13,2026-05-13T15:28:42.825732+00:00,RUN-REAL-ESS-20260513-002,FIDELITY,SecurityExtract_ESS_2026May13.csv,ARI,STARMINE_COVERED,2,Immutable partition append from ESS normalization output; numeric provenance preserved.
RUN-REAL-ESS-20260513-002:2026-05-13:APLE:STARMINE_COVERED,2026-05-13,2026-05-13T15:28:42.825732+00:00,RUN-REAL-ESS-20260513-002,FIDELITY,SecurityExtract_ESS_2026May13.csv,APLE,STARMINE_COVERED,2,Immutable partition append from ESS normalization output; numeric provenance preserved.
RUN-REAL-ESS-20260513-002:2026-05-13:ABR:STARMINE_COVERED,2026-05-13,2026-05-13T15:28:42.825732+00:00,RUN-REAL-ESS-20260513-002,FIDELITY,SecurityExtract_ESS_2026May13.csv,ABR,STARMINE_COVERED,2,Immutable partition append from ESS normalization output; numeric provenance preserved.
RUN-REAL-ESS-20260513-002:2026-05-13:ACRE:STARMINE_COVERED,2026-05-13,2026-05-13T15:28:42.825732+00:00,RUN-REAL-ESS-20260513-002,FIDELITY,SecurityExtract_ESS_2026May13.csv,ACRE,STARMINE_COVERED,2,Immutable partition append from ESS normalization output; numeric provenance preserved.
RUN-REAL-ESS-20260513-002:2026-05-13:APAM:STARMINE_COVERED,2026-05-13,2026-05-13T15:28:42.825732+00:00,RUN-REAL-ESS-20260513-002,FIDELITY,SecurityExtract_ESS_2026May13.csv,APAM,STARMINE_COVERED,2,Immutable partition append from ESS normalization output; numeric provenance preserved.
RUN-REAL-ESS-20260513-002:2026-05-13:ABG:STARMINE_COVERED,2026-05-13,2026-05-13T15:28:42.825732+00:00,RUN-REAL-ESS-20260513-002,FIDELITY,SecurityExtract_ESS_2026May13.csv,ABG,STARMINE_COVERED,2,Immutable partition append from ESS normalization output; numeric provenance preserved.
RUN-REAL-ESS-20260513-002:2026-05-13:ASND:STARMINE_COVERED,2026-05-13,2026-05-13T15:28:42.825732+00:00,RUN-REAL-ESS-20260513-002,FIDELITY,SecurityExtract_ESS_2026May13.csv,ASND,STARMINE_COVERED,2,Immutable partition append from ESS normalization output; numeric provenance preserved.
RUN-REAL-ESS-20260513-002:2026-05-13:ASUR:STARMINE_COVERED,2026-05-13,2026-05-13T15:28:42.825732+00:00,RUN-REAL-ESS-20260513-002,FIDELITY,SecurityExtract_ESS_2026May13.csv,ASUR,STARMINE_COVERED,2,Immutable partition append from ESS normalization output; numeric provenance preserved.
RUN-REAL-ESS-20260513-002:2026-05-13:AUB:STARMINE_COVERED,2026-05-13,2026-05-13T15:28:42.825732+00:00,RUN-REAL-ESS-20260513-002,FIDELITY,SecurityExtract_ESS_2026May13.csv,AUB,STARMINE_COVERED,2,Immutable partition append from ESS normalization output; numeric provenance preserved.
RUN-REAL-ESS-20260513-002:2026-05-13:ATMU:STARMINE_COVERED,2026-05-13,2026-05-13T15:28:42.825732+00:00,RUN-REAL-ESS-20260513-002,FIDELITY,SecurityExtract_ESS_2026May13.csv,ATMU,STARMINE_COVERED,2,Immutable partition append from ESS normalization output; numeric provenance preserved.
RUN-REAL-ESS-20260513-002:2026-05-13:ADP:STARMINE_COVERED,2026-05-13,2026-05-13T15:28:42.825732+00:00,RUN-REAL-ESS-20260513-002,FIDELITY,SecurityExtract_ESS_2026May13.csv,ADP,STARMINE_COVERED,2,Immutable partition append from ESS normalization output; numeric provenance preserved.
RUN-REAL-ESS-20260513-002:2026-05-13:ACLS:STARMINE_COVERED,2026-05-13,2026-05-13T15:28:42.825732+00:00,RUN-REAL-ESS-20260513-002,FIDELITY,SecurityExtract_ESS_2026May13.csv,ACLS,STARMINE_COVERED,2,Immutable partition append from ESS normalization output; numeric provenance preserved.
RUN-REAL-ESS-20260513-002:2026-05-13:BTG:STARMINE_COVERED,2026-05-13,2026-05-13T15:28:42.825732+00:00,RUN-REAL-ESS-20260513-002,FIDELITY,SecurityExtract_ESS_2026May13.csv,BTG,STARMINE_COVERED,2,Immutable partition append from ESS normalization output; numeric provenance preserved.
RUN-REAL-ESS-20260513-002:2026-05-13:BMI:STARMINE_COVERED,2026-05-13,2026-05-13T15:28:42.825732+00:00,RUN-REAL-ESS-20260513-002,FIDELITY,SecurityExtract_ESS_2026May13.csv,BMI,STARMINE_COVERED,2,Immutable partition append from ESS normalization output; numeric provenance preserved.
RUN-REAL-ESS-20260513-002:2026-05-13:BCPC:STARMINE_COVERED,2026-05-13,2026-05-13T15:28:42.825732+00:00,RUN-REAL-ESS-20260513-002,FIDELITY,SecurityExtract_ESS_2026May13.csv,BCPC,STARMINE_COVERED,2,Immutable partition append from ESS normalization output; numeric provenance preserved.
RUN-REAL-ESS-20260513-002:2026-05-13:BANC:STARMINE_COVERED,2026-05-13,2026-05-13T15:28:42.825732+00:00,RUN-REAL-ESS-20260513-002,FIDELITY,SecurityExtract_ESS_2026May13.csv,BANC,STARMINE_COVERED,2,Immutable partition append from ESS normalization output; numeric provenance preserved.
RUN-REAL-ESS-20260513-002:2026-05-13:BSBR:STARMINE_COVERED,2026-05-13,2026-05-13T15:28:42.825732+00:00,RUN-REAL-ESS-20260513-002,FIDELITY,SecurityExtract_ESS_2026May13.csv,BSBR,STARMINE_COVERED,2,Immutable partition append from ESS normalization output; numeric provenance preserved.
RUN-REAL-ESS-20260513-002:2026-05-13:BANR:STARMINE_COVERED,2026-05-13,2026-05-13T15:28:42.825732+00:00,RUN-REAL-ESS-20260513-002,FIDELITY,SecurityExtract_ESS_2026May13.csv,BANR,STARMINE_COVERED,2,Immutable partition append from ESS normalization output; numeric provenance preserved.
RUN-REAL-ESS-20260513-002:2026-05-13:BCS:STARMINE_COVERED,2026-05-13,2026-05-13T15:28:42.825732+00:00,RUN-REAL-ESS-20260513-002,FIDELITY,SecurityExtract_ESS_2026May13.csv,BCS,STARMINE_COVERED,2,Immutable partition append from ESS normalization output; numeric provenance preserved.
RUN-REAL-ESS-20260513-002:2026-05-13:BNED:STARMINE_COVERED,2026-05-13,2026-05-13T15:28:42.825732+00:00,RUN-REAL-ESS-20260513-002,FIDELITY,SecurityExtract_ESS_2026May13.csv,BNED,STARMINE_COVERED,2,Immutable partition append from ESS normalization output; numeric provenance preserved.
RUN-REAL-ESS-20260513-002:2026-05-13:B:STARMINE_COVERED,2026-05-13,2026-05-13T15:28:42.825732+00:00,RUN-REAL-ESS-20260513-002,FIDELITY,SecurityExtract_ESS_2026May13.csv,B,STARMINE_COVERED,2,Immutable partition append from ESS normalization output; numeric provenance preserved.
RUN-REAL-ESS-20260513-002:2026-05-13:BCE:STARMINE_COVERED,2026-05-13,2026-05-13T15:28:42.825732+00:00,RUN-REAL-ESS-20260513-002,FIDELITY,SecurityExtract_ESS_2026May13.csv,BCE,STARMINE_COVERED,2,Immutable partition append from ESS normalization output; numeric provenance preserved.
RUN-REAL-ESS-20260513-002:2026-05-13:BDX:STARMINE_COVERED,2026-05-13,2026-05-13T15:28:42.825732+00:00,RUN-REAL-ESS-20260513-002,FIDELITY,SecurityExtract_ESS_2026May13.csv,BDX,STARMINE_COVERED,2,Immutable partition append from ESS normalization output; numeric provenance preserved.
RUN-REAL-ESS-20260513-002:2026-05-13:BGC:STARMINE_COVERED,2026-05-13,2026-05-13T15:28:42.825732+00:00,RUN-REAL-ESS-20260513-002,FIDELITY,SecurityExtract_ESS_2026May13.csv,BGC,STARMINE_COVERED,2,Immutable partition append from ESS normalization output; numeric provenance preserved.
RUN-REAL-ESS-20260513-002:2026-05-13:BJ:STARMINE_COVERED,2026-05-13,2026-05-13T15:28:42.825732+00:00,RUN-REAL-ESS-20260513-002,FIDELITY,SecurityExtract_ESS_2026May13.csv,BJ,STARMINE_COVERED,2,Immutable partition append from ESS normalization output; numeric provenance preserved.
RUN-REAL-ESS-20260513-002:2026-05-13:BA:STARMINE_COVERED,2026-05-13,2026-05-13T15:28:42.825732+00:00,RUN-REAL-ESS-20260513-002,FIDELITY,SecurityExtract_ESS_2026May13.csv,BA,STARMINE_COVERED,2,Immutable partition append from ESS normalization output; numeric provenance preserved.
RUN-REAL-ESS-20260513-002:2026-05-13:BOKF:STARMINE_COVERED,2026-05-13,2026-05-13T15:28:42.825732+00:00,RUN-REAL-ESS-20260513-002,FIDELITY,SecurityExtract_ESS_2026May13.csv,BOKF,STARMINE_COVERED,2,Immutable partition append from ESS normalization output; numeric provenance preserved.
RUN-REAL-ESS-20260513-002:2026-05-13:BDN:STARMINE_COVERED,2026-05-13,2026-05-13T15:28:42.825732+00:00,RUN-REAL-ESS-20260513-002,FIDELITY,SecurityExtract_ESS_2026May13.csv,BDN,STARMINE_COVERED,2,Immutable partition append from ESS normalization output; numeric provenance preserved.
RUN-REAL-ESS-20260513-002:2026-05-13:BTSG:STARMINE_COVERED,2026-05-13,2026-05-13T15:28:42.825732+00:00,RUN-REAL-ESS-20260513-002,FIDELITY,SecurityExtract_ESS_2026May13.csv,BTSG,STARMINE_COVERED,2,Immutable partition append from ESS normalization output; numeric provenance preserved.
RUN-REAL-ESS-20260513-002:2026-05-13:EAT:STARMINE_COVERED,2026-05-13,2026-05-13T15:28:42.825732+00:00,RUN-REAL-ESS-20260513-002,FIDELITY,SecurityExtract_ESS_2026May13.csv,EAT,STARMINE_COVERED,2,Immutable partition append from ESS normalization output; numeric provenance preserved.
RUN-REAL-ESS-20260513-002:2026-05-13:BNL:STARMINE_COVERED,2026-05-13,2026-05-13T15:28:42.825732+00:00,RUN-REAL-ESS-20260513-002,FIDELITY,SecurityExtract_ESS_2026May13.csv,BNL,STARMINE_COVERED,2,Immutable partition append from ESS normalization output; numeric provenance preserved.
RUN-REAL-ESS-20260513-002:2026-05-13:BRO:STARMINE_COVERED,2026-05-13,2026-05-13T15:28:42.825732+00:00,RUN-REAL-ESS-20260513-002,FIDELITY,SecurityExtract_ESS_2026May13.csv,BRO,STARMINE_COVERED,2,Immutable partition append from ESS normalization output; numeric provenance preserved.
RUN-REAL-ESS-20260513-002:2026-05-13:BKE:STARMINE_COVERED,2026-05-13,2026-05-13T15:28:42.825732+00:00,RUN-REAL-ESS-20260513-002,FIDELITY,SecurityExtract_ESS_2026May13.csv,BKE,STARMINE_COVERED,2,Immutable partition append from ESS normalization output; numeric provenance preserved.
RUN-REAL-ESS-20260513-002:2026-05-13:BBW:STARMINE_COVERED,2026-05-13,2026-05-13T15:28:42.825732+00:00,RUN-REAL-ESS-20260513-002,FIDELITY,SecurityExtract_ESS_2026May13.csv,BBW,STARMINE_COVERED,2,Immutable partition append from ESS normalization output; numeric provenance preserved.
RUN-REAL-ESS-20260513-002:2026-05-13:BWXT:STARMINE_COVERED,2026-05-13,2026-05-13T15:28:42.825732+00:00,RUN-REAL-ESS-20260513-002,FIDELITY,SecurityExtract_ESS_2026May13.csv,BWXT,STARMINE_COVERED,2,Immutable partition append from ESS normalization output; numeric provenance preserved.
RUN-REAL-ESS-20260513-002:2026-05-13:BYRN:STARMINE_COVERED,2026-05-13,2026-05-13T15:28:42.825732+00:00,RUN-REAL-ESS-20260513-002,FIDELITY,SecurityExtract_ESS_2026May13.csv,BYRN,STARMINE_COVERED,2,Immutable partition append from ESS normalization output; numeric provenance preserved.
RUN-REAL-ESS-20260513-002:2026-05-13:WHD:STARMINE_COVERED,2026-05-13,2026-05-13T15:28:42.825732+00:00,RUN-REAL-ESS-20260513-002,FIDELITY,SecurityExtract_ESS_2026May13.csv,WHD,STARMINE_COVERED,2,Immutable partition append from ESS normalization output; numeric provenance preserved.
RUN-REAL-ESS-20260513-002:2026-05-13:CCBG:STARMINE_COVERED,2026-05-13,2026-05-13T15:28:42.825732+00:00,RUN-REAL-ESS-20260513-002,FIDELITY,SecurityExtract_ESS_2026May13.csv,CCBG,STARMINE_COVERED,2,Immutable partition append from ESS normalization output; numeric provenance preserved.
RUN-REAL-ESS-20260513-002:2026-05-13:CARG:STARMINE_COVERED,2026-05-13,2026-05-13T15:28:42.825732+00:00,RUN-REAL-ESS-20260513-002,FIDELITY,SecurityExtract_ESS_2026May13.csv,CARG,STARMINE_COVERED,2,Immutable partition append from ESS normalization output; numeric provenance preserved.
RUN-REAL-ESS-20260513-002:2026-05-13:CARR:STARMINE_COVERED,2026-05-13,2026-05-13T15:28:42.825732+00:00,RUN-REAL-ESS-20260513-002,FIDELITY,SecurityExtract_ESS_2026May13.csv,CARR,STARMINE_COVERED,2,Immutable partition append from ESS normalization output; numeric provenance preserved.
RUN-REAL-ESS-20260513-002:2026-05-13:CASS:STARMINE_COVERED,2026-05-13,2026-05-13T15:28:42.825732+00:00,RUN-REAL-ESS-20260513-002,FIDELITY,SecurityExtract_ESS_2026May13.csv,CASS,STARMINE_COVERED,2,Immutable partition append from ESS normalization output; numeric provenance preserved.
RUN-REAL-ESS-20260513-002:2026-05-13:CAT:STARMINE_COVERED,2026-05-13,2026-05-13T15:28:42.825732+00:00,RUN-REAL-ESS-20260513-002,FIDELITY,SecurityExtract_ESS_2026May13.csv,CAT,STARMINE_COVERED,2,Immutable partition append from ESS normalization output; numeric provenance preserved.
RUN-REAL-ESS-20260513-002:2026-05-13:CAVA:STARMINE_COVERED,2026-05-13,2026-05-13T15:28:42.825732+00:00,RUN-REAL-ESS-20260513-002,FIDELITY,SecurityExtract_ESS_2026May13.csv,CAVA,STARMINE_COVERED,2,Immutable partition append from ESS normalization output; numeric provenance preserved.
RUN-REAL-ESS-20260513-002:2026-05-13:CELC:STARMINE_COVERED,2026-05-13,2026-05-13T15:28:42.825732+00:00,RUN-REAL-ESS-20260513-002,FIDELITY,SecurityExtract_ESS_2026May13.csv,CELC,STARMINE_COVERED,2,Immutable partition append from ESS normalization output; numeric provenance preserved.
RUN-REAL-ESS-20260513-002:2026-05-13:CLS:STARMINE_COVERED,2026-05-13,2026-05-13T15:28:42.825732+00:00,RUN-REAL-ESS-20260513-002,FIDELITY,SecurityExtract_ESS_2026May13.csv,CLS,STARMINE_COVERED,2,Immutable partition append from ESS normalization output; numeric provenance preserved.
RUN-REAL-ESS-20260513-002:2026-05-13:CPF:STARMINE_COVERED,2026-05-13,2026-05-13T15:28:42.825732+00:00,RUN-REAL-ESS-20260513-002,FIDELITY,SecurityExtract_ESS_2026May13.csv,CPF,STARMINE_COVERED,2,Immutable partition append from ESS normalization output; numeric provenance preserved.
RUN-REAL-ESS-20260513-002:2026-05-13:CENX:STARMINE_COVERED,2026-05-13,2026-05-13T15:28:42.825732+00:00,RUN-REAL-ESS-20260513-002,FIDELITY,SecurityExtract_ESS_2026May13.csv,CENX,STARMINE_COVERED,2,Immutable partition append from ESS normalization output; numeric provenance preserved.
RUN-REAL-ESS-20260513-002:2026-05-13:CRNT:STARMINE_COVERED,2026-05-13,2026-05-13T15:28:42.825732+00:00,RUN-REAL-ESS-20260513-002,FIDELITY,SecurityExtract_ESS_2026May13.csv,CRNT,STARMINE_COVERED,2,Immutable partition append from ESS normalization output; numeric provenance preserved.
RUN-REAL-ESS-20260513-002:2026-05-13:SKY:STARMINE_COVERED,2026-05-13,2026-05-13T15:28:42.825732+00:00,RUN-REAL-ESS-20260513-002,FIDELITY,SecurityExtract_ESS_2026May13.csv,SKY,STARMINE_COVERED,2,Immutable partition append from ESS normalization output; numeric provenance preserved.
RUN-REAL-ESS-20260513-002:2026-05-13:CVX:STARMINE_COVERED,2026-05-13,2026-05-13T15:28:42.825732+00:00,RUN-REAL-ESS-20260513-002,FIDELITY,SecurityExtract_ESS_2026May13.csv,CVX,STARMINE_COVERED,2,Immutable partition append from ESS normalization output; numeric provenance preserved.
RUN-REAL-ESS-20260513-002:2026-05-13:CHH:STARMINE_COVERED,2026-05-13,2026-05-13T15:28:42.825732+00:00,RUN-REAL-ESS-20260513-002,FIDELITY,SecurityExtract_ESS_2026May13.csv,CHH,STARMINE_COVERED,2,Immutable partition append from ESS normalization output; numeric provenance preserved.
RUN-REAL-ESS-20260513-002:2026-05-13:CB:STARMINE_COVERED,2026-05-13,2026-05-13T15:28:42.825732+00:00,RUN-REAL-ESS-20260513-002,FIDELITY,SecurityExtract_ESS_2026May13.csv,CB,STARMINE_COVERED,2,Immutable partition append from ESS normalization output; numeric provenance preserved.
RUN-REAL-ESS-20260513-002:2026-05-13:CHT:STARMINE_COVERED,2026-05-13,2026-05-13T15:28:42.825732+00:00,RUN-REAL-ESS-20260513-002,FIDELITY,SecurityExtract_ESS_2026May13.csv,CHT,STARMINE_COVERED,2,Immutable partition append from ESS normalization output; numeric provenance preserved.
RUN-REAL-ESS-20260513-002:2026-05-13:CMPR:STARMINE_COVERED,2026-05-13,2026-05-13T15:28:42.825732+00:00,RUN-REAL-ESS-20260513-002,FIDELITY,SecurityExtract_ESS_2026May13.csv,CMPR,STARMINE_COVERED,2,Immutable partition append from ESS normalization output; numeric provenance preserved.
RUN-REAL-ESS-20260513-002:2026-05-13:CZWI:STARMINE_COVERED,2026-05-13,2026-05-13T15:28:42.825732+00:00,RUN-REAL-ESS-20260513-002,FIDELITY,SecurityExtract_ESS_2026May13.csv,CZWI,STARMINE_COVERED,2,Immutable partition append from ESS normalization output; numeric provenance preserved.
RUN-REAL-ESS-20260513-002:2026-05-13:CHCO:STARMINE_COVERED,2026-05-13,2026-05-13T15:28:42.825732+00:00,RUN-REAL-ESS-20260513-002,FIDELITY,SecurityExtract_ESS_2026May13.csv,CHCO,STARMINE_COVERED,2,Immutable partition append from ESS normalization output; numeric provenance preserved.
RUN-REAL-ESS-20260513-002:2026-05-13:CTSH:STARMINE_COVERED,2026-05-13,2026-05-13T15:28:42.825732+00:00,RUN-REAL-ESS-20260513-002,FIDELITY,SecurityExtract_ESS_2026May13.csv,CTSH,STARMINE_COVERED,2,Immutable partition append from ESS normalization output; numeric provenance preserved.
RUN-REAL-ESS-20260513-002:2026-05-13:CNS:STARMINE_COVERED,2026-05-13,2026-05-13T15:28:42.825732+00:00,RUN-REAL-ESS-20260513-002,FIDELITY,SecurityExtract_ESS_2026May13.csv,CNS,STARMINE_COVERED,2,Immutable partition append from ESS normalization output; numeric provenance preserved.
RUN-REAL-ESS-20260513-002:2026-05-13:FIX:STARMINE_COVERED,2026-05-13,2026-05-13T15:28:42.825732+00:00,RUN-REAL-ESS-20260513-002,FIDELITY,SecurityExtract_ESS_2026May13.csv,FIX,STARMINE_COVERED,2,Immutable partition append from ESS normalization output; numeric provenance preserved.
RUN-REAL-ESS-20260513-002:2026-05-13:CBSH:STARMINE_COVERED,2026-05-13,2026-05-13T15:28:42.825732+00:00,RUN-REAL-ESS-20260513-002,FIDELITY,SecurityExtract_ESS_2026May13.csv,CBSH,STARMINE_COVERED,2,Immutable partition append from ESS normalization output; numeric provenance preserved.
RUN-REAL-ESS-20260513-002:2026-05-13:CHCT:STARMINE_COVERED,2026-05-13,2026-05-13T15:28:42.825732+00:00,RUN-REAL-ESS-20260513-002,FIDELITY,SecurityExtract_ESS_2026May13.csv,CHCT,STARMINE_COVERED,2,Immutable partition append from ESS normalization output; numeric provenance preserved.
RUN-REAL-ESS-20260513-002:2026-05-13:CMP:STARMINE_COVERED,2026-05-13,2026-05-13T15:28:42.825732+00:00,RUN-REAL-ESS-20260513-002,FIDELITY,SecurityExtract_ESS_2026May13.csv,CMP,STARMINE_COVERED,2,Immutable partition append from ESS normalization output; numeric provenance preserved.
RUN-REAL-ESS-20260513-002:2026-05-13:CMTL:STARMINE_COVERED,2026-05-13,2026-05-13T15:28:42.825732+00:00,RUN-REAL-ESS-20260513-002,FIDELITY,SecurityExtract_ESS_2026May13.csv,CMTL,STARMINE_COVERED,2,Immutable partition append from ESS normalization output; numeric provenance preserved.
RUN-REAL-ESS-20260513-002:2026-05-13:COO:STARMINE_COVERED,2026-05-13,2026-05-13T15:28:42.825732+00:00,RUN-REAL-ESS-20260513-002,FIDELITY,SecurityExtract_ESS_2026May13.csv,COO,STARMINE_COVERED,2,Immutable partition append from ESS normalization output; numeric provenance preserved.
RUN-REAL-ESS-20260513-002:2026-05-13:CMT:STARMINE_COVERED,2026-05-13,2026-05-13T15:28:42.825732+00:00,RUN-REAL-ESS-20260513-002,FIDELITY,SecurityExtract_ESS_2026May13.csv,CMT,STARMINE_COVERED,2,Immutable partition append from ESS normalization output; numeric provenance preserved.
RUN-REAL-ESS-20260513-002:2026-05-13:CPAY:STARMINE_COVERED,2026-05-13,2026-05-13T15:28:42.825732+00:00,RUN-REAL-ESS-20260513-002,FIDELITY,SecurityExtract_ESS_2026May13.csv,CPAY,STARMINE_COVERED,2,Immutable partition append from ESS normalization output; numeric provenance preserved.
RUN-REAL-ESS-20260513-002:2026-05-13:CROX:STARMINE_COVERED,2026-05-13,2026-05-13T15:28:42.825732+00:00,RUN-REAL-ESS-20260513-002,FIDELITY,SecurityExtract_ESS_2026May13.csv,CROX,STARMINE_COVERED,2,Immutable partition append from ESS normalization output; numeric provenance preserved.
RUN-REAL-ESS-20260513-002:2026-05-13:CCRN:STARMINE_COVERED,2026-05-13,2026-05-13T15:28:42.825732+00:00,RUN-REAL-ESS-20260513-002,FIDELITY,SecurityExtract_ESS_2026May13.csv,CCRN,STARMINE_COVERED,2,Immutable partition append from ESS normalization output; numeric provenance preserved.
RUN-REAL-ESS-20260513-002:2026-05-13:CVI:STARMINE_COVERED,2026-05-13,2026-05-13T15:28:42.825732+00:00,RUN-REAL-ESS-20260513-002,FIDELITY,SecurityExtract_ESS_2026May13.csv,CVI,STARMINE_COVERED,2,Immutable partition append from ESS normalization output; numeric provenance preserved.
RUN-REAL-ESS-20260513-002:2026-05-13:CVS:STARMINE_COVERED,2026-05-13,2026-05-13T15:28:42.825732+00:00,RUN-REAL-ESS-20260513-002,FIDELITY,SecurityExtract_ESS_2026May13.csv,CVS,STARMINE_COVERED,2,Immutable partition append from ESS normalization output; numeric provenance preserved.
RUN-REAL-ESS-20260513-002:2026-05-13:QBTS:STARMINE_COVERED,2026-05-13,2026-05-13T15:28:42.825732+00:00,RUN-REAL-ESS-20260513-002,FIDELITY,SecurityExtract_ESS_2026May13.csv,QBTS,STARMINE_COVERED,2,Immutable partition append from ESS normalization output; numeric provenance preserved.
RUN-REAL-ESS-20260513-002:2026-05-13:DNLI:STARMINE_COVERED,2026-05-13,2026-05-13T15:28:42.825732+00:00,RUN-REAL-ESS-20260513-002,FIDELITY,SecurityExtract_ESS_2026May13.csv,DNLI,STARMINE_COVERED,2,Immutable partition append from ESS normalization output; numeric provenance preserved.
RUN-REAL-ESS-20260513-002:2026-05-13:DXCM:STARMINE_COVERED,2026-05-13,2026-05-13T15:28:42.825732+00:00,RUN-REAL-ESS-20260513-002,FIDELITY,SecurityExtract_ESS_2026May13.csv,DXCM,STARMINE_COVERED,2,Immutable partition append from ESS normalization output; numeric provenance preserved.
RUN-REAL-ESS-20260513-002:2026-05-13:DHT:STARMINE_COVERED,2026-05-13,2026-05-13T15:28:42.825732+00:00,RUN-REAL-ESS-20260513-002,FIDELITY,SecurityExtract_ESS_2026May13.csv,DHT,STARMINE_COVERED,2,Immutable partition append from ESS normalization output; numeric provenance preserved.
RUN-REAL-ESS-20260513-002:2026-05-13:DBD:STARMINE_COVERED,2026-05-13,2026-05-13T15:28:42.825732+00:00,RUN-REAL-ESS-20260513-002,FIDELITY,SecurityExtract_ESS_2026May13.csv,DBD,STARMINE_COVERED,2,Immutable partition append from ESS normalization output; numeric provenance preserved.
RUN-REAL-ESS-20260513-002:2026-05-13:DBRG:STARMINE_COVERED,2026-05-13,2026-05-13T15:28:42.825732+00:00,RUN-REAL-ESS-20260513-002,FIDELITY,SecurityExtract_ESS_2026May13.csv,DBRG,STARMINE_COVERED,2,Immutable partition append from ESS normalization output; numeric provenance preserved.
RUN-REAL-ESS-20260513-002:2026-05-13:DG:STARMINE_COVERED,2026-05-13,2026-05-13T15:28:42.825732+00:00,RUN-REAL-ESS-20260513-002,FIDELITY,SecurityExtract_ESS_2026May13.csv,DG,STARMINE_COVERED,2,Immutable partition append from ESS normalization output; numeric provenance preserved.
RUN-REAL-ESS-20260513-002:2026-05-13:DFIN:STARMINE_COVERED,2026-05-13,2026-05-13T15:28:42.825732+00:00,RUN-REAL-ESS-20260513-002,FIDELITY,SecurityExtract_ESS_2026May13.csv,DFIN,STARMINE_COVERED,2,Immutable partition append from ESS normalization output; numeric provenance preserved.
RUN-REAL-ESS-20260513-002:2026-05-13:DV:STARMINE_COVERED,2026-05-13,2026-05-13T15:28:42.825732+00:00,RUN-REAL-ESS-20260513-002,FIDELITY,SecurityExtract_ESS_2026May13.csv,DV,STARMINE_COVERED,2,Immutable partition append from ESS normalization output; numeric provenance preserved.
RUN-REAL-ESS-20260513-002:2026-05-13:DEI:STARMINE_COVERED,2026-05-13,2026-05-13T15:28:42.825732+00:00,RUN-REAL-ESS-20260513-002,FIDELITY,SecurityExtract_ESS_2026May13.csv,DEI,STARMINE_COVERED,2,Immutable partition append from ESS normalization output; numeric provenance preserved.
RUN-REAL-ESS-20260513-002:2026-05-13:DOCS:STARMINE_COVERED,2026-05-13,2026-05-13T15:28:42.825732+00:00,RUN-REAL-ESS-20260513-002,FIDELITY,SecurityExtract_ESS_2026May13.csv,DOCS,STARMINE_COVERED,2,Immutable partition append from ESS normalization output; numeric provenance preserved.
RUN-REAL-ESS-20260513-002:2026-05-13:DD:STARMINE_COVERED,2026-05-13,2026-05-13T15:28:42.825732+00:00,RUN-REAL-ESS-20260513-002,FIDELITY,SecurityExtract_ESS_2026May13.csv,DD,STARMINE_COVERED,2,Immutable partition append from ESS normalization output; numeric provenance preserved.
RUN-REAL-ESS-20260513-002:2026-05-13:BROS:STARMINE_COVERED,2026-05-13,2026-05-13T15:28:42.825732+00:00,RUN-REAL-ESS-20260513-002,FIDELITY,SecurityExtract_ESS_2026May13.csv,BROS,STARMINE_COVERED,2,Immutable partition append from ESS normalization output; numeric provenance preserved.
RUN-REAL-ESS-20260513-002:2026-05-13:EMN:STARMINE_COVERED,2026-05-13,2026-05-13T15:28:42.825732+00:00,RUN-REAL-ESS-20260513-002,FIDELITY,SecurityExtract_ESS_2026May13.csv,EMN,STARMINE_COVERED,2,Immutable partition append from ESS normalization output; numeric provenance preserved.
RUN-REAL-ESS-20260513-002:2026-05-13:EBAY:STARMINE_COVERED,2026-05-13,2026-05-13T15:28:42.825732+00:00,RUN-REAL-ESS-20260513-002,FIDELITY,SecurityExtract_ESS_2026May13.csv,EBAY,STARMINE_COVERED,2,Immutable partition append from ESS normalization output; numeric provenance preserved.
RUN-REAL-ESS-20260513-002:2026-05-13:LOCO:STARMINE_COVERED,2026-05-13,2026-05-13T15:28:42.825732+00:00,RUN-REAL-ESS-20260513-002,FIDELITY,SecurityExtract_ESS_2026May13.csv,LOCO,STARMINE_COVERED,2,Immutable partition append from ESS normalization output; numeric provenance preserved.
RUN-REAL-ESS-20260513-002:2026-05-13:EMR:STARMINE_COVERED,2026-05-13,2026-05-13T15:28:42.825732+00:00,RUN-REAL-ESS-20260513-002,FIDELITY,SecurityExtract_ESS_2026May13.csv,EMR,STARMINE_COVERED,2,Immutable partition append from ESS normalization output; numeric provenance preserved.
RUN-REAL-ESS-20260513-002:2026-05-13:ESRT:STARMINE_COVERED,2026-05-13,2026-05-13T15:28:42.825732+00:00,RUN-REAL-ESS-20260513-002,FIDELITY,SecurityExtract_ESS_2026May13.csv,ESRT,STARMINE_COVERED,2,Immutable partition append from ESS normalization output; numeric provenance preserved.
RUN-REAL-ESS-20260513-002:2026-05-13:ECPG:STARMINE_COVERED,2026-05-13,2026-05-13T15:28:42.825732+00:00,RUN-REAL-ESS-20260513-002,FIDELITY,SecurityExtract_ESS_2026May13.csv,ECPG,STARMINE_COVERED,2,Immutable partition append from ESS normalization output; numeric provenance preserved.
RUN-REAL-ESS-20260513-002:2026-05-13:ENSG:STARMINE_COVERED,2026-05-13,2026-05-13T15:28:42.825732+00:00,RUN-REAL-ESS-20260513-002,FIDELITY,SecurityExtract_ESS_2026May13.csv,ENSG,STARMINE_COVERED,2,Immutable partition append from ESS normalization output; numeric provenance preserved.
RUN-REAL-ESS-20260513-002:2026-05-13:EFSC:STARMINE_COVERED,2026-05-13,2026-05-13T15:28:42.825732+00:00,RUN-REAL-ESS-20260513-002,FIDELITY,SecurityExtract_ESS_2026May13.csv,EFSC,STARMINE_COVERED,2,Immutable partition append from ESS normalization output; numeric provenance preserved.
RUN-REAL-ESS-20260513-002:2026-05-13:NVRI:STARMINE_COVERED,2026-05-13,2026-05-13T15:28:42.825732+00:00,RUN-REAL-ESS-20260513-002,FIDELITY,SecurityExtract_ESS_2026May13.csv,NVRI,STARMINE_COVERED,2,Immutable partition append from ESS normalization output; numeric provenance preserved.
RUN-REAL-ESS-20260513-002:2026-05-13:EQIX:STARMINE_COVERED,2026-05-13,2026-05-13T15:28:42.825732+00:00,RUN-REAL-ESS-20260513-002,FIDELITY,SecurityExtract_ESS_2026May13.csv,EQIX,STARMINE_COVERED,2,Immutable partition append from ESS normalization output; numeric provenance preserved.
RUN-REAL-ESS-20260513-002:2026-05-13:EVRG:STARMINE_COVERED,2026-05-13,2026-05-13T15:28:42.825732+00:00,RUN-REAL-ESS-20260513-002,FIDELITY,SecurityExtract_ESS_2026May13.csv,EVRG,STARMINE_COVERED,2,Immutable partition append from ESS normalization output; numeric provenance preserved.
RUN-REAL-ESS-20260513-002:2026-05-13:EVER:STARMINE_COVERED,2026-05-13,2026-05-13T15:28:42.825732+00:00,RUN-REAL-ESS-20260513-002,FIDELITY,SecurityExtract_ESS_2026May13.csv,EVER,STARMINE_COVERED,2,Immutable partition append from ESS normalization output; numeric provenance preserved.
RUN-REAL-ESS-20260513-002:2026-05-13:EVTC:STARMINE_COVERED,2026-05-13,2026-05-13T15:28:42.825732+00:00,RUN-REAL-ESS-20260513-002,FIDELITY,SecurityExtract_ESS_2026May13.csv,EVTC,STARMINE_COVERED,2,Immutable partition append from ESS normalization output; numeric provenance preserved.
RUN-REAL-ESS-20260513-002:2026-05-13:EXLS:STARMINE_COVERED,2026-05-13,2026-05-13T15:28:42.825732+00:00,RUN-REAL-ESS-20260513-002,FIDELITY,SecurityExtract_ESS_2026May13.csv,EXLS,STARMINE_COVERED,2,Immutable partition append from ESS normalization output; numeric provenance preserved.
RUN-REAL-ESS-20260513-002:2026-05-13:EXPE:STARMINE_COVERED,2026-05-13,2026-05-13T15:28:42.825732+00:00,RUN-REAL-ESS-20260513-002,FIDELITY,SecurityExtract_ESS_2026May13.csv,EXPE,STARMINE_COVERED,2,Immutable partition append from ESS normalization output; numeric provenance preserved.
RUN-REAL-ESS-20260513-002:2026-05-13:FDS:STARMINE_COVERED,2026-05-13,2026-05-13T15:28:42.825732+00:00,RUN-REAL-ESS-20260513-002,FIDELITY,SecurityExtract_ESS_2026May13.csv,FDS,STARMINE_COVERED,2,Immutable partition append from ESS normalization output; numeric provenance preserved.
RUN-REAL-ESS-20260513-002:2026-05-13:FMAO:STARMINE_COVERED,2026-05-13,2026-05-13T15:28:42.825732+00:00,RUN-REAL-ESS-20260513-002,FIDELITY,SecurityExtract_ESS_2026May13.csv,FMAO,STARMINE_COVERED,2,Immutable partition append from ESS normalization output; numeric provenance preserved.
RUN-REAL-ESS-20260513-002:2026-05-13:FAST:STARMINE_COVERED,2026-05-13,2026-05-13T15:28:42.825732+00:00,RUN-REAL-ESS-20260513-002,FIDELITY,SecurityExtract_ESS_2026May13.csv,FAST,STARMINE_COVERED,2,Immutable partition append from ESS normalization output; numeric provenance preserved.
RUN-REAL-ESS-20260513-002:2026-05-13:FATE:STARMINE_COVERED,2026-05-13,2026-05-13T15:28:42.825732+00:00,RUN-REAL-ESS-20260513-002,FIDELITY,SecurityExtract_ESS_2026May13.csv,FATE,STARMINE_COVERED,2,Immutable partition append from ESS normalization output; numeric provenance preserved.
RUN-REAL-ESS-20260513-002:2026-05-13:FITB:STARMINE_COVERED,2026-05-13,2026-05-13T15:28:42.825732+00:00,RUN-REAL-ESS-20260513-002,FIDELITY,SecurityExtract_ESS_2026May13.csv,FITB,STARMINE_COVERED,2,Immutable partition append from ESS normalization output; numeric provenance preserved.
RUN-REAL-ESS-20260513-002:2026-05-13:FIGS:STARMINE_COVERED,2026-05-13,2026-05-13T15:28:42.825732+00:00,RUN-REAL-ESS-20260513-002,FIDELITY,SecurityExtract_ESS_2026May13.csv,FIGS,STARMINE_COVERED,2,Immutable partition append from ESS normalization output; numeric provenance preserved.
RUN-REAL-ESS-20260513-002:2026-05-13:FBP:STARMINE_COVERED,2026-05-13,2026-05-13T15:28:42.825732+00:00,RUN-REAL-ESS-20260513-002,FIDELITY,SecurityExtract_ESS_2026May13.csv,FBP,STARMINE_COVERED,2,Immutable partition append from ESS normalization output; numeric provenance preserved.
RUN-REAL-ESS-20260513-002:2026-05-13:FCF:STARMINE_COVERED,2026-05-13,2026-05-13T15:28:42.825732+00:00,RUN-REAL-ESS-20260513-002,FIDELITY,SecurityExtract_ESS_2026May13.csv,FCF,STARMINE_COVERED,2,Immutable partition append from ESS normalization output; numeric provenance preserved.
RUN-REAL-ESS-20260513-002:2026-05-13:FFBC:STARMINE_COVERED,2026-05-13,2026-05-13T15:28:42.825732+00:00,RUN-REAL-ESS-20260513-002,FIDELITY,SecurityExtract_ESS_2026May13.csv,FFBC,STARMINE_COVERED,2,Immutable partition append from ESS normalization output; numeric provenance preserved.
RUN-REAL-ESS-20260513-002:2026-05-13:THFF:STARMINE_COVERED,2026-05-13,2026-05-13T15:28:42.825732+00:00,RUN-REAL-ESS-20260513-002,FIDELITY,SecurityExtract_ESS_2026May13.csv,THFF,STARMINE_COVERED,2,Immutable partition append from ESS normalization output; numeric provenance preserved.
RUN-REAL-ESS-20260513-002:2026-05-13:FHN:STARMINE_COVERED,2026-05-13,2026-05-13T15:28:42.825732+00:00,RUN-REAL-ESS-20260513-002,FIDELITY,SecurityExtract_ESS_2026May13.csv,FHN,STARMINE_COVERED,2,Immutable partition append from ESS normalization output; numeric provenance preserved.
RUN-REAL-ESS-20260513-002:2026-05-13:FSLR:STARMINE_COVERED,2026-05-13,2026-05-13T15:28:42.825732+00:00,RUN-REAL-ESS-20260513-002,FIDELITY,SecurityExtract_ESS_2026May13.csv,FSLR,STARMINE_COVERED,2,Immutable partition append from ESS normalization output; numeric provenance preserved.
RUN-REAL-ESS-20260513-002:2026-05-13:F:STARMINE_COVERED,2026-05-13,2026-05-13T15:28:42.825732+00:00,RUN-REAL-ESS-20260513-002,FIDELITY,SecurityExtract_ESS_2026May13.csv,F,STARMINE_COVERED,2,Immutable partition append from ESS normalization output; numeric provenance preserved.
RUN-REAL-ESS-20260513-002:2026-05-13:FOR:STARMINE_COVERED,2026-05-13,2026-05-13T15:28:42.825732+00:00,RUN-REAL-ESS-20260513-002,FIDELITY,SecurityExtract_ESS_2026May13.csv,FOR,STARMINE_COVERED,2,Immutable partition append from ESS normalization output; numeric provenance preserved.
RUN-REAL-ESS-20260513-002:2026-05-13:FTV:STARMINE_COVERED,2026-05-13,2026-05-13T15:28:42.825732+00:00,RUN-REAL-ESS-20260513-002,FIDELITY,SecurityExtract_ESS_2026May13.csv,FTV,STARMINE_COVERED,2,Immutable partition append from ESS normalization output; numeric provenance preserved.
RUN-REAL-ESS-20260513-002:2026-05-13:FTRE:STARMINE_COVERED,2026-05-13,2026-05-13T15:28:42.825732+00:00,RUN-REAL-ESS-20260513-002,FIDELITY,SecurityExtract_ESS_2026May13.csv,FTRE,STARMINE_COVERED,2,Immutable partition append from ESS normalization output; numeric provenance preserved.
RUN-REAL-ESS-20260513-002:2026-05-13:BEN:STARMINE_COVERED,2026-05-13,2026-05-13T15:28:42.825732+00:00,RUN-REAL-ESS-20260513-002,FIDELITY,SecurityExtract_ESS_2026May13.csv,BEN,STARMINE_COVERED,2,Immutable partition append from ESS normalization output; numeric provenance preserved.
RUN-REAL-ESS-20260513-002:2026-05-13:RAIL:STARMINE_COVERED,2026-05-13,2026-05-13T15:28:42.825732+00:00,RUN-REAL-ESS-20260513-002,FIDELITY,SecurityExtract_ESS_2026May13.csv,RAIL,STARMINE_COVERED,2,Immutable partition append from ESS normalization output; numeric provenance preserved.
RUN-REAL-ESS-20260513-002:2026-05-13:FDP:STARMINE_COVERED,2026-05-13,2026-05-13T15:28:42.825732+00:00,RUN-REAL-ESS-20260513-002,FIDELITY,SecurityExtract_ESS_2026May13.csv,FDP,STARMINE_COVERED,2,Immutable partition append from ESS normalization output; numeric provenance preserved.
RUN-REAL-ESS-20260513-002:2026-05-13:FCN:STARMINE_COVERED,2026-05-13,2026-05-13T15:28:42.825732+00:00,RUN-REAL-ESS-20260513-002,FIDELITY,SecurityExtract_ESS_2026May13.csv,FCN,STARMINE_COVERED,2,Immutable partition append from ESS normalization output; numeric provenance preserved.
RUN-REAL-ESS-20260513-002:2026-05-13:FVCB:STARMINE_COVERED,2026-05-13,2026-05-13T15:28:42.825732+00:00,RUN-REAL-ESS-20260513-002,FIDELITY,SecurityExtract_ESS_2026May13.csv,FVCB,STARMINE_COVERED,2,Immutable partition append from ESS normalization output; numeric provenance preserved.
RUN-REAL-ESS-20260513-002:2026-05-13:GNSS:STARMINE_COVERED,2026-05-13,2026-05-13T15:28:42.825732+00:00,RUN-REAL-ESS-20260513-002,FIDELITY,SecurityExtract_ESS_2026May13.csv,GNSS,STARMINE_COVERED,2,Immutable partition append from ESS normalization output; numeric provenance preserved.
RUN-REAL-ESS-20260513-002:2026-05-13:GENC:STARMINE_COVERED,2026-05-13,2026-05-13T15:28:42.825732+00:00,RUN-REAL-ESS-20260513-002,FIDELITY,SecurityExtract_ESS_2026May13.csv,GENC,STARMINE_COVERED,2,Immutable partition append from ESS normalization output; numeric provenance preserved.
RUN-REAL-ESS-20260513-002:2026-05-13:GPN:STARMINE_COVERED,2026-05-13,2026-05-13T15:28:42.825732+00:00,RUN-REAL-ESS-20260513-002,FIDELITY,SecurityExtract_ESS_2026May13.csv,GPN,STARMINE_COVERED,2,Immutable partition append from ESS normalization output; numeric provenance preserved.
RUN-REAL-ESS-20260513-002:2026-05-13:GHC:STARMINE_COVERED,2026-05-13,2026-05-13T15:28:42.825732+00:00,RUN-REAL-ESS-20260513-002,FIDELITY,SecurityExtract_ESS_2026May13.csv,GHC,STARMINE_COVERED,2,Immutable partition append from ESS normalization output; numeric provenance preserved.
RUN-REAL-ESS-20260513-002:2026-05-13:LOPE:STARMINE_COVERED,2026-05-13,2026-05-13T15:28:42.825732+00:00,RUN-REAL-ESS-20260513-002,FIDELITY,SecurityExtract_ESS_2026May13.csv,LOPE,STARMINE_COVERED,2,Immutable partition append from ESS normalization output; numeric provenance preserved.
RUN-REAL-ESS-20260513-002:2026-05-13:GRBK:STARMINE_COVERED,2026-05-13,2026-05-13T15:28:42.825732+00:00,RUN-REAL-ESS-20260513-002,FIDELITY,SecurityExtract_ESS_2026May13.csv,GRBK,STARMINE_COVERED,2,Immutable partition append from ESS normalization output; numeric provenance preserved.
RUN-REAL-ESS-20260513-002:2026-05-13:HBB:STARMINE_COVERED,2026-05-13,2026-05-13T15:28:42.825732+00:00,RUN-REAL-ESS-20260513-002,FIDELITY,SecurityExtract_ESS_2026May13.csv,HBB,STARMINE_COVERED,2,Immutable partition append from ESS normalization output; numeric provenance preserved.
RUN-REAL-ESS-20260513-002:2026-05-13:HAFC:STARMINE_COVERED,2026-05-13,2026-05-13T15:28:42.825732+00:00,RUN-REAL-ESS-20260513-002,FIDELITY,SecurityExtract_ESS_2026May13.csv,HAFC,STARMINE_COVERED,2,Immutable partition append from ESS normalization output; numeric provenance preserved.
RUN-REAL-ESS-20260513-002:2026-05-13:HBIO:STARMINE_COVERED,2026-05-13,2026-05-13T15:28:42.825732+00:00,RUN-REAL-ESS-20260513-002,FIDELITY,SecurityExtract_ESS_2026May13.csv,HBIO,STARMINE_COVERED,2,Immutable partition append from ESS normalization output; numeric provenance preserved.
RUN-REAL-ESS-20260513-002:2026-05-13:HVT:STARMINE_COVERED,2026-05-13,2026-05-13T15:28:42.825732+00:00,RUN-REAL-ESS-20260513-002,FIDELITY,SecurityExtract_ESS_2026May13.csv,HVT,STARMINE_COVERED,2,Immutable partition append from ESS normalization output; numeric provenance preserved.
RUN-REAL-ESS-20260513-002:2026-05-13:HBT:STARMINE_COVERED,2026-05-13,2026-05-13T15:28:42.825732+00:00,RUN-REAL-ESS-20260513-002,FIDELITY,SecurityExtract_ESS_2026May13.csv,HBT,STARMINE_COVERED,2,Immutable partition append from ESS normalization output; numeric provenance preserved.
RUN-REAL-ESS-20260513-002:2026-05-13:DOC:STARMINE_COVERED,2026-05-13,2026-05-13T15:28:42.825732+00:00,RUN-REAL-ESS-20260513-002,FIDELITY,SecurityExtract_ESS_2026May13.csv,DOC,STARMINE_COVERED,2,Immutable partition append from ESS normalization output; numeric provenance preserved.
RUN-REAL-ESS-20260513-002:2026-05-13:JKHY:STARMINE_COVERED,2026-05-13,2026-05-13T15:28:42.825732+00:00,RUN-REAL-ESS-20260513-002,FIDELITY,SecurityExtract_ESS_2026May13.csv,JKHY,STARMINE_COVERED,2,Immutable partition append from ESS normalization output; numeric provenance preserved.
RUN-REAL-ESS-20260513-002:2026-05-13:HSIC:STARMINE_COVERED,2026-05-13,2026-05-13T15:28:42.825732+00:00,RUN-REAL-ESS-20260513-002,FIDELITY,SecurityExtract_ESS_2026May13.csv,HSIC,STARMINE_COVERED,2,Immutable partition append from ESS normalization output; numeric provenance preserved.
RUN-REAL-ESS-20260513-002:2026-05-13:HQI:STARMINE_COVERED,2026-05-13,2026-05-13T15:28:42.825732+00:00,RUN-REAL-ESS-20260513-002,FIDELITY,SecurityExtract_ESS_2026May13.csv,HQI,STARMINE_COVERED,2,Immutable partition append from ESS normalization output; numeric provenance preserved.
RUN-REAL-ESS-20260513-002:2026-05-13:HBCP:STARMINE_COVERED,2026-05-13,2026-05-13T15:28:42.825732+00:00,RUN-REAL-ESS-20260513-002,FIDELITY,SecurityExtract_ESS_2026May13.csv,HBCP,STARMINE_COVERED,2,Immutable partition append from ESS normalization output; numeric provenance preserved.
RUN-REAL-ESS-20260513-002:2026-05-13:HOPE:STARMINE_COVERED,2026-05-13,2026-05-13T15:28:42.825732+00:00,RUN-REAL-ESS-20260513-002,FIDELITY,SecurityExtract_ESS_2026May13.csv,HOPE,STARMINE_COVERED,2,Immutable partition append from ESS normalization output; numeric provenance preserved.
RUN-REAL-ESS-20260513-002:2026-05-13:HMN:STARMINE_COVERED,2026-05-13,2026-05-13T15:28:42.825732+00:00,RUN-REAL-ESS-20260513-002,FIDELITY,SecurityExtract_ESS_2026May13.csv,HMN,STARMINE_COVERED,2,Immutable partition append from ESS normalization output; numeric provenance preserved.
RUN-REAL-ESS-20260513-002:2026-05-13:HUN:STARMINE_COVERED,2026-05-13,2026-05-13T15:28:42.825732+00:00,RUN-REAL-ESS-20260513-002,FIDELITY,SecurityExtract_ESS_2026May13.csv,HUN,STARMINE_COVERED,2,Immutable partition append from ESS normalization output; numeric provenance preserved.
RUN-REAL-ESS-20260513-002:2026-05-13:IAG:STARMINE_COVERED,2026-05-13,2026-05-13T15:28:42.825732+00:00,RUN-REAL-ESS-20260513-002,FIDELITY,SecurityExtract_ESS_2026May13.csv,IAG,STARMINE_COVERED,2,Immutable partition append from ESS normalization output; numeric provenance preserved.
RUN-REAL-ESS-20260513-002:2026-05-13:IDT:STARMINE_COVERED,2026-05-13,2026-05-13T15:28:42.825732+00:00,RUN-REAL-ESS-20260513-002,FIDELITY,SecurityExtract_ESS_2026May13.csv,IDT,STARMINE_COVERED,2,Immutable partition append from ESS normalization output; numeric provenance preserved.
RUN-REAL-ESS-20260513-002:2026-05-13:IBCP:STARMINE_COVERED,2026-05-13,2026-05-13T15:28:42.825732+00:00,RUN-REAL-ESS-20260513-002,FIDELITY,SecurityExtract_ESS_2026May13.csv,IBCP,STARMINE_COVERED,2,Immutable partition append from ESS normalization output; numeric provenance preserved.
RUN-REAL-ESS-20260513-002:2026-05-13:INDB:STARMINE_COVERED,2026-05-13,2026-05-13T15:28:42.825732+00:00,RUN-REAL-ESS-20260513-002,FIDELITY,SecurityExtract_ESS_2026May13.csv,INDB,STARMINE_COVERED,2,Immutable partition append from ESS normalization output; numeric provenance preserved.
RUN-REAL-ESS-20260513-002:2026-05-13:ILPT:STARMINE_COVERED,2026-05-13,2026-05-13T15:28:42.825732+00:00,RUN-REAL-ESS-20260513-002,FIDELITY,SecurityExtract_ESS_2026May13.csv,ILPT,STARMINE_COVERED,2,Immutable partition append from ESS normalization output; numeric provenance preserved.
RUN-REAL-ESS-20260513-002:2026-05-13:IOSP:STARMINE_COVERED,2026-05-13,2026-05-13T15:28:42.825732+00:00,RUN-REAL-ESS-20260513-002,FIDELITY,SecurityExtract_ESS_2026May13.csv,IOSP,STARMINE_COVERED,2,Immutable partition append from ESS normalization output; numeric provenance preserved.
RUN-REAL-ESS-20260513-002:2026-05-13:INSG:STARMINE_COVERED,2026-05-13,2026-05-13T15:28:42.825732+00:00,RUN-REAL-ESS-20260513-002,FIDELITY,SecurityExtract_ESS_2026May13.csv,INSG,STARMINE_COVERED,2,Immutable partition append from ESS normalization output; numeric provenance preserved.
RUN-REAL-ESS-20260513-002:2026-05-13:INSP:STARMINE_COVERED,2026-05-13,2026-05-13T15:28:42.825732+00:00,RUN-REAL-ESS-20260513-002,FIDELITY,SecurityExtract_ESS_2026May13.csv,INSP,STARMINE_COVERED,2,Immutable partition append from ESS normalization output; numeric provenance preserved.
RUN-REAL-ESS-20260513-002:2026-05-13:INSE:STARMINE_COVERED,2026-05-13,2026-05-13T15:28:42.825732+00:00,RUN-REAL-ESS-20260513-002,FIDELITY,SecurityExtract_ESS_2026May13.csv,INSE,STARMINE_COVERED,2,Immutable partition append from ESS normalization output; numeric provenance preserved.
RUN-REAL-ESS-20260513-002:2026-05-13:PODD:STARMINE_COVERED,2026-05-13,2026-05-13T15:28:42.825732+00:00,RUN-REAL-ESS-20260513-002,FIDELITY,SecurityExtract_ESS_2026May13.csv,PODD,STARMINE_COVERED,2,Immutable partition append from ESS normalization output; numeric provenance preserved.
RUN-REAL-ESS-20260513-002:2026-05-13:ITGR:STARMINE_COVERED,2026-05-13,2026-05-13T15:28:42.825732+00:00,RUN-REAL-ESS-20260513-002,FIDELITY,SecurityExtract_ESS_2026May13.csv,ITGR,STARMINE_COVERED,2,Immutable partition append from ESS normalization output; numeric provenance preserved.
RUN-REAL-ESS-20260513-002:2026-05-13:IBKR:STARMINE_COVERED,2026-05-13,2026-05-13T15:28:42.825732+00:00,RUN-REAL-ESS-20260513-002,FIDELITY,SecurityExtract_ESS_2026May13.csv,IBKR,STARMINE_COVERED,2,Immutable partition append from ESS normalization output; numeric provenance preserved.
RUN-REAL-ESS-20260513-002:2026-05-13:TILE:STARMINE_COVERED,2026-05-13,2026-05-13T15:28:42.825732+00:00,RUN-REAL-ESS-20260513-002,FIDELITY,SecurityExtract_ESS_2026May13.csv,TILE,STARMINE_COVERED,2,Immutable partition append from ESS normalization output; numeric provenance preserved.
RUN-REAL-ESS-20260513-002:2026-05-13:INSW:STARMINE_COVERED,2026-05-13,2026-05-13T15:28:42.825732+00:00,RUN-REAL-ESS-20260513-002,FIDELITY,SecurityExtract_ESS_2026May13.csv,INSW,STARMINE_COVERED,2,Immutable partition append from ESS normalization output; numeric provenance preserved.
RUN-REAL-ESS-20260513-002:2026-05-13:INTT:STARMINE_COVERED,2026-05-13,2026-05-13T15:28:42.825732+00:00,RUN-REAL-ESS-20260513-002,FIDELITY,SecurityExtract_ESS_2026May13.csv,INTT,STARMINE_COVERED,2,Immutable partition append from ESS normalization output; numeric provenance preserved.
RUN-REAL-ESS-20260513-002:2026-05-13:IVZ:STARMINE_COVERED,2026-05-13,2026-05-13T15:28:42.825732+00:00,RUN-REAL-ESS-20260513-002,FIDELITY,SecurityExtract_ESS_2026May13.csv,IVZ,STARMINE_COVERED,2,Immutable partition append from ESS normalization output; numeric provenance preserved.
RUN-REAL-ESS-20260513-002:2026-05-13:INVH:STARMINE_COVERED,2026-05-13,2026-05-13T15:28:42.825732+00:00,RUN-REAL-ESS-20260513-002,FIDELITY,SecurityExtract_ESS_2026May13.csv,INVH,STARMINE_COVERED,2,Immutable partition append from ESS normalization output; numeric provenance preserved.
RUN-REAL-ESS-20260513-002:2026-05-13:ITRI:STARMINE_COVERED,2026-05-13,2026-05-13T15:28:42.825732+00:00,RUN-REAL-ESS-20260513-002,FIDELITY,SecurityExtract_ESS_2026May13.csv,ITRI,STARMINE_COVERED,2,Immutable partition append from ESS normalization output; numeric provenance preserved.
RUN-REAL-ESS-20260513-002:2026-05-13:JD:STARMINE_COVERED,2026-05-13,2026-05-13T15:28:42.825732+00:00,RUN-REAL-ESS-20260513-002,FIDELITY,SecurityExtract_ESS_2026May13.csv,JD,STARMINE_COVERED,2,Immutable partition append from ESS normalization output; numeric provenance preserved.
RUN-REAL-ESS-20260513-002:2026-05-13:JNJ:STARMINE_COVERED,2026-05-13,2026-05-13T15:28:42.825732+00:00,RUN-REAL-ESS-20260513-002,FIDELITY,SecurityExtract_ESS_2026May13.csv,JNJ,STARMINE_COVERED,2,Immutable partition append from ESS normalization output; numeric provenance preserved.
RUN-REAL-ESS-20260513-002:2026-05-13:KELYA:STARMINE_COVERED,2026-05-13,2026-05-13T15:28:42.825732+00:00,RUN-REAL-ESS-20260513-002,FIDELITY,SecurityExtract_ESS_2026May13.csv,KELYA,STARMINE_COVERED,2,Immutable partition append from ESS normalization output; numeric provenance preserved.
RUN-REAL-ESS-20260513-002:2026-05-13:KVUE:STARMINE_COVERED,2026-05-13,2026-05-13T15:28:42.825732+00:00,RUN-REAL-ESS-20260513-002,FIDELITY,SecurityExtract_ESS_2026May13.csv,KVUE,STARMINE_COVERED,2,Immutable partition append from ESS normalization output; numeric provenance preserved.
RUN-REAL-ESS-20260513-002:2026-05-13:KRC:STARMINE_COVERED,2026-05-13,2026-05-13T15:28:42.825732+00:00,RUN-REAL-ESS-20260513-002,FIDELITY,SecurityExtract_ESS_2026May13.csv,KRC,STARMINE_COVERED,2,Immutable partition append from ESS normalization output; numeric provenance preserved.
RUN-REAL-ESS-20260513-002:2026-05-13:KNX:STARMINE_COVERED,2026-05-13,2026-05-13T15:28:42.825732+00:00,RUN-REAL-ESS-20260513-002,FIDELITY,SecurityExtract_ESS_2026May13.csv,KNX,STARMINE_COVERED,2,Immutable partition append from ESS normalization output; numeric provenance preserved.
RUN-REAL-ESS-20260513-002:2026-05-13:KOD:STARMINE_COVERED,2026-05-13,2026-05-13T15:28:42.825732+00:00,RUN-REAL-ESS-20260513-002,FIDELITY,SecurityExtract_ESS_2026May13.csv,KOD,STARMINE_COVERED,2,Immutable partition append from ESS normalization output; numeric provenance preserved.
RUN-REAL-ESS-20260513-002:2026-05-13:KSS:STARMINE_COVERED,2026-05-13,2026-05-13T15:28:42.825732+00:00,RUN-REAL-ESS-20260513-002,FIDELITY,SecurityExtract_ESS_2026May13.csv,KSS,STARMINE_COVERED,2,Immutable partition append from ESS normalization output; numeric provenance preserved.
RUN-REAL-ESS-20260513-002:2026-05-13:KEP:STARMINE_COVERED,2026-05-13,2026-05-13T15:28:42.825732+00:00,RUN-REAL-ESS-20260513-002,FIDELITY,SecurityExtract_ESS_2026May13.csv,KEP,STARMINE_COVERED,2,Immutable partition append from ESS normalization output; numeric provenance preserved.
RUN-REAL-ESS-20260513-002:2026-05-13:LZB:STARMINE_COVERED,2026-05-13,2026-05-13T15:28:42.825732+00:00,RUN-REAL-ESS-20260513-002,FIDELITY,SecurityExtract_ESS_2026May13.csv,LZB,STARMINE_COVERED,2,Immutable partition append from ESS normalization output; numeric provenance preserved.
RUN-REAL-ESS-20260513-002:2026-05-13:LEG:STARMINE_COVERED,2026-05-13,2026-05-13T15:28:42.825732+00:00,RUN-REAL-ESS-20260513-002,FIDELITY,SecurityExtract_ESS_2026May13.csv,LEG,STARMINE_COVERED,2,Immutable partition append from ESS normalization output; numeric provenance preserved.
RUN-REAL-ESS-20260513-002:2026-05-13:LEVI:STARMINE_COVERED,2026-05-13,2026-05-13T15:28:42.825732+00:00,RUN-REAL-ESS-20260513-002,FIDELITY,SecurityExtract_ESS_2026May13.csv,LEVI,STARMINE_COVERED,2,Immutable partition append from ESS normalization output; numeric provenance preserved.
RUN-REAL-ESS-20260513-002:2026-05-13:LXRX:STARMINE_COVERED,2026-05-13,2026-05-13T15:28:42.825732+00:00,RUN-REAL-ESS-20260513-002,FIDELITY,SecurityExtract_ESS_2026May13.csv,LXRX,STARMINE_COVERED,2,Immutable partition append from ESS normalization output; numeric provenance preserved.
RUN-REAL-ESS-20260513-002:2026-05-13:LFST:STARMINE_COVERED,2026-05-13,2026-05-13T15:28:42.825732+00:00,RUN-REAL-ESS-20260513-002,FIDELITY,SecurityExtract_ESS_2026May13.csv,LFST,STARMINE_COVERED,2,Immutable partition append from ESS normalization output; numeric provenance preserved.
RUN-REAL-ESS-20260513-002:2026-05-13:LGND:STARMINE_COVERED,2026-05-13,2026-05-13T15:28:42.825732+00:00,RUN-REAL-ESS-20260513-002,FIDELITY,SecurityExtract_ESS_2026May13.csv,LGND,STARMINE_COVERED,2,Immutable partition append from ESS normalization output; numeric provenance preserved.
RUN-REAL-ESS-20260513-002:2026-05-13:LPTH:STARMINE_COVERED,2026-05-13,2026-05-13T15:28:42.825732+00:00,RUN-REAL-ESS-20260513-002,FIDELITY,SecurityExtract_ESS_2026May13.csv,LPTH,STARMINE_COVERED,2,Immutable partition append from ESS normalization output; numeric provenance preserved.
RUN-REAL-ESS-20260513-002:2026-05-13:LPSN:STARMINE_COVERED,2026-05-13,2026-05-13T15:28:42.825732+00:00,RUN-REAL-ESS-20260513-002,FIDELITY,SecurityExtract_ESS_2026May13.csv,LPSN,STARMINE_COVERED,2,Immutable partition append from ESS normalization output; numeric provenance preserved.
RUN-REAL-ESS-20260513-002:2026-05-13:MTSI:STARMINE_COVERED,2026-05-13,2026-05-13T15:28:42.825732+00:00,RUN-REAL-ESS-20260513-002,FIDELITY,SecurityExtract_ESS_2026May13.csv,MTSI,STARMINE_COVERED,2,Immutable partition append from ESS normalization output; numeric provenance preserved.
RUN-REAL-ESS-20260513-002:2026-05-13:MX:STARMINE_COVERED,2026-05-13,2026-05-13T15:28:42.825732+00:00,RUN-REAL-ESS-20260513-002,FIDELITY,SecurityExtract_ESS_2026May13.csv,MX,STARMINE_COVERED,2,Immutable partition append from ESS normalization output; numeric provenance preserved.
RUN-REAL-ESS-20260513-002:2026-05-13:MANH:STARMINE_COVERED,2026-05-13,2026-05-13T15:28:42.825732+00:00,RUN-REAL-ESS-20260513-002,FIDELITY,SecurityExtract_ESS_2026May13.csv,MANH,STARMINE_COVERED,2,Immutable partition append from ESS normalization output; numeric provenance preserved.
RUN-REAL-ESS-20260513-002:2026-05-13:MAN:STARMINE_COVERED,2026-05-13,2026-05-13T15:28:42.825732+00:00,RUN-REAL-ESS-20260513-002,FIDELITY,SecurityExtract_ESS_2026May13.csv,MAN,STARMINE_COVERED,2,Immutable partition append from ESS normalization output; numeric provenance preserved.
RUN-REAL-ESS-20260513-002:2026-05-13:MCS:STARMINE_COVERED,2026-05-13,2026-05-13T15:28:42.825732+00:00,RUN-REAL-ESS-20260513-002,FIDELITY,SecurityExtract_ESS_2026May13.csv,MCS,STARMINE_COVERED,2,Immutable partition append from ESS normalization output; numeric provenance preserved.
RUN-REAL-ESS-20260513-002:2026-05-13:MKL:STARMINE_COVERED,2026-05-13,2026-05-13T15:28:42.825732+00:00,RUN-REAL-ESS-20260513-002,FIDELITY,SecurityExtract_ESS_2026May13.csv,MKL,STARMINE_COVERED,2,Immutable partition append from ESS normalization output; numeric provenance preserved.
RUN-REAL-ESS-20260513-002:2026-05-13:MAR:STARMINE_COVERED,2026-05-13,2026-05-13T15:28:42.825732+00:00,RUN-REAL-ESS-20260513-002,FIDELITY,SecurityExtract_ESS_2026May13.csv,MAR,STARMINE_COVERED,2,Immutable partition append from ESS normalization output; numeric provenance preserved.
RUN-REAL-ESS-20260513-002:2026-05-13:VAC:STARMINE_COVERED,2026-05-13,2026-05-13T15:28:42.825732+00:00,RUN-REAL-ESS-20260513-002,FIDELITY,SecurityExtract_ESS_2026May13.csv,VAC,STARMINE_COVERED,2,Immutable partition append from ESS normalization output; numeric provenance preserved.
RUN-REAL-ESS-20260513-002:2026-05-13:MRVL:STARMINE_COVERED,2026-05-13,2026-05-13T15:28:42.825732+00:00,RUN-REAL-ESS-20260513-002,FIDELITY,SecurityExtract_ESS_2026May13.csv,MRVL,STARMINE_COVERED,2,Immutable partition append from ESS normalization output; numeric provenance preserved.
RUN-REAL-ESS-20260513-002:2026-05-13:MA:STARMINE_COVERED,2026-05-13,2026-05-13T15:28:42.825732+00:00,RUN-REAL-ESS-20260513-002,FIDELITY,SecurityExtract_ESS_2026May13.csv,MA,STARMINE_COVERED,2,Immutable partition append from ESS normalization output; numeric provenance preserved.
RUN-REAL-ESS-20260513-002:2026-05-13:MATW:STARMINE_COVERED,2026-05-13,2026-05-13T15:28:42.825732+00:00,RUN-REAL-ESS-20260513-002,FIDELITY,SecurityExtract_ESS_2026May13.csv,MATW,STARMINE_COVERED,2,Immutable partition append from ESS normalization output; numeric provenance preserved.
RUN-REAL-ESS-20260513-002:2026-05-13:MFIN:STARMINE_COVERED,2026-05-13,2026-05-13T15:28:42.825732+00:00,RUN-REAL-ESS-20260513-002,FIDELITY,SecurityExtract_ESS_2026May13.csv,MFIN,STARMINE_COVERED,2,Immutable partition append from ESS normalization output; numeric provenance preserved.
RUN-REAL-ESS-20260513-002:2026-05-13:MBIN:STARMINE_COVERED,2026-05-13,2026-05-13T15:28:42.825732+00:00,RUN-REAL-ESS-20260513-002,FIDELITY,SecurityExtract_ESS_2026May13.csv,MBIN,STARMINE_COVERED,2,Immutable partition append from ESS normalization output; numeric provenance preserved.
RUN-REAL-ESS-20260513-002:2026-05-13:MSFT:STARMINE_COVERED,2026-05-13,2026-05-13T15:28:42.825732+00:00,RUN-REAL-ESS-20260513-002,FIDELITY,SecurityExtract_ESS_2026May13.csv,MSFT,STARMINE_COVERED,2,Immutable partition append from ESS normalization output; numeric provenance preserved.
RUN-REAL-ESS-20260513-002:2026-05-13:MLR:STARMINE_COVERED,2026-05-13,2026-05-13T15:28:42.825732+00:00,RUN-REAL-ESS-20260513-002,FIDELITY,SecurityExtract_ESS_2026May13.csv,MLR,STARMINE_COVERED,2,Immutable partition append from ESS normalization output; numeric provenance preserved.
RUN-REAL-ESS-20260513-002:2026-05-13:MTX:STARMINE_COVERED,2026-05-13,2026-05-13T15:28:42.825732+00:00,RUN-REAL-ESS-20260513-002,FIDELITY,SecurityExtract_ESS_2026May13.csv,MTX,STARMINE_COVERED,2,Immutable partition append from ESS normalization output; numeric provenance preserved.
RUN-REAL-ESS-20260513-002:2026-05-13:MITK:STARMINE_COVERED,2026-05-13,2026-05-13T15:28:42.825732+00:00,RUN-REAL-ESS-20260513-002,FIDELITY,SecurityExtract_ESS_2026May13.csv,MITK,STARMINE_COVERED,2,Immutable partition append from ESS normalization output; numeric provenance preserved.
RUN-REAL-ESS-20260513-002:2026-05-13:MOV:STARMINE_COVERED,2026-05-13,2026-05-13T15:28:42.825732+00:00,RUN-REAL-ESS-20260513-002,FIDELITY,SecurityExtract_ESS_2026May13.csv,MOV,STARMINE_COVERED,2,Immutable partition append from ESS normalization output; numeric provenance preserved.
RUN-REAL-ESS-20260513-002:2026-05-13:MUR:STARMINE_COVERED,2026-05-13,2026-05-13T15:28:42.825732+00:00,RUN-REAL-ESS-20260513-002,FIDELITY,SecurityExtract_ESS_2026May13.csv,MUR,STARMINE_COVERED,2,Immutable partition append from ESS normalization output; numeric provenance preserved.
RUN-REAL-ESS-20260513-002:2026-05-13:NSSC:STARMINE_COVERED,2026-05-13,2026-05-13T15:28:42.825732+00:00,RUN-REAL-ESS-20260513-002,FIDELITY,SecurityExtract_ESS_2026May13.csv,NSSC,STARMINE_COVERED,2,Immutable partition append from ESS normalization output; numeric provenance preserved.
RUN-REAL-ESS-20260513-002:2026-05-13:FIZZ:STARMINE_COVERED,2026-05-13,2026-05-13T15:28:42.825732+00:00,RUN-REAL-ESS-20260513-002,FIDELITY,SecurityExtract_ESS_2026May13.csv,FIZZ,STARMINE_COVERED,2,Immutable partition append from ESS normalization output; numeric provenance preserved.
RUN-REAL-ESS-20260513-002:2026-05-13:NSA:STARMINE_COVERED,2026-05-13,2026-05-13T15:28:42.825732+00:00,RUN-REAL-ESS-20260513-002,FIDELITY,SecurityExtract_ESS_2026May13.csv,NSA,STARMINE_COVERED,2,Immutable partition append from ESS normalization output; numeric provenance preserved.
RUN-REAL-ESS-20260513-002:2026-05-13:NTES:STARMINE_COVERED,2026-05-13,2026-05-13T15:28:42.825732+00:00,RUN-REAL-ESS-20260513-002,FIDELITY,SecurityExtract_ESS_2026May13.csv,NTES,STARMINE_COVERED,2,Immutable partition append from ESS normalization output; numeric provenance preserved.
RUN-REAL-ESS-20260513-002:2026-05-13:NTGR:STARMINE_COVERED,2026-05-13,2026-05-13T15:28:42.825732+00:00,RUN-REAL-ESS-20260513-002,FIDELITY,SecurityExtract_ESS_2026May13.csv,NTGR,STARMINE_COVERED,2,Immutable partition append from ESS normalization output; numeric provenance preserved.
RUN-REAL-ESS-20260513-002:2026-05-13:NJR:STARMINE_COVERED,2026-05-13,2026-05-13T15:28:42.825732+00:00,RUN-REAL-ESS-20260513-002,FIDELITY,SecurityExtract_ESS_2026May13.csv,NJR,STARMINE_COVERED,2,Immutable partition append from ESS normalization output; numeric provenance preserved.
RUN-REAL-ESS-20260513-002:2026-05-13:NEM:STARMINE_COVERED,2026-05-13,2026-05-13T15:28:42.825732+00:00,RUN-REAL-ESS-20260513-002,FIDELITY,SecurityExtract_ESS_2026May13.csv,NEM,STARMINE_COVERED,2,Immutable partition append from ESS normalization output; numeric provenance preserved.
RUN-REAL-ESS-20260513-002:2026-05-13:NWSA:STARMINE_COVERED,2026-05-13,2026-05-13T15:28:42.825732+00:00,RUN-REAL-ESS-20260513-002,FIDELITY,SecurityExtract_ESS_2026May13.csv,NWSA,STARMINE_COVERED,2,Immutable partition append from ESS normalization output; numeric provenance preserved.
RUN-REAL-ESS-20260513-002:2026-05-13:NXST:STARMINE_COVERED,2026-05-13,2026-05-13T15:28:42.825732+00:00,RUN-REAL-ESS-20260513-002,FIDELITY,SecurityExtract_ESS_2026May13.csv,NXST,STARMINE_COVERED,2,Immutable partition append from ESS normalization output; numeric provenance preserved.
RUN-REAL-ESS-20260513-002:2026-05-13:NXT:STARMINE_COVERED,2026-05-13,2026-05-13T15:28:42.825732+00:00,RUN-REAL-ESS-20260513-002,FIDELITY,SecurityExtract_ESS_2026May13.csv,NXT,STARMINE_COVERED,2,Immutable partition append from ESS normalization output; numeric provenance preserved.
RUN-REAL-ESS-20260513-002:2026-05-13:LASR:STARMINE_COVERED,2026-05-13,2026-05-13T15:28:42.825732+00:00,RUN-REAL-ESS-20260513-002,FIDELITY,SecurityExtract_ESS_2026May13.csv,LASR,STARMINE_COVERED,2,Immutable partition append from ESS normalization output; numeric provenance preserved.
RUN-REAL-ESS-20260513-002:2026-05-13:NTRS:STARMINE_COVERED,2026-05-13,2026-05-13T15:28:42.825732+00:00,RUN-REAL-ESS-20260513-002,FIDELITY,SecurityExtract_ESS_2026May13.csv,NTRS,STARMINE_COVERED,2,Immutable partition append from ESS normalization output; numeric provenance preserved.
RUN-REAL-ESS-20260513-002:2026-05-13:NWBI:STARMINE_COVERED,2026-05-13,2026-05-13T15:28:42.825732+00:00,RUN-REAL-ESS-20260513-002,FIDELITY,SecurityExtract_ESS_2026May13.csv,NWBI,STARMINE_COVERED,2,Immutable partition append from ESS normalization output; numeric provenance preserved.
RUN-REAL-ESS-20260513-002:2026-05-13:NWN:STARMINE_COVERED,2026-05-13,2026-05-13T15:28:42.825732+00:00,RUN-REAL-ESS-20260513-002,FIDELITY,SecurityExtract_ESS_2026May13.csv,NWN,STARMINE_COVERED,2,Immutable partition append from ESS normalization output; numeric provenance preserved.
RUN-REAL-ESS-20260513-002:2026-05-13:NVMI:STARMINE_COVERED,2026-05-13,2026-05-13T15:28:42.825732+00:00,RUN-REAL-ESS-20260513-002,FIDELITY,SecurityExtract_ESS_2026May13.csv,NVMI,STARMINE_COVERED,2,Immutable partition append from ESS normalization output; numeric provenance preserved.
RUN-REAL-ESS-20260513-002:2026-05-13:NOVT:STARMINE_COVERED,2026-05-13,2026-05-13T15:28:42.825732+00:00,RUN-REAL-ESS-20260513-002,FIDELITY,SecurityExtract_ESS_2026May13.csv,NOVT,STARMINE_COVERED,2,Immutable partition append from ESS normalization output; numeric provenance preserved.
RUN-REAL-ESS-20260513-002:2026-05-13:NVS:STARMINE_COVERED,2026-05-13,2026-05-13T15:28:42.825732+00:00,RUN-REAL-ESS-20260513-002,FIDELITY,SecurityExtract_ESS_2026May13.csv,NVS,STARMINE_COVERED,2,Immutable partition append from ESS normalization output; numeric provenance preserved.
RUN-REAL-ESS-20260513-002:2026-05-13:NTNX:STARMINE_COVERED,2026-05-13,2026-05-13T15:28:42.825732+00:00,RUN-REAL-ESS-20260513-002,FIDELITY,SecurityExtract_ESS_2026May13.csv,NTNX,STARMINE_COVERED,2,Immutable partition append from ESS normalization output; numeric provenance preserved.
RUN-REAL-ESS-20260513-002:2026-05-13:NVEC:STARMINE_COVERED,2026-05-13,2026-05-13T15:28:42.825732+00:00,RUN-REAL-ESS-20260513-002,FIDELITY,SecurityExtract_ESS_2026May13.csv,NVEC,STARMINE_COVERED,2,Immutable partition append from ESS normalization output; numeric provenance preserved.
RUN-REAL-ESS-20260513-002:2026-05-13:ODC:STARMINE_COVERED,2026-05-13,2026-05-13T15:28:42.825732+00:00,RUN-REAL-ESS-20260513-002,FIDELITY,SecurityExtract_ESS_2026May13.csv,ODC,STARMINE_COVERED,2,Immutable partition append from ESS normalization output; numeric provenance preserved.
RUN-REAL-ESS-20260513-002:2026-05-13:ONB:STARMINE_COVERED,2026-05-13,2026-05-13T15:28:42.825732+00:00,RUN-REAL-ESS-20260513-002,FIDELITY,SecurityExtract_ESS_2026May13.csv,ONB,STARMINE_COVERED,2,Immutable partition append from ESS normalization output; numeric provenance preserved.
RUN-REAL-ESS-20260513-002:2026-05-13:OLN:STARMINE_COVERED,2026-05-13,2026-05-13T15:28:42.825732+00:00,RUN-REAL-ESS-20260513-002,FIDELITY,SecurityExtract_ESS_2026May13.csv,OLN,STARMINE_COVERED,2,Immutable partition append from ESS normalization output; numeric provenance preserved.
RUN-REAL-ESS-20260513-002:2026-05-13:ONCY:STARMINE_COVERED,2026-05-13,2026-05-13T15:28:42.825732+00:00,RUN-REAL-ESS-20260513-002,FIDELITY,SecurityExtract_ESS_2026May13.csv,ONCY,STARMINE_COVERED,2,Immutable partition append from ESS normalization output; numeric provenance preserved.
RUN-REAL-ESS-20260513-002:2026-05-13:ONTO:STARMINE_COVERED,2026-05-13,2026-05-13T15:28:42.825732+00:00,RUN-REAL-ESS-20260513-002,FIDELITY,SecurityExtract_ESS_2026May13.csv,ONTO,STARMINE_COVERED,2,Immutable partition append from ESS normalization output; numeric provenance preserved.
RUN-REAL-ESS-20260513-002:2026-05-13:OOMA:STARMINE_COVERED,2026-05-13,2026-05-13T15:28:42.825732+00:00,RUN-REAL-ESS-20260513-002,FIDELITY,SecurityExtract_ESS_2026May13.csv,OOMA,STARMINE_COVERED,2,Immutable partition append from ESS normalization output; numeric provenance preserved.
RUN-REAL-ESS-20260513-002:2026-05-13:OTEX:STARMINE_COVERED,2026-05-13,2026-05-13T15:28:42.825732+00:00,RUN-REAL-ESS-20260513-002,FIDELITY,SecurityExtract_ESS_2026May13.csv,OTEX,STARMINE_COVERED,2,Immutable partition append from ESS normalization output; numeric provenance preserved.
RUN-REAL-ESS-20260513-002:2026-05-13:ORN:STARMINE_COVERED,2026-05-13,2026-05-13T15:28:42.825732+00:00,RUN-REAL-ESS-20260513-002,FIDELITY,SecurityExtract_ESS_2026May13.csv,ORN,STARMINE_COVERED,2,Immutable partition append from ESS normalization output; numeric provenance preserved.
RUN-REAL-ESS-20260513-002:2026-05-13:OSIS:STARMINE_COVERED,2026-05-13,2026-05-13T15:28:42.825732+00:00,RUN-REAL-ESS-20260513-002,FIDELITY,SecurityExtract_ESS_2026May13.csv,OSIS,STARMINE_COVERED,2,Immutable partition append from ESS normalization output; numeric provenance preserved.
RUN-REAL-ESS-20260513-002:2026-05-13:PACB:STARMINE_COVERED,2026-05-13,2026-05-13T15:28:42.825732+00:00,RUN-REAL-ESS-20260513-002,FIDELITY,SecurityExtract_ESS_2026May13.csv,PACB,STARMINE_COVERED,2,Immutable partition append from ESS normalization output; numeric provenance preserved.
RUN-REAL-ESS-20260513-002:2026-05-13:PD:STARMINE_COVERED,2026-05-13,2026-05-13T15:28:42.825732+00:00,RUN-REAL-ESS-20260513-002,FIDELITY,SecurityExtract_ESS_2026May13.csv,PD,STARMINE_COVERED,2,Immutable partition append from ESS normalization output; numeric provenance preserved.
RUN-REAL-ESS-20260513-002:2026-05-13:PH:STARMINE_COVERED,2026-05-13,2026-05-13T15:28:42.825732+00:00,RUN-REAL-ESS-20260513-002,FIDELITY,SecurityExtract_ESS_2026May13.csv,PH,STARMINE_COVERED,2,Immutable partition append from ESS normalization output; numeric provenance preserved.
RUN-REAL-ESS-20260513-002:2026-05-13:PBF:STARMINE_COVERED,2026-05-13,2026-05-13T15:28:42.825732+00:00,RUN-REAL-ESS-20260513-002,FIDELITY,SecurityExtract_ESS_2026May13.csv,PBF,STARMINE_COVERED,2,Immutable partition append from ESS normalization output; numeric provenance preserved.
RUN-REAL-ESS-20260513-002:2026-05-13:PRDO:STARMINE_COVERED,2026-05-13,2026-05-13T15:28:42.825732+00:00,RUN-REAL-ESS-20260513-002,FIDELITY,SecurityExtract_ESS_2026May13.csv,PRDO,STARMINE_COVERED,2,Immutable partition append from ESS normalization output; numeric provenance preserved.
RUN-REAL-ESS-20260513-002:2026-05-13:PERI:STARMINE_COVERED,2026-05-13,2026-05-13T15:28:42.825732+00:00,RUN-REAL-ESS-20260513-002,FIDELITY,SecurityExtract_ESS_2026May13.csv,PERI,STARMINE_COVERED,2,Immutable partition append from ESS normalization output; numeric provenance preserved.
RUN-REAL-ESS-20260513-002:2026-05-13:PR:STARMINE_COVERED,2026-05-13,2026-05-13T15:28:42.825732+00:00,RUN-REAL-ESS-20260513-002,FIDELITY,SecurityExtract_ESS_2026May13.csv,PR,STARMINE_COVERED,2,Immutable partition append from ESS normalization output; numeric provenance preserved.
RUN-REAL-ESS-20260513-002:2026-05-13:PXLW:STARMINE_COVERED,2026-05-13,2026-05-13T15:28:42.825732+00:00,RUN-REAL-ESS-20260513-002,FIDELITY,SecurityExtract_ESS_2026May13.csv,PXLW,STARMINE_COVERED,2,Immutable partition append from ESS normalization output; numeric provenance preserved.
RUN-REAL-ESS-20260513-002:2026-05-13:PLUG:STARMINE_COVERED,2026-05-13,2026-05-13T15:28:42.825732+00:00,RUN-REAL-ESS-20260513-002,FIDELITY,SecurityExtract_ESS_2026May13.csv,PLUG,STARMINE_COVERED,2,Immutable partition append from ESS normalization output; numeric provenance preserved.
RUN-REAL-ESS-20260513-002:2026-05-13:PDLB:STARMINE_COVERED,2026-05-13,2026-05-13T15:28:42.825732+00:00,RUN-REAL-ESS-20260513-002,FIDELITY,SecurityExtract_ESS_2026May13.csv,PDLB,STARMINE_COVERED,2,Immutable partition append from ESS normalization output; numeric provenance preserved.
RUN-REAL-ESS-20260513-002:2026-05-13:POST:STARMINE_COVERED,2026-05-13,2026-05-13T15:28:42.825732+00:00,RUN-REAL-ESS-20260513-002,FIDELITY,SecurityExtract_ESS_2026May13.csv,POST,STARMINE_COVERED,2,Immutable partition append from ESS normalization output; numeric provenance preserved.
RUN-REAL-ESS-20260513-002:2026-05-13:POWI:STARMINE_COVERED,2026-05-13,2026-05-13T15:28:42.825732+00:00,RUN-REAL-ESS-20260513-002,FIDELITY,SecurityExtract_ESS_2026May13.csv,POWI,STARMINE_COVERED,2,Immutable partition append from ESS normalization output; numeric provenance preserved.
RUN-REAL-ESS-20260513-002:2026-05-13:AIOT:STARMINE_COVERED,2026-05-13,2026-05-13T15:28:42.825732+00:00,RUN-REAL-ESS-20260513-002,FIDELITY,SecurityExtract_ESS_2026May13.csv,AIOT,STARMINE_COVERED,2,Immutable partition append from ESS normalization output; numeric provenance preserved.
RUN-REAL-ESS-20260513-002:2026-05-13:PPL:STARMINE_COVERED,2026-05-13,2026-05-13T15:28:42.825732+00:00,RUN-REAL-ESS-20260513-002,FIDELITY,SecurityExtract_ESS_2026May13.csv,PPL,STARMINE_COVERED,2,Immutable partition append from ESS normalization output; numeric provenance preserved.
RUN-REAL-ESS-20260513-002:2026-05-13:PEG:STARMINE_COVERED,2026-05-13,2026-05-13T15:28:42.825732+00:00,RUN-REAL-ESS-20260513-002,FIDELITY,SecurityExtract_ESS_2026May13.csv,PEG,STARMINE_COVERED,2,Immutable partition append from ESS normalization output; numeric provenance preserved.
RUN-REAL-ESS-20260513-002:2026-05-13:PVH:STARMINE_COVERED,2026-05-13,2026-05-13T15:28:42.825732+00:00,RUN-REAL-ESS-20260513-002,FIDELITY,SecurityExtract_ESS_2026May13.csv,PVH,STARMINE_COVERED,2,Immutable partition append from ESS normalization output; numeric provenance preserved.
RUN-REAL-ESS-20260513-002:2026-05-13:DGX:STARMINE_COVERED,2026-05-13,2026-05-13T15:28:42.825732+00:00,RUN-REAL-ESS-20260513-002,FIDELITY,SecurityExtract_ESS_2026May13.csv,DGX,STARMINE_COVERED,2,Immutable partition append from ESS normalization output; numeric provenance preserved.
RUN-REAL-ESS-20260513-002:2026-05-13:RL:STARMINE_COVERED,2026-05-13,2026-05-13T15:28:42.825732+00:00,RUN-REAL-ESS-20260513-002,FIDELITY,SecurityExtract_ESS_2026May13.csv,RL,STARMINE_COVERED,2,Immutable partition append from ESS normalization output; numeric provenance preserved.
RUN-REAL-ESS-20260513-002:2026-05-13:RRC:STARMINE_COVERED,2026-05-13,2026-05-13T15:28:42.825732+00:00,RUN-REAL-ESS-20260513-002,FIDELITY,SecurityExtract_ESS_2026May13.csv,RRC,STARMINE_COVERED,2,Immutable partition append from ESS normalization output; numeric provenance preserved.
RUN-REAL-ESS-20260513-002:2026-05-13:RMAX:STARMINE_COVERED,2026-05-13,2026-05-13T15:28:42.825732+00:00,RUN-REAL-ESS-20260513-002,FIDELITY,SecurityExtract_ESS_2026May13.csv,RMAX,STARMINE_COVERED,2,Immutable partition append from ESS normalization output; numeric provenance preserved.
RUN-REAL-ESS-20260513-002:2026-05-13:RDDT:STARMINE_COVERED,2026-05-13,2026-05-13T15:28:42.825732+00:00,RUN-REAL-ESS-20260513-002,FIDELITY,SecurityExtract_ESS_2026May13.csv,RDDT,STARMINE_COVERED,2,Immutable partition append from ESS normalization output; numeric provenance preserved.
RUN-REAL-ESS-20260513-002:2026-05-13:RVLV:STARMINE_COVERED,2026-05-13,2026-05-13T15:28:42.825732+00:00,RUN-REAL-ESS-20260513-002,FIDELITY,SecurityExtract_ESS_2026May13.csv,RVLV,STARMINE_COVERED,2,Immutable partition append from ESS normalization output; numeric provenance preserved.
RUN-REAL-ESS-20260513-002:2026-05-13:RGCO:STARMINE_COVERED,2026-05-13,2026-05-13T15:28:42.825732+00:00,RUN-REAL-ESS-20260513-002,FIDELITY,SecurityExtract_ESS_2026May13.csv,RGCO,STARMINE_COVERED,2,Immutable partition append from ESS normalization output; numeric provenance preserved.
RUN-REAL-ESS-20260513-002:2026-05-13:RELL:STARMINE_COVERED,2026-05-13,2026-05-13T15:28:42.825732+00:00,RUN-REAL-ESS-20260513-002,FIDELITY,SecurityExtract_ESS_2026May13.csv,RELL,STARMINE_COVERED,2,Immutable partition append from ESS normalization output; numeric provenance preserved.
RUN-REAL-ESS-20260513-002:2026-05-13:RIGL:STARMINE_COVERED,2026-05-13,2026-05-13T15:28:42.825732+00:00,RUN-REAL-ESS-20260513-002,FIDELITY,SecurityExtract_ESS_2026May13.csv,RIGL,STARMINE_COVERED,2,Immutable partition append from ESS normalization output; numeric provenance preserved.
RUN-REAL-ESS-20260513-002:2026-05-13:RGTI:STARMINE_COVERED,2026-05-13,2026-05-13T15:28:42.825732+00:00,RUN-REAL-ESS-20260513-002,FIDELITY,SecurityExtract_ESS_2026May13.csv,RGTI,STARMINE_COVERED,2,Immutable partition append from ESS normalization output; numeric provenance preserved.
RUN-REAL-ESS-20260513-002:2026-05-13:RIO:STARMINE_COVERED,2026-05-13,2026-05-13T15:28:42.825732+00:00,RUN-REAL-ESS-20260513-002,FIDELITY,SecurityExtract_ESS_2026May13.csv,RIO,STARMINE_COVERED,2,Immutable partition append from ESS normalization output; numeric provenance preserved.
RUN-REAL-ESS-20260513-002:2026-05-13:RITM:STARMINE_COVERED,2026-05-13,2026-05-13T15:28:42.825732+00:00,RUN-REAL-ESS-20260513-002,FIDELITY,SecurityExtract_ESS_2026May13.csv,RITM,STARMINE_COVERED,2,Immutable partition append from ESS normalization output; numeric provenance preserved.
RUN-REAL-ESS-20260513-002:2026-05-13:RCKT:STARMINE_COVERED,2026-05-13,2026-05-13T15:28:42.825732+00:00,RUN-REAL-ESS-20260513-002,FIDELITY,SecurityExtract_ESS_2026May13.csv,RCKT,STARMINE_COVERED,2,Immutable partition append from ESS normalization output; numeric provenance preserved.
RUN-REAL-ESS-20260513-002:2026-05-13:ROST:STARMINE_COVERED,2026-05-13,2026-05-13T15:28:42.825732+00:00,RUN-REAL-ESS-20260513-002,FIDELITY,SecurityExtract_ESS_2026May13.csv,ROST,STARMINE_COVERED,2,Immutable partition append from ESS normalization output; numeric provenance preserved.
RUN-REAL-ESS-20260513-002:2026-05-13:RES:STARMINE_COVERED,2026-05-13,2026-05-13T15:28:42.825732+00:00,RUN-REAL-ESS-20260513-002,FIDELITY,SecurityExtract_ESS_2026May13.csv,RES,STARMINE_COVERED,2,Immutable partition append from ESS normalization output; numeric provenance preserved.
RUN-REAL-ESS-20260513-002:2026-05-13:RHP:STARMINE_COVERED,2026-05-13,2026-05-13T15:28:42.825732+00:00,RUN-REAL-ESS-20260513-002,FIDELITY,SecurityExtract_ESS_2026May13.csv,RHP,STARMINE_COVERED,2,Immutable partition append from ESS normalization output; numeric provenance preserved.
RUN-REAL-ESS-20260513-002:2026-05-13:SBH:STARMINE_COVERED,2026-05-13,2026-05-13T15:28:42.825732+00:00,RUN-REAL-ESS-20260513-002,FIDELITY,SecurityExtract_ESS_2026May13.csv,SBH,STARMINE_COVERED,2,Immutable partition append from ESS normalization output; numeric provenance preserved.
RUN-REAL-ESS-20260513-002:2026-05-13:SNY:STARMINE_COVERED,2026-05-13,2026-05-13T15:28:42.825732+00:00,RUN-REAL-ESS-20260513-002,FIDELITY,SecurityExtract_ESS_2026May13.csv,SNY,STARMINE_COVERED,2,Immutable partition append from ESS normalization output; numeric provenance preserved.
RUN-REAL-ESS-20260513-002:2026-05-13:SAP:STARMINE_COVERED,2026-05-13,2026-05-13T15:28:42.825732+00:00,RUN-REAL-ESS-20260513-002,FIDELITY,SecurityExtract_ESS_2026May13.csv,SAP,STARMINE_COVERED,2,Immutable partition append from ESS normalization output; numeric provenance preserved.
RUN-REAL-ESS-20260513-002:2026-05-13:SCHL:STARMINE_COVERED,2026-05-13,2026-05-13T15:28:42.825732+00:00,RUN-REAL-ESS-20260513-002,FIDELITY,SecurityExtract_ESS_2026May13.csv,SCHL,STARMINE_COVERED,2,Immutable partition append from ESS normalization output; numeric provenance preserved.
RUN-REAL-ESS-20260513-002:2026-05-13:SAIC:STARMINE_COVERED,2026-05-13,2026-05-13T15:28:42.825732+00:00,RUN-REAL-ESS-20260513-002,FIDELITY,SecurityExtract_ESS_2026May13.csv,SAIC,STARMINE_COVERED,2,Immutable partition append from ESS normalization output; numeric provenance preserved.
RUN-REAL-ESS-20260513-002:2026-05-13:SLS:STARMINE_COVERED,2026-05-13,2026-05-13T15:28:42.825732+00:00,RUN-REAL-ESS-20260513-002,FIDELITY,SecurityExtract_ESS_2026May13.csv,SLS,STARMINE_COVERED,2,Immutable partition append from ESS normalization output; numeric provenance preserved.
RUN-REAL-ESS-20260513-002:2026-05-13:SMTC:STARMINE_COVERED,2026-05-13,2026-05-13T15:28:42.825732+00:00,RUN-REAL-ESS-20260513-002,FIDELITY,SecurityExtract_ESS_2026May13.csv,SMTC,STARMINE_COVERED,2,Immutable partition append from ESS normalization output; numeric provenance preserved.
RUN-REAL-ESS-20260513-002:2026-05-13:ST:STARMINE_COVERED,2026-05-13,2026-05-13T15:28:42.825732+00:00,RUN-REAL-ESS-20260513-002,FIDELITY,SecurityExtract_ESS_2026May13.csv,ST,STARMINE_COVERED,2,Immutable partition append from ESS normalization output; numeric provenance preserved.
RUN-REAL-ESS-20260513-002:2026-05-13:SHLS:STARMINE_COVERED,2026-05-13,2026-05-13T15:28:42.825732+00:00,RUN-REAL-ESS-20260513-002,FIDELITY,SecurityExtract_ESS_2026May13.csv,SHLS,STARMINE_COVERED,2,Immutable partition append from ESS normalization output; numeric provenance preserved.
RUN-REAL-ESS-20260513-002:2026-05-13:BSRR:STARMINE_COVERED,2026-05-13,2026-05-13T15:28:42.825732+00:00,RUN-REAL-ESS-20260513-002,FIDELITY,SecurityExtract_ESS_2026May13.csv,BSRR,STARMINE_COVERED,2,Immutable partition append from ESS normalization output; numeric provenance preserved.
RUN-REAL-ESS-20260513-002:2026-05-13:SSD:STARMINE_COVERED,2026-05-13,2026-05-13T15:28:42.825732+00:00,RUN-REAL-ESS-20260513-002,FIDELITY,SecurityExtract_ESS_2026May13.csv,SSD,STARMINE_COVERED,2,Immutable partition append from ESS normalization output; numeric provenance preserved.
RUN-REAL-ESS-20260513-002:2026-05-13:SMBK:STARMINE_COVERED,2026-05-13,2026-05-13T15:28:42.825732+00:00,RUN-REAL-ESS-20260513-002,FIDELITY,SecurityExtract_ESS_2026May13.csv,SMBK,STARMINE_COVERED,2,Immutable partition append from ESS normalization output; numeric provenance preserved.
RUN-REAL-ESS-20260513-002:2026-05-13:SOLV:STARMINE_COVERED,2026-05-13,2026-05-13T15:28:42.825732+00:00,RUN-REAL-ESS-20260513-002,FIDELITY,SecurityExtract_ESS_2026May13.csv,SOLV,STARMINE_COVERED,2,Immutable partition append from ESS normalization output; numeric provenance preserved.
RUN-REAL-ESS-20260513-002:2026-05-13:SHC:STARMINE_COVERED,2026-05-13,2026-05-13T15:28:42.825732+00:00,RUN-REAL-ESS-20260513-002,FIDELITY,SecurityExtract_ESS_2026May13.csv,SHC,STARMINE_COVERED,2,Immutable partition append from ESS normalization output; numeric provenance preserved.
RUN-REAL-ESS-20260513-002:2026-05-13:SOUN:STARMINE_COVERED,2026-05-13,2026-05-13T15:28:42.825732+00:00,RUN-REAL-ESS-20260513-002,FIDELITY,SecurityExtract_ESS_2026May13.csv,SOUN,STARMINE_COVERED,2,Immutable partition append from ESS normalization output; numeric provenance preserved.
RUN-REAL-ESS-20260513-002:2026-05-13:SPFI:STARMINE_COVERED,2026-05-13,2026-05-13T15:28:42.825732+00:00,RUN-REAL-ESS-20260513-002,FIDELITY,SecurityExtract_ESS_2026May13.csv,SPFI,STARMINE_COVERED,2,Immutable partition append from ESS normalization output; numeric provenance preserved.
RUN-REAL-ESS-20260513-002:2026-05-13:SPOK:STARMINE_COVERED,2026-05-13,2026-05-13T15:28:42.825732+00:00,RUN-REAL-ESS-20260513-002,FIDELITY,SecurityExtract_ESS_2026May13.csv,SPOK,STARMINE_COVERED,2,Immutable partition append from ESS normalization output; numeric provenance preserved.
RUN-REAL-ESS-20260513-002:2026-05-13:SFM:STARMINE_COVERED,2026-05-13,2026-05-13T15:28:42.825732+00:00,RUN-REAL-ESS-20260513-002,FIDELITY,SecurityExtract_ESS_2026May13.csv,SFM,STARMINE_COVERED,2,Immutable partition append from ESS normalization output; numeric provenance preserved.
RUN-REAL-ESS-20260513-002:2026-05-13:STLD:STARMINE_COVERED,2026-05-13,2026-05-13T15:28:42.825732+00:00,RUN-REAL-ESS-20260513-002,FIDELITY,SecurityExtract_ESS_2026May13.csv,STLD,STARMINE_COVERED,2,Immutable partition append from ESS normalization output; numeric provenance preserved.
RUN-REAL-ESS-20260513-002:2026-05-13:SFIX:STARMINE_COVERED,2026-05-13,2026-05-13T15:28:42.825732+00:00,RUN-REAL-ESS-20260513-002,FIDELITY,SecurityExtract_ESS_2026May13.csv,SFIX,STARMINE_COVERED,2,Immutable partition append from ESS normalization output; numeric provenance preserved.
RUN-REAL-ESS-20260513-002:2026-05-13:SYK:STARMINE_COVERED,2026-05-13,2026-05-13T15:28:42.825732+00:00,RUN-REAL-ESS-20260513-002,FIDELITY,SecurityExtract_ESS_2026May13.csv,SYK,STARMINE_COVERED,2,Immutable partition append from ESS normalization output; numeric provenance preserved.
RUN-REAL-ESS-20260513-002:2026-05-13:SYNA:STARMINE_COVERED,2026-05-13,2026-05-13T15:28:42.825732+00:00,RUN-REAL-ESS-20260513-002,FIDELITY,SecurityExtract_ESS_2026May13.csv,SYNA,STARMINE_COVERED,2,Immutable partition append from ESS normalization output; numeric provenance preserved.
RUN-REAL-ESS-20260513-002:2026-05-13:SKT:STARMINE_COVERED,2026-05-13,2026-05-13T15:28:42.825732+00:00,RUN-REAL-ESS-20260513-002,FIDELITY,SecurityExtract_ESS_2026May13.csv,SKT,STARMINE_COVERED,2,Immutable partition append from ESS normalization output; numeric provenance preserved.
RUN-REAL-ESS-20260513-002:2026-05-13:TRP:STARMINE_COVERED,2026-05-13,2026-05-13T15:28:42.825732+00:00,RUN-REAL-ESS-20260513-002,FIDELITY,SecurityExtract_ESS_2026May13.csv,TRP,STARMINE_COVERED,2,Immutable partition append from ESS normalization output; numeric provenance preserved.
RUN-REAL-ESS-20260513-002:2026-05-13:TECK:STARMINE_COVERED,2026-05-13,2026-05-13T15:28:42.825732+00:00,RUN-REAL-ESS-20260513-002,FIDELITY,SecurityExtract_ESS_2026May13.csv,TECK,STARMINE_COVERED,2,Immutable partition append from ESS normalization output; numeric provenance preserved.
RUN-REAL-ESS-20260513-002:2026-05-13:TU:STARMINE_COVERED,2026-05-13,2026-05-13T15:28:42.825732+00:00,RUN-REAL-ESS-20260513-002,FIDELITY,SecurityExtract_ESS_2026May13.csv,TU,STARMINE_COVERED,2,Immutable partition append from ESS normalization output; numeric provenance preserved.
RUN-REAL-ESS-20260513-002:2026-05-13:TXT:STARMINE_COVERED,2026-05-13,2026-05-13T15:28:42.825732+00:00,RUN-REAL-ESS-20260513-002,FIDELITY,SecurityExtract_ESS_2026May13.csv,TXT,STARMINE_COVERED,2,Immutable partition append from ESS normalization output; numeric provenance preserved.
RUN-REAL-ESS-20260513-002:2026-05-13:NTB:STARMINE_COVERED,2026-05-13,2026-05-13T15:28:42.825732+00:00,RUN-REAL-ESS-20260513-002,FIDELITY,SecurityExtract_ESS_2026May13.csv,NTB,STARMINE_COVERED,2,Immutable partition append from ESS normalization output; numeric provenance preserved.
RUN-REAL-ESS-20260513-002:2026-05-13:BNS:STARMINE_COVERED,2026-05-13,2026-05-13T15:28:42.825732+00:00,RUN-REAL-ESS-20260513-002,FIDELITY,SecurityExtract_ESS_2026May13.csv,BNS,STARMINE_COVERED,2,Immutable partition append from ESS normalization output; numeric provenance preserved.
RUN-REAL-ESS-20260513-002:2026-05-13:KHC:STARMINE_COVERED,2026-05-13,2026-05-13T15:28:42.825732+00:00,RUN-REAL-ESS-20260513-002,FIDELITY,SecurityExtract_ESS_2026May13.csv,KHC,STARMINE_COVERED,2,Immutable partition append from ESS normalization output; numeric provenance preserved.
RUN-REAL-ESS-20260513-002:2026-05-13:NYT:STARMINE_COVERED,2026-05-13,2026-05-13T15:28:42.825732+00:00,RUN-REAL-ESS-20260513-002,FIDELITY,SecurityExtract_ESS_2026May13.csv,NYT,STARMINE_COVERED,2,Immutable partition append from ESS normalization output; numeric provenance preserved.
RUN-REAL-ESS-20260513-002:2026-05-13:TBPH:STARMINE_COVERED,2026-05-13,2026-05-13T15:28:42.825732+00:00,RUN-REAL-ESS-20260513-002,FIDELITY,SecurityExtract_ESS_2026May13.csv,TBPH,STARMINE_COVERED,2,Immutable partition append from ESS normalization output; numeric provenance preserved.
RUN-REAL-ESS-20260513-002:2026-05-13:TITN:STARMINE_COVERED,2026-05-13,2026-05-13T15:28:42.825732+00:00,RUN-REAL-ESS-20260513-002,FIDELITY,SecurityExtract_ESS_2026May13.csv,TITN,STARMINE_COVERED,2,Immutable partition append from ESS normalization output; numeric provenance preserved.
RUN-REAL-ESS-20260513-002:2026-05-13:TD:STARMINE_COVERED,2026-05-13,2026-05-13T15:28:42.825732+00:00,RUN-REAL-ESS-20260513-002,FIDELITY,SecurityExtract_ESS_2026May13.csv,TD,STARMINE_COVERED,2,Immutable partition append from ESS normalization output; numeric provenance preserved.
RUN-REAL-ESS-20260513-002:2026-05-13:TNL:STARMINE_COVERED,2026-05-13,2026-05-13T15:28:42.825732+00:00,RUN-REAL-ESS-20260513-002,FIDELITY,SecurityExtract_ESS_2026May13.csv,TNL,STARMINE_COVERED,2,Immutable partition append from ESS normalization output; numeric provenance preserved.
RUN-REAL-ESS-20260513-002:2026-05-13:TCOM:STARMINE_COVERED,2026-05-13,2026-05-13T15:28:42.825732+00:00,RUN-REAL-ESS-20260513-002,FIDELITY,SecurityExtract_ESS_2026May13.csv,TCOM,STARMINE_COVERED,2,Immutable partition append from ESS normalization output; numeric provenance preserved.
RUN-REAL-ESS-20260513-002:2026-05-13:TRUP:STARMINE_COVERED,2026-05-13,2026-05-13T15:28:42.825732+00:00,RUN-REAL-ESS-20260513-002,FIDELITY,SecurityExtract_ESS_2026May13.csv,TRUP,STARMINE_COVERED,2,Immutable partition append from ESS normalization output; numeric provenance preserved.
RUN-REAL-ESS-20260513-002:2026-05-13:TRMK:STARMINE_COVERED,2026-05-13,2026-05-13T15:28:42.825732+00:00,RUN-REAL-ESS-20260513-002,FIDELITY,SecurityExtract_ESS_2026May13.csv,TRMK,STARMINE_COVERED,2,Immutable partition append from ESS normalization output; numeric provenance preserved.
RUN-REAL-ESS-20260513-002:2026-05-13:TYL:STARMINE_COVERED,2026-05-13,2026-05-13T15:28:42.825732+00:00,RUN-REAL-ESS-20260513-002,FIDELITY,SecurityExtract_ESS_2026May13.csv,TYL,STARMINE_COVERED,2,Immutable partition append from ESS normalization output; numeric provenance preserved.
RUN-REAL-ESS-20260513-002:2026-05-13:ULS:STARMINE_COVERED,2026-05-13,2026-05-13T15:28:42.825732+00:00,RUN-REAL-ESS-20260513-002,FIDELITY,SecurityExtract_ESS_2026May13.csv,ULS,STARMINE_COVERED,2,Immutable partition append from ESS normalization output; numeric provenance preserved.
RUN-REAL-ESS-20260513-002:2026-05-13:UFI:STARMINE_COVERED,2026-05-13,2026-05-13T15:28:42.825732+00:00,RUN-REAL-ESS-20260513-002,FIDELITY,SecurityExtract_ESS_2026May13.csv,UFI,STARMINE_COVERED,2,Immutable partition append from ESS normalization output; numeric provenance preserved.
RUN-REAL-ESS-20260513-002:2026-05-13:UNF:STARMINE_COVERED,2026-05-13,2026-05-13T15:28:42.825732+00:00,RUN-REAL-ESS-20260513-002,FIDELITY,SecurityExtract_ESS_2026May13.csv,UNF,STARMINE_COVERED,2,Immutable partition append from ESS normalization output; numeric provenance preserved.
RUN-REAL-ESS-20260513-002:2026-05-13:UIS:STARMINE_COVERED,2026-05-13,2026-05-13T15:28:42.825732+00:00,RUN-REAL-ESS-20260513-002,FIDELITY,SecurityExtract_ESS_2026May13.csv,UIS,STARMINE_COVERED,2,Immutable partition append from ESS normalization output; numeric provenance preserved.
RUN-REAL-ESS-20260513-002:2026-05-13:UVV:STARMINE_COVERED,2026-05-13,2026-05-13T15:28:42.825732+00:00,RUN-REAL-ESS-20260513-002,FIDELITY,SecurityExtract_ESS_2026May13.csv,UVV,STARMINE_COVERED,2,Immutable partition append from ESS normalization output; numeric provenance preserved.
RUN-REAL-ESS-20260513-002:2026-05-13:UTI:STARMINE_COVERED,2026-05-13,2026-05-13T15:28:42.825732+00:00,RUN-REAL-ESS-20260513-002,FIDELITY,SecurityExtract_ESS_2026May13.csv,UTI,STARMINE_COVERED,2,Immutable partition append from ESS normalization output; numeric provenance preserved.
RUN-REAL-ESS-20260513-002:2026-05-13:VTR:STARMINE_COVERED,2026-05-13,2026-05-13T15:28:42.825732+00:00,RUN-REAL-ESS-20260513-002,FIDELITY,SecurityExtract_ESS_2026May13.csv,VTR,STARMINE_COVERED,2,Immutable partition append from ESS normalization output; numeric provenance preserved.
RUN-REAL-ESS-20260513-002:2026-05-13:VSH:STARMINE_COVERED,2026-05-13,2026-05-13T15:28:42.825732+00:00,RUN-REAL-ESS-20260513-002,FIDELITY,SecurityExtract_ESS_2026May13.csv,VSH,STARMINE_COVERED,2,Immutable partition append from ESS normalization output; numeric provenance preserved.
RUN-REAL-ESS-20260513-002:2026-05-13:VC:STARMINE_COVERED,2026-05-13,2026-05-13T15:28:42.825732+00:00,RUN-REAL-ESS-20260513-002,FIDELITY,SecurityExtract_ESS_2026May13.csv,VC,STARMINE_COVERED,2,Immutable partition append from ESS normalization output; numeric provenance preserved.
RUN-REAL-ESS-20260513-002:2026-05-13:DIS:STARMINE_COVERED,2026-05-13,2026-05-13T15:28:42.825732+00:00,RUN-REAL-ESS-20260513-002,FIDELITY,SecurityExtract_ESS_2026May13.csv,DIS,STARMINE_COVERED,2,Immutable partition append from ESS normalization output; numeric provenance preserved.
RUN-REAL-ESS-20260513-002:2026-05-13:WSO:STARMINE_COVERED,2026-05-13,2026-05-13T15:28:42.825732+00:00,RUN-REAL-ESS-20260513-002,FIDELITY,SecurityExtract_ESS_2026May13.csv,WSO,STARMINE_COVERED,2,Immutable partition append from ESS normalization output; numeric provenance preserved.
RUN-REAL-ESS-20260513-002:2026-05-13:WAY:STARMINE_COVERED,2026-05-13,2026-05-13T15:28:42.825732+00:00,RUN-REAL-ESS-20260513-002,FIDELITY,SecurityExtract_ESS_2026May13.csv,WAY,STARMINE_COVERED,2,Immutable partition append from ESS normalization output; numeric provenance preserved.
RUN-REAL-ESS-20260513-002:2026-05-13:WBS:STARMINE_COVERED,2026-05-13,2026-05-13T15:28:42.825732+00:00,RUN-REAL-ESS-20260513-002,FIDELITY,SecurityExtract_ESS_2026May13.csv,WBS,STARMINE_COVERED,2,Immutable partition append from ESS normalization output; numeric provenance preserved.
RUN-REAL-ESS-20260513-002:2026-05-13:WU:STARMINE_COVERED,2026-05-13,2026-05-13T15:28:42.825732+00:00,RUN-REAL-ESS-20260513-002,FIDELITY,SecurityExtract_ESS_2026May13.csv,WU,STARMINE_COVERED,2,Immutable partition append from ESS normalization output; numeric provenance preserved.
RUN-REAL-ESS-20260513-002:2026-05-13:WSC:STARMINE_COVERED,2026-05-13,2026-05-13T15:28:42.825732+00:00,RUN-REAL-ESS-20260513-002,FIDELITY,SecurityExtract_ESS_2026May13.csv,WSC,STARMINE_COVERED,2,Immutable partition append from ESS normalization output; numeric provenance preserved.
RUN-REAL-ESS-20260513-002:2026-05-13:WING:STARMINE_COVERED,2026-05-13,2026-05-13T15:28:42.825732+00:00,RUN-REAL-ESS-20260513-002,FIDELITY,SecurityExtract_ESS_2026May13.csv,WING,STARMINE_COVERED,2,Immutable partition append from ESS normalization output; numeric provenance preserved.
RUN-REAL-ESS-20260513-002:2026-05-13:WWW:STARMINE_COVERED,2026-05-13,2026-05-13T15:28:42.825732+00:00,RUN-REAL-ESS-20260513-002,FIDELITY,SecurityExtract_ESS_2026May13.csv,WWW,STARMINE_COVERED,2,Immutable partition append from ESS normalization output; numeric provenance preserved.
RUN-REAL-ESS-20260513-002:2026-05-13:WWD:STARMINE_COVERED,2026-05-13,2026-05-13T15:28:42.825732+00:00,RUN-REAL-ESS-20260513-002,FIDELITY,SecurityExtract_ESS_2026May13.csv,WWD,STARMINE_COVERED,2,Immutable partition append from ESS normalization output; numeric provenance preserved.
RUN-REAL-ESS-20260513-002:2026-05-13:XP:STARMINE_COVERED,2026-05-13,2026-05-13T15:28:42.825732+00:00,RUN-REAL-ESS-20260513-002,FIDELITY,SecurityExtract_ESS_2026May13.csv,XP,STARMINE_COVERED,2,Immutable partition append from ESS normalization output; numeric provenance preserved.
RUN-REAL-ESS-20260513-002:2026-05-13:ZBRA:STARMINE_COVERED,2026-05-13,2026-05-13T15:28:42.825732+00:00,RUN-REAL-ESS-20260513-002,FIDELITY,SecurityExtract_ESS_2026May13.csv,ZBRA,STARMINE_COVERED,2,Immutable partition append from ESS normalization output; numeric provenance preserved.
RUN-REAL-ESS-20260513-002:2026-05-13:ZUMZ:STARMINE_COVERED,2026-05-13,2026-05-13T15:28:42.825732+00:00,RUN-REAL-ESS-20260513-002,FIDELITY,SecurityExtract_ESS_2026May13.csv,ZUMZ,STARMINE_COVERED,2,Immutable partition append from ESS normalization output; numeric provenance preserved.
RUN-REAL-ESS-20260513-002:2026-05-13:FLWS:STARMINE_COVERED,2026-05-13,2026-05-13T15:28:42.825732+00:00,RUN-REAL-ESS-20260513-002,FIDELITY,SecurityExtract_ESS_2026May13.csv,FLWS,STARMINE_COVERED,2,Immutable partition append from ESS normalization output; numeric provenance preserved.
RUN-REAL-ESS-20260513-002:2026-05-13:AIR:STARMINE_COVERED,2026-05-13,2026-05-13T15:28:42.825732+00:00,RUN-REAL-ESS-20260513-002,FIDELITY,SecurityExtract_ESS_2026May13.csv,AIR,STARMINE_COVERED,2,Immutable partition append from ESS normalization output; numeric provenance preserved.
RUN-REAL-ESS-20260513-002:2026-05-13:ABT:STARMINE_COVERED,2026-05-13,2026-05-13T15:28:42.825732+00:00,RUN-REAL-ESS-20260513-002,FIDELITY,SecurityExtract_ESS_2026May13.csv,ABT,STARMINE_COVERED,2,Immutable partition append from ESS normalization output; numeric provenance preserved.
RUN-REAL-ESS-20260513-002:2026-05-13:ABBV:STARMINE_COVERED,2026-05-13,2026-05-13T15:28:42.825732+00:00,RUN-REAL-ESS-20260513-002,FIDELITY,SecurityExtract_ESS_2026May13.csv,ABBV,STARMINE_COVERED,2,Immutable partition append from ESS normalization output; numeric provenance preserved.
RUN-REAL-ESS-20260513-002:2026-05-13:ACH:STARMINE_COVERED,2026-05-13,2026-05-13T15:28:42.825732+00:00,RUN-REAL-ESS-20260513-002,FIDELITY,SecurityExtract_ESS_2026May13.csv,ACH,STARMINE_COVERED,2,Immutable partition append from ESS normalization output; numeric provenance preserved.
RUN-REAL-ESS-20260513-002:2026-05-13:ARAY:STARMINE_COVERED,2026-05-13,2026-05-13T15:28:42.825732+00:00,RUN-REAL-ESS-20260513-002,FIDELITY,SecurityExtract_ESS_2026May13.csv,ARAY,STARMINE_COVERED,2,Immutable partition append from ESS normalization output; numeric provenance preserved.
RUN-REAL-ESS-20260513-002:2026-05-13:ADMA:STARMINE_COVERED,2026-05-13,2026-05-13T15:28:42.825732+00:00,RUN-REAL-ESS-20260513-002,FIDELITY,SecurityExtract_ESS_2026May13.csv,ADMA,STARMINE_COVERED,2,Immutable partition append from ESS normalization output; numeric provenance preserved.
RUN-REAL-ESS-20260513-002:2026-05-13:AAP:STARMINE_COVERED,2026-05-13,2026-05-13T15:28:42.825732+00:00,RUN-REAL-ESS-20260513-002,FIDELITY,SecurityExtract_ESS_2026May13.csv,AAP,STARMINE_COVERED,2,Immutable partition append from ESS normalization output; numeric provenance preserved.
RUN-REAL-ESS-20260513-002:2026-05-13:A:STARMINE_COVERED,2026-05-13,2026-05-13T15:28:42.825732+00:00,RUN-REAL-ESS-20260513-002,FIDELITY,SecurityExtract_ESS_2026May13.csv,A,STARMINE_COVERED,2,Immutable partition append from ESS normalization output; numeric provenance preserved.
RUN-REAL-ESS-20260513-002:2026-05-13:ADC:STARMINE_COVERED,2026-05-13,2026-05-13T15:28:42.825732+00:00,RUN-REAL-ESS-20260513-002,FIDELITY,SecurityExtract_ESS_2026May13.csv,ADC,STARMINE_COVERED,2,Immutable partition append from ESS normalization output; numeric provenance preserved.
RUN-REAL-ESS-20260513-002:2026-05-13:AIM:STARMINE_COVERED,2026-05-13,2026-05-13T15:28:42.825732+00:00,RUN-REAL-ESS-20260513-002,FIDELITY,SecurityExtract_ESS_2026May13.csv,AIM,STARMINE_COVERED,2,Immutable partition append from ESS normalization output; numeric provenance preserved.
RUN-REAL-ESS-20260513-002:2026-05-13:ALEC:STARMINE_COVERED,2026-05-13,2026-05-13T15:28:42.825732+00:00,RUN-REAL-ESS-20260513-002,FIDELITY,SecurityExtract_ESS_2026May13.csv,ALEC,STARMINE_COVERED,2,Immutable partition append from ESS normalization output; numeric provenance preserved.
RUN-REAL-ESS-20260513-002:2026-05-13:ALRS:STARMINE_COVERED,2026-05-13,2026-05-13T15:28:42.825732+00:00,RUN-REAL-ESS-20260513-002,FIDELITY,SecurityExtract_ESS_2026May13.csv,ALRS,STARMINE_COVERED,2,Immutable partition append from ESS normalization output; numeric provenance preserved.
RUN-REAL-ESS-20260513-002:2026-05-13:ALIT:STARMINE_COVERED,2026-05-13,2026-05-13T15:28:42.825732+00:00,RUN-REAL-ESS-20260513-002,FIDELITY,SecurityExtract_ESS_2026May13.csv,ALIT,STARMINE_COVERED,2,Immutable partition append from ESS normalization output; numeric provenance preserved.
RUN-REAL-ESS-20260513-002:2026-05-13:ALKS:STARMINE_COVERED,2026-05-13,2026-05-13T15:28:42.825732+00:00,RUN-REAL-ESS-20260513-002,FIDELITY,SecurityExtract_ESS_2026May13.csv,ALKS,STARMINE_COVERED,2,Immutable partition append from ESS normalization output; numeric provenance preserved.
RUN-REAL-ESS-20260513-002:2026-05-13:ALGT:STARMINE_COVERED,2026-05-13,2026-05-13T15:28:42.825732+00:00,RUN-REAL-ESS-20260513-002,FIDELITY,SecurityExtract_ESS_2026May13.csv,ALGT,STARMINE_COVERED,2,Immutable partition append from ESS normalization output; numeric provenance preserved.
RUN-REAL-ESS-20260513-002:2026-05-13:LNT:STARMINE_COVERED,2026-05-13,2026-05-13T15:28:42.825732+00:00,RUN-REAL-ESS-20260513-002,FIDELITY,SecurityExtract_ESS_2026May13.csv,LNT,STARMINE_COVERED,2,Immutable partition append from ESS normalization output; numeric provenance preserved.
RUN-REAL-ESS-20260513-002:2026-05-13:AMZN:STARMINE_COVERED,2026-05-13,2026-05-13T15:28:42.825732+00:00,RUN-REAL-ESS-20260513-002,FIDELITY,SecurityExtract_ESS_2026May13.csv,AMZN,STARMINE_COVERED,2,Immutable partition append from ESS normalization output; numeric provenance preserved.
RUN-REAL-ESS-20260513-002:2026-05-13:AAL:STARMINE_COVERED,2026-05-13,2026-05-13T15:28:42.825732+00:00,RUN-REAL-ESS-20260513-002,FIDELITY,SecurityExtract_ESS_2026May13.csv,AAL,STARMINE_COVERED,2,Immutable partition append from ESS normalization output; numeric provenance preserved.
RUN-REAL-ESS-20260513-002:2026-05-13:AAT:STARMINE_COVERED,2026-05-13,2026-05-13T15:28:42.825732+00:00,RUN-REAL-ESS-20260513-002,FIDELITY,SecurityExtract_ESS_2026May13.csv,AAT,STARMINE_COVERED,2,Immutable partition append from ESS normalization output; numeric provenance preserved.
RUN-REAL-ESS-20260513-002:2026-05-13:AEP:STARMINE_COVERED,2026-05-13,2026-05-13T15:28:42.825732+00:00,RUN-REAL-ESS-20260513-002,FIDELITY,SecurityExtract_ESS_2026May13.csv,AEP,STARMINE_COVERED,2,Immutable partition append from ESS normalization output; numeric provenance preserved.
RUN-REAL-ESS-20260513-002:2026-05-13:AXP:STARMINE_COVERED,2026-05-13,2026-05-13T15:28:42.825732+00:00,RUN-REAL-ESS-20260513-002,FIDELITY,SecurityExtract_ESS_2026May13.csv,AXP,STARMINE_COVERED,2,Immutable partition append from ESS normalization output; numeric provenance preserved.
RUN-REAL-ESS-20260513-002:2026-05-13:AFG:STARMINE_COVERED,2026-05-13,2026-05-13T15:28:42.825732+00:00,RUN-REAL-ESS-20260513-002,FIDELITY,SecurityExtract_ESS_2026May13.csv,AFG,STARMINE_COVERED,2,Immutable partition append from ESS normalization output; numeric provenance preserved.
RUN-REAL-ESS-20260513-002:2026-05-13:AIG:STARMINE_COVERED,2026-05-13,2026-05-13T15:28:42.825732+00:00,RUN-REAL-ESS-20260513-002,FIDELITY,SecurityExtract_ESS_2026May13.csv,AIG,STARMINE_COVERED,2,Immutable partition append from ESS normalization output; numeric provenance preserved.
RUN-REAL-ESS-20260513-002:2026-05-13:AMT:STARMINE_COVERED,2026-05-13,2026-05-13T15:28:42.825732+00:00,RUN-REAL-ESS-20260513-002,FIDELITY,SecurityExtract_ESS_2026May13.csv,AMT,STARMINE_COVERED,2,Immutable partition append from ESS normalization output; numeric provenance preserved.
RUN-REAL-ESS-20260513-002:2026-05-13:ATLO:STARMINE_COVERED,2026-05-13,2026-05-13T15:28:42.825732+00:00,RUN-REAL-ESS-20260513-002,FIDELITY,SecurityExtract_ESS_2026May13.csv,ATLO,STARMINE_COVERED,2,Immutable partition append from ESS normalization output; numeric provenance preserved.
RUN-REAL-ESS-20260513-002:2026-05-13:AMKR:STARMINE_COVERED,2026-05-13,2026-05-13T15:28:42.825732+00:00,RUN-REAL-ESS-20260513-002,FIDELITY,SecurityExtract_ESS_2026May13.csv,AMKR,STARMINE_COVERED,2,Immutable partition append from ESS normalization output; numeric provenance preserved.
RUN-REAL-ESS-20260513-002:2026-05-13:ATEX:STARMINE_COVERED,2026-05-13,2026-05-13T15:28:42.825732+00:00,RUN-REAL-ESS-20260513-002,FIDELITY,SecurityExtract_ESS_2026May13.csv,ATEX,STARMINE_COVERED,2,Immutable partition append from ESS normalization output; numeric provenance preserved.
RUN-REAL-ESS-20260513-002:2026-05-13:AM:STARMINE_COVERED,2026-05-13,2026-05-13T15:28:42.825732+00:00,RUN-REAL-ESS-20260513-002,FIDELITY,SecurityExtract_ESS_2026May13.csv,AM,STARMINE_COVERED,2,Immutable partition append from ESS normalization output; numeric provenance preserved.
RUN-REAL-ESS-20260513-002:2026-05-13:AON:STARMINE_COVERED,2026-05-13,2026-05-13T15:28:42.825732+00:00,RUN-REAL-ESS-20260513-002,FIDELITY,SecurityExtract_ESS_2026May13.csv,AON,STARMINE_COVERED,2,Immutable partition append from ESS normalization output; numeric provenance preserved.
RUN-REAL-ESS-20260513-002:2026-05-13:APLS:STARMINE_COVERED,2026-05-13,2026-05-13T15:28:42.825732+00:00,RUN-REAL-ESS-20260513-002,FIDELITY,SecurityExtract_ESS_2026May13.csv,APLS,STARMINE_COVERED,2,Immutable partition append from ESS normalization output; numeric provenance preserved.
RUN-REAL-ESS-20260513-002:2026-05-13:APPF:STARMINE_COVERED,2026-05-13,2026-05-13T15:28:42.825732+00:00,RUN-REAL-ESS-20260513-002,FIDELITY,SecurityExtract_ESS_2026May13.csv,APPF,STARMINE_COVERED,2,Immutable partition append from ESS normalization output; numeric provenance preserved.
RUN-REAL-ESS-20260513-002:2026-05-13:APP:STARMINE_COVERED,2026-05-13,2026-05-13T15:28:42.825732+00:00,RUN-REAL-ESS-20260513-002,FIDELITY,SecurityExtract_ESS_2026May13.csv,APP,STARMINE_COVERED,2,Immutable partition append from ESS normalization output; numeric provenance preserved.
RUN-REAL-ESS-20260513-002:2026-05-13:ARMK:STARMINE_COVERED,2026-05-13,2026-05-13T15:28:42.825732+00:00,RUN-REAL-ESS-20260513-002,FIDELITY,SecurityExtract_ESS_2026May13.csv,ARMK,STARMINE_COVERED,2,Immutable partition append from ESS normalization output; numeric provenance preserved.
RUN-REAL-ESS-20260513-002:2026-05-13:MT:STARMINE_COVERED,2026-05-13,2026-05-13T15:28:42.825732+00:00,RUN-REAL-ESS-20260513-002,FIDELITY,SecurityExtract_ESS_2026May13.csv,MT,STARMINE_COVERED,2,Immutable partition append from ESS normalization output; numeric provenance preserved.
RUN-REAL-ESS-20260513-002:2026-05-13:ADM:STARMINE_COVERED,2026-05-13,2026-05-13T15:28:42.825732+00:00,RUN-REAL-ESS-20260513-002,FIDELITY,SecurityExtract_ESS_2026May13.csv,ADM,STARMINE_COVERED,2,Immutable partition append from ESS normalization output; numeric provenance preserved.
RUN-REAL-ESS-20260513-002:2026-05-13:ARLO:STARMINE_COVERED,2026-05-13,2026-05-13T15:28:42.825732+00:00,RUN-REAL-ESS-20260513-002,FIDELITY,SecurityExtract_ESS_2026May13.csv,ARLO,STARMINE_COVERED,2,Immutable partition append from ESS normalization output; numeric provenance preserved.
RUN-REAL-ESS-20260513-002:2026-05-13:T:STARMINE_COVERED,2026-05-13,2026-05-13T15:28:42.825732+00:00,RUN-REAL-ESS-20260513-002,FIDELITY,SecurityExtract_ESS_2026May13.csv,T,STARMINE_COVERED,2,Immutable partition append from ESS normalization output; numeric provenance preserved.
RUN-REAL-ESS-20260513-002:2026-05-13:ATKR:STARMINE_COVERED,2026-05-13,2026-05-13T15:28:42.825732+00:00,RUN-REAL-ESS-20260513-002,FIDELITY,SecurityExtract_ESS_2026May13.csv,ATKR,STARMINE_COVERED,2,Immutable partition append from ESS normalization output; numeric provenance preserved.
RUN-REAL-ESS-20260513-002:2026-05-13:ATO:STARMINE_COVERED,2026-05-13,2026-05-13T15:28:42.825732+00:00,RUN-REAL-ESS-20260513-002,FIDELITY,SecurityExtract_ESS_2026May13.csv,ATO,STARMINE_COVERED,2,Immutable partition append from ESS normalization output; numeric provenance preserved.
RUN-REAL-ESS-20260513-002:2026-05-13:ATOM:STARMINE_COVERED,2026-05-13,2026-05-13T15:28:42.825732+00:00,RUN-REAL-ESS-20260513-002,FIDELITY,SecurityExtract_ESS_2026May13.csv,ATOM,STARMINE_COVERED,2,Immutable partition append from ESS normalization output; numeric provenance preserved.
RUN-REAL-ESS-20260513-002:2026-05-13:AEYE:STARMINE_COVERED,2026-05-13,2026-05-13T15:28:42.825732+00:00,RUN-REAL-ESS-20260513-002,FIDELITY,SecurityExtract_ESS_2026May13.csv,AEYE,STARMINE_COVERED,2,Immutable partition append from ESS normalization output; numeric provenance preserved.
RUN-REAL-ESS-20260513-002:2026-05-13:ALV:STARMINE_COVERED,2026-05-13,2026-05-13T15:28:42.825732+00:00,RUN-REAL-ESS-20260513-002,FIDELITY,SecurityExtract_ESS_2026May13.csv,ALV,STARMINE_COVERED,2,Immutable partition append from ESS normalization output; numeric provenance preserved.
RUN-REAL-ESS-20260513-002:2026-05-13:AN:STARMINE_COVERED,2026-05-13,2026-05-13T15:28:42.825732+00:00,RUN-REAL-ESS-20260513-002,FIDELITY,SecurityExtract_ESS_2026May13.csv,AN,STARMINE_COVERED,2,Immutable partition append from ESS normalization output; numeric provenance preserved.
RUN-REAL-ESS-20260513-002:2026-05-13:AVNS:STARMINE_COVERED,2026-05-13,2026-05-13T15:28:42.825732+00:00,RUN-REAL-ESS-20260513-002,FIDELITY,SecurityExtract_ESS_2026May13.csv,AVNS,STARMINE_COVERED,2,Immutable partition append from ESS normalization output; numeric provenance preserved.
RUN-REAL-ESS-20260513-002:2026-05-13:BKR:STARMINE_COVERED,2026-05-13,2026-05-13T15:28:42.825732+00:00,RUN-REAL-ESS-20260513-002,FIDELITY,SecurityExtract_ESS_2026May13.csv,BKR,STARMINE_COVERED,2,Immutable partition append from ESS normalization output; numeric provenance preserved.
RUN-REAL-ESS-20260513-002:2026-05-13:BBVA:STARMINE_COVERED,2026-05-13,2026-05-13T15:28:42.825732+00:00,RUN-REAL-ESS-20260513-002,FIDELITY,SecurityExtract_ESS_2026May13.csv,BBVA,STARMINE_COVERED,2,Immutable partition append from ESS normalization output; numeric provenance preserved.
RUN-REAL-ESS-20260513-002:2026-05-13:BCH:STARMINE_COVERED,2026-05-13,2026-05-13T15:28:42.825732+00:00,RUN-REAL-ESS-20260513-002,FIDELITY,SecurityExtract_ESS_2026May13.csv,BCH,STARMINE_COVERED,2,Immutable partition append from ESS normalization output; numeric provenance preserved.
RUN-REAL-ESS-20260513-002:2026-05-13:SAN:STARMINE_COVERED,2026-05-13,2026-05-13T15:28:42.825732+00:00,RUN-REAL-ESS-20260513-002,FIDELITY,SecurityExtract_ESS_2026May13.csv,SAN,STARMINE_COVERED,2,Immutable partition append from ESS normalization output; numeric provenance preserved.
RUN-REAL-ESS-20260513-002:2026-05-13:BHB:STARMINE_COVERED,2026-05-13,2026-05-13T15:28:42.825732+00:00,RUN-REAL-ESS-20260513-002,FIDELITY,SecurityExtract_ESS_2026May13.csv,BHB,STARMINE_COVERED,2,Immutable partition append from ESS normalization output; numeric provenance preserved.
RUN-REAL-ESS-20260513-002:2026-05-13:BHC:STARMINE_COVERED,2026-05-13,2026-05-13T15:28:42.825732+00:00,RUN-REAL-ESS-20260513-002,FIDELITY,SecurityExtract_ESS_2026May13.csv,BHC,STARMINE_COVERED,2,Immutable partition append from ESS normalization output; numeric provenance preserved.
RUN-REAL-ESS-20260513-002:2026-05-13:BBBY:STARMINE_COVERED,2026-05-13,2026-05-13T15:28:42.825732+00:00,RUN-REAL-ESS-20260513-002,FIDELITY,SecurityExtract_ESS_2026May13.csv,BBBY,STARMINE_COVERED,2,Immutable partition append from ESS normalization output; numeric provenance preserved.
RUN-REAL-ESS-20260513-002:2026-05-13:BH:STARMINE_COVERED,2026-05-13,2026-05-13T15:28:42.825732+00:00,RUN-REAL-ESS-20260513-002,FIDELITY,SecurityExtract_ESS_2026May13.csv,BH,STARMINE_COVERED,2,Immutable partition append from ESS normalization output; numeric provenance preserved.
RUN-REAL-ESS-20260513-002:2026-05-13:BILI:STARMINE_COVERED,2026-05-13,2026-05-13T15:28:42.825732+00:00,RUN-REAL-ESS-20260513-002,FIDELITY,SecurityExtract_ESS_2026May13.csv,BILI,STARMINE_COVERED,2,Immutable partition append from ESS normalization output; numeric provenance preserved.
RUN-REAL-ESS-20260513-002:2026-05-13:BJRI:STARMINE_COVERED,2026-05-13,2026-05-13T15:28:42.825732+00:00,RUN-REAL-ESS-20260513-002,FIDELITY,SecurityExtract_ESS_2026May13.csv,BJRI,STARMINE_COVERED,2,Immutable partition append from ESS normalization output; numeric provenance preserved.
RUN-REAL-ESS-20260513-002:2026-05-13:BKH:STARMINE_COVERED,2026-05-13,2026-05-13T15:28:42.825732+00:00,RUN-REAL-ESS-20260513-002,FIDELITY,SecurityExtract_ESS_2026May13.csv,BKH,STARMINE_COVERED,2,Immutable partition append from ESS normalization output; numeric provenance preserved.
RUN-REAL-ESS-20260513-002:2026-05-13:BXMT:STARMINE_COVERED,2026-05-13,2026-05-13T15:28:42.825732+00:00,RUN-REAL-ESS-20260513-002,FIDELITY,SecurityExtract_ESS_2026May13.csv,BXMT,STARMINE_COVERED,2,Immutable partition append from ESS normalization output; numeric provenance preserved.
RUN-REAL-ESS-20260513-002:2026-05-13:BLMN:STARMINE_COVERED,2026-05-13,2026-05-13T15:28:42.825732+00:00,RUN-REAL-ESS-20260513-002,FIDELITY,SecurityExtract_ESS_2026May13.csv,BLMN,STARMINE_COVERED,2,Immutable partition append from ESS normalization output; numeric provenance preserved.
RUN-REAL-ESS-20260513-002:2026-05-13:BCC:STARMINE_COVERED,2026-05-13,2026-05-13T15:28:42.825732+00:00,RUN-REAL-ESS-20260513-002,FIDELITY,SecurityExtract_ESS_2026May13.csv,BCC,STARMINE_COVERED,2,Immutable partition append from ESS normalization output; numeric provenance preserved.
RUN-REAL-ESS-20260513-002:2026-05-13:BKNG:STARMINE_COVERED,2026-05-13,2026-05-13T15:28:42.825732+00:00,RUN-REAL-ESS-20260513-002,FIDELITY,SecurityExtract_ESS_2026May13.csv,BKNG,STARMINE_COVERED,2,Immutable partition append from ESS normalization output; numeric provenance preserved.
RUN-REAL-ESS-20260513-002:2026-05-13:BSX:STARMINE_COVERED,2026-05-13,2026-05-13T15:28:42.825732+00:00,RUN-REAL-ESS-20260513-002,FIDELITY,SecurityExtract_ESS_2026May13.csv,BSX,STARMINE_COVERED,2,Immutable partition append from ESS normalization output; numeric provenance preserved.
RUN-REAL-ESS-20260513-002:2026-05-13:BYD:STARMINE_COVERED,2026-05-13,2026-05-13T15:28:42.825732+00:00,RUN-REAL-ESS-20260513-002,FIDELITY,SecurityExtract_ESS_2026May13.csv,BYD,STARMINE_COVERED,2,Immutable partition append from ESS normalization output; numeric provenance preserved.
RUN-REAL-ESS-20260513-002:2026-05-13:BWB:STARMINE_COVERED,2026-05-13,2026-05-13T15:28:42.825732+00:00,RUN-REAL-ESS-20260513-002,FIDELITY,SecurityExtract_ESS_2026May13.csv,BWB,STARMINE_COVERED,2,Immutable partition append from ESS normalization output; numeric provenance preserved.
RUN-REAL-ESS-20260513-002:2026-05-13:BHF:STARMINE_COVERED,2026-05-13,2026-05-13T15:28:42.825732+00:00,RUN-REAL-ESS-20260513-002,FIDELITY,SecurityExtract_ESS_2026May13.csv,BHF,STARMINE_COVERED,2,Immutable partition append from ESS normalization output; numeric provenance preserved.
RUN-REAL-ESS-20260513-002:2026-05-13:BV:STARMINE_COVERED,2026-05-13,2026-05-13T15:28:42.825732+00:00,RUN-REAL-ESS-20260513-002,FIDELITY,SecurityExtract_ESS_2026May13.csv,BV,STARMINE_COVERED,2,Immutable partition append from ESS normalization output; numeric provenance preserved.
RUN-REAL-ESS-20260513-002:2026-05-13:VTOL:STARMINE_COVERED,2026-05-13,2026-05-13T15:28:42.825732+00:00,RUN-REAL-ESS-20260513-002,FIDELITY,SecurityExtract_ESS_2026May13.csv,VTOL,STARMINE_COVERED,2,Immutable partition append from ESS normalization output; numeric provenance preserved.
RUN-REAL-ESS-20260513-002:2026-05-13:BIP:STARMINE_COVERED,2026-05-13,2026-05-13T15:28:42.825732+00:00,RUN-REAL-ESS-20260513-002,FIDELITY,SecurityExtract_ESS_2026May13.csv,BIP,STARMINE_COVERED,2,Immutable partition append from ESS normalization output; numeric provenance preserved.
RUN-REAL-ESS-20260513-002:2026-05-13:BRKR:STARMINE_COVERED,2026-05-13,2026-05-13T15:28:42.825732+00:00,RUN-REAL-ESS-20260513-002,FIDELITY,SecurityExtract_ESS_2026May13.csv,BRKR,STARMINE_COVERED,2,Immutable partition append from ESS normalization output; numeric provenance preserved.
RUN-REAL-ESS-20260513-002:2026-05-13:BFST:STARMINE_COVERED,2026-05-13,2026-05-13T15:28:42.825732+00:00,RUN-REAL-ESS-20260513-002,FIDELITY,SecurityExtract_ESS_2026May13.csv,BFST,STARMINE_COVERED,2,Immutable partition append from ESS normalization output; numeric provenance preserved.
RUN-REAL-ESS-20260513-002:2026-05-13:BXP:STARMINE_COVERED,2026-05-13,2026-05-13T15:28:42.825732+00:00,RUN-REAL-ESS-20260513-002,FIDELITY,SecurityExtract_ESS_2026May13.csv,BXP,STARMINE_COVERED,2,Immutable partition append from ESS normalization output; numeric provenance preserved.
RUN-REAL-ESS-20260513-002:2026-05-13:CDNS:STARMINE_COVERED,2026-05-13,2026-05-13T15:28:42.825732+00:00,RUN-REAL-ESS-20260513-002,FIDELITY,SecurityExtract_ESS_2026May13.csv,CDNS,STARMINE_COVERED,2,Immutable partition append from ESS normalization output; numeric provenance preserved.
RUN-REAL-ESS-20260513-002:2026-05-13:CPT:STARMINE_COVERED,2026-05-13,2026-05-13T15:28:42.825732+00:00,RUN-REAL-ESS-20260513-002,FIDELITY,SecurityExtract_ESS_2026May13.csv,CPT,STARMINE_COVERED,2,Immutable partition append from ESS normalization output; numeric provenance preserved.
RUN-REAL-ESS-20260513-002:2026-05-13:CAPR:STARMINE_COVERED,2026-05-13,2026-05-13T15:28:42.825732+00:00,RUN-REAL-ESS-20260513-002,FIDELITY,SecurityExtract_ESS_2026May13.csv,CAPR,STARMINE_COVERED,2,Immutable partition append from ESS normalization output; numeric provenance preserved.
RUN-REAL-ESS-20260513-002:2026-05-13:CRDF:STARMINE_COVERED,2026-05-13,2026-05-13T15:28:42.825732+00:00,RUN-REAL-ESS-20260513-002,FIDELITY,SecurityExtract_ESS_2026May13.csv,CRDF,STARMINE_COVERED,2,Immutable partition append from ESS normalization output; numeric provenance preserved.
RUN-REAL-ESS-20260513-002:2026-05-13:CTRE:STARMINE_COVERED,2026-05-13,2026-05-13T15:28:42.825732+00:00,RUN-REAL-ESS-20260513-002,FIDELITY,SecurityExtract_ESS_2026May13.csv,CTRE,STARMINE_COVERED,2,Immutable partition append from ESS normalization output; numeric provenance preserved.
RUN-REAL-ESS-20260513-002:2026-05-13:CSTL:STARMINE_COVERED,2026-05-13,2026-05-13T15:28:42.825732+00:00,RUN-REAL-ESS-20260513-002,FIDELITY,SecurityExtract_ESS_2026May13.csv,CSTL,STARMINE_COVERED,2,Immutable partition append from ESS normalization output; numeric provenance preserved.
RUN-REAL-ESS-20260513-002:2026-05-13:CBRE:STARMINE_COVERED,2026-05-13,2026-05-13T15:28:42.825732+00:00,RUN-REAL-ESS-20260513-002,FIDELITY,SecurityExtract_ESS_2026May13.csv,CBRE,STARMINE_COVERED,2,Immutable partition append from ESS normalization output; numeric provenance preserved.
RUN-REAL-ESS-20260513-002:2026-05-13:CNP:STARMINE_COVERED,2026-05-13,2026-05-13T15:28:42.825732+00:00,RUN-REAL-ESS-20260513-002,FIDELITY,SecurityExtract_ESS_2026May13.csv,CNP,STARMINE_COVERED,2,Immutable partition append from ESS normalization output; numeric provenance preserved.
RUN-REAL-ESS-20260513-002:2026-05-13:CNTY:STARMINE_COVERED,2026-05-13,2026-05-13T15:28:42.825732+00:00,RUN-REAL-ESS-20260513-002,FIDELITY,SecurityExtract_ESS_2026May13.csv,CNTY,STARMINE_COVERED,2,Immutable partition append from ESS normalization output; numeric provenance preserved.
RUN-REAL-ESS-20260513-002:2026-05-13:CRNC:STARMINE_COVERED,2026-05-13,2026-05-13T15:28:42.825732+00:00,RUN-REAL-ESS-20260513-002,FIDELITY,SecurityExtract_ESS_2026May13.csv,CRNC,STARMINE_COVERED,2,Immutable partition append from ESS normalization output; numeric provenance preserved.
RUN-REAL-ESS-20260513-002:2026-05-13:GTLS:STARMINE_COVERED,2026-05-13,2026-05-13T15:28:42.825732+00:00,RUN-REAL-ESS-20260513-002,FIDELITY,SecurityExtract_ESS_2026May13.csv,GTLS,STARMINE_COVERED,2,Immutable partition append from ESS normalization output; numeric provenance preserved.
RUN-REAL-ESS-20260513-002:2026-05-13:CHE:STARMINE_COVERED,2026-05-13,2026-05-13T15:28:42.825732+00:00,RUN-REAL-ESS-20260513-002,FIDELITY,SecurityExtract_ESS_2026May13.csv,CHE,STARMINE_COVERED,2,Immutable partition append from ESS normalization output; numeric provenance preserved.
RUN-REAL-ESS-20260513-002:2026-05-13:CHMG:STARMINE_COVERED,2026-05-13,2026-05-13T15:28:42.825732+00:00,RUN-REAL-ESS-20260513-002,FIDELITY,SecurityExtract_ESS_2026May13.csv,CHMG,STARMINE_COVERED,2,Immutable partition append from ESS normalization output; numeric provenance preserved.
RUN-REAL-ESS-20260513-002:2026-05-13:CPK:STARMINE_COVERED,2026-05-13,2026-05-13T15:28:42.825732+00:00,RUN-REAL-ESS-20260513-002,FIDELITY,SecurityExtract_ESS_2026May13.csv,CPK,STARMINE_COVERED,2,Immutable partition append from ESS normalization output; numeric provenance preserved.
RUN-REAL-ESS-20260513-002:2026-05-13:CMG:STARMINE_COVERED,2026-05-13,2026-05-13T15:28:42.825732+00:00,RUN-REAL-ESS-20260513-002,FIDELITY,SecurityExtract_ESS_2026May13.csv,CMG,STARMINE_COVERED,2,Immutable partition append from ESS normalization output; numeric provenance preserved.
RUN-REAL-ESS-20260513-002:2026-05-13:CTRN:STARMINE_COVERED,2026-05-13,2026-05-13T15:28:42.825732+00:00,RUN-REAL-ESS-20260513-002,FIDELITY,SecurityExtract_ESS_2026May13.csv,CTRN,STARMINE_COVERED,2,Immutable partition append from ESS normalization output; numeric provenance preserved.
RUN-REAL-ESS-20260513-002:2026-05-13:CFG:STARMINE_COVERED,2026-05-13,2026-05-13T15:28:42.825732+00:00,RUN-REAL-ESS-20260513-002,FIDELITY,SecurityExtract_ESS_2026May13.csv,CFG,STARMINE_COVERED,2,Immutable partition append from ESS normalization output; numeric provenance preserved.
RUN-REAL-ESS-20260513-002:2026-05-13:CIA:STARMINE_COVERED,2026-05-13,2026-05-13T15:28:42.825732+00:00,RUN-REAL-ESS-20260513-002,FIDELITY,SecurityExtract_ESS_2026May13.csv,CIA,STARMINE_COVERED,2,Immutable partition append from ESS normalization output; numeric provenance preserved.
RUN-REAL-ESS-20260513-002:2026-05-13:CLPR:STARMINE_COVERED,2026-05-13,2026-05-13T15:28:42.825732+00:00,RUN-REAL-ESS-20260513-002,FIDELITY,SecurityExtract_ESS_2026May13.csv,CLPR,STARMINE_COVERED,2,Immutable partition append from ESS normalization output; numeric provenance preserved.
RUN-REAL-ESS-20260513-002:2026-05-13:NET:STARMINE_COVERED,2026-05-13,2026-05-13T15:28:42.825732+00:00,RUN-REAL-ESS-20260513-002,FIDELITY,SecurityExtract_ESS_2026May13.csv,NET,STARMINE_COVERED,2,Immutable partition append from ESS normalization output; numeric provenance preserved.
RUN-REAL-ESS-20260513-002:2026-05-13:CME:STARMINE_COVERED,2026-05-13,2026-05-13T15:28:42.825732+00:00,RUN-REAL-ESS-20260513-002,FIDELITY,SecurityExtract_ESS_2026May13.csv,CME,STARMINE_COVERED,2,Immutable partition append from ESS normalization output; numeric provenance preserved.
RUN-REAL-ESS-20260513-002:2026-05-13:CCEP:STARMINE_COVERED,2026-05-13,2026-05-13T15:28:42.825732+00:00,RUN-REAL-ESS-20260513-002,FIDELITY,SecurityExtract_ESS_2026May13.csv,CCEP,STARMINE_COVERED,2,Immutable partition append from ESS normalization output; numeric provenance preserved.
RUN-REAL-ESS-20260513-002:2026-05-13:CDXS:STARMINE_COVERED,2026-05-13,2026-05-13T15:28:42.825732+00:00,RUN-REAL-ESS-20260513-002,FIDELITY,SecurityExtract_ESS_2026May13.csv,CDXS,STARMINE_COVERED,2,Immutable partition append from ESS normalization output; numeric provenance preserved.
RUN-REAL-ESS-20260513-002:2026-05-13:CCOI:STARMINE_COVERED,2026-05-13,2026-05-13T15:28:42.825732+00:00,RUN-REAL-ESS-20260513-002,FIDELITY,SecurityExtract_ESS_2026May13.csv,CCOI,STARMINE_COVERED,2,Immutable partition append from ESS normalization output; numeric provenance preserved.
RUN-REAL-ESS-20260513-002:2026-05-13:CVLT:STARMINE_COVERED,2026-05-13,2026-05-13T15:28:42.825732+00:00,RUN-REAL-ESS-20260513-002,FIDELITY,SecurityExtract_ESS_2026May13.csv,CVLT,STARMINE_COVERED,2,Immutable partition append from ESS normalization output; numeric provenance preserved.
RUN-REAL-ESS-20260513-002:2026-05-13:COMP:STARMINE_COVERED,2026-05-13,2026-05-13T15:28:42.825732+00:00,RUN-REAL-ESS-20260513-002,FIDELITY,SecurityExtract_ESS_2026May13.csv,COMP,STARMINE_COVERED,2,Immutable partition append from ESS normalization output; numeric provenance preserved.
RUN-REAL-ESS-20260513-002:2026-05-13:BBCP:STARMINE_COVERED,2026-05-13,2026-05-13T15:28:42.825732+00:00,RUN-REAL-ESS-20260513-002,FIDELITY,SecurityExtract_ESS_2026May13.csv,BBCP,STARMINE_COVERED,2,Immutable partition append from ESS normalization output; numeric provenance preserved.
RUN-REAL-ESS-20260513-002:2026-05-13:CNOB:STARMINE_COVERED,2026-05-13,2026-05-13T15:28:42.825732+00:00,RUN-REAL-ESS-20260513-002,FIDELITY,SecurityExtract_ESS_2026May13.csv,CNOB,STARMINE_COVERED,2,Immutable partition append from ESS normalization output; numeric provenance preserved.
RUN-REAL-ESS-20260513-002:2026-05-13:ED:STARMINE_COVERED,2026-05-13,2026-05-13T15:28:42.825732+00:00,RUN-REAL-ESS-20260513-002,FIDELITY,SecurityExtract_ESS_2026May13.csv,ED,STARMINE_COVERED,2,Immutable partition append from ESS normalization output; numeric provenance preserved.
RUN-REAL-ESS-20260513-002:2026-05-13:CDP:STARMINE_COVERED,2026-05-13,2026-05-13T15:28:42.825732+00:00,RUN-REAL-ESS-20260513-002,FIDELITY,SecurityExtract_ESS_2026May13.csv,CDP,STARMINE_COVERED,2,Immutable partition append from ESS normalization output; numeric provenance preserved.
RUN-REAL-ESS-20260513-002:2026-05-13:CRBP:STARMINE_COVERED,2026-05-13,2026-05-13T15:28:42.825732+00:00,RUN-REAL-ESS-20260513-002,FIDELITY,SecurityExtract_ESS_2026May13.csv,CRBP,STARMINE_COVERED,2,Immutable partition append from ESS normalization output; numeric provenance preserved.
RUN-REAL-ESS-20260513-002:2026-05-13:CRVS:STARMINE_COVERED,2026-05-13,2026-05-13T15:28:42.825732+00:00,RUN-REAL-ESS-20260513-002,FIDELITY,SecurityExtract_ESS_2026May13.csv,CRVS,STARMINE_COVERED,2,Immutable partition append from ESS normalization output; numeric provenance preserved.
RUN-REAL-ESS-20260513-002:2026-05-13:COUR:STARMINE_COVERED,2026-05-13,2026-05-13T15:28:42.825732+00:00,RUN-REAL-ESS-20260513-002,FIDELITY,SecurityExtract_ESS_2026May13.csv,COUR,STARMINE_COVERED,2,Immutable partition append from ESS normalization output; numeric provenance preserved.
RUN-REAL-ESS-20260513-002:2026-05-13:CVSA:STARMINE_COVERED,2026-05-13,2026-05-13T15:28:42.825732+00:00,RUN-REAL-ESS-20260513-002,FIDELITY,SecurityExtract_ESS_2026May13.csv,CVSA,STARMINE_COVERED,2,Immutable partition append from ESS normalization output; numeric provenance preserved.
RUN-REAL-ESS-20260513-002:2026-05-13:CACC:STARMINE_COVERED,2026-05-13,2026-05-13T15:28:42.825732+00:00,RUN-REAL-ESS-20260513-002,FIDELITY,SecurityExtract_ESS_2026May13.csv,CACC,STARMINE_COVERED,2,Immutable partition append from ESS normalization output; numeric provenance preserved.
RUN-REAL-ESS-20260513-002:2026-05-13:DECK:STARMINE_COVERED,2026-05-13,2026-05-13T15:28:42.825732+00:00,RUN-REAL-ESS-20260513-002,FIDELITY,SecurityExtract_ESS_2026May13.csv,DECK,STARMINE_COVERED,2,Immutable partition append from ESS normalization output; numeric provenance preserved.
RUN-REAL-ESS-20260513-002:2026-05-13:XRAY:STARMINE_COVERED,2026-05-13,2026-05-13T15:28:42.825732+00:00,RUN-REAL-ESS-20260513-002,FIDELITY,SecurityExtract_ESS_2026May13.csv,XRAY,STARMINE_COVERED,2,Immutable partition append from ESS normalization output; numeric provenance preserved.
RUN-REAL-ESS-20260513-002:2026-05-13:APPS:STARMINE_COVERED,2026-05-13,2026-05-13T15:28:42.825732+00:00,RUN-REAL-ESS-20260513-002,FIDELITY,SecurityExtract_ESS_2026May13.csv,APPS,STARMINE_COVERED,2,Immutable partition append from ESS normalization output; numeric provenance preserved.
RUN-REAL-ESS-20260513-002:2026-05-13:DDS:STARMINE_COVERED,2026-05-13,2026-05-13T15:28:42.825732+00:00,RUN-REAL-ESS-20260513-002,FIDELITY,SecurityExtract_ESS_2026May13.csv,DDS,STARMINE_COVERED,2,Immutable partition append from ESS normalization output; numeric provenance preserved.
RUN-REAL-ESS-20260513-002:2026-05-13:DIN:STARMINE_COVERED,2026-05-13,2026-05-13T15:28:42.825732+00:00,RUN-REAL-ESS-20260513-002,FIDELITY,SecurityExtract_ESS_2026May13.csv,DIN,STARMINE_COVERED,2,Immutable partition append from ESS normalization output; numeric provenance preserved.
RUN-REAL-ESS-20260513-002:2026-05-13:DOCU:STARMINE_COVERED,2026-05-13,2026-05-13T15:28:42.825732+00:00,RUN-REAL-ESS-20260513-002,FIDELITY,SecurityExtract_ESS_2026May13.csv,DOCU,STARMINE_COVERED,2,Immutable partition append from ESS normalization output; numeric provenance preserved.
RUN-REAL-ESS-20260513-002:2026-05-13:DLB:STARMINE_COVERED,2026-05-13,2026-05-13T15:28:42.825732+00:00,RUN-REAL-ESS-20260513-002,FIDELITY,SecurityExtract_ESS_2026May13.csv,DLB,STARMINE_COVERED,2,Immutable partition append from ESS normalization output; numeric provenance preserved.
RUN-REAL-ESS-20260513-002:2026-05-13:LPG:STARMINE_COVERED,2026-05-13,2026-05-13T15:28:42.825732+00:00,RUN-REAL-ESS-20260513-002,FIDELITY,SecurityExtract_ESS_2026May13.csv,LPG,STARMINE_COVERED,2,Immutable partition append from ESS normalization output; numeric provenance preserved.
RUN-REAL-ESS-20260513-002:2026-05-13:DTE:STARMINE_COVERED,2026-05-13,2026-05-13T15:28:42.825732+00:00,RUN-REAL-ESS-20260513-002,FIDELITY,SecurityExtract_ESS_2026May13.csv,DTE,STARMINE_COVERED,2,Immutable partition append from ESS normalization output; numeric provenance preserved.
RUN-REAL-ESS-20260513-002:2026-05-13:DCO:STARMINE_COVERED,2026-05-13,2026-05-13T15:28:42.825732+00:00,RUN-REAL-ESS-20260513-002,FIDELITY,SecurityExtract_ESS_2026May13.csv,DCO,STARMINE_COVERED,2,Immutable partition append from ESS normalization output; numeric provenance preserved.
RUN-REAL-ESS-20260513-002:2026-05-13:DUK:STARMINE_COVERED,2026-05-13,2026-05-13T15:28:42.825732+00:00,RUN-REAL-ESS-20260513-002,FIDELITY,SecurityExtract_ESS_2026May13.csv,DUK,STARMINE_COVERED,2,Immutable partition append from ESS normalization output; numeric provenance preserved.
RUN-REAL-ESS-20260513-002:2026-05-13:DUOL:STARMINE_COVERED,2026-05-13,2026-05-13T15:28:42.825732+00:00,RUN-REAL-ESS-20260513-002,FIDELITY,SecurityExtract_ESS_2026May13.csv,DUOL,STARMINE_COVERED,2,Immutable partition append from ESS normalization output; numeric provenance preserved.
RUN-REAL-ESS-20260513-002:2026-05-13:EGBN:STARMINE_COVERED,2026-05-13,2026-05-13T15:28:42.825732+00:00,RUN-REAL-ESS-20260513-002,FIDELITY,SecurityExtract_ESS_2026May13.csv,EGBN,STARMINE_COVERED,2,Immutable partition append from ESS normalization output; numeric provenance preserved.
RUN-REAL-ESS-20260513-002:2026-05-13:EXP:STARMINE_COVERED,2026-05-13,2026-05-13T15:28:42.825732+00:00,RUN-REAL-ESS-20260513-002,FIDELITY,SecurityExtract_ESS_2026May13.csv,EXP,STARMINE_COVERED,2,Immutable partition append from ESS normalization output; numeric provenance preserved.
RUN-REAL-ESS-20260513-002:2026-05-13:DEA:STARMINE_COVERED,2026-05-13,2026-05-13T15:28:42.825732+00:00,RUN-REAL-ESS-20260513-002,FIDELITY,SecurityExtract_ESS_2026May13.csv,DEA,STARMINE_COVERED,2,Immutable partition append from ESS normalization output; numeric provenance preserved.
RUN-REAL-ESS-20260513-002:2026-05-13:SATS:STARMINE_COVERED,2026-05-13,2026-05-13T15:28:42.825732+00:00,RUN-REAL-ESS-20260513-002,FIDELITY,SecurityExtract_ESS_2026May13.csv,SATS,STARMINE_COVERED,2,Immutable partition append from ESS normalization output; numeric provenance preserved.
RUN-REAL-ESS-20260513-002:2026-05-13:EA:STARMINE_COVERED,2026-05-13,2026-05-13T15:28:42.825732+00:00,RUN-REAL-ESS-20260513-002,FIDELITY,SecurityExtract_ESS_2026May13.csv,EA,STARMINE_COVERED,2,Immutable partition append from ESS normalization output; numeric provenance preserved.
RUN-REAL-ESS-20260513-002:2026-05-13:LLY:STARMINE_COVERED,2026-05-13,2026-05-13T15:28:42.825732+00:00,RUN-REAL-ESS-20260513-002,FIDELITY,SecurityExtract_ESS_2026May13.csv,LLY,STARMINE_COVERED,2,Immutable partition append from ESS normalization output; numeric provenance preserved.
RUN-REAL-ESS-20260513-002:2026-05-13:EIG:STARMINE_COVERED,2026-05-13,2026-05-13T15:28:42.825732+00:00,RUN-REAL-ESS-20260513-002,FIDELITY,SecurityExtract_ESS_2026May13.csv,EIG,STARMINE_COVERED,2,Immutable partition append from ESS normalization output; numeric provenance preserved.
RUN-REAL-ESS-20260513-002:2026-05-13:ENTA:STARMINE_COVERED,2026-05-13,2026-05-13T15:28:42.825732+00:00,RUN-REAL-ESS-20260513-002,FIDELITY,SecurityExtract_ESS_2026May13.csv,ENTA,STARMINE_COVERED,2,Immutable partition append from ESS normalization output; numeric provenance preserved.
RUN-REAL-ESS-20260513-002:2026-05-13:ENR:STARMINE_COVERED,2026-05-13,2026-05-13T15:28:42.825732+00:00,RUN-REAL-ESS-20260513-002,FIDELITY,SecurityExtract_ESS_2026May13.csv,ENR,STARMINE_COVERED,2,Immutable partition append from ESS normalization output; numeric provenance preserved.
RUN-REAL-ESS-20260513-002:2026-05-13:EPAC:STARMINE_COVERED,2026-05-13,2026-05-13T15:28:42.825732+00:00,RUN-REAL-ESS-20260513-002,FIDELITY,SecurityExtract_ESS_2026May13.csv,EPAC,STARMINE_COVERED,2,Immutable partition append from ESS normalization output; numeric provenance preserved.
RUN-REAL-ESS-20260513-002:2026-05-13:ETR:STARMINE_COVERED,2026-05-13,2026-05-13T15:28:42.825732+00:00,RUN-REAL-ESS-20260513-002,FIDELITY,SecurityExtract_ESS_2026May13.csv,ETR,STARMINE_COVERED,2,Immutable partition append from ESS normalization output; numeric provenance preserved.
RUN-REAL-ESS-20260513-002:2026-05-13:NVST:STARMINE_COVERED,2026-05-13,2026-05-13T15:28:42.825732+00:00,RUN-REAL-ESS-20260513-002,FIDELITY,SecurityExtract_ESS_2026May13.csv,NVST,STARMINE_COVERED,2,Immutable partition append from ESS normalization output; numeric provenance preserved.
RUN-REAL-ESS-20260513-002:2026-05-13:EPAM:STARMINE_COVERED,2026-05-13,2026-05-13T15:28:42.825732+00:00,RUN-REAL-ESS-20260513-002,FIDELITY,SecurityExtract_ESS_2026May13.csv,EPAM,STARMINE_COVERED,2,Immutable partition append from ESS normalization output; numeric provenance preserved.
RUN-REAL-ESS-20260513-002:2026-05-13:EQT:STARMINE_COVERED,2026-05-13,2026-05-13T15:28:42.825732+00:00,RUN-REAL-ESS-20260513-002,FIDELITY,SecurityExtract_ESS_2026May13.csv,EQT,STARMINE_COVERED,2,Immutable partition append from ESS normalization output; numeric provenance preserved.
RUN-REAL-ESS-20260513-002:2026-05-13:ESE:STARMINE_COVERED,2026-05-13,2026-05-13T15:28:42.825732+00:00,RUN-REAL-ESS-20260513-002,FIDELITY,SecurityExtract_ESS_2026May13.csv,ESE,STARMINE_COVERED,2,Immutable partition append from ESS normalization output; numeric provenance preserved.
RUN-REAL-ESS-20260513-002:2026-05-13:ESQ:STARMINE_COVERED,2026-05-13,2026-05-13T15:28:42.825732+00:00,RUN-REAL-ESS-20260513-002,FIDELITY,SecurityExtract_ESS_2026May13.csv,ESQ,STARMINE_COVERED,2,Immutable partition append from ESS normalization output; numeric provenance preserved.
RUN-REAL-ESS-20260513-002:2026-05-13:WTRG:STARMINE_COVERED,2026-05-13,2026-05-13T15:28:42.825732+00:00,RUN-REAL-ESS-20260513-002,FIDELITY,SecurityExtract_ESS_2026May13.csv,WTRG,STARMINE_COVERED,2,Immutable partition append from ESS normalization output; numeric provenance preserved.
RUN-REAL-ESS-20260513-002:2026-05-13:ECG:STARMINE_COVERED,2026-05-13,2026-05-13T15:28:42.825732+00:00,RUN-REAL-ESS-20260513-002,FIDELITY,SecurityExtract_ESS_2026May13.csv,ECG,STARMINE_COVERED,2,Immutable partition append from ESS normalization output; numeric provenance preserved.
RUN-REAL-ESS-20260513-002:2026-05-13:EVI:STARMINE_COVERED,2026-05-13,2026-05-13T15:28:42.825732+00:00,RUN-REAL-ESS-20260513-002,FIDELITY,SecurityExtract_ESS_2026May13.csv,EVI,STARMINE_COVERED,2,Immutable partition append from ESS normalization output; numeric provenance preserved.
RUN-REAL-ESS-20260513-002:2026-05-13:EXTR:STARMINE_COVERED,2026-05-13,2026-05-13T15:28:42.825732+00:00,RUN-REAL-ESS-20260513-002,FIDELITY,SecurityExtract_ESS_2026May13.csv,EXTR,STARMINE_COVERED,2,Immutable partition append from ESS normalization output; numeric provenance preserved.
RUN-REAL-ESS-20260513-002:2026-05-13:FNB:STARMINE_COVERED,2026-05-13,2026-05-13T15:28:42.825732+00:00,RUN-REAL-ESS-20260513-002,FIDELITY,SecurityExtract_ESS_2026May13.csv,FNB,STARMINE_COVERED,2,Immutable partition append from ESS normalization output; numeric provenance preserved.
RUN-REAL-ESS-20260513-002:2026-05-13:FMNB:STARMINE_COVERED,2026-05-13,2026-05-13T15:28:42.825732+00:00,RUN-REAL-ESS-20260513-002,FIDELITY,SecurityExtract_ESS_2026May13.csv,FMNB,STARMINE_COVERED,2,Immutable partition append from ESS normalization output; numeric provenance preserved.
RUN-REAL-ESS-20260513-002:2026-05-13:RACE:STARMINE_COVERED,2026-05-13,2026-05-13T15:28:42.825732+00:00,RUN-REAL-ESS-20260513-002,FIDELITY,SecurityExtract_ESS_2026May13.csv,RACE,STARMINE_COVERED,2,Immutable partition append from ESS normalization output; numeric provenance preserved.
RUN-REAL-ESS-20260513-002:2026-05-13:FHB:STARMINE_COVERED,2026-05-13,2026-05-13T15:28:42.825732+00:00,RUN-REAL-ESS-20260513-002,FIDELITY,SecurityExtract_ESS_2026May13.csv,FHB,STARMINE_COVERED,2,Immutable partition append from ESS normalization output; numeric provenance preserved.
RUN-REAL-ESS-20260513-002:2026-05-13:INBK:STARMINE_COVERED,2026-05-13,2026-05-13T15:28:42.825732+00:00,RUN-REAL-ESS-20260513-002,FIDELITY,SecurityExtract_ESS_2026May13.csv,INBK,STARMINE_COVERED,2,Immutable partition append from ESS normalization output; numeric provenance preserved.
RUN-REAL-ESS-20260513-002:2026-05-13:FMBH:STARMINE_COVERED,2026-05-13,2026-05-13T15:28:42.825732+00:00,RUN-REAL-ESS-20260513-002,FIDELITY,SecurityExtract_ESS_2026May13.csv,FMBH,STARMINE_COVERED,2,Immutable partition append from ESS normalization output; numeric provenance preserved.
RUN-REAL-ESS-20260513-002:2026-05-13:MYFW:STARMINE_COVERED,2026-05-13,2026-05-13T15:28:42.825732+00:00,RUN-REAL-ESS-20260513-002,FIDELITY,SecurityExtract_ESS_2026May13.csv,MYFW,STARMINE_COVERED,2,Immutable partition append from ESS normalization output; numeric provenance preserved.
RUN-REAL-ESS-20260513-002:2026-05-13:FVRR:STARMINE_COVERED,2026-05-13,2026-05-13T15:28:42.825732+00:00,RUN-REAL-ESS-20260513-002,FIDELITY,SecurityExtract_ESS_2026May13.csv,FVRR,STARMINE_COVERED,2,Immutable partition append from ESS normalization output; numeric provenance preserved.
RUN-REAL-ESS-20260513-002:2026-05-13:FTK:STARMINE_COVERED,2026-05-13,2026-05-13T15:28:42.825732+00:00,RUN-REAL-ESS-20260513-002,FIDELITY,SecurityExtract_ESS_2026May13.csv,FTK,STARMINE_COVERED,2,Immutable partition append from ESS normalization output; numeric provenance preserved.
RUN-REAL-ESS-20260513-002:2026-05-13:FLS:STARMINE_COVERED,2026-05-13,2026-05-13T15:28:42.825732+00:00,RUN-REAL-ESS-20260513-002,FIDELITY,SecurityExtract_ESS_2026May13.csv,FLS,STARMINE_COVERED,2,Immutable partition append from ESS normalization output; numeric provenance preserved.
RUN-REAL-ESS-20260513-002:2026-05-13:FBRX:STARMINE_COVERED,2026-05-13,2026-05-13T15:28:42.825732+00:00,RUN-REAL-ESS-20260513-002,FIDELITY,SecurityExtract_ESS_2026May13.csv,FBRX,STARMINE_COVERED,2,Immutable partition append from ESS normalization output; numeric provenance preserved.
RUN-REAL-ESS-20260513-002:2026-05-13:FNV:STARMINE_COVERED,2026-05-13,2026-05-13T15:28:42.825732+00:00,RUN-REAL-ESS-20260513-002,FIDELITY,SecurityExtract_ESS_2026May13.csv,FNV,STARMINE_COVERED,2,Immutable partition append from ESS normalization output; numeric provenance preserved.
RUN-REAL-ESS-20260513-002:2026-05-13:FCX:STARMINE_COVERED,2026-05-13,2026-05-13T15:28:42.825732+00:00,RUN-REAL-ESS-20260513-002,FIDELITY,SecurityExtract_ESS_2026May13.csv,FCX,STARMINE_COVERED,2,Immutable partition append from ESS normalization output; numeric provenance preserved.
RUN-REAL-ESS-20260513-002:2026-05-13:FTDR:STARMINE_COVERED,2026-05-13,2026-05-13T15:28:42.825732+00:00,RUN-REAL-ESS-20260513-002,FIDELITY,SecurityExtract_ESS_2026May13.csv,FTDR,STARMINE_COVERED,2,Immutable partition append from ESS normalization output; numeric provenance preserved.
RUN-REAL-ESS-20260513-002:2026-05-13:FTAI:STARMINE_COVERED,2026-05-13,2026-05-13T15:28:42.825732+00:00,RUN-REAL-ESS-20260513-002,FIDELITY,SecurityExtract_ESS_2026May13.csv,FTAI,STARMINE_COVERED,2,Immutable partition append from ESS normalization output; numeric provenance preserved.
RUN-REAL-ESS-20260513-002:2026-05-13:GALT:STARMINE_COVERED,2026-05-13,2026-05-13T15:28:42.825732+00:00,RUN-REAL-ESS-20260513-002,FIDELITY,SecurityExtract_ESS_2026May13.csv,GALT,STARMINE_COVERED,2,Immutable partition append from ESS normalization output; numeric provenance preserved.
RUN-REAL-ESS-20260513-002:2026-05-13:GAP:STARMINE_COVERED,2026-05-13,2026-05-13T15:28:42.825732+00:00,RUN-REAL-ESS-20260513-002,FIDELITY,SecurityExtract_ESS_2026May13.csv,GAP,STARMINE_COVERED,2,Immutable partition append from ESS normalization output; numeric provenance preserved.
RUN-REAL-ESS-20260513-002:2026-05-13:GRMN:STARMINE_COVERED,2026-05-13,2026-05-13T15:28:42.825732+00:00,RUN-REAL-ESS-20260513-002,FIDELITY,SecurityExtract_ESS_2026May13.csv,GRMN,STARMINE_COVERED,2,Immutable partition append from ESS normalization output; numeric provenance preserved.
RUN-REAL-ESS-20260513-002:2026-05-13:GTX:STARMINE_COVERED,2026-05-13,2026-05-13T15:28:42.825732+00:00,RUN-REAL-ESS-20260513-002,FIDELITY,SecurityExtract_ESS_2026May13.csv,GTX,STARMINE_COVERED,2,Immutable partition append from ESS normalization output; numeric provenance preserved.
RUN-REAL-ESS-20260513-002:2026-05-13:GEHC:STARMINE_COVERED,2026-05-13,2026-05-13T15:28:42.825732+00:00,RUN-REAL-ESS-20260513-002,FIDELITY,SecurityExtract_ESS_2026May13.csv,GEHC,STARMINE_COVERED,2,Immutable partition append from ESS normalization output; numeric provenance preserved.
RUN-REAL-ESS-20260513-002:2026-05-13:G:STARMINE_COVERED,2026-05-13,2026-05-13T15:28:42.825732+00:00,RUN-REAL-ESS-20260513-002,FIDELITY,SecurityExtract_ESS_2026May13.csv,G,STARMINE_COVERED,2,Immutable partition append from ESS normalization output; numeric provenance preserved.
RUN-REAL-ESS-20260513-002:2026-05-13:ROCK:STARMINE_COVERED,2026-05-13,2026-05-13T15:28:42.825732+00:00,RUN-REAL-ESS-20260513-002,FIDELITY,SecurityExtract_ESS_2026May13.csv,ROCK,STARMINE_COVERED,2,Immutable partition append from ESS normalization output; numeric provenance preserved.
RUN-REAL-ESS-20260513-002:2026-05-13:GNL:STARMINE_COVERED,2026-05-13,2026-05-13T15:28:42.825732+00:00,RUN-REAL-ESS-20260513-002,FIDELITY,SecurityExtract_ESS_2026May13.csv,GNL,STARMINE_COVERED,2,Immutable partition append from ESS normalization output; numeric provenance preserved.
RUN-REAL-ESS-20260513-002:2026-05-13:GDDY:STARMINE_COVERED,2026-05-13,2026-05-13T15:28:42.825732+00:00,RUN-REAL-ESS-20260513-002,FIDELITY,SecurityExtract_ESS_2026May13.csv,GDDY,STARMINE_COVERED,2,Immutable partition append from ESS normalization output; numeric provenance preserved.
RUN-REAL-ESS-20260513-002:2026-05-13:GLNG:STARMINE_COVERED,2026-05-13,2026-05-13T15:28:42.825732+00:00,RUN-REAL-ESS-20260513-002,FIDELITY,SecurityExtract_ESS_2026May13.csv,GLNG,STARMINE_COVERED,2,Immutable partition append from ESS normalization output; numeric provenance preserved.
RUN-REAL-ESS-20260513-002:2026-05-13:GOLD:STARMINE_COVERED,2026-05-13,2026-05-13T15:28:42.825732+00:00,RUN-REAL-ESS-20260513-002,FIDELITY,SecurityExtract_ESS_2026May13.csv,GOLD,STARMINE_COVERED,2,Immutable partition append from ESS normalization output; numeric provenance preserved.
RUN-REAL-ESS-20260513-002:2026-05-13:GOSS:STARMINE_COVERED,2026-05-13,2026-05-13T15:28:42.825732+00:00,RUN-REAL-ESS-20260513-002,FIDELITY,SecurityExtract_ESS_2026May13.csv,GOSS,STARMINE_COVERED,2,Immutable partition append from ESS normalization output; numeric provenance preserved.
RUN-REAL-ESS-20260513-002:2026-05-13:GVA:STARMINE_COVERED,2026-05-13,2026-05-13T15:28:42.825732+00:00,RUN-REAL-ESS-20260513-002,FIDELITY,SecurityExtract_ESS_2026May13.csv,GVA,STARMINE_COVERED,2,Immutable partition append from ESS normalization output; numeric provenance preserved.
RUN-REAL-ESS-20260513-002:2026-05-13:TV:STARMINE_COVERED,2026-05-13,2026-05-13T15:28:42.825732+00:00,RUN-REAL-ESS-20260513-002,FIDELITY,SecurityExtract_ESS_2026May13.csv,TV,STARMINE_COVERED,2,Immutable partition append from ESS normalization output; numeric provenance preserved.
RUN-REAL-ESS-20260513-002:2026-05-13:FUL:STARMINE_COVERED,2026-05-13,2026-05-13T15:28:42.825732+00:00,RUN-REAL-ESS-20260513-002,FIDELITY,SecurityExtract_ESS_2026May13.csv,FUL,STARMINE_COVERED,2,Immutable partition append from ESS normalization output; numeric provenance preserved.
RUN-REAL-ESS-20260513-002:2026-05-13:HCKT:STARMINE_COVERED,2026-05-13,2026-05-13T15:28:42.825732+00:00,RUN-REAL-ESS-20260513-002,FIDELITY,SecurityExtract_ESS_2026May13.csv,HCKT,STARMINE_COVERED,2,Immutable partition append from ESS normalization output; numeric provenance preserved.
RUN-REAL-ESS-20260513-002:2026-05-13:HAE:STARMINE_COVERED,2026-05-13,2026-05-13T15:28:42.825732+00:00,RUN-REAL-ESS-20260513-002,FIDELITY,SecurityExtract_ESS_2026May13.csv,HAE,STARMINE_COVERED,2,Immutable partition append from ESS normalization output; numeric provenance preserved.
RUN-REAL-ESS-20260513-002:2026-05-13:HROW:STARMINE_COVERED,2026-05-13,2026-05-13T15:28:42.825732+00:00,RUN-REAL-ESS-20260513-002,FIDELITY,SecurityExtract_ESS_2026May13.csv,HROW,STARMINE_COVERED,2,Immutable partition append from ESS normalization output; numeric provenance preserved.
RUN-REAL-ESS-20260513-002:2026-05-13:HAS:STARMINE_COVERED,2026-05-13,2026-05-13T15:28:42.825732+00:00,RUN-REAL-ESS-20260513-002,FIDELITY,SecurityExtract_ESS_2026May13.csv,HAS,STARMINE_COVERED,2,Immutable partition append from ESS normalization output; numeric provenance preserved.
RUN-REAL-ESS-20260513-002:2026-05-13:HWKN:STARMINE_COVERED,2026-05-13,2026-05-13T15:28:42.825732+00:00,RUN-REAL-ESS-20260513-002,FIDELITY,SecurityExtract_ESS_2026May13.csv,HWKN,STARMINE_COVERED,2,Immutable partition append from ESS normalization output; numeric provenance preserved.
RUN-REAL-ESS-20260513-002:2026-05-13:HAYW:STARMINE_COVERED,2026-05-13,2026-05-13T15:28:42.825732+00:00,RUN-REAL-ESS-20260513-002,FIDELITY,SecurityExtract_ESS_2026May13.csv,HAYW,STARMINE_COVERED,2,Immutable partition append from ESS normalization output; numeric provenance preserved.
RUN-REAL-ESS-20260513-002:2026-05-13:HCA:STARMINE_COVERED,2026-05-13,2026-05-13T15:28:42.825732+00:00,RUN-REAL-ESS-20260513-002,FIDELITY,SecurityExtract_ESS_2026May13.csv,HCA,STARMINE_COVERED,2,Immutable partition append from ESS normalization output; numeric provenance preserved.
RUN-REAL-ESS-20260513-002:2026-05-13:HCAT:STARMINE_COVERED,2026-05-13,2026-05-13T15:28:42.825732+00:00,RUN-REAL-ESS-20260513-002,FIDELITY,SecurityExtract_ESS_2026May13.csv,HCAT,STARMINE_COVERED,2,Immutable partition append from ESS normalization output; numeric provenance preserved.
RUN-REAL-ESS-20260513-002:2026-05-13:HL:STARMINE_COVERED,2026-05-13,2026-05-13T15:28:42.825732+00:00,RUN-REAL-ESS-20260513-002,FIDELITY,SecurityExtract_ESS_2026May13.csv,HL,STARMINE_COVERED,2,Immutable partition append from ESS normalization output; numeric provenance preserved.
RUN-REAL-ESS-20260513-002:2026-05-13:HOFT:STARMINE_COVERED,2026-05-13,2026-05-13T15:28:42.825732+00:00,RUN-REAL-ESS-20260513-002,FIDELITY,SecurityExtract_ESS_2026May13.csv,HOFT,STARMINE_COVERED,2,Immutable partition append from ESS normalization output; numeric provenance preserved.
RUN-REAL-ESS-20260513-002:2026-05-13:HLI:STARMINE_COVERED,2026-05-13,2026-05-13T15:28:42.825732+00:00,RUN-REAL-ESS-20260513-002,FIDELITY,SecurityExtract_ESS_2026May13.csv,HLI,STARMINE_COVERED,2,Immutable partition append from ESS normalization output; numeric provenance preserved.
RUN-REAL-ESS-20260513-002:2026-05-13:HSBC:STARMINE_COVERED,2026-05-13,2026-05-13T15:28:42.825732+00:00,RUN-REAL-ESS-20260513-002,FIDELITY,SecurityExtract_ESS_2026May13.csv,HSBC,STARMINE_COVERED,2,Immutable partition append from ESS normalization output; numeric provenance preserved.
RUN-REAL-ESS-20260513-002:2026-05-13:HUBG:STARMINE_COVERED,2026-05-13,2026-05-13T15:28:42.825732+00:00,RUN-REAL-ESS-20260513-002,FIDELITY,SecurityExtract_ESS_2026May13.csv,HUBG,STARMINE_COVERED,2,Immutable partition append from ESS normalization output; numeric provenance preserved.
RUN-REAL-ESS-20260513-002:2026-05-13:HBM:STARMINE_COVERED,2026-05-13,2026-05-13T15:28:42.825732+00:00,RUN-REAL-ESS-20260513-002,FIDELITY,SecurityExtract_ESS_2026May13.csv,HBM,STARMINE_COVERED,2,Immutable partition append from ESS normalization output; numeric provenance preserved.
RUN-REAL-ESS-20260513-002:2026-05-13:HURN:STARMINE_COVERED,2026-05-13,2026-05-13T15:28:42.825732+00:00,RUN-REAL-ESS-20260513-002,FIDELITY,SecurityExtract_ESS_2026May13.csv,HURN,STARMINE_COVERED,2,Immutable partition append from ESS normalization output; numeric provenance preserved.
RUN-REAL-ESS-20260513-002:2026-05-13:HY:STARMINE_COVERED,2026-05-13,2026-05-13T15:28:42.825732+00:00,RUN-REAL-ESS-20260513-002,FIDELITY,SecurityExtract_ESS_2026May13.csv,HY,STARMINE_COVERED,2,Immutable partition append from ESS normalization output; numeric provenance preserved.
RUN-REAL-ESS-20260513-002:2026-05-13:IIIV:STARMINE_COVERED,2026-05-13,2026-05-13T15:28:42.825732+00:00,RUN-REAL-ESS-20260513-002,FIDELITY,SecurityExtract_ESS_2026May13.csv,IIIV,STARMINE_COVERED,2,Immutable partition append from ESS normalization output; numeric provenance preserved.
RUN-REAL-ESS-20260513-002:2026-05-13:ICUI:STARMINE_COVERED,2026-05-13,2026-05-13T15:28:42.825732+00:00,RUN-REAL-ESS-20260513-002,FIDELITY,SecurityExtract_ESS_2026May13.csv,ICUI,STARMINE_COVERED,2,Immutable partition append from ESS normalization output; numeric provenance preserved.
RUN-REAL-ESS-20260513-002:2026-05-13:IESC:STARMINE_COVERED,2026-05-13,2026-05-13T15:28:42.825732+00:00,RUN-REAL-ESS-20260513-002,FIDELITY,SecurityExtract_ESS_2026May13.csv,IESC,STARMINE_COVERED,2,Immutable partition append from ESS normalization output; numeric provenance preserved.
RUN-REAL-ESS-20260513-002:2026-05-13:IRT:STARMINE_COVERED,2026-05-13,2026-05-13T15:28:42.825732+00:00,RUN-REAL-ESS-20260513-002,FIDELITY,SecurityExtract_ESS_2026May13.csv,IRT,STARMINE_COVERED,2,Immutable partition append from ESS normalization output; numeric provenance preserved.
RUN-REAL-ESS-20260513-002:2026-05-13:INGR:STARMINE_COVERED,2026-05-13,2026-05-13T15:28:42.825732+00:00,RUN-REAL-ESS-20260513-002,FIDELITY,SecurityExtract_ESS_2026May13.csv,INGR,STARMINE_COVERED,2,Immutable partition append from ESS normalization output; numeric provenance preserved.
RUN-REAL-ESS-20260513-002:2026-05-13:INO:STARMINE_COVERED,2026-05-13,2026-05-13T15:28:42.825732+00:00,RUN-REAL-ESS-20260513-002,FIDELITY,SecurityExtract_ESS_2026May13.csv,INO,STARMINE_COVERED,2,Immutable partition append from ESS normalization output; numeric provenance preserved.
RUN-REAL-ESS-20260513-002:2026-05-13:NSP:STARMINE_COVERED,2026-05-13,2026-05-13T15:28:42.825732+00:00,RUN-REAL-ESS-20260513-002,FIDELITY,SecurityExtract_ESS_2026May13.csv,NSP,STARMINE_COVERED,2,Immutable partition append from ESS normalization output; numeric provenance preserved.
RUN-REAL-ESS-20260513-002:2026-05-13:INTC:STARMINE_COVERED,2026-05-13,2026-05-13T15:28:42.825732+00:00,RUN-REAL-ESS-20260513-002,FIDELITY,SecurityExtract_ESS_2026May13.csv,INTC,STARMINE_COVERED,2,Immutable partition append from ESS normalization output; numeric provenance preserved.
RUN-REAL-ESS-20260513-002:2026-05-13:ICE:STARMINE_COVERED,2026-05-13,2026-05-13T15:28:42.825732+00:00,RUN-REAL-ESS-20260513-002,FIDELITY,SecurityExtract_ESS_2026May13.csv,ICE,STARMINE_COVERED,2,Immutable partition append from ESS normalization output; numeric provenance preserved.
RUN-REAL-ESS-20260513-002:2026-05-13:IPAR:STARMINE_COVERED,2026-05-13,2026-05-13T15:28:42.825732+00:00,RUN-REAL-ESS-20260513-002,FIDELITY,SecurityExtract_ESS_2026May13.csv,IPAR,STARMINE_COVERED,2,Immutable partition append from ESS normalization output; numeric provenance preserved.
RUN-REAL-ESS-20260513-002:2026-05-13:IPI:STARMINE_COVERED,2026-05-13,2026-05-13T15:28:42.825732+00:00,RUN-REAL-ESS-20260513-002,FIDELITY,SecurityExtract_ESS_2026May13.csv,IPI,STARMINE_COVERED,2,Immutable partition append from ESS normalization output; numeric provenance preserved.
RUN-REAL-ESS-20260513-002:2026-05-13:ISRG:STARMINE_COVERED,2026-05-13,2026-05-13T15:28:42.825732+00:00,RUN-REAL-ESS-20260513-002,FIDELITY,SecurityExtract_ESS_2026May13.csv,ISRG,STARMINE_COVERED,2,Immutable partition append from ESS normalization output; numeric provenance preserved.
RUN-REAL-ESS-20260513-002:2026-05-13:ISTR:STARMINE_COVERED,2026-05-13,2026-05-13T15:28:42.825732+00:00,RUN-REAL-ESS-20260513-002,FIDELITY,SecurityExtract_ESS_2026May13.csv,ISTR,STARMINE_COVERED,2,Immutable partition append from ESS normalization output; numeric provenance preserved.
RUN-REAL-ESS-20260513-002:2026-05-13:IOVA:STARMINE_COVERED,2026-05-13,2026-05-13T15:28:42.825732+00:00,RUN-REAL-ESS-20260513-002,FIDELITY,SecurityExtract_ESS_2026May13.csv,IOVA,STARMINE_COVERED,2,Immutable partition append from ESS normalization output; numeric provenance preserved.
RUN-REAL-ESS-20260513-002:2026-05-13:IRM:STARMINE_COVERED,2026-05-13,2026-05-13T15:28:42.825732+00:00,RUN-REAL-ESS-20260513-002,FIDELITY,SecurityExtract_ESS_2026May13.csv,IRM,STARMINE_COVERED,2,Immutable partition append from ESS normalization output; numeric provenance preserved.
RUN-REAL-ESS-20260513-002:2026-05-13:JILL:STARMINE_COVERED,2026-05-13,2026-05-13T15:28:42.825732+00:00,RUN-REAL-ESS-20260513-002,FIDELITY,SecurityExtract_ESS_2026May13.csv,JILL,STARMINE_COVERED,2,Immutable partition append from ESS normalization output; numeric provenance preserved.
RUN-REAL-ESS-20260513-002:2026-05-13:JBLU:STARMINE_COVERED,2026-05-13,2026-05-13T15:28:42.825732+00:00,RUN-REAL-ESS-20260513-002,FIDELITY,SecurityExtract_ESS_2026May13.csv,JBLU,STARMINE_COVERED,2,Immutable partition append from ESS normalization output; numeric provenance preserved.
RUN-REAL-ESS-20260513-002:2026-05-13:JOUT:STARMINE_COVERED,2026-05-13,2026-05-13T15:28:42.825732+00:00,RUN-REAL-ESS-20260513-002,FIDELITY,SecurityExtract_ESS_2026May13.csv,JOUT,STARMINE_COVERED,2,Immutable partition append from ESS normalization output; numeric provenance preserved.
RUN-REAL-ESS-20260513-002:2026-05-13:KNTK:STARMINE_COVERED,2026-05-13,2026-05-13T15:28:42.825732+00:00,RUN-REAL-ESS-20260513-002,FIDELITY,SecurityExtract_ESS_2026May13.csv,KNTK,STARMINE_COVERED,2,Immutable partition append from ESS normalization output; numeric provenance preserved.
RUN-REAL-ESS-20260513-002:2026-05-13:KGC:STARMINE_COVERED,2026-05-13,2026-05-13T15:28:42.825732+00:00,RUN-REAL-ESS-20260513-002,FIDELITY,SecurityExtract_ESS_2026May13.csv,KGC,STARMINE_COVERED,2,Immutable partition append from ESS normalization output; numeric provenance preserved.
RUN-REAL-ESS-20260513-002:2026-05-13:KR:STARMINE_COVERED,2026-05-13,2026-05-13T15:28:42.825732+00:00,RUN-REAL-ESS-20260513-002,FIDELITY,SecurityExtract_ESS_2026May13.csv,KR,STARMINE_COVERED,2,Immutable partition append from ESS normalization output; numeric provenance preserved.
RUN-REAL-ESS-20260513-002:2026-05-13:FSTR:STARMINE_COVERED,2026-05-13,2026-05-13T15:28:42.825732+00:00,RUN-REAL-ESS-20260513-002,FIDELITY,SecurityExtract_ESS_2026May13.csv,FSTR,STARMINE_COVERED,2,Immutable partition append from ESS normalization output; numeric provenance preserved.
RUN-REAL-ESS-20260513-002:2026-05-13:LNTH:STARMINE_COVERED,2026-05-13,2026-05-13T15:28:42.825732+00:00,RUN-REAL-ESS-20260513-002,FIDELITY,SecurityExtract_ESS_2026May13.csv,LNTH,STARMINE_COVERED,2,Immutable partition append from ESS normalization output; numeric provenance preserved.
RUN-REAL-ESS-20260513-002:2026-05-13:LCNB:STARMINE_COVERED,2026-05-13,2026-05-13T15:28:42.825732+00:00,RUN-REAL-ESS-20260513-002,FIDELITY,SecurityExtract_ESS_2026May13.csv,LCNB,STARMINE_COVERED,2,Immutable partition append from ESS normalization output; numeric provenance preserved.
RUN-REAL-ESS-20260513-002:2026-05-13:LEGH:STARMINE_COVERED,2026-05-13,2026-05-13T15:28:42.825732+00:00,RUN-REAL-ESS-20260513-002,FIDELITY,SecurityExtract_ESS_2026May13.csv,LEGH,STARMINE_COVERED,2,Immutable partition append from ESS normalization output; numeric provenance preserved.
RUN-REAL-ESS-20260513-002:2026-05-13:LC:STARMINE_COVERED,2026-05-13,2026-05-13T15:28:42.825732+00:00,RUN-REAL-ESS-20260513-002,FIDELITY,SecurityExtract_ESS_2026May13.csv,LC,STARMINE_COVERED,2,Immutable partition append from ESS normalization output; numeric provenance preserved.
RUN-REAL-ESS-20260513-002:2026-05-13:LBRDK:STARMINE_COVERED,2026-05-13,2026-05-13T15:28:42.825732+00:00,RUN-REAL-ESS-20260513-002,FIDELITY,SecurityExtract_ESS_2026May13.csv,LBRDK,STARMINE_COVERED,2,Immutable partition append from ESS normalization output; numeric provenance preserved.
RUN-REAL-ESS-20260513-002:2026-05-13:LWAY:STARMINE_COVERED,2026-05-13,2026-05-13T15:28:42.825732+00:00,RUN-REAL-ESS-20260513-002,FIDELITY,SecurityExtract_ESS_2026May13.csv,LWAY,STARMINE_COVERED,2,Immutable partition append from ESS normalization output; numeric provenance preserved.
RUN-REAL-ESS-20260513-002:2026-05-13:LIND:STARMINE_COVERED,2026-05-13,2026-05-13T15:28:42.825732+00:00,RUN-REAL-ESS-20260513-002,FIDELITY,SecurityExtract_ESS_2026May13.csv,LIND,STARMINE_COVERED,2,Immutable partition append from ESS normalization output; numeric provenance preserved.
RUN-REAL-ESS-20260513-002:2026-05-13:LIN:STARMINE_COVERED,2026-05-13,2026-05-13T15:28:42.825732+00:00,RUN-REAL-ESS-20260513-002,FIDELITY,SecurityExtract_ESS_2026May13.csv,LIN,STARMINE_COVERED,2,Immutable partition append from ESS normalization output; numeric provenance preserved.
RUN-REAL-ESS-20260513-002:2026-05-13:LQDT:STARMINE_COVERED,2026-05-13,2026-05-13T15:28:42.825732+00:00,RUN-REAL-ESS-20260513-002,FIDELITY,SecurityExtract_ESS_2026May13.csv,LQDT,STARMINE_COVERED,2,Immutable partition append from ESS normalization output; numeric provenance preserved.
RUN-REAL-ESS-20260513-002:2026-05-13:LAD:STARMINE_COVERED,2026-05-13,2026-05-13T15:28:42.825732+00:00,RUN-REAL-ESS-20260513-002,FIDELITY,SecurityExtract_ESS_2026May13.csv,LAD,STARMINE_COVERED,2,Immutable partition append from ESS normalization output; numeric provenance preserved.
RUN-REAL-ESS-20260513-002:2026-05-13:LIVN:STARMINE_COVERED,2026-05-13,2026-05-13T15:28:42.825732+00:00,RUN-REAL-ESS-20260513-002,FIDELITY,SecurityExtract_ESS_2026May13.csv,LIVN,STARMINE_COVERED,2,Immutable partition append from ESS normalization output; numeric provenance preserved.
RUN-REAL-ESS-20260513-002:2026-05-13:LKQ:STARMINE_COVERED,2026-05-13,2026-05-13T15:28:42.825732+00:00,RUN-REAL-ESS-20260513-002,FIDELITY,SecurityExtract_ESS_2026May13.csv,LKQ,STARMINE_COVERED,2,Immutable partition append from ESS normalization output; numeric provenance preserved.
RUN-REAL-ESS-20260513-002:2026-05-13:LOVE:STARMINE_COVERED,2026-05-13,2026-05-13T15:28:42.825732+00:00,RUN-REAL-ESS-20260513-002,FIDELITY,SecurityExtract_ESS_2026May13.csv,LOVE,STARMINE_COVERED,2,Immutable partition append from ESS normalization output; numeric provenance preserved.
RUN-REAL-ESS-20260513-002:2026-05-13:LYTS:STARMINE_COVERED,2026-05-13,2026-05-13T15:28:42.825732+00:00,RUN-REAL-ESS-20260513-002,FIDELITY,SecurityExtract_ESS_2026May13.csv,LYTS,STARMINE_COVERED,2,Immutable partition append from ESS normalization output; numeric provenance preserved.
RUN-REAL-ESS-20260513-002:2026-05-13:LITE:STARMINE_COVERED,2026-05-13,2026-05-13T15:28:42.825732+00:00,RUN-REAL-ESS-20260513-002,FIDELITY,SecurityExtract_ESS_2026May13.csv,LITE,STARMINE_COVERED,2,Immutable partition append from ESS normalization output; numeric provenance preserved.
RUN-REAL-ESS-20260513-002:2026-05-13:LXFR:STARMINE_COVERED,2026-05-13,2026-05-13T15:28:42.825732+00:00,RUN-REAL-ESS-20260513-002,FIDELITY,SecurityExtract_ESS_2026May13.csv,LXFR,STARMINE_COVERED,2,Immutable partition append from ESS normalization output; numeric provenance preserved.
RUN-REAL-ESS-20260513-002:2026-05-13:MAC:STARMINE_COVERED,2026-05-13,2026-05-13T15:28:42.825732+00:00,RUN-REAL-ESS-20260513-002,FIDELITY,SecurityExtract_ESS_2026May13.csv,MAC,STARMINE_COVERED,2,Immutable partition append from ESS normalization output; numeric provenance preserved.
RUN-REAL-ESS-20260513-002:2026-05-13:MBUU:STARMINE_COVERED,2026-05-13,2026-05-13T15:28:42.825732+00:00,RUN-REAL-ESS-20260513-002,FIDELITY,SecurityExtract_ESS_2026May13.csv,MBUU,STARMINE_COVERED,2,Immutable partition append from ESS normalization output; numeric provenance preserved.
RUN-REAL-ESS-20260513-002:2026-05-13:TUSK:STARMINE_COVERED,2026-05-13,2026-05-13T15:28:42.825732+00:00,RUN-REAL-ESS-20260513-002,FIDELITY,SecurityExtract_ESS_2026May13.csv,TUSK,STARMINE_COVERED,2,Immutable partition append from ESS normalization output; numeric provenance preserved.
RUN-REAL-ESS-20260513-002:2026-05-13:MNKD:STARMINE_COVERED,2026-05-13,2026-05-13T15:28:42.825732+00:00,RUN-REAL-ESS-20260513-002,FIDELITY,SecurityExtract_ESS_2026May13.csv,MNKD,STARMINE_COVERED,2,Immutable partition append from ESS normalization output; numeric provenance preserved.
RUN-REAL-ESS-20260513-002:2026-05-13:CART:STARMINE_COVERED,2026-05-13,2026-05-13T15:28:42.825732+00:00,RUN-REAL-ESS-20260513-002,FIDELITY,SecurityExtract_ESS_2026May13.csv,CART,STARMINE_COVERED,2,Immutable partition append from ESS normalization output; numeric provenance preserved.
RUN-REAL-ESS-20260513-002:2026-05-13:MPX:STARMINE_COVERED,2026-05-13,2026-05-13T15:28:42.825732+00:00,RUN-REAL-ESS-20260513-002,FIDELITY,SecurityExtract_ESS_2026May13.csv,MPX,STARMINE_COVERED,2,Immutable partition append from ESS normalization output; numeric provenance preserved.
RUN-REAL-ESS-20260513-002:2026-05-13:MRSH:STARMINE_COVERED,2026-05-13,2026-05-13T15:28:42.825732+00:00,RUN-REAL-ESS-20260513-002,FIDELITY,SecurityExtract_ESS_2026May13.csv,MRSH,STARMINE_COVERED,2,Immutable partition append from ESS normalization output; numeric provenance preserved.
RUN-REAL-ESS-20260513-002:2026-05-13:MRTN:STARMINE_COVERED,2026-05-13,2026-05-13T15:28:42.825732+00:00,RUN-REAL-ESS-20260513-002,FIDELITY,SecurityExtract_ESS_2026May13.csv,MRTN,STARMINE_COVERED,2,Immutable partition append from ESS normalization output; numeric provenance preserved.
RUN-REAL-ESS-20260513-002:2026-05-13:MXL:STARMINE_COVERED,2026-05-13,2026-05-13T15:28:42.825732+00:00,RUN-REAL-ESS-20260513-002,FIDELITY,SecurityExtract_ESS_2026May13.csv,MXL,STARMINE_COVERED,2,Immutable partition append from ESS normalization output; numeric provenance preserved.
RUN-REAL-ESS-20260513-002:2026-05-13:MGRC:STARMINE_COVERED,2026-05-13,2026-05-13T15:28:42.825732+00:00,RUN-REAL-ESS-20260513-002,FIDELITY,SecurityExtract_ESS_2026May13.csv,MGRC,STARMINE_COVERED,2,Immutable partition append from ESS normalization output; numeric provenance preserved.
RUN-REAL-ESS-20260513-002:2026-05-13:MDU:STARMINE_COVERED,2026-05-13,2026-05-13T15:28:42.825732+00:00,RUN-REAL-ESS-20260513-002,FIDELITY,SecurityExtract_ESS_2026May13.csv,MDU,STARMINE_COVERED,2,Immutable partition append from ESS normalization output; numeric provenance preserved.
RUN-REAL-ESS-20260513-002:2026-05-13:MPT:STARMINE_COVERED,2026-05-13,2026-05-13T15:28:42.825732+00:00,RUN-REAL-ESS-20260513-002,FIDELITY,SecurityExtract_ESS_2026May13.csv,MPT,STARMINE_COVERED,2,Immutable partition append from ESS normalization output; numeric provenance preserved.
RUN-REAL-ESS-20260513-002:2026-05-13:MNOV:STARMINE_COVERED,2026-05-13,2026-05-13T15:28:42.825732+00:00,RUN-REAL-ESS-20260513-002,FIDELITY,SecurityExtract_ESS_2026May13.csv,MNOV,STARMINE_COVERED,2,Immutable partition append from ESS normalization output; numeric provenance preserved.
RUN-REAL-ESS-20260513-002:2026-05-13:MLCO:STARMINE_COVERED,2026-05-13,2026-05-13T15:28:42.825732+00:00,RUN-REAL-ESS-20260513-002,FIDELITY,SecurityExtract_ESS_2026May13.csv,MLCO,STARMINE_COVERED,2,Immutable partition append from ESS normalization output; numeric provenance preserved.
RUN-REAL-ESS-20260513-002:2026-05-13:MBWM:STARMINE_COVERED,2026-05-13,2026-05-13T15:28:42.825732+00:00,RUN-REAL-ESS-20260513-002,FIDELITY,SecurityExtract_ESS_2026May13.csv,MBWM,STARMINE_COVERED,2,Immutable partition append from ESS normalization output; numeric provenance preserved.
RUN-REAL-ESS-20260513-002:2026-05-13:MERC:STARMINE_COVERED,2026-05-13,2026-05-13T15:28:42.825732+00:00,RUN-REAL-ESS-20260513-002,FIDELITY,SecurityExtract_ESS_2026May13.csv,MERC,STARMINE_COVERED,2,Immutable partition append from ESS normalization output; numeric provenance preserved.
RUN-REAL-ESS-20260513-002:2026-05-13:MMSI:STARMINE_COVERED,2026-05-13,2026-05-13T15:28:42.825732+00:00,RUN-REAL-ESS-20260513-002,FIDELITY,SecurityExtract_ESS_2026May13.csv,MMSI,STARMINE_COVERED,2,Immutable partition append from ESS normalization output; numeric provenance preserved.
RUN-REAL-ESS-20260513-002:2026-05-13:META:STARMINE_COVERED,2026-05-13,2026-05-13T15:28:42.825732+00:00,RUN-REAL-ESS-20260513-002,FIDELITY,SecurityExtract_ESS_2026May13.csv,META,STARMINE_COVERED,2,Immutable partition append from ESS normalization output; numeric provenance preserved.
RUN-REAL-ESS-20260513-002:2026-05-13:MTUS:STARMINE_COVERED,2026-05-13,2026-05-13T15:28:42.825732+00:00,RUN-REAL-ESS-20260513-002,FIDELITY,SecurityExtract_ESS_2026May13.csv,MTUS,STARMINE_COVERED,2,Immutable partition append from ESS normalization output; numeric provenance preserved.
RUN-REAL-ESS-20260513-002:2026-05-13:MEOH:STARMINE_COVERED,2026-05-13,2026-05-13T15:28:42.825732+00:00,RUN-REAL-ESS-20260513-002,FIDELITY,SecurityExtract_ESS_2026May13.csv,MEOH,STARMINE_COVERED,2,Immutable partition append from ESS normalization output; numeric provenance preserved.
RUN-REAL-ESS-20260513-002:2026-05-13:MEI:STARMINE_COVERED,2026-05-13,2026-05-13T15:28:42.825732+00:00,RUN-REAL-ESS-20260513-002,FIDELITY,SecurityExtract_ESS_2026May13.csv,MEI,STARMINE_COVERED,2,Immutable partition append from ESS normalization output; numeric provenance preserved.
RUN-REAL-ESS-20260513-002:2026-05-13:MGEE:STARMINE_COVERED,2026-05-13,2026-05-13T15:28:42.825732+00:00,RUN-REAL-ESS-20260513-002,FIDELITY,SecurityExtract_ESS_2026May13.csv,MGEE,STARMINE_COVERED,2,Immutable partition append from ESS normalization output; numeric provenance preserved.
RUN-REAL-ESS-20260513-002:2026-05-13:MGM:STARMINE_COVERED,2026-05-13,2026-05-13T15:28:42.825732+00:00,RUN-REAL-ESS-20260513-002,FIDELITY,SecurityExtract_ESS_2026May13.csv,MGM,STARMINE_COVERED,2,Immutable partition append from ESS normalization output; numeric provenance preserved.
RUN-REAL-ESS-20260513-002:2026-05-13:MVIS:STARMINE_COVERED,2026-05-13,2026-05-13T15:28:42.825732+00:00,RUN-REAL-ESS-20260513-002,FIDELITY,SecurityExtract_ESS_2026May13.csv,MVIS,STARMINE_COVERED,2,Immutable partition append from ESS normalization output; numeric provenance preserved.
RUN-REAL-ESS-20260513-002:2026-05-13:NERV:STARMINE_COVERED,2026-05-13,2026-05-13T15:28:42.825732+00:00,RUN-REAL-ESS-20260513-002,FIDELITY,SecurityExtract_ESS_2026May13.csv,NERV,STARMINE_COVERED,2,Immutable partition append from ESS normalization output; numeric provenance preserved.
RUN-REAL-ESS-20260513-002:2026-05-13:MC:STARMINE_COVERED,2026-05-13,2026-05-13T15:28:42.825732+00:00,RUN-REAL-ESS-20260513-002,FIDELITY,SecurityExtract_ESS_2026May13.csv,MC,STARMINE_COVERED,2,Immutable partition append from ESS normalization output; numeric provenance preserved.
RUN-REAL-ESS-20260513-002:2026-05-13:MCO:STARMINE_COVERED,2026-05-13,2026-05-13T15:28:42.825732+00:00,RUN-REAL-ESS-20260513-002,FIDELITY,SecurityExtract_ESS_2026May13.csv,MCO,STARMINE_COVERED,2,Immutable partition append from ESS normalization output; numeric provenance preserved.
RUN-REAL-ESS-20260513-002:2026-05-13:MPAA:STARMINE_COVERED,2026-05-13,2026-05-13T15:28:42.825732+00:00,RUN-REAL-ESS-20260513-002,FIDELITY,SecurityExtract_ESS_2026May13.csv,MPAA,STARMINE_COVERED,2,Immutable partition append from ESS normalization output; numeric provenance preserved.
RUN-REAL-ESS-20260513-002:2026-05-13:NHI:STARMINE_COVERED,2026-05-13,2026-05-13T15:28:42.825732+00:00,RUN-REAL-ESS-20260513-002,FIDELITY,SecurityExtract_ESS_2026May13.csv,NHI,STARMINE_COVERED,2,Immutable partition append from ESS normalization output; numeric provenance preserved.
RUN-REAL-ESS-20260513-002:2026-05-13:EYE:STARMINE_COVERED,2026-05-13,2026-05-13T15:28:42.825732+00:00,RUN-REAL-ESS-20260513-002,FIDELITY,SecurityExtract_ESS_2026May13.csv,EYE,STARMINE_COVERED,2,Immutable partition append from ESS normalization output; numeric provenance preserved.
RUN-REAL-ESS-20260513-002:2026-05-13:NTCT:STARMINE_COVERED,2026-05-13,2026-05-13T15:28:42.825732+00:00,RUN-REAL-ESS-20260513-002,FIDELITY,SecurityExtract_ESS_2026May13.csv,NTCT,STARMINE_COVERED,2,Immutable partition append from ESS normalization output; numeric provenance preserved.
RUN-REAL-ESS-20260513-002:2026-05-13:EDU:STARMINE_COVERED,2026-05-13,2026-05-13T15:28:42.825732+00:00,RUN-REAL-ESS-20260513-002,FIDELITY,SecurityExtract_ESS_2026May13.csv,EDU,STARMINE_COVERED,2,Immutable partition append from ESS normalization output; numeric provenance preserved.
RUN-REAL-ESS-20260513-002:2026-05-13:NWS:STARMINE_COVERED,2026-05-13,2026-05-13T15:28:42.825732+00:00,RUN-REAL-ESS-20260513-002,FIDELITY,SecurityExtract_ESS_2026May13.csv,NWS,STARMINE_COVERED,2,Immutable partition append from ESS normalization output; numeric provenance preserved.
RUN-REAL-ESS-20260513-002:2026-05-13:NUS:STARMINE_COVERED,2026-05-13,2026-05-13T15:28:42.825732+00:00,RUN-REAL-ESS-20260513-002,FIDELITY,SecurityExtract_ESS_2026May13.csv,NUS,STARMINE_COVERED,2,Immutable partition append from ESS normalization output; numeric provenance preserved.
RUN-REAL-ESS-20260513-002:2026-05-13:OCFC:STARMINE_COVERED,2026-05-13,2026-05-13T15:28:42.825732+00:00,RUN-REAL-ESS-20260513-002,FIDELITY,SecurityExtract_ESS_2026May13.csv,OCFC,STARMINE_COVERED,2,Immutable partition append from ESS normalization output; numeric provenance preserved.
RUN-REAL-ESS-20260513-002:2026-05-13:OSG:STARMINE_COVERED,2026-05-13,2026-05-13T15:28:42.825732+00:00,RUN-REAL-ESS-20260513-002,FIDELITY,SecurityExtract_ESS_2026May13.csv,OSG,STARMINE_COVERED,2,Immutable partition append from ESS normalization output; numeric provenance preserved.
RUN-REAL-ESS-20260513-002:2026-05-13:OKTA:STARMINE_COVERED,2026-05-13,2026-05-13T15:28:42.825732+00:00,RUN-REAL-ESS-20260513-002,FIDELITY,SecurityExtract_ESS_2026May13.csv,OKTA,STARMINE_COVERED,2,Immutable partition append from ESS normalization output; numeric provenance preserved.
RUN-REAL-ESS-20260513-002:2026-05-13:ODFL:STARMINE_COVERED,2026-05-13,2026-05-13T15:28:42.825732+00:00,RUN-REAL-ESS-20260513-002,FIDELITY,SecurityExtract_ESS_2026May13.csv,ODFL,STARMINE_COVERED,2,Immutable partition append from ESS normalization output; numeric provenance preserved.
RUN-REAL-ESS-20260513-002:2026-05-13:OSBC:STARMINE_COVERED,2026-05-13,2026-05-13T15:28:42.825732+00:00,RUN-REAL-ESS-20260513-002,FIDELITY,SecurityExtract_ESS_2026May13.csv,OSBC,STARMINE_COVERED,2,Immutable partition append from ESS normalization output; numeric provenance preserved.
RUN-REAL-ESS-20260513-002:2026-05-13:OFLX:STARMINE_COVERED,2026-05-13,2026-05-13T15:28:42.825732+00:00,RUN-REAL-ESS-20260513-002,FIDELITY,SecurityExtract_ESS_2026May13.csv,OFLX,STARMINE_COVERED,2,Immutable partition append from ESS normalization output; numeric provenance preserved.
RUN-REAL-ESS-20260513-002:2026-05-13:OMF:STARMINE_COVERED,2026-05-13,2026-05-13T15:28:42.825732+00:00,RUN-REAL-ESS-20260513-002,FIDELITY,SecurityExtract_ESS_2026May13.csv,OMF,STARMINE_COVERED,2,Immutable partition append from ESS normalization output; numeric provenance preserved.
RUN-REAL-ESS-20260513-002:2026-05-13:OPK:STARMINE_COVERED,2026-05-13,2026-05-13T15:28:42.825732+00:00,RUN-REAL-ESS-20260513-002,FIDELITY,SecurityExtract_ESS_2026May13.csv,OPK,STARMINE_COVERED,2,Immutable partition append from ESS normalization output; numeric provenance preserved.
RUN-REAL-ESS-20260513-002:2026-05-13:OPTU:STARMINE_COVERED,2026-05-13,2026-05-13T15:28:42.825732+00:00,RUN-REAL-ESS-20260513-002,FIDELITY,SecurityExtract_ESS_2026May13.csv,OPTU,STARMINE_COVERED,2,Immutable partition append from ESS normalization output; numeric provenance preserved.
RUN-REAL-ESS-20260513-002:2026-05-13:OSCR:STARMINE_COVERED,2026-05-13,2026-05-13T15:28:42.825732+00:00,RUN-REAL-ESS-20260513-002,FIDELITY,SecurityExtract_ESS_2026May13.csv,OSCR,STARMINE_COVERED,2,Immutable partition append from ESS normalization output; numeric provenance preserved.
RUN-REAL-ESS-20260513-002:2026-05-13:OVID:STARMINE_COVERED,2026-05-13,2026-05-13T15:28:42.825732+00:00,RUN-REAL-ESS-20260513-002,FIDELITY,SecurityExtract_ESS_2026May13.csv,OVID,STARMINE_COVERED,2,Immutable partition append from ESS normalization output; numeric provenance preserved.
RUN-REAL-ESS-20260513-002:2026-05-13:PAAS:STARMINE_COVERED,2026-05-13,2026-05-13T15:28:42.825732+00:00,RUN-REAL-ESS-20260513-002,FIDELITY,SecurityExtract_ESS_2026May13.csv,PAAS,STARMINE_COVERED,2,Immutable partition append from ESS normalization output; numeric provenance preserved.
RUN-REAL-ESS-20260513-002:2026-05-13:PANL:STARMINE_COVERED,2026-05-13,2026-05-13T15:28:42.825732+00:00,RUN-REAL-ESS-20260513-002,FIDELITY,SecurityExtract_ESS_2026May13.csv,PANL,STARMINE_COVERED,2,Immutable partition append from ESS normalization output; numeric provenance preserved.
RUN-REAL-ESS-20260513-002:2026-05-13:PAR:STARMINE_COVERED,2026-05-13,2026-05-13T15:28:42.825732+00:00,RUN-REAL-ESS-20260513-002,FIDELITY,SecurityExtract_ESS_2026May13.csv,PAR,STARMINE_COVERED,2,Immutable partition append from ESS normalization output; numeric provenance preserved.
RUN-REAL-ESS-20260513-002:2026-05-13:PAYX:STARMINE_COVERED,2026-05-13,2026-05-13T15:28:42.825732+00:00,RUN-REAL-ESS-20260513-002,FIDELITY,SecurityExtract_ESS_2026May13.csv,PAYX,STARMINE_COVERED,2,Immutable partition append from ESS normalization output; numeric provenance preserved.
RUN-REAL-ESS-20260513-002:2026-05-13:PAG:STARMINE_COVERED,2026-05-13,2026-05-13T15:28:42.825732+00:00,RUN-REAL-ESS-20260513-002,FIDELITY,SecurityExtract_ESS_2026May13.csv,PAG,STARMINE_COVERED,2,Immutable partition append from ESS normalization output; numeric provenance preserved.
RUN-REAL-ESS-20260513-002:2026-05-13:PEN:STARMINE_COVERED,2026-05-13,2026-05-13T15:28:42.825732+00:00,RUN-REAL-ESS-20260513-002,FIDELITY,SecurityExtract_ESS_2026May13.csv,PEN,STARMINE_COVERED,2,Immutable partition append from ESS normalization output; numeric provenance preserved.
RUN-REAL-ESS-20260513-002:2026-05-13:PEP:STARMINE_COVERED,2026-05-13,2026-05-13T15:28:42.825732+00:00,RUN-REAL-ESS-20260513-002,FIDELITY,SecurityExtract_ESS_2026May13.csv,PEP,STARMINE_COVERED,2,Immutable partition append from ESS normalization output; numeric provenance preserved.
RUN-REAL-ESS-20260513-002:2026-05-13:PETS:STARMINE_COVERED,2026-05-13,2026-05-13T15:28:42.825732+00:00,RUN-REAL-ESS-20260513-002,FIDELITY,SecurityExtract_ESS_2026May13.csv,PETS,STARMINE_COVERED,2,Immutable partition append from ESS normalization output; numeric provenance preserved.
RUN-REAL-ESS-20260513-002:2026-05-13:PINS:STARMINE_COVERED,2026-05-13,2026-05-13T15:28:42.825732+00:00,RUN-REAL-ESS-20260513-002,FIDELITY,SecurityExtract_ESS_2026May13.csv,PINS,STARMINE_COVERED,2,Immutable partition append from ESS normalization output; numeric provenance preserved.
RUN-REAL-ESS-20260513-002:2026-05-13:PII:STARMINE_COVERED,2026-05-13,2026-05-13T15:28:42.825732+00:00,RUN-REAL-ESS-20260513-002,FIDELITY,SecurityExtract_ESS_2026May13.csv,PII,STARMINE_COVERED,2,Immutable partition append from ESS normalization output; numeric provenance preserved.
RUN-REAL-ESS-20260513-002:2026-05-13:POOL:STARMINE_COVERED,2026-05-13,2026-05-13T15:28:42.825732+00:00,RUN-REAL-ESS-20260513-002,FIDELITY,SecurityExtract_ESS_2026May13.csv,POOL,STARMINE_COVERED,2,Immutable partition append from ESS normalization output; numeric provenance preserved.
RUN-REAL-ESS-20260513-002:2026-05-13:PSTL:STARMINE_COVERED,2026-05-13,2026-05-13T15:28:42.825732+00:00,RUN-REAL-ESS-20260513-002,FIDELITY,SecurityExtract_ESS_2026May13.csv,PSTL,STARMINE_COVERED,2,Immutable partition append from ESS normalization output; numeric provenance preserved.
RUN-REAL-ESS-20260513-002:2026-05-13:PDS:STARMINE_COVERED,2026-05-13,2026-05-13T15:28:42.825732+00:00,RUN-REAL-ESS-20260513-002,FIDELITY,SecurityExtract_ESS_2026May13.csv,PDS,STARMINE_COVERED,2,Immutable partition append from ESS normalization output; numeric provenance preserved.
RUN-REAL-ESS-20260513-002:2026-05-13:PLPC:STARMINE_COVERED,2026-05-13,2026-05-13T15:28:42.825732+00:00,RUN-REAL-ESS-20260513-002,FIDELITY,SecurityExtract_ESS_2026May13.csv,PLPC,STARMINE_COVERED,2,Immutable partition append from ESS normalization output; numeric provenance preserved.
RUN-REAL-ESS-20260513-002:2026-05-13:PNRG:STARMINE_COVERED,2026-05-13,2026-05-13T15:28:42.825732+00:00,RUN-REAL-ESS-20260513-002,FIDELITY,SecurityExtract_ESS_2026May13.csv,PNRG,STARMINE_COVERED,2,Immutable partition append from ESS normalization output; numeric provenance preserved.
RUN-REAL-ESS-20260513-002:2026-05-13:PRTH:STARMINE_COVERED,2026-05-13,2026-05-13T15:28:42.825732+00:00,RUN-REAL-ESS-20260513-002,FIDELITY,SecurityExtract_ESS_2026May13.csv,PRTH,STARMINE_COVERED,2,Immutable partition append from ESS normalization output; numeric provenance preserved.
RUN-REAL-ESS-20260513-002:2026-05-13:PRA:STARMINE_COVERED,2026-05-13,2026-05-13T15:28:42.825732+00:00,RUN-REAL-ESS-20260513-002,FIDELITY,SecurityExtract_ESS_2026May13.csv,PRA,STARMINE_COVERED,2,Immutable partition append from ESS normalization output; numeric provenance preserved.
RUN-REAL-ESS-20260513-002:2026-05-13:PCOR:STARMINE_COVERED,2026-05-13,2026-05-13T15:28:42.825732+00:00,RUN-REAL-ESS-20260513-002,FIDELITY,SecurityExtract_ESS_2026May13.csv,PCOR,STARMINE_COVERED,2,Immutable partition append from ESS normalization output; numeric provenance preserved.
RUN-REAL-ESS-20260513-002:2026-05-13:PRQR:STARMINE_COVERED,2026-05-13,2026-05-13T15:28:42.825732+00:00,RUN-REAL-ESS-20260513-002,FIDELITY,SecurityExtract_ESS_2026May13.csv,PRQR,STARMINE_COVERED,2,Immutable partition append from ESS normalization output; numeric provenance preserved.
RUN-REAL-ESS-20260513-002:2026-05-13:PB:STARMINE_COVERED,2026-05-13,2026-05-13T15:28:42.825732+00:00,RUN-REAL-ESS-20260513-002,FIDELITY,SecurityExtract_ESS_2026May13.csv,PB,STARMINE_COVERED,2,Immutable partition append from ESS normalization output; numeric provenance preserved.
RUN-REAL-ESS-20260513-002:2026-05-13:PRLB:STARMINE_COVERED,2026-05-13,2026-05-13T15:28:42.825732+00:00,RUN-REAL-ESS-20260513-002,FIDELITY,SecurityExtract_ESS_2026May13.csv,PRLB,STARMINE_COVERED,2,Immutable partition append from ESS normalization output; numeric provenance preserved.
RUN-REAL-ESS-20260513-002:2026-05-13:QTWO:STARMINE_COVERED,2026-05-13,2026-05-13T15:28:42.825732+00:00,RUN-REAL-ESS-20260513-002,FIDELITY,SecurityExtract_ESS_2026May13.csv,QTWO,STARMINE_COVERED,2,Immutable partition append from ESS normalization output; numeric provenance preserved.
RUN-REAL-ESS-20260513-002:2026-05-13:QCRH:STARMINE_COVERED,2026-05-13,2026-05-13T15:28:42.825732+00:00,RUN-REAL-ESS-20260513-002,FIDELITY,SecurityExtract_ESS_2026May13.csv,QCRH,STARMINE_COVERED,2,Immutable partition append from ESS normalization output; numeric provenance preserved.
RUN-REAL-ESS-20260513-002:2026-05-13:QLYS:STARMINE_COVERED,2026-05-13,2026-05-13T15:28:42.825732+00:00,RUN-REAL-ESS-20260513-002,FIDELITY,SecurityExtract_ESS_2026May13.csv,QLYS,STARMINE_COVERED,2,Immutable partition append from ESS normalization output; numeric provenance preserved.
RUN-REAL-ESS-20260513-002:2026-05-13:QTRX:STARMINE_COVERED,2026-05-13,2026-05-13T15:28:42.825732+00:00,RUN-REAL-ESS-20260513-002,FIDELITY,SecurityExtract_ESS_2026May13.csv,QTRX,STARMINE_COVERED,2,Immutable partition append from ESS normalization output; numeric provenance preserved.
RUN-REAL-ESS-20260513-002:2026-05-13:QNST:STARMINE_COVERED,2026-05-13,2026-05-13T15:28:42.825732+00:00,RUN-REAL-ESS-20260513-002,FIDELITY,SecurityExtract_ESS_2026May13.csv,QNST,STARMINE_COVERED,2,Immutable partition append from ESS normalization output; numeric provenance preserved.
RUN-REAL-ESS-20260513-002:2026-05-13:RBA:STARMINE_COVERED,2026-05-13,2026-05-13T15:28:42.825732+00:00,RUN-REAL-ESS-20260513-002,FIDELITY,SecurityExtract_ESS_2026May13.csv,RBA,STARMINE_COVERED,2,Immutable partition append from ESS normalization output; numeric provenance preserved.
RUN-REAL-ESS-20260513-002:2026-05-13:RVTY:STARMINE_COVERED,2026-05-13,2026-05-13T15:28:42.825732+00:00,RUN-REAL-ESS-20260513-002,FIDELITY,SecurityExtract_ESS_2026May13.csv,RVTY,STARMINE_COVERED,2,Immutable partition append from ESS normalization output; numeric provenance preserved.
RUN-REAL-ESS-20260513-002:2026-05-13:REX:STARMINE_COVERED,2026-05-13,2026-05-13T15:28:42.825732+00:00,RUN-REAL-ESS-20260513-002,FIDELITY,SecurityExtract_ESS_2026May13.csv,REX,STARMINE_COVERED,2,Immutable partition append from ESS normalization output; numeric provenance preserved.
RUN-REAL-ESS-20260513-002:2026-05-13:REXR:STARMINE_COVERED,2026-05-13,2026-05-13T15:28:42.825732+00:00,RUN-REAL-ESS-20260513-002,FIDELITY,SecurityExtract_ESS_2026May13.csv,REXR,STARMINE_COVERED,2,Immutable partition append from ESS normalization output; numeric provenance preserved.
RUN-REAL-ESS-20260513-002:2026-05-13:RHI:STARMINE_COVERED,2026-05-13,2026-05-13T15:28:42.825732+00:00,RUN-REAL-ESS-20260513-002,FIDELITY,SecurityExtract_ESS_2026May13.csv,RHI,STARMINE_COVERED,2,Immutable partition append from ESS normalization output; numeric provenance preserved.
RUN-REAL-ESS-20260513-002:2026-05-13:RMTI:STARMINE_COVERED,2026-05-13,2026-05-13T15:28:42.825732+00:00,RUN-REAL-ESS-20260513-002,FIDELITY,SecurityExtract_ESS_2026May13.csv,RMTI,STARMINE_COVERED,2,Immutable partition append from ESS normalization output; numeric provenance preserved.
RUN-REAL-ESS-20260513-002:2026-05-13:RYZ:STARMINE_COVERED,2026-05-13,2026-05-13T15:28:42.825732+00:00,RUN-REAL-ESS-20260513-002,FIDELITY,SecurityExtract_ESS_2026May13.csv,RYZ,STARMINE_COVERED,2,Immutable partition append from ESS normalization output; numeric provenance preserved.
RUN-REAL-ESS-20260513-002:2026-05-13:SPGI:STARMINE_COVERED,2026-05-13,2026-05-13T15:28:42.825732+00:00,RUN-REAL-ESS-20260513-002,FIDELITY,SecurityExtract_ESS_2026May13.csv,SPGI,STARMINE_COVERED,2,Immutable partition append from ESS normalization output; numeric provenance preserved.
RUN-REAL-ESS-20260513-002:2026-05-13:STBA:STARMINE_COVERED,2026-05-13,2026-05-13T15:28:42.825732+00:00,RUN-REAL-ESS-20260513-002,FIDELITY,SecurityExtract_ESS_2026May13.csv,STBA,STARMINE_COVERED,2,Immutable partition append from ESS normalization output; numeric provenance preserved.
RUN-REAL-ESS-20260513-002:2026-05-13:SABR:STARMINE_COVERED,2026-05-13,2026-05-13T15:28:42.825732+00:00,RUN-REAL-ESS-20260513-002,FIDELITY,SecurityExtract_ESS_2026May13.csv,SABR,STARMINE_COVERED,2,Immutable partition append from ESS normalization output; numeric provenance preserved.
RUN-REAL-ESS-20260513-002:2026-05-13:SB:STARMINE_COVERED,2026-05-13,2026-05-13T15:28:42.825732+00:00,RUN-REAL-ESS-20260513-002,FIDELITY,SecurityExtract_ESS_2026May13.csv,SB,STARMINE_COVERED,2,Immutable partition append from ESS normalization output; numeric provenance preserved.
RUN-REAL-ESS-20260513-002:2026-05-13:SAFE:STARMINE_COVERED,2026-05-13,2026-05-13T15:28:42.825732+00:00,RUN-REAL-ESS-20260513-002,FIDELITY,SecurityExtract_ESS_2026May13.csv,SAFE,STARMINE_COVERED,2,Immutable partition append from ESS normalization output; numeric provenance preserved.
RUN-REAL-ESS-20260513-002:2026-05-13:SAIL:STARMINE_COVERED,2026-05-13,2026-05-13T15:28:42.825732+00:00,RUN-REAL-ESS-20260513-002,FIDELITY,SecurityExtract_ESS_2026May13.csv,SAIL,STARMINE_COVERED,2,Immutable partition append from ESS normalization output; numeric provenance preserved.
RUN-REAL-ESS-20260513-002:2026-05-13:SBAC:STARMINE_COVERED,2026-05-13,2026-05-13T15:28:42.825732+00:00,RUN-REAL-ESS-20260513-002,FIDELITY,SecurityExtract_ESS_2026May13.csv,SBAC,STARMINE_COVERED,2,Immutable partition append from ESS normalization output; numeric provenance preserved.
RUN-REAL-ESS-20260513-002:2026-05-13:SCSC:STARMINE_COVERED,2026-05-13,2026-05-13T15:28:42.825732+00:00,RUN-REAL-ESS-20260513-002,FIDELITY,SecurityExtract_ESS_2026May13.csv,SCSC,STARMINE_COVERED,2,Immutable partition append from ESS normalization output; numeric provenance preserved.
RUN-REAL-ESS-20260513-002:2026-05-13:SMG:STARMINE_COVERED,2026-05-13,2026-05-13T15:28:42.825732+00:00,RUN-REAL-ESS-20260513-002,FIDELITY,SecurityExtract_ESS_2026May13.csv,SMG,STARMINE_COVERED,2,Immutable partition append from ESS normalization output; numeric provenance preserved.
RUN-REAL-ESS-20260513-002:2026-05-13:SSP:STARMINE_COVERED,2026-05-13,2026-05-13T15:28:42.825732+00:00,RUN-REAL-ESS-20260513-002,FIDELITY,SecurityExtract_ESS_2026May13.csv,SSP,STARMINE_COVERED,2,Immutable partition append from ESS normalization output; numeric provenance preserved.
RUN-REAL-ESS-20260513-002:2026-05-13:SMHI:STARMINE_COVERED,2026-05-13,2026-05-13T15:28:42.825732+00:00,RUN-REAL-ESS-20260513-002,FIDELITY,SecurityExtract_ESS_2026May13.csv,SMHI,STARMINE_COVERED,2,Immutable partition append from ESS normalization output; numeric provenance preserved.
RUN-REAL-ESS-20260513-002:2026-05-13:SXT:STARMINE_COVERED,2026-05-13,2026-05-13T15:28:42.825732+00:00,RUN-REAL-ESS-20260513-002,FIDELITY,SecurityExtract_ESS_2026May13.csv,SXT,STARMINE_COVERED,2,Immutable partition append from ESS normalization output; numeric provenance preserved.
RUN-REAL-ESS-20260513-002:2026-05-13:SCI:STARMINE_COVERED,2026-05-13,2026-05-13T15:28:42.825732+00:00,RUN-REAL-ESS-20260513-002,FIDELITY,SecurityExtract_ESS_2026May13.csv,SCI,STARMINE_COVERED,2,Immutable partition append from ESS normalization output; numeric provenance preserved.
RUN-REAL-ESS-20260513-002:2026-05-13:SSTK:STARMINE_COVERED,2026-05-13,2026-05-13T15:28:42.825732+00:00,RUN-REAL-ESS-20260513-002,FIDELITY,SecurityExtract_ESS_2026May13.csv,SSTK,STARMINE_COVERED,2,Immutable partition append from ESS normalization output; numeric provenance preserved.
RUN-REAL-ESS-20260513-002:2026-05-13:SLAB:STARMINE_COVERED,2026-05-13,2026-05-13T15:28:42.825732+00:00,RUN-REAL-ESS-20260513-002,FIDELITY,SecurityExtract_ESS_2026May13.csv,SLAB,STARMINE_COVERED,2,Immutable partition append from ESS normalization output; numeric provenance preserved.
RUN-REAL-ESS-20260513-002:2026-05-13:SAMG:STARMINE_COVERED,2026-05-13,2026-05-13T15:28:42.825732+00:00,RUN-REAL-ESS-20260513-002,FIDELITY,SecurityExtract_ESS_2026May13.csv,SAMG,STARMINE_COVERED,2,Immutable partition append from ESS normalization output; numeric provenance preserved.
RUN-REAL-ESS-20260513-002:2026-05-13:SWKS:STARMINE_COVERED,2026-05-13,2026-05-13T15:28:42.825732+00:00,RUN-REAL-ESS-20260513-002,FIDELITY,SecurityExtract_ESS_2026May13.csv,SWKS,STARMINE_COVERED,2,Immutable partition append from ESS normalization output; numeric provenance preserved.
RUN-REAL-ESS-20260513-002:2026-05-13:SLG:STARMINE_COVERED,2026-05-13,2026-05-13T15:28:42.825732+00:00,RUN-REAL-ESS-20260513-002,FIDELITY,SecurityExtract_ESS_2026May13.csv,SLG,STARMINE_COVERED,2,Immutable partition append from ESS normalization output; numeric provenance preserved.
RUN-REAL-ESS-20260513-002:2026-05-13:SAH:STARMINE_COVERED,2026-05-13,2026-05-13T15:28:42.825732+00:00,RUN-REAL-ESS-20260513-002,FIDELITY,SecurityExtract_ESS_2026May13.csv,SAH,STARMINE_COVERED,2,Immutable partition append from ESS normalization output; numeric provenance preserved.
RUN-REAL-ESS-20260513-002:2026-05-13:SCCO:STARMINE_COVERED,2026-05-13,2026-05-13T15:28:42.825732+00:00,RUN-REAL-ESS-20260513-002,FIDELITY,SecurityExtract_ESS_2026May13.csv,SCCO,STARMINE_COVERED,2,Immutable partition append from ESS normalization output; numeric provenance preserved.
RUN-REAL-ESS-20260513-002:2026-05-13:SMBC:STARMINE_COVERED,2026-05-13,2026-05-13T15:28:42.825732+00:00,RUN-REAL-ESS-20260513-002,FIDELITY,SecurityExtract_ESS_2026May13.csv,SMBC,STARMINE_COVERED,2,Immutable partition append from ESS normalization output; numeric provenance preserved.
RUN-REAL-ESS-20260513-002:2026-05-13:SPOT:STARMINE_COVERED,2026-05-13,2026-05-13T15:28:42.825732+00:00,RUN-REAL-ESS-20260513-002,FIDELITY,SecurityExtract_ESS_2026May13.csv,SPOT,STARMINE_COVERED,2,Immutable partition append from ESS normalization output; numeric provenance preserved.
RUN-REAL-ESS-20260513-002:2026-05-13:SPT:STARMINE_COVERED,2026-05-13,2026-05-13T15:28:42.825732+00:00,RUN-REAL-ESS-20260513-002,FIDELITY,SecurityExtract_ESS_2026May13.csv,SPT,STARMINE_COVERED,2,Immutable partition append from ESS normalization output; numeric provenance preserved.
RUN-REAL-ESS-20260513-002:2026-05-13:STAG:STARMINE_COVERED,2026-05-13,2026-05-13T15:28:42.825732+00:00,RUN-REAL-ESS-20260513-002,FIDELITY,SecurityExtract_ESS_2026May13.csv,STAG,STARMINE_COVERED,2,Immutable partition append from ESS normalization output; numeric provenance preserved.
RUN-REAL-ESS-20260513-002:2026-05-13:STWD:STARMINE_COVERED,2026-05-13,2026-05-13T15:28:42.825732+00:00,RUN-REAL-ESS-20260513-002,FIDELITY,SecurityExtract_ESS_2026May13.csv,STWD,STARMINE_COVERED,2,Immutable partition append from ESS normalization output; numeric provenance preserved.
RUN-REAL-ESS-20260513-002:2026-05-13:STRL:STARMINE_COVERED,2026-05-13,2026-05-13T15:28:42.825732+00:00,RUN-REAL-ESS-20260513-002,FIDELITY,SecurityExtract_ESS_2026May13.csv,STRL,STARMINE_COVERED,2,Immutable partition append from ESS normalization output; numeric provenance preserved.
RUN-REAL-ESS-20260513-002:2026-05-13:STM:STARMINE_COVERED,2026-05-13,2026-05-13T15:28:42.825732+00:00,RUN-REAL-ESS-20260513-002,FIDELITY,SecurityExtract_ESS_2026May13.csv,STM,STARMINE_COVERED,2,Immutable partition append from ESS normalization output; numeric provenance preserved.
RUN-REAL-ESS-20260513-002:2026-05-13:STOK:STARMINE_COVERED,2026-05-13,2026-05-13T15:28:42.825732+00:00,RUN-REAL-ESS-20260513-002,FIDELITY,SecurityExtract_ESS_2026May13.csv,STOK,STARMINE_COVERED,2,Immutable partition append from ESS normalization output; numeric provenance preserved.
RUN-REAL-ESS-20260513-002:2026-05-13:SSYS:STARMINE_COVERED,2026-05-13,2026-05-13T15:28:42.825732+00:00,RUN-REAL-ESS-20260513-002,FIDELITY,SecurityExtract_ESS_2026May13.csv,SSYS,STARMINE_COVERED,2,Immutable partition append from ESS normalization output; numeric provenance preserved.
RUN-REAL-ESS-20260513-002:2026-05-13:MSTR:STARMINE_COVERED,2026-05-13,2026-05-13T15:28:42.825732+00:00,RUN-REAL-ESS-20260513-002,FIDELITY,SecurityExtract_ESS_2026May13.csv,MSTR,STARMINE_COVERED,2,Immutable partition append from ESS normalization output; numeric provenance preserved.
RUN-REAL-ESS-20260513-002:2026-05-13:SPH:STARMINE_COVERED,2026-05-13,2026-05-13T15:28:42.825732+00:00,RUN-REAL-ESS-20260513-002,FIDELITY,SecurityExtract_ESS_2026May13.csv,SPH,STARMINE_COVERED,2,Immutable partition append from ESS normalization output; numeric provenance preserved.
RUN-REAL-ESS-20260513-002:2026-05-13:SXC:STARMINE_COVERED,2026-05-13,2026-05-13T15:28:42.825732+00:00,RUN-REAL-ESS-20260513-002,FIDELITY,SecurityExtract_ESS_2026May13.csv,SXC,STARMINE_COVERED,2,Immutable partition append from ESS normalization output; numeric provenance preserved.
RUN-REAL-ESS-20260513-002:2026-05-13:SNPS:STARMINE_COVERED,2026-05-13,2026-05-13T15:28:42.825732+00:00,RUN-REAL-ESS-20260513-002,FIDELITY,SecurityExtract_ESS_2026May13.csv,SNPS,STARMINE_COVERED,2,Immutable partition append from ESS normalization output; numeric provenance preserved.
RUN-REAL-ESS-20260513-002:2026-05-13:SYY:STARMINE_COVERED,2026-05-13,2026-05-13T15:28:42.825732+00:00,RUN-REAL-ESS-20260513-002,FIDELITY,SecurityExtract_ESS_2026May13.csv,SYY,STARMINE_COVERED,2,Immutable partition append from ESS normalization output; numeric provenance preserved.
RUN-REAL-ESS-20260513-002:2026-05-13:TGT:STARMINE_COVERED,2026-05-13,2026-05-13T15:28:42.825732+00:00,RUN-REAL-ESS-20260513-002,FIDELITY,SecurityExtract_ESS_2026May13.csv,TGT,STARMINE_COVERED,2,Immutable partition append from ESS normalization output; numeric provenance preserved.
RUN-REAL-ESS-20260513-002:2026-05-13:TMHC:STARMINE_COVERED,2026-05-13,2026-05-13T15:28:42.825732+00:00,RUN-REAL-ESS-20260513-002,FIDELITY,SecurityExtract_ESS_2026May13.csv,TMHC,STARMINE_COVERED,2,Immutable partition append from ESS normalization output; numeric provenance preserved.
RUN-REAL-ESS-20260513-002:2026-05-13:TDOC:STARMINE_COVERED,2026-05-13,2026-05-13T15:28:42.825732+00:00,RUN-REAL-ESS-20260513-002,FIDELITY,SecurityExtract_ESS_2026May13.csv,TDOC,STARMINE_COVERED,2,Immutable partition append from ESS normalization output; numeric provenance preserved.
RUN-REAL-ESS-20260513-002:2026-05-13:TEO:STARMINE_COVERED,2026-05-13,2026-05-13T15:28:42.825732+00:00,RUN-REAL-ESS-20260513-002,FIDELITY,SecurityExtract_ESS_2026May13.csv,TEO,STARMINE_COVERED,2,Immutable partition append from ESS normalization output; numeric provenance preserved.
RUN-REAL-ESS-20260513-002:2026-05-13:TDS:STARMINE_COVERED,2026-05-13,2026-05-13T15:28:42.825732+00:00,RUN-REAL-ESS-20260513-002,FIDELITY,SecurityExtract_ESS_2026May13.csv,TDS,STARMINE_COVERED,2,Immutable partition append from ESS normalization output; numeric provenance preserved.
RUN-REAL-ESS-20260513-002:2026-05-13:PNC:STARMINE_COVERED,2026-05-13,2026-05-13T15:28:42.825732+00:00,RUN-REAL-ESS-20260513-002,FIDELITY,SecurityExtract_ESS_2026May13.csv,PNC,STARMINE_COVERED,2,Immutable partition append from ESS normalization output; numeric provenance preserved.
RUN-REAL-ESS-20260513-002:2026-05-13:TRI:STARMINE_COVERED,2026-05-13,2026-05-13T15:28:42.825732+00:00,RUN-REAL-ESS-20260513-002,FIDELITY,SecurityExtract_ESS_2026May13.csv,TRI,STARMINE_COVERED,2,Immutable partition append from ESS normalization output; numeric provenance preserved.
RUN-REAL-ESS-20260513-002:2026-05-13:TWI:STARMINE_COVERED,2026-05-13,2026-05-13T15:28:42.825732+00:00,RUN-REAL-ESS-20260513-002,FIDELITY,SecurityExtract_ESS_2026May13.csv,TWI,STARMINE_COVERED,2,Immutable partition append from ESS normalization output; numeric provenance preserved.
RUN-REAL-ESS-20260513-002:2026-05-13:TJX:STARMINE_COVERED,2026-05-13,2026-05-13T15:28:42.825732+00:00,RUN-REAL-ESS-20260513-002,FIDELITY,SecurityExtract_ESS_2026May13.csv,TJX,STARMINE_COVERED,2,Immutable partition append from ESS normalization output; numeric provenance preserved.
RUN-REAL-ESS-20260513-002:2026-05-13:TKO:STARMINE_COVERED,2026-05-13,2026-05-13T15:28:42.825732+00:00,RUN-REAL-ESS-20260513-002,FIDELITY,SecurityExtract_ESS_2026May13.csv,TKO,STARMINE_COVERED,2,Immutable partition append from ESS normalization output; numeric provenance preserved.
RUN-REAL-ESS-20260513-002:2026-05-13:TMP:STARMINE_COVERED,2026-05-13,2026-05-13T15:28:42.825732+00:00,RUN-REAL-ESS-20260513-002,FIDELITY,SecurityExtract_ESS_2026May13.csv,TMP,STARMINE_COVERED,2,Immutable partition append from ESS normalization output; numeric provenance preserved.
RUN-REAL-ESS-20260513-002:2026-05-13:TR:STARMINE_COVERED,2026-05-13,2026-05-13T15:28:42.825732+00:00,RUN-REAL-ESS-20260513-002,FIDELITY,SecurityExtract_ESS_2026May13.csv,TR,STARMINE_COVERED,2,Immutable partition append from ESS normalization output; numeric provenance preserved.
RUN-REAL-ESS-20260513-002:2026-05-13:TTD:STARMINE_COVERED,2026-05-13,2026-05-13T15:28:42.825732+00:00,RUN-REAL-ESS-20260513-002,FIDELITY,SecurityExtract_ESS_2026May13.csv,TTD,STARMINE_COVERED,2,Immutable partition append from ESS normalization output; numeric provenance preserved.
RUN-REAL-ESS-20260513-002:2026-05-13:TW:STARMINE_COVERED,2026-05-13,2026-05-13T15:28:42.825732+00:00,RUN-REAL-ESS-20260513-002,FIDELITY,SecurityExtract_ESS_2026May13.csv,TW,STARMINE_COVERED,2,Immutable partition append from ESS normalization output; numeric provenance preserved.
RUN-REAL-ESS-20260513-002:2026-05-13:TAC:STARMINE_COVERED,2026-05-13,2026-05-13T15:28:42.825732+00:00,RUN-REAL-ESS-20260513-002,FIDELITY,SecurityExtract_ESS_2026May13.csv,TAC,STARMINE_COVERED,2,Immutable partition append from ESS normalization output; numeric provenance preserved.
RUN-REAL-ESS-20260513-002:2026-05-13:TREX:STARMINE_COVERED,2026-05-13,2026-05-13T15:28:42.825732+00:00,RUN-REAL-ESS-20260513-002,FIDELITY,SecurityExtract_ESS_2026May13.csv,TREX,STARMINE_COVERED,2,Immutable partition append from ESS normalization output; numeric provenance preserved.
RUN-REAL-ESS-20260513-002:2026-05-13:TNET:STARMINE_COVERED,2026-05-13,2026-05-13T15:28:42.825732+00:00,RUN-REAL-ESS-20260513-002,FIDELITY,SecurityExtract_ESS_2026May13.csv,TNET,STARMINE_COVERED,2,Immutable partition append from ESS normalization output; numeric provenance preserved.
RUN-REAL-ESS-20260513-002:2026-05-13:TRN:STARMINE_COVERED,2026-05-13,2026-05-13T15:28:42.825732+00:00,RUN-REAL-ESS-20260513-002,FIDELITY,SecurityExtract_ESS_2026May13.csv,TRN,STARMINE_COVERED,2,Immutable partition append from ESS normalization output; numeric provenance preserved.
RUN-REAL-ESS-20260513-002:2026-05-13:TXNM:STARMINE_COVERED,2026-05-13,2026-05-13T15:28:42.825732+00:00,RUN-REAL-ESS-20260513-002,FIDELITY,SecurityExtract_ESS_2026May13.csv,TXNM,STARMINE_COVERED,2,Immutable partition append from ESS normalization output; numeric provenance preserved.
RUN-REAL-ESS-20260513-002:2026-05-13:TSN:STARMINE_COVERED,2026-05-13,2026-05-13T15:28:42.825732+00:00,RUN-REAL-ESS-20260513-002,FIDELITY,SecurityExtract_ESS_2026May13.csv,TSN,STARMINE_COVERED,2,Immutable partition append from ESS normalization output; numeric provenance preserved.
RUN-REAL-ESS-20260513-002:2026-05-13:USB:STARMINE_COVERED,2026-05-13,2026-05-13T15:28:42.825732+00:00,RUN-REAL-ESS-20260513-002,FIDELITY,SecurityExtract_ESS_2026May13.csv,USB,STARMINE_COVERED,2,Immutable partition append from ESS normalization output; numeric provenance preserved.
RUN-REAL-ESS-20260513-002:2026-05-13:UFPT:STARMINE_COVERED,2026-05-13,2026-05-13T15:28:42.825732+00:00,RUN-REAL-ESS-20260513-002,FIDELITY,SecurityExtract_ESS_2026May13.csv,UFPT,STARMINE_COVERED,2,Immutable partition append from ESS normalization output; numeric provenance preserved.
RUN-REAL-ESS-20260513-002:2026-05-13:UCTT:STARMINE_COVERED,2026-05-13,2026-05-13T15:28:42.825732+00:00,RUN-REAL-ESS-20260513-002,FIDELITY,SecurityExtract_ESS_2026May13.csv,UCTT,STARMINE_COVERED,2,Immutable partition append from ESS normalization output; numeric provenance preserved.
RUN-REAL-ESS-20260513-002:2026-05-13:RARE:STARMINE_COVERED,2026-05-13,2026-05-13T15:28:42.825732+00:00,RUN-REAL-ESS-20260513-002,FIDELITY,SecurityExtract_ESS_2026May13.csv,RARE,STARMINE_COVERED,2,Immutable partition append from ESS normalization output; numeric provenance preserved.
RUN-REAL-ESS-20260513-002:2026-05-13:UPS:STARMINE_COVERED,2026-05-13,2026-05-13T15:28:42.825732+00:00,RUN-REAL-ESS-20260513-002,FIDELITY,SecurityExtract_ESS_2026May13.csv,UPS,STARMINE_COVERED,2,Immutable partition append from ESS normalization output; numeric provenance preserved.
RUN-REAL-ESS-20260513-002:2026-05-13:UNIT:STARMINE_COVERED,2026-05-13,2026-05-13T15:28:42.825732+00:00,RUN-REAL-ESS-20260513-002,FIDELITY,SecurityExtract_ESS_2026May13.csv,UNIT,STARMINE_COVERED,2,Immutable partition append from ESS normalization output; numeric provenance preserved.
RUN-REAL-ESS-20260513-002:2026-05-13:UHT:STARMINE_COVERED,2026-05-13,2026-05-13T15:28:42.825732+00:00,RUN-REAL-ESS-20260513-002,FIDELITY,SecurityExtract_ESS_2026May13.csv,UHT,STARMINE_COVERED,2,Immutable partition append from ESS normalization output; numeric provenance preserved.
RUN-REAL-ESS-20260513-002:2026-05-13:UE:STARMINE_COVERED,2026-05-13,2026-05-13T15:28:42.825732+00:00,RUN-REAL-ESS-20260513-002,FIDELITY,SecurityExtract_ESS_2026May13.csv,UE,STARMINE_COVERED,2,Immutable partition append from ESS normalization output; numeric provenance preserved.
RUN-REAL-ESS-20260513-002:2026-05-13:URBN:STARMINE_COVERED,2026-05-13,2026-05-13T15:28:42.825732+00:00,RUN-REAL-ESS-20260513-002,FIDELITY,SecurityExtract_ESS_2026May13.csv,URBN,STARMINE_COVERED,2,Immutable partition append from ESS normalization output; numeric provenance preserved.
RUN-REAL-ESS-20260513-002:2026-05-13:USFD:STARMINE_COVERED,2026-05-13,2026-05-13T15:28:42.825732+00:00,RUN-REAL-ESS-20260513-002,FIDELITY,SecurityExtract_ESS_2026May13.csv,USFD,STARMINE_COVERED,2,Immutable partition append from ESS normalization output; numeric provenance preserved.
RUN-REAL-ESS-20260513-002:2026-05-13:VNDA:STARMINE_COVERED,2026-05-13,2026-05-13T15:28:42.825732+00:00,RUN-REAL-ESS-20260513-002,FIDELITY,SecurityExtract_ESS_2026May13.csv,VNDA,STARMINE_COVERED,2,Immutable partition append from ESS normalization output; numeric provenance preserved.
RUN-REAL-ESS-20260513-002:2026-05-13:VRNS:STARMINE_COVERED,2026-05-13,2026-05-13T15:28:42.825732+00:00,RUN-REAL-ESS-20260513-002,FIDELITY,SecurityExtract_ESS_2026May13.csv,VRNS,STARMINE_COVERED,2,Immutable partition append from ESS normalization output; numeric provenance preserved.
RUN-REAL-ESS-20260513-002:2026-05-13:VRE:STARMINE_COVERED,2026-05-13,2026-05-13T15:28:42.825732+00:00,RUN-REAL-ESS-20260513-002,FIDELITY,SecurityExtract_ESS_2026May13.csv,VRE,STARMINE_COVERED,2,Immutable partition append from ESS normalization output; numeric provenance preserved.
RUN-REAL-ESS-20260513-002:2026-05-13:VZ:STARMINE_COVERED,2026-05-13,2026-05-13T15:28:42.825732+00:00,RUN-REAL-ESS-20260513-002,FIDELITY,SecurityExtract_ESS_2026May13.csv,VZ,STARMINE_COVERED,2,Immutable partition append from ESS normalization output; numeric provenance preserved.
RUN-REAL-ESS-20260513-002:2026-05-13:VRRM:STARMINE_COVERED,2026-05-13,2026-05-13T15:28:42.825732+00:00,RUN-REAL-ESS-20260513-002,FIDELITY,SecurityExtract_ESS_2026May13.csv,VRRM,STARMINE_COVERED,2,Immutable partition append from ESS normalization output; numeric provenance preserved.
RUN-REAL-ESS-20260513-002:2026-05-13:VIAV:STARMINE_COVERED,2026-05-13,2026-05-13T15:28:42.825732+00:00,RUN-REAL-ESS-20260513-002,FIDELITY,SecurityExtract_ESS_2026May13.csv,VIAV,STARMINE_COVERED,2,Immutable partition append from ESS normalization output; numeric provenance preserved.
RUN-REAL-ESS-20260513-002:2026-05-13:VNOM:STARMINE_COVERED,2026-05-13,2026-05-13T15:28:42.825732+00:00,RUN-REAL-ESS-20260513-002,FIDELITY,SecurityExtract_ESS_2026May13.csv,VNOM,STARMINE_COVERED,2,Immutable partition append from ESS normalization output; numeric provenance preserved.
RUN-REAL-ESS-20260513-002:2026-05-13:VIR:STARMINE_COVERED,2026-05-13,2026-05-13T15:28:42.825732+00:00,RUN-REAL-ESS-20260513-002,FIDELITY,SecurityExtract_ESS_2026May13.csv,VIR,STARMINE_COVERED,2,Immutable partition append from ESS normalization output; numeric provenance preserved.
RUN-REAL-ESS-20260513-002:2026-05-13:COCO:STARMINE_COVERED,2026-05-13,2026-05-13T15:28:42.825732+00:00,RUN-REAL-ESS-20260513-002,FIDELITY,SecurityExtract_ESS_2026May13.csv,COCO,STARMINE_COVERED,2,Immutable partition append from ESS normalization output; numeric provenance preserved.
RUN-REAL-ESS-20260513-002:2026-05-13:VYGR:STARMINE_COVERED,2026-05-13,2026-05-13T15:28:42.825732+00:00,RUN-REAL-ESS-20260513-002,FIDELITY,SecurityExtract_ESS_2026May13.csv,VYGR,STARMINE_COVERED,2,Immutable partition append from ESS normalization output; numeric provenance preserved.
RUN-REAL-ESS-20260513-002:2026-05-13:VSEC:STARMINE_COVERED,2026-05-13,2026-05-13T15:28:42.825732+00:00,RUN-REAL-ESS-20260513-002,FIDELITY,SecurityExtract_ESS_2026May13.csv,VSEC,STARMINE_COVERED,2,Immutable partition append from ESS normalization output; numeric provenance preserved.
RUN-REAL-ESS-20260513-002:2026-05-13:VMC:STARMINE_COVERED,2026-05-13,2026-05-13T15:28:42.825732+00:00,RUN-REAL-ESS-20260513-002,FIDELITY,SecurityExtract_ESS_2026May13.csv,VMC,STARMINE_COVERED,2,Immutable partition append from ESS normalization output; numeric provenance preserved.
RUN-REAL-ESS-20260513-002:2026-05-13:WMT:STARMINE_COVERED,2026-05-13,2026-05-13T15:28:42.825732+00:00,RUN-REAL-ESS-20260513-002,FIDELITY,SecurityExtract_ESS_2026May13.csv,WMT,STARMINE_COVERED,2,Immutable partition append from ESS normalization output; numeric provenance preserved.
RUN-REAL-ESS-20260513-002:2026-05-13:WEC:STARMINE_COVERED,2026-05-13,2026-05-13T15:28:42.825732+00:00,RUN-REAL-ESS-20260513-002,FIDELITY,SecurityExtract_ESS_2026May13.csv,WEC,STARMINE_COVERED,2,Immutable partition append from ESS normalization output; numeric provenance preserved.
RUN-REAL-ESS-20260513-002:2026-05-13:WH:STARMINE_COVERED,2026-05-13,2026-05-13T15:28:42.825732+00:00,RUN-REAL-ESS-20260513-002,FIDELITY,SecurityExtract_ESS_2026May13.csv,WH,STARMINE_COVERED,2,Immutable partition append from ESS normalization output; numeric provenance preserved.
RUN-REAL-ESS-20260513-002:2026-05-13:XEL:STARMINE_COVERED,2026-05-13,2026-05-13T15:28:42.825732+00:00,RUN-REAL-ESS-20260513-002,FIDELITY,SecurityExtract_ESS_2026May13.csv,XEL,STARMINE_COVERED,2,Immutable partition append from ESS normalization output; numeric provenance preserved.
RUN-REAL-ESS-20260513-002:2026-05-13:YUM:STARMINE_COVERED,2026-05-13,2026-05-13T15:28:42.825732+00:00,RUN-REAL-ESS-20260513-002,FIDELITY,SecurityExtract_ESS_2026May13.csv,YUM,STARMINE_COVERED,2,Immutable partition append from ESS normalization output; numeric provenance preserved.
RUN-REAL-ESS-20260513-002:2026-05-13:Z:STARMINE_COVERED,2026-05-13,2026-05-13T15:28:42.825732+00:00,RUN-REAL-ESS-20260513-002,FIDELITY,SecurityExtract_ESS_2026May13.csv,Z,STARMINE_COVERED,2,Immutable partition append from ESS normalization output; numeric provenance preserved.
RUN-REAL-ESS-20260513-002:2026-05-13:ZBH:STARMINE_COVERED,2026-05-13,2026-05-13T15:28:42.825732+00:00,RUN-REAL-ESS-20260513-002,FIDELITY,SecurityExtract_ESS_2026May13.csv,ZBH,STARMINE_COVERED,2,Immutable partition append from ESS normalization output; numeric provenance preserved.
RUN-REAL-ESS-20260513-002:2026-05-13:ZION:STARMINE_COVERED,2026-05-13,2026-05-13T15:28:42.825732+00:00,RUN-REAL-ESS-20260513-002,FIDELITY,SecurityExtract_ESS_2026May13.csv,ZION,STARMINE_COVERED,2,Immutable partition append from ESS normalization output; numeric provenance preserved.
RUN-REAL-ESS-20260513-002:2026-05-13:GTM:STARMINE_COVERED,2026-05-13,2026-05-13T15:28:42.825732+00:00,RUN-REAL-ESS-20260513-002,FIDELITY,SecurityExtract_ESS_2026May13.csv,GTM,STARMINE_COVERED,2,Immutable partition append from ESS normalization output; numeric provenance preserved.
RUN-REAL-ESS-20260513-002:2026-05-13:AOS:STARMINE_COVERED,2026-05-13,2026-05-13T15:28:42.825732+00:00,RUN-REAL-ESS-20260513-002,FIDELITY,SecurityExtract_ESS_2026May13.csv,AOS,STARMINE_COVERED,2,Immutable partition append from ESS normalization output; numeric provenance preserved.
RUN-REAL-ESS-20260513-002:2026-05-13:ABEO:STARMINE_COVERED,2026-05-13,2026-05-13T15:28:42.825732+00:00,RUN-REAL-ESS-20260513-002,FIDELITY,SecurityExtract_ESS_2026May13.csv,ABEO,STARMINE_COVERED,2,Immutable partition append from ESS normalization output; numeric provenance preserved.
RUN-REAL-ESS-20260513-002:2026-05-13:ACIU:STARMINE_COVERED,2026-05-13,2026-05-13T15:28:42.825732+00:00,RUN-REAL-ESS-20260513-002,FIDELITY,SecurityExtract_ESS_2026May13.csv,ACIU,STARMINE_COVERED,2,Immutable partition append from ESS normalization output; numeric provenance preserved.
RUN-REAL-ESS-20260513-002:2026-05-13:ACN:STARMINE_COVERED,2026-05-13,2026-05-13T15:28:42.825732+00:00,RUN-REAL-ESS-20260513-002,FIDELITY,SecurityExtract_ESS_2026May13.csv,ACN,STARMINE_COVERED,2,Immutable partition append from ESS normalization output; numeric provenance preserved.
RUN-REAL-ESS-20260513-002:2026-05-13:ACRS:STARMINE_COVERED,2026-05-13,2026-05-13T15:28:42.825732+00:00,RUN-REAL-ESS-20260513-002,FIDELITY,SecurityExtract_ESS_2026May13.csv,ACRS,STARMINE_COVERED,2,Immutable partition append from ESS normalization output; numeric provenance preserved.
RUN-REAL-ESS-20260513-002:2026-05-13:ADCT:STARMINE_COVERED,2026-05-13,2026-05-13T15:28:42.825732+00:00,RUN-REAL-ESS-20260513-002,FIDELITY,SecurityExtract_ESS_2026May13.csv,ADCT,STARMINE_COVERED,2,Immutable partition append from ESS normalization output; numeric provenance preserved.
RUN-REAL-ESS-20260513-002:2026-05-13:AGRO:STARMINE_COVERED,2026-05-13,2026-05-13T15:28:42.825732+00:00,RUN-REAL-ESS-20260513-002,FIDELITY,SecurityExtract_ESS_2026May13.csv,AGRO,STARMINE_COVERED,2,Immutable partition append from ESS normalization output; numeric provenance preserved.
RUN-REAL-ESS-20260513-002:2026-05-13:ADNT:STARMINE_COVERED,2026-05-13,2026-05-13T15:28:42.825732+00:00,RUN-REAL-ESS-20260513-002,FIDELITY,SecurityExtract_ESS_2026May13.csv,ADNT,STARMINE_COVERED,2,Immutable partition append from ESS normalization output; numeric provenance preserved.
RUN-REAL-ESS-20260513-002:2026-05-13:AGYS:STARMINE_COVERED,2026-05-13,2026-05-13T15:28:42.825732+00:00,RUN-REAL-ESS-20260513-002,FIDELITY,SecurityExtract_ESS_2026May13.csv,AGYS,STARMINE_COVERED,2,Immutable partition append from ESS normalization output; numeric provenance preserved.
RUN-REAL-ESS-20260513-002:2026-05-13:AEM:STARMINE_COVERED,2026-05-13,2026-05-13T15:28:42.825732+00:00,RUN-REAL-ESS-20260513-002,FIDELITY,SecurityExtract_ESS_2026May13.csv,AEM,STARMINE_COVERED,2,Immutable partition append from ESS normalization output; numeric provenance preserved.
RUN-REAL-ESS-20260513-002:2026-05-13:APD:STARMINE_COVERED,2026-05-13,2026-05-13T15:28:42.825732+00:00,RUN-REAL-ESS-20260513-002,FIDELITY,SecurityExtract_ESS_2026May13.csv,APD,STARMINE_COVERED,2,Immutable partition append from ESS normalization output; numeric provenance preserved.
RUN-REAL-ESS-20260513-002:2026-05-13:ACI:STARMINE_COVERED,2026-05-13,2026-05-13T15:28:42.825732+00:00,RUN-REAL-ESS-20260513-002,FIDELITY,SecurityExtract_ESS_2026May13.csv,ACI,STARMINE_COVERED,2,Immutable partition append from ESS normalization output; numeric provenance preserved.
RUN-REAL-ESS-20260513-002:2026-05-13:ALLE:STARMINE_COVERED,2026-05-13,2026-05-13T15:28:42.825732+00:00,RUN-REAL-ESS-20260513-002,FIDELITY,SecurityExtract_ESS_2026May13.csv,ALLE,STARMINE_COVERED,2,Immutable partition append from ESS normalization output; numeric provenance preserved.
RUN-REAL-ESS-20260513-002:2026-05-13:ALLY:STARMINE_COVERED,2026-05-13,2026-05-13T15:28:42.825732+00:00,RUN-REAL-ESS-20260513-002,FIDELITY,SecurityExtract_ESS_2026May13.csv,ALLY,STARMINE_COVERED,2,Immutable partition append from ESS normalization output; numeric provenance preserved.
RUN-REAL-ESS-20260513-002:2026-05-13:ALNY:STARMINE_COVERED,2026-05-13,2026-05-13T15:28:42.825732+00:00,RUN-REAL-ESS-20260513-002,FIDELITY,SecurityExtract_ESS_2026May13.csv,ALNY,STARMINE_COVERED,2,Immutable partition append from ESS normalization output; numeric provenance preserved.
RUN-REAL-ESS-20260513-002:2026-05-13:AOSL:STARMINE_COVERED,2026-05-13,2026-05-13T15:28:42.825732+00:00,RUN-REAL-ESS-20260513-002,FIDELITY,SecurityExtract_ESS_2026May13.csv,AOSL,STARMINE_COVERED,2,Immutable partition append from ESS normalization output; numeric provenance preserved.
RUN-REAL-ESS-20260513-002:2026-05-13:GOOGL:STARMINE_COVERED,2026-05-13,2026-05-13T15:28:42.825732+00:00,RUN-REAL-ESS-20260513-002,FIDELITY,SecurityExtract_ESS_2026May13.csv,GOOGL,STARMINE_COVERED,2,Immutable partition append from ESS normalization output; numeric provenance preserved.
RUN-REAL-ESS-20260513-002:2026-05-13:AMTB:STARMINE_COVERED,2026-05-13,2026-05-13T15:28:42.825732+00:00,RUN-REAL-ESS-20260513-002,FIDELITY,SecurityExtract_ESS_2026May13.csv,AMTB,STARMINE_COVERED,2,Immutable partition append from ESS normalization output; numeric provenance preserved.
RUN-REAL-ESS-20260513-002:2026-05-13:CRMT:STARMINE_COVERED,2026-05-13,2026-05-13T15:28:42.825732+00:00,RUN-REAL-ESS-20260513-002,FIDELITY,SecurityExtract_ESS_2026May13.csv,CRMT,STARMINE_COVERED,2,Immutable partition append from ESS normalization output; numeric provenance preserved.
RUN-REAL-ESS-20260513-002:2026-05-13:AEO:STARMINE_COVERED,2026-05-13,2026-05-13T15:28:42.825732+00:00,RUN-REAL-ESS-20260513-002,FIDELITY,SecurityExtract_ESS_2026May13.csv,AEO,STARMINE_COVERED,2,Immutable partition append from ESS normalization output; numeric provenance preserved.
RUN-REAL-ESS-20260513-002:2026-05-13:AHR:STARMINE_COVERED,2026-05-13,2026-05-13T15:28:42.825732+00:00,RUN-REAL-ESS-20260513-002,FIDELITY,SecurityExtract_ESS_2026May13.csv,AHR,STARMINE_COVERED,2,Immutable partition append from ESS normalization output; numeric provenance preserved.
RUN-REAL-ESS-20260513-002:2026-05-13:AMP:STARMINE_COVERED,2026-05-13,2026-05-13T15:28:42.825732+00:00,RUN-REAL-ESS-20260513-002,FIDELITY,SecurityExtract_ESS_2026May13.csv,AMP,STARMINE_COVERED,2,Immutable partition append from ESS normalization output; numeric provenance preserved.
RUN-REAL-ESS-20260513-002:2026-05-13:AMSF:STARMINE_COVERED,2026-05-13,2026-05-13T15:28:42.825732+00:00,RUN-REAL-ESS-20260513-002,FIDELITY,SecurityExtract_ESS_2026May13.csv,AMSF,STARMINE_COVERED,2,Immutable partition append from ESS normalization output; numeric provenance preserved.
RUN-REAL-ESS-20260513-002:2026-05-13:APH:STARMINE_COVERED,2026-05-13,2026-05-13T15:28:42.825732+00:00,RUN-REAL-ESS-20260513-002,FIDELITY,SecurityExtract_ESS_2026May13.csv,APH,STARMINE_COVERED,2,Immutable partition append from ESS normalization output; numeric provenance preserved.
RUN-REAL-ESS-20260513-002:2026-05-13:NLY:STARMINE_COVERED,2026-05-13,2026-05-13T15:28:42.825732+00:00,RUN-REAL-ESS-20260513-002,FIDELITY,SecurityExtract_ESS_2026May13.csv,NLY,STARMINE_COVERED,2,Immutable partition append from ESS normalization output; numeric provenance preserved.
RUN-REAL-ESS-20260513-002:2026-05-13:APG:STARMINE_COVERED,2026-05-13,2026-05-13T15:28:42.825732+00:00,RUN-REAL-ESS-20260513-002,FIDELITY,SecurityExtract_ESS_2026May13.csv,APG,STARMINE_COVERED,2,Immutable partition append from ESS normalization output; numeric provenance preserved.
RUN-REAL-ESS-20260513-002:2026-05-13:APPN:STARMINE_COVERED,2026-05-13,2026-05-13T15:28:42.825732+00:00,RUN-REAL-ESS-20260513-002,FIDELITY,SecurityExtract_ESS_2026May13.csv,APPN,STARMINE_COVERED,2,Immutable partition append from ESS normalization output; numeric provenance preserved.
RUN-REAL-ESS-20260513-002:2026-05-13:AAOI:STARMINE_COVERED,2026-05-13,2026-05-13T15:28:42.825732+00:00,RUN-REAL-ESS-20260513-002,FIDELITY,SecurityExtract_ESS_2026May13.csv,AAOI,STARMINE_COVERED,2,Immutable partition append from ESS normalization output; numeric provenance preserved.
RUN-REAL-ESS-20260513-002:2026-05-13:ATR:STARMINE_COVERED,2026-05-13,2026-05-13T15:28:42.825732+00:00,RUN-REAL-ESS-20260513-002,FIDELITY,SecurityExtract_ESS_2026May13.csv,ATR,STARMINE_COVERED,2,Immutable partition append from ESS normalization output; numeric provenance preserved.
RUN-REAL-ESS-20260513-002:2026-05-13:ABUS:STARMINE_COVERED,2026-05-13,2026-05-13T15:28:42.825732+00:00,RUN-REAL-ESS-20260513-002,FIDELITY,SecurityExtract_ESS_2026May13.csv,ABUS,STARMINE_COVERED,2,Immutable partition append from ESS normalization output; numeric provenance preserved.
RUN-REAL-ESS-20260513-002:2026-05-13:ARQT:STARMINE_COVERED,2026-05-13,2026-05-13T15:28:42.825732+00:00,RUN-REAL-ESS-20260513-002,FIDELITY,SecurityExtract_ESS_2026May13.csv,ARQT,STARMINE_COVERED,2,Immutable partition append from ESS normalization output; numeric provenance preserved.
RUN-REAL-ESS-20260513-002:2026-05-13:AMBP:STARMINE_COVERED,2026-05-13,2026-05-13T15:28:42.825732+00:00,RUN-REAL-ESS-20260513-002,FIDELITY,SecurityExtract_ESS_2026May13.csv,AMBP,STARMINE_COVERED,2,Immutable partition append from ESS normalization output; numeric provenance preserved.
RUN-REAL-ESS-20260513-002:2026-05-13:ARQ:STARMINE_COVERED,2026-05-13,2026-05-13T15:28:42.825732+00:00,RUN-REAL-ESS-20260513-002,FIDELITY,SecurityExtract_ESS_2026May13.csv,ARQ,STARMINE_COVERED,2,Immutable partition append from ESS normalization output; numeric provenance preserved.
RUN-REAL-ESS-20260513-002:2026-05-13:AJG:STARMINE_COVERED,2026-05-13,2026-05-13T15:28:42.825732+00:00,RUN-REAL-ESS-20260513-002,FIDELITY,SecurityExtract_ESS_2026May13.csv,AJG,STARMINE_COVERED,2,Immutable partition append from ESS normalization output; numeric provenance preserved.
RUN-REAL-ESS-20260513-002:2026-05-13:ASAN:STARMINE_COVERED,2026-05-13,2026-05-13T15:28:42.825732+00:00,RUN-REAL-ESS-20260513-002,FIDELITY,SecurityExtract_ESS_2026May13.csv,ASAN,STARMINE_COVERED,2,Immutable partition append from ESS normalization output; numeric provenance preserved.
RUN-REAL-ESS-20260513-002:2026-05-13:ASTE:STARMINE_COVERED,2026-05-13,2026-05-13T15:28:42.825732+00:00,RUN-REAL-ESS-20260513-002,FIDELITY,SecurityExtract_ESS_2026May13.csv,ASTE,STARMINE_COVERED,2,Immutable partition append from ESS normalization output; numeric provenance preserved.
RUN-REAL-ESS-20260513-002:2026-05-13:AESI:STARMINE_COVERED,2026-05-13,2026-05-13T15:28:42.825732+00:00,RUN-REAL-ESS-20260513-002,FIDELITY,SecurityExtract_ESS_2026May13.csv,AESI,STARMINE_COVERED,2,Immutable partition append from ESS normalization output; numeric provenance preserved.
RUN-REAL-ESS-20260513-002:2026-05-13:TEAM:STARMINE_COVERED,2026-05-13,2026-05-13T15:28:42.825732+00:00,RUN-REAL-ESS-20260513-002,FIDELITY,SecurityExtract_ESS_2026May13.csv,TEAM,STARMINE_COVERED,2,Immutable partition append from ESS normalization output; numeric provenance preserved.
RUN-REAL-ESS-20260513-002:2026-05-13:ATNI:STARMINE_COVERED,2026-05-13,2026-05-13T15:28:42.825732+00:00,RUN-REAL-ESS-20260513-002,FIDELITY,SecurityExtract_ESS_2026May13.csv,ATNI,STARMINE_COVERED,2,Immutable partition append from ESS normalization output; numeric provenance preserved.
RUN-REAL-ESS-20260513-002:2026-05-13:ADSK:STARMINE_COVERED,2026-05-13,2026-05-13T15:28:42.825732+00:00,RUN-REAL-ESS-20260513-002,FIDELITY,SecurityExtract_ESS_2026May13.csv,ADSK,STARMINE_COVERED,2,Immutable partition append from ESS normalization output; numeric provenance preserved.
RUN-REAL-ESS-20260513-002:2026-05-13:AZO:STARMINE_COVERED,2026-05-13,2026-05-13T15:28:42.825732+00:00,RUN-REAL-ESS-20260513-002,FIDELITY,SecurityExtract_ESS_2026May13.csv,AZO,STARMINE_COVERED,2,Immutable partition append from ESS normalization output; numeric provenance preserved.
RUN-REAL-ESS-20260513-002:2026-05-13:AVY:STARMINE_COVERED,2026-05-13,2026-05-13T15:28:42.825732+00:00,RUN-REAL-ESS-20260513-002,FIDELITY,SecurityExtract_ESS_2026May13.csv,AVY,STARMINE_COVERED,2,Immutable partition append from ESS normalization output; numeric provenance preserved.
RUN-REAL-ESS-20260513-002:2026-05-13:AVNT:STARMINE_COVERED,2026-05-13,2026-05-13T15:28:42.825732+00:00,RUN-REAL-ESS-20260513-002,FIDELITY,SecurityExtract_ESS_2026May13.csv,AVNT,STARMINE_COVERED,2,Immutable partition append from ESS normalization output; numeric provenance preserved.
RUN-REAL-ESS-20260513-002:2026-05-13:AXTA:STARMINE_COVERED,2026-05-13,2026-05-13T15:28:42.825732+00:00,RUN-REAL-ESS-20260513-002,FIDELITY,SecurityExtract_ESS_2026May13.csv,AXTA,STARMINE_COVERED,2,Immutable partition append from ESS normalization output; numeric provenance preserved.
RUN-REAL-ESS-20260513-002:2026-05-13:AXSM:STARMINE_COVERED,2026-05-13,2026-05-13T15:28:42.825732+00:00,RUN-REAL-ESS-20260513-002,FIDELITY,SecurityExtract_ESS_2026May13.csv,AXSM,STARMINE_COVERED,2,Immutable partition append from ESS normalization output; numeric provenance preserved.
RUN-REAL-ESS-20260513-002:2026-05-13:BSAC:STARMINE_COVERED,2026-05-13,2026-05-13T15:28:42.825732+00:00,RUN-REAL-ESS-20260513-002,FIDELITY,SecurityExtract_ESS_2026May13.csv,BSAC,STARMINE_COVERED,2,Immutable partition append from ESS normalization output; numeric provenance preserved.
RUN-REAL-ESS-20260513-002:2026-05-13:BAND:STARMINE_COVERED,2026-05-13,2026-05-13T15:28:42.825732+00:00,RUN-REAL-ESS-20260513-002,FIDELITY,SecurityExtract_ESS_2026May13.csv,BAND,STARMINE_COVERED,2,Immutable partition append from ESS normalization output; numeric provenance preserved.
RUN-REAL-ESS-20260513-002:2026-05-13:BKU:STARMINE_COVERED,2026-05-13,2026-05-13T15:28:42.825732+00:00,RUN-REAL-ESS-20260513-002,FIDELITY,SecurityExtract_ESS_2026May13.csv,BKU,STARMINE_COVERED,2,Immutable partition append from ESS normalization output; numeric provenance preserved.
RUN-REAL-ESS-20260513-002:2026-05-13:BCBP:STARMINE_COVERED,2026-05-13,2026-05-13T15:28:42.825732+00:00,RUN-REAL-ESS-20260513-002,FIDELITY,SecurityExtract_ESS_2026May13.csv,BCBP,STARMINE_COVERED,2,Immutable partition append from ESS normalization output; numeric provenance preserved.
RUN-REAL-ESS-20260513-002:2026-05-13:BBT:STARMINE_COVERED,2026-05-13,2026-05-13T15:28:42.825732+00:00,RUN-REAL-ESS-20260513-002,FIDELITY,SecurityExtract_ESS_2026May13.csv,BBT,STARMINE_COVERED,2,Immutable partition append from ESS normalization output; numeric provenance preserved.
RUN-REAL-ESS-20260513-002:2026-05-13:BELFB:STARMINE_COVERED,2026-05-13,2026-05-13T15:28:42.825732+00:00,RUN-REAL-ESS-20260513-002,FIDELITY,SecurityExtract_ESS_2026May13.csv,BELFB,STARMINE_COVERED,2,Immutable partition append from ESS normalization output; numeric provenance preserved.
RUN-REAL-ESS-20260513-002:2026-05-13:BRBR:STARMINE_COVERED,2026-05-13,2026-05-13T15:28:42.825732+00:00,RUN-REAL-ESS-20260513-002,FIDELITY,SecurityExtract_ESS_2026May13.csv,BRBR,STARMINE_COVERED,2,Immutable partition append from ESS normalization output; numeric provenance preserved.
RUN-REAL-ESS-20260513-002:2026-05-13:BSY:STARMINE_COVERED,2026-05-13,2026-05-13T15:28:42.825732+00:00,RUN-REAL-ESS-20260513-002,FIDELITY,SecurityExtract_ESS_2026May13.csv,BSY,STARMINE_COVERED,2,Immutable partition append from ESS normalization output; numeric provenance preserved.
RUN-REAL-ESS-20260513-002:2026-05-13:BRK/B:STARMINE_COVERED,2026-05-13,2026-05-13T15:28:42.825732+00:00,RUN-REAL-ESS-20260513-002,FIDELITY,SecurityExtract_ESS_2026May13.csv,BRK/B,STARMINE_COVERED,2,Immutable partition append from ESS normalization output; numeric provenance preserved.
RUN-REAL-ESS-20260513-002:2026-05-13:BBY:STARMINE_COVERED,2026-05-13,2026-05-13T15:28:42.825732+00:00,RUN-REAL-ESS-20260513-002,FIDELITY,SecurityExtract_ESS_2026May13.csv,BBY,STARMINE_COVERED,2,Immutable partition append from ESS normalization output; numeric provenance preserved.
RUN-REAL-ESS-20260513-002:2026-05-13:BILL:STARMINE_COVERED,2026-05-13,2026-05-13T15:28:42.825732+00:00,RUN-REAL-ESS-20260513-002,FIDELITY,SecurityExtract_ESS_2026May13.csv,BILL,STARMINE_COVERED,2,Immutable partition append from ESS normalization output; numeric provenance preserved.
RUN-REAL-ESS-20260513-002:2026-05-13:TECH:STARMINE_COVERED,2026-05-13,2026-05-13T15:28:42.825732+00:00,RUN-REAL-ESS-20260513-002,FIDELITY,SecurityExtract_ESS_2026May13.csv,TECH,STARMINE_COVERED,2,Immutable partition append from ESS normalization output; numeric provenance preserved.
RUN-REAL-ESS-20260513-002:2026-05-13:BHVN:STARMINE_COVERED,2026-05-13,2026-05-13T15:28:42.825732+00:00,RUN-REAL-ESS-20260513-002,FIDELITY,SecurityExtract_ESS_2026May13.csv,BHVN,STARMINE_COVERED,2,Immutable partition append from ESS normalization output; numeric provenance preserved.
RUN-REAL-ESS-20260513-002:2026-05-13:BLFS:STARMINE_COVERED,2026-05-13,2026-05-13T15:28:42.825732+00:00,RUN-REAL-ESS-20260513-002,FIDELITY,SecurityExtract_ESS_2026May13.csv,BLFS,STARMINE_COVERED,2,Immutable partition append from ESS normalization output; numeric provenance preserved.
RUN-REAL-ESS-20260513-002:2026-05-13:BNTX:STARMINE_COVERED,2026-05-13,2026-05-13T15:28:42.825732+00:00,RUN-REAL-ESS-20260513-002,FIDELITY,SecurityExtract_ESS_2026May13.csv,BNTX,STARMINE_COVERED,2,Immutable partition append from ESS normalization output; numeric provenance preserved.
RUN-REAL-ESS-20260513-002:2026-05-13:BLKB:STARMINE_COVERED,2026-05-13,2026-05-13T15:28:42.825732+00:00,RUN-REAL-ESS-20260513-002,FIDELITY,SecurityExtract_ESS_2026May13.csv,BLKB,STARMINE_COVERED,2,Immutable partition append from ESS normalization output; numeric provenance preserved.
RUN-REAL-ESS-20260513-002:2026-05-13:BLNK:STARMINE_COVERED,2026-05-13,2026-05-13T15:28:42.825732+00:00,RUN-REAL-ESS-20260513-002,FIDELITY,SecurityExtract_ESS_2026May13.csv,BLNK,STARMINE_COVERED,2,Immutable partition append from ESS normalization output; numeric provenance preserved.
RUN-REAL-ESS-20260513-002:2026-05-13:BXC:STARMINE_COVERED,2026-05-13,2026-05-13T15:28:42.825732+00:00,RUN-REAL-ESS-20260513-002,FIDELITY,SecurityExtract_ESS_2026May13.csv,BXC,STARMINE_COVERED,2,Immutable partition append from ESS normalization output; numeric provenance preserved.
RUN-REAL-ESS-20260513-002:2026-05-13:BOOT:STARMINE_COVERED,2026-05-13,2026-05-13T15:28:42.825732+00:00,RUN-REAL-ESS-20260513-002,FIDELITY,SecurityExtract_ESS_2026May13.csv,BOOT,STARMINE_COVERED,2,Immutable partition append from ESS normalization output; numeric provenance preserved.
RUN-REAL-ESS-20260513-002:2026-05-13:BAH:STARMINE_COVERED,2026-05-13,2026-05-13T15:28:42.825732+00:00,RUN-REAL-ESS-20260513-002,FIDELITY,SecurityExtract_ESS_2026May13.csv,BAH,STARMINE_COVERED,2,Immutable partition append from ESS normalization output; numeric provenance preserved.
RUN-REAL-ESS-20260513-002:2026-05-13:BWA:STARMINE_COVERED,2026-05-13,2026-05-13T15:28:42.825732+00:00,RUN-REAL-ESS-20260513-002,FIDELITY,SecurityExtract_ESS_2026May13.csv,BWA,STARMINE_COVERED,2,Immutable partition append from ESS normalization output; numeric provenance preserved.
RUN-REAL-ESS-20260513-002:2026-05-13:SAM:STARMINE_COVERED,2026-05-13,2026-05-13T15:28:42.825732+00:00,RUN-REAL-ESS-20260513-002,FIDELITY,SecurityExtract_ESS_2026May13.csv,SAM,STARMINE_COVERED,2,Immutable partition append from ESS normalization output; numeric provenance preserved.
RUN-REAL-ESS-20260513-002:2026-05-13:BHR:STARMINE_COVERED,2026-05-13,2026-05-13T15:28:42.825732+00:00,RUN-REAL-ESS-20260513-002,FIDELITY,SecurityExtract_ESS_2026May13.csv,BHR,STARMINE_COVERED,2,Immutable partition append from ESS normalization output; numeric provenance preserved.
RUN-REAL-ESS-20260513-002:2026-05-13:BR:STARMINE_COVERED,2026-05-13,2026-05-13T15:28:42.825732+00:00,RUN-REAL-ESS-20260513-002,FIDELITY,SecurityExtract_ESS_2026May13.csv,BR,STARMINE_COVERED,2,Immutable partition append from ESS normalization output; numeric provenance preserved.
RUN-REAL-ESS-20260513-002:2026-05-13:BWEN:STARMINE_COVERED,2026-05-13,2026-05-13T15:28:42.825732+00:00,RUN-REAL-ESS-20260513-002,FIDELITY,SecurityExtract_ESS_2026May13.csv,BWEN,STARMINE_COVERED,2,Immutable partition append from ESS normalization output; numeric provenance preserved.
RUN-REAL-ESS-20260513-002:2026-05-13:BN:STARMINE_COVERED,2026-05-13,2026-05-13T15:28:42.825732+00:00,RUN-REAL-ESS-20260513-002,FIDELITY,SecurityExtract_ESS_2026May13.csv,BN,STARMINE_COVERED,2,Immutable partition append from ESS normalization output; numeric provenance preserved.
RUN-REAL-ESS-20260513-002:2026-05-13:BC:STARMINE_COVERED,2026-05-13,2026-05-13T15:28:42.825732+00:00,RUN-REAL-ESS-20260513-002,FIDELITY,SecurityExtract_ESS_2026May13.csv,BC,STARMINE_COVERED,2,Immutable partition append from ESS normalization output; numeric provenance preserved.
RUN-REAL-ESS-20260513-002:2026-05-13:BURL:STARMINE_COVERED,2026-05-13,2026-05-13T15:28:42.825732+00:00,RUN-REAL-ESS-20260513-002,FIDELITY,SecurityExtract_ESS_2026May13.csv,BURL,STARMINE_COVERED,2,Immutable partition append from ESS normalization output; numeric provenance preserved.
RUN-REAL-ESS-20260513-002:2026-05-13:CHRW:STARMINE_COVERED,2026-05-13,2026-05-13T15:28:42.825732+00:00,RUN-REAL-ESS-20260513-002,FIDELITY,SecurityExtract_ESS_2026May13.csv,CHRW,STARMINE_COVERED,2,Immutable partition append from ESS normalization output; numeric provenance preserved.
RUN-REAL-ESS-20260513-002:2026-05-13:AI:STARMINE_COVERED,2026-05-13,2026-05-13T15:28:42.825732+00:00,RUN-REAL-ESS-20260513-002,FIDELITY,SecurityExtract_ESS_2026May13.csv,AI,STARMINE_COVERED,2,Immutable partition append from ESS normalization output; numeric provenance preserved.
RUN-REAL-ESS-20260513-002:2026-05-13:CAN:STARMINE_COVERED,2026-05-13,2026-05-13T15:28:42.825732+00:00,RUN-REAL-ESS-20260513-002,FIDELITY,SecurityExtract_ESS_2026May13.csv,CAN,STARMINE_COVERED,2,Immutable partition append from ESS normalization output; numeric provenance preserved.
RUN-REAL-ESS-20260513-002:2026-05-13:COF:STARMINE_COVERED,2026-05-13,2026-05-13T15:28:42.825732+00:00,RUN-REAL-ESS-20260513-002,FIDELITY,SecurityExtract_ESS_2026May13.csv,COF,STARMINE_COVERED,2,Immutable partition append from ESS normalization output; numeric provenance preserved.
RUN-REAL-ESS-20260513-002:2026-05-13:CAI:STARMINE_COVERED,2026-05-13,2026-05-13T15:28:42.825732+00:00,RUN-REAL-ESS-20260513-002,FIDELITY,SecurityExtract_ESS_2026May13.csv,CAI,STARMINE_COVERED,2,Immutable partition append from ESS normalization output; numeric provenance preserved.
RUN-REAL-ESS-20260513-002:2026-05-13:RNAC:STARMINE_COVERED,2026-05-13,2026-05-13T15:28:42.825732+00:00,RUN-REAL-ESS-20260513-002,FIDELITY,SecurityExtract_ESS_2026May13.csv,RNAC,STARMINE_COVERED,2,Immutable partition append from ESS normalization output; numeric provenance preserved.
RUN-REAL-ESS-20260513-002:2026-05-13:CVNA:STARMINE_COVERED,2026-05-13,2026-05-13T15:28:42.825732+00:00,RUN-REAL-ESS-20260513-002,FIDELITY,SecurityExtract_ESS_2026May13.csv,CVNA,STARMINE_COVERED,2,Immutable partition append from ESS normalization output; numeric provenance preserved.
RUN-REAL-ESS-20260513-002:2026-05-13:CVCO:STARMINE_COVERED,2026-05-13,2026-05-13T15:28:42.825732+00:00,RUN-REAL-ESS-20260513-002,FIDELITY,SecurityExtract_ESS_2026May13.csv,CVCO,STARMINE_COVERED,2,Immutable partition append from ESS normalization output; numeric provenance preserved.
RUN-REAL-ESS-20260513-002:2026-05-13:CBZ:STARMINE_COVERED,2026-05-13,2026-05-13T15:28:42.825732+00:00,RUN-REAL-ESS-20260513-002,FIDELITY,SecurityExtract_ESS_2026May13.csv,CBZ,STARMINE_COVERED,2,Immutable partition append from ESS normalization output; numeric provenance preserved.
RUN-REAL-ESS-20260513-002:2026-05-13:CENT:STARMINE_COVERED,2026-05-13,2026-05-13T15:28:42.825732+00:00,RUN-REAL-ESS-20260513-002,FIDELITY,SecurityExtract_ESS_2026May13.csv,CENT,STARMINE_COVERED,2,Immutable partition append from ESS normalization output; numeric provenance preserved.
RUN-REAL-ESS-20260513-002:2026-05-13:CRL:STARMINE_COVERED,2026-05-13,2026-05-13T15:28:42.825732+00:00,RUN-REAL-ESS-20260513-002,FIDELITY,SecurityExtract_ESS_2026May13.csv,CRL,STARMINE_COVERED,2,Immutable partition append from ESS normalization output; numeric provenance preserved.
RUN-REAL-ESS-20260513-002:2026-05-13:CHKP:STARMINE_COVERED,2026-05-13,2026-05-13T15:28:42.825732+00:00,RUN-REAL-ESS-20260513-002,FIDELITY,SecurityExtract_ESS_2026May13.csv,CHKP,STARMINE_COVERED,2,Immutable partition append from ESS normalization output; numeric provenance preserved.
RUN-REAL-ESS-20260513-002:2026-05-13:CHD:STARMINE_COVERED,2026-05-13,2026-05-13T15:28:42.825732+00:00,RUN-REAL-ESS-20260513-002,FIDELITY,SecurityExtract_ESS_2026May13.csv,CHD,STARMINE_COVERED,2,Immutable partition append from ESS normalization output; numeric provenance preserved.
RUN-REAL-ESS-20260513-002:2026-05-13:CNK:STARMINE_COVERED,2026-05-13,2026-05-13T15:28:42.825732+00:00,RUN-REAL-ESS-20260513-002,FIDELITY,SecurityExtract_ESS_2026May13.csv,CNK,STARMINE_COVERED,2,Immutable partition append from ESS normalization output; numeric provenance preserved.
RUN-REAL-ESS-20260513-002:2026-05-13:CTAS:STARMINE_COVERED,2026-05-13,2026-05-13T15:28:42.825732+00:00,RUN-REAL-ESS-20260513-002,FIDELITY,SecurityExtract_ESS_2026May13.csv,CTAS,STARMINE_COVERED,2,Immutable partition append from ESS normalization output; numeric provenance preserved.
RUN-REAL-ESS-20260513-002:2026-05-13:CZNC:STARMINE_COVERED,2026-05-13,2026-05-13T15:28:42.825732+00:00,RUN-REAL-ESS-20260513-002,FIDELITY,SecurityExtract_ESS_2026May13.csv,CZNC,STARMINE_COVERED,2,Immutable partition append from ESS normalization output; numeric provenance preserved.
RUN-REAL-ESS-20260513-002:2026-05-13:CLIR:STARMINE_COVERED,2026-05-13,2026-05-13T15:28:42.825732+00:00,RUN-REAL-ESS-20260513-002,FIDELITY,SecurityExtract_ESS_2026May13.csv,CLIR,STARMINE_COVERED,2,Immutable partition append from ESS normalization output; numeric provenance preserved.
RUN-REAL-ESS-20260513-002:2026-05-13:CLW:STARMINE_COVERED,2026-05-13,2026-05-13T15:28:42.825732+00:00,RUN-REAL-ESS-20260513-002,FIDELITY,SecurityExtract_ESS_2026May13.csv,CLW,STARMINE_COVERED,2,Immutable partition append from ESS normalization output; numeric provenance preserved.
RUN-REAL-ESS-20260513-002:2026-05-13:CNA:STARMINE_COVERED,2026-05-13,2026-05-13T15:28:42.825732+00:00,RUN-REAL-ESS-20260513-002,FIDELITY,SecurityExtract_ESS_2026May13.csv,CNA,STARMINE_COVERED,2,Immutable partition append from ESS normalization output; numeric provenance preserved.
RUN-REAL-ESS-20260513-002:2026-05-13:COHU:STARMINE_COVERED,2026-05-13,2026-05-13T15:28:42.825732+00:00,RUN-REAL-ESS-20260513-002,FIDELITY,SecurityExtract_ESS_2026May13.csv,COHU,STARMINE_COVERED,2,Immutable partition append from ESS normalization output; numeric provenance preserved.
RUN-REAL-ESS-20260513-002:2026-05-13:CL:STARMINE_COVERED,2026-05-13,2026-05-13T15:28:42.825732+00:00,RUN-REAL-ESS-20260513-002,FIDELITY,SecurityExtract_ESS_2026May13.csv,CL,STARMINE_COVERED,2,Immutable partition append from ESS normalization output; numeric provenance preserved.
RUN-REAL-ESS-20260513-002:2026-05-13:BVN:STARMINE_COVERED,2026-05-13,2026-05-13T15:28:42.825732+00:00,RUN-REAL-ESS-20260513-002,FIDELITY,SecurityExtract_ESS_2026May13.csv,BVN,STARMINE_COVERED,2,Immutable partition append from ESS normalization output; numeric provenance preserved.
RUN-REAL-ESS-20260513-002:2026-05-13:CAG:STARMINE_COVERED,2026-05-13,2026-05-13T15:28:42.825732+00:00,RUN-REAL-ESS-20260513-002,FIDELITY,SecurityExtract_ESS_2026May13.csv,CAG,STARMINE_COVERED,2,Immutable partition append from ESS normalization output; numeric provenance preserved.
RUN-REAL-ESS-20260513-002:2026-05-13:ROAD:STARMINE_COVERED,2026-05-13,2026-05-13T15:28:42.825732+00:00,RUN-REAL-ESS-20260513-002,FIDELITY,SecurityExtract_ESS_2026May13.csv,ROAD,STARMINE_COVERED,2,Immutable partition append from ESS normalization output; numeric provenance preserved.
RUN-REAL-ESS-20260513-002:2026-05-13:CPRT:STARMINE_COVERED,2026-05-13,2026-05-13T15:28:42.825732+00:00,RUN-REAL-ESS-20260513-002,FIDELITY,SecurityExtract_ESS_2026May13.csv,CPRT,STARMINE_COVERED,2,Immutable partition append from ESS normalization output; numeric provenance preserved.
RUN-REAL-ESS-20260513-002:2026-05-13:CLB:STARMINE_COVERED,2026-05-13,2026-05-13T15:28:42.825732+00:00,RUN-REAL-ESS-20260513-002,FIDELITY,SecurityExtract_ESS_2026May13.csv,CLB,STARMINE_COVERED,2,Immutable partition append from ESS normalization output; numeric provenance preserved.
RUN-REAL-ESS-20260513-002:2026-05-13:CXW:STARMINE_COVERED,2026-05-13,2026-05-13T15:28:42.825732+00:00,RUN-REAL-ESS-20260513-002,FIDELITY,SecurityExtract_ESS_2026May13.csv,CXW,STARMINE_COVERED,2,Immutable partition append from ESS normalization output; numeric provenance preserved.
RUN-REAL-ESS-20260513-002:2026-05-13:CXT:STARMINE_COVERED,2026-05-13,2026-05-13T15:28:42.825732+00:00,RUN-REAL-ESS-20260513-002,FIDELITY,SecurityExtract_ESS_2026May13.csv,CXT,STARMINE_COVERED,2,Immutable partition append from ESS normalization output; numeric provenance preserved.
RUN-REAL-ESS-20260513-002:2026-05-13:CCI:STARMINE_COVERED,2026-05-13,2026-05-13T15:28:42.825732+00:00,RUN-REAL-ESS-20260513-002,FIDELITY,SecurityExtract_ESS_2026May13.csv,CCI,STARMINE_COVERED,2,Immutable partition append from ESS normalization output; numeric provenance preserved.
RUN-REAL-ESS-20260513-002:2026-05-13:CCK:STARMINE_COVERED,2026-05-13,2026-05-13T15:28:42.825732+00:00,RUN-REAL-ESS-20260513-002,FIDELITY,SecurityExtract_ESS_2026May13.csv,CCK,STARMINE_COVERED,2,Immutable partition append from ESS normalization output; numeric provenance preserved.
RUN-REAL-ESS-20260513-002:2026-05-13:CYRX:STARMINE_COVERED,2026-05-13,2026-05-13T15:28:42.825732+00:00,RUN-REAL-ESS-20260513-002,FIDELITY,SecurityExtract_ESS_2026May13.csv,CYRX,STARMINE_COVERED,2,Immutable partition append from ESS normalization output; numeric provenance preserved.
RUN-REAL-ESS-20260513-002:2026-05-13:CFR:STARMINE_COVERED,2026-05-13,2026-05-13T15:28:42.825732+00:00,RUN-REAL-ESS-20260513-002,FIDELITY,SecurityExtract_ESS_2026May13.csv,CFR,STARMINE_COVERED,2,Immutable partition append from ESS normalization output; numeric provenance preserved.
RUN-REAL-ESS-20260513-002:2026-05-13:CUBI:STARMINE_COVERED,2026-05-13,2026-05-13T15:28:42.825732+00:00,RUN-REAL-ESS-20260513-002,FIDELITY,SecurityExtract_ESS_2026May13.csv,CUBI,STARMINE_COVERED,2,Immutable partition append from ESS normalization output; numeric provenance preserved.
RUN-REAL-ESS-20260513-002:2026-05-13:CTMX:STARMINE_COVERED,2026-05-13,2026-05-13T15:28:42.825732+00:00,RUN-REAL-ESS-20260513-002,FIDELITY,SecurityExtract_ESS_2026May13.csv,CTMX,STARMINE_COVERED,2,Immutable partition append from ESS normalization output; numeric provenance preserved.
RUN-REAL-ESS-20260513-002:2026-05-13:CTSO:STARMINE_COVERED,2026-05-13,2026-05-13T15:28:42.825732+00:00,RUN-REAL-ESS-20260513-002,FIDELITY,SecurityExtract_ESS_2026May13.csv,CTSO,STARMINE_COVERED,2,Immutable partition append from ESS normalization output; numeric provenance preserved.
RUN-REAL-ESS-20260513-002:2026-05-13:DHI:STARMINE_COVERED,2026-05-13,2026-05-13T15:28:42.825732+00:00,RUN-REAL-ESS-20260513-002,FIDELITY,SecurityExtract_ESS_2026May13.csv,DHI,STARMINE_COVERED,2,Immutable partition append from ESS normalization output; numeric provenance preserved.
RUN-REAL-ESS-20260513-002:2026-05-13:DRI:STARMINE_COVERED,2026-05-13,2026-05-13T15:28:42.825732+00:00,RUN-REAL-ESS-20260513-002,FIDELITY,SecurityExtract_ESS_2026May13.csv,DRI,STARMINE_COVERED,2,Immutable partition append from ESS normalization output; numeric provenance preserved.
RUN-REAL-ESS-20260513-002:2026-05-13:DAR:STARMINE_COVERED,2026-05-13,2026-05-13T15:28:42.825732+00:00,RUN-REAL-ESS-20260513-002,FIDELITY,SecurityExtract_ESS_2026May13.csv,DAR,STARMINE_COVERED,2,Immutable partition append from ESS normalization output; numeric provenance preserved.
RUN-REAL-ESS-20260513-002:2026-05-13:DCH:STARMINE_COVERED,2026-05-13,2026-05-13T15:28:42.825732+00:00,RUN-REAL-ESS-20260513-002,FIDELITY,SecurityExtract_ESS_2026May13.csv,DCH,STARMINE_COVERED,2,Immutable partition append from ESS normalization output; numeric provenance preserved.
RUN-REAL-ESS-20260513-002:2026-05-13:DE:STARMINE_COVERED,2026-05-13,2026-05-13T15:28:42.825732+00:00,RUN-REAL-ESS-20260513-002,FIDELITY,SecurityExtract_ESS_2026May13.csv,DE,STARMINE_COVERED,2,Immutable partition append from ESS normalization output; numeric provenance preserved.
RUN-REAL-ESS-20260513-002:2026-05-13:DB:STARMINE_COVERED,2026-05-13,2026-05-13T15:28:42.825732+00:00,RUN-REAL-ESS-20260513-002,FIDELITY,SecurityExtract_ESS_2026May13.csv,DB,STARMINE_COVERED,2,Immutable partition append from ESS normalization output; numeric provenance preserved.
RUN-REAL-ESS-20260513-002:2026-05-13:DPZ:STARMINE_COVERED,2026-05-13,2026-05-13T15:28:42.825732+00:00,RUN-REAL-ESS-20260513-002,FIDELITY,SecurityExtract_ESS_2026May13.csv,DPZ,STARMINE_COVERED,2,Immutable partition append from ESS normalization output; numeric provenance preserved.
RUN-REAL-ESS-20260513-002:2026-05-13:DY:STARMINE_COVERED,2026-05-13,2026-05-13T15:28:42.825732+00:00,RUN-REAL-ESS-20260513-002,FIDELITY,SecurityExtract_ESS_2026May13.csv,DY,STARMINE_COVERED,2,Immutable partition append from ESS normalization output; numeric provenance preserved.
RUN-REAL-ESS-20260513-002:2026-05-13:ECL:STARMINE_COVERED,2026-05-13,2026-05-13T15:28:42.825732+00:00,RUN-REAL-ESS-20260513-002,FIDELITY,SecurityExtract_ESS_2026May13.csv,ECL,STARMINE_COVERED,2,Immutable partition append from ESS normalization output; numeric provenance preserved.
RUN-REAL-ESS-20260513-002:2026-05-13:EDIT:STARMINE_COVERED,2026-05-13,2026-05-13T15:28:42.825732+00:00,RUN-REAL-ESS-20260513-002,FIDELITY,SecurityExtract_ESS_2026May13.csv,EDIT,STARMINE_COVERED,2,Immutable partition append from ESS normalization output; numeric provenance preserved.
RUN-REAL-ESS-20260513-002:2026-05-13:EW:STARMINE_COVERED,2026-05-13,2026-05-13T15:28:42.825732+00:00,RUN-REAL-ESS-20260513-002,FIDELITY,SecurityExtract_ESS_2026May13.csv,EW,STARMINE_COVERED,2,Immutable partition append from ESS normalization output; numeric provenance preserved.
RUN-REAL-ESS-20260513-002:2026-05-13:ELAN:STARMINE_COVERED,2026-05-13,2026-05-13T15:28:42.825732+00:00,RUN-REAL-ESS-20260513-002,FIDELITY,SecurityExtract_ESS_2026May13.csv,ELAN,STARMINE_COVERED,2,Immutable partition append from ESS normalization output; numeric provenance preserved.
RUN-REAL-ESS-20260513-002:2026-05-13:ELV:STARMINE_COVERED,2026-05-13,2026-05-13T15:28:42.825732+00:00,RUN-REAL-ESS-20260513-002,FIDELITY,SecurityExtract_ESS_2026May13.csv,ELV,STARMINE_COVERED,2,Immutable partition append from ESS normalization output; numeric provenance preserved.
RUN-REAL-ESS-20260513-002:2026-05-13:EMBC:STARMINE_COVERED,2026-05-13,2026-05-13T15:28:42.825732+00:00,RUN-REAL-ESS-20260513-002,FIDELITY,SecurityExtract_ESS_2026May13.csv,EMBC,STARMINE_COVERED,2,Immutable partition append from ESS normalization output; numeric provenance preserved.
RUN-REAL-ESS-20260513-002:2026-05-13:NPO:STARMINE_COVERED,2026-05-13,2026-05-13T15:28:42.825732+00:00,RUN-REAL-ESS-20260513-002,FIDELITY,SecurityExtract_ESS_2026May13.csv,NPO,STARMINE_COVERED,2,Immutable partition append from ESS normalization output; numeric provenance preserved.
RUN-REAL-ESS-20260513-002:2026-05-13:EQH:STARMINE_COVERED,2026-05-13,2026-05-13T15:28:42.825732+00:00,RUN-REAL-ESS-20260513-002,FIDELITY,SecurityExtract_ESS_2026May13.csv,EQH,STARMINE_COVERED,2,Immutable partition append from ESS normalization output; numeric provenance preserved.
RUN-REAL-ESS-20260513-002:2026-05-13:ELS:STARMINE_COVERED,2026-05-13,2026-05-13T15:28:42.825732+00:00,RUN-REAL-ESS-20260513-002,FIDELITY,SecurityExtract_ESS_2026May13.csv,ELS,STARMINE_COVERED,2,Immutable partition append from ESS normalization output; numeric provenance preserved.
RUN-REAL-ESS-20260513-002:2026-05-13:ESAB:STARMINE_COVERED,2026-05-13,2026-05-13T15:28:42.825732+00:00,RUN-REAL-ESS-20260513-002,FIDELITY,SecurityExtract_ESS_2026May13.csv,ESAB,STARMINE_COVERED,2,Immutable partition append from ESS normalization output; numeric provenance preserved.
RUN-REAL-ESS-20260513-002:2026-05-13:ESPR:STARMINE_COVERED,2026-05-13,2026-05-13T15:28:42.825732+00:00,RUN-REAL-ESS-20260513-002,FIDELITY,SecurityExtract_ESS_2026May13.csv,ESPR,STARMINE_COVERED,2,Immutable partition append from ESS normalization output; numeric provenance preserved.
RUN-REAL-ESS-20260513-002:2026-05-13:EPRT:STARMINE_COVERED,2026-05-13,2026-05-13T15:28:42.825732+00:00,RUN-REAL-ESS-20260513-002,FIDELITY,SecurityExtract_ESS_2026May13.csv,EPRT,STARMINE_COVERED,2,Immutable partition append from ESS normalization output; numeric provenance preserved.
RUN-REAL-ESS-20260513-002:2026-05-13:ETON:STARMINE_COVERED,2026-05-13,2026-05-13T15:28:42.825732+00:00,RUN-REAL-ESS-20260513-002,FIDELITY,SecurityExtract_ESS_2026May13.csv,ETON,STARMINE_COVERED,2,Immutable partition append from ESS normalization output; numeric provenance preserved.
RUN-REAL-ESS-20260513-002:2026-05-13:ETSY:STARMINE_COVERED,2026-05-13,2026-05-13T15:28:42.825732+00:00,RUN-REAL-ESS-20260513-002,FIDELITY,SecurityExtract_ESS_2026May13.csv,ETSY,STARMINE_COVERED,2,Immutable partition append from ESS normalization output; numeric provenance preserved.
RUN-REAL-ESS-20260513-002:2026-05-13:EOLS:STARMINE_COVERED,2026-05-13,2026-05-13T15:28:42.825732+00:00,RUN-REAL-ESS-20260513-002,FIDELITY,SecurityExtract_ESS_2026May13.csv,EOLS,STARMINE_COVERED,2,Immutable partition append from ESS normalization output; numeric provenance preserved.
RUN-REAL-ESS-20260513-002:2026-05-13:FBK:STARMINE_COVERED,2026-05-13,2026-05-13T15:28:42.825732+00:00,RUN-REAL-ESS-20260513-002,FIDELITY,SecurityExtract_ESS_2026May13.csv,FBK,STARMINE_COVERED,2,Immutable partition append from ESS normalization output; numeric provenance preserved.
RUN-REAL-ESS-20260513-002:2026-05-13:FNF:STARMINE_COVERED,2026-05-13,2026-05-13T15:28:42.825732+00:00,RUN-REAL-ESS-20260513-002,FIDELITY,SecurityExtract_ESS_2026May13.csv,FNF,STARMINE_COVERED,2,Immutable partition append from ESS normalization output; numeric provenance preserved.
RUN-REAL-ESS-20260513-002:2026-05-13:FIS:STARMINE_COVERED,2026-05-13,2026-05-13T15:28:42.825732+00:00,RUN-REAL-ESS-20260513-002,FIDELITY,SecurityExtract_ESS_2026May13.csv,FIS,STARMINE_COVERED,2,Immutable partition append from ESS normalization output; numeric provenance preserved.
RUN-REAL-ESS-20260513-002:2026-05-13:FBNC:STARMINE_COVERED,2026-05-13,2026-05-13T15:28:42.825732+00:00,RUN-REAL-ESS-20260513-002,FIDELITY,SecurityExtract_ESS_2026May13.csv,FBNC,STARMINE_COVERED,2,Immutable partition append from ESS normalization output; numeric provenance preserved.
RUN-REAL-ESS-20260513-002:2026-05-13:FIBK:STARMINE_COVERED,2026-05-13,2026-05-13T15:28:42.825732+00:00,RUN-REAL-ESS-20260513-002,FIDELITY,SecurityExtract_ESS_2026May13.csv,FIBK,STARMINE_COVERED,2,Immutable partition append from ESS normalization output; numeric provenance preserved.
RUN-REAL-ESS-20260513-002:2026-05-13:FCFS:STARMINE_COVERED,2026-05-13,2026-05-13T15:28:42.825732+00:00,RUN-REAL-ESS-20260513-002,FIDELITY,SecurityExtract_ESS_2026May13.csv,FCFS,STARMINE_COVERED,2,Immutable partition append from ESS normalization output; numeric provenance preserved.
RUN-REAL-ESS-20260513-002:2026-05-13:FLR:STARMINE_COVERED,2026-05-13,2026-05-13T15:28:42.825732+00:00,RUN-REAL-ESS-20260513-002,FIDELITY,SecurityExtract_ESS_2026May13.csv,FLR,STARMINE_COVERED,2,Immutable partition append from ESS normalization output; numeric provenance preserved.
RUN-REAL-ESS-20260513-002:2026-05-13:FORM:STARMINE_COVERED,2026-05-13,2026-05-13T15:28:42.825732+00:00,RUN-REAL-ESS-20260513-002,FIDELITY,SecurityExtract_ESS_2026May13.csv,FORM,STARMINE_COVERED,2,Immutable partition append from ESS normalization output; numeric provenance preserved.
RUN-REAL-ESS-20260513-002:2026-05-13:FBIN:STARMINE_COVERED,2026-05-13,2026-05-13T15:28:42.825732+00:00,RUN-REAL-ESS-20260513-002,FIDELITY,SecurityExtract_ESS_2026May13.csv,FBIN,STARMINE_COVERED,2,Immutable partition append from ESS normalization output; numeric provenance preserved.
RUN-REAL-ESS-20260513-002:2026-05-13:FCPT:STARMINE_COVERED,2026-05-13,2026-05-13T15:28:42.825732+00:00,RUN-REAL-ESS-20260513-002,FIDELITY,SecurityExtract_ESS_2026May13.csv,FCPT,STARMINE_COVERED,2,Immutable partition append from ESS normalization output; numeric provenance preserved.
RUN-REAL-ESS-20260513-002:2026-05-13:FOXA:STARMINE_COVERED,2026-05-13,2026-05-13T15:28:42.825732+00:00,RUN-REAL-ESS-20260513-002,FIDELITY,SecurityExtract_ESS_2026May13.csv,FOXA,STARMINE_COVERED,2,Immutable partition append from ESS normalization output; numeric provenance preserved.
RUN-REAL-ESS-20260513-002:2026-05-13:FC:STARMINE_COVERED,2026-05-13,2026-05-13T15:28:42.825732+00:00,RUN-REAL-ESS-20260513-002,FIDELITY,SecurityExtract_ESS_2026May13.csv,FC,STARMINE_COVERED,2,Immutable partition append from ESS normalization output; numeric provenance preserved.
RUN-REAL-ESS-20260513-002:2026-05-13:FCEL:STARMINE_COVERED,2026-05-13,2026-05-13T15:28:42.825732+00:00,RUN-REAL-ESS-20260513-002,FIDELITY,SecurityExtract_ESS_2026May13.csv,FCEL,STARMINE_COVERED,2,Immutable partition append from ESS normalization output; numeric provenance preserved.
RUN-REAL-ESS-20260513-002:2026-05-13:FNKO:STARMINE_COVERED,2026-05-13,2026-05-13T15:28:42.825732+00:00,RUN-REAL-ESS-20260513-002,FIDELITY,SecurityExtract_ESS_2026May13.csv,FNKO,STARMINE_COVERED,2,Immutable partition append from ESS normalization output; numeric provenance preserved.
RUN-REAL-ESS-20260513-002:2026-05-13:GME:STARMINE_COVERED,2026-05-13,2026-05-13T15:28:42.825732+00:00,RUN-REAL-ESS-20260513-002,FIDELITY,SecurityExtract_ESS_2026May13.csv,GME,STARMINE_COVERED,2,Immutable partition append from ESS normalization output; numeric provenance preserved.
RUN-REAL-ESS-20260513-002:2026-05-13:IT:STARMINE_COVERED,2026-05-13,2026-05-13T15:28:42.825732+00:00,RUN-REAL-ESS-20260513-002,FIDELITY,SecurityExtract_ESS_2026May13.csv,IT,STARMINE_COVERED,2,Immutable partition append from ESS normalization output; numeric provenance preserved.
RUN-REAL-ESS-20260513-002:2026-05-13:GATX:STARMINE_COVERED,2026-05-13,2026-05-13T15:28:42.825732+00:00,RUN-REAL-ESS-20260513-002,FIDELITY,SecurityExtract_ESS_2026May13.csv,GATX,STARMINE_COVERED,2,Immutable partition append from ESS normalization output; numeric provenance preserved.
RUN-REAL-ESS-20260513-002:2026-05-13:GE:STARMINE_COVERED,2026-05-13,2026-05-13T15:28:42.825732+00:00,RUN-REAL-ESS-20260513-002,FIDELITY,SecurityExtract_ESS_2026May13.csv,GE,STARMINE_COVERED,2,Immutable partition append from ESS normalization output; numeric provenance preserved.
RUN-REAL-ESS-20260513-002:2026-05-13:GD:STARMINE_COVERED,2026-05-13,2026-05-13T15:28:42.825732+00:00,RUN-REAL-ESS-20260513-002,FIDELITY,SecurityExtract_ESS_2026May13.csv,GD,STARMINE_COVERED,2,Immutable partition append from ESS normalization output; numeric provenance preserved.
RUN-REAL-ESS-20260513-002:2026-05-13:GMAB:STARMINE_COVERED,2026-05-13,2026-05-13T15:28:42.825732+00:00,RUN-REAL-ESS-20260513-002,FIDELITY,SecurityExtract_ESS_2026May13.csv,GMAB,STARMINE_COVERED,2,Immutable partition append from ESS normalization output; numeric provenance preserved.
RUN-REAL-ESS-20260513-002:2026-05-13:GNTX:STARMINE_COVERED,2026-05-13,2026-05-13T15:28:42.825732+00:00,RUN-REAL-ESS-20260513-002,FIDELITY,SecurityExtract_ESS_2026May13.csv,GNTX,STARMINE_COVERED,2,Immutable partition append from ESS normalization output; numeric provenance preserved.
RUN-REAL-ESS-20260513-002:2026-05-13:THRM:STARMINE_COVERED,2026-05-13,2026-05-13T15:28:42.825732+00:00,RUN-REAL-ESS-20260513-002,FIDELITY,SecurityExtract_ESS_2026May13.csv,THRM,STARMINE_COVERED,2,Immutable partition append from ESS normalization output; numeric provenance preserved.
RUN-REAL-ESS-20260513-002:2026-05-13:GEO:STARMINE_COVERED,2026-05-13,2026-05-13T15:28:42.825732+00:00,RUN-REAL-ESS-20260513-002,FIDELITY,SecurityExtract_ESS_2026May13.csv,GEO,STARMINE_COVERED,2,Immutable partition append from ESS normalization output; numeric provenance preserved.
RUN-REAL-ESS-20260513-002:2026-05-13:GOOD:STARMINE_COVERED,2026-05-13,2026-05-13T15:28:42.825732+00:00,RUN-REAL-ESS-20260513-002,FIDELITY,SecurityExtract_ESS_2026May13.csv,GOOD,STARMINE_COVERED,2,Immutable partition append from ESS normalization output; numeric provenance preserved.
RUN-REAL-ESS-20260513-002:2026-05-13:GS:STARMINE_COVERED,2026-05-13,2026-05-13T15:28:42.825732+00:00,RUN-REAL-ESS-20260513-002,FIDELITY,SecurityExtract_ESS_2026May13.csv,GS,STARMINE_COVERED,2,Immutable partition append from ESS normalization output; numeric provenance preserved.
RUN-REAL-ESS-20260513-002:2026-05-13:GSHD:STARMINE_COVERED,2026-05-13,2026-05-13T15:28:42.825732+00:00,RUN-REAL-ESS-20260513-002,FIDELITY,SecurityExtract_ESS_2026May13.csv,GSHD,STARMINE_COVERED,2,Immutable partition append from ESS normalization output; numeric provenance preserved.
RUN-REAL-ESS-20260513-002:2026-05-13:GPRO:STARMINE_COVERED,2026-05-13,2026-05-13T15:28:42.825732+00:00,RUN-REAL-ESS-20260513-002,FIDELITY,SecurityExtract_ESS_2026May13.csv,GPRO,STARMINE_COVERED,2,Immutable partition append from ESS normalization output; numeric provenance preserved.
RUN-REAL-ESS-20260513-002:2026-05-13:GGG:STARMINE_COVERED,2026-05-13,2026-05-13T15:28:42.825732+00:00,RUN-REAL-ESS-20260513-002,FIDELITY,SecurityExtract_ESS_2026May13.csv,GGG,STARMINE_COVERED,2,Immutable partition append from ESS normalization output; numeric provenance preserved.
RUN-REAL-ESS-20260513-002:2026-05-13:EAF:STARMINE_COVERED,2026-05-13,2026-05-13T15:28:42.825732+00:00,RUN-REAL-ESS-20260513-002,FIDELITY,SecurityExtract_ESS_2026May13.csv,EAF,STARMINE_COVERED,2,Immutable partition append from ESS normalization output; numeric provenance preserved.
RUN-REAL-ESS-20260513-002:2026-05-13:GTN:STARMINE_COVERED,2026-05-13,2026-05-13T15:28:42.825732+00:00,RUN-REAL-ESS-20260513-002,FIDELITY,SecurityExtract_ESS_2026May13.csv,GTN,STARMINE_COVERED,2,Immutable partition append from ESS normalization output; numeric provenance preserved.
RUN-REAL-ESS-20260513-002:2026-05-13:GPI:STARMINE_COVERED,2026-05-13,2026-05-13T15:28:42.825732+00:00,RUN-REAL-ESS-20260513-002,FIDELITY,SecurityExtract_ESS_2026May13.csv,GPI,STARMINE_COVERED,2,Immutable partition append from ESS normalization output; numeric provenance preserved.
RUN-REAL-ESS-20260513-002:2026-05-13:GRPN:STARMINE_COVERED,2026-05-13,2026-05-13T15:28:42.825732+00:00,RUN-REAL-ESS-20260513-002,FIDELITY,SecurityExtract_ESS_2026May13.csv,GRPN,STARMINE_COVERED,2,Immutable partition append from ESS normalization output; numeric provenance preserved.
RUN-REAL-ESS-20260513-002:2026-05-13:HTO:STARMINE_COVERED,2026-05-13,2026-05-13T15:28:42.825732+00:00,RUN-REAL-ESS-20260513-002,FIDELITY,SecurityExtract_ESS_2026May13.csv,HTO,STARMINE_COVERED,2,Immutable partition append from ESS normalization output; numeric provenance preserved.
RUN-REAL-ESS-20260513-002:2026-05-13:HASI:STARMINE_COVERED,2026-05-13,2026-05-13T15:28:42.825732+00:00,RUN-REAL-ESS-20260513-002,FIDELITY,SecurityExtract_ESS_2026May13.csv,HASI,STARMINE_COVERED,2,Immutable partition append from ESS normalization output; numeric provenance preserved.
RUN-REAL-ESS-20260513-002:2026-05-13:HAIN:STARMINE_COVERED,2026-05-13,2026-05-13T15:28:42.825732+00:00,RUN-REAL-ESS-20260513-002,FIDELITY,SecurityExtract_ESS_2026May13.csv,HAIN,STARMINE_COVERED,2,Immutable partition append from ESS normalization output; numeric provenance preserved.
RUN-REAL-ESS-20260513-002:2026-05-13:HNRG:STARMINE_COVERED,2026-05-13,2026-05-13T15:28:42.825732+00:00,RUN-REAL-ESS-20260513-002,FIDELITY,SecurityExtract_ESS_2026May13.csv,HNRG,STARMINE_COVERED,2,Immutable partition append from ESS normalization output; numeric provenance preserved.
RUN-REAL-ESS-20260513-002:2026-05-13:HWC:STARMINE_COVERED,2026-05-13,2026-05-13T15:28:42.825732+00:00,RUN-REAL-ESS-20260513-002,FIDELITY,SecurityExtract_ESS_2026May13.csv,HWC,STARMINE_COVERED,2,Immutable partition append from ESS normalization output; numeric provenance preserved.
RUN-REAL-ESS-20260513-002:2026-05-13:HOG:STARMINE_COVERED,2026-05-13,2026-05-13T15:28:42.825732+00:00,RUN-REAL-ESS-20260513-002,FIDELITY,SecurityExtract_ESS_2026May13.csv,HOG,STARMINE_COVERED,2,Immutable partition append from ESS normalization output; numeric provenance preserved.
RUN-REAL-ESS-20260513-002:2026-05-13:HDB:STARMINE_COVERED,2026-05-13,2026-05-13T15:28:42.825732+00:00,RUN-REAL-ESS-20260513-002,FIDELITY,SecurityExtract_ESS_2026May13.csv,HDB,STARMINE_COVERED,2,Immutable partition append from ESS normalization output; numeric provenance preserved.
RUN-REAL-ESS-20260513-002:2026-05-13:HLIO:STARMINE_COVERED,2026-05-13,2026-05-13T15:28:42.825732+00:00,RUN-REAL-ESS-20260513-002,FIDELITY,SecurityExtract_ESS_2026May13.csv,HLIO,STARMINE_COVERED,2,Immutable partition append from ESS normalization output; numeric provenance preserved.
RUN-REAL-ESS-20260513-002:2026-05-13:HLX:STARMINE_COVERED,2026-05-13,2026-05-13T15:28:42.825732+00:00,RUN-REAL-ESS-20260513-002,FIDELITY,SecurityExtract_ESS_2026May13.csv,HLX,STARMINE_COVERED,2,Immutable partition append from ESS normalization output; numeric provenance preserved.
RUN-REAL-ESS-20260513-002:2026-05-13:HLF:STARMINE_COVERED,2026-05-13,2026-05-13T15:28:42.825732+00:00,RUN-REAL-ESS-20260513-002,FIDELITY,SecurityExtract_ESS_2026May13.csv,HLF,STARMINE_COVERED,2,Immutable partition append from ESS normalization output; numeric provenance preserved.
RUN-REAL-ESS-20260513-002:2026-05-13:HFFG:STARMINE_COVERED,2026-05-13,2026-05-13T15:28:42.825732+00:00,RUN-REAL-ESS-20260513-002,FIDELITY,SecurityExtract_ESS_2026May13.csv,HFFG,STARMINE_COVERED,2,Immutable partition append from ESS normalization output; numeric provenance preserved.
RUN-REAL-ESS-20260513-002:2026-05-13:HD:STARMINE_COVERED,2026-05-13,2026-05-13T15:28:42.825732+00:00,RUN-REAL-ESS-20260513-002,FIDELITY,SecurityExtract_ESS_2026May13.csv,HD,STARMINE_COVERED,2,Immutable partition append from ESS normalization output; numeric provenance preserved.
RUN-REAL-ESS-20260513-002:2026-05-13:HMC:STARMINE_COVERED,2026-05-13,2026-05-13T15:28:42.825732+00:00,RUN-REAL-ESS-20260513-002,FIDELITY,SecurityExtract_ESS_2026May13.csv,HMC,STARMINE_COVERED,2,Immutable partition append from ESS normalization output; numeric provenance preserved.
RUN-REAL-ESS-20260513-002:2026-05-13:HON:STARMINE_COVERED,2026-05-13,2026-05-13T15:28:42.825732+00:00,RUN-REAL-ESS-20260513-002,FIDELITY,SecurityExtract_ESS_2026May13.csv,HON,STARMINE_COVERED,2,Immutable partition append from ESS normalization output; numeric provenance preserved.
RUN-REAL-ESS-20260513-002:2026-05-13:HRL:STARMINE_COVERED,2026-05-13,2026-05-13T15:28:42.825732+00:00,RUN-REAL-ESS-20260513-002,FIDELITY,SecurityExtract_ESS_2026May13.csv,HRL,STARMINE_COVERED,2,Immutable partition append from ESS normalization output; numeric provenance preserved.
RUN-REAL-ESS-20260513-002:2026-05-13:HHH:STARMINE_COVERED,2026-05-13,2026-05-13T15:28:42.825732+00:00,RUN-REAL-ESS-20260513-002,FIDELITY,SecurityExtract_ESS_2026May13.csv,HHH,STARMINE_COVERED,2,Immutable partition append from ESS normalization output; numeric provenance preserved.
RUN-REAL-ESS-20260513-002:2026-05-13:HDSN:STARMINE_COVERED,2026-05-13,2026-05-13T15:28:42.825732+00:00,RUN-REAL-ESS-20260513-002,FIDELITY,SecurityExtract_ESS_2026May13.csv,HDSN,STARMINE_COVERED,2,Immutable partition append from ESS normalization output; numeric provenance preserved.
RUN-REAL-ESS-20260513-002:2026-05-13:HBAN:STARMINE_COVERED,2026-05-13,2026-05-13T15:28:42.825732+00:00,RUN-REAL-ESS-20260513-002,FIDELITY,SecurityExtract_ESS_2026May13.csv,HBAN,STARMINE_COVERED,2,Immutable partition append from ESS normalization output; numeric provenance preserved.
RUN-REAL-ESS-20260513-002:2026-05-13:H:STARMINE_COVERED,2026-05-13,2026-05-13T15:28:42.825732+00:00,RUN-REAL-ESS-20260513-002,FIDELITY,SecurityExtract_ESS_2026May13.csv,H,STARMINE_COVERED,2,Immutable partition append from ESS normalization output; numeric provenance preserved.
RUN-REAL-ESS-20260513-002:2026-05-13:ICHR:STARMINE_COVERED,2026-05-13,2026-05-13T15:28:42.825732+00:00,RUN-REAL-ESS-20260513-002,FIDELITY,SecurityExtract_ESS_2026May13.csv,ICHR,STARMINE_COVERED,2,Immutable partition append from ESS normalization output; numeric provenance preserved.
RUN-REAL-ESS-20260513-002:2026-05-13:IDYA:STARMINE_COVERED,2026-05-13,2026-05-13T15:28:42.825732+00:00,RUN-REAL-ESS-20260513-002,FIDELITY,SecurityExtract_ESS_2026May13.csv,IDYA,STARMINE_COVERED,2,Immutable partition append from ESS normalization output; numeric provenance preserved.
RUN-REAL-ESS-20260513-002:2026-05-13:ITW:STARMINE_COVERED,2026-05-13,2026-05-13T15:28:42.825732+00:00,RUN-REAL-ESS-20260513-002,FIDELITY,SecurityExtract_ESS_2026May13.csv,ITW,STARMINE_COVERED,2,Immutable partition append from ESS normalization output; numeric provenance preserved.
RUN-REAL-ESS-20260513-002:2026-05-13:PI:STARMINE_COVERED,2026-05-13,2026-05-13T15:28:42.825732+00:00,RUN-REAL-ESS-20260513-002,FIDELITY,SecurityExtract_ESS_2026May13.csv,PI,STARMINE_COVERED,2,Immutable partition append from ESS normalization output; numeric provenance preserved.
RUN-REAL-ESS-20260513-002:2026-05-13:INOD:STARMINE_COVERED,2026-05-13,2026-05-13T15:28:42.825732+00:00,RUN-REAL-ESS-20260513-002,FIDELITY,SecurityExtract_ESS_2026May13.csv,INOD,STARMINE_COVERED,2,Immutable partition append from ESS normalization output; numeric provenance preserved.
RUN-REAL-ESS-20260513-002:2026-05-13:IIIN:STARMINE_COVERED,2026-05-13,2026-05-13T15:28:42.825732+00:00,RUN-REAL-ESS-20260513-002,FIDELITY,SecurityExtract_ESS_2026May13.csv,IIIN,STARMINE_COVERED,2,Immutable partition append from ESS normalization output; numeric provenance preserved.
RUN-REAL-ESS-20260513-002:2026-05-13:IDCC:STARMINE_COVERED,2026-05-13,2026-05-13T15:28:42.825732+00:00,RUN-REAL-ESS-20260513-002,FIDELITY,SecurityExtract_ESS_2026May13.csv,IDCC,STARMINE_COVERED,2,Immutable partition append from ESS normalization output; numeric provenance preserved.
RUN-REAL-ESS-20260513-002:2026-05-13:IBOC:STARMINE_COVERED,2026-05-13,2026-05-13T15:28:42.825732+00:00,RUN-REAL-ESS-20260513-002,FIDELITY,SecurityExtract_ESS_2026May13.csv,IBOC,STARMINE_COVERED,2,Immutable partition append from ESS normalization output; numeric provenance preserved.
RUN-REAL-ESS-20260513-002:2026-05-13:IBM:STARMINE_COVERED,2026-05-13,2026-05-13T15:28:42.825732+00:00,RUN-REAL-ESS-20260513-002,FIDELITY,SecurityExtract_ESS_2026May13.csv,IBM,STARMINE_COVERED,2,Immutable partition append from ESS normalization output; numeric provenance preserved.
RUN-REAL-ESS-20260513-002:2026-05-13:IMXI:STARMINE_COVERED,2026-05-13,2026-05-13T15:28:42.825732+00:00,RUN-REAL-ESS-20260513-002,FIDELITY,SecurityExtract_ESS_2026May13.csv,IMXI,STARMINE_COVERED,2,Immutable partition append from ESS normalization output; numeric provenance preserved.
RUN-REAL-ESS-20260513-002:2026-05-13:ITT:STARMINE_COVERED,2026-05-13,2026-05-13T15:28:42.825732+00:00,RUN-REAL-ESS-20260513-002,FIDELITY,SecurityExtract_ESS_2026May13.csv,ITT,STARMINE_COVERED,2,Immutable partition append from ESS normalization output; numeric provenance preserved.
RUN-REAL-ESS-20260513-002:2026-05-13:JJSF:STARMINE_COVERED,2026-05-13,2026-05-13T15:28:42.825732+00:00,RUN-REAL-ESS-20260513-002,FIDELITY,SecurityExtract_ESS_2026May13.csv,JJSF,STARMINE_COVERED,2,Immutable partition append from ESS normalization output; numeric provenance preserved.
RUN-REAL-ESS-20260513-002:2026-05-13:JACK:STARMINE_COVERED,2026-05-13,2026-05-13T15:28:42.825732+00:00,RUN-REAL-ESS-20260513-002,FIDELITY,SecurityExtract_ESS_2026May13.csv,JACK,STARMINE_COVERED,2,Immutable partition append from ESS normalization output; numeric provenance preserved.
RUN-REAL-ESS-20260513-002:2026-05-13:J:STARMINE_COVERED,2026-05-13,2026-05-13T15:28:42.825732+00:00,RUN-REAL-ESS-20260513-002,FIDELITY,SecurityExtract_ESS_2026May13.csv,J,STARMINE_COVERED,2,Immutable partition append from ESS normalization output; numeric provenance preserved.
RUN-REAL-ESS-20260513-002:2026-05-13:JRVR:STARMINE_COVERED,2026-05-13,2026-05-13T15:28:42.825732+00:00,RUN-REAL-ESS-20260513-002,FIDELITY,SecurityExtract_ESS_2026May13.csv,JRVR,STARMINE_COVERED,2,Immutable partition append from ESS normalization output; numeric provenance preserved.
RUN-REAL-ESS-20260513-002:2026-05-13:JBGS:STARMINE_COVERED,2026-05-13,2026-05-13T15:28:42.825732+00:00,RUN-REAL-ESS-20260513-002,FIDELITY,SecurityExtract_ESS_2026May13.csv,JBGS,STARMINE_COVERED,2,Immutable partition append from ESS normalization output; numeric provenance preserved.
RUN-REAL-ESS-20260513-002:2026-05-13:JKS:STARMINE_COVERED,2026-05-13,2026-05-13T15:28:42.825732+00:00,RUN-REAL-ESS-20260513-002,FIDELITY,SecurityExtract_ESS_2026May13.csv,JKS,STARMINE_COVERED,2,Immutable partition append from ESS normalization output; numeric provenance preserved.
RUN-REAL-ESS-20260513-002:2026-05-13:KAI:STARMINE_COVERED,2026-05-13,2026-05-13T15:28:42.825732+00:00,RUN-REAL-ESS-20260513-002,FIDELITY,SecurityExtract_ESS_2026May13.csv,KAI,STARMINE_COVERED,2,Immutable partition append from ESS normalization output; numeric provenance preserved.
RUN-REAL-ESS-20260513-002:2026-05-13:KPTI:STARMINE_COVERED,2026-05-13,2026-05-13T15:28:42.825732+00:00,RUN-REAL-ESS-20260513-002,FIDELITY,SecurityExtract_ESS_2026May13.csv,KPTI,STARMINE_COVERED,2,Immutable partition append from ESS normalization output; numeric provenance preserved.
RUN-REAL-ESS-20260513-002:2026-05-13:KB:STARMINE_COVERED,2026-05-13,2026-05-13T15:28:42.825732+00:00,RUN-REAL-ESS-20260513-002,FIDELITY,SecurityExtract_ESS_2026May13.csv,KB,STARMINE_COVERED,2,Immutable partition append from ESS normalization output; numeric provenance preserved.
RUN-REAL-ESS-20260513-002:2026-05-13:KBR:STARMINE_COVERED,2026-05-13,2026-05-13T15:28:42.825732+00:00,RUN-REAL-ESS-20260513-002,FIDELITY,SecurityExtract_ESS_2026May13.csv,KBR,STARMINE_COVERED,2,Immutable partition append from ESS normalization output; numeric provenance preserved.
RUN-REAL-ESS-20260513-002:2026-05-13:KRNY:STARMINE_COVERED,2026-05-13,2026-05-13T15:28:42.825732+00:00,RUN-REAL-ESS-20260513-002,FIDELITY,SecurityExtract_ESS_2026May13.csv,KRNY,STARMINE_COVERED,2,Immutable partition append from ESS normalization output; numeric provenance preserved.
RUN-REAL-ESS-20260513-002:2026-05-13:KEY:STARMINE_COVERED,2026-05-13,2026-05-13T15:28:42.825732+00:00,RUN-REAL-ESS-20260513-002,FIDELITY,SecurityExtract_ESS_2026May13.csv,KEY,STARMINE_COVERED,2,Immutable partition append from ESS normalization output; numeric provenance preserved.
RUN-REAL-ESS-20260513-002:2026-05-13:KE:STARMINE_COVERED,2026-05-13,2026-05-13T15:28:42.825732+00:00,RUN-REAL-ESS-20260513-002,FIDELITY,SecurityExtract_ESS_2026May13.csv,KE,STARMINE_COVERED,2,Immutable partition append from ESS normalization output; numeric provenance preserved.
RUN-REAL-ESS-20260513-002:2026-05-13:KMB:STARMINE_COVERED,2026-05-13,2026-05-13T15:28:42.825732+00:00,RUN-REAL-ESS-20260513-002,FIDELITY,SecurityExtract_ESS_2026May13.csv,KMB,STARMINE_COVERED,2,Immutable partition append from ESS normalization output; numeric provenance preserved.
RUN-REAL-ESS-20260513-002:2026-05-13:KINS:STARMINE_COVERED,2026-05-13,2026-05-13T15:28:42.825732+00:00,RUN-REAL-ESS-20260513-002,FIDELITY,SecurityExtract_ESS_2026May13.csv,KINS,STARMINE_COVERED,2,Immutable partition append from ESS normalization output; numeric provenance preserved.
RUN-REAL-ESS-20260513-002:2026-05-13:KRG:STARMINE_COVERED,2026-05-13,2026-05-13T15:28:42.825732+00:00,RUN-REAL-ESS-20260513-002,FIDELITY,SecurityExtract_ESS_2026May13.csv,KRG,STARMINE_COVERED,2,Immutable partition append from ESS normalization output; numeric provenance preserved.
RUN-REAL-ESS-20260513-002:2026-05-13:KKR:STARMINE_COVERED,2026-05-13,2026-05-13T15:28:42.825732+00:00,RUN-REAL-ESS-20260513-002,FIDELITY,SecurityExtract_ESS_2026May13.csv,KKR,STARMINE_COVERED,2,Immutable partition append from ESS normalization output; numeric provenance preserved.
RUN-REAL-ESS-20260513-002:2026-05-13:KN:STARMINE_COVERED,2026-05-13,2026-05-13T15:28:42.825732+00:00,RUN-REAL-ESS-20260513-002,FIDELITY,SecurityExtract_ESS_2026May13.csv,KN,STARMINE_COVERED,2,Immutable partition append from ESS normalization output; numeric provenance preserved.
RUN-REAL-ESS-20260513-002:2026-05-13:PHG:STARMINE_COVERED,2026-05-13,2026-05-13T15:28:42.825732+00:00,RUN-REAL-ESS-20260513-002,FIDELITY,SecurityExtract_ESS_2026May13.csv,PHG,STARMINE_COVERED,2,Immutable partition append from ESS normalization output; numeric provenance preserved.
RUN-REAL-ESS-20260513-002:2026-05-13:KTB:STARMINE_COVERED,2026-05-13,2026-05-13T15:28:42.825732+00:00,RUN-REAL-ESS-20260513-002,FIDELITY,SecurityExtract_ESS_2026May13.csv,KTB,STARMINE_COVERED,2,Immutable partition append from ESS normalization output; numeric provenance preserved.
RUN-REAL-ESS-20260513-002:2026-05-13:KOS:STARMINE_COVERED,2026-05-13,2026-05-13T15:28:42.825732+00:00,RUN-REAL-ESS-20260513-002,FIDELITY,SecurityExtract_ESS_2026May13.csv,KOS,STARMINE_COVERED,2,Immutable partition append from ESS normalization output; numeric provenance preserved.
RUN-REAL-ESS-20260513-002:2026-05-13:LHX:STARMINE_COVERED,2026-05-13,2026-05-13T15:28:42.825732+00:00,RUN-REAL-ESS-20260513-002,FIDELITY,SecurityExtract_ESS_2026May13.csv,LHX,STARMINE_COVERED,2,Immutable partition append from ESS normalization output; numeric provenance preserved.
RUN-REAL-ESS-20260513-002:2026-05-13:LH:STARMINE_COVERED,2026-05-13,2026-05-13T15:28:42.825732+00:00,RUN-REAL-ESS-20260513-002,FIDELITY,SecurityExtract_ESS_2026May13.csv,LH,STARMINE_COVERED,2,Immutable partition append from ESS normalization output; numeric provenance preserved.
RUN-REAL-ESS-20260513-002:2026-05-13:LADR:STARMINE_COVERED,2026-05-13,2026-05-13T15:28:42.825732+00:00,RUN-REAL-ESS-20260513-002,FIDELITY,SecurityExtract_ESS_2026May13.csv,LADR,STARMINE_COVERED,2,Immutable partition append from ESS normalization output; numeric provenance preserved.
RUN-REAL-ESS-20260513-002:2026-05-13:LAKE:STARMINE_COVERED,2026-05-13,2026-05-13T15:28:42.825732+00:00,RUN-REAL-ESS-20260513-002,FIDELITY,SecurityExtract_ESS_2026May13.csv,LAKE,STARMINE_COVERED,2,Immutable partition append from ESS normalization output; numeric provenance preserved.
RUN-REAL-ESS-20260513-002:2026-05-13:LW:STARMINE_COVERED,2026-05-13,2026-05-13T15:28:42.825732+00:00,RUN-REAL-ESS-20260513-002,FIDELITY,SecurityExtract_ESS_2026May13.csv,LW,STARMINE_COVERED,2,Immutable partition append from ESS normalization output; numeric provenance preserved.
RUN-REAL-ESS-20260513-002:2026-05-13:LVS:STARMINE_COVERED,2026-05-13,2026-05-13T15:28:42.825732+00:00,RUN-REAL-ESS-20260513-002,FIDELITY,SecurityExtract_ESS_2026May13.csv,LVS,STARMINE_COVERED,2,Immutable partition append from ESS normalization output; numeric provenance preserved.
RUN-REAL-ESS-20260513-002:2026-05-13:LEGN:STARMINE_COVERED,2026-05-13,2026-05-13T15:28:42.825732+00:00,RUN-REAL-ESS-20260513-002,FIDELITY,SecurityExtract_ESS_2026May13.csv,LEGN,STARMINE_COVERED,2,Immutable partition append from ESS normalization output; numeric provenance preserved.
RUN-REAL-ESS-20260513-002:2026-05-13:LDOS:STARMINE_COVERED,2026-05-13,2026-05-13T15:28:42.825732+00:00,RUN-REAL-ESS-20260513-002,FIDELITY,SecurityExtract_ESS_2026May13.csv,LDOS,STARMINE_COVERED,2,Immutable partition append from ESS normalization output; numeric provenance preserved.
RUN-REAL-ESS-20260513-002:2026-05-13:LBRT:STARMINE_COVERED,2026-05-13,2026-05-13T15:28:42.825732+00:00,RUN-REAL-ESS-20260513-002,FIDELITY,SecurityExtract_ESS_2026May13.csv,LBRT,STARMINE_COVERED,2,Immutable partition append from ESS normalization output; numeric provenance preserved.
RUN-REAL-ESS-20260513-002:2026-05-13:LIF:STARMINE_COVERED,2026-05-13,2026-05-13T15:28:42.825732+00:00,RUN-REAL-ESS-20260513-002,FIDELITY,SecurityExtract_ESS_2026May13.csv,LIF,STARMINE_COVERED,2,Immutable partition append from ESS normalization output; numeric provenance preserved.
RUN-REAL-ESS-20260513-002:2026-05-13:LMB:STARMINE_COVERED,2026-05-13,2026-05-13T15:28:42.825732+00:00,RUN-REAL-ESS-20260513-002,FIDELITY,SecurityExtract_ESS_2026May13.csv,LMB,STARMINE_COVERED,2,Immutable partition append from ESS normalization output; numeric provenance preserved.
RUN-REAL-ESS-20260513-002:2026-05-13:LINC:STARMINE_COVERED,2026-05-13,2026-05-13T15:28:42.825732+00:00,RUN-REAL-ESS-20260513-002,FIDELITY,SecurityExtract_ESS_2026May13.csv,LINC,STARMINE_COVERED,2,Immutable partition append from ESS normalization output; numeric provenance preserved.
RUN-REAL-ESS-20260513-002:2026-05-13:LNN:STARMINE_COVERED,2026-05-13,2026-05-13T15:28:42.825732+00:00,RUN-REAL-ESS-20260513-002,FIDELITY,SecurityExtract_ESS_2026May13.csv,LNN,STARMINE_COVERED,2,Immutable partition append from ESS normalization output; numeric provenance preserved.
RUN-REAL-ESS-20260513-002:2026-05-13:LYG:STARMINE_COVERED,2026-05-13,2026-05-13T15:28:42.825732+00:00,RUN-REAL-ESS-20260513-002,FIDELITY,SecurityExtract_ESS_2026May13.csv,LYG,STARMINE_COVERED,2,Immutable partition append from ESS normalization output; numeric provenance preserved.
RUN-REAL-ESS-20260513-002:2026-05-13:LMT:STARMINE_COVERED,2026-05-13,2026-05-13T15:28:42.825732+00:00,RUN-REAL-ESS-20260513-002,FIDELITY,SecurityExtract_ESS_2026May13.csv,LMT,STARMINE_COVERED,2,Immutable partition append from ESS normalization output; numeric provenance preserved.
RUN-REAL-ESS-20260513-002:2026-05-13:L:STARMINE_COVERED,2026-05-13,2026-05-13T15:28:42.825732+00:00,RUN-REAL-ESS-20260513-002,FIDELITY,SecurityExtract_ESS_2026May13.csv,L,STARMINE_COVERED,2,Immutable partition append from ESS normalization output; numeric provenance preserved.
RUN-REAL-ESS-20260513-002:2026-05-13:LOW:STARMINE_COVERED,2026-05-13,2026-05-13T15:28:42.825732+00:00,RUN-REAL-ESS-20260513-002,FIDELITY,SecurityExtract_ESS_2026May13.csv,LOW,STARMINE_COVERED,2,Immutable partition append from ESS normalization output; numeric provenance preserved.
RUN-REAL-ESS-20260513-002:2026-05-13:LPLA:STARMINE_COVERED,2026-05-13,2026-05-13T15:28:42.825732+00:00,RUN-REAL-ESS-20260513-002,FIDELITY,SecurityExtract_ESS_2026May13.csv,LPLA,STARMINE_COVERED,2,Immutable partition append from ESS normalization output; numeric provenance preserved.
RUN-REAL-ESS-20260513-002:2026-05-13:LTC:STARMINE_COVERED,2026-05-13,2026-05-13T15:28:42.825732+00:00,RUN-REAL-ESS-20260513-002,FIDELITY,SecurityExtract_ESS_2026May13.csv,LTC,STARMINE_COVERED,2,Immutable partition append from ESS normalization output; numeric provenance preserved.
RUN-REAL-ESS-20260513-002:2026-05-13:LULU:STARMINE_COVERED,2026-05-13,2026-05-13T15:28:42.825732+00:00,RUN-REAL-ESS-20260513-002,FIDELITY,SecurityExtract_ESS_2026May13.csv,LULU,STARMINE_COVERED,2,Immutable partition append from ESS normalization output; numeric provenance preserved.
RUN-REAL-ESS-20260513-002:2026-05-13:LYFT:STARMINE_COVERED,2026-05-13,2026-05-13T15:28:42.825732+00:00,RUN-REAL-ESS-20260513-002,FIDELITY,SecurityExtract_ESS_2026May13.csv,LYFT,STARMINE_COVERED,2,Immutable partition append from ESS normalization output; numeric provenance preserved.
RUN-REAL-ESS-20260513-002:2026-05-13:MGNX:STARMINE_COVERED,2026-05-13,2026-05-13T15:28:42.825732+00:00,RUN-REAL-ESS-20260513-002,FIDELITY,SecurityExtract_ESS_2026May13.csv,MGNX,STARMINE_COVERED,2,Immutable partition append from ESS normalization output; numeric provenance preserved.
RUN-REAL-ESS-20260513-002:2026-05-13:M:STARMINE_COVERED,2026-05-13,2026-05-13T15:28:42.825732+00:00,RUN-REAL-ESS-20260513-002,FIDELITY,SecurityExtract_ESS_2026May13.csv,M,STARMINE_COVERED,2,Immutable partition append from ESS normalization output; numeric provenance preserved.
RUN-REAL-ESS-20260513-002:2026-05-13:MGA:STARMINE_COVERED,2026-05-13,2026-05-13T15:28:42.825732+00:00,RUN-REAL-ESS-20260513-002,FIDELITY,SecurityExtract_ESS_2026May13.csv,MGA,STARMINE_COVERED,2,Immutable partition append from ESS normalization output; numeric provenance preserved.
RUN-REAL-ESS-20260513-002:2026-05-13:MARA:STARMINE_COVERED,2026-05-13,2026-05-13T15:28:42.825732+00:00,RUN-REAL-ESS-20260513-002,FIDELITY,SecurityExtract_ESS_2026May13.csv,MARA,STARMINE_COVERED,2,Immutable partition append from ESS normalization output; numeric provenance preserved.
RUN-REAL-ESS-20260513-002:2026-05-13:MRVI:STARMINE_COVERED,2026-05-13,2026-05-13T15:28:42.825732+00:00,RUN-REAL-ESS-20260513-002,FIDELITY,SecurityExtract_ESS_2026May13.csv,MRVI,STARMINE_COVERED,2,Immutable partition append from ESS normalization output; numeric provenance preserved.
RUN-REAL-ESS-20260513-002:2026-05-13:MZTI:STARMINE_COVERED,2026-05-13,2026-05-13T15:28:42.825732+00:00,RUN-REAL-ESS-20260513-002,FIDELITY,SecurityExtract_ESS_2026May13.csv,MZTI,STARMINE_COVERED,2,Immutable partition append from ESS normalization output; numeric provenance preserved.
RUN-REAL-ESS-20260513-002:2026-05-13:MASI:STARMINE_COVERED,2026-05-13,2026-05-13T15:28:42.825732+00:00,RUN-REAL-ESS-20260513-002,FIDELITY,SecurityExtract_ESS_2026May13.csv,MASI,STARMINE_COVERED,2,Immutable partition append from ESS normalization output; numeric provenance preserved.
RUN-REAL-ESS-20260513-002:2026-05-13:MTRN:STARMINE_COVERED,2026-05-13,2026-05-13T15:28:42.825732+00:00,RUN-REAL-ESS-20260513-002,FIDELITY,SecurityExtract_ESS_2026May13.csv,MTRN,STARMINE_COVERED,2,Immutable partition append from ESS normalization output; numeric provenance preserved.
RUN-REAL-ESS-20260513-002:2026-05-13:MAT:STARMINE_COVERED,2026-05-13,2026-05-13T15:28:42.825732+00:00,RUN-REAL-ESS-20260513-002,FIDELITY,SecurityExtract_ESS_2026May13.csv,MAT,STARMINE_COVERED,2,Immutable partition append from ESS normalization output; numeric provenance preserved.
RUN-REAL-ESS-20260513-002:2026-05-13:MMS:STARMINE_COVERED,2026-05-13,2026-05-13T15:28:42.825732+00:00,RUN-REAL-ESS-20260513-002,FIDELITY,SecurityExtract_ESS_2026May13.csv,MMS,STARMINE_COVERED,2,Immutable partition append from ESS normalization output; numeric provenance preserved.
RUN-REAL-ESS-20260513-002:2026-05-13:MEC:STARMINE_COVERED,2026-05-13,2026-05-13T15:28:42.825732+00:00,RUN-REAL-ESS-20260513-002,FIDELITY,SecurityExtract_ESS_2026May13.csv,MEC,STARMINE_COVERED,2,Immutable partition append from ESS normalization output; numeric provenance preserved.
RUN-REAL-ESS-20260513-002:2026-05-13:MCD:STARMINE_COVERED,2026-05-13,2026-05-13T15:28:42.825732+00:00,RUN-REAL-ESS-20260513-002,FIDELITY,SecurityExtract_ESS_2026May13.csv,MCD,STARMINE_COVERED,2,Immutable partition append from ESS normalization output; numeric provenance preserved.
RUN-REAL-ESS-20260513-002:2026-05-13:MED:STARMINE_COVERED,2026-05-13,2026-05-13T15:28:42.825732+00:00,RUN-REAL-ESS-20260513-002,FIDELITY,SecurityExtract_ESS_2026May13.csv,MED,STARMINE_COVERED,2,Immutable partition append from ESS normalization output; numeric provenance preserved.
RUN-REAL-ESS-20260513-002:2026-05-13:MDT:STARMINE_COVERED,2026-05-13,2026-05-13T15:28:42.825732+00:00,RUN-REAL-ESS-20260513-002,FIDELITY,SecurityExtract_ESS_2026May13.csv,MDT,STARMINE_COVERED,2,Immutable partition append from ESS normalization output; numeric provenance preserved.
RUN-REAL-ESS-20260513-002:2026-05-13:MGTX:STARMINE_COVERED,2026-05-13,2026-05-13T15:28:42.825732+00:00,RUN-REAL-ESS-20260513-002,FIDELITY,SecurityExtract_ESS_2026May13.csv,MGTX,STARMINE_COVERED,2,Immutable partition append from ESS normalization output; numeric provenance preserved.
RUN-REAL-ESS-20260513-002:2026-05-13:MRCY:STARMINE_COVERED,2026-05-13,2026-05-13T15:28:42.825732+00:00,RUN-REAL-ESS-20260513-002,FIDELITY,SecurityExtract_ESS_2026May13.csv,MRCY,STARMINE_COVERED,2,Immutable partition append from ESS normalization output; numeric provenance preserved.
RUN-REAL-ESS-20260513-002:2026-05-13:MTH:STARMINE_COVERED,2026-05-13,2026-05-13T15:28:42.825732+00:00,RUN-REAL-ESS-20260513-002,FIDELITY,SecurityExtract_ESS_2026May13.csv,MTH,STARMINE_COVERED,2,Immutable partition append from ESS normalization output; numeric provenance preserved.
RUN-REAL-ESS-20260513-002:2026-05-13:MET:STARMINE_COVERED,2026-05-13,2026-05-13T15:28:42.825732+00:00,RUN-REAL-ESS-20260513-002,FIDELITY,SecurityExtract_ESS_2026May13.csv,MET,STARMINE_COVERED,2,Immutable partition append from ESS normalization output; numeric provenance preserved.
RUN-REAL-ESS-20260513-002:2026-05-13:MBOT:STARMINE_COVERED,2026-05-13,2026-05-13T15:28:42.825732+00:00,RUN-REAL-ESS-20260513-002,FIDELITY,SecurityExtract_ESS_2026May13.csv,MBOT,STARMINE_COVERED,2,Immutable partition append from ESS normalization output; numeric provenance preserved.
RUN-REAL-ESS-20260513-002:2026-05-13:MAA:STARMINE_COVERED,2026-05-13,2026-05-13T15:28:42.825732+00:00,RUN-REAL-ESS-20260513-002,FIDELITY,SecurityExtract_ESS_2026May13.csv,MAA,STARMINE_COVERED,2,Immutable partition append from ESS normalization output; numeric provenance preserved.
RUN-REAL-ESS-20260513-002:2026-05-13:MIRM:STARMINE_COVERED,2026-05-13,2026-05-13T15:28:42.825732+00:00,RUN-REAL-ESS-20260513-002,FIDELITY,SecurityExtract_ESS_2026May13.csv,MIRM,STARMINE_COVERED,2,Immutable partition append from ESS normalization output; numeric provenance preserved.
RUN-REAL-ESS-20260513-002:2026-05-13:MCW:STARMINE_COVERED,2026-05-13,2026-05-13T15:28:42.825732+00:00,RUN-REAL-ESS-20260513-002,FIDELITY,SecurityExtract_ESS_2026May13.csv,MCW,STARMINE_COVERED,2,Immutable partition append from ESS normalization output; numeric provenance preserved.
RUN-REAL-ESS-20260513-002:2026-05-13:MFG:STARMINE_COVERED,2026-05-13,2026-05-13T15:28:42.825732+00:00,RUN-REAL-ESS-20260513-002,FIDELITY,SecurityExtract_ESS_2026May13.csv,MFG,STARMINE_COVERED,2,Immutable partition append from ESS normalization output; numeric provenance preserved.
RUN-REAL-ESS-20260513-002:2026-05-13:MRNA:STARMINE_COVERED,2026-05-13,2026-05-13T15:28:42.825732+00:00,RUN-REAL-ESS-20260513-002,FIDELITY,SecurityExtract_ESS_2026May13.csv,MRNA,STARMINE_COVERED,2,Immutable partition append from ESS normalization output; numeric provenance preserved.
RUN-REAL-ESS-20260513-002:2026-05-13:TAP:STARMINE_COVERED,2026-05-13,2026-05-13T15:28:42.825732+00:00,RUN-REAL-ESS-20260513-002,FIDELITY,SecurityExtract_ESS_2026May13.csv,TAP,STARMINE_COVERED,2,Immutable partition append from ESS normalization output; numeric provenance preserved.
RUN-REAL-ESS-20260513-002:2026-05-13:MDLZ:STARMINE_COVERED,2026-05-13,2026-05-13T15:28:42.825732+00:00,RUN-REAL-ESS-20260513-002,FIDELITY,SecurityExtract_ESS_2026May13.csv,MDLZ,STARMINE_COVERED,2,Immutable partition append from ESS normalization output; numeric provenance preserved.
RUN-REAL-ESS-20260513-002:2026-05-13:MNRO:STARMINE_COVERED,2026-05-13,2026-05-13T15:28:42.825732+00:00,RUN-REAL-ESS-20260513-002,FIDELITY,SecurityExtract_ESS_2026May13.csv,MNRO,STARMINE_COVERED,2,Immutable partition append from ESS normalization output; numeric provenance preserved.
RUN-REAL-ESS-20260513-002:2026-05-13:MSI:STARMINE_COVERED,2026-05-13,2026-05-13T15:28:42.825732+00:00,RUN-REAL-ESS-20260513-002,FIDELITY,SecurityExtract_ESS_2026May13.csv,MSI,STARMINE_COVERED,2,Immutable partition append from ESS normalization output; numeric provenance preserved.
RUN-REAL-ESS-20260513-002:2026-05-13:MP:STARMINE_COVERED,2026-05-13,2026-05-13T15:28:42.825732+00:00,RUN-REAL-ESS-20260513-002,FIDELITY,SecurityExtract_ESS_2026May13.csv,MP,STARMINE_COVERED,2,Immutable partition append from ESS normalization output; numeric provenance preserved.
RUN-REAL-ESS-20260513-002:2026-05-13:MYO:STARMINE_COVERED,2026-05-13,2026-05-13T15:28:42.825732+00:00,RUN-REAL-ESS-20260513-002,FIDELITY,SecurityExtract_ESS_2026May13.csv,MYO,STARMINE_COVERED,2,Immutable partition append from ESS normalization output; numeric provenance preserved.
RUN-REAL-ESS-20260513-002:2026-05-13:NDAQ:STARMINE_COVERED,2026-05-13,2026-05-13T15:28:42.825732+00:00,RUN-REAL-ESS-20260513-002,FIDELITY,SecurityExtract_ESS_2026May13.csv,NDAQ,STARMINE_COVERED,2,Immutable partition append from ESS normalization output; numeric provenance preserved.
RUN-REAL-ESS-20260513-002:2026-05-13:NTRA:STARMINE_COVERED,2026-05-13,2026-05-13T15:28:42.825732+00:00,RUN-REAL-ESS-20260513-002,FIDELITY,SecurityExtract_ESS_2026May13.csv,NTRA,STARMINE_COVERED,2,Immutable partition append from ESS normalization output; numeric provenance preserved.
RUN-REAL-ESS-20260513-002:2026-05-13:NCMI:STARMINE_COVERED,2026-05-13,2026-05-13T15:28:42.825732+00:00,RUN-REAL-ESS-20260513-002,FIDELITY,SecurityExtract_ESS_2026May13.csv,NCMI,STARMINE_COVERED,2,Immutable partition append from ESS normalization output; numeric provenance preserved.
RUN-REAL-ESS-20260513-002:2026-05-13:NESR:STARMINE_COVERED,2026-05-13,2026-05-13T15:28:42.825732+00:00,RUN-REAL-ESS-20260513-002,FIDELITY,SecurityExtract_ESS_2026May13.csv,NESR,STARMINE_COVERED,2,Immutable partition append from ESS normalization output; numeric provenance preserved.
RUN-REAL-ESS-20260513-002:2026-05-13:NCNO:STARMINE_COVERED,2026-05-13,2026-05-13T15:28:42.825732+00:00,RUN-REAL-ESS-20260513-002,FIDELITY,SecurityExtract_ESS_2026May13.csv,NCNO,STARMINE_COVERED,2,Immutable partition append from ESS normalization output; numeric provenance preserved.
RUN-REAL-ESS-20260513-002:2026-05-13:NEOG:STARMINE_COVERED,2026-05-13,2026-05-13T15:28:42.825732+00:00,RUN-REAL-ESS-20260513-002,FIDELITY,SecurityExtract_ESS_2026May13.csv,NEOG,STARMINE_COVERED,2,Immutable partition append from ESS normalization output; numeric provenance preserved.
RUN-REAL-ESS-20260513-002:2026-05-13:NMRK:STARMINE_COVERED,2026-05-13,2026-05-13T15:28:42.825732+00:00,RUN-REAL-ESS-20260513-002,FIDELITY,SecurityExtract_ESS_2026May13.csv,NMRK,STARMINE_COVERED,2,Immutable partition append from ESS normalization output; numeric provenance preserved.
RUN-REAL-ESS-20260513-002:2026-05-13:NREF:STARMINE_COVERED,2026-05-13,2026-05-13T15:28:42.825732+00:00,RUN-REAL-ESS-20260513-002,FIDELITY,SecurityExtract_ESS_2026May13.csv,NREF,STARMINE_COVERED,2,Immutable partition append from ESS normalization output; numeric provenance preserved.
RUN-REAL-ESS-20260513-002:2026-05-13:NEE:STARMINE_COVERED,2026-05-13,2026-05-13T15:28:42.825732+00:00,RUN-REAL-ESS-20260513-002,FIDELITY,SecurityExtract_ESS_2026May13.csv,NEE,STARMINE_COVERED,2,Immutable partition append from ESS normalization output; numeric provenance preserved.
RUN-REAL-ESS-20260513-002:2026-05-13:NAGE:STARMINE_COVERED,2026-05-13,2026-05-13T15:28:42.825732+00:00,RUN-REAL-ESS-20260513-002,FIDELITY,SecurityExtract_ESS_2026May13.csv,NAGE,STARMINE_COVERED,2,Immutable partition append from ESS normalization output; numeric provenance preserved.
RUN-REAL-ESS-20260513-002:2026-05-13:NKE:STARMINE_COVERED,2026-05-13,2026-05-13T15:28:42.825732+00:00,RUN-REAL-ESS-20260513-002,FIDELITY,SecurityExtract_ESS_2026May13.csv,NKE,STARMINE_COVERED,2,Immutable partition append from ESS normalization output; numeric provenance preserved.
RUN-REAL-ESS-20260513-002:2026-05-13:NAT:STARMINE_COVERED,2026-05-13,2026-05-13T15:28:42.825732+00:00,RUN-REAL-ESS-20260513-002,FIDELITY,SecurityExtract_ESS_2026May13.csv,NAT,STARMINE_COVERED,2,Immutable partition append from ESS normalization output; numeric provenance preserved.
RUN-REAL-ESS-20260513-002:2026-05-13:NOG:STARMINE_COVERED,2026-05-13,2026-05-13T15:28:42.825732+00:00,RUN-REAL-ESS-20260513-002,FIDELITY,SecurityExtract_ESS_2026May13.csv,NOG,STARMINE_COVERED,2,Immutable partition append from ESS normalization output; numeric provenance preserved.
RUN-REAL-ESS-20260513-002:2026-05-13:NWE:STARMINE_COVERED,2026-05-13,2026-05-13T15:28:42.825732+00:00,RUN-REAL-ESS-20260513-002,FIDELITY,SecurityExtract_ESS_2026May13.csv,NWE,STARMINE_COVERED,2,Immutable partition append from ESS normalization output; numeric provenance preserved.
RUN-REAL-ESS-20260513-002:2026-05-13:NOV:STARMINE_COVERED,2026-05-13,2026-05-13T15:28:42.825732+00:00,RUN-REAL-ESS-20260513-002,FIDELITY,SecurityExtract_ESS_2026May13.csv,NOV,STARMINE_COVERED,2,Immutable partition append from ESS normalization output; numeric provenance preserved.
RUN-REAL-ESS-20260513-002:2026-05-13:NRG:STARMINE_COVERED,2026-05-13,2026-05-13T15:28:42.825732+00:00,RUN-REAL-ESS-20260513-002,FIDELITY,SecurityExtract_ESS_2026May13.csv,NRG,STARMINE_COVERED,2,Immutable partition append from ESS normalization output; numeric provenance preserved.
RUN-REAL-ESS-20260513-002:2026-05-13:NU:STARMINE_COVERED,2026-05-13,2026-05-13T15:28:42.825732+00:00,RUN-REAL-ESS-20260513-002,FIDELITY,SecurityExtract_ESS_2026May13.csv,NU,STARMINE_COVERED,2,Immutable partition append from ESS normalization output; numeric provenance preserved.
RUN-REAL-ESS-20260513-002:2026-05-13:NTR:STARMINE_COVERED,2026-05-13,2026-05-13T15:28:42.825732+00:00,RUN-REAL-ESS-20260513-002,FIDELITY,SecurityExtract_ESS_2026May13.csv,NTR,STARMINE_COVERED,2,Immutable partition append from ESS normalization output; numeric provenance preserved.
RUN-REAL-ESS-20260513-002:2026-05-13:NVR:STARMINE_COVERED,2026-05-13,2026-05-13T15:28:42.825732+00:00,RUN-REAL-ESS-20260513-002,FIDELITY,SecurityExtract_ESS_2026May13.csv,NVR,STARMINE_COVERED,2,Immutable partition append from ESS normalization output; numeric provenance preserved.
RUN-REAL-ESS-20260513-002:2026-05-13:OGE:STARMINE_COVERED,2026-05-13,2026-05-13T15:28:42.825732+00:00,RUN-REAL-ESS-20260513-002,FIDELITY,SecurityExtract_ESS_2026May13.csv,OGE,STARMINE_COVERED,2,Immutable partition append from ESS normalization output; numeric provenance preserved.
RUN-REAL-ESS-20260513-002:2026-05-13:OLLI:STARMINE_COVERED,2026-05-13,2026-05-13T15:28:42.825732+00:00,RUN-REAL-ESS-20260513-002,FIDELITY,SecurityExtract_ESS_2026May13.csv,OLLI,STARMINE_COVERED,2,Immutable partition append from ESS normalization output; numeric provenance preserved.
RUN-REAL-ESS-20260513-002:2026-05-13:OSUR:STARMINE_COVERED,2026-05-13,2026-05-13T15:28:42.825732+00:00,RUN-REAL-ESS-20260513-002,FIDELITY,SecurityExtract_ESS_2026May13.csv,OSUR,STARMINE_COVERED,2,Immutable partition append from ESS normalization output; numeric provenance preserved.
RUN-REAL-ESS-20260513-002:2026-05-13:KIDS:STARMINE_COVERED,2026-05-13,2026-05-13T15:28:42.825732+00:00,RUN-REAL-ESS-20260513-002,FIDELITY,SecurityExtract_ESS_2026May13.csv,KIDS,STARMINE_COVERED,2,Immutable partition append from ESS normalization output; numeric provenance preserved.
RUN-REAL-ESS-20260513-002:2026-05-13:OSK:STARMINE_COVERED,2026-05-13,2026-05-13T15:28:42.825732+00:00,RUN-REAL-ESS-20260513-002,FIDELITY,SecurityExtract_ESS_2026May13.csv,OSK,STARMINE_COVERED,2,Immutable partition append from ESS normalization output; numeric provenance preserved.
RUN-REAL-ESS-20260513-002:2026-05-13:PKG:STARMINE_COVERED,2026-05-13,2026-05-13T15:28:42.825732+00:00,RUN-REAL-ESS-20260513-002,FIDELITY,SecurityExtract_ESS_2026May13.csv,PKG,STARMINE_COVERED,2,Immutable partition append from ESS normalization output; numeric provenance preserved.
RUN-REAL-ESS-20260513-002:2026-05-13:PLTR:STARMINE_COVERED,2026-05-13,2026-05-13T15:28:42.825732+00:00,RUN-REAL-ESS-20260513-002,FIDELITY,SecurityExtract_ESS_2026May13.csv,PLTR,STARMINE_COVERED,2,Immutable partition append from ESS normalization output; numeric provenance preserved.
RUN-REAL-ESS-20260513-002:2026-05-13:PSN:STARMINE_COVERED,2026-05-13,2026-05-13T15:28:42.825732+00:00,RUN-REAL-ESS-20260513-002,FIDELITY,SecurityExtract_ESS_2026May13.csv,PSN,STARMINE_COVERED,2,Immutable partition append from ESS normalization output; numeric provenance preserved.
RUN-REAL-ESS-20260513-002:2026-05-13:PCTY:STARMINE_COVERED,2026-05-13,2026-05-13T15:28:42.825732+00:00,RUN-REAL-ESS-20260513-002,FIDELITY,SecurityExtract_ESS_2026May13.csv,PCTY,STARMINE_COVERED,2,Immutable partition append from ESS normalization output; numeric provenance preserved.
RUN-REAL-ESS-20260513-002:2026-05-13:PSFE:STARMINE_COVERED,2026-05-13,2026-05-13T15:28:42.825732+00:00,RUN-REAL-ESS-20260513-002,FIDELITY,SecurityExtract_ESS_2026May13.csv,PSFE,STARMINE_COVERED,2,Immutable partition append from ESS normalization output; numeric provenance preserved.
RUN-REAL-ESS-20260513-002:2026-05-13:PDFS:STARMINE_COVERED,2026-05-13,2026-05-13T15:28:42.825732+00:00,RUN-REAL-ESS-20260513-002,FIDELITY,SecurityExtract_ESS_2026May13.csv,PDFS,STARMINE_COVERED,2,Immutable partition append from ESS normalization output; numeric provenance preserved.
RUN-REAL-ESS-20260513-002:2026-05-13:PTON:STARMINE_COVERED,2026-05-13,2026-05-13T15:28:42.825732+00:00,RUN-REAL-ESS-20260513-002,FIDELITY,SecurityExtract_ESS_2026May13.csv,PTON,STARMINE_COVERED,2,Immutable partition append from ESS normalization output; numeric provenance preserved.
RUN-REAL-ESS-20260513-002:2026-05-13:PENG:STARMINE_COVERED,2026-05-13,2026-05-13T15:28:42.825732+00:00,RUN-REAL-ESS-20260513-002,FIDELITY,SecurityExtract_ESS_2026May13.csv,PENG,STARMINE_COVERED,2,Immutable partition append from ESS normalization output; numeric provenance preserved.
RUN-REAL-ESS-20260513-002:2026-05-13:PNR:STARMINE_COVERED,2026-05-13,2026-05-13T15:28:42.825732+00:00,RUN-REAL-ESS-20260513-002,FIDELITY,SecurityExtract_ESS_2026May13.csv,PNR,STARMINE_COVERED,2,Immutable partition append from ESS normalization output; numeric provenance preserved.
RUN-REAL-ESS-20260513-002:2026-05-13:PRGO:STARMINE_COVERED,2026-05-13,2026-05-13T15:28:42.825732+00:00,RUN-REAL-ESS-20260513-002,FIDELITY,SecurityExtract_ESS_2026May13.csv,PRGO,STARMINE_COVERED,2,Immutable partition append from ESS normalization output; numeric provenance preserved.
RUN-REAL-ESS-20260513-002:2026-05-13:PM:STARMINE_COVERED,2026-05-13,2026-05-13T15:28:42.825732+00:00,RUN-REAL-ESS-20260513-002,FIDELITY,SecurityExtract_ESS_2026May13.csv,PM,STARMINE_COVERED,2,Immutable partition append from ESS normalization output; numeric provenance preserved.
RUN-REAL-ESS-20260513-002:2026-05-13:PECO:STARMINE_COVERED,2026-05-13,2026-05-13T15:28:42.825732+00:00,RUN-REAL-ESS-20260513-002,FIDELITY,SecurityExtract_ESS_2026May13.csv,PECO,STARMINE_COVERED,2,Immutable partition append from ESS normalization output; numeric provenance preserved.
RUN-REAL-ESS-20260513-002:2026-05-13:PJT:STARMINE_COVERED,2026-05-13,2026-05-13T15:28:42.825732+00:00,RUN-REAL-ESS-20260513-002,FIDELITY,SecurityExtract_ESS_2026May13.csv,PJT,STARMINE_COVERED,2,Immutable partition append from ESS normalization output; numeric provenance preserved.
RUN-REAL-ESS-20260513-002:2026-05-13:PLBC:STARMINE_COVERED,2026-05-13,2026-05-13T15:28:42.825732+00:00,RUN-REAL-ESS-20260513-002,FIDELITY,SecurityExtract_ESS_2026May13.csv,PLBC,STARMINE_COVERED,2,Immutable partition append from ESS normalization output; numeric provenance preserved.
RUN-REAL-ESS-20260513-002:2026-05-13:PPG:STARMINE_COVERED,2026-05-13,2026-05-13T15:28:42.825732+00:00,RUN-REAL-ESS-20260513-002,FIDELITY,SecurityExtract_ESS_2026May13.csv,PPG,STARMINE_COVERED,2,Immutable partition append from ESS normalization output; numeric provenance preserved.
RUN-REAL-ESS-20260513-002:2026-05-13:PFG:STARMINE_COVERED,2026-05-13,2026-05-13T15:28:42.825732+00:00,RUN-REAL-ESS-20260513-002,FIDELITY,SecurityExtract_ESS_2026May13.csv,PFG,STARMINE_COVERED,2,Immutable partition append from ESS normalization output; numeric provenance preserved.
RUN-REAL-ESS-20260513-002:2026-05-13:PG:STARMINE_COVERED,2026-05-13,2026-05-13T15:28:42.825732+00:00,RUN-REAL-ESS-20260513-002,FIDELITY,SecurityExtract_ESS_2026May13.csv,PG,STARMINE_COVERED,2,Immutable partition append from ESS normalization output; numeric provenance preserved.
RUN-REAL-ESS-20260513-002:2026-05-13:PLX:STARMINE_COVERED,2026-05-13,2026-05-13T15:28:42.825732+00:00,RUN-REAL-ESS-20260513-002,FIDELITY,SecurityExtract_ESS_2026May13.csv,PLX,STARMINE_COVERED,2,Immutable partition append from ESS normalization output; numeric provenance preserved.
RUN-REAL-ESS-20260513-002:2026-05-13:PRU:STARMINE_COVERED,2026-05-13,2026-05-13T15:28:42.825732+00:00,RUN-REAL-ESS-20260513-002,FIDELITY,SecurityExtract_ESS_2026May13.csv,PRU,STARMINE_COVERED,2,Immutable partition append from ESS normalization output; numeric provenance preserved.
RUN-REAL-ESS-20260513-002:2026-05-13:PTC:STARMINE_COVERED,2026-05-13,2026-05-13T15:28:42.825732+00:00,RUN-REAL-ESS-20260513-002,FIDELITY,SecurityExtract_ESS_2026May13.csv,PTC,STARMINE_COVERED,2,Immutable partition append from ESS normalization output; numeric provenance preserved.
RUN-REAL-ESS-20260513-002:2026-05-13:PHM:STARMINE_COVERED,2026-05-13,2026-05-13T15:28:42.825732+00:00,RUN-REAL-ESS-20260513-002,FIDELITY,SecurityExtract_ESS_2026May13.csv,PHM,STARMINE_COVERED,2,Immutable partition append from ESS normalization output; numeric provenance preserved.
RUN-REAL-ESS-20260513-002:2026-05-13:RAL:STARMINE_COVERED,2026-05-13,2026-05-13T15:28:42.825732+00:00,RUN-REAL-ESS-20260513-002,FIDELITY,SecurityExtract_ESS_2026May13.csv,RAL,STARMINE_COVERED,2,Immutable partition append from ESS normalization output; numeric provenance preserved.
RUN-REAL-ESS-20260513-002:2026-05-13:PACK:STARMINE_COVERED,2026-05-13,2026-05-13T15:28:42.825732+00:00,RUN-REAL-ESS-20260513-002,FIDELITY,SecurityExtract_ESS_2026May13.csv,PACK,STARMINE_COVERED,2,Immutable partition append from ESS normalization output; numeric provenance preserved.
RUN-REAL-ESS-20260513-002:2026-05-13:RPD:STARMINE_COVERED,2026-05-13,2026-05-13T15:28:42.825732+00:00,RUN-REAL-ESS-20260513-002,FIDELITY,SecurityExtract_ESS_2026May13.csv,RPD,STARMINE_COVERED,2,Immutable partition append from ESS normalization output; numeric provenance preserved.
RUN-REAL-ESS-20260513-002:2026-05-13:RYAM:STARMINE_COVERED,2026-05-13,2026-05-13T15:28:42.825732+00:00,RUN-REAL-ESS-20260513-002,FIDELITY,SecurityExtract_ESS_2026May13.csv,RYAM,STARMINE_COVERED,2,Immutable partition append from ESS normalization output; numeric provenance preserved.
RUN-REAL-ESS-20260513-002:2026-05-13:RYN:STARMINE_COVERED,2026-05-13,2026-05-13T15:28:42.825732+00:00,RUN-REAL-ESS-20260513-002,FIDELITY,SecurityExtract_ESS_2026May13.csv,RYN,STARMINE_COVERED,2,Immutable partition append from ESS normalization output; numeric provenance preserved.
RUN-REAL-ESS-20260513-002:2026-05-13:RC:STARMINE_COVERED,2026-05-13,2026-05-13T15:28:42.825732+00:00,RUN-REAL-ESS-20260513-002,FIDELITY,SecurityExtract_ESS_2026May13.csv,RC,STARMINE_COVERED,2,Immutable partition append from ESS normalization output; numeric provenance preserved.
RUN-REAL-ESS-20260513-002:2026-05-13:REAL:STARMINE_COVERED,2026-05-13,2026-05-13T15:28:42.825732+00:00,RUN-REAL-ESS-20260513-002,FIDELITY,SecurityExtract_ESS_2026May13.csv,REAL,STARMINE_COVERED,2,Immutable partition append from ESS normalization output; numeric provenance preserved.
RUN-REAL-ESS-20260513-002:2026-05-13:RNST:STARMINE_COVERED,2026-05-13,2026-05-13T15:28:42.825732+00:00,RUN-REAL-ESS-20260513-002,FIDELITY,SecurityExtract_ESS_2026May13.csv,RNST,STARMINE_COVERED,2,Immutable partition append from ESS normalization output; numeric provenance preserved.
RUN-REAL-ESS-20260513-002:2026-05-13:RPAY:STARMINE_COVERED,2026-05-13,2026-05-13T15:28:42.825732+00:00,RUN-REAL-ESS-20260513-002,FIDELITY,SecurityExtract_ESS_2026May13.csv,RPAY,STARMINE_COVERED,2,Immutable partition append from ESS normalization output; numeric provenance preserved.
RUN-REAL-ESS-20260513-002:2026-05-13:RGP:STARMINE_COVERED,2026-05-13,2026-05-13T15:28:42.825732+00:00,RUN-REAL-ESS-20260513-002,FIDELITY,SecurityExtract_ESS_2026May13.csv,RGP,STARMINE_COVERED,2,Immutable partition append from ESS normalization output; numeric provenance preserved.
RUN-REAL-ESS-20260513-002:2026-05-13:REYN:STARMINE_COVERED,2026-05-13,2026-05-13T15:28:42.825732+00:00,RUN-REAL-ESS-20260513-002,FIDELITY,SecurityExtract_ESS_2026May13.csv,REYN,STARMINE_COVERED,2,Immutable partition append from ESS normalization output; numeric provenance preserved.
RUN-REAL-ESS-20260513-002:2026-05-13:RBBN:STARMINE_COVERED,2026-05-13,2026-05-13T15:28:42.825732+00:00,RUN-REAL-ESS-20260513-002,FIDELITY,SecurityExtract_ESS_2026May13.csv,RBBN,STARMINE_COVERED,2,Immutable partition append from ESS normalization output; numeric provenance preserved.
RUN-REAL-ESS-20260513-002:2026-05-13:RIOT:STARMINE_COVERED,2026-05-13,2026-05-13T15:28:42.825732+00:00,RUN-REAL-ESS-20260513-002,FIDELITY,SecurityExtract_ESS_2026May13.csv,RIOT,STARMINE_COVERED,2,Immutable partition append from ESS normalization output; numeric provenance preserved.
RUN-REAL-ESS-20260513-002:2026-05-13:RIVN:STARMINE_COVERED,2026-05-13,2026-05-13T15:28:42.825732+00:00,RUN-REAL-ESS-20260513-002,FIDELITY,SecurityExtract_ESS_2026May13.csv,RIVN,STARMINE_COVERED,2,Immutable partition append from ESS normalization output; numeric provenance preserved.
RUN-REAL-ESS-20260513-002:2026-05-13:RLI:STARMINE_COVERED,2026-05-13,2026-05-13T15:28:42.825732+00:00,RUN-REAL-ESS-20260513-002,FIDELITY,SecurityExtract_ESS_2026May13.csv,RLI,STARMINE_COVERED,2,Immutable partition append from ESS normalization output; numeric provenance preserved.
RUN-REAL-ESS-20260513-002:2026-05-13:RCI:STARMINE_COVERED,2026-05-13,2026-05-13T15:28:42.825732+00:00,RUN-REAL-ESS-20260513-002,FIDELITY,SecurityExtract_ESS_2026May13.csv,RCI,STARMINE_COVERED,2,Immutable partition append from ESS normalization output; numeric provenance preserved.
RUN-REAL-ESS-20260513-002:2026-05-13:ROKU:STARMINE_COVERED,2026-05-13,2026-05-13T15:28:42.825732+00:00,RUN-REAL-ESS-20260513-002,FIDELITY,SecurityExtract_ESS_2026May13.csv,ROKU,STARMINE_COVERED,2,Immutable partition append from ESS normalization output; numeric provenance preserved.
RUN-REAL-ESS-20260513-002:2026-05-13:ROL:STARMINE_COVERED,2026-05-13,2026-05-13T15:28:42.825732+00:00,RUN-REAL-ESS-20260513-002,FIDELITY,SecurityExtract_ESS_2026May13.csv,ROL,STARMINE_COVERED,2,Immutable partition append from ESS normalization output; numeric provenance preserved.
RUN-REAL-ESS-20260513-002:2026-05-13:RCL:STARMINE_COVERED,2026-05-13,2026-05-13T15:28:42.825732+00:00,RUN-REAL-ESS-20260513-002,FIDELITY,SecurityExtract_ESS_2026May13.csv,RCL,STARMINE_COVERED,2,Immutable partition append from ESS normalization output; numeric provenance preserved.
RUN-REAL-ESS-20260513-002:2026-05-13:RPM:STARMINE_COVERED,2026-05-13,2026-05-13T15:28:42.825732+00:00,RUN-REAL-ESS-20260513-002,FIDELITY,SecurityExtract_ESS_2026May13.csv,RPM,STARMINE_COVERED,2,Immutable partition append from ESS normalization output; numeric provenance preserved.
RUN-REAL-ESS-20260513-002:2026-05-13:RTX:STARMINE_COVERED,2026-05-13,2026-05-13T15:28:42.825732+00:00,RUN-REAL-ESS-20260513-002,FIDELITY,SecurityExtract_ESS_2026May13.csv,RTX,STARMINE_COVERED,2,Immutable partition append from ESS normalization output; numeric provenance preserved.
RUN-REAL-ESS-20260513-002:2026-05-13:RYAN:STARMINE_COVERED,2026-05-13,2026-05-13T15:28:42.825732+00:00,RUN-REAL-ESS-20260513-002,FIDELITY,SecurityExtract_ESS_2026May13.csv,RYAN,STARMINE_COVERED,2,Immutable partition append from ESS normalization output; numeric provenance preserved.
RUN-REAL-ESS-20260513-002:2026-05-13:RYAAY:STARMINE_COVERED,2026-05-13,2026-05-13T15:28:42.825732+00:00,RUN-REAL-ESS-20260513-002,FIDELITY,SecurityExtract_ESS_2026May13.csv,RYAAY,STARMINE_COVERED,2,Immutable partition append from ESS normalization output; numeric provenance preserved.
RUN-REAL-ESS-20260513-002:2026-05-13:SBRA:STARMINE_COVERED,2026-05-13,2026-05-13T15:28:42.825732+00:00,RUN-REAL-ESS-20260513-002,FIDELITY,SecurityExtract_ESS_2026May13.csv,SBRA,STARMINE_COVERED,2,Immutable partition append from ESS normalization output; numeric provenance preserved.
RUN-REAL-ESS-20260513-002:2026-05-13:SMTI:STARMINE_COVERED,2026-05-13,2026-05-13T15:28:42.825732+00:00,RUN-REAL-ESS-20260513-002,FIDELITY,SecurityExtract_ESS_2026May13.csv,SMTI,STARMINE_COVERED,2,Immutable partition append from ESS normalization output; numeric provenance preserved.
RUN-REAL-ESS-20260513-002:2026-05-13:SVRA:STARMINE_COVERED,2026-05-13,2026-05-13T15:28:42.825732+00:00,RUN-REAL-ESS-20260513-002,FIDELITY,SecurityExtract_ESS_2026May13.csv,SVRA,STARMINE_COVERED,2,Immutable partition append from ESS normalization output; numeric provenance preserved.
RUN-REAL-ESS-20260513-002:2026-05-13:SCHW:STARMINE_COVERED,2026-05-13,2026-05-13T15:28:42.825732+00:00,RUN-REAL-ESS-20260513-002,FIDELITY,SecurityExtract_ESS_2026May13.csv,SCHW,STARMINE_COVERED,2,Immutable partition append from ESS normalization output; numeric provenance preserved.
RUN-REAL-ESS-20260513-002:2026-05-13:SEB:STARMINE_COVERED,2026-05-13,2026-05-13T15:28:42.825732+00:00,RUN-REAL-ESS-20260513-002,FIDELITY,SecurityExtract_ESS_2026May13.csv,SEB,STARMINE_COVERED,2,Immutable partition append from ESS normalization output; numeric provenance preserved.
RUN-REAL-ESS-20260513-002:2026-05-13:SBCF:STARMINE_COVERED,2026-05-13,2026-05-13T15:28:42.825732+00:00,RUN-REAL-ESS-20260513-002,FIDELITY,SecurityExtract_ESS_2026May13.csv,SBCF,STARMINE_COVERED,2,Immutable partition append from ESS normalization output; numeric provenance preserved.
RUN-REAL-ESS-20260513-002:2026-05-13:SIGI:STARMINE_COVERED,2026-05-13,2026-05-13T15:28:42.825732+00:00,RUN-REAL-ESS-20260513-002,FIDELITY,SecurityExtract_ESS_2026May13.csv,SIGI,STARMINE_COVERED,2,Immutable partition append from ESS normalization output; numeric provenance preserved.
RUN-REAL-ESS-20260513-002:2026-05-13:SFBS:STARMINE_COVERED,2026-05-13,2026-05-13T15:28:42.825732+00:00,RUN-REAL-ESS-20260513-002,FIDELITY,SecurityExtract_ESS_2026May13.csv,SFBS,STARMINE_COVERED,2,Immutable partition append from ESS normalization output; numeric provenance preserved.
RUN-REAL-ESS-20260513-002:2026-05-13:SEZL:STARMINE_COVERED,2026-05-13,2026-05-13T15:28:42.825732+00:00,RUN-REAL-ESS-20260513-002,FIDELITY,SecurityExtract_ESS_2026May13.csv,SEZL,STARMINE_COVERED,2,Immutable partition append from ESS normalization output; numeric provenance preserved.
RUN-REAL-ESS-20260513-002:2026-05-13:SHAK:STARMINE_COVERED,2026-05-13,2026-05-13T15:28:42.825732+00:00,RUN-REAL-ESS-20260513-002,FIDELITY,SecurityExtract_ESS_2026May13.csv,SHAK,STARMINE_COVERED,2,Immutable partition append from ESS normalization output; numeric provenance preserved.
RUN-REAL-ESS-20260513-002:2026-05-13:SHW:STARMINE_COVERED,2026-05-13,2026-05-13T15:28:42.825732+00:00,RUN-REAL-ESS-20260513-002,FIDELITY,SecurityExtract_ESS_2026May13.csv,SHW,STARMINE_COVERED,2,Immutable partition append from ESS normalization output; numeric provenance preserved.
RUN-REAL-ESS-20260513-002:2026-05-13:SIBN:STARMINE_COVERED,2026-05-13,2026-05-13T15:28:42.825732+00:00,RUN-REAL-ESS-20260513-002,FIDELITY,SecurityExtract_ESS_2026May13.csv,SIBN,STARMINE_COVERED,2,Immutable partition append from ESS normalization output; numeric provenance preserved.
RUN-REAL-ESS-20260513-002:2026-05-13:SMPL:STARMINE_COVERED,2026-05-13,2026-05-13T15:28:42.825732+00:00,RUN-REAL-ESS-20260513-002,FIDELITY,SecurityExtract_ESS_2026May13.csv,SMPL,STARMINE_COVERED,2,Immutable partition append from ESS normalization output; numeric provenance preserved.
RUN-REAL-ESS-20260513-002:2026-05-13:SITM:STARMINE_COVERED,2026-05-13,2026-05-13T15:28:42.825732+00:00,RUN-REAL-ESS-20260513-002,FIDELITY,SecurityExtract_ESS_2026May13.csv,SITM,STARMINE_COVERED,2,Immutable partition append from ESS normalization output; numeric provenance preserved.
RUN-REAL-ESS-20260513-002:2026-05-13:FUN:STARMINE_COVERED,2026-05-13,2026-05-13T15:28:42.825732+00:00,RUN-REAL-ESS-20260513-002,FIDELITY,SecurityExtract_ESS_2026May13.csv,FUN,STARMINE_COVERED,2,Immutable partition append from ESS normalization output; numeric provenance preserved.
RUN-REAL-ESS-20260513-002:2026-05-13:SWBI:STARMINE_COVERED,2026-05-13,2026-05-13T15:28:42.825732+00:00,RUN-REAL-ESS-20260513-002,FIDELITY,SecurityExtract_ESS_2026May13.csv,SWBI,STARMINE_COVERED,2,Immutable partition append from ESS normalization output; numeric provenance preserved.
RUN-REAL-ESS-20260513-002:2026-05-13:SEI:STARMINE_COVERED,2026-05-13,2026-05-13T15:28:42.825732+00:00,RUN-REAL-ESS-20260513-002,FIDELITY,SecurityExtract_ESS_2026May13.csv,SEI,STARMINE_COVERED,2,Immutable partition append from ESS normalization output; numeric provenance preserved.
RUN-REAL-ESS-20260513-002:2026-05-13:SLNO:STARMINE_COVERED,2026-05-13,2026-05-13T15:28:42.825732+00:00,RUN-REAL-ESS-20260513-002,FIDELITY,SecurityExtract_ESS_2026May13.csv,SLNO,STARMINE_COVERED,2,Immutable partition append from ESS normalization output; numeric provenance preserved.
RUN-REAL-ESS-20260513-002:2026-05-13:SO:STARMINE_COVERED,2026-05-13,2026-05-13T15:28:42.825732+00:00,RUN-REAL-ESS-20260513-002,FIDELITY,SecurityExtract_ESS_2026May13.csv,SO,STARMINE_COVERED,2,Immutable partition append from ESS normalization output; numeric provenance preserved.
RUN-REAL-ESS-20260513-002:2026-05-13:SWX:STARMINE_COVERED,2026-05-13,2026-05-13T15:28:42.825732+00:00,RUN-REAL-ESS-20260513-002,FIDELITY,SecurityExtract_ESS_2026May13.csv,SWX,STARMINE_COVERED,2,Immutable partition append from ESS normalization output; numeric provenance preserved.
RUN-REAL-ESS-20260513-002:2026-05-13:SPB:STARMINE_COVERED,2026-05-13,2026-05-13T15:28:42.825732+00:00,RUN-REAL-ESS-20260513-002,FIDELITY,SecurityExtract_ESS_2026May13.csv,SPB,STARMINE_COVERED,2,Immutable partition append from ESS normalization output; numeric provenance preserved.
RUN-REAL-ESS-20260513-002:2026-05-13:SPHR:STARMINE_COVERED,2026-05-13,2026-05-13T15:28:42.825732+00:00,RUN-REAL-ESS-20260513-002,FIDELITY,SecurityExtract_ESS_2026May13.csv,SPHR,STARMINE_COVERED,2,Immutable partition append from ESS normalization output; numeric provenance preserved.
RUN-REAL-ESS-20260513-002:2026-05-13:CXM:STARMINE_COVERED,2026-05-13,2026-05-13T15:28:42.825732+00:00,RUN-REAL-ESS-20260513-002,FIDELITY,SecurityExtract_ESS_2026May13.csv,CXM,STARMINE_COVERED,2,Immutable partition append from ESS normalization output; numeric provenance preserved.
RUN-REAL-ESS-20260513-002:2026-05-13:SSNC:STARMINE_COVERED,2026-05-13,2026-05-13T15:28:42.825732+00:00,RUN-REAL-ESS-20260513-002,FIDELITY,SecurityExtract_ESS_2026May13.csv,SSNC,STARMINE_COVERED,2,Immutable partition append from ESS normalization output; numeric provenance preserved.
RUN-REAL-ESS-20260513-002:2026-05-13:SBUX:STARMINE_COVERED,2026-05-13,2026-05-13T15:28:42.825732+00:00,RUN-REAL-ESS-20260513-002,FIDELITY,SecurityExtract_ESS_2026May13.csv,SBUX,STARMINE_COVERED,2,Immutable partition append from ESS normalization output; numeric provenance preserved.
RUN-REAL-ESS-20260513-002:2026-05-13:STXS:STARMINE_COVERED,2026-05-13,2026-05-13T15:28:42.825732+00:00,RUN-REAL-ESS-20260513-002,FIDELITY,SecurityExtract_ESS_2026May13.csv,STXS,STARMINE_COVERED,2,Immutable partition append from ESS normalization output; numeric provenance preserved.
RUN-REAL-ESS-20260513-002:2026-05-13:SHOO:STARMINE_COVERED,2026-05-13,2026-05-13T15:28:42.825732+00:00,RUN-REAL-ESS-20260513-002,FIDELITY,SecurityExtract_ESS_2026May13.csv,SHOO,STARMINE_COVERED,2,Immutable partition append from ESS normalization output; numeric provenance preserved.
RUN-REAL-ESS-20260513-002:2026-05-13:SYBT:STARMINE_COVERED,2026-05-13,2026-05-13T15:28:42.825732+00:00,RUN-REAL-ESS-20260513-002,FIDELITY,SecurityExtract_ESS_2026May13.csv,SYBT,STARMINE_COVERED,2,Immutable partition append from ESS normalization output; numeric provenance preserved.
RUN-REAL-ESS-20260513-002:2026-05-13:RGR:STARMINE_COVERED,2026-05-13,2026-05-13T15:28:42.825732+00:00,RUN-REAL-ESS-20260513-002,FIDELITY,SecurityExtract_ESS_2026May13.csv,RGR,STARMINE_COVERED,2,Immutable partition append from ESS normalization output; numeric provenance preserved.
RUN-REAL-ESS-20260513-002:2026-05-13:INN:STARMINE_COVERED,2026-05-13,2026-05-13T15:28:42.825732+00:00,RUN-REAL-ESS-20260513-002,FIDELITY,SecurityExtract_ESS_2026May13.csv,INN,STARMINE_COVERED,2,Immutable partition append from ESS normalization output; numeric provenance preserved.
RUN-REAL-ESS-20260513-002:2026-05-13:SUNS:STARMINE_COVERED,2026-05-13,2026-05-13T15:28:42.825732+00:00,RUN-REAL-ESS-20260513-002,FIDELITY,SecurityExtract_ESS_2026May13.csv,SUNS,STARMINE_COVERED,2,Immutable partition append from ESS normalization output; numeric provenance preserved.
RUN-REAL-ESS-20260513-002:2026-05-13:RUN:STARMINE_COVERED,2026-05-13,2026-05-13T15:28:42.825732+00:00,RUN-REAL-ESS-20260513-002,FIDELITY,SecurityExtract_ESS_2026May13.csv,RUN,STARMINE_COVERED,2,Immutable partition append from ESS normalization output; numeric provenance preserved.
RUN-REAL-ESS-20260513-002:2026-05-13:SGRY:STARMINE_COVERED,2026-05-13,2026-05-13T15:28:42.825732+00:00,RUN-REAL-ESS-20260513-002,FIDELITY,SecurityExtract_ESS_2026May13.csv,SGRY,STARMINE_COVERED,2,Immutable partition append from ESS normalization output; numeric provenance preserved.
RUN-REAL-ESS-20260513-002:2026-05-13:SG:STARMINE_COVERED,2026-05-13,2026-05-13T15:28:42.825732+00:00,RUN-REAL-ESS-20260513-002,FIDELITY,SecurityExtract_ESS_2026May13.csv,SG,STARMINE_COVERED,2,Immutable partition append from ESS normalization output; numeric provenance preserved.
RUN-REAL-ESS-20260513-002:2026-05-13:SLVM:STARMINE_COVERED,2026-05-13,2026-05-13T15:28:42.825732+00:00,RUN-REAL-ESS-20260513-002,FIDELITY,SecurityExtract_ESS_2026May13.csv,SLVM,STARMINE_COVERED,2,Immutable partition append from ESS normalization output; numeric provenance preserved.
RUN-REAL-ESS-20260513-002:2026-05-13:TALO:STARMINE_COVERED,2026-05-13,2026-05-13T15:28:42.825732+00:00,RUN-REAL-ESS-20260513-002,FIDELITY,SecurityExtract_ESS_2026May13.csv,TALO,STARMINE_COVERED,2,Immutable partition append from ESS normalization output; numeric provenance preserved.
RUN-REAL-ESS-20260513-002:2026-05-13:TNDM:STARMINE_COVERED,2026-05-13,2026-05-13T15:28:42.825732+00:00,RUN-REAL-ESS-20260513-002,FIDELITY,SecurityExtract_ESS_2026May13.csv,TNDM,STARMINE_COVERED,2,Immutable partition append from ESS normalization output; numeric provenance preserved.
RUN-REAL-ESS-20260513-002:2026-05-13:TH:STARMINE_COVERED,2026-05-13,2026-05-13T15:28:42.825732+00:00,RUN-REAL-ESS-20260513-002,FIDELITY,SecurityExtract_ESS_2026May13.csv,TH,STARMINE_COVERED,2,Immutable partition append from ESS normalization output; numeric provenance preserved.
RUN-REAL-ESS-20260513-002:2026-05-13:TGLS:STARMINE_COVERED,2026-05-13,2026-05-13T15:28:42.825732+00:00,RUN-REAL-ESS-20260513-002,FIDELITY,SecurityExtract_ESS_2026May13.csv,TGLS,STARMINE_COVERED,2,Immutable partition append from ESS normalization output; numeric provenance preserved.
RUN-REAL-ESS-20260513-002:2026-05-13:TFX:STARMINE_COVERED,2026-05-13,2026-05-13T15:28:42.825732+00:00,RUN-REAL-ESS-20260513-002,FIDELITY,SecurityExtract_ESS_2026May13.csv,TFX,STARMINE_COVERED,2,Immutable partition append from ESS normalization output; numeric provenance preserved.
RUN-REAL-ESS-20260513-002:2026-05-13:TNC:STARMINE_COVERED,2026-05-13,2026-05-13T15:28:42.825732+00:00,RUN-REAL-ESS-20260513-002,FIDELITY,SecurityExtract_ESS_2026May13.csv,TNC,STARMINE_COVERED,2,Immutable partition append from ESS normalization output; numeric provenance preserved.
RUN-REAL-ESS-20260513-002:2026-05-13:TSLA:STARMINE_COVERED,2026-05-13,2026-05-13T15:28:42.825732+00:00,RUN-REAL-ESS-20260513-002,FIDELITY,SecurityExtract_ESS_2026May13.csv,TSLA,STARMINE_COVERED,2,Immutable partition append from ESS normalization output; numeric provenance preserved.
RUN-REAL-ESS-20260513-002:2026-05-13:TTEK:STARMINE_COVERED,2026-05-13,2026-05-13T15:28:42.825732+00:00,RUN-REAL-ESS-20260513-002,FIDELITY,SecurityExtract_ESS_2026May13.csv,TTEK,STARMINE_COVERED,2,Immutable partition append from ESS normalization output; numeric provenance preserved.
RUN-REAL-ESS-20260513-002:2026-05-13:TXRH:STARMINE_COVERED,2026-05-13,2026-05-13T15:28:42.825732+00:00,RUN-REAL-ESS-20260513-002,FIDELITY,SecurityExtract_ESS_2026May13.csv,TXRH,STARMINE_COVERED,2,Immutable partition append from ESS normalization output; numeric provenance preserved.
RUN-REAL-ESS-20260513-002:2026-05-13:TFSL:STARMINE_COVERED,2026-05-13,2026-05-13T15:28:42.825732+00:00,RUN-REAL-ESS-20260513-002,FIDELITY,SecurityExtract_ESS_2026May13.csv,TFSL,STARMINE_COVERED,2,Immutable partition append from ESS normalization output; numeric provenance preserved.
RUN-REAL-ESS-20260513-002:2026-05-13:TGTX:STARMINE_COVERED,2026-05-13,2026-05-13T15:28:42.825732+00:00,RUN-REAL-ESS-20260513-002,FIDELITY,SecurityExtract_ESS_2026May13.csv,TGTX,STARMINE_COVERED,2,Immutable partition append from ESS normalization output; numeric provenance preserved.
RUN-REAL-ESS-20260513-002:2026-05-13:SJM:STARMINE_COVERED,2026-05-13,2026-05-13T15:28:42.825732+00:00,RUN-REAL-ESS-20260513-002,FIDELITY,SecurityExtract_ESS_2026May13.csv,SJM,STARMINE_COVERED,2,Immutable partition append from ESS normalization output; numeric provenance preserved.
RUN-REAL-ESS-20260513-002:2026-05-13:TMO:STARMINE_COVERED,2026-05-13,2026-05-13T15:28:42.825732+00:00,RUN-REAL-ESS-20260513-002,FIDELITY,SecurityExtract_ESS_2026May13.csv,TMO,STARMINE_COVERED,2,Immutable partition append from ESS normalization output; numeric provenance preserved.
RUN-REAL-ESS-20260513-002:2026-05-13:THO:STARMINE_COVERED,2026-05-13,2026-05-13T15:28:42.825732+00:00,RUN-REAL-ESS-20260513-002,FIDELITY,SecurityExtract_ESS_2026May13.csv,THO,STARMINE_COVERED,2,Immutable partition append from ESS normalization output; numeric provenance preserved.
RUN-REAL-ESS-20260513-002:2026-05-13:TLRY:STARMINE_COVERED,2026-05-13,2026-05-13T15:28:42.825732+00:00,RUN-REAL-ESS-20260513-002,FIDELITY,SecurityExtract_ESS_2026May13.csv,TLRY,STARMINE_COVERED,2,Immutable partition append from ESS normalization output; numeric provenance preserved.
RUN-REAL-ESS-20260513-002:2026-05-13:TOL:STARMINE_COVERED,2026-05-13,2026-05-13T15:28:42.825732+00:00,RUN-REAL-ESS-20260513-002,FIDELITY,SecurityExtract_ESS_2026May13.csv,TOL,STARMINE_COVERED,2,Immutable partition append from ESS normalization output; numeric provenance preserved.
RUN-REAL-ESS-20260513-002:2026-05-13:BLD:STARMINE_COVERED,2026-05-13,2026-05-13T15:28:42.825732+00:00,RUN-REAL-ESS-20260513-002,FIDELITY,SecurityExtract_ESS_2026May13.csv,BLD,STARMINE_COVERED,2,Immutable partition append from ESS normalization output; numeric provenance preserved.
RUN-REAL-ESS-20260513-002:2026-05-13:TTC:STARMINE_COVERED,2026-05-13,2026-05-13T15:28:42.825732+00:00,RUN-REAL-ESS-20260513-002,FIDELITY,SecurityExtract_ESS_2026May13.csv,TTC,STARMINE_COVERED,2,Immutable partition append from ESS normalization output; numeric provenance preserved.
RUN-REAL-ESS-20260513-002:2026-05-13:TRTX:STARMINE_COVERED,2026-05-13,2026-05-13T15:28:42.825732+00:00,RUN-REAL-ESS-20260513-002,FIDELITY,SecurityExtract_ESS_2026May13.csv,TRTX,STARMINE_COVERED,2,Immutable partition append from ESS normalization output; numeric provenance preserved.
RUN-REAL-ESS-20260513-002:2026-05-13:TSCO:STARMINE_COVERED,2026-05-13,2026-05-13T15:28:42.825732+00:00,RUN-REAL-ESS-20260513-002,FIDELITY,SecurityExtract_ESS_2026May13.csv,TSCO,STARMINE_COVERED,2,Immutable partition append from ESS normalization output; numeric provenance preserved.
RUN-REAL-ESS-20260513-002:2026-05-13:TDG:STARMINE_COVERED,2026-05-13,2026-05-13T15:28:42.825732+00:00,RUN-REAL-ESS-20260513-002,FIDELITY,SecurityExtract_ESS_2026May13.csv,TDG,STARMINE_COVERED,2,Immutable partition append from ESS normalization output; numeric provenance preserved.
RUN-REAL-ESS-20260513-002:2026-05-13:TMDX:STARMINE_COVERED,2026-05-13,2026-05-13T15:28:42.825732+00:00,RUN-REAL-ESS-20260513-002,FIDELITY,SecurityExtract_ESS_2026May13.csv,TMDX,STARMINE_COVERED,2,Immutable partition append from ESS normalization output; numeric provenance preserved.
RUN-REAL-ESS-20260513-002:2026-05-13:TVTX:STARMINE_COVERED,2026-05-13,2026-05-13T15:28:42.825732+00:00,RUN-REAL-ESS-20260513-002,FIDELITY,SecurityExtract_ESS_2026May13.csv,TVTX,STARMINE_COVERED,2,Immutable partition append from ESS normalization output; numeric provenance preserved.
RUN-REAL-ESS-20260513-002:2026-05-13:TPH:STARMINE_COVERED,2026-05-13,2026-05-13T15:28:42.825732+00:00,RUN-REAL-ESS-20260513-002,FIDELITY,SecurityExtract_ESS_2026May13.csv,TPH,STARMINE_COVERED,2,Immutable partition append from ESS normalization output; numeric provenance preserved.
RUN-REAL-ESS-20260513-002:2026-05-13:TRMB:STARMINE_COVERED,2026-05-13,2026-05-13T15:28:42.825732+00:00,RUN-REAL-ESS-20260513-002,FIDELITY,SecurityExtract_ESS_2026May13.csv,TRMB,STARMINE_COVERED,2,Immutable partition append from ESS normalization output; numeric provenance preserved.
RUN-REAL-ESS-20260513-002:2026-05-13:TTEC:STARMINE_COVERED,2026-05-13,2026-05-13T15:28:42.825732+00:00,RUN-REAL-ESS-20260513-002,FIDELITY,SecurityExtract_ESS_2026May13.csv,TTEC,STARMINE_COVERED,2,Immutable partition append from ESS normalization output; numeric provenance preserved.
RUN-REAL-ESS-20260513-002:2026-05-13:TTMI:STARMINE_COVERED,2026-05-13,2026-05-13T15:28:42.825732+00:00,RUN-REAL-ESS-20260513-002,FIDELITY,SecurityExtract_ESS_2026May13.csv,TTMI,STARMINE_COVERED,2,Immutable partition append from ESS normalization output; numeric provenance preserved.
RUN-REAL-ESS-20260513-002:2026-05-13:TWO:STARMINE_COVERED,2026-05-13,2026-05-13T15:28:42.825732+00:00,RUN-REAL-ESS-20260513-002,FIDELITY,SecurityExtract_ESS_2026May13.csv,TWO,STARMINE_COVERED,2,Immutable partition append from ESS normalization output; numeric provenance preserved.
RUN-REAL-ESS-20260513-002:2026-05-13:UBER:STARMINE_COVERED,2026-05-13,2026-05-13T15:28:42.825732+00:00,RUN-REAL-ESS-20260513-002,FIDELITY,SecurityExtract_ESS_2026May13.csv,UBER,STARMINE_COVERED,2,Immutable partition append from ESS normalization output; numeric provenance preserved.
RUN-REAL-ESS-20260513-002:2026-05-13:ULTA:STARMINE_COVERED,2026-05-13,2026-05-13T15:28:42.825732+00:00,RUN-REAL-ESS-20260513-002,FIDELITY,SecurityExtract_ESS_2026May13.csv,ULTA,STARMINE_COVERED,2,Immutable partition append from ESS normalization output; numeric provenance preserved.
RUN-REAL-ESS-20260513-002:2026-05-13:QURE:STARMINE_COVERED,2026-05-13,2026-05-13T15:28:42.825732+00:00,RUN-REAL-ESS-20260513-002,FIDELITY,SecurityExtract_ESS_2026May13.csv,QURE,STARMINE_COVERED,2,Immutable partition append from ESS normalization output; numeric provenance preserved.
RUN-REAL-ESS-20260513-002:2026-05-13:UAL:STARMINE_COVERED,2026-05-13,2026-05-13T15:28:42.825732+00:00,RUN-REAL-ESS-20260513-002,FIDELITY,SecurityExtract_ESS_2026May13.csv,UAL,STARMINE_COVERED,2,Immutable partition append from ESS normalization output; numeric provenance preserved.
RUN-REAL-ESS-20260513-002:2026-05-13:UNFI:STARMINE_COVERED,2026-05-13,2026-05-13T15:28:42.825732+00:00,RUN-REAL-ESS-20260513-002,FIDELITY,SecurityExtract_ESS_2026May13.csv,UNFI,STARMINE_COVERED,2,Immutable partition append from ESS normalization output; numeric provenance preserved.
RUN-REAL-ESS-20260513-002:2026-05-13:UNH:STARMINE_COVERED,2026-05-13,2026-05-13T15:28:42.825732+00:00,RUN-REAL-ESS-20260513-002,FIDELITY,SecurityExtract_ESS_2026May13.csv,UNH,STARMINE_COVERED,2,Immutable partition append from ESS normalization output; numeric provenance preserved.
RUN-REAL-ESS-20260513-002:2026-05-13:U:STARMINE_COVERED,2026-05-13,2026-05-13T15:28:42.825732+00:00,RUN-REAL-ESS-20260513-002,FIDELITY,SecurityExtract_ESS_2026May13.csv,U,STARMINE_COVERED,2,Immutable partition append from ESS normalization output; numeric provenance preserved.
RUN-REAL-ESS-20260513-002:2026-05-13:UNM:STARMINE_COVERED,2026-05-13,2026-05-13T15:28:42.825732+00:00,RUN-REAL-ESS-20260513-002,FIDELITY,SecurityExtract_ESS_2026May13.csv,UNM,STARMINE_COVERED,2,Immutable partition append from ESS normalization output; numeric provenance preserved.
RUN-REAL-ESS-20260513-002:2026-05-13:UEC:STARMINE_COVERED,2026-05-13,2026-05-13T15:28:42.825732+00:00,RUN-REAL-ESS-20260513-002,FIDELITY,SecurityExtract_ESS_2026May13.csv,UEC,STARMINE_COVERED,2,Immutable partition append from ESS normalization output; numeric provenance preserved.
RUN-REAL-ESS-20260513-002:2026-05-13:VCYT:STARMINE_COVERED,2026-05-13,2026-05-13T15:28:42.825732+00:00,RUN-REAL-ESS-20260513-002,FIDELITY,SecurityExtract_ESS_2026May13.csv,VCYT,STARMINE_COVERED,2,Immutable partition append from ESS normalization output; numeric provenance preserved.
RUN-REAL-ESS-20260513-002:2026-05-13:VLTO:STARMINE_COVERED,2026-05-13,2026-05-13T15:28:42.825732+00:00,RUN-REAL-ESS-20260513-002,FIDELITY,SecurityExtract_ESS_2026May13.csv,VLTO,STARMINE_COVERED,2,Immutable partition append from ESS normalization output; numeric provenance preserved.
RUN-REAL-ESS-20260513-002:2026-05-13:VSTM:STARMINE_COVERED,2026-05-13,2026-05-13T15:28:42.825732+00:00,RUN-REAL-ESS-20260513-002,FIDELITY,SecurityExtract_ESS_2026May13.csv,VSTM,STARMINE_COVERED,2,Immutable partition append from ESS normalization output; numeric provenance preserved.
RUN-REAL-ESS-20260513-002:2026-05-13:VRSK:STARMINE_COVERED,2026-05-13,2026-05-13T15:28:42.825732+00:00,RUN-REAL-ESS-20260513-002,FIDELITY,SecurityExtract_ESS_2026May13.csv,VRSK,STARMINE_COVERED,2,Immutable partition append from ESS normalization output; numeric provenance preserved.
RUN-REAL-ESS-20260513-002:2026-05-13:VRTX:STARMINE_COVERED,2026-05-13,2026-05-13T15:28:42.825732+00:00,RUN-REAL-ESS-20260513-002,FIDELITY,SecurityExtract_ESS_2026May13.csv,VRTX,STARMINE_COVERED,2,Immutable partition append from ESS normalization output; numeric provenance preserved.
RUN-REAL-ESS-20260513-002:2026-05-13:SPCE:STARMINE_COVERED,2026-05-13,2026-05-13T15:28:42.825732+00:00,RUN-REAL-ESS-20260513-002,FIDELITY,SecurityExtract_ESS_2026May13.csv,SPCE,STARMINE_COVERED,2,Immutable partition append from ESS normalization output; numeric provenance preserved.
RUN-REAL-ESS-20260513-002:2026-05-13:V:STARMINE_COVERED,2026-05-13,2026-05-13T15:28:42.825732+00:00,RUN-REAL-ESS-20260513-002,FIDELITY,SecurityExtract_ESS_2026May13.csv,V,STARMINE_COVERED,2,Immutable partition append from ESS normalization output; numeric provenance preserved.
RUN-REAL-ESS-20260513-002:2026-05-13:VPG:STARMINE_COVERED,2026-05-13,2026-05-13T15:28:42.825732+00:00,RUN-REAL-ESS-20260513-002,FIDELITY,SecurityExtract_ESS_2026May13.csv,VPG,STARMINE_COVERED,2,Immutable partition append from ESS normalization output; numeric provenance preserved.
RUN-REAL-ESS-20260513-002:2026-05-13:VISN:STARMINE_COVERED,2026-05-13,2026-05-13T15:28:42.825732+00:00,RUN-REAL-ESS-20260513-002,FIDELITY,SecurityExtract_ESS_2026May13.csv,VISN,STARMINE_COVERED,2,Immutable partition append from ESS normalization output; numeric provenance preserved.
RUN-REAL-ESS-20260513-002:2026-05-13:VST:STARMINE_COVERED,2026-05-13,2026-05-13T15:28:42.825732+00:00,RUN-REAL-ESS-20260513-002,FIDELITY,SecurityExtract_ESS_2026May13.csv,VST,STARMINE_COVERED,2,Immutable partition append from ESS normalization output; numeric provenance preserved.
RUN-REAL-ESS-20260513-002:2026-05-13:VITL:STARMINE_COVERED,2026-05-13,2026-05-13T15:28:42.825732+00:00,RUN-REAL-ESS-20260513-002,FIDELITY,SecurityExtract_ESS_2026May13.csv,VITL,STARMINE_COVERED,2,Immutable partition append from ESS normalization output; numeric provenance preserved.
RUN-REAL-ESS-20260513-002:2026-05-13:WNC:STARMINE_COVERED,2026-05-13,2026-05-13T15:28:42.825732+00:00,RUN-REAL-ESS-20260513-002,FIDELITY,SecurityExtract_ESS_2026May13.csv,WNC,STARMINE_COVERED,2,Immutable partition append from ESS normalization output; numeric provenance preserved.
RUN-REAL-ESS-20260513-002:2026-05-13:WBD:STARMINE_COVERED,2026-05-13,2026-05-13T15:28:42.825732+00:00,RUN-REAL-ESS-20260513-002,FIDELITY,SecurityExtract_ESS_2026May13.csv,WBD,STARMINE_COVERED,2,Immutable partition append from ESS normalization output; numeric provenance preserved.
RUN-REAL-ESS-20260513-002:2026-05-13:WAT:STARMINE_COVERED,2026-05-13,2026-05-13T15:28:42.825732+00:00,RUN-REAL-ESS-20260513-002,FIDELITY,SecurityExtract_ESS_2026May13.csv,WAT,STARMINE_COVERED,2,Immutable partition append from ESS normalization output; numeric provenance preserved.
RUN-REAL-ESS-20260513-002:2026-05-13:WTS:STARMINE_COVERED,2026-05-13,2026-05-13T15:28:42.825732+00:00,RUN-REAL-ESS-20260513-002,FIDELITY,SecurityExtract_ESS_2026May13.csv,WTS,STARMINE_COVERED,2,Immutable partition append from ESS normalization output; numeric provenance preserved.
RUN-REAL-ESS-20260513-002:2026-05-13:WVE:STARMINE_COVERED,2026-05-13,2026-05-13T15:28:42.825732+00:00,RUN-REAL-ESS-20260513-002,FIDELITY,SecurityExtract_ESS_2026May13.csv,WVE,STARMINE_COVERED,2,Immutable partition append from ESS normalization output; numeric provenance preserved.
RUN-REAL-ESS-20260513-002:2026-05-13:W:STARMINE_COVERED,2026-05-13,2026-05-13T15:28:42.825732+00:00,RUN-REAL-ESS-20260513-002,FIDELITY,SecurityExtract_ESS_2026May13.csv,W,STARMINE_COVERED,2,Immutable partition append from ESS normalization output; numeric provenance preserved.
RUN-REAL-ESS-20260513-002:2026-05-13:WFC:STARMINE_COVERED,2026-05-13,2026-05-13T15:28:42.825732+00:00,RUN-REAL-ESS-20260513-002,FIDELITY,SecurityExtract_ESS_2026May13.csv,WFC,STARMINE_COVERED,2,Immutable partition append from ESS normalization output; numeric provenance preserved.
RUN-REAL-ESS-20260513-002:2026-05-13:WEN:STARMINE_COVERED,2026-05-13,2026-05-13T15:28:42.825732+00:00,RUN-REAL-ESS-20260513-002,FIDELITY,SecurityExtract_ESS_2026May13.csv,WEN,STARMINE_COVERED,2,Immutable partition append from ESS normalization output; numeric provenance preserved.
RUN-REAL-ESS-20260513-002:2026-05-13:WAL:STARMINE_COVERED,2026-05-13,2026-05-13T15:28:42.825732+00:00,RUN-REAL-ESS-20260513-002,FIDELITY,SecurityExtract_ESS_2026May13.csv,WAL,STARMINE_COVERED,2,Immutable partition append from ESS normalization output; numeric provenance preserved.
RUN-REAL-ESS-20260513-002:2026-05-13:WSM:STARMINE_COVERED,2026-05-13,2026-05-13T15:28:42.825732+00:00,RUN-REAL-ESS-20260513-002,FIDELITY,SecurityExtract_ESS_2026May13.csv,WSM,STARMINE_COVERED,2,Immutable partition append from ESS normalization output; numeric provenance preserved.
RUN-REAL-ESS-20260513-002:2026-05-13:WTFC:STARMINE_COVERED,2026-05-13,2026-05-13T15:28:42.825732+00:00,RUN-REAL-ESS-20260513-002,FIDELITY,SecurityExtract_ESS_2026May13.csv,WTFC,STARMINE_COVERED,2,Immutable partition append from ESS normalization output; numeric provenance preserved.
RUN-REAL-ESS-20260513-002:2026-05-13:WYNN:STARMINE_COVERED,2026-05-13,2026-05-13T15:28:42.825732+00:00,RUN-REAL-ESS-20260513-002,FIDELITY,SecurityExtract_ESS_2026May13.csv,WYNN,STARMINE_COVERED,2,Immutable partition append from ESS normalization output; numeric provenance preserved.
RUN-REAL-ESS-20260513-002:2026-05-13:XOMA:STARMINE_COVERED,2026-05-13,2026-05-13T15:28:42.825732+00:00,RUN-REAL-ESS-20260513-002,FIDELITY,SecurityExtract_ESS_2026May13.csv,XOMA,STARMINE_COVERED,2,Immutable partition append from ESS normalization output; numeric provenance preserved.
RUN-REAL-ESS-20260513-002:2026-05-13:YETI:STARMINE_COVERED,2026-05-13,2026-05-13T15:28:42.825732+00:00,RUN-REAL-ESS-20260513-002,FIDELITY,SecurityExtract_ESS_2026May13.csv,YETI,STARMINE_COVERED,2,Immutable partition append from ESS normalization output; numeric provenance preserved.
RUN-REAL-ESS-20260513-002:2026-05-13:ZVRA:STARMINE_COVERED,2026-05-13,2026-05-13T15:28:42.825732+00:00,RUN-REAL-ESS-20260513-002,FIDELITY,SecurityExtract_ESS_2026May13.csv,ZVRA,STARMINE_COVERED,2,Immutable partition append from ESS normalization output; numeric provenance preserved.
RUN-REAL-ESS-20260513-002:2026-05-13:ZYME:STARMINE_COVERED,2026-05-13,2026-05-13T15:28:42.825732+00:00,RUN-REAL-ESS-20260513-002,FIDELITY,SecurityExtract_ESS_2026May13.csv,ZYME,STARMINE_COVERED,2,Immutable partition append from ESS normalization output; numeric provenance preserved.
RUN-REAL-ESS-20260513-002:2026-05-13:MMM:STARMINE_COVERED,2026-05-13,2026-05-13T15:28:42.825732+00:00,RUN-REAL-ESS-20260513-002,FIDELITY,SecurityExtract_ESS_2026May13.csv,MMM,STARMINE_COVERED,2,Immutable partition append from ESS normalization output; numeric provenance preserved.
RUN-REAL-ESS-20260513-002:2026-05-13:AAON:STARMINE_COVERED,2026-05-13,2026-05-13T15:28:42.825732+00:00,RUN-REAL-ESS-20260513-002,FIDELITY,SecurityExtract_ESS_2026May13.csv,AAON,STARMINE_COVERED,2,Immutable partition append from ESS normalization output; numeric provenance preserved.
RUN-REAL-ESS-20260513-002:2026-05-13:ACCO:STARMINE_COVERED,2026-05-13,2026-05-13T15:28:42.825732+00:00,RUN-REAL-ESS-20260513-002,FIDELITY,SecurityExtract_ESS_2026May13.csv,ACCO,STARMINE_COVERED,2,Immutable partition append from ESS normalization output; numeric provenance preserved.
RUN-REAL-ESS-20260513-002:2026-05-13:ACMR:STARMINE_COVERED,2026-05-13,2026-05-13T15:28:42.825732+00:00,RUN-REAL-ESS-20260513-002,FIDELITY,SecurityExtract_ESS_2026May13.csv,ACMR,STARMINE_COVERED,2,Immutable partition append from ESS normalization output; numeric provenance preserved.
RUN-REAL-ESS-20260513-002:2026-05-13:ADPT:STARMINE_COVERED,2026-05-13,2026-05-13T15:28:42.825732+00:00,RUN-REAL-ESS-20260513-002,FIDELITY,SecurityExtract_ESS_2026May13.csv,ADPT,STARMINE_COVERED,2,Immutable partition append from ESS normalization output; numeric provenance preserved.
RUN-REAL-ESS-20260513-002:2026-05-13:WMS:STARMINE_COVERED,2026-05-13,2026-05-13T15:28:42.825732+00:00,RUN-REAL-ESS-20260513-002,FIDELITY,SecurityExtract_ESS_2026May13.csv,WMS,STARMINE_COVERED,2,Immutable partition append from ESS normalization output; numeric provenance preserved.
RUN-REAL-ESS-20260513-002:2026-05-13:AEIS:STARMINE_COVERED,2026-05-13,2026-05-13T15:28:42.825732+00:00,RUN-REAL-ESS-20260513-002,FIDELITY,SecurityExtract_ESS_2026May13.csv,AEIS,STARMINE_COVERED,2,Immutable partition append from ESS normalization output; numeric provenance preserved.
RUN-REAL-ESS-20260513-002:2026-05-13:ACM:STARMINE_COVERED,2026-05-13,2026-05-13T15:28:42.825732+00:00,RUN-REAL-ESS-20260513-002,FIDELITY,SecurityExtract_ESS_2026May13.csv,ACM,STARMINE_COVERED,2,Immutable partition append from ESS normalization output; numeric provenance preserved.
RUN-REAL-ESS-20260513-002:2026-05-13:AEHR:STARMINE_COVERED,2026-05-13,2026-05-13T15:28:42.825732+00:00,RUN-REAL-ESS-20260513-002,FIDELITY,SecurityExtract_ESS_2026May13.csv,AEHR,STARMINE_COVERED,2,Immutable partition append from ESS normalization output; numeric provenance preserved.
RUN-REAL-ESS-20260513-002:2026-05-13:AVAV:STARMINE_COVERED,2026-05-13,2026-05-13T15:28:42.825732+00:00,RUN-REAL-ESS-20260513-002,FIDELITY,SecurityExtract_ESS_2026May13.csv,AVAV,STARMINE_COVERED,2,Immutable partition append from ESS normalization output; numeric provenance preserved.
RUN-REAL-ESS-20260513-002:2026-05-13:AFRM:STARMINE_COVERED,2026-05-13,2026-05-13T15:28:42.825732+00:00,RUN-REAL-ESS-20260513-002,FIDELITY,SecurityExtract_ESS_2026May13.csv,AFRM,STARMINE_COVERED,2,Immutable partition append from ESS normalization output; numeric provenance preserved.
RUN-REAL-ESS-20260513-002:2026-05-13:AGCO:STARMINE_COVERED,2026-05-13,2026-05-13T15:28:42.825732+00:00,RUN-REAL-ESS-20260513-002,FIDELITY,SecurityExtract_ESS_2026May13.csv,AGCO,STARMINE_COVERED,2,Immutable partition append from ESS normalization output; numeric provenance preserved.
RUN-REAL-ESS-20260513-002:2026-05-13:AGL:STARMINE_COVERED,2026-05-13,2026-05-13T15:28:42.825732+00:00,RUN-REAL-ESS-20260513-002,FIDELITY,SecurityExtract_ESS_2026May13.csv,AGL,STARMINE_COVERED,2,Immutable partition append from ESS normalization output; numeric provenance preserved.
RUN-REAL-ESS-20260513-002:2026-05-13:AGIO:STARMINE_COVERED,2026-05-13,2026-05-13T15:28:42.825732+00:00,RUN-REAL-ESS-20260513-002,FIDELITY,SecurityExtract_ESS_2026May13.csv,AGIO,STARMINE_COVERED,2,Immutable partition append from ESS normalization output; numeric provenance preserved.
RUN-REAL-ESS-20260513-002:2026-05-13:AIRG:STARMINE_COVERED,2026-05-13,2026-05-13T15:28:42.825732+00:00,RUN-REAL-ESS-20260513-002,FIDELITY,SecurityExtract_ESS_2026May13.csv,AIRG,STARMINE_COVERED,2,Immutable partition append from ESS normalization output; numeric provenance preserved.
RUN-REAL-ESS-20260513-002:2026-05-13:ALK:STARMINE_COVERED,2026-05-13,2026-05-13T15:28:42.825732+00:00,RUN-REAL-ESS-20260513-002,FIDELITY,SecurityExtract_ESS_2026May13.csv,ALK,STARMINE_COVERED,2,Immutable partition append from ESS normalization output; numeric provenance preserved.
RUN-REAL-ESS-20260513-002:2026-05-13:AIN:STARMINE_COVERED,2026-05-13,2026-05-13T15:28:42.825732+00:00,RUN-REAL-ESS-20260513-002,FIDELITY,SecurityExtract_ESS_2026May13.csv,AIN,STARMINE_COVERED,2,Immutable partition append from ESS normalization output; numeric provenance preserved.
RUN-REAL-ESS-20260513-002:2026-05-13:ARE:STARMINE_COVERED,2026-05-13,2026-05-13T15:28:42.825732+00:00,RUN-REAL-ESS-20260513-002,FIDELITY,SecurityExtract_ESS_2026May13.csv,ARE,STARMINE_COVERED,2,Immutable partition append from ESS normalization output; numeric provenance preserved.
RUN-REAL-ESS-20260513-002:2026-05-13:BABA:STARMINE_COVERED,2026-05-13,2026-05-13T15:28:42.825732+00:00,RUN-REAL-ESS-20260513-002,FIDELITY,SecurityExtract_ESS_2026May13.csv,BABA,STARMINE_COVERED,2,Immutable partition append from ESS normalization output; numeric provenance preserved.
RUN-REAL-ESS-20260513-002:2026-05-13:ALCO:STARMINE_COVERED,2026-05-13,2026-05-13T15:28:42.825732+00:00,RUN-REAL-ESS-20260513-002,FIDELITY,SecurityExtract_ESS_2026May13.csv,ALCO,STARMINE_COVERED,2,Immutable partition append from ESS normalization output; numeric provenance preserved.
RUN-REAL-ESS-20260513-002:2026-05-13:AB:STARMINE_COVERED,2026-05-13,2026-05-13T15:28:42.825732+00:00,RUN-REAL-ESS-20260513-002,FIDELITY,SecurityExtract_ESS_2026May13.csv,AB,STARMINE_COVERED,2,Immutable partition append from ESS normalization output; numeric provenance preserved.
RUN-REAL-ESS-20260513-002:2026-05-13:ALLT:STARMINE_COVERED,2026-05-13,2026-05-13T15:28:42.825732+00:00,RUN-REAL-ESS-20260513-002,FIDELITY,SecurityExtract_ESS_2026May13.csv,ALLT,STARMINE_COVERED,2,Immutable partition append from ESS normalization output; numeric provenance preserved.
RUN-REAL-ESS-20260513-002:2026-05-13:AMR:STARMINE_COVERED,2026-05-13,2026-05-13T15:28:42.825732+00:00,RUN-REAL-ESS-20260513-002,FIDELITY,SecurityExtract_ESS_2026May13.csv,AMR,STARMINE_COVERED,2,Immutable partition append from ESS normalization output; numeric provenance preserved.
RUN-REAL-ESS-20260513-002:2026-05-13:ATEC:STARMINE_COVERED,2026-05-13,2026-05-13T15:28:42.825732+00:00,RUN-REAL-ESS-20260513-002,FIDELITY,SecurityExtract_ESS_2026May13.csv,ATEC,STARMINE_COVERED,2,Immutable partition append from ESS normalization output; numeric provenance preserved.
RUN-REAL-ESS-20260513-002:2026-05-13:AMC:STARMINE_COVERED,2026-05-13,2026-05-13T15:28:42.825732+00:00,RUN-REAL-ESS-20260513-002,FIDELITY,SecurityExtract_ESS_2026May13.csv,AMC,STARMINE_COVERED,2,Immutable partition append from ESS normalization output; numeric provenance preserved.
RUN-REAL-ESS-20260513-002:2026-05-13:AMCR:STARMINE_COVERED,2026-05-13,2026-05-13T15:28:42.825732+00:00,RUN-REAL-ESS-20260513-002,FIDELITY,SecurityExtract_ESS_2026May13.csv,AMCR,STARMINE_COVERED,2,Immutable partition append from ESS normalization output; numeric provenance preserved.
RUN-REAL-ESS-20260513-002:2026-05-13:AMTM:STARMINE_COVERED,2026-05-13,2026-05-13T15:28:42.825732+00:00,RUN-REAL-ESS-20260513-002,FIDELITY,SecurityExtract_ESS_2026May13.csv,AMTM,STARMINE_COVERED,2,Immutable partition append from ESS normalization output; numeric provenance preserved.
RUN-REAL-ESS-20260513-002:2026-05-13:AMRC:STARMINE_COVERED,2026-05-13,2026-05-13T15:28:42.825732+00:00,RUN-REAL-ESS-20260513-002,FIDELITY,SecurityExtract_ESS_2026May13.csv,AMRC,STARMINE_COVERED,2,Immutable partition append from ESS normalization output; numeric provenance preserved.
RUN-REAL-ESS-20260513-002:2026-05-13:AMSC:STARMINE_COVERED,2026-05-13,2026-05-13T15:28:42.825732+00:00,RUN-REAL-ESS-20260513-002,FIDELITY,SecurityExtract_ESS_2026May13.csv,AMSC,STARMINE_COVERED,2,Immutable partition append from ESS normalization output; numeric provenance preserved.
RUN-REAL-ESS-20260513-002:2026-05-13:AWK:STARMINE_COVERED,2026-05-13,2026-05-13T15:28:42.825732+00:00,RUN-REAL-ESS-20260513-002,FIDELITY,SecurityExtract_ESS_2026May13.csv,AWK,STARMINE_COVERED,2,Immutable partition append from ESS normalization output; numeric provenance preserved.
RUN-REAL-ESS-20260513-002:2026-05-13:AMWD:STARMINE_COVERED,2026-05-13,2026-05-13T15:28:42.825732+00:00,RUN-REAL-ESS-20260513-002,FIDELITY,SecurityExtract_ESS_2026May13.csv,AMWD,STARMINE_COVERED,2,Immutable partition append from ESS normalization output; numeric provenance preserved.
RUN-REAL-ESS-20260513-002:2026-05-13:ANDE:STARMINE_COVERED,2026-05-13,2026-05-13T15:28:42.825732+00:00,RUN-REAL-ESS-20260513-002,FIDELITY,SecurityExtract_ESS_2026May13.csv,ANDE,STARMINE_COVERED,2,Immutable partition append from ESS normalization output; numeric provenance preserved.
RUN-REAL-ESS-20260513-002:2026-05-13:APTV:STARMINE_COVERED,2026-05-13,2026-05-13T15:28:42.825732+00:00,RUN-REAL-ESS-20260513-002,FIDELITY,SecurityExtract_ESS_2026May13.csv,APTV,STARMINE_COVERED,2,Immutable partition append from ESS normalization output; numeric provenance preserved.
RUN-REAL-ESS-20260513-002:2026-05-13:AQST:STARMINE_COVERED,2026-05-13,2026-05-13T15:28:42.825732+00:00,RUN-REAL-ESS-20260513-002,FIDELITY,SecurityExtract_ESS_2026May13.csv,AQST,STARMINE_COVERED,2,Immutable partition append from ESS normalization output; numeric provenance preserved.
RUN-REAL-ESS-20260513-002:2026-05-13:ACA:STARMINE_COVERED,2026-05-13,2026-05-13T15:28:42.825732+00:00,RUN-REAL-ESS-20260513-002,FIDELITY,SecurityExtract_ESS_2026May13.csv,ACA,STARMINE_COVERED,2,Immutable partition append from ESS normalization output; numeric provenance preserved.
RUN-REAL-ESS-20260513-002:2026-05-13:RCUS:STARMINE_COVERED,2026-05-13,2026-05-13T15:28:42.825732+00:00,RUN-REAL-ESS-20260513-002,FIDELITY,SecurityExtract_ESS_2026May13.csv,RCUS,STARMINE_COVERED,2,Immutable partition append from ESS normalization output; numeric provenance preserved.
RUN-REAL-ESS-20260513-002:2026-05-13:ARDX:STARMINE_COVERED,2026-05-13,2026-05-13T15:28:42.825732+00:00,RUN-REAL-ESS-20260513-002,FIDELITY,SecurityExtract_ESS_2026May13.csv,ARDX,STARMINE_COVERED,2,Immutable partition append from ESS normalization output; numeric provenance preserved.
RUN-REAL-ESS-20260513-002:2026-05-13:ASC:STARMINE_COVERED,2026-05-13,2026-05-13T15:28:42.825732+00:00,RUN-REAL-ESS-20260513-002,FIDELITY,SecurityExtract_ESS_2026May13.csv,ASC,STARMINE_COVERED,2,Immutable partition append from ESS normalization output; numeric provenance preserved.
RUN-REAL-ESS-20260513-002:2026-05-13:ARES:STARMINE_COVERED,2026-05-13,2026-05-13T15:28:42.825732+00:00,RUN-REAL-ESS-20260513-002,FIDELITY,SecurityExtract_ESS_2026May13.csv,ARES,STARMINE_COVERED,2,Immutable partition append from ESS normalization output; numeric provenance preserved.
RUN-REAL-ESS-20260513-002:2026-05-13:AWI:STARMINE_COVERED,2026-05-13,2026-05-13T15:28:42.825732+00:00,RUN-REAL-ESS-20260513-002,FIDELITY,SecurityExtract_ESS_2026May13.csv,AWI,STARMINE_COVERED,2,Immutable partition append from ESS normalization output; numeric provenance preserved.
RUN-REAL-ESS-20260513-002:2026-05-13:AD:STARMINE_COVERED,2026-05-13,2026-05-13T15:28:42.825732+00:00,RUN-REAL-ESS-20260513-002,FIDELITY,SecurityExtract_ESS_2026May13.csv,AD,STARMINE_COVERED,2,Immutable partition append from ESS normalization output; numeric provenance preserved.
RUN-REAL-ESS-20260513-002:2026-05-13:AORT:STARMINE_COVERED,2026-05-13,2026-05-13T15:28:42.825732+00:00,RUN-REAL-ESS-20260513-002,FIDELITY,SecurityExtract_ESS_2026May13.csv,AORT,STARMINE_COVERED,2,Immutable partition append from ESS normalization output; numeric provenance preserved.
RUN-REAL-ESS-20260513-002:2026-05-13:ARVN:STARMINE_COVERED,2026-05-13,2026-05-13T15:28:42.825732+00:00,RUN-REAL-ESS-20260513-002,FIDELITY,SecurityExtract_ESS_2026May13.csv,ARVN,STARMINE_COVERED,2,Immutable partition append from ESS normalization output; numeric provenance preserved.
RUN-REAL-ESS-20260513-002:2026-05-13:ASH:STARMINE_COVERED,2026-05-13,2026-05-13T15:28:42.825732+00:00,RUN-REAL-ESS-20260513-002,FIDELITY,SecurityExtract_ESS_2026May13.csv,ASH,STARMINE_COVERED,2,Immutable partition append from ESS normalization output; numeric provenance preserved.
RUN-REAL-ESS-20260513-002:2026-05-13:ASPN:STARMINE_COVERED,2026-05-13,2026-05-13T15:28:42.825732+00:00,RUN-REAL-ESS-20260513-002,FIDELITY,SecurityExtract_ESS_2026May13.csv,ASPN,STARMINE_COVERED,2,Immutable partition append from ESS normalization output; numeric provenance preserved.
RUN-REAL-ESS-20260513-002:2026-05-13:AIZ:STARMINE_COVERED,2026-05-13,2026-05-13T15:28:42.825732+00:00,RUN-REAL-ESS-20260513-002,FIDELITY,SecurityExtract_ESS_2026May13.csv,AIZ,STARMINE_COVERED,2,Immutable partition append from ESS normalization output; numeric provenance preserved.
RUN-REAL-ESS-20260513-002:2026-05-13:ASTH:STARMINE_COVERED,2026-05-13,2026-05-13T15:28:42.825732+00:00,RUN-REAL-ESS-20260513-002,FIDELITY,SecurityExtract_ESS_2026May13.csv,ASTH,STARMINE_COVERED,2,Immutable partition append from ESS normalization output; numeric provenance preserved.
RUN-REAL-ESS-20260513-002:2026-05-13:ATRA:STARMINE_COVERED,2026-05-13,2026-05-13T15:28:42.825732+00:00,RUN-REAL-ESS-20260513-002,FIDELITY,SecurityExtract_ESS_2026May13.csv,ATRA,STARMINE_COVERED,2,Immutable partition append from ESS normalization output; numeric provenance preserved.
RUN-REAL-ESS-20260513-002:2026-05-13:BATRK:STARMINE_COVERED,2026-05-13,2026-05-13T15:28:42.825732+00:00,RUN-REAL-ESS-20260513-002,FIDELITY,SecurityExtract_ESS_2026May13.csv,BATRK,STARMINE_COVERED,2,Immutable partition append from ESS normalization output; numeric provenance preserved.
RUN-REAL-ESS-20260513-002:2026-05-13:AVNW:STARMINE_COVERED,2026-05-13,2026-05-13T15:28:42.825732+00:00,RUN-REAL-ESS-20260513-002,FIDELITY,SecurityExtract_ESS_2026May13.csv,AVNW,STARMINE_COVERED,2,Immutable partition append from ESS normalization output; numeric provenance preserved.
RUN-REAL-ESS-20260513-002:2026-05-13:CAR:STARMINE_COVERED,2026-05-13,2026-05-13T15:28:42.825732+00:00,RUN-REAL-ESS-20260513-002,FIDELITY,SecurityExtract_ESS_2026May13.csv,CAR,STARMINE_COVERED,2,Immutable partition append from ESS normalization output; numeric provenance preserved.
RUN-REAL-ESS-20260513-002:2026-05-13:AXGN:STARMINE_COVERED,2026-05-13,2026-05-13T15:28:42.825732+00:00,RUN-REAL-ESS-20260513-002,FIDELITY,SecurityExtract_ESS_2026May13.csv,AXGN,STARMINE_COVERED,2,Immutable partition append from ESS normalization output; numeric provenance preserved.
RUN-REAL-ESS-20260513-002:2026-05-13:AXON:STARMINE_COVERED,2026-05-13,2026-05-13T15:28:42.825732+00:00,RUN-REAL-ESS-20260513-002,FIDELITY,SecurityExtract_ESS_2026May13.csv,AXON,STARMINE_COVERED,2,Immutable partition append from ESS normalization output; numeric provenance preserved.
RUN-REAL-ESS-20260513-002:2026-05-13:AXTI:STARMINE_COVERED,2026-05-13,2026-05-13T15:28:42.825732+00:00,RUN-REAL-ESS-20260513-002,FIDELITY,SecurityExtract_ESS_2026May13.csv,AXTI,STARMINE_COVERED,2,Immutable partition append from ESS normalization output; numeric provenance preserved.
RUN-REAL-ESS-20260513-002:2026-05-13:BIDU:STARMINE_COVERED,2026-05-13,2026-05-13T15:28:42.825732+00:00,RUN-REAL-ESS-20260513-002,FIDELITY,SecurityExtract_ESS_2026May13.csv,BIDU,STARMINE_COVERED,2,Immutable partition append from ESS normalization output; numeric provenance preserved.
RUN-REAL-ESS-20260513-002:2026-05-13:BALL:STARMINE_COVERED,2026-05-13,2026-05-13T15:28:42.825732+00:00,RUN-REAL-ESS-20260513-002,FIDELITY,SecurityExtract_ESS_2026May13.csv,BALL,STARMINE_COVERED,2,Immutable partition append from ESS normalization output; numeric provenance preserved.
RUN-REAL-ESS-20260513-002:2026-05-13:BLDP:STARMINE_COVERED,2026-05-13,2026-05-13T15:28:42.825732+00:00,RUN-REAL-ESS-20260513-002,FIDELITY,SecurityExtract_ESS_2026May13.csv,BLDP,STARMINE_COVERED,2,Immutable partition append from ESS normalization output; numeric provenance preserved.
RUN-REAL-ESS-20260513-002:2026-05-13:BANF:STARMINE_COVERED,2026-05-13,2026-05-13T15:28:42.825732+00:00,RUN-REAL-ESS-20260513-002,FIDELITY,SecurityExtract_ESS_2026May13.csv,BANF,STARMINE_COVERED,2,Immutable partition append from ESS normalization output; numeric provenance preserved.
RUN-REAL-ESS-20260513-002:2026-05-13:BFC:STARMINE_COVERED,2026-05-13,2026-05-13T15:28:42.825732+00:00,RUN-REAL-ESS-20260513-002,FIDELITY,SecurityExtract_ESS_2026May13.csv,BFC,STARMINE_COVERED,2,Immutable partition append from ESS normalization output; numeric provenance preserved.
RUN-REAL-ESS-20260513-002:2026-05-13:BOH:STARMINE_COVERED,2026-05-13,2026-05-13T15:28:42.825732+00:00,RUN-REAL-ESS-20260513-002,FIDELITY,SecurityExtract_ESS_2026May13.csv,BOH,STARMINE_COVERED,2,Immutable partition append from ESS normalization output; numeric provenance preserved.
RUN-REAL-ESS-20260513-002:2026-05-13:BMRC:STARMINE_COVERED,2026-05-13,2026-05-13T15:28:42.825732+00:00,RUN-REAL-ESS-20260513-002,FIDELITY,SecurityExtract_ESS_2026May13.csv,BMRC,STARMINE_COVERED,2,Immutable partition append from ESS normalization output; numeric provenance preserved.
RUN-REAL-ESS-20260513-002:2026-05-13:BSET:STARMINE_COVERED,2026-05-13,2026-05-13T15:28:42.825732+00:00,RUN-REAL-ESS-20260513-002,FIDELITY,SecurityExtract_ESS_2026May13.csv,BSET,STARMINE_COVERED,2,Immutable partition append from ESS normalization output; numeric provenance preserved.
RUN-REAL-ESS-20260513-002:2026-05-13:BBWI:STARMINE_COVERED,2026-05-13,2026-05-13T15:28:42.825732+00:00,RUN-REAL-ESS-20260513-002,FIDELITY,SecurityExtract_ESS_2026May13.csv,BBWI,STARMINE_COVERED,2,Immutable partition append from ESS normalization output; numeric provenance preserved.
RUN-REAL-ESS-20260513-002:2026-05-13:BAX:STARMINE_COVERED,2026-05-13,2026-05-13T15:28:42.825732+00:00,RUN-REAL-ESS-20260513-002,FIDELITY,SecurityExtract_ESS_2026May13.csv,BAX,STARMINE_COVERED,2,Immutable partition append from ESS normalization output; numeric provenance preserved.
RUN-REAL-ESS-20260513-002:2026-05-13:BEAM:STARMINE_COVERED,2026-05-13,2026-05-13T15:28:42.825732+00:00,RUN-REAL-ESS-20260513-002,FIDELITY,SecurityExtract_ESS_2026May13.csv,BEAM,STARMINE_COVERED,2,Immutable partition append from ESS normalization output; numeric provenance preserved.
RUN-REAL-ESS-20260513-002:2026-05-13:BZH:STARMINE_COVERED,2026-05-13,2026-05-13T15:28:42.825732+00:00,RUN-REAL-ESS-20260513-002,FIDELITY,SecurityExtract_ESS_2026May13.csv,BZH,STARMINE_COVERED,2,Immutable partition append from ESS normalization output; numeric provenance preserved.
RUN-REAL-ESS-20260513-002:2026-05-13:BYND:STARMINE_COVERED,2026-05-13,2026-05-13T15:28:42.825732+00:00,RUN-REAL-ESS-20260513-002,FIDELITY,SecurityExtract_ESS_2026May13.csv,BYND,STARMINE_COVERED,2,Immutable partition append from ESS normalization output; numeric provenance preserved.
RUN-REAL-ESS-20260513-002:2026-05-13:BL:STARMINE_COVERED,2026-05-13,2026-05-13T15:28:42.825732+00:00,RUN-REAL-ESS-20260513-002,FIDELITY,SecurityExtract_ESS_2026May13.csv,BL,STARMINE_COVERED,2,Immutable partition append from ESS normalization output; numeric provenance preserved.
RUN-REAL-ESS-20260513-002:2026-05-13:BLK:STARMINE_COVERED,2026-05-13,2026-05-13T15:28:42.825732+00:00,RUN-REAL-ESS-20260513-002,FIDELITY,SecurityExtract_ESS_2026May13.csv,BLK,STARMINE_COVERED,2,Immutable partition append from ESS normalization output; numeric provenance preserved.
RUN-REAL-ESS-20260513-002:2026-05-13:BX:STARMINE_COVERED,2026-05-13,2026-05-13T15:28:42.825732+00:00,RUN-REAL-ESS-20260513-002,FIDELITY,SecurityExtract_ESS_2026May13.csv,BX,STARMINE_COVERED,2,Immutable partition append from ESS normalization output; numeric provenance preserved.
RUN-REAL-ESS-20260513-002:2026-05-13:OWL:STARMINE_COVERED,2026-05-13,2026-05-13T15:28:42.825732+00:00,RUN-REAL-ESS-20260513-002,FIDELITY,SecurityExtract_ESS_2026May13.csv,OWL,STARMINE_COVERED,2,Immutable partition append from ESS normalization output; numeric provenance preserved.
RUN-REAL-ESS-20260513-002:2026-05-13:BBIO:STARMINE_COVERED,2026-05-13,2026-05-13T15:28:42.825732+00:00,RUN-REAL-ESS-20260513-002,FIDELITY,SecurityExtract_ESS_2026May13.csv,BBIO,STARMINE_COVERED,2,Immutable partition append from ESS normalization output; numeric provenance preserved.
RUN-REAL-ESS-20260513-002:2026-05-13:BRSL:STARMINE_COVERED,2026-05-13,2026-05-13T15:28:42.825732+00:00,RUN-REAL-ESS-20260513-002,FIDELITY,SecurityExtract_ESS_2026May13.csv,BRSL,STARMINE_COVERED,2,Immutable partition append from ESS normalization output; numeric provenance preserved.
RUN-REAL-ESS-20260513-002:2026-05-13:BCO:STARMINE_COVERED,2026-05-13,2026-05-13T15:28:42.825732+00:00,RUN-REAL-ESS-20260513-002,FIDELITY,SecurityExtract_ESS_2026May13.csv,BCO,STARMINE_COVERED,2,Immutable partition append from ESS normalization output; numeric provenance preserved.
RUN-REAL-ESS-20260513-002:2026-05-13:BKD:STARMINE_COVERED,2026-05-13,2026-05-13T15:28:42.825732+00:00,RUN-REAL-ESS-20260513-002,FIDELITY,SecurityExtract_ESS_2026May13.csv,BKD,STARMINE_COVERED,2,Immutable partition append from ESS normalization output; numeric provenance preserved.
RUN-REAL-ESS-20260513-002:2026-05-13:BF/B:STARMINE_COVERED,2026-05-13,2026-05-13T15:28:42.825732+00:00,RUN-REAL-ESS-20260513-002,FIDELITY,SecurityExtract_ESS_2026May13.csv,BF/B,STARMINE_COVERED,2,Immutable partition append from ESS normalization output; numeric provenance preserved.
RUN-REAL-ESS-20260513-002:2026-05-13:BLDR:STARMINE_COVERED,2026-05-13,2026-05-13T15:28:42.825732+00:00,RUN-REAL-ESS-20260513-002,FIDELITY,SecurityExtract_ESS_2026May13.csv,BLDR,STARMINE_COVERED,2,Immutable partition append from ESS normalization output; numeric provenance preserved.
RUN-REAL-ESS-20260513-002:2026-05-13:CACI:STARMINE_COVERED,2026-05-13,2026-05-13T15:28:42.825732+00:00,RUN-REAL-ESS-20260513-002,FIDELITY,SecurityExtract_ESS_2026May13.csv,CACI,STARMINE_COVERED,2,Immutable partition append from ESS normalization output; numeric provenance preserved.
RUN-REAL-ESS-20260513-002:2026-05-13:CDZI:STARMINE_COVERED,2026-05-13,2026-05-13T15:28:42.825732+00:00,RUN-REAL-ESS-20260513-002,FIDELITY,SecurityExtract_ESS_2026May13.csv,CDZI,STARMINE_COVERED,2,Immutable partition append from ESS normalization output; numeric provenance preserved.
RUN-REAL-ESS-20260513-002:2026-05-13:CAE:STARMINE_COVERED,2026-05-13,2026-05-13T15:28:42.825732+00:00,RUN-REAL-ESS-20260513-002,FIDELITY,SecurityExtract_ESS_2026May13.csv,CAE,STARMINE_COVERED,2,Immutable partition append from ESS normalization output; numeric provenance preserved.
RUN-REAL-ESS-20260513-002:2026-05-13:CZR:STARMINE_COVERED,2026-05-13,2026-05-13T15:28:42.825732+00:00,RUN-REAL-ESS-20260513-002,FIDELITY,SecurityExtract_ESS_2026May13.csv,CZR,STARMINE_COVERED,2,Immutable partition append from ESS normalization output; numeric provenance preserved.
RUN-REAL-ESS-20260513-002:2026-05-13:CAL:STARMINE_COVERED,2026-05-13,2026-05-13T15:28:42.825732+00:00,RUN-REAL-ESS-20260513-002,FIDELITY,SecurityExtract_ESS_2026May13.csv,CAL,STARMINE_COVERED,2,Immutable partition append from ESS normalization output; numeric provenance preserved.
RUN-REAL-ESS-20260513-002:2026-05-13:CWT:STARMINE_COVERED,2026-05-13,2026-05-13T15:28:42.825732+00:00,RUN-REAL-ESS-20260513-002,FIDELITY,SecurityExtract_ESS_2026May13.csv,CWT,STARMINE_COVERED,2,Immutable partition append from ESS normalization output; numeric provenance preserved.
RUN-REAL-ESS-20260513-002:2026-05-13:CALX:STARMINE_COVERED,2026-05-13,2026-05-13T15:28:42.825732+00:00,RUN-REAL-ESS-20260513-002,FIDELITY,SecurityExtract_ESS_2026May13.csv,CALX,STARMINE_COVERED,2,Immutable partition append from ESS normalization output; numeric provenance preserved.
RUN-REAL-ESS-20260513-002:2026-05-13:CPB:STARMINE_COVERED,2026-05-13,2026-05-13T15:28:42.825732+00:00,RUN-REAL-ESS-20260513-002,FIDELITY,SecurityExtract_ESS_2026May13.csv,CPB,STARMINE_COVERED,2,Immutable partition append from ESS normalization output; numeric provenance preserved.
RUN-REAL-ESS-20260513-002:2026-05-13:CWH:STARMINE_COVERED,2026-05-13,2026-05-13T15:28:42.825732+00:00,RUN-REAL-ESS-20260513-002,FIDELITY,SecurityExtract_ESS_2026May13.csv,CWH,STARMINE_COVERED,2,Immutable partition append from ESS normalization output; numeric provenance preserved.
RUN-REAL-ESS-20260513-002:2026-05-13:CNNE:STARMINE_COVERED,2026-05-13,2026-05-13T15:28:42.825732+00:00,RUN-REAL-ESS-20260513-002,FIDELITY,SecurityExtract_ESS_2026May13.csv,CNNE,STARMINE_COVERED,2,Immutable partition append from ESS normalization output; numeric provenance preserved.
RUN-REAL-ESS-20260513-002:2026-05-13:CGC:STARMINE_COVERED,2026-05-13,2026-05-13T15:28:42.825732+00:00,RUN-REAL-ESS-20260513-002,FIDELITY,SecurityExtract_ESS_2026May13.csv,CGC,STARMINE_COVERED,2,Immutable partition append from ESS normalization output; numeric provenance preserved.
RUN-REAL-ESS-20260513-002:2026-05-13:CPRI:STARMINE_COVERED,2026-05-13,2026-05-13T15:28:42.825732+00:00,RUN-REAL-ESS-20260513-002,FIDELITY,SecurityExtract_ESS_2026May13.csv,CPRI,STARMINE_COVERED,2,Immutable partition append from ESS normalization output; numeric provenance preserved.
RUN-REAL-ESS-20260513-002:2026-05-13:CG:STARMINE_COVERED,2026-05-13,2026-05-13T15:28:42.825732+00:00,RUN-REAL-ESS-20260513-002,FIDELITY,SecurityExtract_ESS_2026May13.csv,CG,STARMINE_COVERED,2,Immutable partition append from ESS normalization output; numeric provenance preserved.
RUN-REAL-ESS-20260513-002:2026-05-13:KMX:STARMINE_COVERED,2026-05-13,2026-05-13T15:28:42.825732+00:00,RUN-REAL-ESS-20260513-002,FIDELITY,SecurityExtract_ESS_2026May13.csv,KMX,STARMINE_COVERED,2,Immutable partition append from ESS normalization output; numeric provenance preserved.
RUN-REAL-ESS-20260513-002:2026-05-13:CWST:STARMINE_COVERED,2026-05-13,2026-05-13T15:28:42.825732+00:00,RUN-REAL-ESS-20260513-002,FIDELITY,SecurityExtract_ESS_2026May13.csv,CWST,STARMINE_COVERED,2,Immutable partition append from ESS normalization output; numeric provenance preserved.
RUN-REAL-ESS-20260513-002:2026-05-13:CBFV:STARMINE_COVERED,2026-05-13,2026-05-13T15:28:42.825732+00:00,RUN-REAL-ESS-20260513-002,FIDELITY,SecurityExtract_ESS_2026May13.csv,CBFV,STARMINE_COVERED,2,Immutable partition append from ESS normalization output; numeric provenance preserved.
RUN-REAL-ESS-20260513-002:2026-05-13:CLDX:STARMINE_COVERED,2026-05-13,2026-05-13T15:28:42.825732+00:00,RUN-REAL-ESS-20260513-002,FIDELITY,SecurityExtract_ESS_2026May13.csv,CLDX,STARMINE_COVERED,2,Immutable partition append from ESS normalization output; numeric provenance preserved.
RUN-REAL-ESS-20260513-002:2026-05-13:CELH:STARMINE_COVERED,2026-05-13,2026-05-13T15:28:42.825732+00:00,RUN-REAL-ESS-20260513-002,FIDELITY,SecurityExtract_ESS_2026May13.csv,CELH,STARMINE_COVERED,2,Immutable partition append from ESS normalization output; numeric provenance preserved.
RUN-REAL-ESS-20260513-002:2026-05-13:CNC:STARMINE_COVERED,2026-05-13,2026-05-13T15:28:42.825732+00:00,RUN-REAL-ESS-20260513-002,FIDELITY,SecurityExtract_ESS_2026May13.csv,CNC,STARMINE_COVERED,2,Immutable partition append from ESS normalization output; numeric provenance preserved.
RUN-REAL-ESS-20260513-002:2026-05-13:CSR:STARMINE_COVERED,2026-05-13,2026-05-13T15:28:42.825732+00:00,RUN-REAL-ESS-20260513-002,FIDELITY,SecurityExtract_ESS_2026May13.csv,CSR,STARMINE_COVERED,2,Immutable partition append from ESS normalization output; numeric provenance preserved.
RUN-REAL-ESS-20260513-002:2026-05-13:LEU:STARMINE_COVERED,2026-05-13,2026-05-13T15:28:42.825732+00:00,RUN-REAL-ESS-20260513-002,FIDELITY,SecurityExtract_ESS_2026May13.csv,LEU,STARMINE_COVERED,2,Immutable partition append from ESS normalization output; numeric provenance preserved.
RUN-REAL-ESS-20260513-002:2026-05-13:CCS:STARMINE_COVERED,2026-05-13,2026-05-13T15:28:42.825732+00:00,RUN-REAL-ESS-20260513-002,FIDELITY,SecurityExtract_ESS_2026May13.csv,CCS,STARMINE_COVERED,2,Immutable partition append from ESS normalization output; numeric provenance preserved.
RUN-REAL-ESS-20260513-002:2026-05-13:CERT:STARMINE_COVERED,2026-05-13,2026-05-13T15:28:42.825732+00:00,RUN-REAL-ESS-20260513-002,FIDELITY,SecurityExtract_ESS_2026May13.csv,CERT,STARMINE_COVERED,2,Immutable partition append from ESS normalization output; numeric provenance preserved.
RUN-REAL-ESS-20260513-002:2026-05-13:CEVA:STARMINE_COVERED,2026-05-13,2026-05-13T15:28:42.825732+00:00,RUN-REAL-ESS-20260513-002,FIDELITY,SecurityExtract_ESS_2026May13.csv,CEVA,STARMINE_COVERED,2,Immutable partition append from ESS normalization output; numeric provenance preserved.
RUN-REAL-ESS-20260513-002:2026-05-13:CHEF:STARMINE_COVERED,2026-05-13,2026-05-13T15:28:42.825732+00:00,RUN-REAL-ESS-20260513-002,FIDELITY,SecurityExtract_ESS_2026May13.csv,CHEF,STARMINE_COVERED,2,Immutable partition append from ESS normalization output; numeric provenance preserved.
RUN-REAL-ESS-20260513-002:2026-05-13:CLSK:STARMINE_COVERED,2026-05-13,2026-05-13T15:28:42.825732+00:00,RUN-REAL-ESS-20260513-002,FIDELITY,SecurityExtract_ESS_2026May13.csv,CLSK,STARMINE_COVERED,2,Immutable partition append from ESS normalization output; numeric provenance preserved.
RUN-REAL-ESS-20260513-002:2026-05-13:CLFD:STARMINE_COVERED,2026-05-13,2026-05-13T15:28:42.825732+00:00,RUN-REAL-ESS-20260513-002,FIDELITY,SecurityExtract_ESS_2026May13.csv,CLFD,STARMINE_COVERED,2,Immutable partition append from ESS normalization output; numeric provenance preserved.
RUN-REAL-ESS-20260513-002:2026-05-13:CLPT:STARMINE_COVERED,2026-05-13,2026-05-13T15:28:42.825732+00:00,RUN-REAL-ESS-20260513-002,FIDELITY,SecurityExtract_ESS_2026May13.csv,CLPT,STARMINE_COVERED,2,Immutable partition append from ESS normalization output; numeric provenance preserved.
RUN-REAL-ESS-20260513-002:2026-05-13:CWEN:STARMINE_COVERED,2026-05-13,2026-05-13T15:28:42.825732+00:00,RUN-REAL-ESS-20260513-002,FIDELITY,SecurityExtract_ESS_2026May13.csv,CWEN,STARMINE_COVERED,2,Immutable partition append from ESS normalization output; numeric provenance preserved.
RUN-REAL-ESS-20260513-002:2026-05-13:CLF:STARMINE_COVERED,2026-05-13,2026-05-13T15:28:42.825732+00:00,RUN-REAL-ESS-20260513-002,FIDELITY,SecurityExtract_ESS_2026May13.csv,CLF,STARMINE_COVERED,2,Immutable partition append from ESS normalization output; numeric provenance preserved.
RUN-REAL-ESS-20260513-002:2026-05-13:CLX:STARMINE_COVERED,2026-05-13,2026-05-13T15:28:42.825732+00:00,RUN-REAL-ESS-20260513-002,FIDELITY,SecurityExtract_ESS_2026May13.csv,CLX,STARMINE_COVERED,2,Immutable partition append from ESS normalization output; numeric provenance preserved.
RUN-REAL-ESS-20260513-002:2026-05-13:CNH:STARMINE_COVERED,2026-05-13,2026-05-13T15:28:42.825732+00:00,RUN-REAL-ESS-20260513-002,FIDELITY,SecurityExtract_ESS_2026May13.csv,CNH,STARMINE_COVERED,2,Immutable partition append from ESS normalization output; numeric provenance preserved.
RUN-REAL-ESS-20260513-002:2026-05-13:CNO:STARMINE_COVERED,2026-05-13,2026-05-13T15:28:42.825732+00:00,RUN-REAL-ESS-20260513-002,FIDELITY,SecurityExtract_ESS_2026May13.csv,CNO,STARMINE_COVERED,2,Immutable partition append from ESS normalization output; numeric provenance preserved.
RUN-REAL-ESS-20260513-002:2026-05-13:CODX:STARMINE_COVERED,2026-05-13,2026-05-13T15:28:42.825732+00:00,RUN-REAL-ESS-20260513-002,FIDELITY,SecurityExtract_ESS_2026May13.csv,CODX,STARMINE_COVERED,2,Immutable partition append from ESS normalization output; numeric provenance preserved.
RUN-REAL-ESS-20260513-002:2026-05-13:CDE:STARMINE_COVERED,2026-05-13,2026-05-13T15:28:42.825732+00:00,RUN-REAL-ESS-20260513-002,FIDELITY,SecurityExtract_ESS_2026May13.csv,CDE,STARMINE_COVERED,2,Immutable partition append from ESS normalization output; numeric provenance preserved.
RUN-REAL-ESS-20260513-002:2026-05-13:COIN:STARMINE_COVERED,2026-05-13,2026-05-13T15:28:42.825732+00:00,RUN-REAL-ESS-20260513-002,FIDELITY,SecurityExtract_ESS_2026May13.csv,COIN,STARMINE_COVERED,2,Immutable partition append from ESS normalization output; numeric provenance preserved.
RUN-REAL-ESS-20260513-002:2026-05-13:COLB:STARMINE_COVERED,2026-05-13,2026-05-13T15:28:42.825732+00:00,RUN-REAL-ESS-20260513-002,FIDELITY,SecurityExtract_ESS_2026May13.csv,COLB,STARMINE_COVERED,2,Immutable partition append from ESS normalization output; numeric provenance preserved.
RUN-REAL-ESS-20260513-002:2026-05-13:CLBK:STARMINE_COVERED,2026-05-13,2026-05-13T15:28:42.825732+00:00,RUN-REAL-ESS-20260513-002,FIDELITY,SecurityExtract_ESS_2026May13.csv,CLBK,STARMINE_COVERED,2,Immutable partition append from ESS normalization output; numeric provenance preserved.
RUN-REAL-ESS-20260513-002:2026-05-13:CMC:STARMINE_COVERED,2026-05-13,2026-05-13T15:28:42.825732+00:00,RUN-REAL-ESS-20260513-002,FIDELITY,SecurityExtract_ESS_2026May13.csv,CMC,STARMINE_COVERED,2,Immutable partition append from ESS normalization output; numeric provenance preserved.
RUN-REAL-ESS-20260513-002:2026-05-13:CBU:STARMINE_COVERED,2026-05-13,2026-05-13T15:28:42.825732+00:00,RUN-REAL-ESS-20260513-002,FIDELITY,SecurityExtract_ESS_2026May13.csv,CBU,STARMINE_COVERED,2,Immutable partition append from ESS normalization output; numeric provenance preserved.
RUN-REAL-ESS-20260513-002:2026-05-13:CODI:STARMINE_COVERED,2026-05-13,2026-05-13T15:28:42.825732+00:00,RUN-REAL-ESS-20260513-002,FIDELITY,SecurityExtract_ESS_2026May13.csv,CODI,STARMINE_COVERED,2,Immutable partition append from ESS normalization output; numeric provenance preserved.
RUN-REAL-ESS-20260513-002:2026-05-13:CON:STARMINE_COVERED,2026-05-13,2026-05-13T15:28:42.825732+00:00,RUN-REAL-ESS-20260513-002,FIDELITY,SecurityExtract_ESS_2026May13.csv,CON,STARMINE_COVERED,2,Immutable partition append from ESS normalization output; numeric provenance preserved.
RUN-REAL-ESS-20260513-002:2026-05-13:CNXC:STARMINE_COVERED,2026-05-13,2026-05-13T15:28:42.825732+00:00,RUN-REAL-ESS-20260513-002,FIDELITY,SecurityExtract_ESS_2026May13.csv,CNXC,STARMINE_COVERED,2,Immutable partition append from ESS normalization output; numeric provenance preserved.
RUN-REAL-ESS-20260513-002:2026-05-13:STZ:STARMINE_COVERED,2026-05-13,2026-05-13T15:28:42.825732+00:00,RUN-REAL-ESS-20260513-002,FIDELITY,SecurityExtract_ESS_2026May13.csv,STZ,STARMINE_COVERED,2,Immutable partition append from ESS normalization output; numeric provenance preserved.
RUN-REAL-ESS-20260513-002:2026-05-13:CEG:STARMINE_COVERED,2026-05-13,2026-05-13T15:28:42.825732+00:00,RUN-REAL-ESS-20260513-002,FIDELITY,SecurityExtract_ESS_2026May13.csv,CEG,STARMINE_COVERED,2,Immutable partition append from ESS normalization output; numeric provenance preserved.
RUN-REAL-ESS-20260513-002:2026-05-13:CPA:STARMINE_COVERED,2026-05-13,2026-05-13T15:28:42.825732+00:00,RUN-REAL-ESS-20260513-002,FIDELITY,SecurityExtract_ESS_2026May13.csv,CPA,STARMINE_COVERED,2,Immutable partition append from ESS normalization output; numeric provenance preserved.
RUN-REAL-ESS-20260513-002:2026-05-13:CORT:STARMINE_COVERED,2026-05-13,2026-05-13T15:28:42.825732+00:00,RUN-REAL-ESS-20260513-002,FIDELITY,SecurityExtract_ESS_2026May13.csv,CORT,STARMINE_COVERED,2,Immutable partition append from ESS normalization output; numeric provenance preserved.
RUN-REAL-ESS-20260513-002:2026-05-13:CNR:STARMINE_COVERED,2026-05-13,2026-05-13T15:28:42.825732+00:00,RUN-REAL-ESS-20260513-002,FIDELITY,SecurityExtract_ESS_2026May13.csv,CNR,STARMINE_COVERED,2,Immutable partition append from ESS normalization output; numeric provenance preserved.
RUN-REAL-ESS-20260513-002:2026-05-13:CRBG:STARMINE_COVERED,2026-05-13,2026-05-13T15:28:42.825732+00:00,RUN-REAL-ESS-20260513-002,FIDELITY,SecurityExtract_ESS_2026May13.csv,CRBG,STARMINE_COVERED,2,Immutable partition append from ESS normalization output; numeric provenance preserved.
RUN-REAL-ESS-20260513-002:2026-05-13:CSGP:STARMINE_COVERED,2026-05-13,2026-05-13T15:28:42.825732+00:00,RUN-REAL-ESS-20260513-002,FIDELITY,SecurityExtract_ESS_2026May13.csv,CSGP,STARMINE_COVERED,2,Immutable partition append from ESS normalization output; numeric provenance preserved.
RUN-REAL-ESS-20260513-002:2026-05-13:COTY:STARMINE_COVERED,2026-05-13,2026-05-13T15:28:42.825732+00:00,RUN-REAL-ESS-20260513-002,FIDELITY,SecurityExtract_ESS_2026May13.csv,COTY,STARMINE_COVERED,2,Immutable partition append from ESS normalization output; numeric provenance preserved.
RUN-REAL-ESS-20260513-002:2026-05-13:CPNG:STARMINE_COVERED,2026-05-13,2026-05-13T15:28:42.825732+00:00,RUN-REAL-ESS-20260513-002,FIDELITY,SecurityExtract_ESS_2026May13.csv,CPNG,STARMINE_COVERED,2,Immutable partition append from ESS normalization output; numeric provenance preserved.
RUN-REAL-ESS-20260513-002:2026-05-13:CBRL:STARMINE_COVERED,2026-05-13,2026-05-13T15:28:42.825732+00:00,RUN-REAL-ESS-20260513-002,FIDELITY,SecurityExtract_ESS_2026May13.csv,CBRL,STARMINE_COVERED,2,Immutable partition append from ESS normalization output; numeric provenance preserved.
RUN-REAL-ESS-20260513-002:2026-05-13:CR:STARMINE_COVERED,2026-05-13,2026-05-13T15:28:42.825732+00:00,RUN-REAL-ESS-20260513-002,FIDELITY,SecurityExtract_ESS_2026May13.csv,CR,STARMINE_COVERED,2,Immutable partition append from ESS normalization output; numeric provenance preserved.
RUN-REAL-ESS-20260513-002:2026-05-13:CBIO:STARMINE_COVERED,2026-05-13,2026-05-13T15:28:42.825732+00:00,RUN-REAL-ESS-20260513-002,FIDELITY,SecurityExtract_ESS_2026May13.csv,CBIO,STARMINE_COVERED,2,Immutable partition append from ESS normalization output; numeric provenance preserved.
RUN-REAL-ESS-20260513-002:2026-05-13:CXDO:STARMINE_COVERED,2026-05-13,2026-05-13T15:28:42.825732+00:00,RUN-REAL-ESS-20260513-002,FIDELITY,SecurityExtract_ESS_2026May13.csv,CXDO,STARMINE_COVERED,2,Immutable partition append from ESS normalization output; numeric provenance preserved.
RUN-REAL-ESS-20260513-002:2026-05-13:CRNX:STARMINE_COVERED,2026-05-13,2026-05-13T15:28:42.825732+00:00,RUN-REAL-ESS-20260513-002,FIDELITY,SecurityExtract_ESS_2026May13.csv,CRNX,STARMINE_COVERED,2,Immutable partition append from ESS normalization output; numeric provenance preserved.
RUN-REAL-ESS-20260513-002:2026-05-13:CRSP:STARMINE_COVERED,2026-05-13,2026-05-13T15:28:42.825732+00:00,RUN-REAL-ESS-20260513-002,FIDELITY,SecurityExtract_ESS_2026May13.csv,CRSP,STARMINE_COVERED,2,Immutable partition append from ESS normalization output; numeric provenance preserved.
RUN-REAL-ESS-20260513-002:2026-05-13:CRON:STARMINE_COVERED,2026-05-13,2026-05-13T15:28:42.825732+00:00,RUN-REAL-ESS-20260513-002,FIDELITY,SecurityExtract_ESS_2026May13.csv,CRON,STARMINE_COVERED,2,Immutable partition append from ESS normalization output; numeric provenance preserved.
RUN-REAL-ESS-20260513-002:2026-05-13:CSW:STARMINE_COVERED,2026-05-13,2026-05-13T15:28:42.825732+00:00,RUN-REAL-ESS-20260513-002,FIDELITY,SecurityExtract_ESS_2026May13.csv,CSW,STARMINE_COVERED,2,Immutable partition append from ESS normalization output; numeric provenance preserved.
RUN-REAL-ESS-20260513-002:2026-05-13:CULP:STARMINE_COVERED,2026-05-13,2026-05-13T15:28:42.825732+00:00,RUN-REAL-ESS-20260513-002,FIDELITY,SecurityExtract_ESS_2026May13.csv,CULP,STARMINE_COVERED,2,Immutable partition append from ESS normalization output; numeric provenance preserved.
RUN-REAL-ESS-20260513-002:2026-05-13:CURB:STARMINE_COVERED,2026-05-13,2026-05-13T15:28:42.825732+00:00,RUN-REAL-ESS-20260513-002,FIDELITY,SecurityExtract_ESS_2026May13.csv,CURB,STARMINE_COVERED,2,Immutable partition append from ESS normalization output; numeric provenance preserved.
RUN-REAL-ESS-20260513-002:2026-05-13:CVBF:STARMINE_COVERED,2026-05-13,2026-05-13T15:28:42.825732+00:00,RUN-REAL-ESS-20260513-002,FIDELITY,SecurityExtract_ESS_2026May13.csv,CVBF,STARMINE_COVERED,2,Immutable partition append from ESS normalization output; numeric provenance preserved.
RUN-REAL-ESS-20260513-002:2026-05-13:CTKB:STARMINE_COVERED,2026-05-13,2026-05-13T15:28:42.825732+00:00,RUN-REAL-ESS-20260513-002,FIDELITY,SecurityExtract_ESS_2026May13.csv,CTKB,STARMINE_COVERED,2,Immutable partition append from ESS normalization output; numeric provenance preserved.
RUN-REAL-ESS-20260513-002:2026-05-13:CYTK:STARMINE_COVERED,2026-05-13,2026-05-13T15:28:42.825732+00:00,RUN-REAL-ESS-20260513-002,FIDELITY,SecurityExtract_ESS_2026May13.csv,CYTK,STARMINE_COVERED,2,Immutable partition append from ESS normalization output; numeric provenance preserved.
RUN-REAL-ESS-20260513-002:2026-05-13:DJCO:STARMINE_COVERED,2026-05-13,2026-05-13T15:28:42.825732+00:00,RUN-REAL-ESS-20260513-002,FIDELITY,SecurityExtract_ESS_2026May13.csv,DJCO,STARMINE_COVERED,2,Immutable partition append from ESS normalization output; numeric provenance preserved.
RUN-REAL-ESS-20260513-002:2026-05-13:DAKT:STARMINE_COVERED,2026-05-13,2026-05-13T15:28:42.825732+00:00,RUN-REAL-ESS-20260513-002,FIDELITY,SecurityExtract_ESS_2026May13.csv,DAKT,STARMINE_COVERED,2,Immutable partition append from ESS normalization output; numeric provenance preserved.
RUN-REAL-ESS-20260513-002:2026-05-13:DHR:STARMINE_COVERED,2026-05-13,2026-05-13T15:28:42.825732+00:00,RUN-REAL-ESS-20260513-002,FIDELITY,SecurityExtract_ESS_2026May13.csv,DHR,STARMINE_COVERED,2,Immutable partition append from ESS normalization output; numeric provenance preserved.
RUN-REAL-ESS-20260513-002:2026-05-13:DQ:STARMINE_COVERED,2026-05-13,2026-05-13T15:28:42.825732+00:00,RUN-REAL-ESS-20260513-002,FIDELITY,SecurityExtract_ESS_2026May13.csv,DQ,STARMINE_COVERED,2,Immutable partition append from ESS normalization output; numeric provenance preserved.
RUN-REAL-ESS-20260513-002:2026-05-13:DAIO:STARMINE_COVERED,2026-05-13,2026-05-13T15:28:42.825732+00:00,RUN-REAL-ESS-20260513-002,FIDELITY,SecurityExtract_ESS_2026May13.csv,DAIO,STARMINE_COVERED,2,Immutable partition append from ESS normalization output; numeric provenance preserved.
RUN-REAL-ESS-20260513-002:2026-05-13:PLAY:STARMINE_COVERED,2026-05-13,2026-05-13T15:28:42.825732+00:00,RUN-REAL-ESS-20260513-002,FIDELITY,SecurityExtract_ESS_2026May13.csv,PLAY,STARMINE_COVERED,2,Immutable partition append from ESS normalization output; numeric provenance preserved.
RUN-REAL-ESS-20260513-002:2026-05-13:DEO:STARMINE_COVERED,2026-05-13,2026-05-13T15:28:42.825732+00:00,RUN-REAL-ESS-20260513-002,FIDELITY,SecurityExtract_ESS_2026May13.csv,DEO,STARMINE_COVERED,2,Immutable partition append from ESS normalization output; numeric provenance preserved.
RUN-REAL-ESS-20260513-002:2026-05-13:DKS:STARMINE_COVERED,2026-05-13,2026-05-13T15:28:42.825732+00:00,RUN-REAL-ESS-20260513-002,FIDELITY,SecurityExtract_ESS_2026May13.csv,DKS,STARMINE_COVERED,2,Immutable partition append from ESS normalization output; numeric provenance preserved.
RUN-REAL-ESS-20260513-002:2026-05-13:DSGR:STARMINE_COVERED,2026-05-13,2026-05-13T15:28:42.825732+00:00,RUN-REAL-ESS-20260513-002,FIDELITY,SecurityExtract_ESS_2026May13.csv,DSGR,STARMINE_COVERED,2,Immutable partition append from ESS normalization output; numeric provenance preserved.
RUN-REAL-ESS-20260513-002:2026-05-13:DLHC:STARMINE_COVERED,2026-05-13,2026-05-13T15:28:42.825732+00:00,RUN-REAL-ESS-20260513-002,FIDELITY,SecurityExtract_ESS_2026May13.csv,DLHC,STARMINE_COVERED,2,Immutable partition append from ESS normalization output; numeric provenance preserved.
RUN-REAL-ESS-20260513-002:2026-05-13:BOOM:STARMINE_COVERED,2026-05-13,2026-05-13T15:28:42.825732+00:00,RUN-REAL-ESS-20260513-002,FIDELITY,SecurityExtract_ESS_2026May13.csv,BOOM,STARMINE_COVERED,2,Immutable partition append from ESS normalization output; numeric provenance preserved.
RUN-REAL-ESS-20260513-002:2026-05-13:DNOW:STARMINE_COVERED,2026-05-13,2026-05-13T15:28:42.825732+00:00,RUN-REAL-ESS-20260513-002,FIDELITY,SecurityExtract_ESS_2026May13.csv,DNOW,STARMINE_COVERED,2,Immutable partition append from ESS normalization output; numeric provenance preserved.
RUN-REAL-ESS-20260513-002:2026-05-13:DLTR:STARMINE_COVERED,2026-05-13,2026-05-13T15:28:42.825732+00:00,RUN-REAL-ESS-20260513-002,FIDELITY,SecurityExtract_ESS_2026May13.csv,DLTR,STARMINE_COVERED,2,Immutable partition append from ESS normalization output; numeric provenance preserved.
RUN-REAL-ESS-20260513-002:2026-05-13:D:STARMINE_COVERED,2026-05-13,2026-05-13T15:28:42.825732+00:00,RUN-REAL-ESS-20260513-002,FIDELITY,SecurityExtract_ESS_2026May13.csv,D,STARMINE_COVERED,2,Immutable partition append from ESS normalization output; numeric provenance preserved.
RUN-REAL-ESS-20260513-002:2026-05-13:DCI:STARMINE_COVERED,2026-05-13,2026-05-13T15:28:42.825732+00:00,RUN-REAL-ESS-20260513-002,FIDELITY,SecurityExtract_ESS_2026May13.csv,DCI,STARMINE_COVERED,2,Immutable partition append from ESS normalization output; numeric provenance preserved.
RUN-REAL-ESS-20260513-002:2026-05-13:DASH:STARMINE_COVERED,2026-05-13,2026-05-13T15:28:42.825732+00:00,RUN-REAL-ESS-20260513-002,FIDELITY,SecurityExtract_ESS_2026May13.csv,DASH,STARMINE_COVERED,2,Immutable partition append from ESS normalization output; numeric provenance preserved.
RUN-REAL-ESS-20260513-002:2026-05-13:DORM:STARMINE_COVERED,2026-05-13,2026-05-13T15:28:42.825732+00:00,RUN-REAL-ESS-20260513-002,FIDELITY,SecurityExtract_ESS_2026May13.csv,DORM,STARMINE_COVERED,2,Immutable partition append from ESS normalization output; numeric provenance preserved.
RUN-REAL-ESS-20260513-002:2026-05-13:DKNG:STARMINE_COVERED,2026-05-13,2026-05-13T15:28:42.825732+00:00,RUN-REAL-ESS-20260513-002,FIDELITY,SecurityExtract_ESS_2026May13.csv,DKNG,STARMINE_COVERED,2,Immutable partition append from ESS normalization output; numeric provenance preserved.
RUN-REAL-ESS-20260513-002:2026-05-13:DFH:STARMINE_COVERED,2026-05-13,2026-05-13T15:28:42.825732+00:00,RUN-REAL-ESS-20260513-002,FIDELITY,SecurityExtract_ESS_2026May13.csv,DFH,STARMINE_COVERED,2,Immutable partition append from ESS normalization output; numeric provenance preserved.
RUN-REAL-ESS-20260513-002:2026-05-13:DTM:STARMINE_COVERED,2026-05-13,2026-05-13T15:28:42.825732+00:00,RUN-REAL-ESS-20260513-002,FIDELITY,SecurityExtract_ESS_2026May13.csv,DTM,STARMINE_COVERED,2,Immutable partition append from ESS normalization output; numeric provenance preserved.
RUN-REAL-ESS-20260513-002:2026-05-13:DXC:STARMINE_COVERED,2026-05-13,2026-05-13T15:28:42.825732+00:00,RUN-REAL-ESS-20260513-002,FIDELITY,SecurityExtract_ESS_2026May13.csv,DXC,STARMINE_COVERED,2,Immutable partition append from ESS normalization output; numeric provenance preserved.
RUN-REAL-ESS-20260513-002:2026-05-13:ELF:STARMINE_COVERED,2026-05-13,2026-05-13T15:28:42.825732+00:00,RUN-REAL-ESS-20260513-002,FIDELITY,SecurityExtract_ESS_2026May13.csv,ELF,STARMINE_COVERED,2,Immutable partition append from ESS normalization output; numeric provenance preserved.
RUN-REAL-ESS-20260513-002:2026-05-13:EDAP:STARMINE_COVERED,2026-05-13,2026-05-13T15:28:42.825732+00:00,RUN-REAL-ESS-20260513-002,FIDELITY,SecurityExtract_ESS_2026May13.csv,EDAP,STARMINE_COVERED,2,Immutable partition append from ESS normalization output; numeric provenance preserved.
RUN-REAL-ESS-20260513-002:2026-05-13:EPC:STARMINE_COVERED,2026-05-13,2026-05-13T15:28:42.825732+00:00,RUN-REAL-ESS-20260513-002,FIDELITY,SecurityExtract_ESS_2026May13.csv,EPC,STARMINE_COVERED,2,Immutable partition append from ESS normalization output; numeric provenance preserved.
RUN-REAL-ESS-20260513-002:2026-05-13:ESTC:STARMINE_COVERED,2026-05-13,2026-05-13T15:28:42.825732+00:00,RUN-REAL-ESS-20260513-002,FIDELITY,SecurityExtract_ESS_2026May13.csv,ESTC,STARMINE_COVERED,2,Immutable partition append from ESS normalization output; numeric provenance preserved.
RUN-REAL-ESS-20260513-002:2026-05-13:EGO:STARMINE_COVERED,2026-05-13,2026-05-13T15:28:42.825732+00:00,RUN-REAL-ESS-20260513-002,FIDELITY,SecurityExtract_ESS_2026May13.csv,EGO,STARMINE_COVERED,2,Immutable partition append from ESS normalization output; numeric provenance preserved.
RUN-REAL-ESS-20260513-002:2026-05-13:EFC:STARMINE_COVERED,2026-05-13,2026-05-13T15:28:42.825732+00:00,RUN-REAL-ESS-20260513-002,FIDELITY,SecurityExtract_ESS_2026May13.csv,EFC,STARMINE_COVERED,2,Immutable partition append from ESS normalization output; numeric provenance preserved.
RUN-REAL-ESS-20260513-002:2026-05-13:EEX:STARMINE_COVERED,2026-05-13,2026-05-13T15:28:42.825732+00:00,RUN-REAL-ESS-20260513-002,FIDELITY,SecurityExtract_ESS_2026May13.csv,EEX,STARMINE_COVERED,2,Immutable partition append from ESS normalization output; numeric provenance preserved.
RUN-REAL-ESS-20260513-002:2026-05-13:DAVA:STARMINE_COVERED,2026-05-13,2026-05-13T15:28:42.825732+00:00,RUN-REAL-ESS-20260513-002,FIDELITY,SecurityExtract_ESS_2026May13.csv,DAVA,STARMINE_COVERED,2,Immutable partition append from ESS normalization output; numeric provenance preserved.
RUN-REAL-ESS-20260513-002:2026-05-13:ERII:STARMINE_COVERED,2026-05-13,2026-05-13T15:28:42.825732+00:00,RUN-REAL-ESS-20260513-002,FIDELITY,SecurityExtract_ESS_2026May13.csv,ERII,STARMINE_COVERED,2,Immutable partition append from ESS normalization output; numeric provenance preserved.
RUN-REAL-ESS-20260513-002:2026-05-13:ENPH:STARMINE_COVERED,2026-05-13,2026-05-13T15:28:42.825732+00:00,RUN-REAL-ESS-20260513-002,FIDELITY,SecurityExtract_ESS_2026May13.csv,ENPH,STARMINE_COVERED,2,Immutable partition append from ESS normalization output; numeric provenance preserved.
RUN-REAL-ESS-20260513-002:2026-05-13:EFX:STARMINE_COVERED,2026-05-13,2026-05-13T15:28:42.825732+00:00,RUN-REAL-ESS-20260513-002,FIDELITY,SecurityExtract_ESS_2026May13.csv,EFX,STARMINE_COVERED,2,Immutable partition append from ESS normalization output; numeric provenance preserved.
RUN-REAL-ESS-20260513-002:2026-05-13:EQBK:STARMINE_COVERED,2026-05-13,2026-05-13T15:28:42.825732+00:00,RUN-REAL-ESS-20260513-002,FIDELITY,SecurityExtract_ESS_2026May13.csv,EQBK,STARMINE_COVERED,2,Immutable partition append from ESS normalization output; numeric provenance preserved.
RUN-REAL-ESS-20260513-002:2026-05-13:ERIE:STARMINE_COVERED,2026-05-13,2026-05-13T15:28:42.825732+00:00,RUN-REAL-ESS-20260513-002,FIDELITY,SecurityExtract_ESS_2026May13.csv,ERIE,STARMINE_COVERED,2,Immutable partition append from ESS normalization output; numeric provenance preserved.
RUN-REAL-ESS-20260513-002:2026-05-13:EL:STARMINE_COVERED,2026-05-13,2026-05-13T15:28:42.825732+00:00,RUN-REAL-ESS-20260513-002,FIDELITY,SecurityExtract_ESS_2026May13.csv,EL,STARMINE_COVERED,2,Immutable partition append from ESS normalization output; numeric provenance preserved.
RUN-REAL-ESS-20260513-002:2026-05-13:ETD:STARMINE_COVERED,2026-05-13,2026-05-13T15:28:42.825732+00:00,RUN-REAL-ESS-20260513-002,FIDELITY,SecurityExtract_ESS_2026May13.csv,ETD,STARMINE_COVERED,2,Immutable partition append from ESS normalization output; numeric provenance preserved.
RUN-REAL-ESS-20260513-002:2026-05-13:EFOR:STARMINE_COVERED,2026-05-13,2026-05-13T15:28:42.825732+00:00,RUN-REAL-ESS-20260513-002,FIDELITY,SecurityExtract_ESS_2026May13.csv,EFOR,STARMINE_COVERED,2,Immutable partition append from ESS normalization output; numeric provenance preserved.
RUN-REAL-ESS-20260513-002:2026-05-13:P:STARMINE_COVERED,2026-05-13,2026-05-13T15:28:42.825732+00:00,RUN-REAL-ESS-20260513-002,FIDELITY,SecurityExtract_ESS_2026May13.csv,P,STARMINE_COVERED,2,Immutable partition append from ESS normalization output; numeric provenance preserved.
RUN-REAL-ESS-20260513-002:2026-05-13:EVH:STARMINE_COVERED,2026-05-13,2026-05-13T15:28:42.825732+00:00,RUN-REAL-ESS-20260513-002,FIDELITY,SecurityExtract_ESS_2026May13.csv,EVH,STARMINE_COVERED,2,Immutable partition append from ESS normalization output; numeric provenance preserved.
RUN-REAL-ESS-20260513-002:2026-05-13:EE:STARMINE_COVERED,2026-05-13,2026-05-13T15:28:42.825732+00:00,RUN-REAL-ESS-20260513-002,FIDELITY,SecurityExtract_ESS_2026May13.csv,EE,STARMINE_COVERED,2,Immutable partition append from ESS normalization output; numeric provenance preserved.
RUN-REAL-ESS-20260513-002:2026-05-13:AGNT:STARMINE_COVERED,2026-05-13,2026-05-13T15:28:42.825732+00:00,RUN-REAL-ESS-20260513-002,FIDELITY,SecurityExtract_ESS_2026May13.csv,AGNT,STARMINE_COVERED,2,Immutable partition append from ESS normalization output; numeric provenance preserved.
RUN-REAL-ESS-20260513-002:2026-05-13:EXPO:STARMINE_COVERED,2026-05-13,2026-05-13T15:28:42.825732+00:00,RUN-REAL-ESS-20260513-002,FIDELITY,SecurityExtract_ESS_2026May13.csv,EXPO,STARMINE_COVERED,2,Immutable partition append from ESS normalization output; numeric provenance preserved.
RUN-REAL-ESS-20260513-002:2026-05-13:FICO:STARMINE_COVERED,2026-05-13,2026-05-13T15:28:42.825732+00:00,RUN-REAL-ESS-20260513-002,FIDELITY,SecurityExtract_ESS_2026May13.csv,FICO,STARMINE_COVERED,2,Immutable partition append from ESS normalization output; numeric provenance preserved.
RUN-REAL-ESS-20260513-002:2026-05-13:FENC:STARMINE_COVERED,2026-05-13,2026-05-13T15:28:42.825732+00:00,RUN-REAL-ESS-20260513-002,FIDELITY,SecurityExtract_ESS_2026May13.csv,FENC,STARMINE_COVERED,2,Immutable partition append from ESS normalization output; numeric provenance preserved.
RUN-REAL-ESS-20260513-002:2026-05-13:GSM:STARMINE_COVERED,2026-05-13,2026-05-13T15:28:42.825732+00:00,RUN-REAL-ESS-20260513-002,FIDELITY,SecurityExtract_ESS_2026May13.csv,GSM,STARMINE_COVERED,2,Immutable partition append from ESS normalization output; numeric provenance preserved.
RUN-REAL-ESS-20260513-002:2026-05-13:FLY:STARMINE_COVERED,2026-05-13,2026-05-13T15:28:42.825732+00:00,RUN-REAL-ESS-20260513-002,FIDELITY,SecurityExtract_ESS_2026May13.csv,FLY,STARMINE_COVERED,2,Immutable partition append from ESS normalization output; numeric provenance preserved.
RUN-REAL-ESS-20260513-002:2026-05-13:BUSE:STARMINE_COVERED,2026-05-13,2026-05-13T15:28:42.825732+00:00,RUN-REAL-ESS-20260513-002,FIDELITY,SecurityExtract_ESS_2026May13.csv,BUSE,STARMINE_COVERED,2,Immutable partition append from ESS normalization output; numeric provenance preserved.
RUN-REAL-ESS-20260513-002:2026-05-13:FCNCA:STARMINE_COVERED,2026-05-13,2026-05-13T15:28:42.825732+00:00,RUN-REAL-ESS-20260513-002,FIDELITY,SecurityExtract_ESS_2026May13.csv,FCNCA,STARMINE_COVERED,2,Immutable partition append from ESS normalization output; numeric provenance preserved.
RUN-REAL-ESS-20260513-002:2026-05-13:FFIN:STARMINE_COVERED,2026-05-13,2026-05-13T15:28:42.825732+00:00,RUN-REAL-ESS-20260513-002,FIDELITY,SecurityExtract_ESS_2026May13.csv,FFIN,STARMINE_COVERED,2,Immutable partition append from ESS normalization output; numeric provenance preserved.
RUN-REAL-ESS-20260513-002:2026-05-13:FRME:STARMINE_COVERED,2026-05-13,2026-05-13T15:28:42.825732+00:00,RUN-REAL-ESS-20260513-002,FIDELITY,SecurityExtract_ESS_2026May13.csv,FRME,STARMINE_COVERED,2,Immutable partition append from ESS normalization output; numeric provenance preserved.
RUN-REAL-ESS-20260513-002:2026-05-13:FXNC:STARMINE_COVERED,2026-05-13,2026-05-13T15:28:42.825732+00:00,RUN-REAL-ESS-20260513-002,FIDELITY,SecurityExtract_ESS_2026May13.csv,FXNC,STARMINE_COVERED,2,Immutable partition append from ESS normalization output; numeric provenance preserved.
RUN-REAL-ESS-20260513-002:2026-05-13:FLG:STARMINE_COVERED,2026-05-13,2026-05-13T15:28:42.825732+00:00,RUN-REAL-ESS-20260513-002,FIDELITY,SecurityExtract_ESS_2026May13.csv,FLG,STARMINE_COVERED,2,Immutable partition append from ESS normalization output; numeric provenance preserved.
RUN-REAL-ESS-20260513-002:2026-05-13:FND:STARMINE_COVERED,2026-05-13,2026-05-13T15:28:42.825732+00:00,RUN-REAL-ESS-20260513-002,FIDELITY,SecurityExtract_ESS_2026May13.csv,FND,STARMINE_COVERED,2,Immutable partition append from ESS normalization output; numeric provenance preserved.
RUN-REAL-ESS-20260513-002:2026-05-13:FLO:STARMINE_COVERED,2026-05-13,2026-05-13T15:28:42.825732+00:00,RUN-REAL-ESS-20260513-002,FIDELITY,SecurityExtract_ESS_2026May13.csv,FLO,STARMINE_COVERED,2,Immutable partition append from ESS normalization output; numeric provenance preserved.
RUN-REAL-ESS-20260513-002:2026-05-13:FMC:STARMINE_COVERED,2026-05-13,2026-05-13T15:28:42.825732+00:00,RUN-REAL-ESS-20260513-002,FIDELITY,SecurityExtract_ESS_2026May13.csv,FMC,STARMINE_COVERED,2,Immutable partition append from ESS normalization output; numeric provenance preserved.
RUN-REAL-ESS-20260513-002:2026-05-13:FWONK:STARMINE_COVERED,2026-05-13,2026-05-13T15:28:42.825732+00:00,RUN-REAL-ESS-20260513-002,FIDELITY,SecurityExtract_ESS_2026May13.csv,FWONK,STARMINE_COVERED,2,Immutable partition append from ESS normalization output; numeric provenance preserved.
RUN-REAL-ESS-20260513-002:2026-05-13:FORR:STARMINE_COVERED,2026-05-13,2026-05-13T15:28:42.825732+00:00,RUN-REAL-ESS-20260513-002,FIDELITY,SecurityExtract_ESS_2026May13.csv,FORR,STARMINE_COVERED,2,Immutable partition append from ESS normalization output; numeric provenance preserved.
RUN-REAL-ESS-20260513-002:2026-05-13:FBIO:STARMINE_COVERED,2026-05-13,2026-05-13T15:28:42.825732+00:00,RUN-REAL-ESS-20260513-002,FIDELITY,SecurityExtract_ESS_2026May13.csv,FBIO,STARMINE_COVERED,2,Immutable partition append from ESS normalization output; numeric provenance preserved.
RUN-REAL-ESS-20260513-002:2026-05-13:FWRD:STARMINE_COVERED,2026-05-13,2026-05-13T15:28:42.825732+00:00,RUN-REAL-ESS-20260513-002,FIDELITY,SecurityExtract_ESS_2026May13.csv,FWRD,STARMINE_COVERED,2,Immutable partition append from ESS normalization output; numeric provenance preserved.
RUN-REAL-ESS-20260513-002:2026-05-13:FOXF:STARMINE_COVERED,2026-05-13,2026-05-13T15:28:42.825732+00:00,RUN-REAL-ESS-20260513-002,FIDELITY,SecurityExtract_ESS_2026May13.csv,FOXF,STARMINE_COVERED,2,Immutable partition append from ESS normalization output; numeric provenance preserved.
RUN-REAL-ESS-20260513-002:2026-05-13:FEIM:STARMINE_COVERED,2026-05-13,2026-05-13T15:28:42.825732+00:00,RUN-REAL-ESS-20260513-002,FIDELITY,SecurityExtract_ESS_2026May13.csv,FEIM,STARMINE_COVERED,2,Immutable partition append from ESS normalization output; numeric provenance preserved.
RUN-REAL-ESS-20260513-002:2026-05-13:FRPT:STARMINE_COVERED,2026-05-13,2026-05-13T15:28:42.825732+00:00,RUN-REAL-ESS-20260513-002,FIDELITY,SecurityExtract_ESS_2026May13.csv,FRPT,STARMINE_COVERED,2,Immutable partition append from ESS normalization output; numeric provenance preserved.
RUN-REAL-ESS-20260513-002:2026-05-13:FLGT:STARMINE_COVERED,2026-05-13,2026-05-13T15:28:42.825732+00:00,RUN-REAL-ESS-20260513-002,FIDELITY,SecurityExtract_ESS_2026May13.csv,FLGT,STARMINE_COVERED,2,Immutable partition append from ESS normalization output; numeric provenance preserved.
RUN-REAL-ESS-20260513-002:2026-05-13:FF:STARMINE_COVERED,2026-05-13,2026-05-13T15:28:42.825732+00:00,RUN-REAL-ESS-20260513-002,FIDELITY,SecurityExtract_ESS_2026May13.csv,FF,STARMINE_COVERED,2,Immutable partition append from ESS normalization output; numeric provenance preserved.
RUN-REAL-ESS-20260513-002:2026-05-13:GIII:STARMINE_COVERED,2026-05-13,2026-05-13T15:28:42.825732+00:00,RUN-REAL-ESS-20260513-002,FIDELITY,SecurityExtract_ESS_2026May13.csv,GIII,STARMINE_COVERED,2,Immutable partition append from ESS normalization output; numeric provenance preserved.
RUN-REAL-ESS-20260513-002:2026-05-13:GIS:STARMINE_COVERED,2026-05-13,2026-05-13T15:28:42.825732+00:00,RUN-REAL-ESS-20260513-002,FIDELITY,SecurityExtract_ESS_2026May13.csv,GIS,STARMINE_COVERED,2,Immutable partition append from ESS normalization output; numeric provenance preserved.
RUN-REAL-ESS-20260513-002:2026-05-13:GPC:STARMINE_COVERED,2026-05-13,2026-05-13T15:28:42.825732+00:00,RUN-REAL-ESS-20260513-002,FIDELITY,SecurityExtract_ESS_2026May13.csv,GPC,STARMINE_COVERED,2,Immutable partition append from ESS normalization output; numeric provenance preserved.
RUN-REAL-ESS-20260513-002:2026-05-13:GNW:STARMINE_COVERED,2026-05-13,2026-05-13T15:28:42.825732+00:00,RUN-REAL-ESS-20260513-002,FIDELITY,SecurityExtract_ESS_2026May13.csv,GNW,STARMINE_COVERED,2,Immutable partition append from ESS normalization output; numeric provenance preserved.
RUN-REAL-ESS-20260513-002:2026-05-13:GABC:STARMINE_COVERED,2026-05-13,2026-05-13T15:28:42.825732+00:00,RUN-REAL-ESS-20260513-002,FIDELITY,SecurityExtract_ESS_2026May13.csv,GABC,STARMINE_COVERED,2,Immutable partition append from ESS normalization output; numeric provenance preserved.
RUN-REAL-ESS-20260513-002:2026-05-13:GERN:STARMINE_COVERED,2026-05-13,2026-05-13T15:28:42.825732+00:00,RUN-REAL-ESS-20260513-002,FIDELITY,SecurityExtract_ESS_2026May13.csv,GERN,STARMINE_COVERED,2,Immutable partition append from ESS normalization output; numeric provenance preserved.
RUN-REAL-ESS-20260513-002:2026-05-13:GTY:STARMINE_COVERED,2026-05-13,2026-05-13T15:28:42.825732+00:00,RUN-REAL-ESS-20260513-002,FIDELITY,SecurityExtract_ESS_2026May13.csv,GTY,STARMINE_COVERED,2,Immutable partition append from ESS normalization output; numeric provenance preserved.
RUN-REAL-ESS-20260513-002:2026-05-13:GILT:STARMINE_COVERED,2026-05-13,2026-05-13T15:28:42.825732+00:00,RUN-REAL-ESS-20260513-002,FIDELITY,SecurityExtract_ESS_2026May13.csv,GILT,STARMINE_COVERED,2,Immutable partition append from ESS normalization output; numeric provenance preserved.
RUN-REAL-ESS-20260513-002:2026-05-13:GIL:STARMINE_COVERED,2026-05-13,2026-05-13T15:28:42.825732+00:00,RUN-REAL-ESS-20260513-002,FIDELITY,SecurityExtract_ESS_2026May13.csv,GIL,STARMINE_COVERED,2,Immutable partition append from ESS normalization output; numeric provenance preserved.
RUN-REAL-ESS-20260513-002:2026-05-13:GBCI:STARMINE_COVERED,2026-05-13,2026-05-13T15:28:42.825732+00:00,RUN-REAL-ESS-20260513-002,FIDELITY,SecurityExtract_ESS_2026May13.csv,GBCI,STARMINE_COVERED,2,Immutable partition append from ESS normalization output; numeric provenance preserved.
RUN-REAL-ESS-20260513-002:2026-05-13:GKOS:STARMINE_COVERED,2026-05-13,2026-05-13T15:28:42.825732+00:00,RUN-REAL-ESS-20260513-002,FIDELITY,SecurityExtract_ESS_2026May13.csv,GKOS,STARMINE_COVERED,2,Immutable partition append from ESS normalization output; numeric provenance preserved.
RUN-REAL-ESS-20260513-002:2026-05-13:GWRS:STARMINE_COVERED,2026-05-13,2026-05-13T15:28:42.825732+00:00,RUN-REAL-ESS-20260513-002,FIDELITY,SecurityExtract_ESS_2026May13.csv,GWRS,STARMINE_COVERED,2,Immutable partition append from ESS normalization output; numeric provenance preserved.
RUN-REAL-ESS-20260513-002:2026-05-13:GSAT:STARMINE_COVERED,2026-05-13,2026-05-13T15:28:42.825732+00:00,RUN-REAL-ESS-20260513-002,FIDELITY,SecurityExtract_ESS_2026May13.csv,GSAT,STARMINE_COVERED,2,Immutable partition append from ESS normalization output; numeric provenance preserved.
RUN-REAL-ESS-20260513-002:2026-05-13:GLOB:STARMINE_COVERED,2026-05-13,2026-05-13T15:28:42.825732+00:00,RUN-REAL-ESS-20260513-002,FIDELITY,SecurityExtract_ESS_2026May13.csv,GLOB,STARMINE_COVERED,2,Immutable partition append from ESS normalization output; numeric provenance preserved.
RUN-REAL-ESS-20260513-002:2026-05-13:GOGO:STARMINE_COVERED,2026-05-13,2026-05-13T15:28:42.825732+00:00,RUN-REAL-ESS-20260513-002,FIDELITY,SecurityExtract_ESS_2026May13.csv,GOGO,STARMINE_COVERED,2,Immutable partition append from ESS normalization output; numeric provenance preserved.
RUN-REAL-ESS-20260513-002:2026-05-13:GFI:STARMINE_COVERED,2026-05-13,2026-05-13T15:28:42.825732+00:00,RUN-REAL-ESS-20260513-002,FIDELITY,SecurityExtract_ESS_2026May13.csv,GFI,STARMINE_COVERED,2,Immutable partition append from ESS normalization output; numeric provenance preserved.
RUN-REAL-ESS-20260513-002:2026-05-13:GT:STARMINE_COVERED,2026-05-13,2026-05-13T15:28:42.825732+00:00,RUN-REAL-ESS-20260513-002,FIDELITY,SecurityExtract_ESS_2026May13.csv,GT,STARMINE_COVERED,2,Immutable partition append from ESS normalization output; numeric provenance preserved.
RUN-REAL-ESS-20260513-002:2026-05-13:GPK:STARMINE_COVERED,2026-05-13,2026-05-13T15:28:42.825732+00:00,RUN-REAL-ESS-20260513-002,FIDELITY,SecurityExtract_ESS_2026May13.csv,GPK,STARMINE_COVERED,2,Immutable partition append from ESS normalization output; numeric provenance preserved.
RUN-REAL-ESS-20260513-002:2026-05-13:GBX:STARMINE_COVERED,2026-05-13,2026-05-13T15:28:42.825732+00:00,RUN-REAL-ESS-20260513-002,FIDELITY,SecurityExtract_ESS_2026May13.csv,GBX,STARMINE_COVERED,2,Immutable partition append from ESS normalization output; numeric provenance preserved.
RUN-REAL-ESS-20260513-002:2026-05-13:GEF:STARMINE_COVERED,2026-05-13,2026-05-13T15:28:42.825732+00:00,RUN-REAL-ESS-20260513-002,FIDELITY,SecurityExtract_ESS_2026May13.csv,GEF,STARMINE_COVERED,2,Immutable partition append from ESS normalization output; numeric provenance preserved.
RUN-REAL-ESS-20260513-002:2026-05-13:GDYN:STARMINE_COVERED,2026-05-13,2026-05-13T15:28:42.825732+00:00,RUN-REAL-ESS-20260513-002,FIDELITY,SecurityExtract_ESS_2026May13.csv,GDYN,STARMINE_COVERED,2,Immutable partition append from ESS normalization output; numeric provenance preserved.
RUN-REAL-ESS-20260513-002:2026-05-13:GO:STARMINE_COVERED,2026-05-13,2026-05-13T15:28:42.825732+00:00,RUN-REAL-ESS-20260513-002,FIDELITY,SecurityExtract_ESS_2026May13.csv,GO,STARMINE_COVERED,2,Immutable partition append from ESS normalization output; numeric provenance preserved.
RUN-REAL-ESS-20260513-002:2026-05-13:GRWG:STARMINE_COVERED,2026-05-13,2026-05-13T15:28:42.825732+00:00,RUN-REAL-ESS-20260513-002,FIDELITY,SecurityExtract_ESS_2026May13.csv,GRWG,STARMINE_COVERED,2,Immutable partition append from ESS normalization output; numeric provenance preserved.
RUN-REAL-ESS-20260513-002:2026-05-13:GH:STARMINE_COVERED,2026-05-13,2026-05-13T15:28:42.825732+00:00,RUN-REAL-ESS-20260513-002,FIDELITY,SecurityExtract_ESS_2026May13.csv,GH,STARMINE_COVERED,2,Immutable partition append from ESS normalization output; numeric provenance preserved.
RUN-REAL-ESS-20260513-002:2026-05-13:GWRE:STARMINE_COVERED,2026-05-13,2026-05-13T15:28:42.825732+00:00,RUN-REAL-ESS-20260513-002,FIDELITY,SecurityExtract_ESS_2026May13.csv,GWRE,STARMINE_COVERED,2,Immutable partition append from ESS normalization output; numeric provenance preserved.
RUN-REAL-ESS-20260513-002:2026-05-13:HLIT:STARMINE_COVERED,2026-05-13,2026-05-13T15:28:42.825732+00:00,RUN-REAL-ESS-20260513-002,FIDELITY,SecurityExtract_ESS_2026May13.csv,HLIT,STARMINE_COVERED,2,Immutable partition append from ESS normalization output; numeric provenance preserved.
RUN-REAL-ESS-20260513-002:2026-05-13:HEI:STARMINE_COVERED,2026-05-13,2026-05-13T15:28:42.825732+00:00,RUN-REAL-ESS-20260513-002,FIDELITY,SecurityExtract_ESS_2026May13.csv,HEI,STARMINE_COVERED,2,Immutable partition append from ESS normalization output; numeric provenance preserved.
RUN-REAL-ESS-20260513-002:2026-05-13:HFWA:STARMINE_COVERED,2026-05-13,2026-05-13T15:28:42.825732+00:00,RUN-REAL-ESS-20260513-002,FIDELITY,SecurityExtract_ESS_2026May13.csv,HFWA,STARMINE_COVERED,2,Immutable partition append from ESS normalization output; numeric provenance preserved.
RUN-REAL-ESS-20260513-002:2026-05-13:HSY:STARMINE_COVERED,2026-05-13,2026-05-13T15:28:42.825732+00:00,RUN-REAL-ESS-20260513-002,FIDELITY,SecurityExtract_ESS_2026May13.csv,HSY,STARMINE_COVERED,2,Immutable partition append from ESS normalization output; numeric provenance preserved.
RUN-REAL-ESS-20260513-002:2026-05-13:HTZ:STARMINE_COVERED,2026-05-13,2026-05-13T15:28:42.825732+00:00,RUN-REAL-ESS-20260513-002,FIDELITY,SecurityExtract_ESS_2026May13.csv,HTZ,STARMINE_COVERED,2,Immutable partition append from ESS normalization output; numeric provenance preserved.
RUN-REAL-ESS-20260513-002:2026-05-13:HIMS:STARMINE_COVERED,2026-05-13,2026-05-13T15:28:42.825732+00:00,RUN-REAL-ESS-20260513-002,FIDELITY,SecurityExtract_ESS_2026May13.csv,HIMS,STARMINE_COVERED,2,Immutable partition append from ESS normalization output; numeric provenance preserved.
RUN-REAL-ESS-20260513-002:2026-05-13:HNI:STARMINE_COVERED,2026-05-13,2026-05-13T15:28:42.825732+00:00,RUN-REAL-ESS-20260513-002,FIDELITY,SecurityExtract_ESS_2026May13.csv,HNI,STARMINE_COVERED,2,Immutable partition append from ESS normalization output; numeric provenance preserved.
RUN-REAL-ESS-20260513-002:2026-05-13:HOV:STARMINE_COVERED,2026-05-13,2026-05-13T15:28:42.825732+00:00,RUN-REAL-ESS-20260513-002,FIDELITY,SecurityExtract_ESS_2026May13.csv,HOV,STARMINE_COVERED,2,Immutable partition append from ESS normalization output; numeric provenance preserved.
RUN-REAL-ESS-20260513-002:2026-05-13:HUBS:STARMINE_COVERED,2026-05-13,2026-05-13T15:28:42.825732+00:00,RUN-REAL-ESS-20260513-002,FIDELITY,SecurityExtract_ESS_2026May13.csv,HUBS,STARMINE_COVERED,2,Immutable partition append from ESS normalization output; numeric provenance preserved.
RUN-REAL-ESS-20260513-002:2026-05-13:HUM:STARMINE_COVERED,2026-05-13,2026-05-13T15:28:42.825732+00:00,RUN-REAL-ESS-20260513-002,FIDELITY,SecurityExtract_ESS_2026May13.csv,HUM,STARMINE_COVERED,2,Immutable partition append from ESS normalization output; numeric provenance preserved.
RUN-REAL-ESS-20260513-002:2026-05-13:HII:STARMINE_COVERED,2026-05-13,2026-05-13T15:28:42.825732+00:00,RUN-REAL-ESS-20260513-002,FIDELITY,SecurityExtract_ESS_2026May13.csv,HII,STARMINE_COVERED,2,Immutable partition append from ESS normalization output; numeric provenance preserved.
RUN-REAL-ESS-20260513-002:2026-05-13:IAC:STARMINE_COVERED,2026-05-13,2026-05-13T15:28:42.825732+00:00,RUN-REAL-ESS-20260513-002,FIDELITY,SecurityExtract_ESS_2026May13.csv,IAC,STARMINE_COVERED,2,Immutable partition append from ESS normalization output; numeric provenance preserved.
RUN-REAL-ESS-20260513-002:2026-05-13:IBN:STARMINE_COVERED,2026-05-13,2026-05-13T15:28:42.825732+00:00,RUN-REAL-ESS-20260513-002,FIDELITY,SecurityExtract_ESS_2026May13.csv,IBN,STARMINE_COVERED,2,Immutable partition append from ESS normalization output; numeric provenance preserved.
RUN-REAL-ESS-20260513-002:2026-05-13:IDA:STARMINE_COVERED,2026-05-13,2026-05-13T15:28:42.825732+00:00,RUN-REAL-ESS-20260513-002,FIDELITY,SecurityExtract_ESS_2026May13.csv,IDA,STARMINE_COVERED,2,Immutable partition append from ESS normalization output; numeric provenance preserved.
RUN-REAL-ESS-20260513-002:2026-05-13:INVE:STARMINE_COVERED,2026-05-13,2026-05-13T15:28:42.825732+00:00,RUN-REAL-ESS-20260513-002,FIDELITY,SecurityExtract_ESS_2026May13.csv,INVE,STARMINE_COVERED,2,Immutable partition append from ESS normalization output; numeric provenance preserved.
RUN-REAL-ESS-20260513-002:2026-05-13:IHRT:STARMINE_COVERED,2026-05-13,2026-05-13T15:28:42.825732+00:00,RUN-REAL-ESS-20260513-002,FIDELITY,SecurityExtract_ESS_2026May13.csv,IHRT,STARMINE_COVERED,2,Immutable partition append from ESS normalization output; numeric provenance preserved.
RUN-REAL-ESS-20260513-002:2026-05-13:IMAX:STARMINE_COVERED,2026-05-13,2026-05-13T15:28:42.825732+00:00,RUN-REAL-ESS-20260513-002,FIDELITY,SecurityExtract_ESS_2026May13.csv,IMAX,STARMINE_COVERED,2,Immutable partition append from ESS normalization output; numeric provenance preserved.
RUN-REAL-ESS-20260513-002:2026-05-13:IMMR:STARMINE_COVERED,2026-05-13,2026-05-13T15:28:42.825732+00:00,RUN-REAL-ESS-20260513-002,FIDELITY,SecurityExtract_ESS_2026May13.csv,IMMR,STARMINE_COVERED,2,Immutable partition append from ESS normalization output; numeric provenance preserved.
RUN-REAL-ESS-20260513-002:2026-05-13:IBRX:STARMINE_COVERED,2026-05-13,2026-05-13T15:28:42.825732+00:00,RUN-REAL-ESS-20260513-002,FIDELITY,SecurityExtract_ESS_2026May13.csv,IBRX,STARMINE_COVERED,2,Immutable partition append from ESS normalization output; numeric provenance preserved.
RUN-REAL-ESS-20260513-002:2026-05-13:INFY:STARMINE_COVERED,2026-05-13,2026-05-13T15:28:42.825732+00:00,RUN-REAL-ESS-20260513-002,FIDELITY,SecurityExtract_ESS_2026May13.csv,INFY,STARMINE_COVERED,2,Immutable partition append from ESS normalization output; numeric provenance preserved.
RUN-REAL-ESS-20260513-002:2026-05-13:IR:STARMINE_COVERED,2026-05-13,2026-05-13T15:28:42.825732+00:00,RUN-REAL-ESS-20260513-002,FIDELITY,SecurityExtract_ESS_2026May13.csv,IR,STARMINE_COVERED,2,Immutable partition append from ESS normalization output; numeric provenance preserved.
RUN-REAL-ESS-20260513-002:2026-05-13:INVX:STARMINE_COVERED,2026-05-13,2026-05-13T15:28:42.825732+00:00,RUN-REAL-ESS-20260513-002,FIDELITY,SecurityExtract_ESS_2026May13.csv,INVX,STARMINE_COVERED,2,Immutable partition append from ESS normalization output; numeric provenance preserved.
RUN-REAL-ESS-20260513-002:2026-05-13:INSM:STARMINE_COVERED,2026-05-13,2026-05-13T15:28:42.825732+00:00,RUN-REAL-ESS-20260513-002,FIDELITY,SecurityExtract_ESS_2026May13.csv,INSM,STARMINE_COVERED,2,Immutable partition append from ESS normalization output; numeric provenance preserved.
RUN-REAL-ESS-20260513-002:2026-05-13:IART:STARMINE_COVERED,2026-05-13,2026-05-13T15:28:42.825732+00:00,RUN-REAL-ESS-20260513-002,FIDELITY,SecurityExtract_ESS_2026May13.csv,IART,STARMINE_COVERED,2,Immutable partition append from ESS normalization output; numeric provenance preserved.
RUN-REAL-ESS-20260513-002:2026-05-13:NTLA:STARMINE_COVERED,2026-05-13,2026-05-13T15:28:42.825732+00:00,RUN-REAL-ESS-20260513-002,FIDELITY,SecurityExtract_ESS_2026May13.csv,NTLA,STARMINE_COVERED,2,Immutable partition append from ESS normalization output; numeric provenance preserved.
RUN-REAL-ESS-20260513-002:2026-05-13:IP:STARMINE_COVERED,2026-05-13,2026-05-13T15:28:42.825732+00:00,RUN-REAL-ESS-20260513-002,FIDELITY,SecurityExtract_ESS_2026May13.csv,IP,STARMINE_COVERED,2,Immutable partition append from ESS normalization output; numeric provenance preserved.
RUN-REAL-ESS-20260513-002:2026-05-13:INTU:STARMINE_COVERED,2026-05-13,2026-05-13T15:28:42.825732+00:00,RUN-REAL-ESS-20260513-002,FIDELITY,SecurityExtract_ESS_2026May13.csv,INTU,STARMINE_COVERED,2,Immutable partition append from ESS normalization output; numeric provenance preserved.
RUN-REAL-ESS-20260513-002:2026-05-13:IONS:STARMINE_COVERED,2026-05-13,2026-05-13T15:28:42.825732+00:00,RUN-REAL-ESS-20260513-002,FIDELITY,SecurityExtract_ESS_2026May13.csv,IONS,STARMINE_COVERED,2,Immutable partition append from ESS normalization output; numeric provenance preserved.
RUN-REAL-ESS-20260513-002:2026-05-13:IPGP:STARMINE_COVERED,2026-05-13,2026-05-13T15:28:42.825732+00:00,RUN-REAL-ESS-20260513-002,FIDELITY,SecurityExtract_ESS_2026May13.csv,IPGP,STARMINE_COVERED,2,Immutable partition append from ESS normalization output; numeric provenance preserved.
RUN-REAL-ESS-20260513-002:2026-05-13:IQ:STARMINE_COVERED,2026-05-13,2026-05-13T15:28:42.825732+00:00,RUN-REAL-ESS-20260513-002,FIDELITY,SecurityExtract_ESS_2026May13.csv,IQ,STARMINE_COVERED,2,Immutable partition append from ESS normalization output; numeric provenance preserved.
RUN-REAL-ESS-20260513-002:2026-05-13:IRTC:STARMINE_COVERED,2026-05-13,2026-05-13T15:28:42.825732+00:00,RUN-REAL-ESS-20260513-002,FIDELITY,SecurityExtract_ESS_2026May13.csv,IRTC,STARMINE_COVERED,2,Immutable partition append from ESS normalization output; numeric provenance preserved.
RUN-REAL-ESS-20260513-002:2026-05-13:JBTM:STARMINE_COVERED,2026-05-13,2026-05-13T15:28:42.825732+00:00,RUN-REAL-ESS-20260513-002,FIDELITY,SecurityExtract_ESS_2026May13.csv,JBTM,STARMINE_COVERED,2,Immutable partition append from ESS normalization output; numeric provenance preserved.
RUN-REAL-ESS-20260513-002:2026-05-13:JEF:STARMINE_COVERED,2026-05-13,2026-05-13T15:28:42.825732+00:00,RUN-REAL-ESS-20260513-002,FIDELITY,SecurityExtract_ESS_2026May13.csv,JEF,STARMINE_COVERED,2,Immutable partition append from ESS normalization output; numeric provenance preserved.
RUN-REAL-ESS-20260513-002:2026-05-13:JELD:STARMINE_COVERED,2026-05-13,2026-05-13T15:28:42.825732+00:00,RUN-REAL-ESS-20260513-002,FIDELITY,SecurityExtract_ESS_2026May13.csv,JELD,STARMINE_COVERED,2,Immutable partition append from ESS normalization output; numeric provenance preserved.
RUN-REAL-ESS-20260513-002:2026-05-13:JOBY:STARMINE_COVERED,2026-05-13,2026-05-13T15:28:42.825732+00:00,RUN-REAL-ESS-20260513-002,FIDELITY,SecurityExtract_ESS_2026May13.csv,JOBY,STARMINE_COVERED,2,Immutable partition append from ESS normalization output; numeric provenance preserved.
RUN-REAL-ESS-20260513-002:2026-05-13:DERM:STARMINE_COVERED,2026-05-13,2026-05-13T15:28:42.825732+00:00,RUN-REAL-ESS-20260513-002,FIDELITY,SecurityExtract_ESS_2026May13.csv,DERM,STARMINE_COVERED,2,Immutable partition append from ESS normalization output; numeric provenance preserved.
RUN-REAL-ESS-20260513-002:2026-05-13:JPM:STARMINE_COVERED,2026-05-13,2026-05-13T15:28:42.825732+00:00,RUN-REAL-ESS-20260513-002,FIDELITY,SecurityExtract_ESS_2026May13.csv,JPM,STARMINE_COVERED,2,Immutable partition append from ESS normalization output; numeric provenance preserved.
RUN-REAL-ESS-20260513-002:2026-05-13:KALV:STARMINE_COVERED,2026-05-13,2026-05-13T15:28:42.825732+00:00,RUN-REAL-ESS-20260513-002,FIDELITY,SecurityExtract_ESS_2026May13.csv,KALV,STARMINE_COVERED,2,Immutable partition append from ESS normalization output; numeric provenance preserved.
RUN-REAL-ESS-20260513-002:2026-05-13:KBH:STARMINE_COVERED,2026-05-13,2026-05-13T15:28:42.825732+00:00,RUN-REAL-ESS-20260513-002,FIDELITY,SecurityExtract_ESS_2026May13.csv,KBH,STARMINE_COVERED,2,Immutable partition append from ESS normalization output; numeric provenance preserved.
RUN-REAL-ESS-20260513-002:2026-05-13:KMPR:STARMINE_COVERED,2026-05-13,2026-05-13T15:28:42.825732+00:00,RUN-REAL-ESS-20260513-002,FIDELITY,SecurityExtract_ESS_2026May13.csv,KMPR,STARMINE_COVERED,2,Immutable partition append from ESS normalization output; numeric provenance preserved.
RUN-REAL-ESS-20260513-002:2026-05-13:KW:STARMINE_COVERED,2026-05-13,2026-05-13T15:28:42.825732+00:00,RUN-REAL-ESS-20260513-002,FIDELITY,SecurityExtract_ESS_2026May13.csv,KW,STARMINE_COVERED,2,Immutable partition append from ESS normalization output; numeric provenance preserved.
RUN-REAL-ESS-20260513-002:2026-05-13:KREF:STARMINE_COVERED,2026-05-13,2026-05-13T15:28:42.825732+00:00,RUN-REAL-ESS-20260513-002,FIDELITY,SecurityExtract_ESS_2026May13.csv,KREF,STARMINE_COVERED,2,Immutable partition append from ESS normalization output; numeric provenance preserved.
RUN-REAL-ESS-20260513-002:2026-05-13:KNF:STARMINE_COVERED,2026-05-13,2026-05-13T15:28:42.825732+00:00,RUN-REAL-ESS-20260513-002,FIDELITY,SecurityExtract_ESS_2026May13.csv,KNF,STARMINE_COVERED,2,Immutable partition append from ESS normalization output; numeric provenance preserved.
RUN-REAL-ESS-20260513-002:2026-05-13:KRMD:STARMINE_COVERED,2026-05-13,2026-05-13T15:28:42.825732+00:00,RUN-REAL-ESS-20260513-002,FIDELITY,SecurityExtract_ESS_2026May13.csv,KRMD,STARMINE_COVERED,2,Immutable partition append from ESS normalization output; numeric provenance preserved.
RUN-REAL-ESS-20260513-002:2026-05-13:KTOS:STARMINE_COVERED,2026-05-13,2026-05-13T15:28:42.825732+00:00,RUN-REAL-ESS-20260513-002,FIDELITY,SecurityExtract_ESS_2026May13.csv,KTOS,STARMINE_COVERED,2,Immutable partition append from ESS normalization output; numeric provenance preserved.
RUN-REAL-ESS-20260513-002:2026-05-13:KLIC:STARMINE_COVERED,2026-05-13,2026-05-13T15:28:42.825732+00:00,RUN-REAL-ESS-20260513-002,FIDELITY,SecurityExtract_ESS_2026May13.csv,KLIC,STARMINE_COVERED,2,Immutable partition append from ESS normalization output; numeric provenance preserved.
RUN-REAL-ESS-20260513-002:2026-05-13:KULR:STARMINE_COVERED,2026-05-13,2026-05-13T15:28:42.825732+00:00,RUN-REAL-ESS-20260513-002,FIDELITY,SecurityExtract_ESS_2026May13.csv,KULR,STARMINE_COVERED,2,Immutable partition append from ESS normalization output; numeric provenance preserved.
RUN-REAL-ESS-20260513-002:2026-05-13:KURA:STARMINE_COVERED,2026-05-13,2026-05-13T15:28:42.825732+00:00,RUN-REAL-ESS-20260513-002,FIDELITY,SecurityExtract_ESS_2026May13.csv,KURA,STARMINE_COVERED,2,Immutable partition append from ESS normalization output; numeric provenance preserved.
RUN-REAL-ESS-20260513-002:2026-05-13:KRUS:STARMINE_COVERED,2026-05-13,2026-05-13T15:28:42.825732+00:00,RUN-REAL-ESS-20260513-002,FIDELITY,SecurityExtract_ESS_2026May13.csv,KRUS,STARMINE_COVERED,2,Immutable partition append from ESS normalization output; numeric provenance preserved.
RUN-REAL-ESS-20260513-002:2026-05-13:KD:STARMINE_COVERED,2026-05-13,2026-05-13T15:28:42.825732+00:00,RUN-REAL-ESS-20260513-002,FIDELITY,SecurityExtract_ESS_2026May13.csv,KD,STARMINE_COVERED,2,Immutable partition append from ESS normalization output; numeric provenance preserved.
RUN-REAL-ESS-20260513-002:2026-05-13:LKFN:STARMINE_COVERED,2026-05-13,2026-05-13T15:28:42.825732+00:00,RUN-REAL-ESS-20260513-002,FIDELITY,SecurityExtract_ESS_2026May13.csv,LKFN,STARMINE_COVERED,2,Immutable partition append from ESS normalization output; numeric provenance preserved.
RUN-REAL-ESS-20260513-002:2026-05-13:LB:STARMINE_COVERED,2026-05-13,2026-05-13T15:28:42.825732+00:00,RUN-REAL-ESS-20260513-002,FIDELITY,SecurityExtract_ESS_2026May13.csv,LB,STARMINE_COVERED,2,Immutable partition append from ESS normalization output; numeric provenance preserved.
RUN-REAL-ESS-20260513-002:2026-05-13:LAZ:STARMINE_COVERED,2026-05-13,2026-05-13T15:28:42.825732+00:00,RUN-REAL-ESS-20260513-002,FIDELITY,SecurityExtract_ESS_2026May13.csv,LAZ,STARMINE_COVERED,2,Immutable partition append from ESS normalization output; numeric provenance preserved.
RUN-REAL-ESS-20260513-002:2026-05-13:LZ:STARMINE_COVERED,2026-05-13,2026-05-13T15:28:42.825732+00:00,RUN-REAL-ESS-20260513-002,FIDELITY,SecurityExtract_ESS_2026May13.csv,LZ,STARMINE_COVERED,2,Immutable partition append from ESS normalization output; numeric provenance preserved.
RUN-REAL-ESS-20260513-002:2026-05-13:LMND:STARMINE_COVERED,2026-05-13,2026-05-13T15:28:42.825732+00:00,RUN-REAL-ESS-20260513-002,FIDELITY,SecurityExtract_ESS_2026May13.csv,LMND,STARMINE_COVERED,2,Immutable partition append from ESS normalization output; numeric provenance preserved.
RUN-REAL-ESS-20260513-002:2026-05-13:LEN:STARMINE_COVERED,2026-05-13,2026-05-13T15:28:42.825732+00:00,RUN-REAL-ESS-20260513-002,FIDELITY,SecurityExtract_ESS_2026May13.csv,LEN,STARMINE_COVERED,2,Immutable partition append from ESS normalization output; numeric provenance preserved.
RUN-REAL-ESS-20260513-002:2026-05-13:LGIH:STARMINE_COVERED,2026-05-13,2026-05-13T15:28:42.825732+00:00,RUN-REAL-ESS-20260513-002,FIDELITY,SecurityExtract_ESS_2026May13.csv,LGIH,STARMINE_COVERED,2,Immutable partition append from ESS normalization output; numeric provenance preserved.
RUN-REAL-ESS-20260513-002:2026-05-13:LMNR:STARMINE_COVERED,2026-05-13,2026-05-13T15:28:42.825732+00:00,RUN-REAL-ESS-20260513-002,FIDELITY,SecurityExtract_ESS_2026May13.csv,LMNR,STARMINE_COVERED,2,Immutable partition append from ESS normalization output; numeric provenance preserved.
RUN-REAL-ESS-20260513-002:2026-05-13:LYV:STARMINE_COVERED,2026-05-13,2026-05-13T15:28:42.825732+00:00,RUN-REAL-ESS-20260513-002,FIDELITY,SecurityExtract_ESS_2026May13.csv,LYV,STARMINE_COVERED,2,Immutable partition append from ESS normalization output; numeric provenance preserved.
RUN-REAL-ESS-20260513-002:2026-05-13:LOB:STARMINE_COVERED,2026-05-13,2026-05-13T15:28:42.825732+00:00,RUN-REAL-ESS-20260513-002,FIDELITY,SecurityExtract_ESS_2026May13.csv,LOB,STARMINE_COVERED,2,Immutable partition append from ESS normalization output; numeric provenance preserved.
RUN-REAL-ESS-20260513-002:2026-05-13:LOOP:STARMINE_COVERED,2026-05-13,2026-05-13T15:28:42.825732+00:00,RUN-REAL-ESS-20260513-002,FIDELITY,SecurityExtract_ESS_2026May13.csv,LOOP,STARMINE_COVERED,2,Immutable partition append from ESS normalization output; numeric provenance preserved.
RUN-REAL-ESS-20260513-002:2026-05-13:LPX:STARMINE_COVERED,2026-05-13,2026-05-13T15:28:42.825732+00:00,RUN-REAL-ESS-20260513-002,FIDELITY,SecurityExtract_ESS_2026May13.csv,LPX,STARMINE_COVERED,2,Immutable partition append from ESS normalization output; numeric provenance preserved.
RUN-REAL-ESS-20260513-002:2026-05-13:LCID:STARMINE_COVERED,2026-05-13,2026-05-13T15:28:42.825732+00:00,RUN-REAL-ESS-20260513-002,FIDELITY,SecurityExtract_ESS_2026May13.csv,LCID,STARMINE_COVERED,2,Immutable partition append from ESS normalization output; numeric provenance preserved.
RUN-REAL-ESS-20260513-002:2026-05-13:MHO:STARMINE_COVERED,2026-05-13,2026-05-13T15:28:42.825732+00:00,RUN-REAL-ESS-20260513-002,FIDELITY,SecurityExtract_ESS_2026May13.csv,MHO,STARMINE_COVERED,2,Immutable partition append from ESS normalization output; numeric provenance preserved.
RUN-REAL-ESS-20260513-002:2026-05-13:MSGS:STARMINE_COVERED,2026-05-13,2026-05-13T15:28:42.825732+00:00,RUN-REAL-ESS-20260513-002,FIDELITY,SecurityExtract_ESS_2026May13.csv,MSGS,STARMINE_COVERED,2,Immutable partition append from ESS normalization output; numeric provenance preserved.
RUN-REAL-ESS-20260513-002:2026-05-13:MDGL:STARMINE_COVERED,2026-05-13,2026-05-13T15:28:42.825732+00:00,RUN-REAL-ESS-20260513-002,FIDELITY,SecurityExtract_ESS_2026May13.csv,MDGL,STARMINE_COVERED,2,Immutable partition append from ESS normalization output; numeric provenance preserved.
RUN-REAL-ESS-20260513-002:2026-05-13:MGNI:STARMINE_COVERED,2026-05-13,2026-05-13T15:28:42.825732+00:00,RUN-REAL-ESS-20260513-002,FIDELITY,SecurityExtract_ESS_2026May13.csv,MGNI,STARMINE_COVERED,2,Immutable partition append from ESS normalization output; numeric provenance preserved.
RUN-REAL-ESS-20260513-002:2026-05-13:MMYT:STARMINE_COVERED,2026-05-13,2026-05-13T15:28:42.825732+00:00,RUN-REAL-ESS-20260513-002,FIDELITY,SecurityExtract_ESS_2026May13.csv,MMYT,STARMINE_COVERED,2,Immutable partition append from ESS normalization output; numeric provenance preserved.
RUN-REAL-ESS-20260513-002:2026-05-13:MAMA:STARMINE_COVERED,2026-05-13,2026-05-13T15:28:42.825732+00:00,RUN-REAL-ESS-20260513-002,FIDELITY,SecurityExtract_ESS_2026May13.csv,MAMA,STARMINE_COVERED,2,Immutable partition append from ESS normalization output; numeric provenance preserved.
RUN-REAL-ESS-20260513-002:2026-05-13:MCHX:STARMINE_COVERED,2026-05-13,2026-05-13T15:28:42.825732+00:00,RUN-REAL-ESS-20260513-002,FIDELITY,SecurityExtract_ESS_2026May13.csv,MCHX,STARMINE_COVERED,2,Immutable partition append from ESS normalization output; numeric provenance preserved.
RUN-REAL-ESS-20260513-002:2026-05-13:MMI:STARMINE_COVERED,2026-05-13,2026-05-13T15:28:42.825732+00:00,RUN-REAL-ESS-20260513-002,FIDELITY,SecurityExtract_ESS_2026May13.csv,MMI,STARMINE_COVERED,2,Immutable partition append from ESS normalization output; numeric provenance preserved.
RUN-REAL-ESS-20260513-002:2026-05-13:HZO:STARMINE_COVERED,2026-05-13,2026-05-13T15:28:42.825732+00:00,RUN-REAL-ESS-20260513-002,FIDELITY,SecurityExtract_ESS_2026May13.csv,HZO,STARMINE_COVERED,2,Immutable partition append from ESS normalization output; numeric provenance preserved.
RUN-REAL-ESS-20260513-002:2026-05-13:MLM:STARMINE_COVERED,2026-05-13,2026-05-13T15:28:42.825732+00:00,RUN-REAL-ESS-20260513-002,FIDELITY,SecurityExtract_ESS_2026May13.csv,MLM,STARMINE_COVERED,2,Immutable partition append from ESS normalization output; numeric provenance preserved.
RUN-REAL-ESS-20260513-002:2026-05-13:MKC:STARMINE_COVERED,2026-05-13,2026-05-13T15:28:42.825732+00:00,RUN-REAL-ESS-20260513-002,FIDELITY,SecurityExtract_ESS_2026May13.csv,MKC,STARMINE_COVERED,2,Immutable partition append from ESS normalization output; numeric provenance preserved.
RUN-REAL-ESS-20260513-002:2026-05-13:MUX:STARMINE_COVERED,2026-05-13,2026-05-13T15:28:42.825732+00:00,RUN-REAL-ESS-20260513-002,FIDELITY,SecurityExtract_ESS_2026May13.csv,MUX,STARMINE_COVERED,2,Immutable partition append from ESS normalization output; numeric provenance preserved.
RUN-REAL-ESS-20260513-002:2026-05-13:MDWD:STARMINE_COVERED,2026-05-13,2026-05-13T15:28:42.825732+00:00,RUN-REAL-ESS-20260513-002,FIDELITY,SecurityExtract_ESS_2026May13.csv,MDWD,STARMINE_COVERED,2,Immutable partition append from ESS normalization output; numeric provenance preserved.
RUN-REAL-ESS-20260513-002:2026-05-13:MELI:STARMINE_COVERED,2026-05-13,2026-05-13T15:28:42.825732+00:00,RUN-REAL-ESS-20260513-002,FIDELITY,SecurityExtract_ESS_2026May13.csv,MELI,STARMINE_COVERED,2,Immutable partition append from ESS normalization output; numeric provenance preserved.
RUN-REAL-ESS-20260513-002:2026-05-13:MIDD:STARMINE_COVERED,2026-05-13,2026-05-13T15:28:42.825732+00:00,RUN-REAL-ESS-20260513-002,FIDELITY,SecurityExtract_ESS_2026May13.csv,MIDD,STARMINE_COVERED,2,Immutable partition append from ESS normalization output; numeric provenance preserved.
RUN-REAL-ESS-20260513-002:2026-05-13:MSEX:STARMINE_COVERED,2026-05-13,2026-05-13T15:28:42.825732+00:00,RUN-REAL-ESS-20260513-002,FIDELITY,SecurityExtract_ESS_2026May13.csv,MSEX,STARMINE_COVERED,2,Immutable partition append from ESS normalization output; numeric provenance preserved.
RUN-REAL-ESS-20260513-002:2026-05-13:MLKN:STARMINE_COVERED,2026-05-13,2026-05-13T15:28:42.825732+00:00,RUN-REAL-ESS-20260513-002,FIDELITY,SecurityExtract_ESS_2026May13.csv,MLKN,STARMINE_COVERED,2,Immutable partition append from ESS normalization output; numeric provenance preserved.
RUN-REAL-ESS-20260513-002:2026-05-13:MIR:STARMINE_COVERED,2026-05-13,2026-05-13T15:28:42.825732+00:00,RUN-REAL-ESS-20260513-002,FIDELITY,SecurityExtract_ESS_2026May13.csv,MIR,STARMINE_COVERED,2,Immutable partition append from ESS normalization output; numeric provenance preserved.
RUN-REAL-ESS-20260513-002:2026-05-13:MOD:STARMINE_COVERED,2026-05-13,2026-05-13T15:28:42.825732+00:00,RUN-REAL-ESS-20260513-002,FIDELITY,SecurityExtract_ESS_2026May13.csv,MOD,STARMINE_COVERED,2,Immutable partition append from ESS normalization output; numeric provenance preserved.
RUN-REAL-ESS-20260513-002:2026-05-13:MHK:STARMINE_COVERED,2026-05-13,2026-05-13T15:28:42.825732+00:00,RUN-REAL-ESS-20260513-002,FIDELITY,SecurityExtract_ESS_2026May13.csv,MHK,STARMINE_COVERED,2,Immutable partition append from ESS normalization output; numeric provenance preserved.
RUN-REAL-ESS-20260513-002:2026-05-13:MOH:STARMINE_COVERED,2026-05-13,2026-05-13T15:28:42.825732+00:00,RUN-REAL-ESS-20260513-002,FIDELITY,SecurityExtract_ESS_2026May13.csv,MOH,STARMINE_COVERED,2,Immutable partition append from ESS normalization output; numeric provenance preserved.
RUN-REAL-ESS-20260513-002:2026-05-13:MDB:STARMINE_COVERED,2026-05-13,2026-05-13T15:28:42.825732+00:00,RUN-REAL-ESS-20260513-002,FIDELITY,SecurityExtract_ESS_2026May13.csv,MDB,STARMINE_COVERED,2,Immutable partition append from ESS normalization output; numeric provenance preserved.
RUN-REAL-ESS-20260513-002:2026-05-13:MOS:STARMINE_COVERED,2026-05-13,2026-05-13T15:28:42.825732+00:00,RUN-REAL-ESS-20260513-002,FIDELITY,SecurityExtract_ESS_2026May13.csv,MOS,STARMINE_COVERED,2,Immutable partition append from ESS normalization output; numeric provenance preserved.
RUN-REAL-ESS-20260513-002:2026-05-13:MPLX:STARMINE_COVERED,2026-05-13,2026-05-13T15:28:42.825732+00:00,RUN-REAL-ESS-20260513-002,FIDELITY,SecurityExtract_ESS_2026May13.csv,MPLX,STARMINE_COVERED,2,Immutable partition append from ESS normalization output; numeric provenance preserved.
RUN-REAL-ESS-20260513-002:2026-05-13:MSA:STARMINE_COVERED,2026-05-13,2026-05-13T15:28:42.825732+00:00,RUN-REAL-ESS-20260513-002,FIDELITY,SecurityExtract_ESS_2026May13.csv,MSA,STARMINE_COVERED,2,Immutable partition append from ESS normalization output; numeric provenance preserved.
RUN-REAL-ESS-20260513-002:2026-05-13:MVBF:STARMINE_COVERED,2026-05-13,2026-05-13T15:28:42.825732+00:00,RUN-REAL-ESS-20260513-002,FIDELITY,SecurityExtract_ESS_2026May13.csv,MVBF,STARMINE_COVERED,2,Immutable partition append from ESS normalization output; numeric provenance preserved.
RUN-REAL-ESS-20260513-002:2026-05-13:NABL:STARMINE_COVERED,2026-05-13,2026-05-13T15:28:42.825732+00:00,RUN-REAL-ESS-20260513-002,FIDELITY,SecurityExtract_ESS_2026May13.csv,NABL,STARMINE_COVERED,2,Immutable partition append from ESS normalization output; numeric provenance preserved.
RUN-REAL-ESS-20260513-002:2026-05-13:NBHC:STARMINE_COVERED,2026-05-13,2026-05-13T15:28:42.825732+00:00,RUN-REAL-ESS-20260513-002,FIDELITY,SecurityExtract_ESS_2026May13.csv,NBHC,STARMINE_COVERED,2,Immutable partition append from ESS normalization output; numeric provenance preserved.
RUN-REAL-ESS-20260513-002:2026-05-13:NPK:STARMINE_COVERED,2026-05-13,2026-05-13T15:28:42.825732+00:00,RUN-REAL-ESS-20260513-002,FIDELITY,SecurityExtract_ESS_2026May13.csv,NPK,STARMINE_COVERED,2,Immutable partition append from ESS normalization output; numeric provenance preserved.
RUN-REAL-ESS-20260513-002:2026-05-13:NGS:STARMINE_COVERED,2026-05-13,2026-05-13T15:28:42.825732+00:00,RUN-REAL-ESS-20260513-002,FIDELITY,SecurityExtract_ESS_2026May13.csv,NGS,STARMINE_COVERED,2,Immutable partition append from ESS normalization output; numeric provenance preserved.
RUN-REAL-ESS-20260513-002:2026-05-13:NAVI:STARMINE_COVERED,2026-05-13,2026-05-13T15:28:42.825732+00:00,RUN-REAL-ESS-20260513-002,FIDELITY,SecurityExtract_ESS_2026May13.csv,NAVI,STARMINE_COVERED,2,Immutable partition append from ESS normalization output; numeric provenance preserved.
RUN-REAL-ESS-20260513-002:2026-05-13:NKTR:STARMINE_COVERED,2026-05-13,2026-05-13T15:28:42.825732+00:00,RUN-REAL-ESS-20260513-002,FIDELITY,SecurityExtract_ESS_2026May13.csv,NKTR,STARMINE_COVERED,2,Immutable partition append from ESS normalization output; numeric provenance preserved.
RUN-REAL-ESS-20260513-002:2026-05-13:NEO:STARMINE_COVERED,2026-05-13,2026-05-13T15:28:42.825732+00:00,RUN-REAL-ESS-20260513-002,FIDELITY,SecurityExtract_ESS_2026May13.csv,NEO,STARMINE_COVERED,2,Immutable partition append from ESS normalization output; numeric provenance preserved.
RUN-REAL-ESS-20260513-002:2026-05-13:STIM:STARMINE_COVERED,2026-05-13,2026-05-13T15:28:42.825732+00:00,RUN-REAL-ESS-20260513-002,FIDELITY,SecurityExtract_ESS_2026May13.csv,STIM,STARMINE_COVERED,2,Immutable partition append from ESS normalization output; numeric provenance preserved.
RUN-REAL-ESS-20260513-002:2026-05-13:NFE:STARMINE_COVERED,2026-05-13,2026-05-13T15:28:42.825732+00:00,RUN-REAL-ESS-20260513-002,FIDELITY,SecurityExtract_ESS_2026May13.csv,NFE,STARMINE_COVERED,2,Immutable partition append from ESS normalization output; numeric provenance preserved.
RUN-REAL-ESS-20260513-002:2026-05-13:NWL:STARMINE_COVERED,2026-05-13,2026-05-13T15:28:42.825732+00:00,RUN-REAL-ESS-20260513-002,FIDELITY,SecurityExtract_ESS_2026May13.csv,NWL,STARMINE_COVERED,2,Immutable partition append from ESS normalization output; numeric provenance preserved.
RUN-REAL-ESS-20260513-002:2026-05-13:NXRT:STARMINE_COVERED,2026-05-13,2026-05-13T15:28:42.825732+00:00,RUN-REAL-ESS-20260513-002,FIDELITY,SecurityExtract_ESS_2026May13.csv,NXRT,STARMINE_COVERED,2,Immutable partition append from ESS normalization output; numeric provenance preserved.
RUN-REAL-ESS-20260513-002:2026-05-13:NEXT:STARMINE_COVERED,2026-05-13,2026-05-13T15:28:42.825732+00:00,RUN-REAL-ESS-20260513-002,FIDELITY,SecurityExtract_ESS_2026May13.csv,NEXT,STARMINE_COVERED,2,Immutable partition append from ESS normalization output; numeric provenance preserved.
RUN-REAL-ESS-20260513-002:2026-05-13:NL:STARMINE_COVERED,2026-05-13,2026-05-13T15:28:42.825732+00:00,RUN-REAL-ESS-20260513-002,FIDELITY,SecurityExtract_ESS_2026May13.csv,NL,STARMINE_COVERED,2,Immutable partition append from ESS normalization output; numeric provenance preserved.
RUN-REAL-ESS-20260513-002:2026-05-13:NE:STARMINE_COVERED,2026-05-13,2026-05-13T15:28:42.825732+00:00,RUN-REAL-ESS-20260513-002,FIDELITY,SecurityExtract_ESS_2026May13.csv,NE,STARMINE_COVERED,2,Immutable partition append from ESS normalization output; numeric provenance preserved.
RUN-REAL-ESS-20260513-002:2026-05-13:NTIC:STARMINE_COVERED,2026-05-13,2026-05-13T15:28:42.825732+00:00,RUN-REAL-ESS-20260513-002,FIDELITY,SecurityExtract_ESS_2026May13.csv,NTIC,STARMINE_COVERED,2,Immutable partition append from ESS normalization output; numeric provenance preserved.
RUN-REAL-ESS-20260513-002:2026-05-13:NOC:STARMINE_COVERED,2026-05-13,2026-05-13T15:28:42.825732+00:00,RUN-REAL-ESS-20260513-002,FIDELITY,SecurityExtract_ESS_2026May13.csv,NOC,STARMINE_COVERED,2,Immutable partition append from ESS normalization output; numeric provenance preserved.
RUN-REAL-ESS-20260513-002:2026-05-13:NCLH:STARMINE_COVERED,2026-05-13,2026-05-13T15:28:42.825732+00:00,RUN-REAL-ESS-20260513-002,FIDELITY,SecurityExtract_ESS_2026May13.csv,NCLH,STARMINE_COVERED,2,Immutable partition append from ESS normalization output; numeric provenance preserved.
RUN-REAL-ESS-20260513-002:2026-05-13:NG:STARMINE_COVERED,2026-05-13,2026-05-13T15:28:42.825732+00:00,RUN-REAL-ESS-20260513-002,FIDELITY,SecurityExtract_ESS_2026May13.csv,NG,STARMINE_COVERED,2,Immutable partition append from ESS normalization output; numeric provenance preserved.
RUN-REAL-ESS-20260513-002:2026-05-13:NVCR:STARMINE_COVERED,2026-05-13,2026-05-13T15:28:42.825732+00:00,RUN-REAL-ESS-20260513-002,FIDELITY,SecurityExtract_ESS_2026May13.csv,NVCR,STARMINE_COVERED,2,Immutable partition append from ESS normalization output; numeric provenance preserved.
RUN-REAL-ESS-20260513-002:2026-05-13:OI:STARMINE_COVERED,2026-05-13,2026-05-13T15:28:42.825732+00:00,RUN-REAL-ESS-20260513-002,FIDELITY,SecurityExtract_ESS_2026May13.csv,OI,STARMINE_COVERED,2,Immutable partition append from ESS normalization output; numeric provenance preserved.
RUN-REAL-ESS-20260513-002:2026-05-13:ORLY:STARMINE_COVERED,2026-05-13,2026-05-13T15:28:42.825732+00:00,RUN-REAL-ESS-20260513-002,FIDELITY,SecurityExtract_ESS_2026May13.csv,ORLY,STARMINE_COVERED,2,Immutable partition append from ESS normalization output; numeric provenance preserved.
RUN-REAL-ESS-20260513-002:2026-05-13:OCUL:STARMINE_COVERED,2026-05-13,2026-05-13T15:28:42.825732+00:00,RUN-REAL-ESS-20260513-002,FIDELITY,SecurityExtract_ESS_2026May13.csv,OCUL,STARMINE_COVERED,2,Immutable partition append from ESS normalization output; numeric provenance preserved.
RUN-REAL-ESS-20260513-002:2026-05-13:OMC:STARMINE_COVERED,2026-05-13,2026-05-13T15:28:42.825732+00:00,RUN-REAL-ESS-20260513-002,FIDELITY,SecurityExtract_ESS_2026May13.csv,OMC,STARMINE_COVERED,2,Immutable partition append from ESS normalization output; numeric provenance preserved.
RUN-REAL-ESS-20260513-002:2026-05-13:STKS:STARMINE_COVERED,2026-05-13,2026-05-13T15:28:42.825732+00:00,RUN-REAL-ESS-20260513-002,FIDELITY,SecurityExtract_ESS_2026May13.csv,STKS,STARMINE_COVERED,2,Immutable partition append from ESS normalization output; numeric provenance preserved.
RUN-REAL-ESS-20260513-002:2026-05-13:OLP:STARMINE_COVERED,2026-05-13,2026-05-13T15:28:42.825732+00:00,RUN-REAL-ESS-20260513-002,FIDELITY,SecurityExtract_ESS_2026May13.csv,OLP,STARMINE_COVERED,2,Immutable partition append from ESS normalization output; numeric provenance preserved.
RUN-REAL-ESS-20260513-002:2026-05-13:ONEW:STARMINE_COVERED,2026-05-13,2026-05-13T15:28:42.825732+00:00,RUN-REAL-ESS-20260513-002,FIDELITY,SecurityExtract_ESS_2026May13.csv,ONEW,STARMINE_COVERED,2,Immutable partition append from ESS normalization output; numeric provenance preserved.
RUN-REAL-ESS-20260513-002:2026-05-13:ORA:STARMINE_COVERED,2026-05-13,2026-05-13T15:28:42.825732+00:00,RUN-REAL-ESS-20260513-002,FIDELITY,SecurityExtract_ESS_2026May13.csv,ORA,STARMINE_COVERED,2,Immutable partition append from ESS normalization output; numeric provenance preserved.
RUN-REAL-ESS-20260513-002:2026-05-13:OTIS:STARMINE_COVERED,2026-05-13,2026-05-13T15:28:42.825732+00:00,RUN-REAL-ESS-20260513-002,FIDELITY,SecurityExtract_ESS_2026May13.csv,OTIS,STARMINE_COVERED,2,Immutable partition append from ESS normalization output; numeric provenance preserved.
RUN-REAL-ESS-20260513-002:2026-05-13:OXM:STARMINE_COVERED,2026-05-13,2026-05-13T15:28:42.825732+00:00,RUN-REAL-ESS-20260513-002,FIDELITY,SecurityExtract_ESS_2026May13.csv,OXM,STARMINE_COVERED,2,Immutable partition append from ESS normalization output; numeric provenance preserved.
RUN-REAL-ESS-20260513-002:2026-05-13:PCAR:STARMINE_COVERED,2026-05-13,2026-05-13T15:28:42.825732+00:00,RUN-REAL-ESS-20260513-002,FIDELITY,SecurityExtract_ESS_2026May13.csv,PCAR,STARMINE_COVERED,2,Immutable partition append from ESS normalization output; numeric provenance preserved.
RUN-REAL-ESS-20260513-002:2026-05-13:PZZA:STARMINE_COVERED,2026-05-13,2026-05-13T15:28:42.825732+00:00,RUN-REAL-ESS-20260513-002,FIDELITY,SecurityExtract_ESS_2026May13.csv,PZZA,STARMINE_COVERED,2,Immutable partition append from ESS normalization output; numeric provenance preserved.
RUN-REAL-ESS-20260513-002:2026-05-13:PSKY:STARMINE_COVERED,2026-05-13,2026-05-13T15:28:42.825732+00:00,RUN-REAL-ESS-20260513-002,FIDELITY,SecurityExtract_ESS_2026May13.csv,PSKY,STARMINE_COVERED,2,Immutable partition append from ESS normalization output; numeric provenance preserved.
RUN-REAL-ESS-20260513-002:2026-05-13:PRK:STARMINE_COVERED,2026-05-13,2026-05-13T15:28:42.825732+00:00,RUN-REAL-ESS-20260513-002,FIDELITY,SecurityExtract_ESS_2026May13.csv,PRK,STARMINE_COVERED,2,Immutable partition append from ESS normalization output; numeric provenance preserved.
RUN-REAL-ESS-20260513-002:2026-05-13:PATK:STARMINE_COVERED,2026-05-13,2026-05-13T15:28:42.825732+00:00,RUN-REAL-ESS-20260513-002,FIDELITY,SecurityExtract_ESS_2026May13.csv,PATK,STARMINE_COVERED,2,Immutable partition append from ESS normalization output; numeric provenance preserved.
RUN-REAL-ESS-20260513-002:2026-05-13:PGC:STARMINE_COVERED,2026-05-13,2026-05-13T15:28:42.825732+00:00,RUN-REAL-ESS-20260513-002,FIDELITY,SecurityExtract_ESS_2026May13.csv,PGC,STARMINE_COVERED,2,Immutable partition append from ESS normalization output; numeric provenance preserved.
RUN-REAL-ESS-20260513-002:2026-05-13:PEGA:STARMINE_COVERED,2026-05-13,2026-05-13T15:28:42.825732+00:00,RUN-REAL-ESS-20260513-002,FIDELITY,SecurityExtract_ESS_2026May13.csv,PEGA,STARMINE_COVERED,2,Immutable partition append from ESS normalization output; numeric provenance preserved.
RUN-REAL-ESS-20260513-002:2026-05-13:PENN:STARMINE_COVERED,2026-05-13,2026-05-13T15:28:42.825732+00:00,RUN-REAL-ESS-20260513-002,FIDELITY,SecurityExtract_ESS_2026May13.csv,PENN,STARMINE_COVERED,2,Immutable partition append from ESS normalization output; numeric provenance preserved.
RUN-REAL-ESS-20260513-002:2026-05-13:PNTG:STARMINE_COVERED,2026-05-13,2026-05-13T15:28:42.825732+00:00,RUN-REAL-ESS-20260513-002,FIDELITY,SecurityExtract_ESS_2026May13.csv,PNTG,STARMINE_COVERED,2,Immutable partition append from ESS normalization output; numeric provenance preserved.
RUN-REAL-ESS-20260513-002:2026-05-13:PFSI:STARMINE_COVERED,2026-05-13,2026-05-13T15:28:42.825732+00:00,RUN-REAL-ESS-20260513-002,FIDELITY,SecurityExtract_ESS_2026May13.csv,PFSI,STARMINE_COVERED,2,Immutable partition append from ESS normalization output; numeric provenance preserved.
RUN-REAL-ESS-20260513-002:2026-05-13:PMT:STARMINE_COVERED,2026-05-13,2026-05-13T15:28:42.825732+00:00,RUN-REAL-ESS-20260513-002,FIDELITY,SecurityExtract_ESS_2026May13.csv,PMT,STARMINE_COVERED,2,Immutable partition append from ESS normalization output; numeric provenance preserved.
RUN-REAL-ESS-20260513-002:2026-05-13:PFGC:STARMINE_COVERED,2026-05-13,2026-05-13T15:28:42.825732+00:00,RUN-REAL-ESS-20260513-002,FIDELITY,SecurityExtract_ESS_2026May13.csv,PFGC,STARMINE_COVERED,2,Immutable partition append from ESS normalization output; numeric provenance preserved.
RUN-REAL-ESS-20260513-002:2026-05-13:PESI:STARMINE_COVERED,2026-05-13,2026-05-13T15:28:42.825732+00:00,RUN-REAL-ESS-20260513-002,FIDELITY,SecurityExtract_ESS_2026May13.csv,PESI,STARMINE_COVERED,2,Immutable partition append from ESS normalization output; numeric provenance preserved.
RUN-REAL-ESS-20260513-002:2026-05-13:PSNL:STARMINE_COVERED,2026-05-13,2026-05-13T15:28:42.825732+00:00,RUN-REAL-ESS-20260513-002,FIDELITY,SecurityExtract_ESS_2026May13.csv,PSNL,STARMINE_COVERED,2,Immutable partition append from ESS normalization output; numeric provenance preserved.
RUN-REAL-ESS-20260513-002:2026-05-13:PDM:STARMINE_COVERED,2026-05-13,2026-05-13T15:28:42.825732+00:00,RUN-REAL-ESS-20260513-002,FIDELITY,SecurityExtract_ESS_2026May13.csv,PDM,STARMINE_COVERED,2,Immutable partition append from ESS normalization output; numeric provenance preserved.
RUN-REAL-ESS-20260513-002:2026-05-13:PNFP:STARMINE_COVERED,2026-05-13,2026-05-13T15:28:42.825732+00:00,RUN-REAL-ESS-20260513-002,FIDELITY,SecurityExtract_ESS_2026May13.csv,PNFP,STARMINE_COVERED,2,Immutable partition append from ESS normalization output; numeric provenance preserved.
RUN-REAL-ESS-20260513-002:2026-05-13:PLNT:STARMINE_COVERED,2026-05-13,2026-05-13T15:28:42.825732+00:00,RUN-REAL-ESS-20260513-002,FIDELITY,SecurityExtract_ESS_2026May13.csv,PLNT,STARMINE_COVERED,2,Immutable partition append from ESS normalization output; numeric provenance preserved.
RUN-REAL-ESS-20260513-002:2026-05-13:PKX:STARMINE_COVERED,2026-05-13,2026-05-13T15:28:42.825732+00:00,RUN-REAL-ESS-20260513-002,FIDELITY,SecurityExtract_ESS_2026May13.csv,PKX,STARMINE_COVERED,2,Immutable partition append from ESS normalization output; numeric provenance preserved.
RUN-REAL-ESS-20260513-002:2026-05-13:PGEN:STARMINE_COVERED,2026-05-13,2026-05-13T15:28:42.825732+00:00,RUN-REAL-ESS-20260513-002,FIDELITY,SecurityExtract_ESS_2026May13.csv,PGEN,STARMINE_COVERED,2,Immutable partition append from ESS normalization output; numeric provenance preserved.
RUN-REAL-ESS-20260513-002:2026-05-13:PRIM:STARMINE_COVERED,2026-05-13,2026-05-13T15:28:42.825732+00:00,RUN-REAL-ESS-20260513-002,FIDELITY,SecurityExtract_ESS_2026May13.csv,PRIM,STARMINE_COVERED,2,Immutable partition append from ESS normalization output; numeric provenance preserved.
RUN-REAL-ESS-20260513-002:2026-05-13:PRVA:STARMINE_COVERED,2026-05-13,2026-05-13T15:28:42.825732+00:00,RUN-REAL-ESS-20260513-002,FIDELITY,SecurityExtract_ESS_2026May13.csv,PRVA,STARMINE_COVERED,2,Immutable partition append from ESS normalization output; numeric provenance preserved.
RUN-REAL-ESS-20260513-002:2026-05-13:PTGX:STARMINE_COVERED,2026-05-13,2026-05-13T15:28:42.825732+00:00,RUN-REAL-ESS-20260513-002,FIDELITY,SecurityExtract_ESS_2026May13.csv,PTGX,STARMINE_COVERED,2,Immutable partition append from ESS normalization output; numeric provenance preserved.
RUN-REAL-ESS-20260513-002:2026-05-13:PRTA:STARMINE_COVERED,2026-05-13,2026-05-13T15:28:42.825732+00:00,RUN-REAL-ESS-20260513-002,FIDELITY,SecurityExtract_ESS_2026May13.csv,PRTA,STARMINE_COVERED,2,Immutable partition append from ESS normalization output; numeric provenance preserved.
RUN-REAL-ESS-20260513-002:2026-05-13:PLSE:STARMINE_COVERED,2026-05-13,2026-05-13T15:28:42.825732+00:00,RUN-REAL-ESS-20260513-002,FIDELITY,SecurityExtract_ESS_2026May13.csv,PLSE,STARMINE_COVERED,2,Immutable partition append from ESS normalization output; numeric provenance preserved.
RUN-REAL-ESS-20260513-002:2026-05-13:Q:STARMINE_COVERED,2026-05-13,2026-05-13T15:28:42.825732+00:00,RUN-REAL-ESS-20260513-002,FIDELITY,SecurityExtract_ESS_2026May13.csv,Q,STARMINE_COVERED,2,Immutable partition append from ESS normalization output; numeric provenance preserved.
RUN-REAL-ESS-20260513-002:2026-05-13:KWR:STARMINE_COVERED,2026-05-13,2026-05-13T15:28:42.825732+00:00,RUN-REAL-ESS-20260513-002,FIDELITY,SecurityExtract_ESS_2026May13.csv,KWR,STARMINE_COVERED,2,Immutable partition append from ESS normalization output; numeric provenance preserved.
RUN-REAL-ESS-20260513-002:2026-05-13:NX:STARMINE_COVERED,2026-05-13,2026-05-13T15:28:42.825732+00:00,RUN-REAL-ESS-20260513-002,FIDELITY,SecurityExtract_ESS_2026May13.csv,NX,STARMINE_COVERED,2,Immutable partition append from ESS normalization output; numeric provenance preserved.
RUN-REAL-ESS-20260513-002:2026-05-13:QRHC:STARMINE_COVERED,2026-05-13,2026-05-13T15:28:42.825732+00:00,RUN-REAL-ESS-20260513-002,FIDELITY,SecurityExtract_ESS_2026May13.csv,QRHC,STARMINE_COVERED,2,Immutable partition append from ESS normalization output; numeric provenance preserved.
RUN-REAL-ESS-20260513-002:2026-05-13:QDEL:STARMINE_COVERED,2026-05-13,2026-05-13T15:28:42.825732+00:00,RUN-REAL-ESS-20260513-002,FIDELITY,SecurityExtract_ESS_2026May13.csv,QDEL,STARMINE_COVERED,2,Immutable partition append from ESS normalization output; numeric provenance preserved.
RUN-REAL-ESS-20260513-002:2026-05-13:RDNT:STARMINE_COVERED,2026-05-13,2026-05-13T15:28:42.825732+00:00,RUN-REAL-ESS-20260513-002,FIDELITY,SecurityExtract_ESS_2026May13.csv,RDNT,STARMINE_COVERED,2,Immutable partition append from ESS normalization output; numeric provenance preserved.
RUN-REAL-ESS-20260513-002:2026-05-13:METC:STARMINE_COVERED,2026-05-13,2026-05-13T15:28:42.825732+00:00,RUN-REAL-ESS-20260513-002,FIDELITY,SecurityExtract_ESS_2026May13.csv,METC,STARMINE_COVERED,2,Immutable partition append from ESS normalization output; numeric provenance preserved.
RUN-REAL-ESS-20260513-002:2026-05-13:RNGR:STARMINE_COVERED,2026-05-13,2026-05-13T15:28:42.825732+00:00,RUN-REAL-ESS-20260513-002,FIDELITY,SecurityExtract_ESS_2026May13.csv,RNGR,STARMINE_COVERED,2,Immutable partition append from ESS normalization output; numeric provenance preserved.
RUN-REAL-ESS-20260513-002:2026-05-13:RRBI:STARMINE_COVERED,2026-05-13,2026-05-13T15:28:42.825732+00:00,RUN-REAL-ESS-20260513-002,FIDELITY,SecurityExtract_ESS_2026May13.csv,RRBI,STARMINE_COVERED,2,Immutable partition append from ESS normalization output; numeric provenance preserved.
RUN-REAL-ESS-20260513-002:2026-05-13:RRR:STARMINE_COVERED,2026-05-13,2026-05-13T15:28:42.825732+00:00,RUN-REAL-ESS-20260513-002,FIDELITY,SecurityExtract_ESS_2026May13.csv,RRR,STARMINE_COVERED,2,Immutable partition append from ESS normalization output; numeric provenance preserved.
RUN-REAL-ESS-20260513-002:2026-05-13:RWT:STARMINE_COVERED,2026-05-13,2026-05-13T15:28:42.825732+00:00,RUN-REAL-ESS-20260513-002,FIDELITY,SecurityExtract_ESS_2026May13.csv,RWT,STARMINE_COVERED,2,Immutable partition append from ESS normalization output; numeric provenance preserved.
RUN-REAL-ESS-20260513-002:2026-05-13:RGEN:STARMINE_COVERED,2026-05-13,2026-05-13T15:28:42.825732+00:00,RUN-REAL-ESS-20260513-002,FIDELITY,SecurityExtract_ESS_2026May13.csv,RGEN,STARMINE_COVERED,2,Immutable partition append from ESS normalization output; numeric provenance preserved.
RUN-REAL-ESS-20260513-002:2026-05-13:RSG:STARMINE_COVERED,2026-05-13,2026-05-13T15:28:42.825732+00:00,RUN-REAL-ESS-20260513-002,FIDELITY,SecurityExtract_ESS_2026May13.csv,RSG,STARMINE_COVERED,2,Immutable partition append from ESS normalization output; numeric provenance preserved.
RUN-REAL-ESS-20260513-002:2026-05-13:RH:STARMINE_COVERED,2026-05-13,2026-05-13T15:28:42.825732+00:00,RUN-REAL-ESS-20260513-002,FIDELITY,SecurityExtract_ESS_2026May13.csv,RH,STARMINE_COVERED,2,Immutable partition append from ESS normalization output; numeric provenance preserved.
RUN-REAL-ESS-20260513-002:2026-05-13:RYTM:STARMINE_COVERED,2026-05-13,2026-05-13T15:28:42.825732+00:00,RUN-REAL-ESS-20260513-002,FIDELITY,SecurityExtract_ESS_2026May13.csv,RYTM,STARMINE_COVERED,2,Immutable partition append from ESS normalization output; numeric provenance preserved.
RUN-REAL-ESS-20260513-002:2026-05-13:RMNI:STARMINE_COVERED,2026-05-13,2026-05-13T15:28:42.825732+00:00,RUN-REAL-ESS-20260513-002,FIDELITY,SecurityExtract_ESS_2026May13.csv,RMNI,STARMINE_COVERED,2,Immutable partition append from ESS normalization output; numeric provenance preserved.
RUN-REAL-ESS-20260513-002:2026-05-13:RVSB:STARMINE_COVERED,2026-05-13,2026-05-13T15:28:42.825732+00:00,RUN-REAL-ESS-20260513-002,FIDELITY,SecurityExtract_ESS_2026May13.csv,RVSB,STARMINE_COVERED,2,Immutable partition append from ESS normalization output; numeric provenance preserved.
RUN-REAL-ESS-20260513-002:2026-05-13:HOOD:STARMINE_COVERED,2026-05-13,2026-05-13T15:28:42.825732+00:00,RUN-REAL-ESS-20260513-002,FIDELITY,SecurityExtract_ESS_2026May13.csv,HOOD,STARMINE_COVERED,2,Immutable partition append from ESS normalization output; numeric provenance preserved.
RUN-REAL-ESS-20260513-002:2026-05-13:RBLX:STARMINE_COVERED,2026-05-13,2026-05-13T15:28:42.825732+00:00,RUN-REAL-ESS-20260513-002,FIDELITY,SecurityExtract_ESS_2026May13.csv,RBLX,STARMINE_COVERED,2,Immutable partition append from ESS normalization output; numeric provenance preserved.
RUN-REAL-ESS-20260513-002:2026-05-13:RKT:STARMINE_COVERED,2026-05-13,2026-05-13T15:28:42.825732+00:00,RUN-REAL-ESS-20260513-002,FIDELITY,SecurityExtract_ESS_2026May13.csv,RKT,STARMINE_COVERED,2,Immutable partition append from ESS normalization output; numeric provenance preserved.
RUN-REAL-ESS-20260513-002:2026-05-13:ROIV:STARMINE_COVERED,2026-05-13,2026-05-13T15:28:42.825732+00:00,RUN-REAL-ESS-20260513-002,FIDELITY,SecurityExtract_ESS_2026May13.csv,ROIV,STARMINE_COVERED,2,Immutable partition append from ESS normalization output; numeric provenance preserved.
RUN-REAL-ESS-20260513-002:2026-05-13:ROP:STARMINE_COVERED,2026-05-13,2026-05-13T15:28:42.825732+00:00,RUN-REAL-ESS-20260513-002,FIDELITY,SecurityExtract_ESS_2026May13.csv,ROP,STARMINE_COVERED,2,Immutable partition append from ESS normalization output; numeric provenance preserved.
RUN-REAL-ESS-20260513-002:2026-05-13:RGLD:STARMINE_COVERED,2026-05-13,2026-05-13T15:28:42.825732+00:00,RUN-REAL-ESS-20260513-002,FIDELITY,SecurityExtract_ESS_2026May13.csv,RGLD,STARMINE_COVERED,2,Immutable partition append from ESS normalization output; numeric provenance preserved.
RUN-REAL-ESS-20260513-002:2026-05-13:RUSHA:STARMINE_COVERED,2026-05-13,2026-05-13T15:28:42.825732+00:00,RUN-REAL-ESS-20260513-002,FIDELITY,SecurityExtract_ESS_2026May13.csv,RUSHA,STARMINE_COVERED,2,Immutable partition append from ESS normalization output; numeric provenance preserved.
RUN-REAL-ESS-20260513-002:2026-05-13:RXO:STARMINE_COVERED,2026-05-13,2026-05-13T15:28:42.825732+00:00,RUN-REAL-ESS-20260513-002,FIDELITY,SecurityExtract_ESS_2026May13.csv,RXO,STARMINE_COVERED,2,Immutable partition append from ESS normalization output; numeric provenance preserved.
RUN-REAL-ESS-20260513-002:2026-05-13:CRM:STARMINE_COVERED,2026-05-13,2026-05-13T15:28:42.825732+00:00,RUN-REAL-ESS-20260513-002,FIDELITY,SecurityExtract_ESS_2026May13.csv,CRM,STARMINE_COVERED,2,Immutable partition append from ESS normalization output; numeric provenance preserved.
RUN-REAL-ESS-20260513-002:2026-05-13:BFS:STARMINE_COVERED,2026-05-13,2026-05-13T15:28:42.825732+00:00,RUN-REAL-ESS-20260513-002,FIDELITY,SecurityExtract_ESS_2026May13.csv,BFS,STARMINE_COVERED,2,Immutable partition append from ESS normalization output; numeric provenance preserved.
RUN-REAL-ESS-20260513-002:2026-05-13:SDGR:STARMINE_COVERED,2026-05-13,2026-05-13T15:28:42.825732+00:00,RUN-REAL-ESS-20260513-002,FIDELITY,SecurityExtract_ESS_2026May13.csv,SDGR,STARMINE_COVERED,2,Immutable partition append from ESS normalization output; numeric provenance preserved.
RUN-REAL-ESS-20260513-002:2026-05-13:SE:STARMINE_COVERED,2026-05-13,2026-05-13T15:28:42.825732+00:00,RUN-REAL-ESS-20260513-002,FIDELITY,SecurityExtract_ESS_2026May13.csv,SE,STARMINE_COVERED,2,Immutable partition append from ESS normalization output; numeric provenance preserved.
RUN-REAL-ESS-20260513-002:2026-05-13:SRE:STARMINE_COVERED,2026-05-13,2026-05-13T15:28:42.825732+00:00,RUN-REAL-ESS-20260513-002,FIDELITY,SecurityExtract_ESS_2026May13.csv,SRE,STARMINE_COVERED,2,Immutable partition append from ESS normalization output; numeric provenance preserved.
RUN-REAL-ESS-20260513-002:2026-05-13:SERV:STARMINE_COVERED,2026-05-13,2026-05-13T15:28:42.825732+00:00,RUN-REAL-ESS-20260513-002,FIDELITY,SecurityExtract_ESS_2026May13.csv,SERV,STARMINE_COVERED,2,Immutable partition append from ESS normalization output; numeric provenance preserved.
RUN-REAL-ESS-20260513-002:2026-05-13:NOW:STARMINE_COVERED,2026-05-13,2026-05-13T15:28:42.825732+00:00,RUN-REAL-ESS-20260513-002,FIDELITY,SecurityExtract_ESS_2026May13.csv,NOW,STARMINE_COVERED,2,Immutable partition append from ESS normalization output; numeric provenance preserved.
RUN-REAL-ESS-20260513-002:2026-05-13:SHEN:STARMINE_COVERED,2026-05-13,2026-05-13T15:28:42.825732+00:00,RUN-REAL-ESS-20260513-002,FIDELITY,SecurityExtract_ESS_2026May13.csv,SHEN,STARMINE_COVERED,2,Immutable partition append from ESS normalization output; numeric provenance preserved.
RUN-REAL-ESS-20260513-002:2026-05-13:FOUR:STARMINE_COVERED,2026-05-13,2026-05-13T15:28:42.825732+00:00,RUN-REAL-ESS-20260513-002,FIDELITY,SecurityExtract_ESS_2026May13.csv,FOUR,STARMINE_COVERED,2,Immutable partition append from ESS normalization output; numeric provenance preserved.
RUN-REAL-ESS-20260513-002:2026-05-13:SHOP:STARMINE_COVERED,2026-05-13,2026-05-13T15:28:42.825732+00:00,RUN-REAL-ESS-20260513-002,FIDELITY,SecurityExtract_ESS_2026May13.csv,SHOP,STARMINE_COVERED,2,Immutable partition append from ESS normalization output; numeric provenance preserved.
RUN-REAL-ESS-20260513-002:2026-05-13:SI:STARMINE_COVERED,2026-05-13,2026-05-13T15:28:42.825732+00:00,RUN-REAL-ESS-20260513-002,FIDELITY,SecurityExtract_ESS_2026May13.csv,SI,STARMINE_COVERED,2,Immutable partition append from ESS normalization output; numeric provenance preserved.
RUN-REAL-ESS-20260513-002:2026-05-13:SLGN:STARMINE_COVERED,2026-05-13,2026-05-13T15:28:42.825732+00:00,RUN-REAL-ESS-20260513-002,FIDELITY,SecurityExtract_ESS_2026May13.csv,SLGN,STARMINE_COVERED,2,Immutable partition append from ESS normalization output; numeric provenance preserved.
RUN-REAL-ESS-20260513-002:2026-05-13:SFNC:STARMINE_COVERED,2026-05-13,2026-05-13T15:28:42.825732+00:00,RUN-REAL-ESS-20260513-002,FIDELITY,SecurityExtract_ESS_2026May13.csv,SFNC,STARMINE_COVERED,2,Immutable partition append from ESS normalization output; numeric provenance preserved.
RUN-REAL-ESS-20260513-002:2026-05-13:SBGI:STARMINE_COVERED,2026-05-13,2026-05-13T15:28:42.825732+00:00,RUN-REAL-ESS-20260513-002,FIDELITY,SecurityExtract_ESS_2026May13.csv,SBGI,STARMINE_COVERED,2,Immutable partition append from ESS normalization output; numeric provenance preserved.
RUN-REAL-ESS-20260513-002:2026-05-13:SITE:STARMINE_COVERED,2026-05-13,2026-05-13T15:28:42.825732+00:00,RUN-REAL-ESS-20260513-002,FIDELITY,SecurityExtract_ESS_2026May13.csv,SITE,STARMINE_COVERED,2,Immutable partition append from ESS normalization output; numeric provenance preserved.
RUN-REAL-ESS-20260513-002:2026-05-13:SKYW:STARMINE_COVERED,2026-05-13,2026-05-13T15:28:42.825732+00:00,RUN-REAL-ESS-20260513-002,FIDELITY,SecurityExtract_ESS_2026May13.csv,SKYW,STARMINE_COVERED,2,Immutable partition append from ESS normalization output; numeric provenance preserved.
RUN-REAL-ESS-20260513-002:2026-05-13:SNBR:STARMINE_COVERED,2026-05-13,2026-05-13T15:28:42.825732+00:00,RUN-REAL-ESS-20260513-002,FIDELITY,SecurityExtract_ESS_2026May13.csv,SNBR,STARMINE_COVERED,2,Immutable partition append from ESS normalization output; numeric provenance preserved.
RUN-REAL-ESS-20260513-002:2026-05-13:SMID:STARMINE_COVERED,2026-05-13,2026-05-13T15:28:42.825732+00:00,RUN-REAL-ESS-20260513-002,FIDELITY,SecurityExtract_ESS_2026May13.csv,SMID,STARMINE_COVERED,2,Immutable partition append from ESS normalization output; numeric provenance preserved.
RUN-REAL-ESS-20260513-002:2026-05-13:SNAP:STARMINE_COVERED,2026-05-13,2026-05-13T15:28:42.825732+00:00,RUN-REAL-ESS-20260513-002,FIDELITY,SecurityExtract_ESS_2026May13.csv,SNAP,STARMINE_COVERED,2,Immutable partition append from ESS normalization output; numeric provenance preserved.
RUN-REAL-ESS-20260513-002:2026-05-13:SNOW:STARMINE_COVERED,2026-05-13,2026-05-13T15:28:42.825732+00:00,RUN-REAL-ESS-20260513-002,FIDELITY,SecurityExtract_ESS_2026May13.csv,SNOW,STARMINE_COVERED,2,Immutable partition append from ESS normalization output; numeric provenance preserved.
RUN-REAL-ESS-20260513-002:2026-05-13:SOFI:STARMINE_COVERED,2026-05-13,2026-05-13T15:28:42.825732+00:00,RUN-REAL-ESS-20260513-002,FIDELITY,SecurityExtract_ESS_2026May13.csv,SOFI,STARMINE_COVERED,2,Immutable partition append from ESS normalization output; numeric provenance preserved.
RUN-REAL-ESS-20260513-002:2026-05-13:SEDG:STARMINE_COVERED,2026-05-13,2026-05-13T15:28:42.825732+00:00,RUN-REAL-ESS-20260513-002,FIDELITY,SecurityExtract_ESS_2026May13.csv,SEDG,STARMINE_COVERED,2,Immutable partition append from ESS normalization output; numeric provenance preserved.
RUN-REAL-ESS-20260513-002:2026-05-13:SGI:STARMINE_COVERED,2026-05-13,2026-05-13T15:28:42.825732+00:00,RUN-REAL-ESS-20260513-002,FIDELITY,SecurityExtract_ESS_2026May13.csv,SGI,STARMINE_COVERED,2,Immutable partition append from ESS normalization output; numeric provenance preserved.
RUN-REAL-ESS-20260513-002:2026-05-13:SNDA:STARMINE_COVERED,2026-05-13,2026-05-13T15:28:42.825732+00:00,RUN-REAL-ESS-20260513-002,FIDELITY,SecurityExtract_ESS_2026May13.csv,SNDA,STARMINE_COVERED,2,Immutable partition append from ESS normalization output; numeric provenance preserved.
RUN-REAL-ESS-20260513-002:2026-05-13:SONO:STARMINE_COVERED,2026-05-13,2026-05-13T15:28:42.825732+00:00,RUN-REAL-ESS-20260513-002,FIDELITY,SecurityExtract_ESS_2026May13.csv,SONO,STARMINE_COVERED,2,Immutable partition append from ESS normalization output; numeric provenance preserved.
RUN-REAL-ESS-20260513-002:2026-05-13:SFST:STARMINE_COVERED,2026-05-13,2026-05-13T15:28:42.825732+00:00,RUN-REAL-ESS-20260513-002,FIDELITY,SecurityExtract_ESS_2026May13.csv,SFST,STARMINE_COVERED,2,Immutable partition append from ESS normalization output; numeric provenance preserved.
RUN-REAL-ESS-20260513-002:2026-05-13:SBSI:STARMINE_COVERED,2026-05-13,2026-05-13T15:28:42.825732+00:00,RUN-REAL-ESS-20260513-002,FIDELITY,SecurityExtract_ESS_2026May13.csv,SBSI,STARMINE_COVERED,2,Immutable partition append from ESS normalization output; numeric provenance preserved.
RUN-REAL-ESS-20260513-002:2026-05-13:LUV:STARMINE_COVERED,2026-05-13,2026-05-13T15:28:42.825732+00:00,RUN-REAL-ESS-20260513-002,FIDELITY,SecurityExtract_ESS_2026May13.csv,LUV,STARMINE_COVERED,2,Immutable partition append from ESS normalization output; numeric provenance preserved.
RUN-REAL-ESS-20260513-002:2026-05-13:SPWH:STARMINE_COVERED,2026-05-13,2026-05-13T15:28:42.825732+00:00,RUN-REAL-ESS-20260513-002,FIDELITY,SecurityExtract_ESS_2026May13.csv,SPWH,STARMINE_COVERED,2,Immutable partition append from ESS normalization output; numeric provenance preserved.
RUN-REAL-ESS-20260513-002:2026-05-13:SPXC:STARMINE_COVERED,2026-05-13,2026-05-13T15:28:42.825732+00:00,RUN-REAL-ESS-20260513-002,FIDELITY,SecurityExtract_ESS_2026May13.csv,SPXC,STARMINE_COVERED,2,Immutable partition append from ESS normalization output; numeric provenance preserved.
RUN-REAL-ESS-20260513-002:2026-05-13:STAA:STARMINE_COVERED,2026-05-13,2026-05-13T15:28:42.825732+00:00,RUN-REAL-ESS-20260513-002,FIDELITY,SecurityExtract_ESS_2026May13.csv,STAA,STARMINE_COVERED,2,Immutable partition append from ESS normalization output; numeric provenance preserved.
RUN-REAL-ESS-20260513-002:2026-05-13:SXI:STARMINE_COVERED,2026-05-13,2026-05-13T15:28:42.825732+00:00,RUN-REAL-ESS-20260513-002,FIDELITY,SecurityExtract_ESS_2026May13.csv,SXI,STARMINE_COVERED,2,Immutable partition append from ESS normalization output; numeric provenance preserved.
RUN-REAL-ESS-20260513-002:2026-05-13:STEL:STARMINE_COVERED,2026-05-13,2026-05-13T15:28:42.825732+00:00,RUN-REAL-ESS-20260513-002,FIDELITY,SecurityExtract_ESS_2026May13.csv,STEL,STARMINE_COVERED,2,Immutable partition append from ESS normalization output; numeric provenance preserved.
RUN-REAL-ESS-20260513-002:2026-05-13:SCL:STARMINE_COVERED,2026-05-13,2026-05-13T15:28:42.825732+00:00,RUN-REAL-ESS-20260513-002,FIDELITY,SecurityExtract_ESS_2026May13.csv,SCL,STARMINE_COVERED,2,Immutable partition append from ESS normalization output; numeric provenance preserved.
RUN-REAL-ESS-20260513-002:2026-05-13:STEP:STARMINE_COVERED,2026-05-13,2026-05-13T15:28:42.825732+00:00,RUN-REAL-ESS-20260513-002,FIDELITY,SecurityExtract_ESS_2026May13.csv,STEP,STARMINE_COVERED,2,Immutable partition append from ESS normalization output; numeric provenance preserved.
RUN-REAL-ESS-20260513-002:2026-05-13:STNE:STARMINE_COVERED,2026-05-13,2026-05-13T15:28:42.825732+00:00,RUN-REAL-ESS-20260513-002,FIDELITY,SecurityExtract_ESS_2026May13.csv,STNE,STARMINE_COVERED,2,Immutable partition append from ESS normalization output; numeric provenance preserved.
RUN-REAL-ESS-20260513-002:2026-05-13:SRI:STARMINE_COVERED,2026-05-13,2026-05-13T15:28:42.825732+00:00,RUN-REAL-ESS-20260513-002,FIDELITY,SecurityExtract_ESS_2026May13.csv,SRI,STARMINE_COVERED,2,Immutable partition append from ESS normalization output; numeric provenance preserved.
RUN-REAL-ESS-20260513-002:2026-05-13:SUI:STARMINE_COVERED,2026-05-13,2026-05-13T15:28:42.825732+00:00,RUN-REAL-ESS-20260513-002,FIDELITY,SecurityExtract_ESS_2026May13.csv,SUI,STARMINE_COVERED,2,Immutable partition append from ESS normalization output; numeric provenance preserved.
RUN-REAL-ESS-20260513-002:2026-05-13:SNCY:STARMINE_COVERED,2026-05-13,2026-05-13T15:28:42.825732+00:00,RUN-REAL-ESS-20260513-002,FIDELITY,SecurityExtract_ESS_2026May13.csv,SNCY,STARMINE_COVERED,2,Immutable partition append from ESS normalization output; numeric provenance preserved.
RUN-REAL-ESS-20260513-002:2026-05-13:SPWR:STARMINE_COVERED,2026-05-13,2026-05-13T15:28:42.825732+00:00,RUN-REAL-ESS-20260513-002,FIDELITY,SecurityExtract_ESS_2026May13.csv,SPWR,STARMINE_COVERED,2,Immutable partition append from ESS normalization output; numeric provenance preserved.
RUN-REAL-ESS-20260513-002:2026-05-13:SUPN:STARMINE_COVERED,2026-05-13,2026-05-13T15:28:42.825732+00:00,RUN-REAL-ESS-20260513-002,FIDELITY,SecurityExtract_ESS_2026May13.csv,SUPN,STARMINE_COVERED,2,Immutable partition append from ESS normalization output; numeric provenance preserved.
RUN-REAL-ESS-20260513-002:2026-05-13:SNDX:STARMINE_COVERED,2026-05-13,2026-05-13T15:28:42.825732+00:00,RUN-REAL-ESS-20260513-002,FIDELITY,SecurityExtract_ESS_2026May13.csv,SNDX,STARMINE_COVERED,2,Immutable partition append from ESS normalization output; numeric provenance preserved.
RUN-REAL-ESS-20260513-002:2026-05-13:TTWO:STARMINE_COVERED,2026-05-13,2026-05-13T15:28:42.825732+00:00,RUN-REAL-ESS-20260513-002,FIDELITY,SecurityExtract_ESS_2026May13.csv,TTWO,STARMINE_COVERED,2,Immutable partition append from ESS normalization output; numeric provenance preserved.
RUN-REAL-ESS-20260513-002:2026-05-13:TLN:STARMINE_COVERED,2026-05-13,2026-05-13T15:28:42.825732+00:00,RUN-REAL-ESS-20260513-002,FIDELITY,SecurityExtract_ESS_2026May13.csv,TLN,STARMINE_COVERED,2,Immutable partition append from ESS normalization output; numeric provenance preserved.
RUN-REAL-ESS-20260513-002:2026-05-13:TATT:STARMINE_COVERED,2026-05-13,2026-05-13T15:28:42.825732+00:00,RUN-REAL-ESS-20260513-002,FIDELITY,SecurityExtract_ESS_2026May13.csv,TATT,STARMINE_COVERED,2,Immutable partition append from ESS normalization output; numeric provenance preserved.
RUN-REAL-ESS-20260513-002:2026-05-13:TTGT:STARMINE_COVERED,2026-05-13,2026-05-13T15:28:42.825732+00:00,RUN-REAL-ESS-20260513-002,FIDELITY,SecurityExtract_ESS_2026May13.csv,TTGT,STARMINE_COVERED,2,Immutable partition append from ESS normalization output; numeric provenance preserved.
RUN-REAL-ESS-20260513-002:2026-05-13:TRNS:STARMINE_COVERED,2026-05-13,2026-05-13T15:28:42.825732+00:00,RUN-REAL-ESS-20260513-002,FIDELITY,SecurityExtract_ESS_2026May13.csv,TRNS,STARMINE_COVERED,2,Immutable partition append from ESS normalization output; numeric provenance preserved.
RUN-REAL-ESS-20260513-002:2026-05-13:TRU:STARMINE_COVERED,2026-05-13,2026-05-13T15:28:42.825732+00:00,RUN-REAL-ESS-20260513-002,FIDELITY,SecurityExtract_ESS_2026May13.csv,TRU,STARMINE_COVERED,2,Immutable partition append from ESS normalization output; numeric provenance preserved.
RUN-REAL-ESS-20260513-002:2026-05-13:TRIP:STARMINE_COVERED,2026-05-13,2026-05-13T15:28:42.825732+00:00,RUN-REAL-ESS-20260513-002,FIDELITY,SecurityExtract_ESS_2026May13.csv,TRIP,STARMINE_COVERED,2,Immutable partition append from ESS normalization output; numeric provenance preserved.
RUN-REAL-ESS-20260513-002:2026-05-13:TFIN:STARMINE_COVERED,2026-05-13,2026-05-13T15:28:42.825732+00:00,RUN-REAL-ESS-20260513-002,FIDELITY,SecurityExtract_ESS_2026May13.csv,TFIN,STARMINE_COVERED,2,Immutable partition append from ESS normalization output; numeric provenance preserved.
RUN-REAL-ESS-20260513-002:2026-05-13:TBI:STARMINE_COVERED,2026-05-13,2026-05-13T15:28:42.825732+00:00,RUN-REAL-ESS-20260513-002,FIDELITY,SecurityExtract_ESS_2026May13.csv,TBI,STARMINE_COVERED,2,Immutable partition append from ESS normalization output; numeric provenance preserved.
RUN-REAL-ESS-20260513-002:2026-05-13:TPB:STARMINE_COVERED,2026-05-13,2026-05-13T15:28:42.825732+00:00,RUN-REAL-ESS-20260513-002,FIDELITY,SecurityExtract_ESS_2026May13.csv,TPB,STARMINE_COVERED,2,Immutable partition append from ESS normalization output; numeric provenance preserved.
RUN-REAL-ESS-20260513-002:2026-05-13:TWST:STARMINE_COVERED,2026-05-13,2026-05-13T15:28:42.825732+00:00,RUN-REAL-ESS-20260513-002,FIDELITY,SecurityExtract_ESS_2026May13.csv,TWST,STARMINE_COVERED,2,Immutable partition append from ESS normalization output; numeric provenance preserved.
RUN-REAL-ESS-20260513-002:2026-05-13:UFPI:STARMINE_COVERED,2026-05-13,2026-05-13T15:28:42.825732+00:00,RUN-REAL-ESS-20260513-002,FIDELITY,SecurityExtract_ESS_2026May13.csv,UFPI,STARMINE_COVERED,2,Immutable partition append from ESS normalization output; numeric provenance preserved.
RUN-REAL-ESS-20260513-002:2026-05-13:PATH:STARMINE_COVERED,2026-05-13,2026-05-13T15:28:42.825732+00:00,RUN-REAL-ESS-20260513-002,FIDELITY,SecurityExtract_ESS_2026May13.csv,PATH,STARMINE_COVERED,2,Immutable partition append from ESS normalization output; numeric provenance preserved.
RUN-REAL-ESS-20260513-002:2026-05-13:PRKS:STARMINE_COVERED,2026-05-13,2026-05-13T15:28:42.825732+00:00,RUN-REAL-ESS-20260513-002,FIDELITY,SecurityExtract_ESS_2026May13.csv,PRKS,STARMINE_COVERED,2,Immutable partition append from ESS normalization output; numeric provenance preserved.
RUN-REAL-ESS-20260513-002:2026-05-13:OLED:STARMINE_COVERED,2026-05-13,2026-05-13T15:28:42.825732+00:00,RUN-REAL-ESS-20260513-002,FIDELITY,SecurityExtract_ESS_2026May13.csv,OLED,STARMINE_COVERED,2,Immutable partition append from ESS normalization output; numeric provenance preserved.
RUN-REAL-ESS-20260513-002:2026-05-13:UPST:STARMINE_COVERED,2026-05-13,2026-05-13T15:28:42.825732+00:00,RUN-REAL-ESS-20260513-002,FIDELITY,SecurityExtract_ESS_2026May13.csv,UPST,STARMINE_COVERED,2,Immutable partition append from ESS normalization output; numeric provenance preserved.
RUN-REAL-ESS-20260513-002:2026-05-13:UPWK:STARMINE_COVERED,2026-05-13,2026-05-13T15:28:42.825732+00:00,RUN-REAL-ESS-20260513-002,FIDELITY,SecurityExtract_ESS_2026May13.csv,UPWK,STARMINE_COVERED,2,Immutable partition append from ESS normalization output; numeric provenance preserved.
RUN-REAL-ESS-20260513-002:2026-05-13:URGN:STARMINE_COVERED,2026-05-13,2026-05-13T15:28:42.825732+00:00,RUN-REAL-ESS-20260513-002,FIDELITY,SecurityExtract_ESS_2026May13.csv,URGN,STARMINE_COVERED,2,Immutable partition append from ESS normalization output; numeric provenance preserved.
RUN-REAL-ESS-20260513-002:2026-05-13:USPH:STARMINE_COVERED,2026-05-13,2026-05-13T15:28:42.825732+00:00,RUN-REAL-ESS-20260513-002,FIDELITY,SecurityExtract_ESS_2026May13.csv,USPH,STARMINE_COVERED,2,Immutable partition append from ESS normalization output; numeric provenance preserved.
RUN-REAL-ESS-20260513-002:2026-05-13:UWMC:STARMINE_COVERED,2026-05-13,2026-05-13T15:28:42.825732+00:00,RUN-REAL-ESS-20260513-002,FIDELITY,SecurityExtract_ESS_2026May13.csv,UWMC,STARMINE_COVERED,2,Immutable partition append from ESS normalization output; numeric provenance preserved.
RUN-REAL-ESS-20260513-002:2026-05-13:EGY:STARMINE_COVERED,2026-05-13,2026-05-13T15:28:42.825732+00:00,RUN-REAL-ESS-20260513-002,FIDELITY,SecurityExtract_ESS_2026May13.csv,EGY,STARMINE_COVERED,2,Immutable partition append from ESS normalization output; numeric provenance preserved.
RUN-REAL-ESS-20260513-002:2026-05-13:MTN:STARMINE_COVERED,2026-05-13,2026-05-13T15:28:42.825732+00:00,RUN-REAL-ESS-20260513-002,FIDELITY,SecurityExtract_ESS_2026May13.csv,MTN,STARMINE_COVERED,2,Immutable partition append from ESS normalization output; numeric provenance preserved.
RUN-REAL-ESS-20260513-002:2026-05-13:VVV:STARMINE_COVERED,2026-05-13,2026-05-13T15:28:42.825732+00:00,RUN-REAL-ESS-20260513-002,FIDELITY,SecurityExtract_ESS_2026May13.csv,VVV,STARMINE_COVERED,2,Immutable partition append from ESS normalization output; numeric provenance preserved.
RUN-REAL-ESS-20260513-002:2026-05-13:VECO:STARMINE_COVERED,2026-05-13,2026-05-13T15:28:42.825732+00:00,RUN-REAL-ESS-20260513-002,FIDELITY,SecurityExtract_ESS_2026May13.csv,VECO,STARMINE_COVERED,2,Immutable partition append from ESS normalization output; numeric provenance preserved.
RUN-REAL-ESS-20260513-002:2026-05-13:VCEL:STARMINE_COVERED,2026-05-13,2026-05-13T15:28:42.825732+00:00,RUN-REAL-ESS-20260513-002,FIDELITY,SecurityExtract_ESS_2026May13.csv,VCEL,STARMINE_COVERED,2,Immutable partition append from ESS normalization output; numeric provenance preserved.
RUN-REAL-ESS-20260513-002:2026-05-13:VSTS:STARMINE_COVERED,2026-05-13,2026-05-13T15:28:42.825732+00:00,RUN-REAL-ESS-20260513-002,FIDELITY,SecurityExtract_ESS_2026May13.csv,VSTS,STARMINE_COVERED,2,Immutable partition append from ESS normalization output; numeric provenance preserved.
RUN-REAL-ESS-20260513-002:2026-05-13:VRDN:STARMINE_COVERED,2026-05-13,2026-05-13T15:28:42.825732+00:00,RUN-REAL-ESS-20260513-002,FIDELITY,SecurityExtract_ESS_2026May13.csv,VRDN,STARMINE_COVERED,2,Immutable partition append from ESS normalization output; numeric provenance preserved.
RUN-REAL-ESS-20260513-002:2026-05-13:VNT:STARMINE_COVERED,2026-05-13,2026-05-13T15:28:42.825732+00:00,RUN-REAL-ESS-20260513-002,FIDELITY,SecurityExtract_ESS_2026May13.csv,VNT,STARMINE_COVERED,2,Immutable partition append from ESS normalization output; numeric provenance preserved.
RUN-REAL-ESS-20260513-002:2026-05-13:WMG:STARMINE_COVERED,2026-05-13,2026-05-13T15:28:42.825732+00:00,RUN-REAL-ESS-20260513-002,FIDELITY,SecurityExtract_ESS_2026May13.csv,WMG,STARMINE_COVERED,2,Immutable partition append from ESS normalization output; numeric provenance preserved.
RUN-REAL-ESS-20260513-002:2026-05-13:HCC:STARMINE_COVERED,2026-05-13,2026-05-13T15:28:42.825732+00:00,RUN-REAL-ESS-20260513-002,FIDELITY,SecurityExtract_ESS_2026May13.csv,HCC,STARMINE_COVERED,2,Immutable partition append from ESS normalization output; numeric provenance preserved.
RUN-REAL-ESS-20260513-002:2026-05-13:WCN:STARMINE_COVERED,2026-05-13,2026-05-13T15:28:42.825732+00:00,RUN-REAL-ESS-20260513-002,FIDELITY,SecurityExtract_ESS_2026May13.csv,WCN,STARMINE_COVERED,2,Immutable partition append from ESS normalization output; numeric provenance preserved.
RUN-REAL-ESS-20260513-002:2026-05-13:WM:STARMINE_COVERED,2026-05-13,2026-05-13T15:28:42.825732+00:00,RUN-REAL-ESS-20260513-002,FIDELITY,SecurityExtract_ESS_2026May13.csv,WM,STARMINE_COVERED,2,Immutable partition append from ESS normalization output; numeric provenance preserved.
RUN-REAL-ESS-20260513-002:2026-05-13:WDFC:STARMINE_COVERED,2026-05-13,2026-05-13T15:28:42.825732+00:00,RUN-REAL-ESS-20260513-002,FIDELITY,SecurityExtract_ESS_2026May13.csv,WDFC,STARMINE_COVERED,2,Immutable partition append from ESS normalization output; numeric provenance preserved.
RUN-REAL-ESS-20260513-002:2026-05-13:WERN:STARMINE_COVERED,2026-05-13,2026-05-13T15:28:42.825732+00:00,RUN-REAL-ESS-20260513-002,FIDELITY,SecurityExtract_ESS_2026May13.csv,WERN,STARMINE_COVERED,2,Immutable partition append from ESS normalization output; numeric provenance preserved.
RUN-REAL-ESS-20260513-002:2026-05-13:WLK:STARMINE_COVERED,2026-05-13,2026-05-13T15:28:42.825732+00:00,RUN-REAL-ESS-20260513-002,FIDELITY,SecurityExtract_ESS_2026May13.csv,WLK,STARMINE_COVERED,2,Immutable partition append from ESS normalization output; numeric provenance preserved.
RUN-REAL-ESS-20260513-002:2026-05-13:WPRT:STARMINE_COVERED,2026-05-13,2026-05-13T15:28:42.825732+00:00,RUN-REAL-ESS-20260513-002,FIDELITY,SecurityExtract_ESS_2026May13.csv,WPRT,STARMINE_COVERED,2,Immutable partition append from ESS normalization output; numeric provenance preserved.
RUN-REAL-ESS-20260513-002:2026-05-13:WY:STARMINE_COVERED,2026-05-13,2026-05-13T15:28:42.825732+00:00,RUN-REAL-ESS-20260513-002,FIDELITY,SecurityExtract_ESS_2026May13.csv,WY,STARMINE_COVERED,2,Immutable partition append from ESS normalization output; numeric provenance preserved.
RUN-REAL-ESS-20260513-002:2026-05-13:WHR:STARMINE_COVERED,2026-05-13,2026-05-13T15:28:42.825732+00:00,RUN-REAL-ESS-20260513-002,FIDELITY,SecurityExtract_ESS_2026May13.csv,WHR,STARMINE_COVERED,2,Immutable partition append from ESS normalization output; numeric provenance preserved.
RUN-REAL-ESS-20260513-002:2026-05-13:WINA:STARMINE_COVERED,2026-05-13,2026-05-13T15:28:42.825732+00:00,RUN-REAL-ESS-20260513-002,FIDELITY,SecurityExtract_ESS_2026May13.csv,WINA,STARMINE_COVERED,2,Immutable partition append from ESS normalization output; numeric provenance preserved.
RUN-REAL-ESS-20260513-002:2026-05-13:WGO:STARMINE_COVERED,2026-05-13,2026-05-13T15:28:42.825732+00:00,RUN-REAL-ESS-20260513-002,FIDELITY,SecurityExtract_ESS_2026May13.csv,WGO,STARMINE_COVERED,2,Immutable partition append from ESS normalization output; numeric provenance preserved.
RUN-REAL-ESS-20260513-002:2026-05-13:WIX:STARMINE_COVERED,2026-05-13,2026-05-13T15:28:42.825732+00:00,RUN-REAL-ESS-20260513-002,FIDELITY,SecurityExtract_ESS_2026May13.csv,WIX,STARMINE_COVERED,2,Immutable partition append from ESS normalization output; numeric provenance preserved.
RUN-REAL-ESS-20260513-002:2026-05-13:WDAY:STARMINE_COVERED,2026-05-13,2026-05-13T15:28:42.825732+00:00,RUN-REAL-ESS-20260513-002,FIDELITY,SecurityExtract_ESS_2026May13.csv,WDAY,STARMINE_COVERED,2,Immutable partition append from ESS normalization output; numeric provenance preserved.
RUN-REAL-ESS-20260513-002:2026-05-13:WK:STARMINE_COVERED,2026-05-13,2026-05-13T15:28:42.825732+00:00,RUN-REAL-ESS-20260513-002,FIDELITY,SecurityExtract_ESS_2026May13.csv,WK,STARMINE_COVERED,2,Immutable partition append from ESS normalization output; numeric provenance preserved.
RUN-REAL-ESS-20260513-002:2026-05-13:WS:STARMINE_COVERED,2026-05-13,2026-05-13T15:28:42.825732+00:00,RUN-REAL-ESS-20260513-002,FIDELITY,SecurityExtract_ESS_2026May13.csv,WS,STARMINE_COVERED,2,Immutable partition append from ESS normalization output; numeric provenance preserved.
RUN-REAL-ESS-20260513-002:2026-05-13:XNCR:STARMINE_COVERED,2026-05-13,2026-05-13T15:28:42.825732+00:00,RUN-REAL-ESS-20260513-002,FIDELITY,SecurityExtract_ESS_2026May13.csv,XNCR,STARMINE_COVERED,2,Immutable partition append from ESS normalization output; numeric provenance preserved.
RUN-REAL-ESS-20260513-002:2026-05-13:XRX:STARMINE_COVERED,2026-05-13,2026-05-13T15:28:42.825732+00:00,RUN-REAL-ESS-20260513-002,FIDELITY,SecurityExtract_ESS_2026May13.csv,XRX,STARMINE_COVERED,2,Immutable partition append from ESS normalization output; numeric provenance preserved.
RUN-REAL-ESS-20260513-002:2026-05-13:XYL:STARMINE_COVERED,2026-05-13,2026-05-13T15:28:42.825732+00:00,RUN-REAL-ESS-20260513-002,FIDELITY,SecurityExtract_ESS_2026May13.csv,XYL,STARMINE_COVERED,2,Immutable partition append from ESS normalization output; numeric provenance preserved.
RUN-REAL-ESS-20260513-002:2026-05-13:YEXT:STARMINE_COVERED,2026-05-13,2026-05-13T15:28:42.825732+00:00,RUN-REAL-ESS-20260513-002,FIDELITY,SecurityExtract_ESS_2026May13.csv,YEXT,STARMINE_COVERED,2,Immutable partition append from ESS normalization output; numeric provenance preserved.
RUN-REAL-ESS-20260513-002:2026-05-13:ZS:STARMINE_COVERED,2026-05-13,2026-05-13T15:28:42.825732+00:00,RUN-REAL-ESS-20260513-002,FIDELITY,SecurityExtract_ESS_2026May13.csv,ZS,STARMINE_COVERED,2,Immutable partition append from ESS normalization output; numeric provenance preserved.
RUN-REAL-ESS-20260513-002:2026-05-13:AAON:NON_STARMINE_ANALYST,2026-05-13,2026-05-13T15:28:42.825732+00:00,RUN-REAL-ESS-20260513-002,FIDELITY,starmine_zacks.csv,AAON,NON_STARMINE_ANALYST,2,Immutable partition append from ESS normalization output; numeric provenance preserved.
RUN-REAL-ESS-20260513-002:2026-05-13:ARCB:NON_STARMINE_ANALYST,2026-05-13,2026-05-13T15:28:42.825732+00:00,RUN-REAL-ESS-20260513-002,FIDELITY,starmine_zacks.csv,ARCB,NON_STARMINE_ANALYST,2,Immutable partition append from ESS normalization output; numeric provenance preserved.
RUN-REAL-ESS-20260513-002:2026-05-13:ADI:NON_STARMINE_ANALYST,2026-05-13,2026-05-13T15:28:42.825732+00:00,RUN-REAL-ESS-20260513-002,FIDELITY,starmine_zacks.csv,ADI,NON_STARMINE_ANALYST,2,Immutable partition append from ESS normalization output; numeric provenance preserved.
RUN-REAL-ESS-20260513-002:2026-05-13:ADM:NON_STARMINE_ANALYST,2026-05-13,2026-05-13T15:28:42.825732+00:00,RUN-REAL-ESS-20260513-002,FIDELITY,starmine_zacks.csv,ADM,NON_STARMINE_ANALYST,2,Immutable partition append from ESS normalization output; numeric provenance preserved.
RUN-REAL-ESS-20260513-002:2026-05-13:BFH:NON_STARMINE_ANALYST,2026-05-13,2026-05-13T15:28:42.825732+00:00,RUN-REAL-ESS-20260513-002,FIDELITY,starmine_zacks.csv,BFH,NON_STARMINE_ANALYST,2,Immutable partition append from ESS normalization output; numeric provenance preserved.
RUN-REAL-ESS-20260513-002:2026-05-13:ADSK:NON_STARMINE_ANALYST,2026-05-13,2026-05-13T15:28:42.825732+00:00,RUN-REAL-ESS-20260513-002,FIDELITY,starmine_zacks.csv,ADSK,NON_STARMINE_ANALYST,2,Immutable partition append from ESS normalization output; numeric provenance preserved.
RUN-REAL-ESS-20260513-002:2026-05-13:AEIS:NON_STARMINE_ANALYST,2026-05-13,2026-05-13T15:28:42.825732+00:00,RUN-REAL-ESS-20260513-002,FIDELITY,starmine_zacks.csv,AEIS,NON_STARMINE_ANALYST,2,Immutable partition append from ESS normalization output; numeric provenance preserved.
RUN-REAL-ESS-20260513-002:2026-05-13:THG:NON_STARMINE_ANALYST,2026-05-13,2026-05-13T15:28:42.825732+00:00,RUN-REAL-ESS-20260513-002,FIDELITY,starmine_zacks.csv,THG,NON_STARMINE_ANALYST,2,Immutable partition append from ESS normalization output; numeric provenance preserved.
RUN-REAL-ESS-20260513-002:2026-05-13:AGX:NON_STARMINE_ANALYST,2026-05-13,2026-05-13T15:28:42.825732+00:00,RUN-REAL-ESS-20260513-002,FIDELITY,starmine_zacks.csv,AGX,NON_STARMINE_ANALYST,2,Immutable partition append from ESS normalization output; numeric provenance preserved.
RUN-REAL-ESS-20260513-002:2026-05-13:AHKSY:NON_STARMINE_ANALYST,2026-05-13,2026-05-13T15:28:42.825732+00:00,RUN-REAL-ESS-20260513-002,FIDELITY,starmine_zacks.csv,AHKSY,NON_STARMINE_ANALYST,2,Immutable partition append from ESS normalization output; numeric provenance preserved.
RUN-REAL-ESS-20260513-002:2026-05-13:AMN:NON_STARMINE_ANALYST,2026-05-13,2026-05-13T15:28:42.825732+00:00,RUN-REAL-ESS-20260513-002,FIDELITY,starmine_zacks.csv,AMN,NON_STARMINE_ANALYST,2,Immutable partition append from ESS normalization output; numeric provenance preserved.
RUN-REAL-ESS-20260513-002:2026-05-13:ALB:NON_STARMINE_ANALYST,2026-05-13,2026-05-13T15:28:42.825732+00:00,RUN-REAL-ESS-20260513-002,FIDELITY,starmine_zacks.csv,ALB,NON_STARMINE_ANALYST,2,Immutable partition append from ESS normalization output; numeric provenance preserved.
RUN-REAL-ESS-20260513-002:2026-05-13:ALRS:NON_STARMINE_ANALYST,2026-05-13,2026-05-13T15:28:42.825732+00:00,RUN-REAL-ESS-20260513-002,FIDELITY,starmine_zacks.csv,ALRS,NON_STARMINE_ANALYST,2,Immutable partition append from ESS normalization output; numeric provenance preserved.
RUN-REAL-ESS-20260513-002:2026-05-13:AMD:NON_STARMINE_ANALYST,2026-05-13,2026-05-13T15:28:42.825732+00:00,RUN-REAL-ESS-20260513-002,FIDELITY,starmine_zacks.csv,AMD,NON_STARMINE_ANALYST,2,Immutable partition append from ESS normalization output; numeric provenance preserved.
RUN-REAL-ESS-20260513-002:2026-05-13:AMRN:NON_STARMINE_ANALYST,2026-05-13,2026-05-13T15:28:42.825732+00:00,RUN-REAL-ESS-20260513-002,FIDELITY,starmine_zacks.csv,AMRN,NON_STARMINE_ANALYST,2,Immutable partition append from ESS normalization output; numeric provenance preserved.
RUN-REAL-ESS-20260513-002:2026-05-13:APA:NON_STARMINE_ANALYST,2026-05-13,2026-05-13T15:28:42.825732+00:00,RUN-REAL-ESS-20260513-002,FIDELITY,starmine_zacks.csv,APA,NON_STARMINE_ANALYST,2,Immutable partition append from ESS normalization output; numeric provenance preserved.
RUN-REAL-ESS-20260513-002:2026-05-13:APELY:NON_STARMINE_ANALYST,2026-05-13,2026-05-13T15:28:42.825732+00:00,RUN-REAL-ESS-20260513-002,FIDELITY,starmine_zacks.csv,APELY,NON_STARMINE_ANALYST,2,Immutable partition append from ESS normalization output; numeric provenance preserved.
RUN-REAL-ESS-20260513-002:2026-05-13:HTH:NON_STARMINE_ANALYST,2026-05-13,2026-05-13T15:28:42.825732+00:00,RUN-REAL-ESS-20260513-002,FIDELITY,starmine_zacks.csv,HTH,NON_STARMINE_ANALYST,2,Immutable partition append from ESS normalization output; numeric provenance preserved.
RUN-REAL-ESS-20260513-002:2026-05-13:ARCAY:NON_STARMINE_ANALYST,2026-05-13,2026-05-13T15:28:42.825732+00:00,RUN-REAL-ESS-20260513-002,FIDELITY,starmine_zacks.csv,ARCAY,NON_STARMINE_ANALYST,2,Immutable partition append from ESS normalization output; numeric provenance preserved.
RUN-REAL-ESS-20260513-002:2026-05-13:ARW:NON_STARMINE_ANALYST,2026-05-13,2026-05-13T15:28:42.825732+00:00,RUN-REAL-ESS-20260513-002,FIDELITY,starmine_zacks.csv,ARW,NON_STARMINE_ANALYST,2,Immutable partition append from ESS normalization output; numeric provenance preserved.
RUN-REAL-ESS-20260513-002:2026-05-13:ATEYY:NON_STARMINE_ANALYST,2026-05-13,2026-05-13T15:28:42.825732+00:00,RUN-REAL-ESS-20260513-002,FIDELITY,starmine_zacks.csv,ATEYY,NON_STARMINE_ANALYST,2,Immutable partition append from ESS normalization output; numeric provenance preserved.
RUN-REAL-ESS-20260513-002:2026-05-13:ATRO:NON_STARMINE_ANALYST,2026-05-13,2026-05-13T15:28:42.825732+00:00,RUN-REAL-ESS-20260513-002,FIDELITY,starmine_zacks.csv,ATRO,NON_STARMINE_ANALYST,2,Immutable partition append from ESS normalization output; numeric provenance preserved.
RUN-REAL-ESS-20260513-002:2026-05-13:AVT:NON_STARMINE_ANALYST,2026-05-13,2026-05-13T15:28:42.825732+00:00,RUN-REAL-ESS-20260513-002,FIDELITY,starmine_zacks.csv,AVT,NON_STARMINE_ANALYST,2,Immutable partition append from ESS normalization output; numeric provenance preserved.
RUN-REAL-ESS-20260513-002:2026-05-13:AWR:NON_STARMINE_ANALYST,2026-05-13,2026-05-13T15:28:42.825732+00:00,RUN-REAL-ESS-20260513-002,FIDELITY,starmine_zacks.csv,AWR,NON_STARMINE_ANALYST,2,Immutable partition append from ESS normalization output; numeric provenance preserved.
RUN-REAL-ESS-20260513-002:2026-05-13:BAK:NON_STARMINE_ANALYST,2026-05-13,2026-05-13T15:28:42.825732+00:00,RUN-REAL-ESS-20260513-002,FIDELITY,starmine_zacks.csv,BAK,NON_STARMINE_ANALYST,2,Immutable partition append from ESS normalization output; numeric provenance preserved.
RUN-REAL-ESS-20260513-002:2026-05-13:BESIY:NON_STARMINE_ANALYST,2026-05-13,2026-05-13T15:28:42.825732+00:00,RUN-REAL-ESS-20260513-002,FIDELITY,starmine_zacks.csv,BESIY,NON_STARMINE_ANALYST,2,Immutable partition append from ESS normalization output; numeric provenance preserved.
RUN-REAL-ESS-20260513-002:2026-05-13:BG:NON_STARMINE_ANALYST,2026-05-13,2026-05-13T15:28:42.825732+00:00,RUN-REAL-ESS-20260513-002,FIDELITY,starmine_zacks.csv,BG,NON_STARMINE_ANALYST,2,Immutable partition append from ESS normalization output; numeric provenance preserved.
RUN-REAL-ESS-20260513-002:2026-05-13:BLFS:NON_STARMINE_ANALYST,2026-05-13,2026-05-13T15:28:42.825732+00:00,RUN-REAL-ESS-20260513-002,FIDELITY,starmine_zacks.csv,BLFS,NON_STARMINE_ANALYST,2,Immutable partition append from ESS normalization output; numeric provenance preserved.
RUN-REAL-ESS-20260513-002:2026-05-13:BP:NON_STARMINE_ANALYST,2026-05-13,2026-05-13T15:28:42.825732+00:00,RUN-REAL-ESS-20260513-002,FIDELITY,starmine_zacks.csv,BP,NON_STARMINE_ANALYST,2,Immutable partition append from ESS normalization output; numeric provenance preserved.
RUN-REAL-ESS-20260513-002:2026-05-13:ANIP:NON_STARMINE_ANALYST,2026-05-13,2026-05-13T15:28:42.825732+00:00,RUN-REAL-ESS-20260513-002,FIDELITY,starmine_zacks.csv,ANIP,NON_STARMINE_ANALYST,2,Immutable partition append from ESS normalization output; numeric provenance preserved.
RUN-REAL-ESS-20260513-002:2026-05-13:NB:NON_STARMINE_ANALYST,2026-05-13,2026-05-13T15:28:42.825732+00:00,RUN-REAL-ESS-20260513-002,FIDELITY,starmine_zacks.csv,NB,NON_STARMINE_ANALYST,2,Immutable partition append from ESS normalization output; numeric provenance preserved.
RUN-REAL-ESS-20260513-002:2026-05-13:CAH:NON_STARMINE_ANALYST,2026-05-13,2026-05-13T15:28:42.825732+00:00,RUN-REAL-ESS-20260513-002,FIDELITY,starmine_zacks.csv,CAH,NON_STARMINE_ANALYST,2,Immutable partition append from ESS normalization output; numeric provenance preserved.
RUN-REAL-ESS-20260513-002:2026-05-13:CASY:NON_STARMINE_ANALYST,2026-05-13,2026-05-13T15:28:42.825732+00:00,RUN-REAL-ESS-20260513-002,FIDELITY,starmine_zacks.csv,CASY,NON_STARMINE_ANALYST,2,Immutable partition append from ESS normalization output; numeric provenance preserved.
RUN-REAL-ESS-20260513-002:2026-05-13:CBAN:NON_STARMINE_ANALYST,2026-05-13,2026-05-13T15:28:42.825732+00:00,RUN-REAL-ESS-20260513-002,FIDELITY,starmine_zacks.csv,CBAN,NON_STARMINE_ANALYST,2,Immutable partition append from ESS normalization output; numeric provenance preserved.
RUN-REAL-ESS-20260513-002:2026-05-13:ATLC:NON_STARMINE_ANALYST,2026-05-13,2026-05-13T15:28:42.825732+00:00,RUN-REAL-ESS-20260513-002,FIDELITY,starmine_zacks.csv,ATLC,NON_STARMINE_ANALYST,2,Immutable partition append from ESS normalization output; numeric provenance preserved.
RUN-REAL-ESS-20260513-002:2026-05-13:CECO:NON_STARMINE_ANALYST,2026-05-13,2026-05-13T15:28:42.825732+00:00,RUN-REAL-ESS-20260513-002,FIDELITY,starmine_zacks.csv,CECO,NON_STARMINE_ANALYST,2,Immutable partition append from ESS normalization output; numeric provenance preserved.
RUN-REAL-ESS-20260513-002:2026-05-13:CENX:NON_STARMINE_ANALYST,2026-05-13,2026-05-13T15:28:42.825732+00:00,RUN-REAL-ESS-20260513-002,FIDELITY,starmine_zacks.csv,CENX,NON_STARMINE_ANALYST,2,Immutable partition append from ESS normalization output; numeric provenance preserved.
RUN-REAL-ESS-20260513-002:2026-05-13:CHMG:NON_STARMINE_ANALYST,2026-05-13,2026-05-13T15:28:42.825732+00:00,RUN-REAL-ESS-20260513-002,FIDELITY,starmine_zacks.csv,CHMG,NON_STARMINE_ANALYST,2,Immutable partition append from ESS normalization output; numeric provenance preserved.
RUN-REAL-ESS-20260513-002:2026-05-13:CMCO:NON_STARMINE_ANALYST,2026-05-13,2026-05-13T15:28:42.825732+00:00,RUN-REAL-ESS-20260513-002,FIDELITY,starmine_zacks.csv,CMCO,NON_STARMINE_ANALYST,2,Immutable partition append from ESS normalization output; numeric provenance preserved.
RUN-REAL-ESS-20260513-002:2026-05-13:CMI:NON_STARMINE_ANALYST,2026-05-13,2026-05-13T15:28:42.825732+00:00,RUN-REAL-ESS-20260513-002,FIDELITY,starmine_zacks.csv,CMI,NON_STARMINE_ANALYST,2,Immutable partition append from ESS normalization output; numeric provenance preserved.
RUN-REAL-ESS-20260513-002:2026-05-13:CNC:NON_STARMINE_ANALYST,2026-05-13,2026-05-13T15:28:42.825732+00:00,RUN-REAL-ESS-20260513-002,FIDELITY,starmine_zacks.csv,CNC,NON_STARMINE_ANALYST,2,Immutable partition append from ESS normalization output; numeric provenance preserved.
RUN-REAL-ESS-20260513-002:2026-05-13:CNQ:NON_STARMINE_ANALYST,2026-05-13,2026-05-13T15:28:42.825732+00:00,RUN-REAL-ESS-20260513-002,FIDELITY,starmine_zacks.csv,CNQ,NON_STARMINE_ANALYST,2,Immutable partition append from ESS normalization output; numeric provenance preserved.
RUN-REAL-ESS-20260513-002:2026-05-13:TPR:NON_STARMINE_ANALYST,2026-05-13,2026-05-13T15:28:42.825732+00:00,RUN-REAL-ESS-20260513-002,FIDELITY,starmine_zacks.csv,TPR,NON_STARMINE_ANALYST,2,Immutable partition append from ESS normalization output; numeric provenance preserved.
RUN-REAL-ESS-20260513-002:2026-05-13:COP:NON_STARMINE_ANALYST,2026-05-13,2026-05-13T15:28:42.825732+00:00,RUN-REAL-ESS-20260513-002,FIDELITY,starmine_zacks.csv,COP,NON_STARMINE_ANALYST,2,Immutable partition append from ESS normalization output; numeric provenance preserved.
RUN-REAL-ESS-20260513-002:2026-05-13:COST:NON_STARMINE_ANALYST,2026-05-13,2026-05-13T15:28:42.825732+00:00,RUN-REAL-ESS-20260513-002,FIDELITY,starmine_zacks.csv,COST,NON_STARMINE_ANALYST,2,Immutable partition append from ESS normalization output; numeric provenance preserved.
RUN-REAL-ESS-20260513-002:2026-05-13:TBRG:NON_STARMINE_ANALYST,2026-05-13,2026-05-13T15:28:42.825732+00:00,RUN-REAL-ESS-20260513-002,FIDELITY,starmine_zacks.csv,TBRG,NON_STARMINE_ANALYST,2,Immutable partition append from ESS normalization output; numeric provenance preserved.
RUN-REAL-ESS-20260513-002:2026-05-13:CRI:NON_STARMINE_ANALYST,2026-05-13,2026-05-13T15:28:42.825732+00:00,RUN-REAL-ESS-20260513-002,FIDELITY,starmine_zacks.csv,CRI,NON_STARMINE_ANALYST,2,Immutable partition append from ESS normalization output; numeric provenance preserved.
RUN-REAL-ESS-20260513-002:2026-05-13:CTBI:NON_STARMINE_ANALYST,2026-05-13,2026-05-13T15:28:42.825732+00:00,RUN-REAL-ESS-20260513-002,FIDELITY,starmine_zacks.csv,CTBI,NON_STARMINE_ANALYST,2,Immutable partition append from ESS normalization output; numeric provenance preserved.
RUN-REAL-ESS-20260513-002:2026-05-13:CVX:NON_STARMINE_ANALYST,2026-05-13,2026-05-13T15:28:42.825732+00:00,RUN-REAL-ESS-20260513-002,FIDELITY,starmine_zacks.csv,CVX,NON_STARMINE_ANALYST,2,Immutable partition append from ESS normalization output; numeric provenance preserved.
RUN-REAL-ESS-20260513-002:2026-05-13:DAR:NON_STARMINE_ANALYST,2026-05-13,2026-05-13T15:28:42.825732+00:00,RUN-REAL-ESS-20260513-002,FIDELITY,starmine_zacks.csv,DAR,NON_STARMINE_ANALYST,2,Immutable partition append from ESS normalization output; numeric provenance preserved.
RUN-REAL-ESS-20260513-002:2026-05-13:DNN:NON_STARMINE_ANALYST,2026-05-13,2026-05-13T15:28:42.825732+00:00,RUN-REAL-ESS-20260513-002,FIDELITY,starmine_zacks.csv,DNN,NON_STARMINE_ANALYST,2,Immutable partition append from ESS normalization output; numeric provenance preserved.
RUN-REAL-ESS-20260513-002:2026-05-13:DRD:NON_STARMINE_ANALYST,2026-05-13,2026-05-13T15:28:42.825732+00:00,RUN-REAL-ESS-20260513-002,FIDELITY,starmine_zacks.csv,DRD,NON_STARMINE_ANALYST,2,Immutable partition append from ESS normalization output; numeric provenance preserved.
RUN-REAL-ESS-20260513-002:2026-05-13:DVA:NON_STARMINE_ANALYST,2026-05-13,2026-05-13T15:28:42.825732+00:00,RUN-REAL-ESS-20260513-002,FIDELITY,starmine_zacks.csv,DVA,NON_STARMINE_ANALYST,2,Immutable partition append from ESS normalization output; numeric provenance preserved.
RUN-REAL-ESS-20260513-002:2026-05-13:DVN:NON_STARMINE_ANALYST,2026-05-13,2026-05-13T15:28:42.825732+00:00,RUN-REAL-ESS-20260513-002,FIDELITY,starmine_zacks.csv,DVN,NON_STARMINE_ANALYST,2,Immutable partition append from ESS normalization output; numeric provenance preserved.
RUN-REAL-ESS-20260513-002:2026-05-13:E:NON_STARMINE_ANALYST,2026-05-13,2026-05-13T15:28:42.825732+00:00,RUN-REAL-ESS-20260513-002,FIDELITY,starmine_zacks.csv,E,NON_STARMINE_ANALYST,2,Immutable partition append from ESS normalization output; numeric provenance preserved.
RUN-REAL-ESS-20260513-002:2026-05-13:CALY:NON_STARMINE_ANALYST,2026-05-13,2026-05-13T15:28:42.825732+00:00,RUN-REAL-ESS-20260513-002,FIDELITY,starmine_zacks.csv,CALY,NON_STARMINE_ANALYST,2,Immutable partition append from ESS normalization output; numeric provenance preserved.
RUN-REAL-ESS-20260513-002:2026-05-13:EME:NON_STARMINE_ANALYST,2026-05-13,2026-05-13T15:28:42.825732+00:00,RUN-REAL-ESS-20260513-002,FIDELITY,starmine_zacks.csv,EME,NON_STARMINE_ANALYST,2,Immutable partition append from ESS normalization output; numeric provenance preserved.
RUN-REAL-ESS-20260513-002:2026-05-13:EOG:NON_STARMINE_ANALYST,2026-05-13,2026-05-13T15:28:42.825732+00:00,RUN-REAL-ESS-20260513-002,FIDELITY,starmine_zacks.csv,EOG,NON_STARMINE_ANALYST,2,Immutable partition append from ESS normalization output; numeric provenance preserved.
RUN-REAL-ESS-20260513-002:2026-05-13:EQIX:NON_STARMINE_ANALYST,2026-05-13,2026-05-13T15:28:42.825732+00:00,RUN-REAL-ESS-20260513-002,FIDELITY,starmine_zacks.csv,EQIX,NON_STARMINE_ANALYST,2,Immutable partition append from ESS normalization output; numeric provenance preserved.
RUN-REAL-ESS-20260513-002:2026-05-13:ESLT:NON_STARMINE_ANALYST,2026-05-13,2026-05-13T15:28:42.825732+00:00,RUN-REAL-ESS-20260513-002,FIDELITY,starmine_zacks.csv,ESLT,NON_STARMINE_ANALYST,2,Immutable partition append from ESS normalization output; numeric provenance preserved.
RUN-REAL-ESS-20260513-002:2026-05-13:EXPD:NON_STARMINE_ANALYST,2026-05-13,2026-05-13T15:28:42.825732+00:00,RUN-REAL-ESS-20260513-002,FIDELITY,starmine_zacks.csv,EXPD,NON_STARMINE_ANALYST,2,Immutable partition append from ESS normalization output; numeric provenance preserved.
RUN-REAL-ESS-20260513-002:2026-05-13:EZPW:NON_STARMINE_ANALYST,2026-05-13,2026-05-13T15:28:42.825732+00:00,RUN-REAL-ESS-20260513-002,FIDELITY,starmine_zacks.csv,EZPW,NON_STARMINE_ANALYST,2,Immutable partition append from ESS normalization output; numeric provenance preserved.
RUN-REAL-ESS-20260513-002:2026-05-13:FCFS:NON_STARMINE_ANALYST,2026-05-13,2026-05-13T15:28:42.825732+00:00,RUN-REAL-ESS-20260513-002,FIDELITY,starmine_zacks.csv,FCFS,NON_STARMINE_ANALYST,2,Immutable partition append from ESS normalization output; numeric provenance preserved.
RUN-REAL-ESS-20260513-002:2026-05-13:CIVB:NON_STARMINE_ANALYST,2026-05-13,2026-05-13T15:28:42.825732+00:00,RUN-REAL-ESS-20260513-002,FIDELITY,starmine_zacks.csv,CIVB,NON_STARMINE_ANALYST,2,Immutable partition append from ESS normalization output; numeric provenance preserved.
RUN-REAL-ESS-20260513-002:2026-05-13:FMX:NON_STARMINE_ANALYST,2026-05-13,2026-05-13T15:28:42.825732+00:00,RUN-REAL-ESS-20260513-002,FIDELITY,starmine_zacks.csv,FMX,NON_STARMINE_ANALYST,2,Immutable partition append from ESS normalization output; numeric provenance preserved.
RUN-REAL-ESS-20260513-002:2026-05-13:ASUR:NON_STARMINE_ANALYST,2026-05-13,2026-05-13T15:28:42.825732+00:00,RUN-REAL-ESS-20260513-002,FIDELITY,starmine_zacks.csv,ASUR,NON_STARMINE_ANALYST,2,Immutable partition append from ESS normalization output; numeric provenance preserved.
RUN-REAL-ESS-20260513-002:2026-05-13:FSRL:NON_STARMINE_ANALYST,2026-05-13,2026-05-13T15:28:42.825732+00:00,RUN-REAL-ESS-20260513-002,FIDELITY,starmine_zacks.csv,FSRL,NON_STARMINE_ANALYST,2,Immutable partition append from ESS normalization output; numeric provenance preserved.
RUN-REAL-ESS-20260513-002:2026-05-13:FSS:NON_STARMINE_ANALYST,2026-05-13,2026-05-13T15:28:42.825732+00:00,RUN-REAL-ESS-20260513-002,FIDELITY,starmine_zacks.csv,FSS,NON_STARMINE_ANALYST,2,Immutable partition append from ESS normalization output; numeric provenance preserved.
RUN-REAL-ESS-20260513-002:2026-05-13:FUN:NON_STARMINE_ANALYST,2026-05-13,2026-05-13T15:28:42.825732+00:00,RUN-REAL-ESS-20260513-002,FIDELITY,starmine_zacks.csv,FUN,NON_STARMINE_ANALYST,2,Immutable partition append from ESS normalization output; numeric provenance preserved.
RUN-REAL-ESS-20260513-002:2026-05-13:GHM:NON_STARMINE_ANALYST,2026-05-13,2026-05-13T15:28:42.825732+00:00,RUN-REAL-ESS-20260513-002,FIDELITY,starmine_zacks.csv,GHM,NON_STARMINE_ANALYST,2,Immutable partition append from ESS normalization output; numeric provenance preserved.
RUN-REAL-ESS-20260513-002:2026-05-13:GLW:NON_STARMINE_ANALYST,2026-05-13,2026-05-13T15:28:42.825732+00:00,RUN-REAL-ESS-20260513-002,FIDELITY,starmine_zacks.csv,GLW,NON_STARMINE_ANALYST,2,Immutable partition append from ESS normalization output; numeric provenance preserved.
RUN-REAL-ESS-20260513-002:2026-05-13:GRC:NON_STARMINE_ANALYST,2026-05-13,2026-05-13T15:28:42.825732+00:00,RUN-REAL-ESS-20260513-002,FIDELITY,starmine_zacks.csv,GRC,NON_STARMINE_ANALYST,2,Immutable partition append from ESS normalization output; numeric provenance preserved.
RUN-REAL-ESS-20260513-002:2026-05-13:GSBC:NON_STARMINE_ANALYST,2026-05-13,2026-05-13T15:28:42.825732+00:00,RUN-REAL-ESS-20260513-002,FIDELITY,starmine_zacks.csv,GSBC,NON_STARMINE_ANALYST,2,Immutable partition append from ESS normalization output; numeric provenance preserved.
RUN-REAL-ESS-20260513-002:2026-05-13:HCSG:NON_STARMINE_ANALYST,2026-05-13,2026-05-13T15:28:42.825732+00:00,RUN-REAL-ESS-20260513-002,FIDELITY,starmine_zacks.csv,HCSG,NON_STARMINE_ANALYST,2,Immutable partition append from ESS normalization output; numeric provenance preserved.
RUN-REAL-ESS-20260513-002:2026-05-13:HELE:NON_STARMINE_ANALYST,2026-05-13,2026-05-13T15:28:42.825732+00:00,RUN-REAL-ESS-20260513-002,FIDELITY,starmine_zacks.csv,HELE,NON_STARMINE_ANALYST,2,Immutable partition append from ESS normalization output; numeric provenance preserved.
RUN-REAL-ESS-20260513-002:2026-05-13:HRB:NON_STARMINE_ANALYST,2026-05-13,2026-05-13T15:28:42.825732+00:00,RUN-REAL-ESS-20260513-002,FIDELITY,starmine_zacks.csv,HRB,NON_STARMINE_ANALYST,2,Immutable partition append from ESS normalization output; numeric provenance preserved.
RUN-REAL-ESS-20260513-002:2026-05-13:SNEX:NON_STARMINE_ANALYST,2026-05-13,2026-05-13T15:28:42.825732+00:00,RUN-REAL-ESS-20260513-002,FIDELITY,starmine_zacks.csv,SNEX,NON_STARMINE_ANALYST,2,Immutable partition append from ESS normalization output; numeric provenance preserved.
RUN-REAL-ESS-20260513-002:2026-05-13:IDN:NON_STARMINE_ANALYST,2026-05-13,2026-05-13T15:28:42.825732+00:00,RUN-REAL-ESS-20260513-002,FIDELITY,starmine_zacks.csv,IDN,NON_STARMINE_ANALYST,2,Immutable partition append from ESS normalization output; numeric provenance preserved.
RUN-REAL-ESS-20260513-002:2026-05-13:IMO:NON_STARMINE_ANALYST,2026-05-13,2026-05-13T15:28:42.825732+00:00,RUN-REAL-ESS-20260513-002,FIDELITY,starmine_zacks.csv,IMO,NON_STARMINE_ANALYST,2,Immutable partition append from ESS normalization output; numeric provenance preserved.
RUN-REAL-ESS-20260513-002:2026-05-13:WKC:NON_STARMINE_ANALYST,2026-05-13,2026-05-13T15:28:42.825732+00:00,RUN-REAL-ESS-20260513-002,FIDELITY,starmine_zacks.csv,WKC,NON_STARMINE_ANALYST,2,Immutable partition append from ESS normalization output; numeric provenance preserved.
RUN-REAL-ESS-20260513-002:2026-05-13:INTT:NON_STARMINE_ANALYST,2026-05-13,2026-05-13T15:28:42.825732+00:00,RUN-REAL-ESS-20260513-002,FIDELITY,starmine_zacks.csv,INTT,NON_STARMINE_ANALYST,2,Immutable partition append from ESS normalization output; numeric provenance preserved.
RUN-REAL-ESS-20260513-002:2026-05-13:ISSC:NON_STARMINE_ANALYST,2026-05-13,2026-05-13T15:28:42.825732+00:00,RUN-REAL-ESS-20260513-002,FIDELITY,starmine_zacks.csv,ISSC,NON_STARMINE_ANALYST,2,Immutable partition append from ESS normalization output; numeric provenance preserved.
RUN-REAL-ESS-20260513-002:2026-05-13:JBL:NON_STARMINE_ANALYST,2026-05-13,2026-05-13T15:28:42.825732+00:00,RUN-REAL-ESS-20260513-002,FIDELITY,starmine_zacks.csv,JBL,NON_STARMINE_ANALYST,2,Immutable partition append from ESS normalization output; numeric provenance preserved.
RUN-REAL-ESS-20260513-002:2026-05-13:WLY:NON_STARMINE_ANALYST,2026-05-13,2026-05-13T15:28:42.825732+00:00,RUN-REAL-ESS-20260513-002,FIDELITY,starmine_zacks.csv,WLY,NON_STARMINE_ANALYST,2,Immutable partition append from ESS normalization output; numeric provenance preserved.
RUN-REAL-ESS-20260513-002:2026-05-13:KAI:NON_STARMINE_ANALYST,2026-05-13,2026-05-13T15:28:42.825732+00:00,RUN-REAL-ESS-20260513-002,FIDELITY,starmine_zacks.csv,KAI,NON_STARMINE_ANALYST,2,Immutable partition append from ESS normalization output; numeric provenance preserved.
RUN-REAL-ESS-20260513-002:2026-05-13:KFRC:NON_STARMINE_ANALYST,2026-05-13,2026-05-13T15:28:42.825732+00:00,RUN-REAL-ESS-20260513-002,FIDELITY,starmine_zacks.csv,KFRC,NON_STARMINE_ANALYST,2,Immutable partition append from ESS normalization output; numeric provenance preserved.
RUN-REAL-ESS-20260513-002:2026-05-13:KLIC:NON_STARMINE_ANALYST,2026-05-13,2026-05-13T15:28:42.825732+00:00,RUN-REAL-ESS-20260513-002,FIDELITY,starmine_zacks.csv,KLIC,NON_STARMINE_ANALYST,2,Immutable partition append from ESS normalization output; numeric provenance preserved.
RUN-REAL-ESS-20260513-002:2026-05-13:KOPN:NON_STARMINE_ANALYST,2026-05-13,2026-05-13T15:28:42.825732+00:00,RUN-REAL-ESS-20260513-002,FIDELITY,starmine_zacks.csv,KOPN,NON_STARMINE_ANALYST,2,Immutable partition append from ESS normalization output; numeric provenance preserved.
RUN-REAL-ESS-20260513-002:2026-05-13:LFUS:NON_STARMINE_ANALYST,2026-05-13,2026-05-13T15:28:42.825732+00:00,RUN-REAL-ESS-20260513-002,FIDELITY,starmine_zacks.csv,LFUS,NON_STARMINE_ANALYST,2,Immutable partition append from ESS normalization output; numeric provenance preserved.
RUN-REAL-ESS-20260513-002:2026-05-13:MCRI:NON_STARMINE_ANALYST,2026-05-13,2026-05-13T15:28:42.825732+00:00,RUN-REAL-ESS-20260513-002,FIDELITY,starmine_zacks.csv,MCRI,NON_STARMINE_ANALYST,2,Immutable partition append from ESS normalization output; numeric provenance preserved.
RUN-REAL-ESS-20260513-002:2026-05-13:MITSY:NON_STARMINE_ANALYST,2026-05-13,2026-05-13T15:28:42.825732+00:00,RUN-REAL-ESS-20260513-002,FIDELITY,starmine_zacks.csv,MITSY,NON_STARMINE_ANALYST,2,Immutable partition append from ESS normalization output; numeric provenance preserved.
RUN-REAL-ESS-20260513-002:2026-05-13:MKSI:NON_STARMINE_ANALYST,2026-05-13,2026-05-13T15:28:42.825732+00:00,RUN-REAL-ESS-20260513-002,FIDELITY,starmine_zacks.csv,MKSI,NON_STARMINE_ANALYST,2,Immutable partition append from ESS normalization output; numeric provenance preserved.
RUN-REAL-ESS-20260513-002:2026-05-13:MU:NON_STARMINE_ANALYST,2026-05-13,2026-05-13T15:28:42.825732+00:00,RUN-REAL-ESS-20260513-002,FIDELITY,starmine_zacks.csv,MU,NON_STARMINE_ANALYST,2,Immutable partition append from ESS normalization output; numeric provenance preserved.
RUN-REAL-ESS-20260513-002:2026-05-13:MS:NON_STARMINE_ANALYST,2026-05-13,2026-05-13T15:28:42.825732+00:00,RUN-REAL-ESS-20260513-002,FIDELITY,starmine_zacks.csv,MS,NON_STARMINE_ANALYST,2,Immutable partition append from ESS normalization output; numeric provenance preserved.
RUN-REAL-ESS-20260513-002:2026-05-13:ONTO:NON_STARMINE_ANALYST,2026-05-13,2026-05-13T15:28:42.825732+00:00,RUN-REAL-ESS-20260513-002,FIDELITY,starmine_zacks.csv,ONTO,NON_STARMINE_ANALYST,2,Immutable partition append from ESS normalization output; numeric provenance preserved.
RUN-REAL-ESS-20260513-002:2026-05-13:IDR:NON_STARMINE_ANALYST,2026-05-13,2026-05-13T15:28:42.825732+00:00,RUN-REAL-ESS-20260513-002,FIDELITY,starmine_zacks.csv,IDR,NON_STARMINE_ANALYST,2,Immutable partition append from ESS normalization output; numeric provenance preserved.
RUN-REAL-ESS-20260513-002:2026-05-13:NKSH:NON_STARMINE_ANALYST,2026-05-13,2026-05-13T15:28:42.825732+00:00,RUN-REAL-ESS-20260513-002,FIDELITY,starmine_zacks.csv,NKSH,NON_STARMINE_ANALYST,2,Immutable partition append from ESS normalization output; numeric provenance preserved.
RUN-REAL-ESS-20260513-002:2026-05-13:NVDA:NON_STARMINE_ANALYST,2026-05-13,2026-05-13T15:28:42.825732+00:00,RUN-REAL-ESS-20260513-002,FIDELITY,starmine_zacks.csv,NVDA,NON_STARMINE_ANALYST,2,Immutable partition append from ESS normalization output; numeric provenance preserved.
RUN-REAL-ESS-20260513-002:2026-05-13:OFG:NON_STARMINE_ANALYST,2026-05-13,2026-05-13T15:28:42.825732+00:00,RUN-REAL-ESS-20260513-002,FIDELITY,starmine_zacks.csv,OFG,NON_STARMINE_ANALYST,2,Immutable partition append from ESS normalization output; numeric provenance preserved.
RUN-REAL-ESS-20260513-002:2026-05-13:OMCL:NON_STARMINE_ANALYST,2026-05-13,2026-05-13T15:28:42.825732+00:00,RUN-REAL-ESS-20260513-002,FIDELITY,starmine_zacks.csv,OMCL,NON_STARMINE_ANALYST,2,Immutable partition append from ESS normalization output; numeric provenance preserved.
RUN-REAL-ESS-20260513-002:2026-05-13:OMVKY:NON_STARMINE_ANALYST,2026-05-13,2026-05-13T15:28:42.825732+00:00,RUN-REAL-ESS-20260513-002,FIDELITY,starmine_zacks.csv,OMVKY,NON_STARMINE_ANALYST,2,Immutable partition append from ESS normalization output; numeric provenance preserved.
RUN-REAL-ESS-20260513-002:2026-05-13:ON:NON_STARMINE_ANALYST,2026-05-13,2026-05-13T15:28:42.825732+00:00,RUN-REAL-ESS-20260513-002,FIDELITY,starmine_zacks.csv,ON,NON_STARMINE_ANALYST,2,Immutable partition append from ESS normalization output; numeric provenance preserved.
RUN-REAL-ESS-20260513-002:2026-05-13:OTTR:NON_STARMINE_ANALYST,2026-05-13,2026-05-13T15:28:42.825732+00:00,RUN-REAL-ESS-20260513-002,FIDELITY,starmine_zacks.csv,OTTR,NON_STARMINE_ANALYST,2,Immutable partition append from ESS normalization output; numeric provenance preserved.
RUN-REAL-ESS-20260513-002:2026-05-13:OXY:NON_STARMINE_ANALYST,2026-05-13,2026-05-13T15:28:42.825732+00:00,RUN-REAL-ESS-20260513-002,FIDELITY,starmine_zacks.csv,OXY,NON_STARMINE_ANALYST,2,Immutable partition append from ESS normalization output; numeric provenance preserved.
RUN-REAL-ESS-20260513-002:2026-05-13:PBI:NON_STARMINE_ANALYST,2026-05-13,2026-05-13T15:28:42.825732+00:00,RUN-REAL-ESS-20260513-002,FIDELITY,starmine_zacks.csv,PBI,NON_STARMINE_ANALYST,2,Immutable partition append from ESS normalization output; numeric provenance preserved.
RUN-REAL-ESS-20260513-002:2026-05-13:PBR:NON_STARMINE_ANALYST,2026-05-13,2026-05-13T15:28:42.825732+00:00,RUN-REAL-ESS-20260513-002,FIDELITY,starmine_zacks.csv,PBR,NON_STARMINE_ANALYST,2,Immutable partition append from ESS normalization output; numeric provenance preserved.
RUN-REAL-ESS-20260513-002:2026-05-13:PII:NON_STARMINE_ANALYST,2026-05-13,2026-05-13T15:28:42.825732+00:00,RUN-REAL-ESS-20260513-002,FIDELITY,starmine_zacks.csv,PII,NON_STARMINE_ANALYST,2,Immutable partition append from ESS normalization output; numeric provenance preserved.
RUN-REAL-ESS-20260513-002:2026-05-13:PLAB:NON_STARMINE_ANALYST,2026-05-13,2026-05-13T15:28:42.825732+00:00,RUN-REAL-ESS-20260513-002,FIDELITY,starmine_zacks.csv,PLAB,NON_STARMINE_ANALYST,2,Immutable partition append from ESS normalization output; numeric provenance preserved.
RUN-REAL-ESS-20260513-002:2026-05-13:PLUS:NON_STARMINE_ANALYST,2026-05-13,2026-05-13T15:28:42.825732+00:00,RUN-REAL-ESS-20260513-002,FIDELITY,starmine_zacks.csv,PLUS,NON_STARMINE_ANALYST,2,Immutable partition append from ESS normalization output; numeric provenance preserved.
RUN-REAL-ESS-20260513-002:2026-05-13:PRA:NON_STARMINE_ANALYST,2026-05-13,2026-05-13T15:28:42.825732+00:00,RUN-REAL-ESS-20260513-002,FIDELITY,starmine_zacks.csv,PRA,NON_STARMINE_ANALYST,2,Immutable partition append from ESS normalization output; numeric provenance preserved.
RUN-REAL-ESS-20260513-002:2026-05-13:PTEN:NON_STARMINE_ANALYST,2026-05-13,2026-05-13T15:28:42.825732+00:00,RUN-REAL-ESS-20260513-002,FIDELITY,starmine_zacks.csv,PTEN,NON_STARMINE_ANALYST,2,Immutable partition append from ESS normalization output; numeric provenance preserved.
RUN-REAL-ESS-20260513-002:2026-05-13:PWR:NON_STARMINE_ANALYST,2026-05-13,2026-05-13T15:28:42.825732+00:00,RUN-REAL-ESS-20260513-002,FIDELITY,starmine_zacks.csv,PWR,NON_STARMINE_ANALYST,2,Immutable partition append from ESS normalization output; numeric provenance preserved.
RUN-REAL-ESS-20260513-002:2026-05-13:R:NON_STARMINE_ANALYST,2026-05-13,2026-05-13T15:28:42.825732+00:00,RUN-REAL-ESS-20260513-002,FIDELITY,starmine_zacks.csv,R,NON_STARMINE_ANALYST,2,Immutable partition append from ESS normalization output; numeric provenance preserved.
RUN-REAL-ESS-20260513-002:2026-05-13:RCMT:NON_STARMINE_ANALYST,2026-05-13,2026-05-13T15:28:42.825732+00:00,RUN-REAL-ESS-20260513-002,FIDELITY,starmine_zacks.csv,RCMT,NON_STARMINE_ANALYST,2,Immutable partition append from ESS normalization output; numeric provenance preserved.
RUN-REAL-ESS-20260513-002:2026-05-13:REPYY:NON_STARMINE_ANALYST,2026-05-13,2026-05-13T15:28:42.825732+00:00,RUN-REAL-ESS-20260513-002,FIDELITY,starmine_zacks.csv,REPYY,NON_STARMINE_ANALYST,2,Immutable partition append from ESS normalization output; numeric provenance preserved.
RUN-REAL-ESS-20260513-002:2026-05-13:ROP:NON_STARMINE_ANALYST,2026-05-13,2026-05-13T15:28:42.825732+00:00,RUN-REAL-ESS-20260513-002,FIDELITY,starmine_zacks.csv,ROP,NON_STARMINE_ANALYST,2,Immutable partition append from ESS normalization output; numeric provenance preserved.
RUN-REAL-ESS-20260513-002:2026-05-13:RRC:NON_STARMINE_ANALYST,2026-05-13,2026-05-13T15:28:42.825732+00:00,RUN-REAL-ESS-20260513-002,FIDELITY,starmine_zacks.csv,RRC,NON_STARMINE_ANALYST,2,Immutable partition append from ESS normalization output; numeric provenance preserved.
RUN-REAL-ESS-20260513-002:2026-05-13:RWEOY:NON_STARMINE_ANALYST,2026-05-13,2026-05-13T15:28:42.825732+00:00,RUN-REAL-ESS-20260513-002,FIDELITY,starmine_zacks.csv,RWEOY,NON_STARMINE_ANALYST,2,Immutable partition append from ESS normalization output; numeric provenance preserved.
RUN-REAL-ESS-20260513-002:2026-05-13:STN:NON_STARMINE_ANALYST,2026-05-13,2026-05-13T15:28:42.825732+00:00,RUN-REAL-ESS-20260513-002,FIDELITY,starmine_zacks.csv,STN,NON_STARMINE_ANALYST,2,Immutable partition append from ESS normalization output; numeric provenance preserved.
RUN-REAL-ESS-20260513-002:2026-05-13:SANM:NON_STARMINE_ANALYST,2026-05-13,2026-05-13T15:28:42.825732+00:00,RUN-REAL-ESS-20260513-002,FIDELITY,starmine_zacks.csv,SANM,NON_STARMINE_ANALYST,2,Immutable partition append from ESS normalization output; numeric provenance preserved.
RUN-REAL-ESS-20260513-002:2026-05-13:SCHL:NON_STARMINE_ANALYST,2026-05-13,2026-05-13T15:28:42.825732+00:00,RUN-REAL-ESS-20260513-002,FIDELITY,starmine_zacks.csv,SCHL,NON_STARMINE_ANALYST,2,Immutable partition append from ESS normalization output; numeric provenance preserved.
RUN-REAL-ESS-20260513-002:2026-05-13:SDVKY:NON_STARMINE_ANALYST,2026-05-13,2026-05-13T15:28:42.825732+00:00,RUN-REAL-ESS-20260513-002,FIDELITY,starmine_zacks.csv,SDVKY,NON_STARMINE_ANALYST,2,Immutable partition append from ESS normalization output; numeric provenance preserved.
RUN-REAL-ESS-20260513-002:2026-05-13:SBLK:NON_STARMINE_ANALYST,2026-05-13,2026-05-13T15:28:42.825732+00:00,RUN-REAL-ESS-20260513-002,FIDELITY,starmine_zacks.csv,SBLK,NON_STARMINE_ANALYST,2,Immutable partition append from ESS normalization output; numeric provenance preserved.
RUN-REAL-ESS-20260513-002:2026-05-13:SHBI:NON_STARMINE_ANALYST,2026-05-13,2026-05-13T15:28:42.825732+00:00,RUN-REAL-ESS-20260513-002,FIDELITY,starmine_zacks.csv,SHBI,NON_STARMINE_ANALYST,2,Immutable partition append from ESS normalization output; numeric provenance preserved.
RUN-REAL-ESS-20260513-002:2026-05-13:SLM:NON_STARMINE_ANALYST,2026-05-13,2026-05-13T15:28:42.825732+00:00,RUN-REAL-ESS-20260513-002,FIDELITY,starmine_zacks.csv,SLM,NON_STARMINE_ANALYST,2,Immutable partition append from ESS normalization output; numeric provenance preserved.
RUN-REAL-ESS-20260513-002:2026-05-13:SM:NON_STARMINE_ANALYST,2026-05-13,2026-05-13T15:28:42.825732+00:00,RUN-REAL-ESS-20260513-002,FIDELITY,starmine_zacks.csv,SM,NON_STARMINE_ANALYST,2,Immutable partition append from ESS normalization output; numeric provenance preserved.
RUN-REAL-ESS-20260513-002:2026-05-13:SMFG:NON_STARMINE_ANALYST,2026-05-13,2026-05-13T15:28:42.825732+00:00,RUN-REAL-ESS-20260513-002,FIDELITY,starmine_zacks.csv,SMFG,NON_STARMINE_ANALYST,2,Immutable partition append from ESS normalization output; numeric provenance preserved.
RUN-REAL-ESS-20260513-002:2026-05-13:SMP:NON_STARMINE_ANALYST,2026-05-13,2026-05-13T15:28:42.825732+00:00,RUN-REAL-ESS-20260513-002,FIDELITY,starmine_zacks.csv,SMP,NON_STARMINE_ANALYST,2,Immutable partition append from ESS normalization output; numeric provenance preserved.
RUN-REAL-ESS-20260513-002:2026-05-13:SNX:NON_STARMINE_ANALYST,2026-05-13,2026-05-13T15:28:42.825732+00:00,RUN-REAL-ESS-20260513-002,FIDELITY,starmine_zacks.csv,SNX,NON_STARMINE_ANALYST,2,Immutable partition append from ESS normalization output; numeric provenance preserved.
RUN-REAL-ESS-20260513-002:2026-05-13:SUBCY:NON_STARMINE_ANALYST,2026-05-13,2026-05-13T15:28:42.825732+00:00,RUN-REAL-ESS-20260513-002,FIDELITY,starmine_zacks.csv,SUBCY,NON_STARMINE_ANALYST,2,Immutable partition append from ESS normalization output; numeric provenance preserved.
RUN-REAL-ESS-20260513-002:2026-05-13:SPH:NON_STARMINE_ANALYST,2026-05-13,2026-05-13T15:28:42.825732+00:00,RUN-REAL-ESS-20260513-002,FIDELITY,starmine_zacks.csv,SPH,NON_STARMINE_ANALYST,2,Immutable partition append from ESS normalization output; numeric provenance preserved.
RUN-REAL-ESS-20260513-002:2026-05-13:SSL:NON_STARMINE_ANALYST,2026-05-13,2026-05-13T15:28:42.825732+00:00,RUN-REAL-ESS-20260513-002,FIDELITY,starmine_zacks.csv,SSL,NON_STARMINE_ANALYST,2,Immutable partition append from ESS normalization output; numeric provenance preserved.
RUN-REAL-ESS-20260513-002:2026-05-13:SSRM:NON_STARMINE_ANALYST,2026-05-13,2026-05-13T15:28:42.825732+00:00,RUN-REAL-ESS-20260513-002,FIDELITY,starmine_zacks.csv,SSRM,NON_STARMINE_ANALYST,2,Immutable partition append from ESS normalization output; numeric provenance preserved.
RUN-REAL-ESS-20260513-002:2026-05-13:EQNR:NON_STARMINE_ANALYST,2026-05-13,2026-05-13T15:28:42.825732+00:00,RUN-REAL-ESS-20260513-002,FIDELITY,starmine_zacks.csv,EQNR,NON_STARMINE_ANALYST,2,Immutable partition append from ESS normalization output; numeric provenance preserved.
RUN-REAL-ESS-20260513-002:2026-05-13:STRA:NON_STARMINE_ANALYST,2026-05-13,2026-05-13T15:28:42.825732+00:00,RUN-REAL-ESS-20260513-002,FIDELITY,starmine_zacks.csv,STRA,NON_STARMINE_ANALYST,2,Immutable partition append from ESS normalization output; numeric provenance preserved.
RUN-REAL-ESS-20260513-002:2026-05-13:STT:NON_STARMINE_ANALYST,2026-05-13,2026-05-13T15:28:42.825732+00:00,RUN-REAL-ESS-20260513-002,FIDELITY,starmine_zacks.csv,STT,NON_STARMINE_ANALYST,2,Immutable partition append from ESS normalization output; numeric provenance preserved.
RUN-REAL-ESS-20260513-002:2026-05-13:STX:NON_STARMINE_ANALYST,2026-05-13,2026-05-13T15:28:42.825732+00:00,RUN-REAL-ESS-20260513-002,FIDELITY,starmine_zacks.csv,STX,NON_STARMINE_ANALYST,2,Immutable partition append from ESS normalization output; numeric provenance preserved.
RUN-REAL-ESS-20260513-002:2026-05-13:SU:NON_STARMINE_ANALYST,2026-05-13,2026-05-13T15:28:42.825732+00:00,RUN-REAL-ESS-20260513-002,FIDELITY,starmine_zacks.csv,SU,NON_STARMINE_ANALYST,2,Immutable partition append from ESS normalization output; numeric provenance preserved.
RUN-REAL-ESS-20260513-002:2026-05-13:TCBK:NON_STARMINE_ANALYST,2026-05-13,2026-05-13T15:28:42.825732+00:00,RUN-REAL-ESS-20260513-002,FIDELITY,starmine_zacks.csv,TCBK,NON_STARMINE_ANALYST,2,Immutable partition append from ESS normalization output; numeric provenance preserved.
RUN-REAL-ESS-20260513-002:2026-05-13:TDW:NON_STARMINE_ANALYST,2026-05-13,2026-05-13T15:28:42.825732+00:00,RUN-REAL-ESS-20260513-002,FIDELITY,starmine_zacks.csv,TDW,NON_STARMINE_ANALYST,2,Immutable partition append from ESS normalization output; numeric provenance preserved.
RUN-REAL-ESS-20260513-002:2026-05-13:REPX:NON_STARMINE_ANALYST,2026-05-13,2026-05-13T15:28:42.825732+00:00,RUN-REAL-ESS-20260513-002,FIDELITY,starmine_zacks.csv,REPX,NON_STARMINE_ANALYST,2,Immutable partition append from ESS normalization output; numeric provenance preserved.
RUN-REAL-ESS-20260513-002:2026-05-13:TM:NON_STARMINE_ANALYST,2026-05-13,2026-05-13T15:28:42.825732+00:00,RUN-REAL-ESS-20260513-002,FIDELITY,starmine_zacks.csv,TM,NON_STARMINE_ANALYST,2,Immutable partition append from ESS normalization output; numeric provenance preserved.
RUN-REAL-ESS-20260513-002:2026-05-13:TPL:NON_STARMINE_ANALYST,2026-05-13,2026-05-13T15:28:42.825732+00:00,RUN-REAL-ESS-20260513-002,FIDELITY,starmine_zacks.csv,TPL,NON_STARMINE_ANALYST,2,Immutable partition append from ESS normalization output; numeric provenance preserved.
RUN-REAL-ESS-20260513-002:2026-05-13:TIMB:NON_STARMINE_ANALYST,2026-05-13,2026-05-13T15:28:42.825732+00:00,RUN-REAL-ESS-20260513-002,FIDELITY,starmine_zacks.csv,TIMB,NON_STARMINE_ANALYST,2,Immutable partition append from ESS normalization output; numeric provenance preserved.
RUN-REAL-ESS-20260513-002:2026-05-13:TTNDY:NON_STARMINE_ANALYST,2026-05-13,2026-05-13T15:28:42.825732+00:00,RUN-REAL-ESS-20260513-002,FIDELITY,starmine_zacks.csv,TTNDY,NON_STARMINE_ANALYST,2,Immutable partition append from ESS normalization output; numeric provenance preserved.
RUN-REAL-ESS-20260513-002:2026-05-13:TXN:NON_STARMINE_ANALYST,2026-05-13,2026-05-13T15:28:42.825732+00:00,RUN-REAL-ESS-20260513-002,FIDELITY,starmine_zacks.csv,TXN,NON_STARMINE_ANALYST,2,Immutable partition append from ESS normalization output; numeric provenance preserved.
RUN-REAL-ESS-20260513-002:2026-05-13:UFCS:NON_STARMINE_ANALYST,2026-05-13,2026-05-13T15:28:42.825732+00:00,RUN-REAL-ESS-20260513-002,FIDELITY,starmine_zacks.csv,UFCS,NON_STARMINE_ANALYST,2,Immutable partition append from ESS normalization output; numeric provenance preserved.
RUN-REAL-ESS-20260513-002:2026-05-13:UMBF:NON_STARMINE_ANALYST,2026-05-13,2026-05-13T15:28:42.825732+00:00,RUN-REAL-ESS-20260513-002,FIDELITY,starmine_zacks.csv,UMBF,NON_STARMINE_ANALYST,2,Immutable partition append from ESS normalization output; numeric provenance preserved.
RUN-REAL-ESS-20260513-002:2026-05-13:USNZY:NON_STARMINE_ANALYST,2026-05-13,2026-05-13T15:28:42.825732+00:00,RUN-REAL-ESS-20260513-002,FIDELITY,starmine_zacks.csv,USNZY,NON_STARMINE_ANALYST,2,Immutable partition append from ESS normalization output; numeric provenance preserved.
RUN-REAL-ESS-20260513-002:2026-05-13:UVE:NON_STARMINE_ANALYST,2026-05-13,2026-05-13T15:28:42.825732+00:00,RUN-REAL-ESS-20260513-002,FIDELITY,starmine_zacks.csv,UVE,NON_STARMINE_ANALYST,2,Immutable partition append from ESS normalization output; numeric provenance preserved.
RUN-REAL-ESS-20260513-002:2026-05-13:VFC:NON_STARMINE_ANALYST,2026-05-13,2026-05-13T15:28:42.825732+00:00,RUN-REAL-ESS-20260513-002,FIDELITY,starmine_zacks.csv,VFC,NON_STARMINE_ANALYST,2,Immutable partition append from ESS normalization output; numeric provenance preserved.
RUN-REAL-ESS-20260513-002:2026-05-13:VICR:NON_STARMINE_ANALYST,2026-05-13,2026-05-13T15:28:42.825732+00:00,RUN-REAL-ESS-20260513-002,FIDELITY,starmine_zacks.csv,VICR,NON_STARMINE_ANALYST,2,Immutable partition append from ESS normalization output; numeric provenance preserved.
RUN-REAL-ESS-20260513-002:2026-05-13:VLO:NON_STARMINE_ANALYST,2026-05-13,2026-05-13T15:28:42.825732+00:00,RUN-REAL-ESS-20260513-002,FIDELITY,starmine_zacks.csv,VLO,NON_STARMINE_ANALYST,2,Immutable partition append from ESS normalization output; numeric provenance preserved.
RUN-REAL-ESS-20260513-002:2026-05-13:VMI:NON_STARMINE_ANALYST,2026-05-13,2026-05-13T15:28:42.825732+00:00,RUN-REAL-ESS-20260513-002,FIDELITY,starmine_zacks.csv,VMI,NON_STARMINE_ANALYST,2,Immutable partition append from ESS normalization output; numeric provenance preserved.
RUN-REAL-ESS-20260513-002:2026-05-13:VOD:NON_STARMINE_ANALYST,2026-05-13,2026-05-13T15:28:42.825732+00:00,RUN-REAL-ESS-20260513-002,FIDELITY,starmine_zacks.csv,VOD,NON_STARMINE_ANALYST,2,Immutable partition append from ESS normalization output; numeric provenance preserved.
RUN-REAL-ESS-20260513-002:2026-05-13:PRSU:NON_STARMINE_ANALYST,2026-05-13,2026-05-13T15:28:42.825732+00:00,RUN-REAL-ESS-20260513-002,FIDELITY,starmine_zacks.csv,PRSU,NON_STARMINE_ANALYST,2,Immutable partition append from ESS normalization output; numeric provenance preserved.
RUN-REAL-ESS-20260513-002:2026-05-13:WDC:NON_STARMINE_ANALYST,2026-05-13,2026-05-13T15:28:42.825732+00:00,RUN-REAL-ESS-20260513-002,FIDELITY,starmine_zacks.csv,WDC,NON_STARMINE_ANALYST,2,Immutable partition append from ESS normalization output; numeric provenance preserved.
RUN-REAL-ESS-20260513-002:2026-05-13:WAFD:NON_STARMINE_ANALYST,2026-05-13,2026-05-13T15:28:42.825732+00:00,RUN-REAL-ESS-20260513-002,FIDELITY,starmine_zacks.csv,WAFD,NON_STARMINE_ANALYST,2,Immutable partition append from ESS normalization output; numeric provenance preserved.
RUN-REAL-ESS-20260513-002:2026-05-13:XOM:NON_STARMINE_ANALYST,2026-05-13,2026-05-13T15:28:42.825732+00:00,RUN-REAL-ESS-20260513-002,FIDELITY,starmine_zacks.csv,XOM,NON_STARMINE_ANALYST,2,Immutable partition append from ESS normalization output; numeric provenance preserved.
RUN-REAL-ESS-20260513-002:2026-05-13:YARIY:NON_STARMINE_ANALYST,2026-05-13,2026-05-13T15:28:42.825732+00:00,RUN-REAL-ESS-20260513-002,FIDELITY,starmine_zacks.csv,YARIY,NON_STARMINE_ANALYST,2,Immutable partition append from ESS normalization output; numeric provenance preserved.
RUN-REAL-ESS-20260513-002:2026-05-13:YPF:NON_STARMINE_ANALYST,2026-05-13,2026-05-13T15:28:42.825732+00:00,RUN-REAL-ESS-20260513-002,FIDELITY,starmine_zacks.csv,YPF,NON_STARMINE_ANALYST,2,Immutable partition append from ESS normalization output; numeric provenance preserved.
RUN-REAL-ESS-20260513-002:2026-05-13:DINO:NON_STARMINE_ANALYST,2026-05-13,2026-05-13T15:28:42.825732+00:00,RUN-REAL-ESS-20260513-002,FIDELITY,starmine_zacks.csv,DINO,NON_STARMINE_ANALYST,2,Immutable partition append from ESS normalization output; numeric provenance preserved.
RUN-REAL-ESS-20260513-002:2026-05-13:CLAR:NON_STARMINE_ANALYST,2026-05-13,2026-05-13T15:28:42.825732+00:00,RUN-REAL-ESS-20260513-002,FIDELITY,starmine_zacks.csv,CLAR,NON_STARMINE_ANALYST,2,Immutable partition append from ESS normalization output; numeric provenance preserved.
RUN-REAL-ESS-20260513-002:2026-05-13:SIMO:NON_STARMINE_ANALYST,2026-05-13,2026-05-13T15:28:42.825732+00:00,RUN-REAL-ESS-20260513-002,FIDELITY,starmine_zacks.csv,SIMO,NON_STARMINE_ANALYST,2,Immutable partition append from ESS normalization output; numeric provenance preserved.
RUN-REAL-ESS-20260513-002:2026-05-13:CACC:NON_STARMINE_ANALYST,2026-05-13,2026-05-13T15:28:42.825732+00:00,RUN-REAL-ESS-20260513-002,FIDELITY,starmine_zacks.csv,CACC,NON_STARMINE_ANALYST,2,Immutable partition append from ESS normalization output; numeric provenance preserved.
RUN-REAL-ESS-20260513-002:2026-05-13:TSAT:NON_STARMINE_ANALYST,2026-05-13,2026-05-13T15:28:42.825732+00:00,RUN-REAL-ESS-20260513-002,FIDELITY,starmine_zacks.csv,TSAT,NON_STARMINE_ANALYST,2,Immutable partition append from ESS normalization output; numeric provenance preserved.
RUN-REAL-ESS-20260513-002:2026-05-13:ATRC:NON_STARMINE_ANALYST,2026-05-13,2026-05-13T15:28:42.825732+00:00,RUN-REAL-ESS-20260513-002,FIDELITY,starmine_zacks.csv,ATRC,NON_STARMINE_ANALYST,2,Immutable partition append from ESS normalization output; numeric provenance preserved.
RUN-REAL-ESS-20260513-002:2026-05-13:CF:NON_STARMINE_ANALYST,2026-05-13,2026-05-13T15:28:42.825732+00:00,RUN-REAL-ESS-20260513-002,FIDELITY,starmine_zacks.csv,CF,NON_STARMINE_ANALYST,2,Immutable partition append from ESS normalization output; numeric provenance preserved.
RUN-REAL-ESS-20260513-002:2026-05-13:RBC:NON_STARMINE_ANALYST,2026-05-13,2026-05-13T15:28:42.825732+00:00,RUN-REAL-ESS-20260513-002,FIDELITY,starmine_zacks.csv,RBC,NON_STARMINE_ANALYST,2,Immutable partition append from ESS normalization output; numeric provenance preserved.
RUN-REAL-ESS-20260513-002:2026-05-13:GLP:NON_STARMINE_ANALYST,2026-05-13,2026-05-13T15:28:42.825732+00:00,RUN-REAL-ESS-20260513-002,FIDELITY,starmine_zacks.csv,GLP,NON_STARMINE_ANALYST,2,Immutable partition append from ESS normalization output; numeric provenance preserved.
RUN-REAL-ESS-20260513-002:2026-05-13:UAA:NON_STARMINE_ANALYST,2026-05-13,2026-05-13T15:28:42.825732+00:00,RUN-REAL-ESS-20260513-002,FIDELITY,starmine_zacks.csv,UAA,NON_STARMINE_ANALYST,2,Immutable partition append from ESS normalization output; numeric provenance preserved.
RUN-REAL-ESS-20260513-002:2026-05-13:DK:NON_STARMINE_ANALYST,2026-05-13,2026-05-13T15:28:42.825732+00:00,RUN-REAL-ESS-20260513-002,FIDELITY,starmine_zacks.csv,DK,NON_STARMINE_ANALYST,2,Immutable partition append from ESS normalization output; numeric provenance preserved.
RUN-REAL-ESS-20260513-002:2026-05-13:CIEN:NON_STARMINE_ANALYST,2026-05-13,2026-05-13T15:28:42.825732+00:00,RUN-REAL-ESS-20260513-002,FIDELITY,starmine_zacks.csv,CIEN,NON_STARMINE_ANALYST,2,Immutable partition append from ESS normalization output; numeric provenance preserved.
RUN-REAL-ESS-20260513-002:2026-05-13:NVGS:NON_STARMINE_ANALYST,2026-05-13,2026-05-13T15:28:42.825732+00:00,RUN-REAL-ESS-20260513-002,FIDELITY,starmine_zacks.csv,NVGS,NON_STARMINE_ANALYST,2,Immutable partition append from ESS normalization output; numeric provenance preserved.
RUN-REAL-ESS-20260513-002:2026-05-13:LMAT:NON_STARMINE_ANALYST,2026-05-13,2026-05-13T15:28:42.825732+00:00,RUN-REAL-ESS-20260513-002,FIDELITY,starmine_zacks.csv,LMAT,NON_STARMINE_ANALYST,2,Immutable partition append from ESS normalization output; numeric provenance preserved.
RUN-REAL-ESS-20260513-002:2026-05-13:CPRX:NON_STARMINE_ANALYST,2026-05-13,2026-05-13T15:28:42.825732+00:00,RUN-REAL-ESS-20260513-002,FIDELITY,starmine_zacks.csv,CPRX,NON_STARMINE_ANALYST,2,Immutable partition append from ESS normalization output; numeric provenance preserved.
RUN-REAL-ESS-20260513-002:2026-05-13:AER:NON_STARMINE_ANALYST,2026-05-13,2026-05-13T15:28:42.825732+00:00,RUN-REAL-ESS-20260513-002,FIDELITY,starmine_zacks.csv,AER,NON_STARMINE_ANALYST,2,Immutable partition append from ESS normalization output; numeric provenance preserved.
RUN-REAL-ESS-20260513-002:2026-05-13:REI:NON_STARMINE_ANALYST,2026-05-13,2026-05-13T15:28:42.825732+00:00,RUN-REAL-ESS-20260513-002,FIDELITY,starmine_zacks.csv,REI,NON_STARMINE_ANALYST,2,Immutable partition append from ESS normalization output; numeric provenance preserved.
RUN-REAL-ESS-20260513-002:2026-05-13:CNK:NON_STARMINE_ANALYST,2026-05-13,2026-05-13T15:28:42.825732+00:00,RUN-REAL-ESS-20260513-002,FIDELITY,starmine_zacks.csv,CNK,NON_STARMINE_ANALYST,2,Immutable partition append from ESS normalization output; numeric provenance preserved.
RUN-REAL-ESS-20260513-002:2026-05-13:ORN:NON_STARMINE_ANALYST,2026-05-13,2026-05-13T15:28:42.825732+00:00,RUN-REAL-ESS-20260513-002,FIDELITY,starmine_zacks.csv,ORN,NON_STARMINE_ANALYST,2,Immutable partition append from ESS normalization output; numeric provenance preserved.
RUN-REAL-ESS-20260513-002:2026-05-13:TEL:NON_STARMINE_ANALYST,2026-05-13,2026-05-13T15:28:42.825732+00:00,RUN-REAL-ESS-20260513-002,FIDELITY,starmine_zacks.csv,TEL,NON_STARMINE_ANALYST,2,Immutable partition append from ESS normalization output; numeric provenance preserved.
RUN-REAL-ESS-20260513-002:2026-05-13:TDC:NON_STARMINE_ANALYST,2026-05-13,2026-05-13T15:28:42.825732+00:00,RUN-REAL-ESS-20260513-002,FIDELITY,starmine_zacks.csv,TDC,NON_STARMINE_ANALYST,2,Immutable partition append from ESS normalization output; numeric provenance preserved.
RUN-REAL-ESS-20260513-002:2026-05-13:SHIP:NON_STARMINE_ANALYST,2026-05-13,2026-05-13T15:28:42.825732+00:00,RUN-REAL-ESS-20260513-002,FIDELITY,starmine_zacks.csv,SHIP,NON_STARMINE_ANALYST,2,Immutable partition append from ESS normalization output; numeric provenance preserved.
RUN-REAL-ESS-20260513-002:2026-05-13:APEI:NON_STARMINE_ANALYST,2026-05-13,2026-05-13T15:28:42.825732+00:00,RUN-REAL-ESS-20260513-002,FIDELITY,starmine_zacks.csv,APEI,NON_STARMINE_ANALYST,2,Immutable partition append from ESS normalization output; numeric provenance preserved.
RUN-REAL-ESS-20260513-002:2026-05-13:KDP:NON_STARMINE_ANALYST,2026-05-13,2026-05-13T15:28:42.825732+00:00,RUN-REAL-ESS-20260513-002,FIDELITY,starmine_zacks.csv,KDP,NON_STARMINE_ANALYST,2,Immutable partition append from ESS normalization output; numeric provenance preserved.
RUN-REAL-ESS-20260513-002:2026-05-13:ENGIY:NON_STARMINE_ANALYST,2026-05-13,2026-05-13T15:28:42.825732+00:00,RUN-REAL-ESS-20260513-002,FIDELITY,starmine_zacks.csv,ENGIY,NON_STARMINE_ANALYST,2,Immutable partition append from ESS normalization output; numeric provenance preserved.
RUN-REAL-ESS-20260513-002:2026-05-13:TREE:NON_STARMINE_ANALYST,2026-05-13,2026-05-13T15:28:42.825732+00:00,RUN-REAL-ESS-20260513-002,FIDELITY,starmine_zacks.csv,TREE,NON_STARMINE_ANALYST,2,Immutable partition append from ESS normalization output; numeric provenance preserved.
RUN-REAL-ESS-20260513-002:2026-05-13:MYRG:NON_STARMINE_ANALYST,2026-05-13,2026-05-13T15:28:42.825732+00:00,RUN-REAL-ESS-20260513-002,FIDELITY,starmine_zacks.csv,MYRG,NON_STARMINE_ANALYST,2,Immutable partition append from ESS normalization output; numeric provenance preserved.
RUN-REAL-ESS-20260513-002:2026-05-13:HCI:NON_STARMINE_ANALYST,2026-05-13,2026-05-13T15:28:42.825732+00:00,RUN-REAL-ESS-20260513-002,FIDELITY,starmine_zacks.csv,HCI,NON_STARMINE_ANALYST,2,Immutable partition append from ESS normalization output; numeric provenance preserved.
RUN-REAL-ESS-20260513-002:2026-05-13:EC:NON_STARMINE_ANALYST,2026-05-13,2026-05-13T15:28:42.825732+00:00,RUN-REAL-ESS-20260513-002,FIDELITY,starmine_zacks.csv,EC,NON_STARMINE_ANALYST,2,Immutable partition append from ESS normalization output; numeric provenance preserved.
RUN-REAL-ESS-20260513-002:2026-05-13:ALPMY:NON_STARMINE_ANALYST,2026-05-13,2026-05-13T15:28:42.825732+00:00,RUN-REAL-ESS-20260513-002,FIDELITY,starmine_zacks.csv,ALPMY,NON_STARMINE_ANALYST,2,Immutable partition append from ESS normalization output; numeric provenance preserved.
RUN-REAL-ESS-20260513-002:2026-05-13:DHLGY:NON_STARMINE_ANALYST,2026-05-13,2026-05-13T15:28:42.825732+00:00,RUN-REAL-ESS-20260513-002,FIDELITY,starmine_zacks.csv,DHLGY,NON_STARMINE_ANALYST,2,Immutable partition append from ESS normalization output; numeric provenance preserved.
RUN-REAL-ESS-20260513-002:2026-05-13:MURGY:NON_STARMINE_ANALYST,2026-05-13,2026-05-13T15:28:42.825732+00:00,RUN-REAL-ESS-20260513-002,FIDELITY,starmine_zacks.csv,MURGY,NON_STARMINE_ANALYST,2,Immutable partition append from ESS normalization output; numeric provenance preserved.
RUN-REAL-ESS-20260513-002:2026-05-13:SZKMY:NON_STARMINE_ANALYST,2026-05-13,2026-05-13T15:28:42.825732+00:00,RUN-REAL-ESS-20260513-002,FIDELITY,starmine_zacks.csv,SZKMY,NON_STARMINE_ANALYST,2,Immutable partition append from ESS normalization output; numeric provenance preserved.
RUN-REAL-ESS-20260513-002:2026-05-13:NTOIY:NON_STARMINE_ANALYST,2026-05-13,2026-05-13T15:28:42.825732+00:00,RUN-REAL-ESS-20260513-002,FIDELITY,starmine_zacks.csv,NTOIY,NON_STARMINE_ANALYST,2,Immutable partition append from ESS normalization output; numeric provenance preserved.
RUN-REAL-ESS-20260513-002:2026-05-13:GLPEY:NON_STARMINE_ANALYST,2026-05-13,2026-05-13T15:28:42.825732+00:00,RUN-REAL-ESS-20260513-002,FIDELITY,starmine_zacks.csv,GLPEY,NON_STARMINE_ANALYST,2,Immutable partition append from ESS normalization output; numeric provenance preserved.
RUN-REAL-ESS-20260513-002:2026-05-13:PRYMY:NON_STARMINE_ANALYST,2026-05-13,2026-05-13T15:28:42.825732+00:00,RUN-REAL-ESS-20260513-002,FIDELITY,starmine_zacks.csv,PRYMY,NON_STARMINE_ANALYST,2,Immutable partition append from ESS normalization output; numeric provenance preserved.
RUN-REAL-ESS-20260513-002:2026-05-13:LNNGY:NON_STARMINE_ANALYST,2026-05-13,2026-05-13T15:28:42.825732+00:00,RUN-REAL-ESS-20260513-002,FIDELITY,starmine_zacks.csv,LNNGY,NON_STARMINE_ANALYST,2,Immutable partition append from ESS normalization output; numeric provenance preserved.
RUN-REAL-ESS-20260513-002:2026-05-13:KHNGY:NON_STARMINE_ANALYST,2026-05-13,2026-05-13T15:28:42.825732+00:00,RUN-REAL-ESS-20260513-002,FIDELITY,starmine_zacks.csv,KHNGY,NON_STARMINE_ANALYST,2,Immutable partition append from ESS normalization output; numeric provenance preserved.
RUN-REAL-ESS-20260513-002:2026-05-13:UCBJY:NON_STARMINE_ANALYST,2026-05-13,2026-05-13T15:28:42.825732+00:00,RUN-REAL-ESS-20260513-002,FIDELITY,starmine_zacks.csv,UCBJY,NON_STARMINE_ANALYST,2,Immutable partition append from ESS normalization output; numeric provenance preserved.
RUN-REAL-ESS-20260513-002:2026-05-13:AVGO:NON_STARMINE_ANALYST,2026-05-13,2026-05-13T15:28:42.825732+00:00,RUN-REAL-ESS-20260513-002,FIDELITY,starmine_zacks.csv,AVGO,NON_STARMINE_ANALYST,2,Immutable partition append from ESS normalization output; numeric provenance preserved.
RUN-REAL-ESS-20260513-002:2026-05-13:OMER:NON_STARMINE_ANALYST,2026-05-13,2026-05-13T15:28:42.825732+00:00,RUN-REAL-ESS-20260513-002,FIDELITY,starmine_zacks.csv,OMER,NON_STARMINE_ANALYST,2,Immutable partition append from ESS normalization output; numeric provenance preserved.
RUN-REAL-ESS-20260513-002:2026-05-13:PAM:NON_STARMINE_ANALYST,2026-05-13,2026-05-13T15:28:42.825732+00:00,RUN-REAL-ESS-20260513-002,FIDELITY,starmine_zacks.csv,PAM,NON_STARMINE_ANALYST,2,Immutable partition append from ESS normalization output; numeric provenance preserved.
RUN-REAL-ESS-20260513-002:2026-05-13:CVE:NON_STARMINE_ANALYST,2026-05-13,2026-05-13T15:28:42.825732+00:00,RUN-REAL-ESS-20260513-002,FIDELITY,starmine_zacks.csv,CVE,NON_STARMINE_ANALYST,2,Immutable partition append from ESS normalization output; numeric provenance preserved.
RUN-REAL-ESS-20260513-002:2026-05-13:DG:NON_STARMINE_ANALYST,2026-05-13,2026-05-13T15:28:42.825732+00:00,RUN-REAL-ESS-20260513-002,FIDELITY,starmine_zacks.csv,DG,NON_STARMINE_ANALYST,2,Immutable partition append from ESS normalization output; numeric provenance preserved.
RUN-REAL-ESS-20260513-002:2026-05-13:PEB:NON_STARMINE_ANALYST,2026-05-13,2026-05-13T15:28:42.825732+00:00,RUN-REAL-ESS-20260513-002,FIDELITY,starmine_zacks.csv,PEB,NON_STARMINE_ANALYST,2,Immutable partition append from ESS normalization output; numeric provenance preserved.
RUN-REAL-ESS-20260513-002:2026-05-13:GNRC:NON_STARMINE_ANALYST,2026-05-13,2026-05-13T15:28:42.825732+00:00,RUN-REAL-ESS-20260513-002,FIDELITY,starmine_zacks.csv,GNRC,NON_STARMINE_ANALYST,2,Immutable partition append from ESS normalization output; numeric provenance preserved.
RUN-REAL-ESS-20260513-002:2026-05-13:HTHT:NON_STARMINE_ANALYST,2026-05-13,2026-05-13T15:28:42.825732+00:00,RUN-REAL-ESS-20260513-002,FIDELITY,starmine_zacks.csv,HTHT,NON_STARMINE_ANALYST,2,Immutable partition append from ESS normalization output; numeric provenance preserved.
RUN-REAL-ESS-20260513-002:2026-05-13:STNG:NON_STARMINE_ANALYST,2026-05-13,2026-05-13T15:28:42.825732+00:00,RUN-REAL-ESS-20260513-002,FIDELITY,starmine_zacks.csv,STNG,NON_STARMINE_ANALYST,2,Immutable partition append from ESS normalization output; numeric provenance preserved.
RUN-REAL-ESS-20260513-002:2026-05-13:VEON:NON_STARMINE_ANALYST,2026-05-13,2026-05-13T15:28:42.825732+00:00,RUN-REAL-ESS-20260513-002,FIDELITY,starmine_zacks.csv,VEON,NON_STARMINE_ANALYST,2,Immutable partition append from ESS normalization output; numeric provenance preserved.
RUN-REAL-ESS-20260513-002:2026-05-13:LYB:NON_STARMINE_ANALYST,2026-05-13,2026-05-13T15:28:42.825732+00:00,RUN-REAL-ESS-20260513-002,FIDELITY,starmine_zacks.csv,LYB,NON_STARMINE_ANALYST,2,Immutable partition append from ESS normalization output; numeric provenance preserved.
RUN-REAL-ESS-20260513-002:2026-05-13:FAF:NON_STARMINE_ANALYST,2026-05-13,2026-05-13T15:28:42.825732+00:00,RUN-REAL-ESS-20260513-002,FIDELITY,starmine_zacks.csv,FAF,NON_STARMINE_ANALYST,2,Immutable partition append from ESS normalization output; numeric provenance preserved.
RUN-REAL-ESS-20260513-002:2026-05-13:HPP:NON_STARMINE_ANALYST,2026-05-13,2026-05-13T15:28:42.825732+00:00,RUN-REAL-ESS-20260513-002,FIDELITY,starmine_zacks.csv,HPP,NON_STARMINE_ANALYST,2,Immutable partition append from ESS normalization output; numeric provenance preserved.
RUN-REAL-ESS-20260513-002:2026-05-13:FN:NON_STARMINE_ANALYST,2026-05-13,2026-05-13T15:28:42.825732+00:00,RUN-REAL-ESS-20260513-002,FIDELITY,starmine_zacks.csv,FN,NON_STARMINE_ANALYST,2,Immutable partition append from ESS normalization output; numeric provenance preserved.
RUN-REAL-ESS-20260513-002:2026-05-13:TAL:NON_STARMINE_ANALYST,2026-05-13,2026-05-13T15:28:42.825732+00:00,RUN-REAL-ESS-20260513-002,FIDELITY,starmine_zacks.csv,TAL,NON_STARMINE_ANALYST,2,Immutable partition append from ESS normalization output; numeric provenance preserved.
RUN-REAL-ESS-20260513-002:2026-05-13:ASMIY:NON_STARMINE_ANALYST,2026-05-13,2026-05-13T15:28:42.825732+00:00,RUN-REAL-ESS-20260513-002,FIDELITY,starmine_zacks.csv,ASMIY,NON_STARMINE_ANALYST,2,Immutable partition append from ESS normalization output; numeric provenance preserved.
RUN-REAL-ESS-20260513-002:2026-05-13:KMI:NON_STARMINE_ANALYST,2026-05-13,2026-05-13T15:28:42.825732+00:00,RUN-REAL-ESS-20260513-002,FIDELITY,starmine_zacks.csv,KMI,NON_STARMINE_ANALYST,2,Immutable partition append from ESS normalization output; numeric provenance preserved.
RUN-REAL-ESS-20260513-002:2026-05-13:GRCE:NON_STARMINE_ANALYST,2026-05-13,2026-05-13T15:28:42.825732+00:00,RUN-REAL-ESS-20260513-002,FIDELITY,starmine_zacks.csv,GRCE,NON_STARMINE_ANALYST,2,Immutable partition append from ESS normalization output; numeric provenance preserved.
RUN-REAL-ESS-20260513-002:2026-05-13:EFXT:NON_STARMINE_ANALYST,2026-05-13,2026-05-13T15:28:42.825732+00:00,RUN-REAL-ESS-20260513-002,FIDELITY,starmine_zacks.csv,EFXT,NON_STARMINE_ANALYST,2,Immutable partition append from ESS normalization output; numeric provenance preserved.
RUN-REAL-ESS-20260513-002:2026-05-13:MPC:NON_STARMINE_ANALYST,2026-05-13,2026-05-13T15:28:42.825732+00:00,RUN-REAL-ESS-20260513-002,FIDELITY,starmine_zacks.csv,MPC,NON_STARMINE_ANALYST,2,Immutable partition append from ESS normalization output; numeric provenance preserved.
RUN-REAL-ESS-20260513-002:2026-05-13:ZG:NON_STARMINE_ANALYST,2026-05-13,2026-05-13T15:28:42.825732+00:00,RUN-REAL-ESS-20260513-002,FIDELITY,starmine_zacks.csv,ZG,NON_STARMINE_ANALYST,2,Immutable partition append from ESS normalization output; numeric provenance preserved.
RUN-REAL-ESS-20260513-002:2026-05-13:ELEZY:NON_STARMINE_ANALYST,2026-05-13,2026-05-13T15:28:42.825732+00:00,RUN-REAL-ESS-20260513-002,FIDELITY,starmine_zacks.csv,ELEZY,NON_STARMINE_ANALYST,2,Immutable partition append from ESS normalization output; numeric provenance preserved.
RUN-REAL-ESS-20260513-002:2026-05-13:VAC:NON_STARMINE_ANALYST,2026-05-13,2026-05-13T15:28:42.825732+00:00,RUN-REAL-ESS-20260513-002,FIDELITY,starmine_zacks.csv,VAC,NON_STARMINE_ANALYST,2,Immutable partition append from ESS normalization output; numeric provenance preserved.
RUN-REAL-ESS-20260513-002:2026-05-13:PBAM:NON_STARMINE_ANALYST,2026-05-13,2026-05-13T15:28:42.825732+00:00,RUN-REAL-ESS-20260513-002,FIDELITY,starmine_zacks.csv,PBAM,NON_STARMINE_ANALYST,2,Immutable partition append from ESS normalization output; numeric provenance preserved.
RUN-REAL-ESS-20260513-002:2026-05-13:GWRE:NON_STARMINE_ANALYST,2026-05-13,2026-05-13T15:28:42.825732+00:00,RUN-REAL-ESS-20260513-002,FIDELITY,starmine_zacks.csv,GWRE,NON_STARMINE_ANALYST,2,Immutable partition append from ESS normalization output; numeric provenance preserved.
RUN-REAL-ESS-20260513-002:2026-05-13:MTDR:NON_STARMINE_ANALYST,2026-05-13,2026-05-13T15:28:42.825732+00:00,RUN-REAL-ESS-20260513-002,FIDELITY,starmine_zacks.csv,MTDR,NON_STARMINE_ANALYST,2,Immutable partition append from ESS normalization output; numeric provenance preserved.
RUN-REAL-ESS-20260513-002:2026-05-13:PRLB:NON_STARMINE_ANALYST,2026-05-13,2026-05-13T15:28:42.825732+00:00,RUN-REAL-ESS-20260513-002,FIDELITY,starmine_zacks.csv,PRLB,NON_STARMINE_ANALYST,2,Immutable partition append from ESS normalization output; numeric provenance preserved.
RUN-REAL-ESS-20260513-002:2026-05-13:FET:NON_STARMINE_ANALYST,2026-05-13,2026-05-13T15:28:42.825732+00:00,RUN-REAL-ESS-20260513-002,FIDELITY,starmine_zacks.csv,FET,NON_STARMINE_ANALYST,2,Immutable partition append from ESS normalization output; numeric provenance preserved.
RUN-REAL-ESS-20260513-002:2026-05-13:PSX:NON_STARMINE_ANALYST,2026-05-13,2026-05-13T15:28:42.825732+00:00,RUN-REAL-ESS-20260513-002,FIDELITY,starmine_zacks.csv,PSX,NON_STARMINE_ANALYST,2,Immutable partition append from ESS normalization output; numeric provenance preserved.
RUN-REAL-ESS-20260513-002:2026-05-13:FIVE:NON_STARMINE_ANALYST,2026-05-13,2026-05-13T15:28:42.825732+00:00,RUN-REAL-ESS-20260513-002,FIDELITY,starmine_zacks.csv,FIVE,NON_STARMINE_ANALYST,2,Immutable partition append from ESS normalization output; numeric provenance preserved.
RUN-REAL-ESS-20260513-002:2026-05-13:GMED:NON_STARMINE_ANALYST,2026-05-13,2026-05-13T15:28:42.825732+00:00,RUN-REAL-ESS-20260513-002,FIDELITY,starmine_zacks.csv,GMED,NON_STARMINE_ANALYST,2,Immutable partition append from ESS normalization output; numeric provenance preserved.
RUN-REAL-ESS-20260513-002:2026-05-13:PARR:NON_STARMINE_ANALYST,2026-05-13,2026-05-13T15:28:42.825732+00:00,RUN-REAL-ESS-20260513-002,FIDELITY,starmine_zacks.csv,PARR,NON_STARMINE_ANALYST,2,Immutable partition append from ESS normalization output; numeric provenance preserved.
RUN-REAL-ESS-20260513-002:2026-05-13:TPST:NON_STARMINE_ANALYST,2026-05-13,2026-05-13T15:28:42.825732+00:00,RUN-REAL-ESS-20260513-002,FIDELITY,starmine_zacks.csv,TPST,NON_STARMINE_ANALYST,2,Immutable partition append from ESS normalization output; numeric provenance preserved.
RUN-REAL-ESS-20260513-002:2026-05-13:FANG:NON_STARMINE_ANALYST,2026-05-13,2026-05-13T15:28:42.825732+00:00,RUN-REAL-ESS-20260513-002,FIDELITY,starmine_zacks.csv,FANG,NON_STARMINE_ANALYST,2,Immutable partition append from ESS normalization output; numeric provenance preserved.
RUN-REAL-ESS-20260513-002:2026-05-13:PBF:NON_STARMINE_ANALYST,2026-05-13,2026-05-13T15:28:42.825732+00:00,RUN-REAL-ESS-20260513-002,FIDELITY,starmine_zacks.csv,PBF,NON_STARMINE_ANALYST,2,Immutable partition append from ESS normalization output; numeric provenance preserved.
RUN-REAL-ESS-20260513-002:2026-05-13:FUBO:NON_STARMINE_ANALYST,2026-05-13,2026-05-13T15:28:42.825732+00:00,RUN-REAL-ESS-20260513-002,FIDELITY,starmine_zacks.csv,FUBO,NON_STARMINE_ANALYST,2,Immutable partition append from ESS normalization output; numeric provenance preserved.
RUN-REAL-ESS-20260513-002:2026-05-13:OSG:NON_STARMINE_ANALYST,2026-05-13,2026-05-13T15:28:42.825732+00:00,RUN-REAL-ESS-20260513-002,FIDELITY,starmine_zacks.csv,OSG,NON_STARMINE_ANALYST,2,Immutable partition append from ESS normalization output; numeric provenance preserved.
RUN-REAL-ESS-20260513-002:2026-05-13:MUSA:NON_STARMINE_ANALYST,2026-05-13,2026-05-13T15:28:42.825732+00:00,RUN-REAL-ESS-20260513-002,FIDELITY,starmine_zacks.csv,MUSA,NON_STARMINE_ANALYST,2,Immutable partition append from ESS normalization output; numeric provenance preserved.
RUN-REAL-ESS-20260513-002:2026-05-13:AR:NON_STARMINE_ANALYST,2026-05-13,2026-05-13T15:28:42.825732+00:00,RUN-REAL-ESS-20260513-002,FIDELITY,starmine_zacks.csv,AR,NON_STARMINE_ANALYST,2,Immutable partition append from ESS normalization output; numeric provenance preserved.
RUN-REAL-ESS-20260513-002:2026-05-13:VEEV:NON_STARMINE_ANALYST,2026-05-13,2026-05-13T15:28:42.825732+00:00,RUN-REAL-ESS-20260513-002,FIDELITY,starmine_zacks.csv,VEEV,NON_STARMINE_ANALYST,2,Immutable partition append from ESS normalization output; numeric provenance preserved.
RUN-REAL-ESS-20260513-002:2026-05-13:TNDM:NON_STARMINE_ANALYST,2026-05-13,2026-05-13T15:28:42.825732+00:00,RUN-REAL-ESS-20260513-002,FIDELITY,starmine_zacks.csv,TNDM,NON_STARMINE_ANALYST,2,Immutable partition append from ESS normalization output; numeric provenance preserved.
RUN-REAL-ESS-20260513-002:2026-05-13:VNCE:NON_STARMINE_ANALYST,2026-05-13,2026-05-13T15:28:42.825732+00:00,RUN-REAL-ESS-20260513-002,FIDELITY,starmine_zacks.csv,VNCE,NON_STARMINE_ANALYST,2,Immutable partition append from ESS normalization output; numeric provenance preserved.
RUN-REAL-ESS-20260513-002:2026-05-13:MBUU:NON_STARMINE_ANALYST,2026-05-13,2026-05-13T15:28:42.825732+00:00,RUN-REAL-ESS-20260513-002,FIDELITY,starmine_zacks.csv,MBUU,NON_STARMINE_ANALYST,2,Immutable partition append from ESS normalization output; numeric provenance preserved.
RUN-REAL-ESS-20260513-002:2026-05-13:ATEN:NON_STARMINE_ANALYST,2026-05-13,2026-05-13T15:28:42.825732+00:00,RUN-REAL-ESS-20260513-002,FIDELITY,starmine_zacks.csv,ATEN,NON_STARMINE_ANALYST,2,Immutable partition append from ESS normalization output; numeric provenance preserved.
RUN-REAL-ESS-20260513-002:2026-05-13:FIVN:NON_STARMINE_ANALYST,2026-05-13,2026-05-13T15:28:42.825732+00:00,RUN-REAL-ESS-20260513-002,FIDELITY,starmine_zacks.csv,FIVN,NON_STARMINE_ANALYST,2,Immutable partition append from ESS normalization output; numeric provenance preserved.
RUN-REAL-ESS-20260513-002:2026-05-13:BBSEY:NON_STARMINE_ANALYST,2026-05-13,2026-05-13T15:28:42.825732+00:00,RUN-REAL-ESS-20260513-002,FIDELITY,starmine_zacks.csv,BBSEY,NON_STARMINE_ANALYST,2,Immutable partition append from ESS normalization output; numeric provenance preserved.
RUN-REAL-ESS-20260513-002:2026-05-13:PAHC:NON_STARMINE_ANALYST,2026-05-13,2026-05-13T15:28:42.825732+00:00,RUN-REAL-ESS-20260513-002,FIDELITY,starmine_zacks.csv,PAHC,NON_STARMINE_ANALYST,2,Immutable partition append from ESS normalization output; numeric provenance preserved.
RUN-REAL-ESS-20260513-002:2026-05-13:TBPH:NON_STARMINE_ANALYST,2026-05-13,2026-05-13T15:28:42.825732+00:00,RUN-REAL-ESS-20260513-002,FIDELITY,starmine_zacks.csv,TBPH,NON_STARMINE_ANALYST,2,Immutable partition append from ESS normalization output; numeric provenance preserved.
RUN-REAL-ESS-20260513-002:2026-05-13:ANET:NON_STARMINE_ANALYST,2026-05-13,2026-05-13T15:28:42.825732+00:00,RUN-REAL-ESS-20260513-002,FIDELITY,starmine_zacks.csv,ANET,NON_STARMINE_ANALYST,2,Immutable partition append from ESS normalization output; numeric provenance preserved.
RUN-REAL-ESS-20260513-002:2026-05-13:LNTH:NON_STARMINE_ANALYST,2026-05-13,2026-05-13T15:28:42.825732+00:00,RUN-REAL-ESS-20260513-002,FIDELITY,starmine_zacks.csv,LNTH,NON_STARMINE_ANALYST,2,Immutable partition append from ESS normalization output; numeric provenance preserved.
RUN-REAL-ESS-20260513-002:2026-05-13:KEYS:NON_STARMINE_ANALYST,2026-05-13,2026-05-13T15:28:42.825732+00:00,RUN-REAL-ESS-20260513-002,FIDELITY,starmine_zacks.csv,KEYS,NON_STARMINE_ANALYST,2,Immutable partition append from ESS normalization output; numeric provenance preserved.
RUN-REAL-ESS-20260513-002:2026-05-13:ENVA:NON_STARMINE_ANALYST,2026-05-13,2026-05-13T15:28:42.825732+00:00,RUN-REAL-ESS-20260513-002,FIDELITY,starmine_zacks.csv,ENVA,NON_STARMINE_ANALYST,2,Immutable partition append from ESS normalization output; numeric provenance preserved.
RUN-REAL-ESS-20260513-002:2026-05-13:LC:NON_STARMINE_ANALYST,2026-05-13,2026-05-13T15:28:42.825732+00:00,RUN-REAL-ESS-20260513-002,FIDELITY,starmine_zacks.csv,LC,NON_STARMINE_ANALYST,2,Immutable partition append from ESS normalization output; numeric provenance preserved.
RUN-REAL-ESS-20260513-002:2026-05-13:FTAI:NON_STARMINE_ANALYST,2026-05-13,2026-05-13T15:28:42.825732+00:00,RUN-REAL-ESS-20260513-002,FIDELITY,starmine_zacks.csv,FTAI,NON_STARMINE_ANALYST,2,Immutable partition append from ESS normalization output; numeric provenance preserved.
RUN-REAL-ESS-20260513-002:2026-05-13:INDV:NON_STARMINE_ANALYST,2026-05-13,2026-05-13T15:28:42.825732+00:00,RUN-REAL-ESS-20260513-002,FIDELITY,starmine_zacks.csv,INDV,NON_STARMINE_ANALYST,2,Immutable partition append from ESS normalization output; numeric provenance preserved.
RUN-REAL-ESS-20260513-002:2026-05-13:VIRT:NON_STARMINE_ANALYST,2026-05-13,2026-05-13T15:28:42.825732+00:00,RUN-REAL-ESS-20260513-002,FIDELITY,starmine_zacks.csv,VIRT,NON_STARMINE_ANALYST,2,Immutable partition append from ESS normalization output; numeric provenance preserved.
RUN-REAL-ESS-20260513-002:2026-05-13:RUN:NON_STARMINE_ANALYST,2026-05-13,2026-05-13T15:28:42.825732+00:00,RUN-REAL-ESS-20260513-002,FIDELITY,starmine_zacks.csv,RUN,NON_STARMINE_ANALYST,2,Immutable partition append from ESS normalization output; numeric provenance preserved.
RUN-REAL-ESS-20260513-002:2026-05-13:Z:NON_STARMINE_ANALYST,2026-05-13,2026-05-13T15:28:42.825732+00:00,RUN-REAL-ESS-20260513-002,FIDELITY,starmine_zacks.csv,Z,NON_STARMINE_ANALYST,2,Immutable partition append from ESS normalization output; numeric provenance preserved.
RUN-REAL-ESS-20260513-002:2026-05-13:ANAB:NON_STARMINE_ANALYST,2026-05-13,2026-05-13T15:28:42.825732+00:00,RUN-REAL-ESS-20260513-002,FIDELITY,starmine_zacks.csv,ANAB,NON_STARMINE_ANALYST,2,Immutable partition append from ESS normalization output; numeric provenance preserved.
RUN-REAL-ESS-20260513-002:2026-05-13:XYZ:NON_STARMINE_ANALYST,2026-05-13,2026-05-13T15:28:42.825732+00:00,RUN-REAL-ESS-20260513-002,FIDELITY,starmine_zacks.csv,XYZ,NON_STARMINE_ANALYST,2,Immutable partition append from ESS normalization output; numeric provenance preserved.
RUN-REAL-ESS-20260513-002:2026-05-13:TEAM:NON_STARMINE_ANALYST,2026-05-13,2026-05-13T15:28:42.825732+00:00,RUN-REAL-ESS-20260513-002,FIDELITY,starmine_zacks.csv,TEAM,NON_STARMINE_ANALYST,2,Immutable partition append from ESS normalization output; numeric provenance preserved.
RUN-REAL-ESS-20260513-002:2026-05-13:DSCSY:NON_STARMINE_ANALYST,2026-05-13,2026-05-13T15:28:42.825732+00:00,RUN-REAL-ESS-20260513-002,FIDELITY,starmine_zacks.csv,DSCSY,NON_STARMINE_ANALYST,2,Immutable partition append from ESS normalization output; numeric provenance preserved.
RUN-REAL-ESS-20260513-002:2026-05-13:PR:NON_STARMINE_ANALYST,2026-05-13,2026-05-13T15:28:42.825732+00:00,RUN-REAL-ESS-20260513-002,FIDELITY,starmine_zacks.csv,PR,NON_STARMINE_ANALYST,2,Immutable partition append from ESS normalization output; numeric provenance preserved.
RUN-REAL-ESS-20260513-002:2026-05-13:MTVA:NON_STARMINE_ANALYST,2026-05-13,2026-05-13T15:28:42.825732+00:00,RUN-REAL-ESS-20260513-002,FIDELITY,starmine_zacks.csv,MTVA,NON_STARMINE_ANALYST,2,Immutable partition append from ESS normalization output; numeric provenance preserved.
RUN-REAL-ESS-20260513-002:2026-05-13:MSBI:NON_STARMINE_ANALYST,2026-05-13,2026-05-13T15:28:42.825732+00:00,RUN-REAL-ESS-20260513-002,FIDELITY,starmine_zacks.csv,MSBI,NON_STARMINE_ANALYST,2,Immutable partition append from ESS normalization output; numeric provenance preserved.
RUN-REAL-ESS-20260513-002:2026-05-13:ZTO:NON_STARMINE_ANALYST,2026-05-13,2026-05-13T15:28:42.825732+00:00,RUN-REAL-ESS-20260513-002,FIDELITY,starmine_zacks.csv,ZTO,NON_STARMINE_ANALYST,2,Immutable partition append from ESS normalization output; numeric provenance preserved.
RUN-REAL-ESS-20260513-002:2026-05-13:AA:NON_STARMINE_ANALYST,2026-05-13,2026-05-13T15:28:42.825732+00:00,RUN-REAL-ESS-20260513-002,FIDELITY,starmine_zacks.csv,AA,NON_STARMINE_ANALYST,2,Immutable partition append from ESS normalization output; numeric provenance preserved.
RUN-REAL-ESS-20260513-002:2026-05-13:GDS:NON_STARMINE_ANALYST,2026-05-13,2026-05-13T15:28:42.825732+00:00,RUN-REAL-ESS-20260513-002,FIDELITY,starmine_zacks.csv,GDS,NON_STARMINE_ANALYST,2,Immutable partition append from ESS normalization output; numeric provenance preserved.
RUN-REAL-ESS-20260513-002:2026-05-13:HGV:NON_STARMINE_ANALYST,2026-05-13,2026-05-13T15:28:42.825732+00:00,RUN-REAL-ESS-20260513-002,FIDELITY,starmine_zacks.csv,HGV,NON_STARMINE_ANALYST,2,Immutable partition append from ESS normalization output; numeric provenance preserved.
RUN-REAL-ESS-20260513-002:2026-05-13:VREX:NON_STARMINE_ANALYST,2026-05-13,2026-05-13T15:28:42.825732+00:00,RUN-REAL-ESS-20260513-002,FIDELITY,starmine_zacks.csv,VREX,NON_STARMINE_ANALYST,2,Immutable partition append from ESS normalization output; numeric provenance preserved.
RUN-REAL-ESS-20260513-002:2026-05-13:PENG:NON_STARMINE_ANALYST,2026-05-13,2026-05-13T15:28:42.825732+00:00,RUN-REAL-ESS-20260513-002,FIDELITY,starmine_zacks.csv,PENG,NON_STARMINE_ANALYST,2,Immutable partition append from ESS normalization output; numeric provenance preserved.
RUN-REAL-ESS-20260513-002:2026-05-13:APPN:NON_STARMINE_ANALYST,2026-05-13,2026-05-13T15:28:42.825732+00:00,RUN-REAL-ESS-20260513-002,FIDELITY,starmine_zacks.csv,APPN,NON_STARMINE_ANALYST,2,Immutable partition append from ESS normalization output; numeric provenance preserved.
RUN-REAL-ESS-20260513-002:2026-05-13:MGY:NON_STARMINE_ANALYST,2026-05-13,2026-05-13T15:28:42.825732+00:00,RUN-REAL-ESS-20260513-002,FIDELITY,starmine_zacks.csv,MGY,NON_STARMINE_ANALYST,2,Immutable partition append from ESS normalization output; numeric provenance preserved.
RUN-REAL-ESS-20260513-002:2026-05-13:RBB:NON_STARMINE_ANALYST,2026-05-13,2026-05-13T15:28:42.825732+00:00,RUN-REAL-ESS-20260513-002,FIDELITY,starmine_zacks.csv,RBB,NON_STARMINE_ANALYST,2,Immutable partition append from ESS normalization output; numeric provenance preserved.
RUN-REAL-ESS-20260513-002:2026-05-13:ACEL:NON_STARMINE_ANALYST,2026-05-13,2026-05-13T15:28:42.825732+00:00,RUN-REAL-ESS-20260513-002,FIDELITY,starmine_zacks.csv,ACEL,NON_STARMINE_ANALYST,2,Immutable partition append from ESS normalization output; numeric provenance preserved.
RUN-REAL-ESS-20260513-002:2026-05-13:BAND:NON_STARMINE_ANALYST,2026-05-13,2026-05-13T15:28:42.825732+00:00,RUN-REAL-ESS-20260513-002,FIDELITY,starmine_zacks.csv,BAND,NON_STARMINE_ANALYST,2,Immutable partition append from ESS normalization output; numeric provenance preserved.
RUN-REAL-ESS-20260513-002:2026-05-13:OSS:NON_STARMINE_ANALYST,2026-05-13,2026-05-13T15:28:42.825732+00:00,RUN-REAL-ESS-20260513-002,FIDELITY,starmine_zacks.csv,OSS,NON_STARMINE_ANALYST,2,Immutable partition append from ESS normalization output; numeric provenance preserved.
RUN-REAL-ESS-20260513-002:2026-05-13:QTTB:NON_STARMINE_ANALYST,2026-05-13,2026-05-13T15:28:42.825732+00:00,RUN-REAL-ESS-20260513-002,FIDELITY,starmine_zacks.csv,QTTB,NON_STARMINE_ANALYST,2,Immutable partition append from ESS normalization output; numeric provenance preserved.
RUN-REAL-ESS-20260513-002:2026-05-13:NVT:NON_STARMINE_ANALYST,2026-05-13,2026-05-13T15:28:42.825732+00:00,RUN-REAL-ESS-20260513-002,FIDELITY,starmine_zacks.csv,NVT,NON_STARMINE_ANALYST,2,Immutable partition append from ESS normalization output; numeric provenance preserved.
RUN-REAL-ESS-20260513-002:2026-05-13:ASX:NON_STARMINE_ANALYST,2026-05-13,2026-05-13T15:28:42.825732+00:00,RUN-REAL-ESS-20260513-002,FIDELITY,starmine_zacks.csv,ASX,NON_STARMINE_ANALYST,2,Immutable partition append from ESS normalization output; numeric provenance preserved.
RUN-REAL-ESS-20260513-002:2026-05-13:CURLF:NON_STARMINE_ANALYST,2026-05-13,2026-05-13T15:28:42.825732+00:00,RUN-REAL-ESS-20260513-002,FIDELITY,starmine_zacks.csv,CURLF,NON_STARMINE_ANALYST,2,Immutable partition append from ESS normalization output; numeric provenance preserved.
RUN-REAL-ESS-20260513-002:2026-05-13:BJ:NON_STARMINE_ANALYST,2026-05-13,2026-05-13T15:28:42.825732+00:00,RUN-REAL-ESS-20260513-002,FIDELITY,starmine_zacks.csv,BJ,NON_STARMINE_ANALYST,2,Immutable partition append from ESS normalization output; numeric provenance preserved.
RUN-REAL-ESS-20260513-002:2026-05-13:LQDA:NON_STARMINE_ANALYST,2026-05-13,2026-05-13T15:28:42.825732+00:00,RUN-REAL-ESS-20260513-002,FIDELITY,starmine_zacks.csv,LQDA,NON_STARMINE_ANALYST,2,Immutable partition append from ESS normalization output; numeric provenance preserved.
RUN-REAL-ESS-20260513-002:2026-05-13:BE:NON_STARMINE_ANALYST,2026-05-13,2026-05-13T15:28:42.825732+00:00,RUN-REAL-ESS-20260513-002,FIDELITY,starmine_zacks.csv,BE,NON_STARMINE_ANALYST,2,Immutable partition append from ESS normalization output; numeric provenance preserved.
RUN-REAL-ESS-20260513-002:2026-05-13:MYFW:NON_STARMINE_ANALYST,2026-05-13,2026-05-13T15:28:42.825732+00:00,RUN-REAL-ESS-20260513-002,FIDELITY,starmine_zacks.csv,MYFW,NON_STARMINE_ANALYST,2,Immutable partition append from ESS normalization output; numeric provenance preserved.
RUN-REAL-ESS-20260513-002:2026-05-13:BSVN:NON_STARMINE_ANALYST,2026-05-13,2026-05-13T15:28:42.825732+00:00,RUN-REAL-ESS-20260513-002,FIDELITY,starmine_zacks.csv,BSVN,NON_STARMINE_ANALYST,2,Immutable partition append from ESS normalization output; numeric provenance preserved.
RUN-REAL-ESS-20260513-002:2026-05-13:DELL:NON_STARMINE_ANALYST,2026-05-13,2026-05-13T15:28:42.825732+00:00,RUN-REAL-ESS-20260513-002,FIDELITY,starmine_zacks.csv,DELL,NON_STARMINE_ANALYST,2,Immutable partition append from ESS normalization output; numeric provenance preserved.
RUN-REAL-ESS-20260513-002:2026-05-13:DOW:NON_STARMINE_ANALYST,2026-05-13,2026-05-13T15:28:42.825732+00:00,RUN-REAL-ESS-20260513-002,FIDELITY,starmine_zacks.csv,DOW,NON_STARMINE_ANALYST,2,Immutable partition append from ESS normalization output; numeric provenance preserved.
RUN-REAL-ESS-20260513-002:2026-05-13:PLMR:NON_STARMINE_ANALYST,2026-05-13,2026-05-13T15:28:42.825732+00:00,RUN-REAL-ESS-20260513-002,FIDELITY,starmine_zacks.csv,PLMR,NON_STARMINE_ANALYST,2,Immutable partition append from ESS normalization output; numeric provenance preserved.
RUN-REAL-ESS-20260513-002:2026-05-13:CHWY:NON_STARMINE_ANALYST,2026-05-13,2026-05-13T15:28:42.825732+00:00,RUN-REAL-ESS-20260513-002,FIDELITY,starmine_zacks.csv,CHWY,NON_STARMINE_ANALYST,2,Immutable partition append from ESS normalization output; numeric provenance preserved.
RUN-REAL-ESS-20260513-002:2026-05-13:CSTL:NON_STARMINE_ANALYST,2026-05-13,2026-05-13T15:28:42.825732+00:00,RUN-REAL-ESS-20260513-002,FIDELITY,starmine_zacks.csv,CSTL,NON_STARMINE_ANALYST,2,Immutable partition append from ESS normalization output; numeric provenance preserved.
RUN-REAL-ESS-20260513-002:2026-05-13:VIST:NON_STARMINE_ANALYST,2026-05-13,2026-05-13T15:28:42.825732+00:00,RUN-REAL-ESS-20260513-002,FIDELITY,starmine_zacks.csv,VIST,NON_STARMINE_ANALYST,2,Immutable partition append from ESS normalization output; numeric provenance preserved.
RUN-REAL-ESS-20260513-002:2026-05-13:ARKO:NON_STARMINE_ANALYST,2026-05-13,2026-05-13T15:28:42.825732+00:00,RUN-REAL-ESS-20260513-002,FIDELITY,starmine_zacks.csv,ARKO,NON_STARMINE_ANALYST,2,Immutable partition append from ESS normalization output; numeric provenance preserved.
RUN-REAL-ESS-20260513-002:2026-05-13:TXG:NON_STARMINE_ANALYST,2026-05-13,2026-05-13T15:28:42.825732+00:00,RUN-REAL-ESS-20260513-002,FIDELITY,starmine_zacks.csv,TXG,NON_STARMINE_ANALYST,2,Immutable partition append from ESS normalization output; numeric provenance preserved.
RUN-REAL-ESS-20260513-002:2026-05-13:HBT:NON_STARMINE_ANALYST,2026-05-13,2026-05-13T15:28:42.825732+00:00,RUN-REAL-ESS-20260513-002,FIDELITY,starmine_zacks.csv,HBT,NON_STARMINE_ANALYST,2,Immutable partition append from ESS normalization output; numeric provenance preserved.
RUN-REAL-ESS-20260513-002:2026-05-13:DCBO:NON_STARMINE_ANALYST,2026-05-13,2026-05-13T15:28:42.825732+00:00,RUN-REAL-ESS-20260513-002,FIDELITY,starmine_zacks.csv,DCBO,NON_STARMINE_ANALYST,2,Immutable partition append from ESS normalization output; numeric provenance preserved.
RUN-REAL-ESS-20260513-002:2026-05-13:PGNY:NON_STARMINE_ANALYST,2026-05-13,2026-05-13T15:28:42.825732+00:00,RUN-REAL-ESS-20260513-002,FIDELITY,starmine_zacks.csv,PGNY,NON_STARMINE_ANALYST,2,Immutable partition append from ESS normalization output; numeric provenance preserved.
RUN-REAL-ESS-20260513-002:2026-05-13:GFL:NON_STARMINE_ANALYST,2026-05-13,2026-05-13T15:28:42.825732+00:00,RUN-REAL-ESS-20260513-002,FIDELITY,starmine_zacks.csv,GFL,NON_STARMINE_ANALYST,2,Immutable partition append from ESS normalization output; numeric provenance preserved.
RUN-REAL-ESS-20260513-002:2026-05-13:PINE:NON_STARMINE_ANALYST,2026-05-13,2026-05-13T15:28:42.825732+00:00,RUN-REAL-ESS-20260513-002,FIDELITY,starmine_zacks.csv,PINE,NON_STARMINE_ANALYST,2,Immutable partition append from ESS normalization output; numeric provenance preserved.
RUN-REAL-ESS-20260513-002:2026-05-13:BILL:NON_STARMINE_ANALYST,2026-05-13,2026-05-13T15:28:42.825732+00:00,RUN-REAL-ESS-20260513-002,FIDELITY,starmine_zacks.csv,BILL,NON_STARMINE_ANALYST,2,Immutable partition append from ESS normalization output; numeric provenance preserved.
RUN-REAL-ESS-20260513-002:2026-05-13:UROY:NON_STARMINE_ANALYST,2026-05-13,2026-05-13T15:28:42.825732+00:00,RUN-REAL-ESS-20260513-002,FIDELITY,starmine_zacks.csv,UROY,NON_STARMINE_ANALYST,2,Immutable partition append from ESS normalization output; numeric provenance preserved.
RUN-REAL-ESS-20260513-002:2026-05-13:SLQT:NON_STARMINE_ANALYST,2026-05-13,2026-05-13T15:28:42.825732+00:00,RUN-REAL-ESS-20260513-002,FIDELITY,starmine_zacks.csv,SLQT,NON_STARMINE_ANALYST,2,Immutable partition append from ESS normalization output; numeric provenance preserved.
RUN-REAL-ESS-20260513-002:2026-05-13:WMG:NON_STARMINE_ANALYST,2026-05-13,2026-05-13T15:28:42.825732+00:00,RUN-REAL-ESS-20260513-002,FIDELITY,starmine_zacks.csv,WMG,NON_STARMINE_ANALYST,2,Immutable partition append from ESS normalization output; numeric provenance preserved.
RUN-REAL-ESS-20260513-002:2026-05-13:NCNO:NON_STARMINE_ANALYST,2026-05-13,2026-05-13T15:28:42.825732+00:00,RUN-REAL-ESS-20260513-002,FIDELITY,starmine_zacks.csv,NCNO,NON_STARMINE_ANALYST,2,Immutable partition append from ESS normalization output; numeric provenance preserved.
RUN-REAL-ESS-20260513-002:2026-05-13:PLTR:NON_STARMINE_ANALYST,2026-05-13,2026-05-13T15:28:42.825732+00:00,RUN-REAL-ESS-20260513-002,FIDELITY,starmine_zacks.csv,PLTR,NON_STARMINE_ANALYST,2,Immutable partition append from ESS normalization output; numeric provenance preserved.
RUN-REAL-ESS-20260513-002:2026-05-13:EVLV:NON_STARMINE_ANALYST,2026-05-13,2026-05-13T15:28:42.825732+00:00,RUN-REAL-ESS-20260513-002,FIDELITY,starmine_zacks.csv,EVLV,NON_STARMINE_ANALYST,2,Immutable partition append from ESS normalization output; numeric provenance preserved.
RUN-REAL-ESS-20260513-002:2026-05-13:BSY:NON_STARMINE_ANALYST,2026-05-13,2026-05-13T15:28:42.825732+00:00,RUN-REAL-ESS-20260513-002,FIDELITY,starmine_zacks.csv,BSY,NON_STARMINE_ANALYST,2,Immutable partition append from ESS normalization output; numeric provenance preserved.
RUN-REAL-ESS-20260513-002:2026-05-13:GDEV:NON_STARMINE_ANALYST,2026-05-13,2026-05-13T15:28:42.825732+00:00,RUN-REAL-ESS-20260513-002,FIDELITY,starmine_zacks.csv,GDEV,NON_STARMINE_ANALYST,2,Immutable partition append from ESS normalization output; numeric provenance preserved.
RUN-REAL-ESS-20260513-002:2026-05-13:CRC:NON_STARMINE_ANALYST,2026-05-13,2026-05-13T15:28:42.825732+00:00,RUN-REAL-ESS-20260513-002,FIDELITY,starmine_zacks.csv,CRC,NON_STARMINE_ANALYST,2,Immutable partition append from ESS normalization output; numeric provenance preserved.
RUN-REAL-ESS-20260513-002:2026-05-13:CHRD:NON_STARMINE_ANALYST,2026-05-13,2026-05-13T15:28:42.825732+00:00,RUN-REAL-ESS-20260513-002,FIDELITY,starmine_zacks.csv,CHRD,NON_STARMINE_ANALYST,2,Immutable partition append from ESS normalization output; numeric provenance preserved.
RUN-REAL-ESS-20260513-002:2026-05-13:VIV:NON_STARMINE_ANALYST,2026-05-13,2026-05-13T15:28:42.825732+00:00,RUN-REAL-ESS-20260513-002,FIDELITY,starmine_zacks.csv,VIV,NON_STARMINE_ANALYST,2,Immutable partition append from ESS normalization output; numeric provenance preserved.
RUN-REAL-ESS-20260513-002:2026-05-13:DWTX:NON_STARMINE_ANALYST,2026-05-13,2026-05-13T15:28:42.825732+00:00,RUN-REAL-ESS-20260513-002,FIDELITY,starmine_zacks.csv,DWTX,NON_STARMINE_ANALYST,2,Immutable partition append from ESS normalization output; numeric provenance preserved.
RUN-REAL-ESS-20260513-002:2026-05-13:MNTK:NON_STARMINE_ANALYST,2026-05-13,2026-05-13T15:28:42.825732+00:00,RUN-REAL-ESS-20260513-002,FIDELITY,starmine_zacks.csv,MNTK,NON_STARMINE_ANALYST,2,Immutable partition append from ESS normalization output; numeric provenance preserved.
RUN-REAL-ESS-20260513-002:2026-05-13:WOOF:NON_STARMINE_ANALYST,2026-05-13,2026-05-13T15:28:42.825732+00:00,RUN-REAL-ESS-20260513-002,FIDELITY,starmine_zacks.csv,WOOF,NON_STARMINE_ANALYST,2,Immutable partition append from ESS normalization output; numeric provenance preserved.
RUN-REAL-ESS-20260513-002:2026-05-13:CGNT:NON_STARMINE_ANALYST,2026-05-13,2026-05-13T15:28:42.825732+00:00,RUN-REAL-ESS-20260513-002,FIDELITY,starmine_zacks.csv,CGNT,NON_STARMINE_ANALYST,2,Immutable partition append from ESS normalization output; numeric provenance preserved.
RUN-REAL-ESS-20260513-002:2026-05-13:IMCR:NON_STARMINE_ANALYST,2026-05-13,2026-05-13T15:28:42.825732+00:00,RUN-REAL-ESS-20260513-002,FIDELITY,starmine_zacks.csv,IMCR,NON_STARMINE_ANALYST,2,Immutable partition append from ESS normalization output; numeric provenance preserved.
RUN-REAL-ESS-20260513-002:2026-05-13:KRT:NON_STARMINE_ANALYST,2026-05-13,2026-05-13T15:28:42.825732+00:00,RUN-REAL-ESS-20260513-002,FIDELITY,starmine_zacks.csv,KRT,NON_STARMINE_ANALYST,2,Immutable partition append from ESS normalization output; numeric provenance preserved.
RUN-REAL-ESS-20260513-002:2026-05-13:OSCR:NON_STARMINE_ANALYST,2026-05-13,2026-05-13T15:28:42.825732+00:00,RUN-REAL-ESS-20260513-002,FIDELITY,starmine_zacks.csv,OSCR,NON_STARMINE_ANALYST,2,Immutable partition append from ESS normalization output; numeric provenance preserved.
RUN-REAL-ESS-20260513-002:2026-05-13:ALHC:NON_STARMINE_ANALYST,2026-05-13,2026-05-13T15:28:42.825732+00:00,RUN-REAL-ESS-20260513-002,FIDELITY,starmine_zacks.csv,ALHC,NON_STARMINE_ANALYST,2,Immutable partition append from ESS normalization output; numeric provenance preserved.
RUN-REAL-ESS-20260513-002:2026-05-13:DAVE:NON_STARMINE_ANALYST,2026-05-13,2026-05-13T15:28:42.825732+00:00,RUN-REAL-ESS-20260513-002,FIDELITY,starmine_zacks.csv,DAVE,NON_STARMINE_ANALYST,2,Immutable partition append from ESS normalization output; numeric provenance preserved.
RUN-REAL-ESS-20260513-002:2026-05-13:GLBE:NON_STARMINE_ANALYST,2026-05-13,2026-05-13T15:28:42.825732+00:00,RUN-REAL-ESS-20260513-002,FIDELITY,starmine_zacks.csv,GLBE,NON_STARMINE_ANALYST,2,Immutable partition append from ESS normalization output; numeric provenance preserved.
RUN-REAL-ESS-20260513-002:2026-05-13:LFST:NON_STARMINE_ANALYST,2026-05-13,2026-05-13T15:28:42.825732+00:00,RUN-REAL-ESS-20260513-002,FIDELITY,starmine_zacks.csv,LFST,NON_STARMINE_ANALYST,2,Immutable partition append from ESS normalization output; numeric provenance preserved.
RUN-REAL-ESS-20260513-002:2026-05-13:YOU:NON_STARMINE_ANALYST,2026-05-13,2026-05-13T15:28:42.825732+00:00,RUN-REAL-ESS-20260513-002,FIDELITY,starmine_zacks.csv,YOU,NON_STARMINE_ANALYST,2,Immutable partition append from ESS normalization output; numeric provenance preserved.
RUN-REAL-ESS-20260513-002:2026-05-13:DNUT:NON_STARMINE_ANALYST,2026-05-13,2026-05-13T15:28:42.825732+00:00,RUN-REAL-ESS-20260513-002,FIDELITY,starmine_zacks.csv,DNUT,NON_STARMINE_ANALYST,2,Immutable partition append from ESS normalization output; numeric provenance preserved.
RUN-REAL-ESS-20260513-002:2026-05-13:VSCO:NON_STARMINE_ANALYST,2026-05-13,2026-05-13T15:28:42.825732+00:00,RUN-REAL-ESS-20260513-002,FIDELITY,starmine_zacks.csv,VSCO,NON_STARMINE_ANALYST,2,Immutable partition append from ESS normalization output; numeric provenance preserved.
RUN-REAL-ESS-20260513-002:2026-05-13:TEAD:NON_STARMINE_ANALYST,2026-05-13,2026-05-13T15:28:42.825732+00:00,RUN-REAL-ESS-20260513-002,FIDELITY,starmine_zacks.csv,TEAD,NON_STARMINE_ANALYST,2,Immutable partition append from ESS normalization output; numeric provenance preserved.
RUN-REAL-ESS-20260513-002:2026-05-13:FRSH:NON_STARMINE_ANALYST,2026-05-13,2026-05-13T15:28:42.825732+00:00,RUN-REAL-ESS-20260513-002,FIDELITY,starmine_zacks.csv,FRSH,NON_STARMINE_ANALYST,2,Immutable partition append from ESS normalization output; numeric provenance preserved.
RUN-REAL-ESS-20260513-002:2026-05-13:LTH:NON_STARMINE_ANALYST,2026-05-13,2026-05-13T15:28:42.825732+00:00,RUN-REAL-ESS-20260513-002,FIDELITY,starmine_zacks.csv,LTH,NON_STARMINE_ANALYST,2,Immutable partition append from ESS normalization output; numeric provenance preserved.
RUN-REAL-ESS-20260513-002:2026-05-13:COCO:NON_STARMINE_ANALYST,2026-05-13,2026-05-13T15:28:42.825732+00:00,RUN-REAL-ESS-20260513-002,FIDELITY,starmine_zacks.csv,COCO,NON_STARMINE_ANALYST,2,Immutable partition append from ESS normalization output; numeric provenance preserved.
RUN-REAL-ESS-20260513-002:2026-05-13:PRM:NON_STARMINE_ANALYST,2026-05-13,2026-05-13T15:28:42.825732+00:00,RUN-REAL-ESS-20260513-002,FIDELITY,starmine_zacks.csv,PRM,NON_STARMINE_ANALYST,2,Immutable partition append from ESS normalization output; numeric provenance preserved.
RUN-REAL-ESS-20260513-002:2026-05-13:CRGY:NON_STARMINE_ANALYST,2026-05-13,2026-05-13T15:28:42.825732+00:00,RUN-REAL-ESS-20260513-002,FIDELITY,starmine_zacks.csv,CRGY,NON_STARMINE_ANALYST,2,Immutable partition append from ESS normalization output; numeric provenance preserved.
RUN-REAL-ESS-20260513-002:2026-05-13:REFI:NON_STARMINE_ANALYST,2026-05-13,2026-05-13T15:28:42.825732+00:00,RUN-REAL-ESS-20260513-002,FIDELITY,starmine_zacks.csv,REFI,NON_STARMINE_ANALYST,2,Immutable partition append from ESS normalization output; numeric provenance preserved.
RUN-REAL-ESS-20260513-002:2026-05-13:FGI:NON_STARMINE_ANALYST,2026-05-13,2026-05-13T15:28:42.825732+00:00,RUN-REAL-ESS-20260513-002,FIDELITY,starmine_zacks.csv,FGI,NON_STARMINE_ANALYST,2,Immutable partition append from ESS normalization output; numeric provenance preserved.
RUN-REAL-ESS-20260513-002:2026-05-13:SHEL:NON_STARMINE_ANALYST,2026-05-13,2026-05-13T15:28:42.825732+00:00,RUN-REAL-ESS-20260513-002,FIDELITY,starmine_zacks.csv,SHEL,NON_STARMINE_ANALYST,2,Immutable partition append from ESS normalization output; numeric provenance preserved.
RUN-REAL-ESS-20260513-002:2026-05-13:ENOV:NON_STARMINE_ANALYST,2026-05-13,2026-05-13T15:28:42.825732+00:00,RUN-REAL-ESS-20260513-002,FIDELITY,starmine_zacks.csv,ENOV,NON_STARMINE_ANALYST,2,Immutable partition append from ESS normalization output; numeric provenance preserved.
RUN-REAL-ESS-20260513-002:2026-05-13:ADEA:NON_STARMINE_ANALYST,2026-05-13,2026-05-13T15:28:42.825732+00:00,RUN-REAL-ESS-20260513-002,FIDELITY,starmine_zacks.csv,ADEA,NON_STARMINE_ANALYST,2,Immutable partition append from ESS normalization output; numeric provenance preserved.
RUN-REAL-ESS-20260513-002:2026-05-13:KVUE:NON_STARMINE_ANALYST,2026-05-13,2026-05-13T15:28:42.825732+00:00,RUN-REAL-ESS-20260513-002,FIDELITY,starmine_zacks.csv,KVUE,NON_STARMINE_ANALYST,2,Immutable partition append from ESS normalization output; numeric provenance preserved.
RUN-REAL-ESS-20260513-002:2026-05-13:NWTG:NON_STARMINE_ANALYST,2026-05-13,2026-05-13T15:28:42.825732+00:00,RUN-REAL-ESS-20260513-002,FIDELITY,starmine_zacks.csv,NWTG,NON_STARMINE_ANALYST,2,Immutable partition append from ESS normalization output; numeric provenance preserved.
RUN-REAL-ESS-20260513-002:2026-05-13:LAR:NON_STARMINE_ANALYST,2026-05-13,2026-05-13T15:28:42.825732+00:00,RUN-REAL-ESS-20260513-002,FIDELITY,starmine_zacks.csv,LAR,NON_STARMINE_ANALYST,2,Immutable partition append from ESS normalization output; numeric provenance preserved.
RUN-REAL-ESS-20260513-002:2026-05-13:NATL:NON_STARMINE_ANALYST,2026-05-13,2026-05-13T15:28:42.825732+00:00,RUN-REAL-ESS-20260513-002,FIDELITY,starmine_zacks.csv,NATL,NON_STARMINE_ANALYST,2,Immutable partition append from ESS normalization output; numeric provenance preserved.
RUN-REAL-ESS-20260513-002:2026-05-13:MNR:NON_STARMINE_ANALYST,2026-05-13,2026-05-13T15:28:42.825732+00:00,RUN-REAL-ESS-20260513-002,FIDELITY,starmine_zacks.csv,MNR,NON_STARMINE_ANALYST,2,Immutable partition append from ESS normalization output; numeric provenance preserved.
RUN-REAL-ESS-20260513-002:2026-05-13:HG:NON_STARMINE_ANALYST,2026-05-13,2026-05-13T15:28:42.825732+00:00,RUN-REAL-ESS-20260513-002,FIDELITY,starmine_zacks.csv,HG,NON_STARMINE_ANALYST,2,Immutable partition append from ESS normalization output; numeric provenance preserved.
RUN-REAL-ESS-20260513-002:2026-05-13:BTSG:NON_STARMINE_ANALYST,2026-05-13,2026-05-13T15:28:42.825732+00:00,RUN-REAL-ESS-20260513-002,FIDELITY,starmine_zacks.csv,BTSG,NON_STARMINE_ANALYST,2,Immutable partition append from ESS normalization output; numeric provenance preserved.
RUN-REAL-ESS-20260513-002:2026-05-13:RDDT:NON_STARMINE_ANALYST,2026-05-13,2026-05-13T15:28:42.825732+00:00,RUN-REAL-ESS-20260513-002,FIDELITY,starmine_zacks.csv,RDDT,NON_STARMINE_ANALYST,2,Immutable partition append from ESS normalization output; numeric provenance preserved.
RUN-REAL-ESS-20260513-002:2026-05-13:PACS:NON_STARMINE_ANALYST,2026-05-13,2026-05-13T15:28:42.825732+00:00,RUN-REAL-ESS-20260513-002,FIDELITY,starmine_zacks.csv,PACS,NON_STARMINE_ANALYST,2,Immutable partition append from ESS normalization output; numeric provenance preserved.
RUN-REAL-ESS-20260513-002:2026-05-13:ULS:NON_STARMINE_ANALYST,2026-05-13,2026-05-13T15:28:42.825732+00:00,RUN-REAL-ESS-20260513-002,FIDELITY,starmine_zacks.csv,ULS,NON_STARMINE_ANALYST,2,Immutable partition append from ESS normalization output; numeric provenance preserved.
RUN-REAL-ESS-20260513-002:2026-05-13:SARO:NON_STARMINE_ANALYST,2026-05-13,2026-05-13T15:28:42.825732+00:00,RUN-REAL-ESS-20260513-002,FIDELITY,starmine_zacks.csv,SARO,NON_STARMINE_ANALYST,2,Immutable partition append from ESS normalization output; numeric provenance preserved.
RUN-REAL-ESS-20260513-002:2026-05-13:SFD:NON_STARMINE_ANALYST,2026-05-13,2026-05-13T15:28:42.825732+00:00,RUN-REAL-ESS-20260513-002,FIDELITY,starmine_zacks.csv,SFD,NON_STARMINE_ANALYST,2,Immutable partition append from ESS normalization output; numeric provenance preserved.
RUN-REAL-ESS-20260513-002:2026-05-13:INR:NON_STARMINE_ANALYST,2026-05-13,2026-05-13T15:28:42.825732+00:00,RUN-REAL-ESS-20260513-002,FIDELITY,starmine_zacks.csv,INR,NON_STARMINE_ANALYST,2,Immutable partition append from ESS normalization output; numeric provenance preserved.
RUN-REAL-ESS-20260513-002:2026-05-13:SNDK:NON_STARMINE_ANALYST,2026-05-13,2026-05-13T15:28:42.825732+00:00,RUN-REAL-ESS-20260513-002,FIDELITY,starmine_zacks.csv,SNDK,NON_STARMINE_ANALYST,2,Immutable partition append from ESS normalization output; numeric provenance preserved.
RUN-REAL-ESS-20260513-002:2026-05-13:MIAX:NON_STARMINE_ANALYST,2026-05-13,2026-05-13T15:28:42.825732+00:00,RUN-REAL-ESS-20260513-002,FIDELITY,starmine_zacks.csv,MIAX,NON_STARMINE_ANALYST,2,Immutable partition append from ESS normalization output; numeric provenance preserved.
