snapshot_date,created_at_utc,run_id,provider,source_file,symbol,coverage_domain,signal_coverage_status,starmine_ess_text,starmine_ess_numeric,starmine_ess_numeric_estimated,starmine_ess_source_type
2026-05-13,2026-05-13T15:28:42.825732+00:00,RUN-REAL-ESS-20260513-002,FIDELITY,SecurityExtract_ESS_2026May13.csv,SRCE,STARMINE_COVERED,COVERED,VERY_BULLISH,5.0,True,TEXT_MAPPED
2026-05-13,2026-05-13T15:28:42.825732+00:00,RUN-REAL-ESS-20260513-002,FIDELITY,SecurityExtract_ESS_2026May13.csv,ACEL,STARMINE_COVERED,COVERED,VERY_BULLISH,5.0,True,TEXT_MAPPED
2026-05-13,2026-05-13T15:28:42.825732+00:00,RUN-REAL-ESS-20260513-002,FIDELITY,SecurityExtract_ESS_2026May13.csv,ADUS,STARMINE_COVERED,COVERED,VERY_BULLISH,5.0,True,TEXT_MAPPED
2026-05-13,2026-05-13T15:28:42.825732+00:00,RUN-REAL-ESS-20260513-002,FIDELITY,SecurityExtract_ESS_2026May13.csv,AGEN,STARMINE_COVERED,COVERED,VERY_BULLISH,5.0,True,TEXT_MAPPED
2026-05-13,2026-05-13T15:28:42.825732+00:00,RUN-REAL-ESS-20260513-002,FIDELITY,SecurityExtract_ESS_2026May13.csv,AKAM,STARMINE_COVERED,COVERED,BULLISH,4.0,True,TEXT_MAPPED
2026-05-13,2026-05-13T15:28:42.825732+00:00,RUN-REAL-ESS-20260513-002,FIDELITY,SecurityExtract_ESS_2026May13.csv,ALNT,STARMINE_COVERED,COVERED,VERY_BULLISH,5.0,True,TEXT_MAPPED
2026-05-13,2026-05-13T15:28:42.825732+00:00,RUN-REAL-ESS-20260513-002,FIDELITY,SecurityExtract_ESS_2026May13.csv,AMCX,STARMINE_COVERED,COVERED,BULLISH,4.0,True,TEXT_MAPPED
2026-05-13,2026-05-13T15:28:42.825732+00:00,RUN-REAL-ESS-20260513-002,FIDELITY,SecurityExtract_ESS_2026May13.csv,APEI,STARMINE_COVERED,COVERED,VERY_BULLISH,5.0,True,TEXT_MAPPED
2026-05-13,2026-05-13T15:28:42.825732+00:00,RUN-REAL-ESS-20260513-002,FIDELITY,SecurityExtract_ESS_2026May13.csv,AWR,STARMINE_COVERED,COVERED,BULLISH,4.0,True,TEXT_MAPPED
2026-05-13,2026-05-13T15:28:42.825732+00:00,RUN-REAL-ESS-20260513-002,FIDELITY,SecurityExtract_ESS_2026May13.csv,AME,STARMINE_COVERED,COVERED,BULLISH,4.0,True,TEXT_MAPPED
2026-05-13,2026-05-13T15:28:42.825732+00:00,RUN-REAL-ESS-20260513-002,FIDELITY,SecurityExtract_ESS_2026May13.csv,AMN,STARMINE_COVERED,COVERED,VERY_BULLISH,5.0,True,TEXT_MAPPED
2026-05-13,2026-05-13T15:28:42.825732+00:00,RUN-REAL-ESS-20260513-002,FIDELITY,SecurityExtract_ESS_2026May13.csv,ADI,STARMINE_COVERED,COVERED,VERY_BULLISH,5.0,True,TEXT_MAPPED
2026-05-13,2026-05-13T15:28:42.825732+00:00,RUN-REAL-ESS-20260513-002,FIDELITY,SecurityExtract_ESS_2026May13.csv,ANAB,STARMINE_COVERED,COVERED,VERY_BULLISH,5.0,True,TEXT_MAPPED
2026-05-13,2026-05-13T15:28:42.825732+00:00,RUN-REAL-ESS-20260513-002,FIDELITY,SecurityExtract_ESS_2026May13.csv,APA,STARMINE_COVERED,COVERED,BULLISH,4.0,True,TEXT_MAPPED
2026-05-13,2026-05-13T15:28:42.825732+00:00,RUN-REAL-ESS-20260513-002,FIDELITY,SecurityExtract_ESS_2026May13.csv,AAPL,STARMINE_COVERED,COVERED,BULLISH,4.0,True,TEXT_MAPPED
2026-05-13,2026-05-13T15:28:42.825732+00:00,RUN-REAL-ESS-20260513-002,FIDELITY,SecurityExtract_ESS_2026May13.csv,AMAT,STARMINE_COVERED,COVERED,VERY_BULLISH,5.0,True,TEXT_MAPPED
2026-05-13,2026-05-13T15:28:42.825732+00:00,RUN-REAL-ESS-20260513-002,FIDELITY,SecurityExtract_ESS_2026May13.csv,ARCO,STARMINE_COVERED,COVERED,BULLISH,4.0,True,TEXT_MAPPED
2026-05-13,2026-05-13T15:28:42.825732+00:00,RUN-REAL-ESS-20260513-002,FIDELITY,SecurityExtract_ESS_2026May13.csv,AGX,STARMINE_COVERED,COVERED,VERY_BULLISH,5.0,True,TEXT_MAPPED
2026-05-13,2026-05-13T15:28:42.825732+00:00,RUN-REAL-ESS-20260513-002,FIDELITY,SecurityExtract_ESS_2026May13.csv,ANET,STARMINE_COVERED,COVERED,VERY_BULLISH,5.0,True,TEXT_MAPPED
2026-05-13,2026-05-13T15:28:42.825732+00:00,RUN-REAL-ESS-20260513-002,FIDELITY,SecurityExtract_ESS_2026May13.csv,ARR,STARMINE_COVERED,COVERED,VERY_BULLISH,5.0,True,TEXT_MAPPED
2026-05-13,2026-05-13T15:28:42.825732+00:00,RUN-REAL-ESS-20260513-002,FIDELITY,SecurityExtract_ESS_2026May13.csv,ARW,STARMINE_COVERED,COVERED,VERY_BULLISH,5.0,True,TEXT_MAPPED
2026-05-13,2026-05-13T15:28:42.825732+00:00,RUN-REAL-ESS-20260513-002,FIDELITY,SecurityExtract_ESS_2026May13.csv,ASML,STARMINE_COVERED,COVERED,VERY_BULLISH,5.0,True,TEXT_MAPPED
2026-05-13,2026-05-13T15:28:42.825732+00:00,RUN-REAL-ESS-20260513-002,FIDELITY,SecurityExtract_ESS_2026May13.csv,ATRO,STARMINE_COVERED,COVERED,VERY_BULLISH,5.0,True,TEXT_MAPPED
2026-05-13,2026-05-13T15:28:42.825732+00:00,RUN-REAL-ESS-20260513-002,FIDELITY,SecurityExtract_ESS_2026May13.csv,ATLC,STARMINE_COVERED,COVERED,VERY_BULLISH,5.0,True,TEXT_MAPPED
2026-05-13,2026-05-13T15:28:42.825732+00:00,RUN-REAL-ESS-20260513-002,FIDELITY,SecurityExtract_ESS_2026May13.csv,ATRC,STARMINE_COVERED,COVERED,VERY_BULLISH,5.0,True,TEXT_MAPPED
2026-05-13,2026-05-13T15:28:42.825732+00:00,RUN-REAL-ESS-20260513-002,FIDELITY,SecurityExtract_ESS_2026May13.csv,ATHM,STARMINE_COVERED,COVERED,VERY_BULLISH,5.0,True,TEXT_MAPPED
2026-05-13,2026-05-13T15:28:42.825732+00:00,RUN-REAL-ESS-20260513-002,FIDELITY,SecurityExtract_ESS_2026May13.csv,AVA,STARMINE_COVERED,COVERED,BULLISH,4.0,True,TEXT_MAPPED
2026-05-13,2026-05-13T15:28:42.825732+00:00,RUN-REAL-ESS-20260513-002,FIDELITY,SecurityExtract_ESS_2026May13.csv,AVT,STARMINE_COVERED,COVERED,VERY_BULLISH,5.0,True,TEXT_MAPPED
2026-05-13,2026-05-13T15:28:42.825732+00:00,RUN-REAL-ESS-20260513-002,FIDELITY,SecurityExtract_ESS_2026May13.csv,AXS,STARMINE_COVERED,COVERED,VERY_BULLISH,5.0,True,TEXT_MAPPED
2026-05-13,2026-05-13T15:28:42.825732+00:00,RUN-REAL-ESS-20260513-002,FIDELITY,SecurityExtract_ESS_2026May13.csv,AZZ,STARMINE_COVERED,COVERED,VERY_BULLISH,5.0,True,TEXT_MAPPED
2026-05-13,2026-05-13T15:28:42.825732+00:00,RUN-REAL-ESS-20260513-002,FIDELITY,SecurityExtract_ESS_2026May13.csv,BMO,STARMINE_COVERED,COVERED,BULLISH,4.0,True,TEXT_MAPPED
2026-05-13,2026-05-13T15:28:42.825732+00:00,RUN-REAL-ESS-20260513-002,FIDELITY,SecurityExtract_ESS_2026May13.csv,BK,STARMINE_COVERED,COVERED,VERY_BULLISH,5.0,True,TEXT_MAPPED
2026-05-13,2026-05-13T15:28:42.825732+00:00,RUN-REAL-ESS-20260513-002,FIDELITY,SecurityExtract_ESS_2026May13.csv,OZK,STARMINE_COVERED,COVERED,BULLISH,4.0,True,TEXT_MAPPED
2026-05-13,2026-05-13T15:28:42.825732+00:00,RUN-REAL-ESS-20260513-002,FIDELITY,SecurityExtract_ESS_2026May13.csv,BSVN,STARMINE_COVERED,COVERED,VERY_BULLISH,5.0,True,TEXT_MAPPED
2026-05-13,2026-05-13T15:28:42.825732+00:00,RUN-REAL-ESS-20260513-002,FIDELITY,SecurityExtract_ESS_2026May13.csv,BWFG,STARMINE_COVERED,COVERED,BULLISH,4.0,True,TEXT_MAPPED
2026-05-13,2026-05-13T15:28:42.825732+00:00,RUN-REAL-ESS-20260513-002,FIDELITY,SecurityExtract_ESS_2026May13.csv,BDC,STARMINE_COVERED,COVERED,BULLISH,4.0,True,TEXT_MAPPED
2026-05-13,2026-05-13T15:28:42.825732+00:00,RUN-REAL-ESS-20260513-002,FIDELITY,SecurityExtract_ESS_2026May13.csv,BHE,STARMINE_COVERED,COVERED,VERY_BULLISH,5.0,True,TEXT_MAPPED
2026-05-13,2026-05-13T15:28:42.825732+00:00,RUN-REAL-ESS-20260513-002,FIDELITY,SecurityExtract_ESS_2026May13.csv,WRB,STARMINE_COVERED,COVERED,BULLISH,4.0,True,TEXT_MAPPED
2026-05-13,2026-05-13T15:28:42.825732+00:00,RUN-REAL-ESS-20260513-002,FIDELITY,SecurityExtract_ESS_2026May13.csv,BIIB,STARMINE_COVERED,COVERED,BULLISH,4.0,True,TEXT_MAPPED
2026-05-13,2026-05-13T15:28:42.825732+00:00,RUN-REAL-ESS-20260513-002,FIDELITY,SecurityExtract_ESS_2026May13.csv,XYZ,STARMINE_COVERED,COVERED,VERY_BULLISH,5.0,True,TEXT_MAPPED
2026-05-13,2026-05-13T15:28:42.825732+00:00,RUN-REAL-ESS-20260513-002,FIDELITY,SecurityExtract_ESS_2026May13.csv,BP,STARMINE_COVERED,COVERED,VERY_BULLISH,5.0,True,TEXT_MAPPED
2026-05-13,2026-05-13T15:28:42.825732+00:00,RUN-REAL-ESS-20260513-002,FIDELITY,SecurityExtract_ESS_2026May13.csv,BFH,STARMINE_COVERED,COVERED,VERY_BULLISH,5.0,True,TEXT_MAPPED
2026-05-13,2026-05-13T15:28:42.825732+00:00,RUN-REAL-ESS-20260513-002,FIDELITY,SecurityExtract_ESS_2026May13.csv,AVGO,STARMINE_COVERED,COVERED,VERY_BULLISH,5.0,True,TEXT_MAPPED
2026-05-13,2026-05-13T15:28:42.825732+00:00,RUN-REAL-ESS-20260513-002,FIDELITY,SecurityExtract_ESS_2026May13.csv,BMBL,STARMINE_COVERED,COVERED,VERY_BULLISH,5.0,True,TEXT_MAPPED
2026-05-13,2026-05-13T15:28:42.825732+00:00,RUN-REAL-ESS-20260513-002,FIDELITY,SecurityExtract_ESS_2026May13.csv,CALM,STARMINE_COVERED,COVERED,BULLISH,4.0,True,TEXT_MAPPED
2026-05-13,2026-05-13T15:28:42.825732+00:00,RUN-REAL-ESS-20260513-002,FIDELITY,SecurityExtract_ESS_2026May13.csv,CRC,STARMINE_COVERED,COVERED,VERY_BULLISH,5.0,True,TEXT_MAPPED
2026-05-13,2026-05-13T15:28:42.825732+00:00,RUN-REAL-ESS-20260513-002,FIDELITY,SecurityExtract_ESS_2026May13.csv,CM,STARMINE_COVERED,COVERED,BULLISH,4.0,True,TEXT_MAPPED
2026-05-13,2026-05-13T15:28:42.825732+00:00,RUN-REAL-ESS-20260513-002,FIDELITY,SecurityExtract_ESS_2026May13.csv,CNI,STARMINE_COVERED,COVERED,VERY_BULLISH,5.0,True,TEXT_MAPPED
2026-05-13,2026-05-13T15:28:42.825732+00:00,RUN-REAL-ESS-20260513-002,FIDELITY,SecurityExtract_ESS_2026May13.csv,CNQ,STARMINE_COVERED,COVERED,VERY_BULLISH,5.0,True,TEXT_MAPPED
2026-05-13,2026-05-13T15:28:42.825732+00:00,RUN-REAL-ESS-20260513-002,FIDELITY,SecurityExtract_ESS_2026May13.csv,CAH,STARMINE_COVERED,COVERED,VERY_BULLISH,5.0,True,TEXT_MAPPED
2026-05-13,2026-05-13T15:28:42.825732+00:00,RUN-REAL-ESS-20260513-002,FIDELITY,SecurityExtract_ESS_2026May13.csv,CARS,STARMINE_COVERED,COVERED,BULLISH,4.0,True,TEXT_MAPPED
2026-05-13,2026-05-13T15:28:42.825732+00:00,RUN-REAL-ESS-20260513-002,FIDELITY,SecurityExtract_ESS_2026May13.csv,CPRX,STARMINE_COVERED,COVERED,VERY_BULLISH,5.0,True,TEXT_MAPPED
2026-05-13,2026-05-13T15:28:42.825732+00:00,RUN-REAL-ESS-20260513-002,FIDELITY,SecurityExtract_ESS_2026May13.csv,CBOE,STARMINE_COVERED,COVERED,VERY_BULLISH,5.0,True,TEXT_MAPPED
2026-05-13,2026-05-13T15:28:42.825732+00:00,RUN-REAL-ESS-20260513-002,FIDELITY,SecurityExtract_ESS_2026May13.csv,CVE,STARMINE_COVERED,COVERED,VERY_BULLISH,5.0,True,TEXT_MAPPED
2026-05-13,2026-05-13T15:28:42.825732+00:00,RUN-REAL-ESS-20260513-002,FIDELITY,SecurityExtract_ESS_2026May13.csv,CF,STARMINE_COVERED,COVERED,VERY_BULLISH,5.0,True,TEXT_MAPPED
2026-05-13,2026-05-13T15:28:42.825732+00:00,RUN-REAL-ESS-20260513-002,FIDELITY,SecurityExtract_ESS_2026May13.csv,CHTR,STARMINE_COVERED,COVERED,VERY_BULLISH,5.0,True,TEXT_MAPPED
2026-05-13,2026-05-13T15:28:42.825732+00:00,RUN-REAL-ESS-20260513-002,FIDELITY,SecurityExtract_ESS_2026May13.csv,CLDT,STARMINE_COVERED,COVERED,BULLISH,4.0,True,TEXT_MAPPED
2026-05-13,2026-05-13T15:28:42.825732+00:00,RUN-REAL-ESS-20260513-002,FIDELITY,SecurityExtract_ESS_2026May13.csv,CHRD,STARMINE_COVERED,COVERED,VERY_BULLISH,5.0,True,TEXT_MAPPED
2026-05-13,2026-05-13T15:28:42.825732+00:00,RUN-REAL-ESS-20260513-002,FIDELITY,SecurityExtract_ESS_2026May13.csv,CIEN,STARMINE_COVERED,COVERED,VERY_BULLISH,5.0,True,TEXT_MAPPED
2026-05-13,2026-05-13T15:28:42.825732+00:00,RUN-REAL-ESS-20260513-002,FIDELITY,SecurityExtract_ESS_2026May13.csv,CRUS,STARMINE_COVERED,COVERED,VERY_BULLISH,5.0,True,TEXT_MAPPED
2026-05-13,2026-05-13T15:28:42.825732+00:00,RUN-REAL-ESS-20260513-002,FIDELITY,SecurityExtract_ESS_2026May13.csv,YOU,STARMINE_COVERED,COVERED,VERY_BULLISH,5.0,True,TEXT_MAPPED
2026-05-13,2026-05-13T15:28:42.825732+00:00,RUN-REAL-ESS-20260513-002,FIDELITY,SecurityExtract_ESS_2026May13.csv,CLMB,STARMINE_COVERED,COVERED,VERY_BULLISH,5.0,True,TEXT_MAPPED
2026-05-13,2026-05-13T15:28:42.825732+00:00,RUN-REAL-ESS-20260513-002,FIDELITY,SecurityExtract_ESS_2026May13.csv,CCNE,STARMINE_COVERED,COVERED,BULLISH,4.0,True,TEXT_MAPPED
2026-05-13,2026-05-13T15:28:42.825732+00:00,RUN-REAL-ESS-20260513-002,FIDELITY,SecurityExtract_ESS_2026May13.csv,COHR,STARMINE_COVERED,COVERED,BULLISH,4.0,True,TEXT_MAPPED
2026-05-13,2026-05-13T15:28:42.825732+00:00,RUN-REAL-ESS-20260513-002,FIDELITY,SecurityExtract_ESS_2026May13.csv,CMCO,STARMINE_COVERED,COVERED,VERY_BULLISH,5.0,True,TEXT_MAPPED
2026-05-13,2026-05-13T15:28:42.825732+00:00,RUN-REAL-ESS-20260513-002,FIDELITY,SecurityExtract_ESS_2026May13.csv,CMCSA,STARMINE_COVERED,COVERED,VERY_BULLISH,5.0,True,TEXT_MAPPED
2026-05-13,2026-05-13T15:28:42.825732+00:00,RUN-REAL-ESS-20260513-002,FIDELITY,SecurityExtract_ESS_2026May13.csv,CYH,STARMINE_COVERED,COVERED,BULLISH,4.0,True,TEXT_MAPPED
2026-05-13,2026-05-13T15:28:42.825732+00:00,RUN-REAL-ESS-20260513-002,FIDELITY,SecurityExtract_ESS_2026May13.csv,CTBI,STARMINE_COVERED,COVERED,VERY_BULLISH,5.0,True,TEXT_MAPPED
2026-05-13,2026-05-13T15:28:42.825732+00:00,RUN-REAL-ESS-20260513-002,FIDELITY,SecurityExtract_ESS_2026May13.csv,CSTM,STARMINE_COVERED,COVERED,BULLISH,4.0,True,TEXT_MAPPED
2026-05-13,2026-05-13T15:28:42.825732+00:00,RUN-REAL-ESS-20260513-002,FIDELITY,SecurityExtract_ESS_2026May13.csv,CRMD,STARMINE_COVERED,COVERED,BULLISH,4.0,True,TEXT_MAPPED
2026-05-13,2026-05-13T15:28:42.825732+00:00,RUN-REAL-ESS-20260513-002,FIDELITY,SecurityExtract_ESS_2026May13.csv,GLW,STARMINE_COVERED,COVERED,BULLISH,4.0,True,TEXT_MAPPED
2026-05-13,2026-05-13T15:28:42.825732+00:00,RUN-REAL-ESS-20260513-002,FIDELITY,SecurityExtract_ESS_2026May13.csv,COST,STARMINE_COVERED,COVERED,VERY_BULLISH,5.0,True,TEXT_MAPPED
2026-05-13,2026-05-13T15:28:42.825732+00:00,RUN-REAL-ESS-20260513-002,FIDELITY,SecurityExtract_ESS_2026May13.csv,CRGY,STARMINE_COVERED,COVERED,VERY_BULLISH,5.0,True,TEXT_MAPPED
2026-05-13,2026-05-13T15:28:42.825732+00:00,RUN-REAL-ESS-20260513-002,FIDELITY,SecurityExtract_ESS_2026May13.csv,CRCT,STARMINE_COVERED,COVERED,BULLISH,4.0,True,TEXT_MAPPED
2026-05-13,2026-05-13T15:28:42.825732+00:00,RUN-REAL-ESS-20260513-002,FIDELITY,SecurityExtract_ESS_2026May13.csv,CRWD,STARMINE_COVERED,COVERED,VERY_BULLISH,5.0,True,TEXT_MAPPED
2026-05-13,2026-05-13T15:28:42.825732+00:00,RUN-REAL-ESS-20260513-002,FIDELITY,SecurityExtract_ESS_2026May13.csv,CTS,STARMINE_COVERED,COVERED,VERY_BULLISH,5.0,True,TEXT_MAPPED
2026-05-13,2026-05-13T15:28:42.825732+00:00,RUN-REAL-ESS-20260513-002,FIDELITY,SecurityExtract_ESS_2026May13.csv,DDOG,STARMINE_COVERED,COVERED,BULLISH,4.0,True,TEXT_MAPPED
2026-05-13,2026-05-13T15:28:42.825732+00:00,RUN-REAL-ESS-20260513-002,FIDELITY,SecurityExtract_ESS_2026May13.csv,DVA,STARMINE_COVERED,COVERED,BULLISH,4.0,True,TEXT_MAPPED
2026-05-13,2026-05-13T15:28:42.825732+00:00,RUN-REAL-ESS-20260513-002,FIDELITY,SecurityExtract_ESS_2026May13.csv,DCTH,STARMINE_COVERED,COVERED,VERY_BULLISH,5.0,True,TEXT_MAPPED
2026-05-13,2026-05-13T15:28:42.825732+00:00,RUN-REAL-ESS-20260513-002,FIDELITY,SecurityExtract_ESS_2026May13.csv,DELL,STARMINE_COVERED,COVERED,VERY_BULLISH,5.0,True,TEXT_MAPPED
2026-05-13,2026-05-13T15:28:42.825732+00:00,RUN-REAL-ESS-20260513-002,FIDELITY,SecurityExtract_ESS_2026May13.csv,DVN,STARMINE_COVERED,COVERED,VERY_BULLISH,5.0,True,TEXT_MAPPED
2026-05-13,2026-05-13T15:28:42.825732+00:00,RUN-REAL-ESS-20260513-002,FIDELITY,SecurityExtract_ESS_2026May13.csv,DHX,STARMINE_COVERED,COVERED,BULLISH,4.0,True,TEXT_MAPPED
2026-05-13,2026-05-13T15:28:42.825732+00:00,RUN-REAL-ESS-20260513-002,FIDELITY,SecurityExtract_ESS_2026May13.csv,DGII,STARMINE_COVERED,COVERED,BULLISH,4.0,True,TEXT_MAPPED
2026-05-13,2026-05-13T15:28:42.825732+00:00,RUN-REAL-ESS-20260513-002,FIDELITY,SecurityExtract_ESS_2026May13.csv,DMRC,STARMINE_COVERED,COVERED,VERY_BULLISH,5.0,True,TEXT_MAPPED
2026-05-13,2026-05-13T15:28:42.825732+00:00,RUN-REAL-ESS-20260513-002,FIDELITY,SecurityExtract_ESS_2026May13.csv,DCOM,STARMINE_COVERED,COVERED,BULLISH,4.0,True,TEXT_MAPPED
2026-05-13,2026-05-13T15:28:42.825732+00:00,RUN-REAL-ESS-20260513-002,FIDELITY,SecurityExtract_ESS_2026May13.csv,DOW,STARMINE_COVERED,COVERED,VERY_BULLISH,5.0,True,TEXT_MAPPED
2026-05-13,2026-05-13T15:28:42.825732+00:00,RUN-REAL-ESS-20260513-002,FIDELITY,SecurityExtract_ESS_2026May13.csv,DBX,STARMINE_COVERED,COVERED,VERY_BULLISH,5.0,True,TEXT_MAPPED
2026-05-13,2026-05-13T15:28:42.825732+00:00,RUN-REAL-ESS-20260513-002,FIDELITY,SecurityExtract_ESS_2026May13.csv,DXPE,STARMINE_COVERED,COVERED,BULLISH,4.0,True,TEXT_MAPPED
2026-05-13,2026-05-13T15:28:42.825732+00:00,RUN-REAL-ESS-20260513-002,FIDELITY,SecurityExtract_ESS_2026May13.csv,DT,STARMINE_COVERED,COVERED,VERY_BULLISH,5.0,True,TEXT_MAPPED
2026-05-13,2026-05-13T15:28:42.825732+00:00,RUN-REAL-ESS-20260513-002,FIDELITY,SecurityExtract_ESS_2026May13.csv,EBMT,STARMINE_COVERED,COVERED,BULLISH,4.0,True,TEXT_MAPPED
2026-05-13,2026-05-13T15:28:42.825732+00:00,RUN-REAL-ESS-20260513-002,FIDELITY,SecurityExtract_ESS_2026May13.csv,ELMD,STARMINE_COVERED,COVERED,VERY_BULLISH,5.0,True,TEXT_MAPPED
2026-05-13,2026-05-13T15:28:42.825732+00:00,RUN-REAL-ESS-20260513-002,FIDELITY,SecurityExtract_ESS_2026May13.csv,EME,STARMINE_COVERED,COVERED,VERY_BULLISH,5.0,True,TEXT_MAPPED
2026-05-13,2026-05-13T15:28:42.825732+00:00,RUN-REAL-ESS-20260513-002,FIDELITY,SecurityExtract_ESS_2026May13.csv,ENS,STARMINE_COVERED,COVERED,BULLISH,4.0,True,TEXT_MAPPED
2026-05-13,2026-05-13T15:28:42.825732+00:00,RUN-REAL-ESS-20260513-002,FIDELITY,SecurityExtract_ESS_2026May13.csv,E,STARMINE_COVERED,COVERED,VERY_BULLISH,5.0,True,TEXT_MAPPED
2026-05-13,2026-05-13T15:28:42.825732+00:00,RUN-REAL-ESS-20260513-002,FIDELITY,SecurityExtract_ESS_2026May13.csv,ENTG,STARMINE_COVERED,COVERED,BULLISH,4.0,True,TEXT_MAPPED
2026-05-13,2026-05-13T15:28:42.825732+00:00,RUN-REAL-ESS-20260513-002,FIDELITY,SecurityExtract_ESS_2026May13.csv,EPD,STARMINE_COVERED,COVERED,VERY_BULLISH,5.0,True,TEXT_MAPPED
2026-05-13,2026-05-13T15:28:42.825732+00:00,RUN-REAL-ESS-20260513-002,FIDELITY,SecurityExtract_ESS_2026May13.csv,EOG,STARMINE_COVERED,COVERED,VERY_BULLISH,5.0,True,TEXT_MAPPED
2026-05-13,2026-05-13T15:28:42.825732+00:00,RUN-REAL-ESS-20260513-002,FIDELITY,SecurityExtract_ESS_2026May13.csv,EG,STARMINE_COVERED,COVERED,BULLISH,4.0,True,TEXT_MAPPED
2026-05-13,2026-05-13T15:28:42.825732+00:00,RUN-REAL-ESS-20260513-002,FIDELITY,SecurityExtract_ESS_2026May13.csv,EXEL,STARMINE_COVERED,COVERED,VERY_BULLISH,5.0,True,TEXT_MAPPED
2026-05-13,2026-05-13T15:28:42.825732+00:00,RUN-REAL-ESS-20260513-002,FIDELITY,SecurityExtract_ESS_2026May13.csv,EXPD,STARMINE_COVERED,COVERED,VERY_BULLISH,5.0,True,TEXT_MAPPED
2026-05-13,2026-05-13T15:28:42.825732+00:00,RUN-REAL-ESS-20260513-002,FIDELITY,SecurityExtract_ESS_2026May13.csv,EZPW,STARMINE_COVERED,COVERED,BULLISH,4.0,True,TEXT_MAPPED
2026-05-13,2026-05-13T15:28:42.825732+00:00,RUN-REAL-ESS-20260513-002,FIDELITY,SecurityExtract_ESS_2026May13.csv,FFIV,STARMINE_COVERED,COVERED,VERY_BULLISH,5.0,True,TEXT_MAPPED
2026-05-13,2026-05-13T15:28:42.825732+00:00,RUN-REAL-ESS-20260513-002,FIDELITY,SecurityExtract_ESS_2026May13.csv,FN,STARMINE_COVERED,COVERED,BULLISH,4.0,True,TEXT_MAPPED
2026-05-13,2026-05-13T15:28:42.825732+00:00,RUN-REAL-ESS-20260513-002,FIDELITY,SecurityExtract_ESS_2026May13.csv,FPI,STARMINE_COVERED,COVERED,BULLISH,4.0,True,TEXT_MAPPED
2026-05-13,2026-05-13T15:28:42.825732+00:00,RUN-REAL-ESS-20260513-002,FIDELITY,SecurityExtract_ESS_2026May13.csv,FSS,STARMINE_COVERED,COVERED,VERY_BULLISH,5.0,True,TEXT_MAPPED
2026-05-13,2026-05-13T15:28:42.825732+00:00,RUN-REAL-ESS-20260513-002,FIDELITY,SecurityExtract_ESS_2026May13.csv,FISI,STARMINE_COVERED,COVERED,VERY_BULLISH,5.0,True,TEXT_MAPPED
2026-05-13,2026-05-13T15:28:42.825732+00:00,RUN-REAL-ESS-20260513-002,FIDELITY,SecurityExtract_ESS_2026May13.csv,FAF,STARMINE_COVERED,COVERED,VERY_BULLISH,5.0,True,TEXT_MAPPED
2026-05-13,2026-05-13T15:28:42.825732+00:00,RUN-REAL-ESS-20260513-002,FIDELITY,SecurityExtract_ESS_2026May13.csv,FBIZ,STARMINE_COVERED,COVERED,VERY_BULLISH,5.0,True,TEXT_MAPPED
2026-05-13,2026-05-13T15:28:42.825732+00:00,RUN-REAL-ESS-20260513-002,FIDELITY,SecurityExtract_ESS_2026May13.csv,FCCO,STARMINE_COVERED,COVERED,BULLISH,4.0,True,TEXT_MAPPED
2026-05-13,2026-05-13T15:28:42.825732+00:00,RUN-REAL-ESS-20260513-002,FIDELITY,SecurityExtract_ESS_2026May13.csv,FR,STARMINE_COVERED,COVERED,BULLISH,4.0,True,TEXT_MAPPED
2026-05-13,2026-05-13T15:28:42.825732+00:00,RUN-REAL-ESS-20260513-002,FIDELITY,SecurityExtract_ESS_2026May13.csv,FUNC,STARMINE_COVERED,COVERED,VERY_BULLISH,5.0,True,TEXT_MAPPED
2026-05-13,2026-05-13T15:28:42.825732+00:00,RUN-REAL-ESS-20260513-002,FIDELITY,SecurityExtract_ESS_2026May13.csv,FISV,STARMINE_COVERED,COVERED,VERY_BULLISH,5.0,True,TEXT_MAPPED
2026-05-13,2026-05-13T15:28:42.825732+00:00,RUN-REAL-ESS-20260513-002,FIDELITY,SecurityExtract_ESS_2026May13.csv,FIVN,STARMINE_COVERED,COVERED,VERY_BULLISH,5.0,True,TEXT_MAPPED
2026-05-13,2026-05-13T15:28:42.825732+00:00,RUN-REAL-ESS-20260513-002,FIDELITY,SecurityExtract_ESS_2026May13.csv,FLEX,STARMINE_COVERED,COVERED,VERY_BULLISH,5.0,True,TEXT_MAPPED
2026-05-13,2026-05-13T15:28:42.825732+00:00,RUN-REAL-ESS-20260513-002,FIDELITY,SecurityExtract_ESS_2026May13.csv,FLXS,STARMINE_COVERED,COVERED,VERY_BULLISH,5.0,True,TEXT_MAPPED
2026-05-13,2026-05-13T15:28:42.825732+00:00,RUN-REAL-ESS-20260513-002,FIDELITY,SecurityExtract_ESS_2026May13.csv,FTNT,STARMINE_COVERED,COVERED,BULLISH,4.0,True,TEXT_MAPPED
2026-05-13,2026-05-13T15:28:42.825732+00:00,RUN-REAL-ESS-20260513-002,FIDELITY,SecurityExtract_ESS_2026May13.csv,FET,STARMINE_COVERED,COVERED,VERY_BULLISH,5.0,True,TEXT_MAPPED
2026-05-13,2026-05-13T15:28:42.825732+00:00,RUN-REAL-ESS-20260513-002,FIDELITY,SecurityExtract_ESS_2026May13.csv,GAIA,STARMINE_COVERED,COVERED,VERY_BULLISH,5.0,True,TEXT_MAPPED
2026-05-13,2026-05-13T15:28:42.825732+00:00,RUN-REAL-ESS-20260513-002,FIDELITY,SecurityExtract_ESS_2026May13.csv,GEN,STARMINE_COVERED,COVERED,VERY_BULLISH,5.0,True,TEXT_MAPPED
2026-05-13,2026-05-13T15:28:42.825732+00:00,RUN-REAL-ESS-20260513-002,FIDELITY,SecurityExtract_ESS_2026May13.csv,GCT,STARMINE_COVERED,COVERED,BULLISH,4.0,True,TEXT_MAPPED
2026-05-13,2026-05-13T15:28:42.825732+00:00,RUN-REAL-ESS-20260513-002,FIDELITY,SecurityExtract_ESS_2026May13.csv,GIC,STARMINE_COVERED,COVERED,VERY_BULLISH,5.0,True,TEXT_MAPPED
2026-05-13,2026-05-13T15:28:42.825732+00:00,RUN-REAL-ESS-20260513-002,FIDELITY,SecurityExtract_ESS_2026May13.csv,GL,STARMINE_COVERED,COVERED,VERY_BULLISH,5.0,True,TEXT_MAPPED
2026-05-13,2026-05-13T15:28:42.825732+00:00,RUN-REAL-ESS-20260513-002,FIDELITY,SecurityExtract_ESS_2026May13.csv,GMED,STARMINE_COVERED,COVERED,VERY_BULLISH,5.0,True,TEXT_MAPPED
2026-05-13,2026-05-13T15:28:42.825732+00:00,RUN-REAL-ESS-20260513-002,FIDELITY,SecurityExtract_ESS_2026May13.csv,THG,STARMINE_COVERED,COVERED,VERY_BULLISH,5.0,True,TEXT_MAPPED
2026-05-13,2026-05-13T15:28:42.825732+00:00,RUN-REAL-ESS-20260513-002,FIDELITY,SecurityExtract_ESS_2026May13.csv,HCSG,STARMINE_COVERED,COVERED,BULLISH,4.0,True,TEXT_MAPPED
2026-05-13,2026-05-13T15:28:42.825732+00:00,RUN-REAL-ESS-20260513-002,FIDELITY,SecurityExtract_ESS_2026May13.csv,HELE,STARMINE_COVERED,COVERED,BULLISH,4.0,True,TEXT_MAPPED
2026-05-13,2026-05-13T15:28:42.825732+00:00,RUN-REAL-ESS-20260513-002,FIDELITY,SecurityExtract_ESS_2026May13.csv,HRTG,STARMINE_COVERED,COVERED,BULLISH,4.0,True,TEXT_MAPPED
2026-05-13,2026-05-13T15:28:42.825732+00:00,RUN-REAL-ESS-20260513-002,FIDELITY,SecurityExtract_ESS_2026May13.csv,DINO,STARMINE_COVERED,COVERED,VERY_BULLISH,5.0,True,TEXT_MAPPED
2026-05-13,2026-05-13T15:28:42.825732+00:00,RUN-REAL-ESS-20260513-002,FIDELITY,SecurityExtract_ESS_2026May13.csv,HTH,STARMINE_COVERED,COVERED,BULLISH,4.0,True,TEXT_MAPPED
2026-05-13,2026-05-13T15:28:42.825732+00:00,RUN-REAL-ESS-20260513-002,FIDELITY,SecurityExtract_ESS_2026May13.csv,HST,STARMINE_COVERED,COVERED,BULLISH,4.0,True,TEXT_MAPPED
2026-05-13,2026-05-13T15:28:42.825732+00:00,RUN-REAL-ESS-20260513-002,FIDELITY,SecurityExtract_ESS_2026May13.csv,HWM,STARMINE_COVERED,COVERED,BULLISH,4.0,True,TEXT_MAPPED
2026-05-13,2026-05-13T15:28:42.825732+00:00,RUN-REAL-ESS-20260513-002,FIDELITY,SecurityExtract_ESS_2026May13.csv,HPQ,STARMINE_COVERED,COVERED,VERY_BULLISH,5.0,True,TEXT_MAPPED
2026-05-13,2026-05-13T15:28:42.825732+00:00,RUN-REAL-ESS-20260513-002,FIDELITY,SecurityExtract_ESS_2026May13.csv,HPP,STARMINE_COVERED,COVERED,VERY_BULLISH,5.0,True,TEXT_MAPPED
2026-05-13,2026-05-13T15:28:42.825732+00:00,RUN-REAL-ESS-20260513-002,FIDELITY,SecurityExtract_ESS_2026May13.csv,ILMN,STARMINE_COVERED,COVERED,VERY_BULLISH,5.0,True,TEXT_MAPPED
2026-05-13,2026-05-13T15:28:42.825732+00:00,RUN-REAL-ESS-20260513-002,FIDELITY,SecurityExtract_ESS_2026May13.csv,IMO,STARMINE_COVERED,COVERED,VERY_BULLISH,5.0,True,TEXT_MAPPED
2026-05-13,2026-05-13T15:28:42.825732+00:00,RUN-REAL-ESS-20260513-002,FIDELITY,SecurityExtract_ESS_2026May13.csv,III,STARMINE_COVERED,COVERED,BULLISH,4.0,True,TEXT_MAPPED
2026-05-13,2026-05-13T15:28:42.825732+00:00,RUN-REAL-ESS-20260513-002,FIDELITY,SecurityExtract_ESS_2026May13.csv,IMKTA,STARMINE_COVERED,COVERED,VERY_BULLISH,5.0,True,TEXT_MAPPED
2026-05-13,2026-05-13T15:28:42.825732+00:00,RUN-REAL-ESS-20260513-002,FIDELITY,SecurityExtract_ESS_2026May13.csv,IDN,STARMINE_COVERED,COVERED,VERY_BULLISH,5.0,True,TEXT_MAPPED
2026-05-13,2026-05-13T15:28:42.825732+00:00,RUN-REAL-ESS-20260513-002,FIDELITY,SecurityExtract_ESS_2026May13.csv,JBL,STARMINE_COVERED,COVERED,BULLISH,4.0,True,TEXT_MAPPED
2026-05-13,2026-05-13T15:28:42.825732+00:00,RUN-REAL-ESS-20260513-002,FIDELITY,SecurityExtract_ESS_2026May13.csv,JHG,STARMINE_COVERED,COVERED,BULLISH,4.0,True,TEXT_MAPPED
2026-05-13,2026-05-13T15:28:42.825732+00:00,RUN-REAL-ESS-20260513-002,FIDELITY,SecurityExtract_ESS_2026May13.csv,KROS,STARMINE_COVERED,COVERED,BULLISH,4.0,True,TEXT_MAPPED
2026-05-13,2026-05-13T15:28:42.825732+00:00,RUN-REAL-ESS-20260513-002,FIDELITY,SecurityExtract_ESS_2026May13.csv,KEYS,STARMINE_COVERED,COVERED,BULLISH,4.0,True,TEXT_MAPPED
2026-05-13,2026-05-13T15:28:42.825732+00:00,RUN-REAL-ESS-20260513-002,FIDELITY,SecurityExtract_ESS_2026May13.csv,KLAC,STARMINE_COVERED,COVERED,VERY_BULLISH,5.0,True,TEXT_MAPPED
2026-05-13,2026-05-13T15:28:42.825732+00:00,RUN-REAL-ESS-20260513-002,FIDELITY,SecurityExtract_ESS_2026May13.csv,KFY,STARMINE_COVERED,COVERED,VERY_BULLISH,5.0,True,TEXT_MAPPED
2026-05-13,2026-05-13T15:28:42.825732+00:00,RUN-REAL-ESS-20260513-002,FIDELITY,SecurityExtract_ESS_2026May13.csv,LRCX,STARMINE_COVERED,COVERED,VERY_BULLISH,5.0,True,TEXT_MAPPED
2026-05-13,2026-05-13T15:28:42.825732+00:00,RUN-REAL-ESS-20260513-002,FIDELITY,SecurityExtract_ESS_2026May13.csv,LTRX,STARMINE_COVERED,COVERED,VERY_BULLISH,5.0,True,TEXT_MAPPED
2026-05-13,2026-05-13T15:28:42.825732+00:00,RUN-REAL-ESS-20260513-002,FIDELITY,SecurityExtract_ESS_2026May13.csv,TREE,STARMINE_COVERED,COVERED,VERY_BULLISH,5.0,True,TEXT_MAPPED
2026-05-13,2026-05-13T15:28:42.825732+00:00,RUN-REAL-ESS-20260513-002,FIDELITY,SecurityExtract_ESS_2026May13.csv,LECO,STARMINE_COVERED,COVERED,BULLISH,4.0,True,TEXT_MAPPED
2026-05-13,2026-05-13T15:28:42.825732+00:00,RUN-REAL-ESS-20260513-002,FIDELITY,SecurityExtract_ESS_2026May13.csv,LFUS,STARMINE_COVERED,COVERED,VERY_BULLISH,5.0,True,TEXT_MAPPED
2026-05-13,2026-05-13T15:28:42.825732+00:00,RUN-REAL-ESS-20260513-002,FIDELITY,SecurityExtract_ESS_2026May13.csv,RAMP,STARMINE_COVERED,COVERED,VERY_BULLISH,5.0,True,TEXT_MAPPED
2026-05-13,2026-05-13T15:28:42.825732+00:00,RUN-REAL-ESS-20260513-002,FIDELITY,SecurityExtract_ESS_2026May13.csv,LUMN,STARMINE_COVERED,COVERED,VERY_BULLISH,5.0,True,TEXT_MAPPED
2026-05-13,2026-05-13T15:28:42.825732+00:00,RUN-REAL-ESS-20260513-002,FIDELITY,SecurityExtract_ESS_2026May13.csv,LYB,STARMINE_COVERED,COVERED,VERY_BULLISH,5.0,True,TEXT_MAPPED
2026-05-13,2026-05-13T15:28:42.825732+00:00,RUN-REAL-ESS-20260513-002,FIDELITY,SecurityExtract_ESS_2026May13.csv,MGY,STARMINE_COVERED,COVERED,VERY_BULLISH,5.0,True,TEXT_MAPPED
2026-05-13,2026-05-13T15:28:42.825732+00:00,RUN-REAL-ESS-20260513-002,FIDELITY,SecurityExtract_ESS_2026May13.csv,MNSB,STARMINE_COVERED,COVERED,BULLISH,4.0,True,TEXT_MAPPED
2026-05-13,2026-05-13T15:28:42.825732+00:00,RUN-REAL-ESS-20260513-002,FIDELITY,SecurityExtract_ESS_2026May13.csv,MPC,STARMINE_COVERED,COVERED,VERY_BULLISH,5.0,True,TEXT_MAPPED
2026-05-13,2026-05-13T15:28:42.825732+00:00,RUN-REAL-ESS-20260513-002,FIDELITY,SecurityExtract_ESS_2026May13.csv,MQ,STARMINE_COVERED,COVERED,VERY_BULLISH,5.0,True,TEXT_MAPPED
2026-05-13,2026-05-13T15:28:42.825732+00:00,RUN-REAL-ESS-20260513-002,FIDELITY,SecurityExtract_ESS_2026May13.csv,MAS,STARMINE_COVERED,COVERED,BULLISH,4.0,True,TEXT_MAPPED
2026-05-13,2026-05-13T15:28:42.825732+00:00,RUN-REAL-ESS-20260513-002,FIDELITY,SecurityExtract_ESS_2026May13.csv,MCK,STARMINE_COVERED,COVERED,BULLISH,4.0,True,TEXT_MAPPED
2026-05-13,2026-05-13T15:28:42.825732+00:00,RUN-REAL-ESS-20260513-002,FIDELITY,SecurityExtract_ESS_2026May13.csv,MLAB,STARMINE_COVERED,COVERED,VERY_BULLISH,5.0,True,TEXT_MAPPED
2026-05-13,2026-05-13T15:28:42.825732+00:00,RUN-REAL-ESS-20260513-002,FIDELITY,SecurityExtract_ESS_2026May13.csv,MU,STARMINE_COVERED,COVERED,VERY_BULLISH,5.0,True,TEXT_MAPPED
2026-05-13,2026-05-13T15:28:42.825732+00:00,RUN-REAL-ESS-20260513-002,FIDELITY,SecurityExtract_ESS_2026May13.csv,MDXG,STARMINE_COVERED,COVERED,BULLISH,4.0,True,TEXT_MAPPED
2026-05-13,2026-05-13T15:28:42.825732+00:00,RUN-REAL-ESS-20260513-002,FIDELITY,SecurityExtract_ESS_2026May13.csv,MCRI,STARMINE_COVERED,COVERED,VERY_BULLISH,5.0,True,TEXT_MAPPED
2026-05-13,2026-05-13T15:28:42.825732+00:00,RUN-REAL-ESS-20260513-002,FIDELITY,SecurityExtract_ESS_2026May13.csv,MNST,STARMINE_COVERED,COVERED,VERY_BULLISH,5.0,True,TEXT_MAPPED
2026-05-13,2026-05-13T15:28:42.825732+00:00,RUN-REAL-ESS-20260513-002,FIDELITY,SecurityExtract_ESS_2026May13.csv,MYE,STARMINE_COVERED,COVERED,VERY_BULLISH,5.0,True,TEXT_MAPPED
2026-05-13,2026-05-13T15:28:42.825732+00:00,RUN-REAL-ESS-20260513-002,FIDELITY,SecurityExtract_ESS_2026May13.csv,MYRG,STARMINE_COVERED,COVERED,VERY_BULLISH,5.0,True,TEXT_MAPPED
2026-05-13,2026-05-13T15:28:42.825732+00:00,RUN-REAL-ESS-20260513-002,FIDELITY,SecurityExtract_ESS_2026May13.csv,NBR,STARMINE_COVERED,COVERED,VERY_BULLISH,5.0,True,TEXT_MAPPED
2026-05-13,2026-05-13T15:28:42.825732+00:00,RUN-REAL-ESS-20260513-002,FIDELITY,SecurityExtract_ESS_2026May13.csv,NATH,STARMINE_COVERED,COVERED,VERY_BULLISH,5.0,True,TEXT_MAPPED
2026-05-13,2026-05-13T15:28:42.825732+00:00,RUN-REAL-ESS-20260513-002,FIDELITY,SecurityExtract_ESS_2026May13.csv,NGVC,STARMINE_COVERED,COVERED,VERY_BULLISH,5.0,True,TEXT_MAPPED
2026-05-13,2026-05-13T15:28:42.825732+00:00,RUN-REAL-ESS-20260513-002,FIDELITY,SecurityExtract_ESS_2026May13.csv,NATR,STARMINE_COVERED,COVERED,VERY_BULLISH,5.0,True,TEXT_MAPPED
2026-05-13,2026-05-13T15:28:42.825732+00:00,RUN-REAL-ESS-20260513-002,FIDELITY,SecurityExtract_ESS_2026May13.csv,NVGS,STARMINE_COVERED,COVERED,BULLISH,4.0,True,TEXT_MAPPED
2026-05-13,2026-05-13T15:28:42.825732+00:00,RUN-REAL-ESS-20260513-002,FIDELITY,SecurityExtract_ESS_2026May13.csv,NBTB,STARMINE_COVERED,COVERED,BULLISH,4.0,True,TEXT_MAPPED
2026-05-13,2026-05-13T15:28:42.825732+00:00,RUN-REAL-ESS-20260513-002,FIDELITY,SecurityExtract_ESS_2026May13.csv,NATL,STARMINE_COVERED,COVERED,VERY_BULLISH,5.0,True,TEXT_MAPPED
2026-05-13,2026-05-13T15:28:42.825732+00:00,RUN-REAL-ESS-20260513-002,FIDELITY,SecurityExtract_ESS_2026May13.csv,NTAP,STARMINE_COVERED,COVERED,VERY_BULLISH,5.0,True,TEXT_MAPPED
2026-05-13,2026-05-13T15:28:42.825732+00:00,RUN-REAL-ESS-20260513-002,FIDELITY,SecurityExtract_ESS_2026May13.csv,NBIX,STARMINE_COVERED,COVERED,VERY_BULLISH,5.0,True,TEXT_MAPPED
2026-05-13,2026-05-13T15:28:42.825732+00:00,RUN-REAL-ESS-20260513-002,FIDELITY,SecurityExtract_ESS_2026May13.csv,NEU,STARMINE_COVERED,COVERED,VERY_BULLISH,5.0,True,TEXT_MAPPED
2026-05-13,2026-05-13T15:28:42.825732+00:00,RUN-REAL-ESS-20260513-002,FIDELITY,SecurityExtract_ESS_2026May13.csv,NOK,STARMINE_COVERED,COVERED,VERY_BULLISH,5.0,True,TEXT_MAPPED
2026-05-13,2026-05-13T15:28:42.825732+00:00,RUN-REAL-ESS-20260513-002,FIDELITY,SecurityExtract_ESS_2026May13.csv,NECB,STARMINE_COVERED,COVERED,VERY_BULLISH,5.0,True,TEXT_MAPPED
2026-05-13,2026-05-13T15:28:42.825732+00:00,RUN-REAL-ESS-20260513-002,FIDELITY,SecurityExtract_ESS_2026May13.csv,NVO,STARMINE_COVERED,COVERED,VERY_BULLISH,5.0,True,TEXT_MAPPED
2026-05-13,2026-05-13T15:28:42.825732+00:00,RUN-REAL-ESS-20260513-002,FIDELITY,SecurityExtract_ESS_2026May13.csv,NVT,STARMINE_COVERED,COVERED,BULLISH,4.0,True,TEXT_MAPPED
2026-05-13,2026-05-13T15:28:42.825732+00:00,RUN-REAL-ESS-20260513-002,FIDELITY,SecurityExtract_ESS_2026May13.csv,NVDA,STARMINE_COVERED,COVERED,VERY_BULLISH,5.0,True,TEXT_MAPPED
2026-05-13,2026-05-13T15:28:42.825732+00:00,RUN-REAL-ESS-20260513-002,FIDELITY,SecurityExtract_ESS_2026May13.csv,OXY,STARMINE_COVERED,COVERED,VERY_BULLISH,5.0,True,TEXT_MAPPED
2026-05-13,2026-05-13T15:28:42.825732+00:00,RUN-REAL-ESS-20260513-002,FIDELITY,SecurityExtract_ESS_2026May13.csv,OII,STARMINE_COVERED,COVERED,VERY_BULLISH,5.0,True,TEXT_MAPPED
2026-05-13,2026-05-13T15:28:42.825732+00:00,RUN-REAL-ESS-20260513-002,FIDELITY,SecurityExtract_ESS_2026May13.csv,OFG,STARMINE_COVERED,COVERED,VERY_BULLISH,5.0,True,TEXT_MAPPED
2026-05-13,2026-05-13T15:28:42.825732+00:00,RUN-REAL-ESS-20260513-002,FIDELITY,SecurityExtract_ESS_2026May13.csv,OHI,STARMINE_COVERED,COVERED,BULLISH,4.0,True,TEXT_MAPPED
2026-05-13,2026-05-13T15:28:42.825732+00:00,RUN-REAL-ESS-20260513-002,FIDELITY,SecurityExtract_ESS_2026May13.csv,OMCL,STARMINE_COVERED,COVERED,BULLISH,4.0,True,TEXT_MAPPED
2026-05-13,2026-05-13T15:28:42.825732+00:00,RUN-REAL-ESS-20260513-002,FIDELITY,SecurityExtract_ESS_2026May13.csv,ON,STARMINE_COVERED,COVERED,BULLISH,4.0,True,TEXT_MAPPED
2026-05-13,2026-05-13T15:28:42.825732+00:00,RUN-REAL-ESS-20260513-002,FIDELITY,SecurityExtract_ESS_2026May13.csv,OKE,STARMINE_COVERED,COVERED,VERY_BULLISH,5.0,True,TEXT_MAPPED
2026-05-13,2026-05-13T15:28:42.825732+00:00,RUN-REAL-ESS-20260513-002,FIDELITY,SecurityExtract_ESS_2026May13.csv,OPBK,STARMINE_COVERED,COVERED,VERY_BULLISH,5.0,True,TEXT_MAPPED
2026-05-13,2026-05-13T15:28:42.825732+00:00,RUN-REAL-ESS-20260513-002,FIDELITY,SecurityExtract_ESS_2026May13.csv,OPRT,STARMINE_COVERED,COVERED,VERY_BULLISH,5.0,True,TEXT_MAPPED
2026-05-13,2026-05-13T15:28:42.825732+00:00,RUN-REAL-ESS-20260513-002,FIDELITY,SecurityExtract_ESS_2026May13.csv,OPRX,STARMINE_COVERED,COVERED,BULLISH,4.0,True,TEXT_MAPPED
2026-05-13,2026-05-13T15:28:42.825732+00:00,RUN-REAL-ESS-20260513-002,FIDELITY,SecurityExtract_ESS_2026May13.csv,ORRF,STARMINE_COVERED,COVERED,VERY_BULLISH,5.0,True,TEXT_MAPPED
2026-05-13,2026-05-13T15:28:42.825732+00:00,RUN-REAL-ESS-20260513-002,FIDELITY,SecurityExtract_ESS_2026May13.csv,OTTR,STARMINE_COVERED,COVERED,VERY_BULLISH,5.0,True,TEXT_MAPPED
2026-05-13,2026-05-13T15:28:42.825732+00:00,RUN-REAL-ESS-20260513-002,FIDELITY,SecurityExtract_ESS_2026May13.csv,OVV,STARMINE_COVERED,COVERED,BULLISH,4.0,True,TEXT_MAPPED
2026-05-13,2026-05-13T15:28:42.825732+00:00,RUN-REAL-ESS-20260513-002,FIDELITY,SecurityExtract_ESS_2026May13.csv,PAGS,STARMINE_COVERED,COVERED,VERY_BULLISH,5.0,True,TEXT_MAPPED
2026-05-13,2026-05-13T15:28:42.825732+00:00,RUN-REAL-ESS-20260513-002,FIDELITY,SecurityExtract_ESS_2026May13.csv,PLMR,STARMINE_COVERED,COVERED,BULLISH,4.0,True,TEXT_MAPPED
2026-05-13,2026-05-13T15:28:42.825732+00:00,RUN-REAL-ESS-20260513-002,FIDELITY,SecurityExtract_ESS_2026May13.csv,PKOH,STARMINE_COVERED,COVERED,VERY_BULLISH,5.0,True,TEXT_MAPPED
2026-05-13,2026-05-13T15:28:42.825732+00:00,RUN-REAL-ESS-20260513-002,FIDELITY,SecurityExtract_ESS_2026May13.csv,PTEN,STARMINE_COVERED,COVERED,VERY_BULLISH,5.0,True,TEXT_MAPPED
2026-05-13,2026-05-13T15:28:42.825732+00:00,RUN-REAL-ESS-20260513-002,FIDELITY,SecurityExtract_ESS_2026May13.csv,PCB,STARMINE_COVERED,COVERED,VERY_BULLISH,5.0,True,TEXT_MAPPED
2026-05-13,2026-05-13T15:28:42.825732+00:00,RUN-REAL-ESS-20260513-002,FIDELITY,SecurityExtract_ESS_2026May13.csv,PEBO,STARMINE_COVERED,COVERED,BULLISH,4.0,True,TEXT_MAPPED
2026-05-13,2026-05-13T15:28:42.825732+00:00,RUN-REAL-ESS-20260513-002,FIDELITY,SecurityExtract_ESS_2026May13.csv,WOOF,STARMINE_COVERED,COVERED,BULLISH,4.0,True,TEXT_MAPPED
2026-05-13,2026-05-13T15:28:42.825732+00:00,RUN-REAL-ESS-20260513-002,FIDELITY,SecurityExtract_ESS_2026May13.csv,PBR,STARMINE_COVERED,COVERED,VERY_BULLISH,5.0,True,TEXT_MAPPED
2026-05-13,2026-05-13T15:28:42.825732+00:00,RUN-REAL-ESS-20260513-002,FIDELITY,SecurityExtract_ESS_2026May13.csv,PAHC,STARMINE_COVERED,COVERED,BULLISH,4.0,True,TEXT_MAPPED
2026-05-13,2026-05-13T15:28:42.825732+00:00,RUN-REAL-ESS-20260513-002,FIDELITY,SecurityExtract_ESS_2026May13.csv,PSX,STARMINE_COVERED,COVERED,VERY_BULLISH,5.0,True,TEXT_MAPPED
2026-05-13,2026-05-13T15:28:42.825732+00:00,RUN-REAL-ESS-20260513-002,FIDELITY,SecurityExtract_ESS_2026May13.csv,PBI,STARMINE_COVERED,COVERED,VERY_BULLISH,5.0,True,TEXT_MAPPED
2026-05-13,2026-05-13T15:28:42.825732+00:00,RUN-REAL-ESS-20260513-002,FIDELITY,SecurityExtract_ESS_2026May13.csv,PLXS,STARMINE_COVERED,COVERED,BULLISH,4.0,True,TEXT_MAPPED
2026-05-13,2026-05-13T15:28:42.825732+00:00,RUN-REAL-ESS-20260513-002,FIDELITY,SecurityExtract_ESS_2026May13.csv,PRI,STARMINE_COVERED,COVERED,VERY_BULLISH,5.0,True,TEXT_MAPPED
2026-05-13,2026-05-13T15:28:42.825732+00:00,RUN-REAL-ESS-20260513-002,FIDELITY,SecurityExtract_ESS_2026May13.csv,PFS,STARMINE_COVERED,COVERED,VERY_BULLISH,5.0,True,TEXT_MAPPED
2026-05-13,2026-05-13T15:28:42.825732+00:00,RUN-REAL-ESS-20260513-002,FIDELITY,SecurityExtract_ESS_2026May13.csv,PTCT,STARMINE_COVERED,COVERED,BULLISH,4.0,True,TEXT_MAPPED
2026-05-13,2026-05-13T15:28:42.825732+00:00,RUN-REAL-ESS-20260513-002,FIDELITY,SecurityExtract_ESS_2026May13.csv,PRSU,STARMINE_COVERED,COVERED,VERY_BULLISH,5.0,True,TEXT_MAPPED
2026-05-13,2026-05-13T15:28:42.825732+00:00,RUN-REAL-ESS-20260513-002,FIDELITY,SecurityExtract_ESS_2026May13.csv,QCOM,STARMINE_COVERED,COVERED,VERY_BULLISH,5.0,True,TEXT_MAPPED
2026-05-13,2026-05-13T15:28:42.825732+00:00,RUN-REAL-ESS-20260513-002,FIDELITY,SecurityExtract_ESS_2026May13.csv,RDN,STARMINE_COVERED,COVERED,VERY_BULLISH,5.0,True,TEXT_MAPPED
2026-05-13,2026-05-13T15:28:42.825732+00:00,RUN-REAL-ESS-20260513-002,FIDELITY,SecurityExtract_ESS_2026May13.csv,RLGT,STARMINE_COVERED,COVERED,VERY_BULLISH,5.0,True,TEXT_MAPPED
2026-05-13,2026-05-13T15:28:42.825732+00:00,RUN-REAL-ESS-20260513-002,FIDELITY,SecurityExtract_ESS_2026May13.csv,RMBS,STARMINE_COVERED,COVERED,BULLISH,4.0,True,TEXT_MAPPED
2026-05-13,2026-05-13T15:28:42.825732+00:00,RUN-REAL-ESS-20260513-002,FIDELITY,SecurityExtract_ESS_2026May13.csv,RJF,STARMINE_COVERED,COVERED,VERY_BULLISH,5.0,True,TEXT_MAPPED
2026-05-13,2026-05-13T15:28:42.825732+00:00,RUN-REAL-ESS-20260513-002,FIDELITY,SecurityExtract_ESS_2026May13.csv,RBB,STARMINE_COVERED,COVERED,VERY_BULLISH,5.0,True,TEXT_MAPPED
2026-05-13,2026-05-13T15:28:42.825732+00:00,RUN-REAL-ESS-20260513-002,FIDELITY,SecurityExtract_ESS_2026May13.csv,RBC,STARMINE_COVERED,COVERED,VERY_BULLISH,5.0,True,TEXT_MAPPED
2026-05-13,2026-05-13T15:28:42.825732+00:00,RUN-REAL-ESS-20260513-002,FIDELITY,SecurityExtract_ESS_2026May13.csv,RCMT,STARMINE_COVERED,COVERED,VERY_BULLISH,5.0,True,TEXT_MAPPED
2026-05-13,2026-05-13T15:28:42.825732+00:00,RUN-REAL-ESS-20260513-002,FIDELITY,SecurityExtract_ESS_2026May13.csv,RDVT,STARMINE_COVERED,COVERED,VERY_BULLISH,5.0,True,TEXT_MAPPED
2026-05-13,2026-05-13T15:28:42.825732+00:00,RUN-REAL-ESS-20260513-002,FIDELITY,SecurityExtract_ESS_2026May13.csv,RNR,STARMINE_COVERED,COVERED,VERY_BULLISH,5.0,True,TEXT_MAPPED
2026-05-13,2026-05-13T15:28:42.825732+00:00,RUN-REAL-ESS-20260513-002,FIDELITY,SecurityExtract_ESS_2026May13.csv,REI,STARMINE_COVERED,COVERED,VERY_BULLISH,5.0,True,TEXT_MAPPED
2026-05-13,2026-05-13T15:28:42.825732+00:00,RUN-REAL-ESS-20260513-002,FIDELITY,SecurityExtract_ESS_2026May13.csv,RLJ,STARMINE_COVERED,COVERED,BULLISH,4.0,True,TEXT_MAPPED
2026-05-13,2026-05-13T15:28:42.825732+00:00,RUN-REAL-ESS-20260513-002,FIDELITY,SecurityExtract_ESS_2026May13.csv,RMR,STARMINE_COVERED,COVERED,BULLISH,4.0,True,TEXT_MAPPED
2026-05-13,2026-05-13T15:28:42.825732+00:00,RUN-REAL-ESS-20260513-002,FIDELITY,SecurityExtract_ESS_2026May13.csv,RCKY,STARMINE_COVERED,COVERED,VERY_BULLISH,5.0,True,TEXT_MAPPED
2026-05-13,2026-05-13T15:28:42.825732+00:00,RUN-REAL-ESS-20260513-002,FIDELITY,SecurityExtract_ESS_2026May13.csv,RY,STARMINE_COVERED,COVERED,BULLISH,4.0,True,TEXT_MAPPED
2026-05-13,2026-05-13T15:28:42.825732+00:00,RUN-REAL-ESS-20260513-002,FIDELITY,SecurityExtract_ESS_2026May13.csv,R,STARMINE_COVERED,COVERED,VERY_BULLISH,5.0,True,TEXT_MAPPED
2026-05-13,2026-05-13T15:28:42.825732+00:00,RUN-REAL-ESS-20260513-002,FIDELITY,SecurityExtract_ESS_2026May13.csv,SNDK,STARMINE_COVERED,COVERED,VERY_BULLISH,5.0,True,TEXT_MAPPED
2026-05-13,2026-05-13T15:28:42.825732+00:00,RUN-REAL-ESS-20260513-002,FIDELITY,SecurityExtract_ESS_2026May13.csv,STNG,STARMINE_COVERED,COVERED,VERY_BULLISH,5.0,True,TEXT_MAPPED
2026-05-13,2026-05-13T15:28:42.825732+00:00,RUN-REAL-ESS-20260513-002,FIDELITY,SecurityExtract_ESS_2026May13.csv,STX,STARMINE_COVERED,COVERED,BULLISH,4.0,True,TEXT_MAPPED
2026-05-13,2026-05-13T15:28:42.825732+00:00,RUN-REAL-ESS-20260513-002,FIDELITY,SecurityExtract_ESS_2026May13.csv,SEIC,STARMINE_COVERED,COVERED,VERY_BULLISH,5.0,True,TEXT_MAPPED
2026-05-13,2026-05-13T15:28:42.825732+00:00,RUN-REAL-ESS-20260513-002,FIDELITY,SecurityExtract_ESS_2026May13.csv,SHBI,STARMINE_COVERED,COVERED,VERY_BULLISH,5.0,True,TEXT_MAPPED
2026-05-13,2026-05-13T15:28:42.825732+00:00,RUN-REAL-ESS-20260513-002,FIDELITY,SecurityExtract_ESS_2026May13.csv,SIMO,STARMINE_COVERED,COVERED,VERY_BULLISH,5.0,True,TEXT_MAPPED
2026-05-13,2026-05-13T15:28:42.825732+00:00,RUN-REAL-ESS-20260513-002,FIDELITY,SecurityExtract_ESS_2026May13.csv,SPNT,STARMINE_COVERED,COVERED,VERY_BULLISH,5.0,True,TEXT_MAPPED
2026-05-13,2026-05-13T15:28:42.825732+00:00,RUN-REAL-ESS-20260513-002,FIDELITY,SecurityExtract_ESS_2026May13.csv,SMSI,STARMINE_COVERED,COVERED,BULLISH,4.0,True,TEXT_MAPPED
2026-05-13,2026-05-13T15:28:42.825732+00:00,RUN-REAL-ESS-20260513-002,FIDELITY,SecurityExtract_ESS_2026May13.csv,SSTI,STARMINE_COVERED,COVERED,BULLISH,4.0,True,TEXT_MAPPED
2026-05-13,2026-05-13T15:28:42.825732+00:00,RUN-REAL-ESS-20260513-002,FIDELITY,SecurityExtract_ESS_2026May13.csv,SSB,STARMINE_COVERED,COVERED,VERY_BULLISH,5.0,True,TEXT_MAPPED
2026-05-13,2026-05-13T15:28:42.825732+00:00,RUN-REAL-ESS-20260513-002,FIDELITY,SecurityExtract_ESS_2026May13.csv,SMP,STARMINE_COVERED,COVERED,VERY_BULLISH,5.0,True,TEXT_MAPPED
2026-05-13,2026-05-13T15:28:42.825732+00:00,RUN-REAL-ESS-20260513-002,FIDELITY,SecurityExtract_ESS_2026May13.csv,STT,STARMINE_COVERED,COVERED,VERY_BULLISH,5.0,True,TEXT_MAPPED
2026-05-13,2026-05-13T15:28:42.825732+00:00,RUN-REAL-ESS-20260513-002,FIDELITY,SecurityExtract_ESS_2026May13.csv,SNEX,STARMINE_COVERED,COVERED,BULLISH,4.0,True,TEXT_MAPPED
2026-05-13,2026-05-13T15:28:42.825732+00:00,RUN-REAL-ESS-20260513-002,FIDELITY,SecurityExtract_ESS_2026May13.csv,SMFG,STARMINE_COVERED,COVERED,VERY_BULLISH,5.0,True,TEXT_MAPPED
2026-05-13,2026-05-13T15:28:42.825732+00:00,RUN-REAL-ESS-20260513-002,FIDELITY,SecurityExtract_ESS_2026May13.csv,SU,STARMINE_COVERED,COVERED,VERY_BULLISH,5.0,True,TEXT_MAPPED
2026-05-13,2026-05-13T15:28:42.825732+00:00,RUN-REAL-ESS-20260513-002,FIDELITY,SecurityExtract_ESS_2026May13.csv,SGC,STARMINE_COVERED,COVERED,VERY_BULLISH,5.0,True,TEXT_MAPPED
2026-05-13,2026-05-13T15:28:42.825732+00:00,RUN-REAL-ESS-20260513-002,FIDELITY,SecurityExtract_ESS_2026May13.csv,TROW,STARMINE_COVERED,COVERED,BULLISH,4.0,True,TEXT_MAPPED
2026-05-13,2026-05-13T15:28:42.825732+00:00,RUN-REAL-ESS-20260513-002,FIDELITY,SecurityExtract_ESS_2026May13.csv,TAL,STARMINE_COVERED,COVERED,VERY_BULLISH,5.0,True,TEXT_MAPPED
2026-05-13,2026-05-13T15:28:42.825732+00:00,RUN-REAL-ESS-20260513-002,FIDELITY,SecurityExtract_ESS_2026May13.csv,TPR,STARMINE_COVERED,COVERED,VERY_BULLISH,5.0,True,TEXT_MAPPED
2026-05-13,2026-05-13T15:28:42.825732+00:00,RUN-REAL-ESS-20260513-002,FIDELITY,SecurityExtract_ESS_2026May13.csv,SNX,STARMINE_COVERED,COVERED,VERY_BULLISH,5.0,True,TEXT_MAPPED
2026-05-13,2026-05-13T15:28:42.825732+00:00,RUN-REAL-ESS-20260513-002,FIDELITY,SecurityExtract_ESS_2026May13.csv,FTI,STARMINE_COVERED,COVERED,VERY_BULLISH,5.0,True,TEXT_MAPPED
2026-05-13,2026-05-13T15:28:42.825732+00:00,RUN-REAL-ESS-20260513-002,FIDELITY,SecurityExtract_ESS_2026May13.csv,TK,STARMINE_COVERED,COVERED,VERY_BULLISH,5.0,True,TEXT_MAPPED
2026-05-13,2026-05-13T15:28:42.825732+00:00,RUN-REAL-ESS-20260513-002,FIDELITY,SecurityExtract_ESS_2026May13.csv,TNK,STARMINE_COVERED,COVERED,VERY_BULLISH,5.0,True,TEXT_MAPPED
2026-05-13,2026-05-13T15:28:42.825732+00:00,RUN-REAL-ESS-20260513-002,FIDELITY,SecurityExtract_ESS_2026May13.csv,ERIC,STARMINE_COVERED,COVERED,BULLISH,4.0,True,TEXT_MAPPED
2026-05-13,2026-05-13T15:28:42.825732+00:00,RUN-REAL-ESS-20260513-002,FIDELITY,SecurityExtract_ESS_2026May13.csv,TENB,STARMINE_COVERED,COVERED,VERY_BULLISH,5.0,True,TEXT_MAPPED
2026-05-13,2026-05-13T15:28:42.825732+00:00,RUN-REAL-ESS-20260513-002,FIDELITY,SecurityExtract_ESS_2026May13.csv,TXN,STARMINE_COVERED,COVERED,VERY_BULLISH,5.0,True,TEXT_MAPPED
2026-05-13,2026-05-13T15:28:42.825732+00:00,RUN-REAL-ESS-20260513-002,FIDELITY,SecurityExtract_ESS_2026May13.csv,ALL,STARMINE_COVERED,COVERED,VERY_BULLISH,5.0,True,TEXT_MAPPED
2026-05-13,2026-05-13T15:28:42.825732+00:00,RUN-REAL-ESS-20260513-002,FIDELITY,SecurityExtract_ESS_2026May13.csv,CI,STARMINE_COVERED,COVERED,VERY_BULLISH,5.0,True,TEXT_MAPPED
2026-05-13,2026-05-13T15:28:42.825732+00:00,RUN-REAL-ESS-20260513-002,FIDELITY,SecurityExtract_ESS_2026May13.csv,RIG,STARMINE_COVERED,COVERED,VERY_BULLISH,5.0,True,TEXT_MAPPED
2026-05-13,2026-05-13T15:28:42.825732+00:00,RUN-REAL-ESS-20260513-002,FIDELITY,SecurityExtract_ESS_2026May13.csv,TRV,STARMINE_COVERED,COVERED,VERY_BULLISH,5.0,True,TEXT_MAPPED
2026-05-13,2026-05-13T15:28:42.825732+00:00,RUN-REAL-ESS-20260513-002,FIDELITY,SecurityExtract_ESS_2026May13.csv,TZOO,STARMINE_COVERED,COVERED,BULLISH,4.0,True,TEXT_MAPPED
2026-05-13,2026-05-13T15:28:42.825732+00:00,RUN-REAL-ESS-20260513-002,FIDELITY,SecurityExtract_ESS_2026May13.csv,TBRG,STARMINE_COVERED,COVERED,VERY_BULLISH,5.0,True,TEXT_MAPPED
2026-05-13,2026-05-13T15:28:42.825732+00:00,RUN-REAL-ESS-20260513-002,FIDELITY,SecurityExtract_ESS_2026May13.csv,TRST,STARMINE_COVERED,COVERED,BULLISH,4.0,True,TEXT_MAPPED
2026-05-13,2026-05-13T15:28:42.825732+00:00,RUN-REAL-ESS-20260513-002,FIDELITY,SecurityExtract_ESS_2026May13.csv,UNP,STARMINE_COVERED,COVERED,BULLISH,4.0,True,TEXT_MAPPED
2026-05-13,2026-05-13T15:28:42.825732+00:00,RUN-REAL-ESS-20260513-002,FIDELITY,SecurityExtract_ESS_2026May13.csv,UFCS,STARMINE_COVERED,COVERED,VERY_BULLISH,5.0,True,TEXT_MAPPED
2026-05-13,2026-05-13T15:28:42.825732+00:00,RUN-REAL-ESS-20260513-002,FIDELITY,SecurityExtract_ESS_2026May13.csv,UTL,STARMINE_COVERED,COVERED,VERY_BULLISH,5.0,True,TEXT_MAPPED
2026-05-13,2026-05-13T15:28:42.825732+00:00,RUN-REAL-ESS-20260513-002,FIDELITY,SecurityExtract_ESS_2026May13.csv,UHS,STARMINE_COVERED,COVERED,VERY_BULLISH,5.0,True,TEXT_MAPPED
2026-05-13,2026-05-13T15:28:42.825732+00:00,RUN-REAL-ESS-20260513-002,FIDELITY,SecurityExtract_ESS_2026May13.csv,USNA,STARMINE_COVERED,COVERED,BULLISH,4.0,True,TEXT_MAPPED
2026-05-13,2026-05-13T15:28:42.825732+00:00,RUN-REAL-ESS-20260513-002,FIDELITY,SecurityExtract_ESS_2026May13.csv,VVX,STARMINE_COVERED,COVERED,VERY_BULLISH,5.0,True,TEXT_MAPPED
2026-05-13,2026-05-13T15:28:42.825732+00:00,RUN-REAL-ESS-20260513-002,FIDELITY,SecurityExtract_ESS_2026May13.csv,VLO,STARMINE_COVERED,COVERED,VERY_BULLISH,5.0,True,TEXT_MAPPED
2026-05-13,2026-05-13T15:28:42.825732+00:00,RUN-REAL-ESS-20260513-002,FIDELITY,SecurityExtract_ESS_2026May13.csv,VMI,STARMINE_COVERED,COVERED,VERY_BULLISH,5.0,True,TEXT_MAPPED
2026-05-13,2026-05-13T15:28:42.825732+00:00,RUN-REAL-ESS-20260513-002,FIDELITY,SecurityExtract_ESS_2026May13.csv,VREX,STARMINE_COVERED,COVERED,VERY_BULLISH,5.0,True,TEXT_MAPPED
2026-05-13,2026-05-13T15:28:42.825732+00:00,RUN-REAL-ESS-20260513-002,FIDELITY,SecurityExtract_ESS_2026May13.csv,VSNT,STARMINE_COVERED,COVERED,VERY_BULLISH,5.0,True,TEXT_MAPPED
2026-05-13,2026-05-13T15:28:42.825732+00:00,RUN-REAL-ESS-20260513-002,FIDELITY,SecurityExtract_ESS_2026May13.csv,VICI,STARMINE_COVERED,COVERED,BULLISH,4.0,True,TEXT_MAPPED
2026-05-13,2026-05-13T15:28:42.825732+00:00,RUN-REAL-ESS-20260513-002,FIDELITY,SecurityExtract_ESS_2026May13.csv,VICR,STARMINE_COVERED,COVERED,VERY_BULLISH,5.0,True,TEXT_MAPPED
2026-05-13,2026-05-13T15:28:42.825732+00:00,RUN-REAL-ESS-20260513-002,FIDELITY,SecurityExtract_ESS_2026May13.csv,VRTS,STARMINE_COVERED,COVERED,VERY_BULLISH,5.0,True,TEXT_MAPPED
2026-05-13,2026-05-13T15:28:42.825732+00:00,RUN-REAL-ESS-20260513-002,FIDELITY,SecurityExtract_ESS_2026May13.csv,VOYA,STARMINE_COVERED,COVERED,VERY_BULLISH,5.0,True,TEXT_MAPPED
2026-05-13,2026-05-13T15:28:42.825732+00:00,RUN-REAL-ESS-20260513-002,FIDELITY,SecurityExtract_ESS_2026May13.csv,WAFD,STARMINE_COVERED,COVERED,VERY_BULLISH,5.0,True,TEXT_MAPPED
2026-05-13,2026-05-13T15:28:42.825732+00:00,RUN-REAL-ESS-20260513-002,FIDELITY,SecurityExtract_ESS_2026May13.csv,WFRD,STARMINE_COVERED,COVERED,VERY_BULLISH,5.0,True,TEXT_MAPPED
2026-05-13,2026-05-13T15:28:42.825732+00:00,RUN-REAL-ESS-20260513-002,FIDELITY,SecurityExtract_ESS_2026May13.csv,WSFS,STARMINE_COVERED,COVERED,VERY_BULLISH,5.0,True,TEXT_MAPPED
2026-05-13,2026-05-13T15:28:42.825732+00:00,RUN-REAL-ESS-20260513-002,FIDELITY,SecurityExtract_ESS_2026May13.csv,YELP,STARMINE_COVERED,COVERED,VERY_BULLISH,5.0,True,TEXT_MAPPED
2026-05-13,2026-05-13T15:28:42.825732+00:00,RUN-REAL-ESS-20260513-002,FIDELITY,SecurityExtract_ESS_2026May13.csv,ZM,STARMINE_COVERED,COVERED,VERY_BULLISH,5.0,True,TEXT_MAPPED
2026-05-13,2026-05-13T15:28:42.825732+00:00,RUN-REAL-ESS-20260513-002,FIDELITY,SecurityExtract_ESS_2026May13.csv,ZWS,STARMINE_COVERED,COVERED,VERY_BULLISH,5.0,True,TEXT_MAPPED
2026-05-13,2026-05-13T15:28:42.825732+00:00,RUN-REAL-ESS-20260513-002,FIDELITY,SecurityExtract_ESS_2026May13.csv,TXG,STARMINE_COVERED,COVERED,BULLISH,4.0,True,TEXT_MAPPED
2026-05-13,2026-05-13T15:28:42.825732+00:00,RUN-REAL-ESS-20260513-002,FIDELITY,SecurityExtract_ESS_2026May13.csv,EGHT,STARMINE_COVERED,COVERED,BULLISH,4.0,True,TEXT_MAPPED
2026-05-13,2026-05-13T15:28:42.825732+00:00,RUN-REAL-ESS-20260513-002,FIDELITY,SecurityExtract_ESS_2026May13.csv,ASO,STARMINE_COVERED,COVERED,BULLISH,4.0,True,TEXT_MAPPED
2026-05-13,2026-05-13T15:28:42.825732+00:00,RUN-REAL-ESS-20260513-002,FIDELITY,SecurityExtract_ESS_2026May13.csv,AKR,STARMINE_COVERED,COVERED,BULLISH,4.0,True,TEXT_MAPPED
2026-05-13,2026-05-13T15:28:42.825732+00:00,RUN-REAL-ESS-20260513-002,FIDELITY,SecurityExtract_ESS_2026May13.csv,AAMI,STARMINE_COVERED,COVERED,BULLISH,4.0,True,TEXT_MAPPED
2026-05-13,2026-05-13T15:28:42.825732+00:00,RUN-REAL-ESS-20260513-002,FIDELITY,SecurityExtract_ESS_2026May13.csv,ACU,STARMINE_COVERED,COVERED,BULLISH,4.0,True,TEXT_MAPPED
2026-05-13,2026-05-13T15:28:42.825732+00:00,RUN-REAL-ESS-20260513-002,FIDELITY,SecurityExtract_ESS_2026May13.csv,ACNB,STARMINE_COVERED,COVERED,BULLISH,4.0,True,TEXT_MAPPED
2026-05-13,2026-05-13T15:28:42.825732+00:00,RUN-REAL-ESS-20260513-002,FIDELITY,SecurityExtract_ESS_2026May13.csv,AHCO,STARMINE_COVERED,COVERED,BULLISH,4.0,True,TEXT_MAPPED
2026-05-13,2026-05-13T15:28:42.825732+00:00,RUN-REAL-ESS-20260513-002,FIDELITY,SecurityExtract_ESS_2026May13.csv,ADEA,STARMINE_COVERED,COVERED,BULLISH,4.0,True,TEXT_MAPPED
2026-05-13,2026-05-13T15:28:42.825732+00:00,RUN-REAL-ESS-20260513-002,FIDELITY,SecurityExtract_ESS_2026May13.csv,ADBE,STARMINE_COVERED,COVERED,BULLISH,4.0,True,TEXT_MAPPED
2026-05-13,2026-05-13T15:28:42.825732+00:00,RUN-REAL-ESS-20260513-002,FIDELITY,SecurityExtract_ESS_2026May13.csv,ADT,STARMINE_COVERED,COVERED,BULLISH,4.0,True,TEXT_MAPPED
2026-05-13,2026-05-13T15:28:42.825732+00:00,RUN-REAL-ESS-20260513-002,FIDELITY,SecurityExtract_ESS_2026May13.csv,AMD,STARMINE_COVERED,COVERED,BULLISH,4.0,True,TEXT_MAPPED
2026-05-13,2026-05-13T15:28:42.825732+00:00,RUN-REAL-ESS-20260513-002,FIDELITY,SecurityExtract_ESS_2026May13.csv,ASIX,STARMINE_COVERED,COVERED,BULLISH,4.0,True,TEXT_MAPPED
2026-05-13,2026-05-13T15:28:42.825732+00:00,RUN-REAL-ESS-20260513-002,FIDELITY,SecurityExtract_ESS_2026May13.csv,AES,STARMINE_COVERED,COVERED,BULLISH,4.0,True,TEXT_MAPPED
2026-05-13,2026-05-13T15:28:42.825732+00:00,RUN-REAL-ESS-20260513-002,FIDELITY,SecurityExtract_ESS_2026May13.csv,AFL,STARMINE_COVERED,COVERED,BULLISH,4.0,True,TEXT_MAPPED
2026-05-13,2026-05-13T15:28:42.825732+00:00,RUN-REAL-ESS-20260513-002,FIDELITY,SecurityExtract_ESS_2026May13.csv,AKBA,STARMINE_COVERED,COVERED,BULLISH,4.0,True,TEXT_MAPPED
2026-05-13,2026-05-13T15:28:42.825732+00:00,RUN-REAL-ESS-20260513-002,FIDELITY,SecurityExtract_ESS_2026May13.csv,AA,STARMINE_COVERED,COVERED,BULLISH,4.0,True,TEXT_MAPPED
2026-05-13,2026-05-13T15:28:42.825732+00:00,RUN-REAL-ESS-20260513-002,FIDELITY,SecurityExtract_ESS_2026May13.csv,ALGN,STARMINE_COVERED,COVERED,BULLISH,4.0,True,TEXT_MAPPED
2026-05-13,2026-05-13T15:28:42.825732+00:00,RUN-REAL-ESS-20260513-002,FIDELITY,SecurityExtract_ESS_2026May13.csv,ALGM,STARMINE_COVERED,COVERED,BULLISH,4.0,True,TEXT_MAPPED
2026-05-13,2026-05-13T15:28:42.825732+00:00,RUN-REAL-ESS-20260513-002,FIDELITY,SecurityExtract_ESS_2026May13.csv,PINE,STARMINE_COVERED,COVERED,BULLISH,4.0,True,TEXT_MAPPED
2026-05-13,2026-05-13T15:28:42.825732+00:00,RUN-REAL-ESS-20260513-002,FIDELITY,SecurityExtract_ESS_2026May13.csv,AMX,STARMINE_COVERED,COVERED,BULLISH,4.0,True,TEXT_MAPPED
2026-05-13,2026-05-13T15:28:42.825732+00:00,RUN-REAL-ESS-20260513-002,FIDELITY,SecurityExtract_ESS_2026May13.csv,AMH,STARMINE_COVERED,COVERED,BULLISH,4.0,True,TEXT_MAPPED
2026-05-13,2026-05-13T15:28:42.825732+00:00,RUN-REAL-ESS-20260513-002,FIDELITY,SecurityExtract_ESS_2026May13.csv,COLD,STARMINE_COVERED,COVERED,BULLISH,4.0,True,TEXT_MAPPED
2026-05-13,2026-05-13T15:28:42.825732+00:00,RUN-REAL-ESS-20260513-002,FIDELITY,SecurityExtract_ESS_2026May13.csv,ABCB,STARMINE_COVERED,COVERED,BULLISH,4.0,True,TEXT_MAPPED
2026-05-13,2026-05-13T15:28:42.825732+00:00,RUN-REAL-ESS-20260513-002,FIDELITY,SecurityExtract_ESS_2026May13.csv,AMPH,STARMINE_COVERED,COVERED,BULLISH,4.0,True,TEXT_MAPPED
2026-05-13,2026-05-13T15:28:42.825732+00:00,RUN-REAL-ESS-20260513-002,FIDELITY,SecurityExtract_ESS_2026May13.csv,ANGI,STARMINE_COVERED,COVERED,BULLISH,4.0,True,TEXT_MAPPED
2026-05-13,2026-05-13T15:28:42.825732+00:00,RUN-REAL-ESS-20260513-002,FIDELITY,SecurityExtract_ESS_2026May13.csv,ANGO,STARMINE_COVERED,COVERED,BULLISH,4.0,True,TEXT_MAPPED
2026-05-13,2026-05-13T15:28:42.825732+00:00,RUN-REAL-ESS-20260513-002,FIDELITY,SecurityExtract_ESS_2026May13.csv,ANIP,STARMINE_COVERED,COVERED,BULLISH,4.0,True,TEXT_MAPPED
2026-05-13,2026-05-13T15:28:42.825732+00:00,RUN-REAL-ESS-20260513-002,FIDELITY,SecurityExtract_ESS_2026May13.csv,ANIK,STARMINE_COVERED,COVERED,BULLISH,4.0,True,TEXT_MAPPED
2026-05-13,2026-05-13T15:28:42.825732+00:00,RUN-REAL-ESS-20260513-002,FIDELITY,SecurityExtract_ESS_2026May13.csv,APO,STARMINE_COVERED,COVERED,BULLISH,4.0,True,TEXT_MAPPED
2026-05-13,2026-05-13T15:28:42.825732+00:00,RUN-REAL-ESS-20260513-002,FIDELITY,SecurityExtract_ESS_2026May13.csv,AIT,STARMINE_COVERED,COVERED,BULLISH,4.0,True,TEXT_MAPPED
2026-05-13,2026-05-13T15:28:42.825732+00:00,RUN-REAL-ESS-20260513-002,FIDELITY,SecurityExtract_ESS_2026May13.csv,ARCB,STARMINE_COVERED,COVERED,BULLISH,4.0,True,TEXT_MAPPED
2026-05-13,2026-05-13T15:28:42.825732+00:00,RUN-REAL-ESS-20260513-002,FIDELITY,SecurityExtract_ESS_2026May13.csv,ARCT,STARMINE_COVERED,COVERED,BULLISH,4.0,True,TEXT_MAPPED
2026-05-13,2026-05-13T15:28:42.825732+00:00,RUN-REAL-ESS-20260513-002,FIDELITY,SecurityExtract_ESS_2026May13.csv,ARWR,STARMINE_COVERED,COVERED,BULLISH,4.0,True,TEXT_MAPPED
2026-05-13,2026-05-13T15:28:42.825732+00:00,RUN-REAL-ESS-20260513-002,FIDELITY,SecurityExtract_ESS_2026May13.csv,ASB,STARMINE_COVERED,COVERED,BULLISH,4.0,True,TEXT_MAPPED
2026-05-13,2026-05-13T15:28:42.825732+00:00,RUN-REAL-ESS-20260513-002,FIDELITY,SecurityExtract_ESS_2026May13.csv,AGO,STARMINE_COVERED,COVERED,BULLISH,4.0,True,TEXT_MAPPED
2026-05-13,2026-05-13T15:28:42.825732+00:00,RUN-REAL-ESS-20260513-002,FIDELITY,SecurityExtract_ESS_2026May13.csv,ATI,STARMINE_COVERED,COVERED,BULLISH,4.0,True,TEXT_MAPPED
2026-05-13,2026-05-13T15:28:42.825732+00:00,RUN-REAL-ESS-20260513-002,FIDELITY,SecurityExtract_ESS_2026May13.csv,AUPH,STARMINE_COVERED,COVERED,BULLISH,4.0,True,TEXT_MAPPED
2026-05-13,2026-05-13T15:28:42.825732+00:00,RUN-REAL-ESS-20260513-002,FIDELITY,SecurityExtract_ESS_2026May13.csv,AVB,STARMINE_COVERED,COVERED,BULLISH,4.0,True,TEXT_MAPPED
2026-05-13,2026-05-13T15:28:42.825732+00:00,RUN-REAL-ESS-20260513-002,FIDELITY,SecurityExtract_ESS_2026May13.csv,AVTR,STARMINE_COVERED,COVERED,BULLISH,4.0,True,TEXT_MAPPED
2026-05-13,2026-05-13T15:28:42.825732+00:00,RUN-REAL-ESS-20260513-002,FIDELITY,SecurityExtract_ESS_2026May13.csv,AX,STARMINE_COVERED,COVERED,BULLISH,4.0,True,TEXT_MAPPED
2026-05-13,2026-05-13T15:28:42.825732+00:00,RUN-REAL-ESS-20260513-002,FIDELITY,SecurityExtract_ESS_2026May13.csv,AZTA,STARMINE_COVERED,COVERED,BULLISH,4.0,True,TEXT_MAPPED
2026-05-13,2026-05-13T15:28:42.825732+00:00,RUN-REAL-ESS-20260513-002,FIDELITY,SecurityExtract_ESS_2026May13.csv,BGS,STARMINE_COVERED,COVERED,BULLISH,4.0,True,TEXT_MAPPED
2026-05-13,2026-05-13T15:28:42.825732+00:00,RUN-REAL-ESS-20260513-002,FIDELITY,SecurityExtract_ESS_2026May13.csv,BBSI,STARMINE_COVERED,COVERED,BULLISH,4.0,True,TEXT_MAPPED
2026-05-13,2026-05-13T15:28:42.825732+00:00,RUN-REAL-ESS-20260513-002,FIDELITY,SecurityExtract_ESS_2026May13.csv,BCML,STARMINE_COVERED,COVERED,BULLISH,4.0,True,TEXT_MAPPED
2026-05-13,2026-05-13T15:28:42.825732+00:00,RUN-REAL-ESS-20260513-002,FIDELITY,SecurityExtract_ESS_2026May13.csv,BHP,STARMINE_COVERED,COVERED,BULLISH,4.0,True,TEXT_MAPPED
2026-05-13,2026-05-13T15:28:42.825732+00:00,RUN-REAL-ESS-20260513-002,FIDELITY,SecurityExtract_ESS_2026May13.csv,BCRX,STARMINE_COVERED,COVERED,BULLISH,4.0,True,TEXT_MAPPED
2026-05-13,2026-05-13T15:28:42.825732+00:00,RUN-REAL-ESS-20260513-002,FIDELITY,SecurityExtract_ESS_2026May13.csv,BMRN,STARMINE_COVERED,COVERED,BULLISH,4.0,True,TEXT_MAPPED
2026-05-13,2026-05-13T15:28:42.825732+00:00,RUN-REAL-ESS-20260513-002,FIDELITY,SecurityExtract_ESS_2026May13.csv,BB,STARMINE_COVERED,COVERED,BULLISH,4.0,True,TEXT_MAPPED
2026-05-13,2026-05-13T15:28:42.825732+00:00,RUN-REAL-ESS-20260513-002,FIDELITY,SecurityExtract_ESS_2026May13.csv,BE,STARMINE_COVERED,COVERED,BULLISH,4.0,True,TEXT_MAPPED
2026-05-13,2026-05-13T15:28:42.825732+00:00,RUN-REAL-ESS-20260513-002,FIDELITY,SecurityExtract_ESS_2026May13.csv,BLBD,STARMINE_COVERED,COVERED,BULLISH,4.0,True,TEXT_MAPPED
2026-05-13,2026-05-13T15:28:42.825732+00:00,RUN-REAL-ESS-20260513-002,FIDELITY,SecurityExtract_ESS_2026May13.csv,BOX,STARMINE_COVERED,COVERED,BULLISH,4.0,True,TEXT_MAPPED
2026-05-13,2026-05-13T15:28:42.825732+00:00,RUN-REAL-ESS-20260513-002,FIDELITY,SecurityExtract_ESS_2026May13.csv,BRC,STARMINE_COVERED,COVERED,BULLISH,4.0,True,TEXT_MAPPED
2026-05-13,2026-05-13T15:28:42.825732+00:00,RUN-REAL-ESS-20260513-002,FIDELITY,SecurityExtract_ESS_2026May13.csv,BMY,STARMINE_COVERED,COVERED,BULLISH,4.0,True,TEXT_MAPPED
2026-05-13,2026-05-13T15:28:42.825732+00:00,RUN-REAL-ESS-20260513-002,FIDELITY,SecurityExtract_ESS_2026May13.csv,BTI,STARMINE_COVERED,COVERED,BULLISH,4.0,True,TEXT_MAPPED
2026-05-13,2026-05-13T15:28:42.825732+00:00,RUN-REAL-ESS-20260513-002,FIDELITY,SecurityExtract_ESS_2026May13.csv,BRX,STARMINE_COVERED,COVERED,BULLISH,4.0,True,TEXT_MAPPED
2026-05-13,2026-05-13T15:28:42.825732+00:00,RUN-REAL-ESS-20260513-002,FIDELITY,SecurityExtract_ESS_2026May13.csv,BG,STARMINE_COVERED,COVERED,BULLISH,4.0,True,TEXT_MAPPED
2026-05-13,2026-05-13T15:28:42.825732+00:00,RUN-REAL-ESS-20260513-002,FIDELITY,SecurityExtract_ESS_2026May13.csv,BY,STARMINE_COVERED,COVERED,BULLISH,4.0,True,TEXT_MAPPED
2026-05-13,2026-05-13T15:28:42.825732+00:00,RUN-REAL-ESS-20260513-002,FIDELITY,SecurityExtract_ESS_2026May13.csv,CABO,STARMINE_COVERED,COVERED,BULLISH,4.0,True,TEXT_MAPPED
2026-05-13,2026-05-13T15:28:42.825732+00:00,RUN-REAL-ESS-20260513-002,FIDELITY,SecurityExtract_ESS_2026May13.csv,CBT,STARMINE_COVERED,COVERED,BULLISH,4.0,True,TEXT_MAPPED
2026-05-13,2026-05-13T15:28:42.825732+00:00,RUN-REAL-ESS-20260513-002,FIDELITY,SecurityExtract_ESS_2026May13.csv,CVGW,STARMINE_COVERED,COVERED,BULLISH,4.0,True,TEXT_MAPPED
2026-05-13,2026-05-13T15:28:42.825732+00:00,RUN-REAL-ESS-20260513-002,FIDELITY,SecurityExtract_ESS_2026May13.csv,CCJ,STARMINE_COVERED,COVERED,BULLISH,4.0,True,TEXT_MAPPED
2026-05-13,2026-05-13T15:28:42.825732+00:00,RUN-REAL-ESS-20260513-002,FIDELITY,SecurityExtract_ESS_2026May13.csv,CBNK,STARMINE_COVERED,COVERED,BULLISH,4.0,True,TEXT_MAPPED
2026-05-13,2026-05-13T15:28:42.825732+00:00,RUN-REAL-ESS-20260513-002,FIDELITY,SecurityExtract_ESS_2026May13.csv,CFFN,STARMINE_COVERED,COVERED,BULLISH,4.0,True,TEXT_MAPPED
2026-05-13,2026-05-13T15:28:42.825732+00:00,RUN-REAL-ESS-20260513-002,FIDELITY,SecurityExtract_ESS_2026May13.csv,CDNA,STARMINE_COVERED,COVERED,BULLISH,4.0,True,TEXT_MAPPED
2026-05-13,2026-05-13T15:28:42.825732+00:00,RUN-REAL-ESS-20260513-002,FIDELITY,SecurityExtract_ESS_2026May13.csv,CSL,STARMINE_COVERED,COVERED,BULLISH,4.0,True,TEXT_MAPPED
2026-05-13,2026-05-13T15:28:42.825732+00:00,RUN-REAL-ESS-20260513-002,FIDELITY,SecurityExtract_ESS_2026May13.csv,CRS,STARMINE_COVERED,COVERED,BULLISH,4.0,True,TEXT_MAPPED
2026-05-13,2026-05-13T15:28:42.825732+00:00,RUN-REAL-ESS-20260513-002,FIDELITY,SecurityExtract_ESS_2026May13.csv,CRI,STARMINE_COVERED,COVERED,BULLISH,4.0,True,TEXT_MAPPED
2026-05-13,2026-05-13T15:28:42.825732+00:00,RUN-REAL-ESS-20260513-002,FIDELITY,SecurityExtract_ESS_2026May13.csv,CASY,STARMINE_COVERED,COVERED,BULLISH,4.0,True,TEXT_MAPPED
2026-05-13,2026-05-13T15:28:42.825732+00:00,RUN-REAL-ESS-20260513-002,FIDELITY,SecurityExtract_ESS_2026May13.csv,CATY,STARMINE_COVERED,COVERED,BULLISH,4.0,True,TEXT_MAPPED
2026-05-13,2026-05-13T15:28:42.825732+00:00,RUN-REAL-ESS-20260513-002,FIDELITY,SecurityExtract_ESS_2026May13.csv,CDW,STARMINE_COVERED,COVERED,BULLISH,4.0,True,TEXT_MAPPED
2026-05-13,2026-05-13T15:28:42.825732+00:00,RUN-REAL-ESS-20260513-002,FIDELITY,SecurityExtract_ESS_2026May13.csv,CECO,STARMINE_COVERED,COVERED,BULLISH,4.0,True,TEXT_MAPPED
2026-05-13,2026-05-13T15:28:42.825732+00:00,RUN-REAL-ESS-20260513-002,FIDELITY,SecurityExtract_ESS_2026May13.csv,CE,STARMINE_COVERED,COVERED,BULLISH,4.0,True,TEXT_MAPPED
2026-05-13,2026-05-13T15:28:42.825732+00:00,RUN-REAL-ESS-20260513-002,FIDELITY,SecurityExtract_ESS_2026May13.csv,CX,STARMINE_COVERED,COVERED,BULLISH,4.0,True,TEXT_MAPPED
2026-05-13,2026-05-13T15:28:42.825732+00:00,RUN-REAL-ESS-20260513-002,FIDELITY,SecurityExtract_ESS_2026May13.csv,COR,STARMINE_COVERED,COVERED,BULLISH,4.0,True,TEXT_MAPPED
2026-05-13,2026-05-13T15:28:42.825732+00:00,RUN-REAL-ESS-20260513-002,FIDELITY,SecurityExtract_ESS_2026May13.csv,CENTA,STARMINE_COVERED,COVERED,BULLISH,4.0,True,TEXT_MAPPED
2026-05-13,2026-05-13T15:28:42.825732+00:00,RUN-REAL-ESS-20260513-002,FIDELITY,SecurityExtract_ESS_2026May13.csv,CERS,STARMINE_COVERED,COVERED,BULLISH,4.0,True,TEXT_MAPPED
2026-05-13,2026-05-13T15:28:42.825732+00:00,RUN-REAL-ESS-20260513-002,FIDELITY,SecurityExtract_ESS_2026May13.csv,GIB,STARMINE_COVERED,COVERED,BULLISH,4.0,True,TEXT_MAPPED
2026-05-13,2026-05-13T15:28:42.825732+00:00,RUN-REAL-ESS-20260513-002,FIDELITY,SecurityExtract_ESS_2026May13.csv,CHGG,STARMINE_COVERED,COVERED,BULLISH,4.0,True,TEXT_MAPPED
2026-05-13,2026-05-13T15:28:42.825732+00:00,RUN-REAL-ESS-20260513-002,FIDELITY,SecurityExtract_ESS_2026May13.csv,CC,STARMINE_COVERED,COVERED,BULLISH,4.0,True,TEXT_MAPPED
2026-05-13,2026-05-13T15:28:42.825732+00:00,RUN-REAL-ESS-20260513-002,FIDELITY,SecurityExtract_ESS_2026May13.csv,CQP,STARMINE_COVERED,COVERED,BULLISH,4.0,True,TEXT_MAPPED
2026-05-13,2026-05-13T15:28:42.825732+00:00,RUN-REAL-ESS-20260513-002,FIDELITY,SecurityExtract_ESS_2026May13.csv,CHWY,STARMINE_COVERED,COVERED,BULLISH,4.0,True,TEXT_MAPPED
2026-05-13,2026-05-13T15:28:42.825732+00:00,RUN-REAL-ESS-20260513-002,FIDELITY,SecurityExtract_ESS_2026May13.csv,CIM,STARMINE_COVERED,COVERED,BULLISH,4.0,True,TEXT_MAPPED
2026-05-13,2026-05-13T15:28:42.825732+00:00,RUN-REAL-ESS-20260513-002,FIDELITY,SecurityExtract_ESS_2026May13.csv,COFS,STARMINE_COVERED,COVERED,BULLISH,4.0,True,TEXT_MAPPED
2026-05-13,2026-05-13T15:28:42.825732+00:00,RUN-REAL-ESS-20260513-002,FIDELITY,SecurityExtract_ESS_2026May13.csv,CHDN,STARMINE_COVERED,COVERED,BULLISH,4.0,True,TEXT_MAPPED
2026-05-13,2026-05-13T15:28:42.825732+00:00,RUN-REAL-ESS-20260513-002,FIDELITY,SecurityExtract_ESS_2026May13.csv,CINF,STARMINE_COVERED,COVERED,BULLISH,4.0,True,TEXT_MAPPED
2026-05-13,2026-05-13T15:28:42.825732+00:00,RUN-REAL-ESS-20260513-002,FIDELITY,SecurityExtract_ESS_2026May13.csv,CSCO,STARMINE_COVERED,COVERED,BULLISH,4.0,True,TEXT_MAPPED
2026-05-13,2026-05-13T15:28:42.825732+00:00,RUN-REAL-ESS-20260513-002,FIDELITY,SecurityExtract_ESS_2026May13.csv,CZFS,STARMINE_COVERED,COVERED,BULLISH,4.0,True,TEXT_MAPPED
2026-05-13,2026-05-13T15:28:42.825732+00:00,RUN-REAL-ESS-20260513-002,FIDELITY,SecurityExtract_ESS_2026May13.csv,CIVB,STARMINE_COVERED,COVERED,BULLISH,4.0,True,TEXT_MAPPED
2026-05-13,2026-05-13T15:28:42.825732+00:00,RUN-REAL-ESS-20260513-002,FIDELITY,SecurityExtract_ESS_2026May13.csv,CLAR,STARMINE_COVERED,COVERED,BULLISH,4.0,True,TEXT_MAPPED
2026-05-13,2026-05-13T15:28:42.825732+00:00,RUN-REAL-ESS-20260513-002,FIDELITY,SecurityExtract_ESS_2026May13.csv,CLH,STARMINE_COVERED,COVERED,BULLISH,4.0,True,TEXT_MAPPED
2026-05-13,2026-05-13T15:28:42.825732+00:00,RUN-REAL-ESS-20260513-002,FIDELITY,SecurityExtract_ESS_2026May13.csv,CMS,STARMINE_COVERED,COVERED,BULLISH,4.0,True,TEXT_MAPPED
2026-05-13,2026-05-13T15:28:42.825732+00:00,RUN-REAL-ESS-20260513-002,FIDELITY,SecurityExtract_ESS_2026May13.csv,CNX,STARMINE_COVERED,COVERED,BULLISH,4.0,True,TEXT_MAPPED
2026-05-13,2026-05-13T15:28:42.825732+00:00,RUN-REAL-ESS-20260513-002,FIDELITY,SecurityExtract_ESS_2026May13.csv,COKE,STARMINE_COVERED,COVERED,BULLISH,4.0,True,TEXT_MAPPED
2026-05-13,2026-05-13T15:28:42.825732+00:00,RUN-REAL-ESS-20260513-002,FIDELITY,SecurityExtract_ESS_2026May13.csv,KO,STARMINE_COVERED,COVERED,BULLISH,4.0,True,TEXT_MAPPED
2026-05-13,2026-05-13T15:28:42.825732+00:00,RUN-REAL-ESS-20260513-002,FIDELITY,SecurityExtract_ESS_2026May13.csv,CGNX,STARMINE_COVERED,COVERED,BULLISH,4.0,True,TEXT_MAPPED
2026-05-13,2026-05-13T15:28:42.825732+00:00,RUN-REAL-ESS-20260513-002,FIDELITY,SecurityExtract_ESS_2026May13.csv,CHRS,STARMINE_COVERED,COVERED,BULLISH,4.0,True,TEXT_MAPPED
2026-05-13,2026-05-13T15:28:42.825732+00:00,RUN-REAL-ESS-20260513-002,FIDELITY,SecurityExtract_ESS_2026May13.csv,COLL,STARMINE_COVERED,COVERED,BULLISH,4.0,True,TEXT_MAPPED
2026-05-13,2026-05-13T15:28:42.825732+00:00,RUN-REAL-ESS-20260513-002,FIDELITY,SecurityExtract_ESS_2026May13.csv,CBAN,STARMINE_COVERED,COVERED,BULLISH,4.0,True,TEXT_MAPPED
2026-05-13,2026-05-13T15:28:42.825732+00:00,RUN-REAL-ESS-20260513-002,FIDELITY,SecurityExtract_ESS_2026May13.csv,COLM,STARMINE_COVERED,COVERED,BULLISH,4.0,True,TEXT_MAPPED
2026-05-13,2026-05-13T15:28:42.825732+00:00,RUN-REAL-ESS-20260513-002,FIDELITY,SecurityExtract_ESS_2026May13.csv,CVGI,STARMINE_COVERED,COVERED,BULLISH,4.0,True,TEXT_MAPPED
2026-05-13,2026-05-13T15:28:42.825732+00:00,RUN-REAL-ESS-20260513-002,FIDELITY,SecurityExtract_ESS_2026May13.csv,CGEN,STARMINE_COVERED,COVERED,BULLISH,4.0,True,TEXT_MAPPED
2026-05-13,2026-05-13T15:28:42.825732+00:00,RUN-REAL-ESS-20260513-002,FIDELITY,SecurityExtract_ESS_2026May13.csv,CIX,STARMINE_COVERED,COVERED,BULLISH,4.0,True,TEXT_MAPPED
2026-05-13,2026-05-13T15:28:42.825732+00:00,RUN-REAL-ESS-20260513-002,FIDELITY,SecurityExtract_ESS_2026May13.csv,CRK,STARMINE_COVERED,COVERED,BULLISH,4.0,True,TEXT_MAPPED
2026-05-13,2026-05-13T15:28:42.825732+00:00,RUN-REAL-ESS-20260513-002,FIDELITY,SecurityExtract_ESS_2026May13.csv,CNDT,STARMINE_COVERED,COVERED,BULLISH,4.0,True,TEXT_MAPPED
2026-05-13,2026-05-13T15:28:42.825732+00:00,RUN-REAL-ESS-20260513-002,FIDELITY,SecurityExtract_ESS_2026May13.csv,CNMD,STARMINE_COVERED,COVERED,BULLISH,4.0,True,TEXT_MAPPED
2026-05-13,2026-05-13T15:28:42.825732+00:00,RUN-REAL-ESS-20260513-002,FIDELITY,SecurityExtract_ESS_2026May13.csv,COP,STARMINE_COVERED,COVERED,BULLISH,4.0,True,TEXT_MAPPED
2026-05-13,2026-05-13T15:28:42.825732+00:00,RUN-REAL-ESS-20260513-002,FIDELITY,SecurityExtract_ESS_2026May13.csv,CNM,STARMINE_COVERED,COVERED,BULLISH,4.0,True,TEXT_MAPPED
2026-05-13,2026-05-13T15:28:42.825732+00:00,RUN-REAL-ESS-20260513-002,FIDELITY,SecurityExtract_ESS_2026May13.csv,CRSR,STARMINE_COVERED,COVERED,BULLISH,4.0,True,TEXT_MAPPED
2026-05-13,2026-05-13T15:28:42.825732+00:00,RUN-REAL-ESS-20260513-002,FIDELITY,SecurityExtract_ESS_2026May13.csv,CTVA,STARMINE_COVERED,COVERED,BULLISH,4.0,True,TEXT_MAPPED
2026-05-13,2026-05-13T15:28:42.825732+00:00,RUN-REAL-ESS-20260513-002,FIDELITY,SecurityExtract_ESS_2026May13.csv,CRVL,STARMINE_COVERED,COVERED,BULLISH,4.0,True,TEXT_MAPPED
2026-05-13,2026-05-13T15:28:42.825732+00:00,RUN-REAL-ESS-20260513-002,FIDELITY,SecurityExtract_ESS_2026May13.csv,CMRE,STARMINE_COVERED,COVERED,BULLISH,4.0,True,TEXT_MAPPED
2026-05-13,2026-05-13T15:28:42.825732+00:00,RUN-REAL-ESS-20260513-002,FIDELITY,SecurityExtract_ESS_2026May13.csv,CUZ,STARMINE_COVERED,COVERED,BULLISH,4.0,True,TEXT_MAPPED
2026-05-13,2026-05-13T15:28:42.825732+00:00,RUN-REAL-ESS-20260513-002,FIDELITY,SecurityExtract_ESS_2026May13.csv,CVLG,STARMINE_COVERED,COVERED,BULLISH,4.0,True,TEXT_MAPPED
2026-05-13,2026-05-13T15:28:42.825732+00:00,RUN-REAL-ESS-20260513-002,FIDELITY,SecurityExtract_ESS_2026May13.csv,PMTS,STARMINE_COVERED,COVERED,BULLISH,4.0,True,TEXT_MAPPED
2026-05-13,2026-05-13T15:28:42.825732+00:00,RUN-REAL-ESS-20260513-002,FIDELITY,SecurityExtract_ESS_2026May13.csv,CRAI,STARMINE_COVERED,COVERED,BULLISH,4.0,True,TEXT_MAPPED
2026-05-13,2026-05-13T15:28:42.825732+00:00,RUN-REAL-ESS-20260513-002,FIDELITY,SecurityExtract_ESS_2026May13.csv,CSGS,STARMINE_COVERED,COVERED,BULLISH,4.0,True,TEXT_MAPPED
2026-05-13,2026-05-13T15:28:42.825732+00:00,RUN-REAL-ESS-20260513-002,FIDELITY,SecurityExtract_ESS_2026May13.csv,CUBE,STARMINE_COVERED,COVERED,BULLISH,4.0,True,TEXT_MAPPED
2026-05-13,2026-05-13T15:28:42.825732+00:00,RUN-REAL-ESS-20260513-002,FIDELITY,SecurityExtract_ESS_2026May13.csv,CMI,STARMINE_COVERED,COVERED,BULLISH,4.0,True,TEXT_MAPPED
2026-05-13,2026-05-13T15:28:42.825732+00:00,RUN-REAL-ESS-20260513-002,FIDELITY,SecurityExtract_ESS_2026May13.csv,CW,STARMINE_COVERED,COVERED,BULLISH,4.0,True,TEXT_MAPPED
2026-05-13,2026-05-13T15:28:42.825732+00:00,RUN-REAL-ESS-20260513-002,FIDELITY,SecurityExtract_ESS_2026May13.csv,CWK,STARMINE_COVERED,COVERED,BULLISH,4.0,True,TEXT_MAPPED
2026-05-13,2026-05-13T15:28:42.825732+00:00,RUN-REAL-ESS-20260513-002,FIDELITY,SecurityExtract_ESS_2026May13.csv,DK,STARMINE_COVERED,COVERED,BULLISH,4.0,True,TEXT_MAPPED
2026-05-13,2026-05-13T15:28:42.825732+00:00,RUN-REAL-ESS-20260513-002,FIDELITY,SecurityExtract_ESS_2026May13.csv,DAL,STARMINE_COVERED,COVERED,BULLISH,4.0,True,TEXT_MAPPED
2026-05-13,2026-05-13T15:28:42.825732+00:00,RUN-REAL-ESS-20260513-002,FIDELITY,SecurityExtract_ESS_2026May13.csv,DLX,STARMINE_COVERED,COVERED,BULLISH,4.0,True,TEXT_MAPPED
2026-05-13,2026-05-13T15:28:42.825732+00:00,RUN-REAL-ESS-20260513-002,FIDELITY,SecurityExtract_ESS_2026May13.csv,DBI,STARMINE_COVERED,COVERED,BULLISH,4.0,True,TEXT_MAPPED
2026-05-13,2026-05-13T15:28:42.825732+00:00,RUN-REAL-ESS-20260513-002,FIDELITY,SecurityExtract_ESS_2026May13.csv,FANG,STARMINE_COVERED,COVERED,BULLISH,4.0,True,TEXT_MAPPED
2026-05-13,2026-05-13T15:28:42.825732+00:00,RUN-REAL-ESS-20260513-002,FIDELITY,SecurityExtract_ESS_2026May13.csv,DRH,STARMINE_COVERED,COVERED,BULLISH,4.0,True,TEXT_MAPPED
2026-05-13,2026-05-13T15:28:42.825732+00:00,RUN-REAL-ESS-20260513-002,FIDELITY,SecurityExtract_ESS_2026May13.csv,DLR,STARMINE_COVERED,COVERED,BULLISH,4.0,True,TEXT_MAPPED
2026-05-13,2026-05-13T15:28:42.825732+00:00,RUN-REAL-ESS-20260513-002,FIDELITY,SecurityExtract_ESS_2026May13.csv,DOCN,STARMINE_COVERED,COVERED,BULLISH,4.0,True,TEXT_MAPPED
2026-05-13,2026-05-13T15:28:42.825732+00:00,RUN-REAL-ESS-20260513-002,FIDELITY,SecurityExtract_ESS_2026May13.csv,DIOD,STARMINE_COVERED,COVERED,BULLISH,4.0,True,TEXT_MAPPED
2026-05-13,2026-05-13T15:28:42.825732+00:00,RUN-REAL-ESS-20260513-002,FIDELITY,SecurityExtract_ESS_2026May13.csv,DHC,STARMINE_COVERED,COVERED,BULLISH,4.0,True,TEXT_MAPPED
2026-05-13,2026-05-13T15:28:42.825732+00:00,RUN-REAL-ESS-20260513-002,FIDELITY,SecurityExtract_ESS_2026May13.csv,DOMO,STARMINE_COVERED,COVERED,BULLISH,4.0,True,TEXT_MAPPED
2026-05-13,2026-05-13T15:28:42.825732+00:00,RUN-REAL-ESS-20260513-002,FIDELITY,SecurityExtract_ESS_2026May13.csv,DGICA,STARMINE_COVERED,COVERED,BULLISH,4.0,True,TEXT_MAPPED
2026-05-13,2026-05-13T15:28:42.825732+00:00,RUN-REAL-ESS-20260513-002,FIDELITY,SecurityExtract_ESS_2026May13.csv,PLOW,STARMINE_COVERED,COVERED,BULLISH,4.0,True,TEXT_MAPPED
2026-05-13,2026-05-13T15:28:42.825732+00:00,RUN-REAL-ESS-20260513-002,FIDELITY,SecurityExtract_ESS_2026May13.csv,DOV,STARMINE_COVERED,COVERED,BULLISH,4.0,True,TEXT_MAPPED
2026-05-13,2026-05-13T15:28:42.825732+00:00,RUN-REAL-ESS-20260513-002,FIDELITY,SecurityExtract_ESS_2026May13.csv,RDY,STARMINE_COVERED,COVERED,BULLISH,4.0,True,TEXT_MAPPED
2026-05-13,2026-05-13T15:28:42.825732+00:00,RUN-REAL-ESS-20260513-002,FIDELITY,SecurityExtract_ESS_2026May13.csv,DLTH,STARMINE_COVERED,COVERED,BULLISH,4.0,True,TEXT_MAPPED
2026-05-13,2026-05-13T15:28:42.825732+00:00,RUN-REAL-ESS-20260513-002,FIDELITY,SecurityExtract_ESS_2026May13.csv,EWBC,STARMINE_COVERED,COVERED,BULLISH,4.0,True,TEXT_MAPPED
2026-05-13,2026-05-13T15:28:42.825732+00:00,RUN-REAL-ESS-20260513-002,FIDELITY,SecurityExtract_ESS_2026May13.csv,EML,STARMINE_COVERED,COVERED,BULLISH,4.0,True,TEXT_MAPPED
2026-05-13,2026-05-13T15:28:42.825732+00:00,RUN-REAL-ESS-20260513-002,FIDELITY,SecurityExtract_ESS_2026May13.csv,EGP,STARMINE_COVERED,COVERED,BULLISH,4.0,True,TEXT_MAPPED
2026-05-13,2026-05-13T15:28:42.825732+00:00,RUN-REAL-ESS-20260513-002,FIDELITY,SecurityExtract_ESS_2026May13.csv,ETN,STARMINE_COVERED,COVERED,BULLISH,4.0,True,TEXT_MAPPED
2026-05-13,2026-05-13T15:28:42.825732+00:00,RUN-REAL-ESS-20260513-002,FIDELITY,SecurityExtract_ESS_2026May13.csv,ECVT,STARMINE_COVERED,COVERED,BULLISH,4.0,True,TEXT_MAPPED
2026-05-13,2026-05-13T15:28:42.825732+00:00,RUN-REAL-ESS-20260513-002,FIDELITY,SecurityExtract_ESS_2026May13.csv,EIX,STARMINE_COVERED,COVERED,BULLISH,4.0,True,TEXT_MAPPED
2026-05-13,2026-05-13T15:28:42.825732+00:00,RUN-REAL-ESS-20260513-002,FIDELITY,SecurityExtract_ESS_2026May13.csv,EBS,STARMINE_COVERED,COVERED,BULLISH,4.0,True,TEXT_MAPPED
2026-05-13,2026-05-13T15:28:42.825732+00:00,RUN-REAL-ESS-20260513-002,FIDELITY,SecurityExtract_ESS_2026May13.csv,ACT,STARMINE_COVERED,COVERED,BULLISH,4.0,True,TEXT_MAPPED
2026-05-13,2026-05-13T15:28:42.825732+00:00,RUN-REAL-ESS-20260513-002,FIDELITY,SecurityExtract_ESS_2026May13.csv,ENB,STARMINE_COVERED,COVERED,BULLISH,4.0,True,TEXT_MAPPED
2026-05-13,2026-05-13T15:28:42.825732+00:00,RUN-REAL-ESS-20260513-002,FIDELITY,SecurityExtract_ESS_2026May13.csv,EHC,STARMINE_COVERED,COVERED,BULLISH,4.0,True,TEXT_MAPPED
2026-05-13,2026-05-13T15:28:42.825732+00:00,RUN-REAL-ESS-20260513-002,FIDELITY,SecurityExtract_ESS_2026May13.csv,ET,STARMINE_COVERED,COVERED,BULLISH,4.0,True,TEXT_MAPPED
2026-05-13,2026-05-13T15:28:42.825732+00:00,RUN-REAL-ESS-20260513-002,FIDELITY,SecurityExtract_ESS_2026May13.csv,EBF,STARMINE_COVERED,COVERED,BULLISH,4.0,True,TEXT_MAPPED
2026-05-13,2026-05-13T15:28:42.825732+00:00,RUN-REAL-ESS-20260513-002,FIDELITY,SecurityExtract_ESS_2026May13.csv,ENVA,STARMINE_COVERED,COVERED,BULLISH,4.0,True,TEXT_MAPPED
2026-05-13,2026-05-13T15:28:42.825732+00:00,RUN-REAL-ESS-20260513-002,FIDELITY,SecurityExtract_ESS_2026May13.csv,ENOV,STARMINE_COVERED,COVERED,BULLISH,4.0,True,TEXT_MAPPED
2026-05-13,2026-05-13T15:28:42.825732+00:00,RUN-REAL-ESS-20260513-002,FIDELITY,SecurityExtract_ESS_2026May13.csv,PLUS,STARMINE_COVERED,COVERED,BULLISH,4.0,True,TEXT_MAPPED
2026-05-13,2026-05-13T15:28:42.825732+00:00,RUN-REAL-ESS-20260513-002,FIDELITY,SecurityExtract_ESS_2026May13.csv,EPR,STARMINE_COVERED,COVERED,BULLISH,4.0,True,TEXT_MAPPED
2026-05-13,2026-05-13T15:28:42.825732+00:00,RUN-REAL-ESS-20260513-002,FIDELITY,SecurityExtract_ESS_2026May13.csv,EQR,STARMINE_COVERED,COVERED,BULLISH,4.0,True,TEXT_MAPPED
2026-05-13,2026-05-13T15:28:42.825732+00:00,RUN-REAL-ESS-20260513-002,FIDELITY,SecurityExtract_ESS_2026May13.csv,ESCA,STARMINE_COVERED,COVERED,BULLISH,4.0,True,TEXT_MAPPED
2026-05-13,2026-05-13T15:28:42.825732+00:00,RUN-REAL-ESS-20260513-002,FIDELITY,SecurityExtract_ESS_2026May13.csv,ESNT,STARMINE_COVERED,COVERED,BULLISH,4.0,True,TEXT_MAPPED
2026-05-13,2026-05-13T15:28:42.825732+00:00,RUN-REAL-ESS-20260513-002,FIDELITY,SecurityExtract_ESS_2026May13.csv,EEFT,STARMINE_COVERED,COVERED,BULLISH,4.0,True,TEXT_MAPPED
2026-05-13,2026-05-13T15:28:42.825732+00:00,RUN-REAL-ESS-20260513-002,FIDELITY,SecurityExtract_ESS_2026May13.csv,EVR,STARMINE_COVERED,COVERED,BULLISH,4.0,True,TEXT_MAPPED
2026-05-13,2026-05-13T15:28:42.825732+00:00,RUN-REAL-ESS-20260513-002,FIDELITY,SecurityExtract_ESS_2026May13.csv,ES,STARMINE_COVERED,COVERED,BULLISH,4.0,True,TEXT_MAPPED
2026-05-13,2026-05-13T15:28:42.825732+00:00,RUN-REAL-ESS-20260513-002,FIDELITY,SecurityExtract_ESS_2026May13.csv,EPM,STARMINE_COVERED,COVERED,BULLISH,4.0,True,TEXT_MAPPED
2026-05-13,2026-05-13T15:28:42.825732+00:00,RUN-REAL-ESS-20260513-002,FIDELITY,SecurityExtract_ESS_2026May13.csv,EXC,STARMINE_COVERED,COVERED,BULLISH,4.0,True,TEXT_MAPPED
2026-05-13,2026-05-13T15:28:42.825732+00:00,RUN-REAL-ESS-20260513-002,FIDELITY,SecurityExtract_ESS_2026May13.csv,EXE,STARMINE_COVERED,COVERED,BULLISH,4.0,True,TEXT_MAPPED
2026-05-13,2026-05-13T15:28:42.825732+00:00,RUN-REAL-ESS-20260513-002,FIDELITY,SecurityExtract_ESS_2026May13.csv,EXR,STARMINE_COVERED,COVERED,BULLISH,4.0,True,TEXT_MAPPED
2026-05-13,2026-05-13T15:28:42.825732+00:00,RUN-REAL-ESS-20260513-002,FIDELITY,SecurityExtract_ESS_2026May13.csv,XOM,STARMINE_COVERED,COVERED,BULLISH,4.0,True,TEXT_MAPPED
2026-05-13,2026-05-13T15:28:42.825732+00:00,RUN-REAL-ESS-20260513-002,FIDELITY,SecurityExtract_ESS_2026May13.csv,FSLY,STARMINE_COVERED,COVERED,BULLISH,4.0,True,TEXT_MAPPED
2026-05-13,2026-05-13T15:28:42.825732+00:00,RUN-REAL-ESS-20260513-002,FIDELITY,SecurityExtract_ESS_2026May13.csv,FHI,STARMINE_COVERED,COVERED,BULLISH,4.0,True,TEXT_MAPPED
2026-05-13,2026-05-13T15:28:42.825732+00:00,RUN-REAL-ESS-20260513-002,FIDELITY,SecurityExtract_ESS_2026May13.csv,FDX,STARMINE_COVERED,COVERED,BULLISH,4.0,True,TEXT_MAPPED
2026-05-13,2026-05-13T15:28:42.825732+00:00,RUN-REAL-ESS-20260513-002,FIDELITY,SecurityExtract_ESS_2026May13.csv,FE,STARMINE_COVERED,COVERED,BULLISH,4.0,True,TEXT_MAPPED
2026-05-13,2026-05-13T15:28:42.825732+00:00,RUN-REAL-ESS-20260513-002,FIDELITY,SecurityExtract_ESS_2026May13.csv,FIVE,STARMINE_COVERED,COVERED,BULLISH,4.0,True,TEXT_MAPPED
2026-05-13,2026-05-13T15:28:42.825732+00:00,RUN-REAL-ESS-20260513-002,FIDELITY,SecurityExtract_ESS_2026May13.csv,FELE,STARMINE_COVERED,COVERED,BULLISH,4.0,True,TEXT_MAPPED
2026-05-13,2026-05-13T15:28:42.825732+00:00,RUN-REAL-ESS-20260513-002,FIDELITY,SecurityExtract_ESS_2026May13.csv,FMS,STARMINE_COVERED,COVERED,BULLISH,4.0,True,TEXT_MAPPED
2026-05-13,2026-05-13T15:28:42.825732+00:00,RUN-REAL-ESS-20260513-002,FIDELITY,SecurityExtract_ESS_2026May13.csv,FSBW,STARMINE_COVERED,COVERED,BULLISH,4.0,True,TEXT_MAPPED
2026-05-13,2026-05-13T15:28:42.825732+00:00,RUN-REAL-ESS-20260513-002,FIDELITY,SecurityExtract_ESS_2026May13.csv,FUBO,STARMINE_COVERED,COVERED,BULLISH,4.0,True,TEXT_MAPPED
2026-05-13,2026-05-13T15:28:42.825732+00:00,RUN-REAL-ESS-20260513-002,FIDELITY,SecurityExtract_ESS_2026May13.csv,FULT,STARMINE_COVERED,COVERED,BULLISH,4.0,True,TEXT_MAPPED
2026-05-13,2026-05-13T15:28:42.825732+00:00,RUN-REAL-ESS-20260513-002,FIDELITY,SecurityExtract_ESS_2026May13.csv,GLPI,STARMINE_COVERED,COVERED,BULLISH,4.0,True,TEXT_MAPPED
2026-05-13,2026-05-13T15:28:42.825732+00:00,RUN-REAL-ESS-20260513-002,FIDELITY,SecurityExtract_ESS_2026May13.csv,GEV,STARMINE_COVERED,COVERED,BULLISH,4.0,True,TEXT_MAPPED
2026-05-13,2026-05-13T15:28:42.825732+00:00,RUN-REAL-ESS-20260513-002,FIDELITY,SecurityExtract_ESS_2026May13.csv,GNRC,STARMINE_COVERED,COVERED,BULLISH,4.0,True,TEXT_MAPPED
2026-05-13,2026-05-13T15:28:42.825732+00:00,RUN-REAL-ESS-20260513-002,FIDELITY,SecurityExtract_ESS_2026May13.csv,GCO,STARMINE_COVERED,COVERED,BULLISH,4.0,True,TEXT_MAPPED
2026-05-13,2026-05-13T15:28:42.825732+00:00,RUN-REAL-ESS-20260513-002,FIDELITY,SecurityExtract_ESS_2026May13.csv,GILD,STARMINE_COVERED,COVERED,BULLISH,4.0,True,TEXT_MAPPED
2026-05-13,2026-05-13T15:28:42.825732+00:00,RUN-REAL-ESS-20260513-002,FIDELITY,SecurityExtract_ESS_2026May13.csv,LAND,STARMINE_COVERED,COVERED,BULLISH,4.0,True,TEXT_MAPPED
2026-05-13,2026-05-13T15:28:42.825732+00:00,RUN-REAL-ESS-20260513-002,FIDELITY,SecurityExtract_ESS_2026May13.csv,GFS,STARMINE_COVERED,COVERED,BULLISH,4.0,True,TEXT_MAPPED
2026-05-13,2026-05-13T15:28:42.825732+00:00,RUN-REAL-ESS-20260513-002,FIDELITY,SecurityExtract_ESS_2026May13.csv,GORO,STARMINE_COVERED,COVERED,BULLISH,4.0,True,TEXT_MAPPED
2026-05-13,2026-05-13T15:28:42.825732+00:00,RUN-REAL-ESS-20260513-002,FIDELITY,SecurityExtract_ESS_2026May13.csv,GHM,STARMINE_COVERED,COVERED,BULLISH,4.0,True,TEXT_MAPPED
2026-05-13,2026-05-13T15:28:42.825732+00:00,RUN-REAL-ESS-20260513-002,FIDELITY,SecurityExtract_ESS_2026May13.csv,GWW,STARMINE_COVERED,COVERED,BULLISH,4.0,True,TEXT_MAPPED
2026-05-13,2026-05-13T15:28:42.825732+00:00,RUN-REAL-ESS-20260513-002,FIDELITY,SecurityExtract_ESS_2026May13.csv,GSBC,STARMINE_COVERED,COVERED,BULLISH,4.0,True,TEXT_MAPPED
2026-05-13,2026-05-13T15:28:42.825732+00:00,RUN-REAL-ESS-20260513-002,FIDELITY,SecurityExtract_ESS_2026May13.csv,GPRE,STARMINE_COVERED,COVERED,BULLISH,4.0,True,TEXT_MAPPED
2026-05-13,2026-05-13T15:28:42.825732+00:00,RUN-REAL-ESS-20260513-002,FIDELITY,SecurityExtract_ESS_2026May13.csv,GFF,STARMINE_COVERED,COVERED,BULLISH,4.0,True,TEXT_MAPPED
2026-05-13,2026-05-13T15:28:42.825732+00:00,RUN-REAL-ESS-20260513-002,FIDELITY,SecurityExtract_ESS_2026May13.csv,GSK,STARMINE_COVERED,COVERED,BULLISH,4.0,True,TEXT_MAPPED
2026-05-13,2026-05-13T15:28:42.825732+00:00,RUN-REAL-ESS-20260513-002,FIDELITY,SecurityExtract_ESS_2026May13.csv,HTHT,STARMINE_COVERED,COVERED,BULLISH,4.0,True,TEXT_MAPPED
2026-05-13,2026-05-13T15:28:42.825732+00:00,RUN-REAL-ESS-20260513-002,FIDELITY,SecurityExtract_ESS_2026May13.csv,HRB,STARMINE_COVERED,COVERED,BULLISH,4.0,True,TEXT_MAPPED
2026-05-13,2026-05-13T15:28:42.825732+00:00,RUN-REAL-ESS-20260513-002,FIDELITY,SecurityExtract_ESS_2026May13.csv,HAL,STARMINE_COVERED,COVERED,BULLISH,4.0,True,TEXT_MAPPED
2026-05-13,2026-05-13T15:28:42.825732+00:00,RUN-REAL-ESS-20260513-002,FIDELITY,SecurityExtract_ESS_2026May13.csv,HALO,STARMINE_COVERED,COVERED,BULLISH,4.0,True,TEXT_MAPPED
2026-05-13,2026-05-13T15:28:42.825732+00:00,RUN-REAL-ESS-20260513-002,FIDELITY,SecurityExtract_ESS_2026May13.csv,HLNE,STARMINE_COVERED,COVERED,BULLISH,4.0,True,TEXT_MAPPED
2026-05-13,2026-05-13T15:28:42.825732+00:00,RUN-REAL-ESS-20260513-002,FIDELITY,SecurityExtract_ESS_2026May13.csv,HRMY,STARMINE_COVERED,COVERED,BULLISH,4.0,True,TEXT_MAPPED
2026-05-13,2026-05-13T15:28:42.825732+00:00,RUN-REAL-ESS-20260513-002,FIDELITY,SecurityExtract_ESS_2026May13.csv,HIG,STARMINE_COVERED,COVERED,BULLISH,4.0,True,TEXT_MAPPED
2026-05-13,2026-05-13T15:28:42.825732+00:00,RUN-REAL-ESS-20260513-002,FIDELITY,SecurityExtract_ESS_2026May13.csv,HCI,STARMINE_COVERED,COVERED,BULLISH,4.0,True,TEXT_MAPPED
2026-05-13,2026-05-13T15:28:42.825732+00:00,RUN-REAL-ESS-20260513-002,FIDELITY,SecurityExtract_ESS_2026May13.csv,HQY,STARMINE_COVERED,COVERED,BULLISH,4.0,True,TEXT_MAPPED
2026-05-13,2026-05-13T15:28:42.825732+00:00,RUN-REAL-ESS-20260513-002,FIDELITY,SecurityExtract_ESS_2026May13.csv,HSTM,STARMINE_COVERED,COVERED,BULLISH,4.0,True,TEXT_MAPPED
2026-05-13,2026-05-13T15:28:42.825732+00:00,RUN-REAL-ESS-20260513-002,FIDELITY,SecurityExtract_ESS_2026May13.csv,HTLD,STARMINE_COVERED,COVERED,BULLISH,4.0,True,TEXT_MAPPED
2026-05-13,2026-05-13T15:28:42.825732+00:00,RUN-REAL-ESS-20260513-002,FIDELITY,SecurityExtract_ESS_2026May13.csv,HP,STARMINE_COVERED,COVERED,BULLISH,4.0,True,TEXT_MAPPED
2026-05-13,2026-05-13T15:28:42.825732+00:00,RUN-REAL-ESS-20260513-002,FIDELITY,SecurityExtract_ESS_2026May13.csv,HRTX,STARMINE_COVERED,COVERED,BULLISH,4.0,True,TEXT_MAPPED
2026-05-13,2026-05-13T15:28:42.825732+00:00,RUN-REAL-ESS-20260513-002,FIDELITY,SecurityExtract_ESS_2026May13.csv,HESM,STARMINE_COVERED,COVERED,BULLISH,4.0,True,TEXT_MAPPED
2026-05-13,2026-05-13T15:28:42.825732+00:00,RUN-REAL-ESS-20260513-002,FIDELITY,SecurityExtract_ESS_2026May13.csv,HPE,STARMINE_COVERED,COVERED,BULLISH,4.0,True,TEXT_MAPPED
2026-05-13,2026-05-13T15:28:42.825732+00:00,RUN-REAL-ESS-20260513-002,FIDELITY,SecurityExtract_ESS_2026May13.csv,HXL,STARMINE_COVERED,COVERED,BULLISH,4.0,True,TEXT_MAPPED
2026-05-13,2026-05-13T15:28:42.825732+00:00,RUN-REAL-ESS-20260513-002,FIDELITY,SecurityExtract_ESS_2026May13.csv,HGV,STARMINE_COVERED,COVERED,BULLISH,4.0,True,TEXT_MAPPED
2026-05-13,2026-05-13T15:28:42.825732+00:00,RUN-REAL-ESS-20260513-002,FIDELITY,SecurityExtract_ESS_2026May13.csv,HLT,STARMINE_COVERED,COVERED,BULLISH,4.0,True,TEXT_MAPPED
2026-05-13,2026-05-13T15:28:42.825732+00:00,RUN-REAL-ESS-20260513-002,FIDELITY,SecurityExtract_ESS_2026May13.csv,HIMX,STARMINE_COVERED,COVERED,BULLISH,4.0,True,TEXT_MAPPED
2026-05-13,2026-05-13T15:28:42.825732+00:00,RUN-REAL-ESS-20260513-002,FIDELITY,SecurityExtract_ESS_2026May13.csv,HOMB,STARMINE_COVERED,COVERED,BULLISH,4.0,True,TEXT_MAPPED
2026-05-13,2026-05-13T15:28:42.825732+00:00,RUN-REAL-ESS-20260513-002,FIDELITY,SecurityExtract_ESS_2026May13.csv,ICFI,STARMINE_COVERED,COVERED,BULLISH,4.0,True,TEXT_MAPPED
2026-05-13,2026-05-13T15:28:42.825732+00:00,RUN-REAL-ESS-20260513-002,FIDELITY,SecurityExtract_ESS_2026May13.csv,ICLR,STARMINE_COVERED,COVERED,BULLISH,4.0,True,TEXT_MAPPED
2026-05-13,2026-05-13T15:28:42.825732+00:00,RUN-REAL-ESS-20260513-002,FIDELITY,SecurityExtract_ESS_2026May13.csv,IEX,STARMINE_COVERED,COVERED,BULLISH,4.0,True,TEXT_MAPPED
2026-05-13,2026-05-13T15:28:42.825732+00:00,RUN-REAL-ESS-20260513-002,FIDELITY,SecurityExtract_ESS_2026May13.csv,IDXX,STARMINE_COVERED,COVERED,BULLISH,4.0,True,TEXT_MAPPED
2026-05-13,2026-05-13T15:28:42.825732+00:00,RUN-REAL-ESS-20260513-002,FIDELITY,SecurityExtract_ESS_2026May13.csv,INCY,STARMINE_COVERED,COVERED,BULLISH,4.0,True,TEXT_MAPPED
2026-05-13,2026-05-13T15:28:42.825732+00:00,RUN-REAL-ESS-20260513-002,FIDELITY,SecurityExtract_ESS_2026May13.csv,INFU,STARMINE_COVERED,COVERED,BULLISH,4.0,True,TEXT_MAPPED
2026-05-13,2026-05-13T15:28:42.825732+00:00,RUN-REAL-ESS-20260513-002,FIDELITY,SecurityExtract_ESS_2026May13.csv,NGVT,STARMINE_COVERED,COVERED,BULLISH,4.0,True,TEXT_MAPPED
2026-05-13,2026-05-13T15:28:42.825732+00:00,RUN-REAL-ESS-20260513-002,FIDELITY,SecurityExtract_ESS_2026May13.csv,IIPR,STARMINE_COVERED,COVERED,BULLISH,4.0,True,TEXT_MAPPED
2026-05-13,2026-05-13T15:28:42.825732+00:00,RUN-REAL-ESS-20260513-002,FIDELITY,SecurityExtract_ESS_2026May13.csv,ISSC,STARMINE_COVERED,COVERED,BULLISH,4.0,True,TEXT_MAPPED
2026-05-13,2026-05-13T15:28:42.825732+00:00,RUN-REAL-ESS-20260513-002,FIDELITY,SecurityExtract_ESS_2026May13.csv,INVA,STARMINE_COVERED,COVERED,BULLISH,4.0,True,TEXT_MAPPED
2026-05-13,2026-05-13T15:28:42.825732+00:00,RUN-REAL-ESS-20260513-002,FIDELITY,SecurityExtract_ESS_2026May13.csv,INGN,STARMINE_COVERED,COVERED,BULLISH,4.0,True,TEXT_MAPPED
2026-05-13,2026-05-13T15:28:42.825732+00:00,RUN-REAL-ESS-20260513-002,FIDELITY,SecurityExtract_ESS_2026May13.csv,NSIT,STARMINE_COVERED,COVERED,BULLISH,4.0,True,TEXT_MAPPED
2026-05-13,2026-05-13T15:28:42.825732+00:00,RUN-REAL-ESS-20260513-002,FIDELITY,SecurityExtract_ESS_2026May13.csv,IBP,STARMINE_COVERED,COVERED,BULLISH,4.0,True,TEXT_MAPPED
2026-05-13,2026-05-13T15:28:42.825732+00:00,RUN-REAL-ESS-20260513-002,FIDELITY,SecurityExtract_ESS_2026May13.csv,IVR,STARMINE_COVERED,COVERED,BULLISH,4.0,True,TEXT_MAPPED
2026-05-13,2026-05-13T15:28:42.825732+00:00,RUN-REAL-ESS-20260513-002,FIDELITY,SecurityExtract_ESS_2026May13.csv,IONQ,STARMINE_COVERED,COVERED,BULLISH,4.0,True,TEXT_MAPPED
2026-05-13,2026-05-13T15:28:42.825732+00:00,RUN-REAL-ESS-20260513-002,FIDELITY,SecurityExtract_ESS_2026May13.csv,IQV,STARMINE_COVERED,COVERED,BULLISH,4.0,True,TEXT_MAPPED
2026-05-13,2026-05-13T15:28:42.825732+00:00,RUN-REAL-ESS-20260513-002,FIDELITY,SecurityExtract_ESS_2026May13.csv,IRMD,STARMINE_COVERED,COVERED,BULLISH,4.0,True,TEXT_MAPPED
2026-05-13,2026-05-13T15:28:42.825732+00:00,RUN-REAL-ESS-20260513-002,FIDELITY,SecurityExtract_ESS_2026May13.csv,IRWD,STARMINE_COVERED,COVERED,BULLISH,4.0,True,TEXT_MAPPED
2026-05-13,2026-05-13T15:28:42.825732+00:00,RUN-REAL-ESS-20260513-002,FIDELITY,SecurityExtract_ESS_2026May13.csv,JBHT,STARMINE_COVERED,COVERED,BULLISH,4.0,True,TEXT_MAPPED
2026-05-13,2026-05-13T15:28:42.825732+00:00,RUN-REAL-ESS-20260513-002,FIDELITY,SecurityExtract_ESS_2026May13.csv,JAKK,STARMINE_COVERED,COVERED,BULLISH,4.0,True,TEXT_MAPPED
2026-05-13,2026-05-13T15:28:42.825732+00:00,RUN-REAL-ESS-20260513-002,FIDELITY,SecurityExtract_ESS_2026May13.csv,JAZZ,STARMINE_COVERED,COVERED,BULLISH,4.0,True,TEXT_MAPPED
2026-05-13,2026-05-13T15:28:42.825732+00:00,RUN-REAL-ESS-20260513-002,FIDELITY,SecurityExtract_ESS_2026May13.csv,JBSS,STARMINE_COVERED,COVERED,BULLISH,4.0,True,TEXT_MAPPED
2026-05-13,2026-05-13T15:28:42.825732+00:00,RUN-REAL-ESS-20260513-002,FIDELITY,SecurityExtract_ESS_2026May13.csv,WLY,STARMINE_COVERED,COVERED,BULLISH,4.0,True,TEXT_MAPPED
2026-05-13,2026-05-13T15:28:42.825732+00:00,RUN-REAL-ESS-20260513-002,FIDELITY,SecurityExtract_ESS_2026May13.csv,JCI,STARMINE_COVERED,COVERED,BULLISH,4.0,True,TEXT_MAPPED
2026-05-13,2026-05-13T15:28:42.825732+00:00,RUN-REAL-ESS-20260513-002,FIDELITY,SecurityExtract_ESS_2026May13.csv,JYNT,STARMINE_COVERED,COVERED,BULLISH,4.0,True,TEXT_MAPPED
2026-05-13,2026-05-13T15:28:42.825732+00:00,RUN-REAL-ESS-20260513-002,FIDELITY,SecurityExtract_ESS_2026May13.csv,JLL,STARMINE_COVERED,COVERED,BULLISH,4.0,True,TEXT_MAPPED
2026-05-13,2026-05-13T15:28:42.825732+00:00,RUN-REAL-ESS-20260513-002,FIDELITY,SecurityExtract_ESS_2026May13.csv,KMT,STARMINE_COVERED,COVERED,BULLISH,4.0,True,TEXT_MAPPED
2026-05-13,2026-05-13T15:28:42.825732+00:00,RUN-REAL-ESS-20260513-002,FIDELITY,SecurityExtract_ESS_2026May13.csv,KFRC,STARMINE_COVERED,COVERED,BULLISH,4.0,True,TEXT_MAPPED
2026-05-13,2026-05-13T15:28:42.825732+00:00,RUN-REAL-ESS-20260513-002,FIDELITY,SecurityExtract_ESS_2026May13.csv,KIM,STARMINE_COVERED,COVERED,BULLISH,4.0,True,TEXT_MAPPED
2026-05-13,2026-05-13T15:28:42.825732+00:00,RUN-REAL-ESS-20260513-002,FIDELITY,SecurityExtract_ESS_2026May13.csv,KMI,STARMINE_COVERED,COVERED,BULLISH,4.0,True,TEXT_MAPPED
2026-05-13,2026-05-13T15:28:42.825732+00:00,RUN-REAL-ESS-20260513-002,FIDELITY,SecurityExtract_ESS_2026May13.csv,KNSL,STARMINE_COVERED,COVERED,BULLISH,4.0,True,TEXT_MAPPED
2026-05-13,2026-05-13T15:28:42.825732+00:00,RUN-REAL-ESS-20260513-002,FIDELITY,SecurityExtract_ESS_2026May13.csv,KEX,STARMINE_COVERED,COVERED,BULLISH,4.0,True,TEXT_MAPPED
2026-05-13,2026-05-13T15:28:42.825732+00:00,RUN-REAL-ESS-20260513-002,FIDELITY,SecurityExtract_ESS_2026May13.csv,KGS,STARMINE_COVERED,COVERED,BULLISH,4.0,True,TEXT_MAPPED
2026-05-13,2026-05-13T15:28:42.825732+00:00,RUN-REAL-ESS-20260513-002,FIDELITY,SecurityExtract_ESS_2026May13.csv,KOPN,STARMINE_COVERED,COVERED,BULLISH,4.0,True,TEXT_MAPPED
2026-05-13,2026-05-13T15:28:42.825732+00:00,RUN-REAL-ESS-20260513-002,FIDELITY,SecurityExtract_ESS_2026May13.csv,KOP,STARMINE_COVERED,COVERED,BULLISH,4.0,True,TEXT_MAPPED
2026-05-13,2026-05-13T15:28:42.825732+00:00,RUN-REAL-ESS-20260513-002,FIDELITY,SecurityExtract_ESS_2026May13.csv,KRNT,STARMINE_COVERED,COVERED,BULLISH,4.0,True,TEXT_MAPPED
2026-05-13,2026-05-13T15:28:42.825732+00:00,RUN-REAL-ESS-20260513-002,FIDELITY,SecurityExtract_ESS_2026May13.csv,KRO,STARMINE_COVERED,COVERED,BULLISH,4.0,True,TEXT_MAPPED
2026-05-13,2026-05-13T15:28:42.825732+00:00,RUN-REAL-ESS-20260513-002,FIDELITY,SecurityExtract_ESS_2026May13.csv,KRYS,STARMINE_COVERED,COVERED,BULLISH,4.0,True,TEXT_MAPPED
2026-05-13,2026-05-13T15:28:42.825732+00:00,RUN-REAL-ESS-20260513-002,FIDELITY,SecurityExtract_ESS_2026May13.csv,LAMR,STARMINE_COVERED,COVERED,BULLISH,4.0,True,TEXT_MAPPED
2026-05-13,2026-05-13T15:28:42.825732+00:00,RUN-REAL-ESS-20260513-002,FIDELITY,SecurityExtract_ESS_2026May13.csv,LSTR,STARMINE_COVERED,COVERED,BULLISH,4.0,True,TEXT_MAPPED
2026-05-13,2026-05-13T15:28:42.825732+00:00,RUN-REAL-ESS-20260513-002,FIDELITY,SecurityExtract_ESS_2026May13.csv,LSCC,STARMINE_COVERED,COVERED,BULLISH,4.0,True,TEXT_MAPPED
2026-05-13,2026-05-13T15:28:42.825732+00:00,RUN-REAL-ESS-20260513-002,FIDELITY,SecurityExtract_ESS_2026May13.csv,LCII,STARMINE_COVERED,COVERED,BULLISH,4.0,True,TEXT_MAPPED
2026-05-13,2026-05-13T15:28:42.825732+00:00,RUN-REAL-ESS-20260513-002,FIDELITY,SecurityExtract_ESS_2026May13.csv,LMAT,STARMINE_COVERED,COVERED,BULLISH,4.0,True,TEXT_MAPPED
2026-05-13,2026-05-13T15:28:42.825732+00:00,RUN-REAL-ESS-20260513-002,FIDELITY,SecurityExtract_ESS_2026May13.csv,LII,STARMINE_COVERED,COVERED,BULLISH,4.0,True,TEXT_MAPPED
2026-05-13,2026-05-13T15:28:42.825732+00:00,RUN-REAL-ESS-20260513-002,FIDELITY,SecurityExtract_ESS_2026May13.csv,DRS,STARMINE_COVERED,COVERED,BULLISH,4.0,True,TEXT_MAPPED
2026-05-13,2026-05-13T15:28:42.825732+00:00,RUN-REAL-ESS-20260513-002,FIDELITY,SecurityExtract_ESS_2026May13.csv,LPL,STARMINE_COVERED,COVERED,BULLISH,4.0,True,TEXT_MAPPED
2026-05-13,2026-05-13T15:28:42.825732+00:00,RUN-REAL-ESS-20260513-002,FIDELITY,SecurityExtract_ESS_2026May13.csv,LTH,STARMINE_COVERED,COVERED,BULLISH,4.0,True,TEXT_MAPPED
2026-05-13,2026-05-13T15:28:42.825732+00:00,RUN-REAL-ESS-20260513-002,FIDELITY,SecurityExtract_ESS_2026May13.csv,LCUT,STARMINE_COVERED,COVERED,BULLISH,4.0,True,TEXT_MAPPED
2026-05-13,2026-05-13T15:28:42.825732+00:00,RUN-REAL-ESS-20260513-002,FIDELITY,SecurityExtract_ESS_2026May13.csv,LFVN,STARMINE_COVERED,COVERED,BULLISH,4.0,True,TEXT_MAPPED
2026-05-13,2026-05-13T15:28:42.825732+00:00,RUN-REAL-ESS-20260513-002,FIDELITY,SecurityExtract_ESS_2026May13.csv,LNC,STARMINE_COVERED,COVERED,BULLISH,4.0,True,TEXT_MAPPED
2026-05-13,2026-05-13T15:28:42.825732+00:00,RUN-REAL-ESS-20260513-002,FIDELITY,SecurityExtract_ESS_2026May13.csv,LXU,STARMINE_COVERED,COVERED,BULLISH,4.0,True,TEXT_MAPPED
2026-05-13,2026-05-13T15:28:42.825732+00:00,RUN-REAL-ESS-20260513-002,FIDELITY,SecurityExtract_ESS_2026May13.csv,LXP,STARMINE_COVERED,COVERED,BULLISH,4.0,True,TEXT_MAPPED
2026-05-13,2026-05-13T15:28:42.825732+00:00,RUN-REAL-ESS-20260513-002,FIDELITY,SecurityExtract_ESS_2026May13.csv,MTB,STARMINE_COVERED,COVERED,BULLISH,4.0,True,TEXT_MAPPED
2026-05-13,2026-05-13T15:28:42.825732+00:00,RUN-REAL-ESS-20260513-002,FIDELITY,SecurityExtract_ESS_2026May13.csv,MFC,STARMINE_COVERED,COVERED,BULLISH,4.0,True,TEXT_MAPPED
2026-05-13,2026-05-13T15:28:42.825732+00:00,RUN-REAL-ESS-20260513-002,FIDELITY,SecurityExtract_ESS_2026May13.csv,MTZ,STARMINE_COVERED,COVERED,BULLISH,4.0,True,TEXT_MAPPED
2026-05-13,2026-05-13T15:28:42.825732+00:00,RUN-REAL-ESS-20260513-002,FIDELITY,SecurityExtract_ESS_2026May13.csv,MCFT,STARMINE_COVERED,COVERED,BULLISH,4.0,True,TEXT_MAPPED
2026-05-13,2026-05-13T15:28:42.825732+00:00,RUN-REAL-ESS-20260513-002,FIDELITY,SecurityExtract_ESS_2026May13.csv,MTDR,STARMINE_COVERED,COVERED,BULLISH,4.0,True,TEXT_MAPPED
2026-05-13,2026-05-13T15:28:42.825732+00:00,RUN-REAL-ESS-20260513-002,FIDELITY,SecurityExtract_ESS_2026May13.csv,MTRX,STARMINE_COVERED,COVERED,BULLISH,4.0,True,TEXT_MAPPED
2026-05-13,2026-05-13T15:28:42.825732+00:00,RUN-REAL-ESS-20260513-002,FIDELITY,SecurityExtract_ESS_2026May13.csv,MATX,STARMINE_COVERED,COVERED,BULLISH,4.0,True,TEXT_MAPPED
2026-05-13,2026-05-13T15:28:42.825732+00:00,RUN-REAL-ESS-20260513-002,FIDELITY,SecurityExtract_ESS_2026May13.csv,MEDP,STARMINE_COVERED,COVERED,BULLISH,4.0,True,TEXT_MAPPED
2026-05-13,2026-05-13T15:28:42.825732+00:00,RUN-REAL-ESS-20260513-002,FIDELITY,SecurityExtract_ESS_2026May13.csv,MRK,STARMINE_COVERED,COVERED,BULLISH,4.0,True,TEXT_MAPPED
2026-05-13,2026-05-13T15:28:42.825732+00:00,RUN-REAL-ESS-20260513-002,FIDELITY,SecurityExtract_ESS_2026May13.csv,MCY,STARMINE_COVERED,COVERED,BULLISH,4.0,True,TEXT_MAPPED
2026-05-13,2026-05-13T15:28:42.825732+00:00,RUN-REAL-ESS-20260513-002,FIDELITY,SecurityExtract_ESS_2026May13.csv,MTD,STARMINE_COVERED,COVERED,BULLISH,4.0,True,TEXT_MAPPED
2026-05-13,2026-05-13T15:28:42.825732+00:00,RUN-REAL-ESS-20260513-002,FIDELITY,SecurityExtract_ESS_2026May13.csv,MFA,STARMINE_COVERED,COVERED,BULLISH,4.0,True,TEXT_MAPPED
2026-05-13,2026-05-13T15:28:42.825732+00:00,RUN-REAL-ESS-20260513-002,FIDELITY,SecurityExtract_ESS_2026May13.csv,MGPI,STARMINE_COVERED,COVERED,BULLISH,4.0,True,TEXT_MAPPED
2026-05-13,2026-05-13T15:28:42.825732+00:00,RUN-REAL-ESS-20260513-002,FIDELITY,SecurityExtract_ESS_2026May13.csv,MCHP,STARMINE_COVERED,COVERED,BULLISH,4.0,True,TEXT_MAPPED
2026-05-13,2026-05-13T15:28:42.825732+00:00,RUN-REAL-ESS-20260513-002,FIDELITY,SecurityExtract_ESS_2026May13.csv,MSBI,STARMINE_COVERED,COVERED,BULLISH,4.0,True,TEXT_MAPPED
2026-05-13,2026-05-13T15:28:42.825732+00:00,RUN-REAL-ESS-20260513-002,FIDELITY,SecurityExtract_ESS_2026May13.csv,MG,STARMINE_COVERED,COVERED,BULLISH,4.0,True,TEXT_MAPPED
2026-05-13,2026-05-13T15:28:42.825732+00:00,RUN-REAL-ESS-20260513-002,FIDELITY,SecurityExtract_ESS_2026May13.csv,MKSI,STARMINE_COVERED,COVERED,BULLISH,4.0,True,TEXT_MAPPED
2026-05-13,2026-05-13T15:28:42.825732+00:00,RUN-REAL-ESS-20260513-002,FIDELITY,SecurityExtract_ESS_2026May13.csv,MPWR,STARMINE_COVERED,COVERED,BULLISH,4.0,True,TEXT_MAPPED
2026-05-13,2026-05-13T15:28:42.825732+00:00,RUN-REAL-ESS-20260513-002,FIDELITY,SecurityExtract_ESS_2026May13.csv,MOG/A,STARMINE_COVERED,COVERED,BULLISH,4.0,True,TEXT_MAPPED
2026-05-13,2026-05-13T15:28:42.825732+00:00,RUN-REAL-ESS-20260513-002,FIDELITY,SecurityExtract_ESS_2026May13.csv,MORN,STARMINE_COVERED,COVERED,BULLISH,4.0,True,TEXT_MAPPED
2026-05-13,2026-05-13T15:28:42.825732+00:00,RUN-REAL-ESS-20260513-002,FIDELITY,SecurityExtract_ESS_2026May13.csv,MSM,STARMINE_COVERED,COVERED,BULLISH,4.0,True,TEXT_MAPPED
2026-05-13,2026-05-13T15:28:42.825732+00:00,RUN-REAL-ESS-20260513-002,FIDELITY,SecurityExtract_ESS_2026May13.csv,MSCI,STARMINE_COVERED,COVERED,BULLISH,4.0,True,TEXT_MAPPED
2026-05-13,2026-05-13T15:28:42.825732+00:00,RUN-REAL-ESS-20260513-002,FIDELITY,SecurityExtract_ESS_2026May13.csv,MLI,STARMINE_COVERED,COVERED,BULLISH,4.0,True,TEXT_MAPPED
2026-05-13,2026-05-13T15:28:42.825732+00:00,RUN-REAL-ESS-20260513-002,FIDELITY,SecurityExtract_ESS_2026May13.csv,MWA,STARMINE_COVERED,COVERED,BULLISH,4.0,True,TEXT_MAPPED
2026-05-13,2026-05-13T15:28:42.825732+00:00,RUN-REAL-ESS-20260513-002,FIDELITY,SecurityExtract_ESS_2026May13.csv,MUSA,STARMINE_COVERED,COVERED,BULLISH,4.0,True,TEXT_MAPPED
2026-05-13,2026-05-13T15:28:42.825732+00:00,RUN-REAL-ESS-20260513-002,FIDELITY,SecurityExtract_ESS_2026May13.csv,MYGN,STARMINE_COVERED,COVERED,BULLISH,4.0,True,TEXT_MAPPED
2026-05-13,2026-05-13T15:28:42.825732+00:00,RUN-REAL-ESS-20260513-002,FIDELITY,SecurityExtract_ESS_2026May13.csv,NKSH,STARMINE_COVERED,COVERED,BULLISH,4.0,True,TEXT_MAPPED
2026-05-13,2026-05-13T15:28:42.825732+00:00,RUN-REAL-ESS-20260513-002,FIDELITY,SecurityExtract_ESS_2026May13.csv,NFG,STARMINE_COVERED,COVERED,BULLISH,4.0,True,TEXT_MAPPED
2026-05-13,2026-05-13T15:28:42.825732+00:00,RUN-REAL-ESS-20260513-002,FIDELITY,SecurityExtract_ESS_2026May13.csv,NHC,STARMINE_COVERED,COVERED,BULLISH,4.0,True,TEXT_MAPPED
2026-05-13,2026-05-13T15:28:42.825732+00:00,RUN-REAL-ESS-20260513-002,FIDELITY,SecurityExtract_ESS_2026May13.csv,NNI,STARMINE_COVERED,COVERED,BULLISH,4.0,True,TEXT_MAPPED
2026-05-13,2026-05-13T15:28:42.825732+00:00,RUN-REAL-ESS-20260513-002,FIDELITY,SecurityExtract_ESS_2026May13.csv,NFLX,STARMINE_COVERED,COVERED,BULLISH,4.0,True,TEXT_MAPPED
2026-05-13,2026-05-13T15:28:42.825732+00:00,RUN-REAL-ESS-20260513-002,FIDELITY,SecurityExtract_ESS_2026May13.csv,NEWT,STARMINE_COVERED,COVERED,BULLISH,4.0,True,TEXT_MAPPED
2026-05-13,2026-05-13T15:28:42.825732+00:00,RUN-REAL-ESS-20260513-002,FIDELITY,SecurityExtract_ESS_2026May13.csv,NICE,STARMINE_COVERED,COVERED,BULLISH,4.0,True,TEXT_MAPPED
2026-05-13,2026-05-13T15:28:42.825732+00:00,RUN-REAL-ESS-20260513-002,FIDELITY,SecurityExtract_ESS_2026May13.csv,NMIH,STARMINE_COVERED,COVERED,BULLISH,4.0,True,TEXT_MAPPED
2026-05-13,2026-05-13T15:28:42.825732+00:00,RUN-REAL-ESS-20260513-002,FIDELITY,SecurityExtract_ESS_2026May13.csv,NNN,STARMINE_COVERED,COVERED,BULLISH,4.0,True,TEXT_MAPPED
2026-05-13,2026-05-13T15:28:42.825732+00:00,RUN-REAL-ESS-20260513-002,FIDELITY,SecurityExtract_ESS_2026May13.csv,NMR,STARMINE_COVERED,COVERED,BULLISH,4.0,True,TEXT_MAPPED
2026-05-13,2026-05-13T15:28:42.825732+00:00,RUN-REAL-ESS-20260513-002,FIDELITY,SecurityExtract_ESS_2026May13.csv,NDSN,STARMINE_COVERED,COVERED,BULLISH,4.0,True,TEXT_MAPPED
2026-05-13,2026-05-13T15:28:42.825732+00:00,RUN-REAL-ESS-20260513-002,FIDELITY,SecurityExtract_ESS_2026May13.csv,NSC,STARMINE_COVERED,COVERED,BULLISH,4.0,True,TEXT_MAPPED
2026-05-13,2026-05-13T15:28:42.825732+00:00,RUN-REAL-ESS-20260513-002,FIDELITY,SecurityExtract_ESS_2026May13.csv,NRIM,STARMINE_COVERED,COVERED,BULLISH,4.0,True,TEXT_MAPPED
2026-05-13,2026-05-13T15:28:42.825732+00:00,RUN-REAL-ESS-20260513-002,FIDELITY,SecurityExtract_ESS_2026May13.csv,NWFL,STARMINE_COVERED,COVERED,BULLISH,4.0,True,TEXT_MAPPED
2026-05-13,2026-05-13T15:28:42.825732+00:00,RUN-REAL-ESS-20260513-002,FIDELITY,SecurityExtract_ESS_2026May13.csv,NVAX,STARMINE_COVERED,COVERED,BULLISH,4.0,True,TEXT_MAPPED
2026-05-13,2026-05-13T15:28:42.825732+00:00,RUN-REAL-ESS-20260513-002,FIDELITY,SecurityExtract_ESS_2026May13.csv,NUE,STARMINE_COVERED,COVERED,BULLISH,4.0,True,TEXT_MAPPED
2026-05-13,2026-05-13T15:28:42.825732+00:00,RUN-REAL-ESS-20260513-002,FIDELITY,SecurityExtract_ESS_2026May13.csv,NWPX,STARMINE_COVERED,COVERED,BULLISH,4.0,True,TEXT_MAPPED
2026-05-13,2026-05-13T15:28:42.825732+00:00,RUN-REAL-ESS-20260513-002,FIDELITY,SecurityExtract_ESS_2026May13.csv,NXPI,STARMINE_COVERED,COVERED,BULLISH,4.0,True,TEXT_MAPPED
2026-05-13,2026-05-13T15:28:42.825732+00:00,RUN-REAL-ESS-20260513-002,FIDELITY,SecurityExtract_ESS_2026May13.csv,OIS,STARMINE_COVERED,COVERED,BULLISH,4.0,True,TEXT_MAPPED
2026-05-13,2026-05-13T15:28:42.825732+00:00,RUN-REAL-ESS-20260513-002,FIDELITY,SecurityExtract_ESS_2026May13.csv,ORI,STARMINE_COVERED,COVERED,BULLISH,4.0,True,TEXT_MAPPED
2026-05-13,2026-05-13T15:28:42.825732+00:00,RUN-REAL-ESS-20260513-002,FIDELITY,SecurityExtract_ESS_2026May13.csv,OMER,STARMINE_COVERED,COVERED,BULLISH,4.0,True,TEXT_MAPPED
2026-05-13,2026-05-13T15:28:42.825732+00:00,RUN-REAL-ESS-20260513-002,FIDELITY,SecurityExtract_ESS_2026May13.csv,OGS,STARMINE_COVERED,COVERED,BULLISH,4.0,True,TEXT_MAPPED
2026-05-13,2026-05-13T15:28:42.825732+00:00,RUN-REAL-ESS-20260513-002,FIDELITY,SecurityExtract_ESS_2026May13.csv,OSPN,STARMINE_COVERED,COVERED,BULLISH,4.0,True,TEXT_MAPPED
2026-05-13,2026-05-13T15:28:42.825732+00:00,RUN-REAL-ESS-20260513-002,FIDELITY,SecurityExtract_ESS_2026May13.csv,OPLN,STARMINE_COVERED,COVERED,BULLISH,4.0,True,TEXT_MAPPED
2026-05-13,2026-05-13T15:28:42.825732+00:00,RUN-REAL-ESS-20260513-002,FIDELITY,SecurityExtract_ESS_2026May13.csv,OPCH,STARMINE_COVERED,COVERED,BULLISH,4.0,True,TEXT_MAPPED
2026-05-13,2026-05-13T15:28:42.825732+00:00,RUN-REAL-ESS-20260513-002,FIDELITY,SecurityExtract_ESS_2026May13.csv,ORCL,STARMINE_COVERED,COVERED,BULLISH,4.0,True,TEXT_MAPPED
2026-05-13,2026-05-13T15:28:42.825732+00:00,RUN-REAL-ESS-20260513-002,FIDELITY,SecurityExtract_ESS_2026May13.csv,OGN,STARMINE_COVERED,COVERED,BULLISH,4.0,True,TEXT_MAPPED
2026-05-13,2026-05-13T15:28:42.825732+00:00,RUN-REAL-ESS-20260513-002,FIDELITY,SecurityExtract_ESS_2026May13.csv,OEC,STARMINE_COVERED,COVERED,BULLISH,4.0,True,TEXT_MAPPED
2026-05-13,2026-05-13T15:28:42.825732+00:00,RUN-REAL-ESS-20260513-002,FIDELITY,SecurityExtract_ESS_2026May13.csv,OFIX,STARMINE_COVERED,COVERED,BULLISH,4.0,True,TEXT_MAPPED
2026-05-13,2026-05-13T15:28:42.825732+00:00,RUN-REAL-ESS-20260513-002,FIDELITY,SecurityExtract_ESS_2026May13.csv,POWW,STARMINE_COVERED,COVERED,BULLISH,4.0,True,TEXT_MAPPED
2026-05-13,2026-05-13T15:28:42.825732+00:00,RUN-REAL-ESS-20260513-002,FIDELITY,SecurityExtract_ESS_2026May13.csv,OUT,STARMINE_COVERED,COVERED,BULLISH,4.0,True,TEXT_MAPPED
2026-05-13,2026-05-13T15:28:42.825732+00:00,RUN-REAL-ESS-20260513-002,FIDELITY,SecurityExtract_ESS_2026May13.csv,OC,STARMINE_COVERED,COVERED,BULLISH,4.0,True,TEXT_MAPPED
2026-05-13,2026-05-13T15:28:42.825732+00:00,RUN-REAL-ESS-20260513-002,FIDELITY,SecurityExtract_ESS_2026May13.csv,PCRX,STARMINE_COVERED,COVERED,BULLISH,4.0,True,TEXT_MAPPED
2026-05-13,2026-05-13T15:28:42.825732+00:00,RUN-REAL-ESS-20260513-002,FIDELITY,SecurityExtract_ESS_2026May13.csv,PANW,STARMINE_COVERED,COVERED,BULLISH,4.0,True,TEXT_MAPPED
2026-05-13,2026-05-13T15:28:42.825732+00:00,RUN-REAL-ESS-20260513-002,FIDELITY,SecurityExtract_ESS_2026May13.csv,PK,STARMINE_COVERED,COVERED,BULLISH,4.0,True,TEXT_MAPPED
2026-05-13,2026-05-13T15:28:42.825732+00:00,RUN-REAL-ESS-20260513-002,FIDELITY,SecurityExtract_ESS_2026May13.csv,CASH,STARMINE_COVERED,COVERED,BULLISH,4.0,True,TEXT_MAPPED
2026-05-13,2026-05-13T15:28:42.825732+00:00,RUN-REAL-ESS-20260513-002,FIDELITY,SecurityExtract_ESS_2026May13.csv,PAYC,STARMINE_COVERED,COVERED,BULLISH,4.0,True,TEXT_MAPPED
2026-05-13,2026-05-13T15:28:42.825732+00:00,RUN-REAL-ESS-20260513-002,FIDELITY,SecurityExtract_ESS_2026May13.csv,PYPL,STARMINE_COVERED,COVERED,BULLISH,4.0,True,TEXT_MAPPED
2026-05-13,2026-05-13T15:28:42.825732+00:00,RUN-REAL-ESS-20260513-002,FIDELITY,SecurityExtract_ESS_2026May13.csv,PAYS,STARMINE_COVERED,COVERED,BULLISH,4.0,True,TEXT_MAPPED
2026-05-13,2026-05-13T15:28:42.825732+00:00,RUN-REAL-ESS-20260513-002,FIDELITY,SecurityExtract_ESS_2026May13.csv,CNXN,STARMINE_COVERED,COVERED,BULLISH,4.0,True,TEXT_MAPPED
2026-05-13,2026-05-13T15:28:42.825732+00:00,RUN-REAL-ESS-20260513-002,FIDELITY,SecurityExtract_ESS_2026May13.csv,PEB,STARMINE_COVERED,COVERED,BULLISH,4.0,True,TEXT_MAPPED
2026-05-13,2026-05-13T15:28:42.825732+00:00,RUN-REAL-ESS-20260513-002,FIDELITY,SecurityExtract_ESS_2026May13.csv,MD,STARMINE_COVERED,COVERED,BULLISH,4.0,True,TEXT_MAPPED
2026-05-13,2026-05-13T15:28:42.825732+00:00,RUN-REAL-ESS-20260513-002,FIDELITY,SecurityExtract_ESS_2026May13.csv,PFE,STARMINE_COVERED,COVERED,BULLISH,4.0,True,TEXT_MAPPED
2026-05-13,2026-05-13T15:28:42.825732+00:00,RUN-REAL-ESS-20260513-002,FIDELITY,SecurityExtract_ESS_2026May13.csv,PCG,STARMINE_COVERED,COVERED,BULLISH,4.0,True,TEXT_MAPPED
2026-05-13,2026-05-13T15:28:42.825732+00:00,RUN-REAL-ESS-20260513-002,FIDELITY,SecurityExtract_ESS_2026May13.csv,PHIN,STARMINE_COVERED,COVERED,BULLISH,4.0,True,TEXT_MAPPED
2026-05-13,2026-05-13T15:28:42.825732+00:00,RUN-REAL-ESS-20260513-002,FIDELITY,SecurityExtract_ESS_2026May13.csv,PLAB,STARMINE_COVERED,COVERED,BULLISH,4.0,True,TEXT_MAPPED
2026-05-13,2026-05-13T15:28:42.825732+00:00,RUN-REAL-ESS-20260513-002,FIDELITY,SecurityExtract_ESS_2026May13.csv,PHR,STARMINE_COVERED,COVERED,BULLISH,4.0,True,TEXT_MAPPED
2026-05-13,2026-05-13T15:28:42.825732+00:00,RUN-REAL-ESS-20260513-002,FIDELITY,SecurityExtract_ESS_2026May13.csv,PIPR,STARMINE_COVERED,COVERED,BULLISH,4.0,True,TEXT_MAPPED
2026-05-13,2026-05-13T15:28:42.825732+00:00,RUN-REAL-ESS-20260513-002,FIDELITY,SecurityExtract_ESS_2026May13.csv,PAA,STARMINE_COVERED,COVERED,BULLISH,4.0,True,TEXT_MAPPED
2026-05-13,2026-05-13T15:28:42.825732+00:00,RUN-REAL-ESS-20260513-002,FIDELITY,SecurityExtract_ESS_2026May13.csv,PAGP,STARMINE_COVERED,COVERED,BULLISH,4.0,True,TEXT_MAPPED
2026-05-13,2026-05-13T15:28:42.825732+00:00,RUN-REAL-ESS-20260513-002,FIDELITY,SecurityExtract_ESS_2026May13.csv,PLTK,STARMINE_COVERED,COVERED,BULLISH,4.0,True,TEXT_MAPPED
2026-05-13,2026-05-13T15:28:42.825732+00:00,RUN-REAL-ESS-20260513-002,FIDELITY,SecurityExtract_ESS_2026May13.csv,POR,STARMINE_COVERED,COVERED,BULLISH,4.0,True,TEXT_MAPPED
2026-05-13,2026-05-13T15:28:42.825732+00:00,RUN-REAL-ESS-20260513-002,FIDELITY,SecurityExtract_ESS_2026May13.csv,POWL,STARMINE_COVERED,COVERED,BULLISH,4.0,True,TEXT_MAPPED
2026-05-13,2026-05-13T15:28:42.825732+00:00,RUN-REAL-ESS-20260513-002,FIDELITY,SecurityExtract_ESS_2026May13.csv,PRAA,STARMINE_COVERED,COVERED,BULLISH,4.0,True,TEXT_MAPPED
2026-05-13,2026-05-13T15:28:42.825732+00:00,RUN-REAL-ESS-20260513-002,FIDELITY,SecurityExtract_ESS_2026May13.csv,PFBC,STARMINE_COVERED,COVERED,BULLISH,4.0,True,TEXT_MAPPED
2026-05-13,2026-05-13T15:28:42.825732+00:00,RUN-REAL-ESS-20260513-002,FIDELITY,SecurityExtract_ESS_2026May13.csv,PBH,STARMINE_COVERED,COVERED,BULLISH,4.0,True,TEXT_MAPPED
2026-05-13,2026-05-13T15:28:42.825732+00:00,RUN-REAL-ESS-20260513-002,FIDELITY,SecurityExtract_ESS_2026May13.csv,PSMT,STARMINE_COVERED,COVERED,BULLISH,4.0,True,TEXT_MAPPED
2026-05-13,2026-05-13T15:28:42.825732+00:00,RUN-REAL-ESS-20260513-002,FIDELITY,SecurityExtract_ESS_2026May13.csv,PRG,STARMINE_COVERED,COVERED,BULLISH,4.0,True,TEXT_MAPPED
2026-05-13,2026-05-13T15:28:42.825732+00:00,RUN-REAL-ESS-20260513-002,FIDELITY,SecurityExtract_ESS_2026May13.csv,PRGS,STARMINE_COVERED,COVERED,BULLISH,4.0,True,TEXT_MAPPED
2026-05-13,2026-05-13T15:28:42.825732+00:00,RUN-REAL-ESS-20260513-002,FIDELITY,SecurityExtract_ESS_2026May13.csv,PGR,STARMINE_COVERED,COVERED,BULLISH,4.0,True,TEXT_MAPPED
2026-05-13,2026-05-13T15:28:42.825732+00:00,RUN-REAL-ESS-20260513-002,FIDELITY,SecurityExtract_ESS_2026May13.csv,PGNY,STARMINE_COVERED,COVERED,BULLISH,4.0,True,TEXT_MAPPED
2026-05-13,2026-05-13T15:28:42.825732+00:00,RUN-REAL-ESS-20260513-002,FIDELITY,SecurityExtract_ESS_2026May13.csv,PLD,STARMINE_COVERED,COVERED,BULLISH,4.0,True,TEXT_MAPPED
2026-05-13,2026-05-13T15:28:42.825732+00:00,RUN-REAL-ESS-20260513-002,FIDELITY,SecurityExtract_ESS_2026May13.csv,PUMP,STARMINE_COVERED,COVERED,BULLISH,4.0,True,TEXT_MAPPED
2026-05-13,2026-05-13T15:28:42.825732+00:00,RUN-REAL-ESS-20260513-002,FIDELITY,SecurityExtract_ESS_2026May13.csv,PSA,STARMINE_COVERED,COVERED,BULLISH,4.0,True,TEXT_MAPPED
2026-05-13,2026-05-13T15:28:42.825732+00:00,RUN-REAL-ESS-20260513-002,FIDELITY,SecurityExtract_ESS_2026May13.csv,PBYI,STARMINE_COVERED,COVERED,BULLISH,4.0,True,TEXT_MAPPED
2026-05-13,2026-05-13T15:28:42.825732+00:00,RUN-REAL-ESS-20260513-002,FIDELITY,SecurityExtract_ESS_2026May13.csv,PCYO,STARMINE_COVERED,COVERED,BULLISH,4.0,True,TEXT_MAPPED
2026-05-13,2026-05-13T15:28:42.825732+00:00,RUN-REAL-ESS-20260513-002,FIDELITY,SecurityExtract_ESS_2026May13.csv,QGEN,STARMINE_COVERED,COVERED,BULLISH,4.0,True,TEXT_MAPPED
2026-05-13,2026-05-13T15:28:42.825732+00:00,RUN-REAL-ESS-20260513-002,FIDELITY,SecurityExtract_ESS_2026May13.csv,QRVO,STARMINE_COVERED,COVERED,BULLISH,4.0,True,TEXT_MAPPED
2026-05-13,2026-05-13T15:28:42.825732+00:00,RUN-REAL-ESS-20260513-002,FIDELITY,SecurityExtract_ESS_2026May13.csv,QUAD,STARMINE_COVERED,COVERED,BULLISH,4.0,True,TEXT_MAPPED
2026-05-13,2026-05-13T15:28:42.825732+00:00,RUN-REAL-ESS-20260513-002,FIDELITY,SecurityExtract_ESS_2026May13.csv,PWR,STARMINE_COVERED,COVERED,BULLISH,4.0,True,TEXT_MAPPED
2026-05-13,2026-05-13T15:28:42.825732+00:00,RUN-REAL-ESS-20260513-002,FIDELITY,SecurityExtract_ESS_2026May13.csv,QUBT,STARMINE_COVERED,COVERED,BULLISH,4.0,True,TEXT_MAPPED
2026-05-13,2026-05-13T15:28:42.825732+00:00,RUN-REAL-ESS-20260513-002,FIDELITY,SecurityExtract_ESS_2026May13.csv,RRX,STARMINE_COVERED,COVERED,BULLISH,4.0,True,TEXT_MAPPED
2026-05-13,2026-05-13T15:28:42.825732+00:00,RUN-REAL-ESS-20260513-002,FIDELITY,SecurityExtract_ESS_2026May13.csv,REG,STARMINE_COVERED,COVERED,BULLISH,4.0,True,TEXT_MAPPED
2026-05-13,2026-05-13T15:28:42.825732+00:00,RUN-REAL-ESS-20260513-002,FIDELITY,SecurityExtract_ESS_2026May13.csv,REGN,STARMINE_COVERED,COVERED,BULLISH,4.0,True,TEXT_MAPPED
2026-05-13,2026-05-13T15:28:42.825732+00:00,RUN-REAL-ESS-20260513-002,FIDELITY,SecurityExtract_ESS_2026May13.csv,RGNX,STARMINE_COVERED,COVERED,BULLISH,4.0,True,TEXT_MAPPED
2026-05-13,2026-05-13T15:28:42.825732+00:00,RUN-REAL-ESS-20260513-002,FIDELITY,SecurityExtract_ESS_2026May13.csv,RF,STARMINE_COVERED,COVERED,BULLISH,4.0,True,TEXT_MAPPED
2026-05-13,2026-05-13T15:28:42.825732+00:00,RUN-REAL-ESS-20260513-002,FIDELITY,SecurityExtract_ESS_2026May13.csv,RGA,STARMINE_COVERED,COVERED,BULLISH,4.0,True,TEXT_MAPPED
2026-05-13,2026-05-13T15:28:42.825732+00:00,RUN-REAL-ESS-20260513-002,FIDELITY,SecurityExtract_ESS_2026May13.csv,RS,STARMINE_COVERED,COVERED,BULLISH,4.0,True,TEXT_MAPPED
2026-05-13,2026-05-13T15:28:42.825732+00:00,RUN-REAL-ESS-20260513-002,FIDELITY,SecurityExtract_ESS_2026May13.csv,REZI,STARMINE_COVERED,COVERED,BULLISH,4.0,True,TEXT_MAPPED
2026-05-13,2026-05-13T15:28:42.825732+00:00,RUN-REAL-ESS-20260513-002,FIDELITY,SecurityExtract_ESS_2026May13.csv,RMD,STARMINE_COVERED,COVERED,BULLISH,4.0,True,TEXT_MAPPED
2026-05-13,2026-05-13T15:28:42.825732+00:00,RUN-REAL-ESS-20260513-002,FIDELITY,SecurityExtract_ESS_2026May13.csv,QSR,STARMINE_COVERED,COVERED,BULLISH,4.0,True,TEXT_MAPPED
2026-05-13,2026-05-13T15:28:42.825732+00:00,RUN-REAL-ESS-20260513-002,FIDELITY,SecurityExtract_ESS_2026May13.csv,RNG,STARMINE_COVERED,COVERED,BULLISH,4.0,True,TEXT_MAPPED
2026-05-13,2026-05-13T15:28:42.825732+00:00,RUN-REAL-ESS-20260513-002,FIDELITY,SecurityExtract_ESS_2026May13.csv,RPT,STARMINE_COVERED,COVERED,BULLISH,4.0,True,TEXT_MAPPED
2026-05-13,2026-05-13T15:28:42.825732+00:00,RUN-REAL-ESS-20260513-002,FIDELITY,SecurityExtract_ESS_2026May13.csv,ROK,STARMINE_COVERED,COVERED,BULLISH,4.0,True,TEXT_MAPPED
2026-05-13,2026-05-13T15:28:42.825732+00:00,RUN-REAL-ESS-20260513-002,FIDELITY,SecurityExtract_ESS_2026May13.csv,ROG,STARMINE_COVERED,COVERED,BULLISH,4.0,True,TEXT_MAPPED
2026-05-13,2026-05-13T15:28:42.825732+00:00,RUN-REAL-ESS-20260513-002,FIDELITY,SecurityExtract_ESS_2026May13.csv,RPRX,STARMINE_COVERED,COVERED,BULLISH,4.0,True,TEXT_MAPPED
2026-05-13,2026-05-13T15:28:42.825732+00:00,RUN-REAL-ESS-20260513-002,FIDELITY,SecurityExtract_ESS_2026May13.csv,SAFT,STARMINE_COVERED,COVERED,BULLISH,4.0,True,TEXT_MAPPED
2026-05-13,2026-05-13T15:28:42.825732+00:00,RUN-REAL-ESS-20260513-002,FIDELITY,SecurityExtract_ESS_2026May13.csv,SAIA,STARMINE_COVERED,COVERED,BULLISH,4.0,True,TEXT_MAPPED
2026-05-13,2026-05-13T15:28:42.825732+00:00,RUN-REAL-ESS-20260513-002,FIDELITY,SecurityExtract_ESS_2026May13.csv,SANM,STARMINE_COVERED,COVERED,BULLISH,4.0,True,TEXT_MAPPED
2026-05-13,2026-05-13T15:28:42.825732+00:00,RUN-REAL-ESS-20260513-002,FIDELITY,SecurityExtract_ESS_2026May13.csv,SRPT,STARMINE_COVERED,COVERED,BULLISH,4.0,True,TEXT_MAPPED
2026-05-13,2026-05-13T15:28:42.825732+00:00,RUN-REAL-ESS-20260513-002,FIDELITY,SecurityExtract_ESS_2026May13.csv,SBFG,STARMINE_COVERED,COVERED,BULLISH,4.0,True,TEXT_MAPPED
2026-05-13,2026-05-13T15:28:42.825732+00:00,RUN-REAL-ESS-20260513-002,FIDELITY,SecurityExtract_ESS_2026May13.csv,SNDR,STARMINE_COVERED,COVERED,BULLISH,4.0,True,TEXT_MAPPED
2026-05-13,2026-05-13T15:28:42.825732+00:00,RUN-REAL-ESS-20260513-002,FIDELITY,SecurityExtract_ESS_2026May13.csv,SEM,STARMINE_COVERED,COVERED,BULLISH,4.0,True,TEXT_MAPPED
2026-05-13,2026-05-13T15:28:42.825732+00:00,RUN-REAL-ESS-20260513-002,FIDELITY,SecurityExtract_ESS_2026May13.csv,SLQT,STARMINE_COVERED,COVERED,BULLISH,4.0,True,TEXT_MAPPED
2026-05-13,2026-05-13T15:28:42.825732+00:00,RUN-REAL-ESS-20260513-002,FIDELITY,SecurityExtract_ESS_2026May13.csv,S,STARMINE_COVERED,COVERED,BULLISH,4.0,True,TEXT_MAPPED
2026-05-13,2026-05-13T15:28:42.825732+00:00,RUN-REAL-ESS-20260513-002,FIDELITY,SecurityExtract_ESS_2026May13.csv,SVC,STARMINE_COVERED,COVERED,BULLISH,4.0,True,TEXT_MAPPED
2026-05-13,2026-05-13T15:28:42.825732+00:00,RUN-REAL-ESS-20260513-002,FIDELITY,SecurityExtract_ESS_2026May13.csv,SCVL,STARMINE_COVERED,COVERED,BULLISH,4.0,True,TEXT_MAPPED
2026-05-13,2026-05-13T15:28:42.825732+00:00,RUN-REAL-ESS-20260513-002,FIDELITY,SecurityExtract_ESS_2026May13.csv,SPG,STARMINE_COVERED,COVERED,BULLISH,4.0,True,TEXT_MAPPED
2026-05-13,2026-05-13T15:28:42.825732+00:00,RUN-REAL-ESS-20260513-002,FIDELITY,SecurityExtract_ESS_2026May13.csv,SLP,STARMINE_COVERED,COVERED,BULLISH,4.0,True,TEXT_MAPPED
2026-05-13,2026-05-13T15:28:42.825732+00:00,RUN-REAL-ESS-20260513-002,FIDELITY,SecurityExtract_ESS_2026May13.csv,SIRI,STARMINE_COVERED,COVERED,BULLISH,4.0,True,TEXT_MAPPED
2026-05-13,2026-05-13T15:28:42.825732+00:00,RUN-REAL-ESS-20260513-002,FIDELITY,SecurityExtract_ESS_2026May13.csv,SITC,STARMINE_COVERED,COVERED,BULLISH,4.0,True,TEXT_MAPPED
2026-05-13,2026-05-13T15:28:42.825732+00:00,RUN-REAL-ESS-20260513-002,FIDELITY,SecurityExtract_ESS_2026May13.csv,SLB,STARMINE_COVERED,COVERED,BULLISH,4.0,True,TEXT_MAPPED
2026-05-13,2026-05-13T15:28:42.825732+00:00,RUN-REAL-ESS-20260513-002,FIDELITY,SecurityExtract_ESS_2026May13.csv,SLM,STARMINE_COVERED,COVERED,BULLISH,4.0,True,TEXT_MAPPED
2026-05-13,2026-05-13T15:28:42.825732+00:00,RUN-REAL-ESS-20260513-002,FIDELITY,SecurityExtract_ESS_2026May13.csv,SM,STARMINE_COVERED,COVERED,BULLISH,4.0,True,TEXT_MAPPED
2026-05-13,2026-05-13T15:28:42.825732+00:00,RUN-REAL-ESS-20260513-002,FIDELITY,SecurityExtract_ESS_2026May13.csv,SNA,STARMINE_COVERED,COVERED,BULLISH,4.0,True,TEXT_MAPPED
2026-05-13,2026-05-13T15:28:42.825732+00:00,RUN-REAL-ESS-20260513-002,FIDELITY,SecurityExtract_ESS_2026May13.csv,SR,STARMINE_COVERED,COVERED,BULLISH,4.0,True,TEXT_MAPPED
2026-05-13,2026-05-13T15:28:42.825732+00:00,RUN-REAL-ESS-20260513-002,FIDELITY,SecurityExtract_ESS_2026May13.csv,SPSC,STARMINE_COVERED,COVERED,BULLISH,4.0,True,TEXT_MAPPED
2026-05-13,2026-05-13T15:28:42.825732+00:00,RUN-REAL-ESS-20260513-002,FIDELITY,SecurityExtract_ESS_2026May13.csv,STGW,STARMINE_COVERED,COVERED,BULLISH,4.0,True,TEXT_MAPPED
2026-05-13,2026-05-13T15:28:42.825732+00:00,RUN-REAL-ESS-20260513-002,FIDELITY,SecurityExtract_ESS_2026May13.csv,LAB,STARMINE_COVERED,COVERED,BULLISH,4.0,True,TEXT_MAPPED
2026-05-13,2026-05-13T15:28:42.825732+00:00,RUN-REAL-ESS-20260513-002,FIDELITY,SecurityExtract_ESS_2026May13.csv,SARO,STARMINE_COVERED,COVERED,BULLISH,4.0,True,TEXT_MAPPED
2026-05-13,2026-05-13T15:28:42.825732+00:00,RUN-REAL-ESS-20260513-002,FIDELITY,SecurityExtract_ESS_2026May13.csv,STN,STARMINE_COVERED,COVERED,BULLISH,4.0,True,TEXT_MAPPED
2026-05-13,2026-05-13T15:28:42.825732+00:00,RUN-REAL-ESS-20260513-002,FIDELITY,SecurityExtract_ESS_2026May13.csv,STE,STARMINE_COVERED,COVERED,BULLISH,4.0,True,TEXT_MAPPED
2026-05-13,2026-05-13T15:28:42.825732+00:00,RUN-REAL-ESS-20260513-002,FIDELITY,SecurityExtract_ESS_2026May13.csv,STC,STARMINE_COVERED,COVERED,BULLISH,4.0,True,TEXT_MAPPED
2026-05-13,2026-05-13T15:28:42.825732+00:00,RUN-REAL-ESS-20260513-002,FIDELITY,SecurityExtract_ESS_2026May13.csv,SF,STARMINE_COVERED,COVERED,BULLISH,4.0,True,TEXT_MAPPED
2026-05-13,2026-05-13T15:28:42.825732+00:00,RUN-REAL-ESS-20260513-002,FIDELITY,SecurityExtract_ESS_2026May13.csv,STRA,STARMINE_COVERED,COVERED,BULLISH,4.0,True,TEXT_MAPPED
2026-05-13,2026-05-13T15:28:42.825732+00:00,RUN-REAL-ESS-20260513-002,FIDELITY,SecurityExtract_ESS_2026May13.csv,STRT,STARMINE_COVERED,COVERED,BULLISH,4.0,True,TEXT_MAPPED
2026-05-13,2026-05-13T15:28:42.825732+00:00,RUN-REAL-ESS-20260513-002,FIDELITY,SecurityExtract_ESS_2026May13.csv,SLF,STARMINE_COVERED,COVERED,BULLISH,4.0,True,TEXT_MAPPED
2026-05-13,2026-05-13T15:28:42.825732+00:00,RUN-REAL-ESS-20260513-002,FIDELITY,SecurityExtract_ESS_2026May13.csv,SHO,STARMINE_COVERED,COVERED,BULLISH,4.0,True,TEXT_MAPPED
2026-05-13,2026-05-13T15:28:42.825732+00:00,RUN-REAL-ESS-20260513-002,FIDELITY,SecurityExtract_ESS_2026May13.csv,SYF,STARMINE_COVERED,COVERED,BULLISH,4.0,True,TEXT_MAPPED
2026-05-13,2026-05-13T15:28:42.825732+00:00,RUN-REAL-ESS-20260513-002,FIDELITY,SecurityExtract_ESS_2026May13.csv,TMUS,STARMINE_COVERED,COVERED,BULLISH,4.0,True,TEXT_MAPPED
2026-05-13,2026-05-13T15:28:42.825732+00:00,RUN-REAL-ESS-20260513-002,FIDELITY,SecurityExtract_ESS_2026May13.csv,TCMD,STARMINE_COVERED,COVERED,BULLISH,4.0,True,TEXT_MAPPED
2026-05-13,2026-05-13T15:28:42.825732+00:00,RUN-REAL-ESS-20260513-002,FIDELITY,SecurityExtract_ESS_2026May13.csv,TSM,STARMINE_COVERED,COVERED,BULLISH,4.0,True,TEXT_MAPPED
2026-05-13,2026-05-13T15:28:42.825732+00:00,RUN-REAL-ESS-20260513-002,FIDELITY,SecurityExtract_ESS_2026May13.csv,TRGP,STARMINE_COVERED,COVERED,BULLISH,4.0,True,TEXT_MAPPED
2026-05-13,2026-05-13T15:28:42.825732+00:00,RUN-REAL-ESS-20260513-002,FIDELITY,SecurityExtract_ESS_2026May13.csv,TEL,STARMINE_COVERED,COVERED,BULLISH,4.0,True,TEXT_MAPPED
2026-05-13,2026-05-13T15:28:42.825732+00:00,RUN-REAL-ESS-20260513-002,FIDELITY,SecurityExtract_ESS_2026May13.csv,TDY,STARMINE_COVERED,COVERED,BULLISH,4.0,True,TEXT_MAPPED
2026-05-13,2026-05-13T15:28:42.825732+00:00,RUN-REAL-ESS-20260513-002,FIDELITY,SecurityExtract_ESS_2026May13.csv,TME,STARMINE_COVERED,COVERED,BULLISH,4.0,True,TEXT_MAPPED
2026-05-13,2026-05-13T15:28:42.825732+00:00,RUN-REAL-ESS-20260513-002,FIDELITY,SecurityExtract_ESS_2026May13.csv,THC,STARMINE_COVERED,COVERED,BULLISH,4.0,True,TEXT_MAPPED
2026-05-13,2026-05-13T15:28:42.825732+00:00,RUN-REAL-ESS-20260513-002,FIDELITY,SecurityExtract_ESS_2026May13.csv,TDC,STARMINE_COVERED,COVERED,BULLISH,4.0,True,TEXT_MAPPED
2026-05-13,2026-05-13T15:28:42.825732+00:00,RUN-REAL-ESS-20260513-002,FIDELITY,SecurityExtract_ESS_2026May13.csv,TER,STARMINE_COVERED,COVERED,BULLISH,4.0,True,TEXT_MAPPED
2026-05-13,2026-05-13T15:28:42.825732+00:00,RUN-REAL-ESS-20260513-002,FIDELITY,SecurityExtract_ESS_2026May13.csv,TEX,STARMINE_COVERED,COVERED,BULLISH,4.0,True,TEXT_MAPPED
2026-05-13,2026-05-13T15:28:42.825732+00:00,RUN-REAL-ESS-20260513-002,FIDELITY,SecurityExtract_ESS_2026May13.csv,TX,STARMINE_COVERED,COVERED,BULLISH,4.0,True,TEXT_MAPPED
2026-05-13,2026-05-13T15:28:42.825732+00:00,RUN-REAL-ESS-20260513-002,FIDELITY,SecurityExtract_ESS_2026May13.csv,TRNO,STARMINE_COVERED,COVERED,BULLISH,4.0,True,TEXT_MAPPED
2026-05-13,2026-05-13T15:28:42.825732+00:00,RUN-REAL-ESS-20260513-002,FIDELITY,SecurityExtract_ESS_2026May13.csv,TEVA,STARMINE_COVERED,COVERED,BULLISH,4.0,True,TEXT_MAPPED
2026-05-13,2026-05-13T15:28:42.825732+00:00,RUN-REAL-ESS-20260513-002,FIDELITY,SecurityExtract_ESS_2026May13.csv,TCBI,STARMINE_COVERED,COVERED,BULLISH,4.0,True,TEXT_MAPPED
2026-05-13,2026-05-13T15:28:42.825732+00:00,RUN-REAL-ESS-20260513-002,FIDELITY,SecurityExtract_ESS_2026May13.csv,THR,STARMINE_COVERED,COVERED,BULLISH,4.0,True,TEXT_MAPPED
2026-05-13,2026-05-13T15:28:42.825732+00:00,RUN-REAL-ESS-20260513-002,FIDELITY,SecurityExtract_ESS_2026May13.csv,TLYS,STARMINE_COVERED,COVERED,BULLISH,4.0,True,TEXT_MAPPED
2026-05-13,2026-05-13T15:28:42.825732+00:00,RUN-REAL-ESS-20260513-002,FIDELITY,SecurityExtract_ESS_2026May13.csv,TM,STARMINE_COVERED,COVERED,BULLISH,4.0,True,TEXT_MAPPED
2026-05-13,2026-05-13T15:28:42.825732+00:00,RUN-REAL-ESS-20260513-002,FIDELITY,SecurityExtract_ESS_2026May13.csv,TT,STARMINE_COVERED,COVERED,BULLISH,4.0,True,TEXT_MAPPED
2026-05-13,2026-05-13T15:28:42.825732+00:00,RUN-REAL-ESS-20260513-002,FIDELITY,SecurityExtract_ESS_2026May13.csv,TCBK,STARMINE_COVERED,COVERED,BULLISH,4.0,True,TEXT_MAPPED
2026-05-13,2026-05-13T15:28:42.825732+00:00,RUN-REAL-ESS-20260513-002,FIDELITY,SecurityExtract_ESS_2026May13.csv,TROX,STARMINE_COVERED,COVERED,BULLISH,4.0,True,TEXT_MAPPED
2026-05-13,2026-05-13T15:28:42.825732+00:00,RUN-REAL-ESS-20260513-002,FIDELITY,SecurityExtract_ESS_2026May13.csv,TFC,STARMINE_COVERED,COVERED,BULLISH,4.0,True,TEXT_MAPPED
2026-05-13,2026-05-13T15:28:42.825732+00:00,RUN-REAL-ESS-20260513-002,FIDELITY,SecurityExtract_ESS_2026May13.csv,TPC,STARMINE_COVERED,COVERED,BULLISH,4.0,True,TEXT_MAPPED
2026-05-13,2026-05-13T15:28:42.825732+00:00,RUN-REAL-ESS-20260513-002,FIDELITY,SecurityExtract_ESS_2026May13.csv,TWLO,STARMINE_COVERED,COVERED,BULLISH,4.0,True,TEXT_MAPPED
2026-05-13,2026-05-13T15:28:42.825732+00:00,RUN-REAL-ESS-20260513-002,FIDELITY,SecurityExtract_ESS_2026May13.csv,UHAL,STARMINE_COVERED,COVERED,BULLISH,4.0,True,TEXT_MAPPED
2026-05-13,2026-05-13T15:28:42.825732+00:00,RUN-REAL-ESS-20260513-002,FIDELITY,SecurityExtract_ESS_2026May13.csv,UI,STARMINE_COVERED,COVERED,BULLISH,4.0,True,TEXT_MAPPED
2026-05-13,2026-05-13T15:28:42.825732+00:00,RUN-REAL-ESS-20260513-002,FIDELITY,SecurityExtract_ESS_2026May13.csv,UDR,STARMINE_COVERED,COVERED,BULLISH,4.0,True,TEXT_MAPPED
2026-05-13,2026-05-13T15:28:42.825732+00:00,RUN-REAL-ESS-20260513-002,FIDELITY,SecurityExtract_ESS_2026May13.csv,UGI,STARMINE_COVERED,COVERED,BULLISH,4.0,True,TEXT_MAPPED
2026-05-13,2026-05-13T15:28:42.825732+00:00,RUN-REAL-ESS-20260513-002,FIDELITY,SecurityExtract_ESS_2026May13.csv,UMBF,STARMINE_COVERED,COVERED,BULLISH,4.0,True,TEXT_MAPPED
2026-05-13,2026-05-13T15:28:42.825732+00:00,RUN-REAL-ESS-20260513-002,FIDELITY,SecurityExtract_ESS_2026May13.csv,UBSI,STARMINE_COVERED,COVERED,BULLISH,4.0,True,TEXT_MAPPED
2026-05-13,2026-05-13T15:28:42.825732+00:00,RUN-REAL-ESS-20260513-002,FIDELITY,SecurityExtract_ESS_2026May13.csv,UCB,STARMINE_COVERED,COVERED,BULLISH,4.0,True,TEXT_MAPPED
2026-05-13,2026-05-13T15:28:42.825732+00:00,RUN-REAL-ESS-20260513-002,FIDELITY,SecurityExtract_ESS_2026May13.csv,URI,STARMINE_COVERED,COVERED,BULLISH,4.0,True,TEXT_MAPPED
2026-05-13,2026-05-13T15:28:42.825732+00:00,RUN-REAL-ESS-20260513-002,FIDELITY,SecurityExtract_ESS_2026May13.csv,UTHR,STARMINE_COVERED,COVERED,BULLISH,4.0,True,TEXT_MAPPED
2026-05-13,2026-05-13T15:28:42.825732+00:00,RUN-REAL-ESS-20260513-002,FIDELITY,SecurityExtract_ESS_2026May13.csv,ULH,STARMINE_COVERED,COVERED,BULLISH,4.0,True,TEXT_MAPPED
2026-05-13,2026-05-13T15:28:42.825732+00:00,RUN-REAL-ESS-20260513-002,FIDELITY,SecurityExtract_ESS_2026May13.csv,UPBD,STARMINE_COVERED,COVERED,BULLISH,4.0,True,TEXT_MAPPED
2026-05-13,2026-05-13T15:28:42.825732+00:00,RUN-REAL-ESS-20260513-002,FIDELITY,SecurityExtract_ESS_2026May13.csv,VFC,STARMINE_COVERED,COVERED,BULLISH,4.0,True,TEXT_MAPPED
2026-05-13,2026-05-13T15:28:42.825732+00:00,RUN-REAL-ESS-20260513-002,FIDELITY,SecurityExtract_ESS_2026May13.csv,VALE,STARMINE_COVERED,COVERED,BULLISH,4.0,True,TEXT_MAPPED
2026-05-13,2026-05-13T15:28:42.825732+00:00,RUN-REAL-ESS-20260513-002,FIDELITY,SecurityExtract_ESS_2026May13.csv,VLY,STARMINE_COVERED,COVERED,BULLISH,4.0,True,TEXT_MAPPED
2026-05-13,2026-05-13T15:28:42.825732+00:00,RUN-REAL-ESS-20260513-002,FIDELITY,SecurityExtract_ESS_2026May13.csv,VEEV,STARMINE_COVERED,COVERED,BULLISH,4.0,True,TEXT_MAPPED
2026-05-13,2026-05-13T15:28:42.825732+00:00,RUN-REAL-ESS-20260513-002,FIDELITY,SecurityExtract_ESS_2026May13.csv,VRSN,STARMINE_COVERED,COVERED,BULLISH,4.0,True,TEXT_MAPPED
2026-05-13,2026-05-13T15:28:42.825732+00:00,RUN-REAL-ESS-20260513-002,FIDELITY,SecurityExtract_ESS_2026May13.csv,VRT,STARMINE_COVERED,COVERED,BULLISH,4.0,True,TEXT_MAPPED
2026-05-13,2026-05-13T15:28:42.825732+00:00,RUN-REAL-ESS-20260513-002,FIDELITY,SecurityExtract_ESS_2026May13.csv,VSAT,STARMINE_COVERED,COVERED,BULLISH,4.0,True,TEXT_MAPPED
2026-05-13,2026-05-13T15:28:42.825732+00:00,RUN-REAL-ESS-20260513-002,FIDELITY,SecurityExtract_ESS_2026May13.csv,VTRS,STARMINE_COVERED,COVERED,BULLISH,4.0,True,TEXT_MAPPED
2026-05-13,2026-05-13T15:28:42.825732+00:00,RUN-REAL-ESS-20260513-002,FIDELITY,SecurityExtract_ESS_2026May13.csv,VSCO,STARMINE_COVERED,COVERED,BULLISH,4.0,True,TEXT_MAPPED
2026-05-13,2026-05-13T15:28:42.825732+00:00,RUN-REAL-ESS-20260513-002,FIDELITY,SecurityExtract_ESS_2026May13.csv,VCTR,STARMINE_COVERED,COVERED,BULLISH,4.0,True,TEXT_MAPPED
2026-05-13,2026-05-13T15:28:42.825732+00:00,RUN-REAL-ESS-20260513-002,FIDELITY,SecurityExtract_ESS_2026May13.csv,VIRT,STARMINE_COVERED,COVERED,BULLISH,4.0,True,TEXT_MAPPED
2026-05-13,2026-05-13T15:28:42.825732+00:00,RUN-REAL-ESS-20260513-002,FIDELITY,SecurityExtract_ESS_2026May13.csv,VNO,STARMINE_COVERED,COVERED,BULLISH,4.0,True,TEXT_MAPPED
2026-05-13,2026-05-13T15:28:42.825732+00:00,RUN-REAL-ESS-20260513-002,FIDELITY,SecurityExtract_ESS_2026May13.csv,WTI,STARMINE_COVERED,COVERED,BULLISH,4.0,True,TEXT_MAPPED
2026-05-13,2026-05-13T15:28:42.825732+00:00,RUN-REAL-ESS-20260513-002,FIDELITY,SecurityExtract_ESS_2026May13.csv,WPC,STARMINE_COVERED,COVERED,BULLISH,4.0,True,TEXT_MAPPED
2026-05-13,2026-05-13T15:28:42.825732+00:00,RUN-REAL-ESS-20260513-002,FIDELITY,SecurityExtract_ESS_2026May13.csv,WELL,STARMINE_COVERED,COVERED,BULLISH,4.0,True,TEXT_MAPPED
2026-05-13,2026-05-13T15:28:42.825732+00:00,RUN-REAL-ESS-20260513-002,FIDELITY,SecurityExtract_ESS_2026May13.csv,WCC,STARMINE_COVERED,COVERED,BULLISH,4.0,True,TEXT_MAPPED
2026-05-13,2026-05-13T15:28:42.825732+00:00,RUN-REAL-ESS-20260513-002,FIDELITY,SecurityExtract_ESS_2026May13.csv,WST,STARMINE_COVERED,COVERED,BULLISH,4.0,True,TEXT_MAPPED
2026-05-13,2026-05-13T15:28:42.825732+00:00,RUN-REAL-ESS-20260513-002,FIDELITY,SecurityExtract_ESS_2026May13.csv,WDC,STARMINE_COVERED,COVERED,BULLISH,4.0,True,TEXT_MAPPED
2026-05-13,2026-05-13T15:28:42.825732+00:00,RUN-REAL-ESS-20260513-002,FIDELITY,SecurityExtract_ESS_2026May13.csv,WEX,STARMINE_COVERED,COVERED,BULLISH,4.0,True,TEXT_MAPPED
2026-05-13,2026-05-13T15:28:42.825732+00:00,RUN-REAL-ESS-20260513-002,FIDELITY,SecurityExtract_ESS_2026May13.csv,WSR,STARMINE_COVERED,COVERED,BULLISH,4.0,True,TEXT_MAPPED
2026-05-13,2026-05-13T15:28:42.825732+00:00,RUN-REAL-ESS-20260513-002,FIDELITY,SecurityExtract_ESS_2026May13.csv,WLDN,STARMINE_COVERED,COVERED,BULLISH,4.0,True,TEXT_MAPPED
2026-05-13,2026-05-13T15:28:42.825732+00:00,RUN-REAL-ESS-20260513-002,FIDELITY,SecurityExtract_ESS_2026May13.csv,WMB,STARMINE_COVERED,COVERED,BULLISH,4.0,True,TEXT_MAPPED
2026-05-13,2026-05-13T15:28:42.825732+00:00,RUN-REAL-ESS-20260513-002,FIDELITY,SecurityExtract_ESS_2026May13.csv,WTW,STARMINE_COVERED,COVERED,BULLISH,4.0,True,TEXT_MAPPED
2026-05-13,2026-05-13T15:28:42.825732+00:00,RUN-REAL-ESS-20260513-002,FIDELITY,SecurityExtract_ESS_2026May13.csv,WKC,STARMINE_COVERED,COVERED,BULLISH,4.0,True,TEXT_MAPPED
2026-05-13,2026-05-13T15:28:42.825732+00:00,RUN-REAL-ESS-20260513-002,FIDELITY,SecurityExtract_ESS_2026May13.csv,XPEL,STARMINE_COVERED,COVERED,BULLISH,4.0,True,TEXT_MAPPED
2026-05-13,2026-05-13T15:28:42.825732+00:00,RUN-REAL-ESS-20260513-002,FIDELITY,SecurityExtract_ESS_2026May13.csv,XPO,STARMINE_COVERED,COVERED,BULLISH,4.0,True,TEXT_MAPPED
2026-05-13,2026-05-13T15:28:42.825732+00:00,RUN-REAL-ESS-20260513-002,FIDELITY,SecurityExtract_ESS_2026May13.csv,ZD,STARMINE_COVERED,COVERED,BULLISH,4.0,True,TEXT_MAPPED
2026-05-13,2026-05-13T15:28:42.825732+00:00,RUN-REAL-ESS-20260513-002,FIDELITY,SecurityExtract_ESS_2026May13.csv,ZTS,STARMINE_COVERED,COVERED,BULLISH,4.0,True,TEXT_MAPPED
2026-05-13,2026-05-13T15:28:42.825732+00:00,RUN-REAL-ESS-20260513-002,FIDELITY,SecurityExtract_ESS_2026May13.csv,DDD,STARMINE_COVERED,COVERED,NEUTRAL,3.0,True,TEXT_MAPPED
2026-05-13,2026-05-13T15:28:42.825732+00:00,RUN-REAL-ESS-20260513-002,FIDELITY,SecurityExtract_ESS_2026May13.csv,ATEN,STARMINE_COVERED,COVERED,NEUTRAL,3.0,True,TEXT_MAPPED
2026-05-13,2026-05-13T15:28:42.825732+00:00,RUN-REAL-ESS-20260513-002,FIDELITY,SecurityExtract_ESS_2026May13.csv,ABM,STARMINE_COVERED,COVERED,NEUTRAL,3.0,True,TEXT_MAPPED
2026-05-13,2026-05-13T15:28:42.825732+00:00,RUN-REAL-ESS-20260513-002,FIDELITY,SecurityExtract_ESS_2026May13.csv,ACTG,STARMINE_COVERED,COVERED,NEUTRAL,3.0,True,TEXT_MAPPED
2026-05-13,2026-05-13T15:28:42.825732+00:00,RUN-REAL-ESS-20260513-002,FIDELITY,SecurityExtract_ESS_2026May13.csv,ACAD,STARMINE_COVERED,COVERED,NEUTRAL,3.0,True,TEXT_MAPPED
2026-05-13,2026-05-13T15:28:42.825732+00:00,RUN-REAL-ESS-20260513-002,FIDELITY,SecurityExtract_ESS_2026May13.csv,ACIW,STARMINE_COVERED,COVERED,NEUTRAL,3.0,True,TEXT_MAPPED
2026-05-13,2026-05-13T15:28:42.825732+00:00,RUN-REAL-ESS-20260513-002,FIDELITY,SecurityExtract_ESS_2026May13.csv,AYI,STARMINE_COVERED,COVERED,NEUTRAL,3.0,True,TEXT_MAPPED
2026-05-13,2026-05-13T15:28:42.825732+00:00,RUN-REAL-ESS-20260513-002,FIDELITY,SecurityExtract_ESS_2026May13.csv,GOLF,STARMINE_COVERED,COVERED,NEUTRAL,3.0,True,TEXT_MAPPED
2026-05-13,2026-05-13T15:28:42.825732+00:00,RUN-REAL-ESS-20260513-002,FIDELITY,SecurityExtract_ESS_2026May13.csv,ADAM,STARMINE_COVERED,COVERED,NEUTRAL,3.0,True,TEXT_MAPPED
2026-05-13,2026-05-13T15:28:42.825732+00:00,RUN-REAL-ESS-20260513-002,FIDELITY,SecurityExtract_ESS_2026May13.csv,ADTN,STARMINE_COVERED,COVERED,NEUTRAL,3.0,True,TEXT_MAPPED
2026-05-13,2026-05-13T15:28:42.825732+00:00,RUN-REAL-ESS-20260513-002,FIDELITY,SecurityExtract_ESS_2026May13.csv,AER,STARMINE_COVERED,COVERED,NEUTRAL,3.0,True,TEXT_MAPPED
2026-05-13,2026-05-13T15:28:42.825732+00:00,RUN-REAL-ESS-20260513-002,FIDELITY,SecurityExtract_ESS_2026May13.csv,AMG,STARMINE_COVERED,COVERED,NEUTRAL,3.0,True,TEXT_MAPPED
2026-05-13,2026-05-13T15:28:42.825732+00:00,RUN-REAL-ESS-20260513-002,FIDELITY,SecurityExtract_ESS_2026May13.csv,AGNC,STARMINE_COVERED,COVERED,NEUTRAL,3.0,True,TEXT_MAPPED
2026-05-13,2026-05-13T15:28:42.825732+00:00,RUN-REAL-ESS-20260513-002,FIDELITY,SecurityExtract_ESS_2026May13.csv,ABNB,STARMINE_COVERED,COVERED,NEUTRAL,3.0,True,TEXT_MAPPED
2026-05-13,2026-05-13T15:28:42.825732+00:00,RUN-REAL-ESS-20260513-002,FIDELITY,SecurityExtract_ESS_2026May13.csv,ALG,STARMINE_COVERED,COVERED,NEUTRAL,3.0,True,TEXT_MAPPED
2026-05-13,2026-05-13T15:28:42.825732+00:00,RUN-REAL-ESS-20260513-002,FIDELITY,SecurityExtract_ESS_2026May13.csv,ALRM,STARMINE_COVERED,COVERED,NEUTRAL,3.0,True,TEXT_MAPPED
2026-05-13,2026-05-13T15:28:42.825732+00:00,RUN-REAL-ESS-20260513-002,FIDELITY,SecurityExtract_ESS_2026May13.csv,ALB,STARMINE_COVERED,COVERED,NEUTRAL,3.0,True,TEXT_MAPPED
2026-05-13,2026-05-13T15:28:42.825732+00:00,RUN-REAL-ESS-20260513-002,FIDELITY,SecurityExtract_ESS_2026May13.csv,ALC,STARMINE_COVERED,COVERED,NEUTRAL,3.0,True,TEXT_MAPPED
2026-05-13,2026-05-13T15:28:42.825732+00:00,RUN-REAL-ESS-20260513-002,FIDELITY,SecurityExtract_ESS_2026May13.csv,ALDX,STARMINE_COVERED,COVERED,NEUTRAL,3.0,True,TEXT_MAPPED
2026-05-13,2026-05-13T15:28:42.825732+00:00,RUN-REAL-ESS-20260513-002,FIDELITY,SecurityExtract_ESS_2026May13.csv,ALX,STARMINE_COVERED,COVERED,NEUTRAL,3.0,True,TEXT_MAPPED
2026-05-13,2026-05-13T15:28:42.825732+00:00,RUN-REAL-ESS-20260513-002,FIDELITY,SecurityExtract_ESS_2026May13.csv,ALSN,STARMINE_COVERED,COVERED,NEUTRAL,3.0,True,TEXT_MAPPED
2026-05-13,2026-05-13T15:28:42.825732+00:00,RUN-REAL-ESS-20260513-002,FIDELITY,SecurityExtract_ESS_2026May13.csv,ALT,STARMINE_COVERED,COVERED,NEUTRAL,3.0,True,TEXT_MAPPED
2026-05-13,2026-05-13T15:28:42.825732+00:00,RUN-REAL-ESS-20260513-002,FIDELITY,SecurityExtract_ESS_2026May13.csv,AMBA,STARMINE_COVERED,COVERED,NEUTRAL,3.0,True,TEXT_MAPPED
2026-05-13,2026-05-13T15:28:42.825732+00:00,RUN-REAL-ESS-20260513-002,FIDELITY,SecurityExtract_ESS_2026May13.csv,ABEV,STARMINE_COVERED,COVERED,NEUTRAL,3.0,True,TEXT_MAPPED
2026-05-13,2026-05-13T15:28:42.825732+00:00,RUN-REAL-ESS-20260513-002,FIDELITY,SecurityExtract_ESS_2026May13.csv,DOX,STARMINE_COVERED,COVERED,NEUTRAL,3.0,True,TEXT_MAPPED
2026-05-13,2026-05-13T15:28:42.825732+00:00,RUN-REAL-ESS-20260513-002,FIDELITY,SecurityExtract_ESS_2026May13.csv,AEE,STARMINE_COVERED,COVERED,NEUTRAL,3.0,True,TEXT_MAPPED
2026-05-13,2026-05-13T15:28:42.825732+00:00,RUN-REAL-ESS-20260513-002,FIDELITY,SecurityExtract_ESS_2026May13.csv,AVD,STARMINE_COVERED,COVERED,NEUTRAL,3.0,True,TEXT_MAPPED
2026-05-13,2026-05-13T15:28:42.825732+00:00,RUN-REAL-ESS-20260513-002,FIDELITY,SecurityExtract_ESS_2026May13.csv,AMGN,STARMINE_COVERED,COVERED,NEUTRAL,3.0,True,TEXT_MAPPED
2026-05-13,2026-05-13T15:28:42.825732+00:00,RUN-REAL-ESS-20260513-002,FIDELITY,SecurityExtract_ESS_2026May13.csv,AVXL,STARMINE_COVERED,COVERED,NEUTRAL,3.0,True,TEXT_MAPPED
2026-05-13,2026-05-13T15:28:42.825732+00:00,RUN-REAL-ESS-20260513-002,FIDELITY,SecurityExtract_ESS_2026May13.csv,BUD,STARMINE_COVERED,COVERED,NEUTRAL,3.0,True,TEXT_MAPPED
2026-05-13,2026-05-13T15:28:42.825732+00:00,RUN-REAL-ESS-20260513-002,FIDELITY,SecurityExtract_ESS_2026May13.csv,AR,STARMINE_COVERED,COVERED,NEUTRAL,3.0,True,TEXT_MAPPED
2026-05-13,2026-05-13T15:28:42.825732+00:00,RUN-REAL-ESS-20260513-002,FIDELITY,SecurityExtract_ESS_2026May13.csv,APOG,STARMINE_COVERED,COVERED,NEUTRAL,3.0,True,TEXT_MAPPED
2026-05-13,2026-05-13T15:28:42.825732+00:00,RUN-REAL-ESS-20260513-002,FIDELITY,SecurityExtract_ESS_2026May13.csv,ARI,STARMINE_COVERED,COVERED,NEUTRAL,3.0,True,TEXT_MAPPED
2026-05-13,2026-05-13T15:28:42.825732+00:00,RUN-REAL-ESS-20260513-002,FIDELITY,SecurityExtract_ESS_2026May13.csv,APLE,STARMINE_COVERED,COVERED,NEUTRAL,3.0,True,TEXT_MAPPED
2026-05-13,2026-05-13T15:28:42.825732+00:00,RUN-REAL-ESS-20260513-002,FIDELITY,SecurityExtract_ESS_2026May13.csv,ABR,STARMINE_COVERED,COVERED,NEUTRAL,3.0,True,TEXT_MAPPED
2026-05-13,2026-05-13T15:28:42.825732+00:00,RUN-REAL-ESS-20260513-002,FIDELITY,SecurityExtract_ESS_2026May13.csv,ACRE,STARMINE_COVERED,COVERED,NEUTRAL,3.0,True,TEXT_MAPPED
2026-05-13,2026-05-13T15:28:42.825732+00:00,RUN-REAL-ESS-20260513-002,FIDELITY,SecurityExtract_ESS_2026May13.csv,APAM,STARMINE_COVERED,COVERED,NEUTRAL,3.0,True,TEXT_MAPPED
2026-05-13,2026-05-13T15:28:42.825732+00:00,RUN-REAL-ESS-20260513-002,FIDELITY,SecurityExtract_ESS_2026May13.csv,ABG,STARMINE_COVERED,COVERED,NEUTRAL,3.0,True,TEXT_MAPPED
2026-05-13,2026-05-13T15:28:42.825732+00:00,RUN-REAL-ESS-20260513-002,FIDELITY,SecurityExtract_ESS_2026May13.csv,ASND,STARMINE_COVERED,COVERED,NEUTRAL,3.0,True,TEXT_MAPPED
2026-05-13,2026-05-13T15:28:42.825732+00:00,RUN-REAL-ESS-20260513-002,FIDELITY,SecurityExtract_ESS_2026May13.csv,ASUR,STARMINE_COVERED,COVERED,NEUTRAL,3.0,True,TEXT_MAPPED
2026-05-13,2026-05-13T15:28:42.825732+00:00,RUN-REAL-ESS-20260513-002,FIDELITY,SecurityExtract_ESS_2026May13.csv,AUB,STARMINE_COVERED,COVERED,NEUTRAL,3.0,True,TEXT_MAPPED
2026-05-13,2026-05-13T15:28:42.825732+00:00,RUN-REAL-ESS-20260513-002,FIDELITY,SecurityExtract_ESS_2026May13.csv,ATMU,STARMINE_COVERED,COVERED,NEUTRAL,3.0,True,TEXT_MAPPED
2026-05-13,2026-05-13T15:28:42.825732+00:00,RUN-REAL-ESS-20260513-002,FIDELITY,SecurityExtract_ESS_2026May13.csv,ADP,STARMINE_COVERED,COVERED,NEUTRAL,3.0,True,TEXT_MAPPED
2026-05-13,2026-05-13T15:28:42.825732+00:00,RUN-REAL-ESS-20260513-002,FIDELITY,SecurityExtract_ESS_2026May13.csv,ACLS,STARMINE_COVERED,COVERED,NEUTRAL,3.0,True,TEXT_MAPPED
2026-05-13,2026-05-13T15:28:42.825732+00:00,RUN-REAL-ESS-20260513-002,FIDELITY,SecurityExtract_ESS_2026May13.csv,BTG,STARMINE_COVERED,COVERED,NEUTRAL,3.0,True,TEXT_MAPPED
2026-05-13,2026-05-13T15:28:42.825732+00:00,RUN-REAL-ESS-20260513-002,FIDELITY,SecurityExtract_ESS_2026May13.csv,BMI,STARMINE_COVERED,COVERED,NEUTRAL,3.0,True,TEXT_MAPPED
2026-05-13,2026-05-13T15:28:42.825732+00:00,RUN-REAL-ESS-20260513-002,FIDELITY,SecurityExtract_ESS_2026May13.csv,BCPC,STARMINE_COVERED,COVERED,NEUTRAL,3.0,True,TEXT_MAPPED
2026-05-13,2026-05-13T15:28:42.825732+00:00,RUN-REAL-ESS-20260513-002,FIDELITY,SecurityExtract_ESS_2026May13.csv,BANC,STARMINE_COVERED,COVERED,NEUTRAL,3.0,True,TEXT_MAPPED
2026-05-13,2026-05-13T15:28:42.825732+00:00,RUN-REAL-ESS-20260513-002,FIDELITY,SecurityExtract_ESS_2026May13.csv,BSBR,STARMINE_COVERED,COVERED,NEUTRAL,3.0,True,TEXT_MAPPED
2026-05-13,2026-05-13T15:28:42.825732+00:00,RUN-REAL-ESS-20260513-002,FIDELITY,SecurityExtract_ESS_2026May13.csv,BANR,STARMINE_COVERED,COVERED,NEUTRAL,3.0,True,TEXT_MAPPED
2026-05-13,2026-05-13T15:28:42.825732+00:00,RUN-REAL-ESS-20260513-002,FIDELITY,SecurityExtract_ESS_2026May13.csv,BCS,STARMINE_COVERED,COVERED,NEUTRAL,3.0,True,TEXT_MAPPED
2026-05-13,2026-05-13T15:28:42.825732+00:00,RUN-REAL-ESS-20260513-002,FIDELITY,SecurityExtract_ESS_2026May13.csv,BNED,STARMINE_COVERED,COVERED,NEUTRAL,3.0,True,TEXT_MAPPED
2026-05-13,2026-05-13T15:28:42.825732+00:00,RUN-REAL-ESS-20260513-002,FIDELITY,SecurityExtract_ESS_2026May13.csv,B,STARMINE_COVERED,COVERED,NEUTRAL,3.0,True,TEXT_MAPPED
2026-05-13,2026-05-13T15:28:42.825732+00:00,RUN-REAL-ESS-20260513-002,FIDELITY,SecurityExtract_ESS_2026May13.csv,BCE,STARMINE_COVERED,COVERED,NEUTRAL,3.0,True,TEXT_MAPPED
2026-05-13,2026-05-13T15:28:42.825732+00:00,RUN-REAL-ESS-20260513-002,FIDELITY,SecurityExtract_ESS_2026May13.csv,BDX,STARMINE_COVERED,COVERED,NEUTRAL,3.0,True,TEXT_MAPPED
2026-05-13,2026-05-13T15:28:42.825732+00:00,RUN-REAL-ESS-20260513-002,FIDELITY,SecurityExtract_ESS_2026May13.csv,BGC,STARMINE_COVERED,COVERED,NEUTRAL,3.0,True,TEXT_MAPPED
2026-05-13,2026-05-13T15:28:42.825732+00:00,RUN-REAL-ESS-20260513-002,FIDELITY,SecurityExtract_ESS_2026May13.csv,BJ,STARMINE_COVERED,COVERED,NEUTRAL,3.0,True,TEXT_MAPPED
2026-05-13,2026-05-13T15:28:42.825732+00:00,RUN-REAL-ESS-20260513-002,FIDELITY,SecurityExtract_ESS_2026May13.csv,BA,STARMINE_COVERED,COVERED,NEUTRAL,3.0,True,TEXT_MAPPED
2026-05-13,2026-05-13T15:28:42.825732+00:00,RUN-REAL-ESS-20260513-002,FIDELITY,SecurityExtract_ESS_2026May13.csv,BOKF,STARMINE_COVERED,COVERED,NEUTRAL,3.0,True,TEXT_MAPPED
2026-05-13,2026-05-13T15:28:42.825732+00:00,RUN-REAL-ESS-20260513-002,FIDELITY,SecurityExtract_ESS_2026May13.csv,BDN,STARMINE_COVERED,COVERED,NEUTRAL,3.0,True,TEXT_MAPPED
2026-05-13,2026-05-13T15:28:42.825732+00:00,RUN-REAL-ESS-20260513-002,FIDELITY,SecurityExtract_ESS_2026May13.csv,BTSG,STARMINE_COVERED,COVERED,NEUTRAL,3.0,True,TEXT_MAPPED
2026-05-13,2026-05-13T15:28:42.825732+00:00,RUN-REAL-ESS-20260513-002,FIDELITY,SecurityExtract_ESS_2026May13.csv,EAT,STARMINE_COVERED,COVERED,NEUTRAL,3.0,True,TEXT_MAPPED
2026-05-13,2026-05-13T15:28:42.825732+00:00,RUN-REAL-ESS-20260513-002,FIDELITY,SecurityExtract_ESS_2026May13.csv,BNL,STARMINE_COVERED,COVERED,NEUTRAL,3.0,True,TEXT_MAPPED
2026-05-13,2026-05-13T15:28:42.825732+00:00,RUN-REAL-ESS-20260513-002,FIDELITY,SecurityExtract_ESS_2026May13.csv,BRO,STARMINE_COVERED,COVERED,NEUTRAL,3.0,True,TEXT_MAPPED
2026-05-13,2026-05-13T15:28:42.825732+00:00,RUN-REAL-ESS-20260513-002,FIDELITY,SecurityExtract_ESS_2026May13.csv,BKE,STARMINE_COVERED,COVERED,NEUTRAL,3.0,True,TEXT_MAPPED
2026-05-13,2026-05-13T15:28:42.825732+00:00,RUN-REAL-ESS-20260513-002,FIDELITY,SecurityExtract_ESS_2026May13.csv,BBW,STARMINE_COVERED,COVERED,NEUTRAL,3.0,True,TEXT_MAPPED
2026-05-13,2026-05-13T15:28:42.825732+00:00,RUN-REAL-ESS-20260513-002,FIDELITY,SecurityExtract_ESS_2026May13.csv,BWXT,STARMINE_COVERED,COVERED,NEUTRAL,3.0,True,TEXT_MAPPED
2026-05-13,2026-05-13T15:28:42.825732+00:00,RUN-REAL-ESS-20260513-002,FIDELITY,SecurityExtract_ESS_2026May13.csv,BYRN,STARMINE_COVERED,COVERED,NEUTRAL,3.0,True,TEXT_MAPPED
2026-05-13,2026-05-13T15:28:42.825732+00:00,RUN-REAL-ESS-20260513-002,FIDELITY,SecurityExtract_ESS_2026May13.csv,WHD,STARMINE_COVERED,COVERED,NEUTRAL,3.0,True,TEXT_MAPPED
2026-05-13,2026-05-13T15:28:42.825732+00:00,RUN-REAL-ESS-20260513-002,FIDELITY,SecurityExtract_ESS_2026May13.csv,CCBG,STARMINE_COVERED,COVERED,NEUTRAL,3.0,True,TEXT_MAPPED
2026-05-13,2026-05-13T15:28:42.825732+00:00,RUN-REAL-ESS-20260513-002,FIDELITY,SecurityExtract_ESS_2026May13.csv,CARG,STARMINE_COVERED,COVERED,NEUTRAL,3.0,True,TEXT_MAPPED
2026-05-13,2026-05-13T15:28:42.825732+00:00,RUN-REAL-ESS-20260513-002,FIDELITY,SecurityExtract_ESS_2026May13.csv,CARR,STARMINE_COVERED,COVERED,NEUTRAL,3.0,True,TEXT_MAPPED
2026-05-13,2026-05-13T15:28:42.825732+00:00,RUN-REAL-ESS-20260513-002,FIDELITY,SecurityExtract_ESS_2026May13.csv,CASS,STARMINE_COVERED,COVERED,NEUTRAL,3.0,True,TEXT_MAPPED
2026-05-13,2026-05-13T15:28:42.825732+00:00,RUN-REAL-ESS-20260513-002,FIDELITY,SecurityExtract_ESS_2026May13.csv,CAT,STARMINE_COVERED,COVERED,NEUTRAL,3.0,True,TEXT_MAPPED
2026-05-13,2026-05-13T15:28:42.825732+00:00,RUN-REAL-ESS-20260513-002,FIDELITY,SecurityExtract_ESS_2026May13.csv,CAVA,STARMINE_COVERED,COVERED,NEUTRAL,3.0,True,TEXT_MAPPED
2026-05-13,2026-05-13T15:28:42.825732+00:00,RUN-REAL-ESS-20260513-002,FIDELITY,SecurityExtract_ESS_2026May13.csv,CELC,STARMINE_COVERED,COVERED,NEUTRAL,3.0,True,TEXT_MAPPED
2026-05-13,2026-05-13T15:28:42.825732+00:00,RUN-REAL-ESS-20260513-002,FIDELITY,SecurityExtract_ESS_2026May13.csv,CLS,STARMINE_COVERED,COVERED,NEUTRAL,3.0,True,TEXT_MAPPED
2026-05-13,2026-05-13T15:28:42.825732+00:00,RUN-REAL-ESS-20260513-002,FIDELITY,SecurityExtract_ESS_2026May13.csv,CPF,STARMINE_COVERED,COVERED,NEUTRAL,3.0,True,TEXT_MAPPED
2026-05-13,2026-05-13T15:28:42.825732+00:00,RUN-REAL-ESS-20260513-002,FIDELITY,SecurityExtract_ESS_2026May13.csv,CENX,STARMINE_COVERED,COVERED,NEUTRAL,3.0,True,TEXT_MAPPED
2026-05-13,2026-05-13T15:28:42.825732+00:00,RUN-REAL-ESS-20260513-002,FIDELITY,SecurityExtract_ESS_2026May13.csv,CRNT,STARMINE_COVERED,COVERED,NEUTRAL,3.0,True,TEXT_MAPPED
2026-05-13,2026-05-13T15:28:42.825732+00:00,RUN-REAL-ESS-20260513-002,FIDELITY,SecurityExtract_ESS_2026May13.csv,SKY,STARMINE_COVERED,COVERED,NEUTRAL,3.0,True,TEXT_MAPPED
2026-05-13,2026-05-13T15:28:42.825732+00:00,RUN-REAL-ESS-20260513-002,FIDELITY,SecurityExtract_ESS_2026May13.csv,CVX,STARMINE_COVERED,COVERED,NEUTRAL,3.0,True,TEXT_MAPPED
2026-05-13,2026-05-13T15:28:42.825732+00:00,RUN-REAL-ESS-20260513-002,FIDELITY,SecurityExtract_ESS_2026May13.csv,CHH,STARMINE_COVERED,COVERED,NEUTRAL,3.0,True,TEXT_MAPPED
2026-05-13,2026-05-13T15:28:42.825732+00:00,RUN-REAL-ESS-20260513-002,FIDELITY,SecurityExtract_ESS_2026May13.csv,CB,STARMINE_COVERED,COVERED,NEUTRAL,3.0,True,TEXT_MAPPED
2026-05-13,2026-05-13T15:28:42.825732+00:00,RUN-REAL-ESS-20260513-002,FIDELITY,SecurityExtract_ESS_2026May13.csv,CHT,STARMINE_COVERED,COVERED,NEUTRAL,3.0,True,TEXT_MAPPED
2026-05-13,2026-05-13T15:28:42.825732+00:00,RUN-REAL-ESS-20260513-002,FIDELITY,SecurityExtract_ESS_2026May13.csv,CMPR,STARMINE_COVERED,COVERED,NEUTRAL,3.0,True,TEXT_MAPPED
2026-05-13,2026-05-13T15:28:42.825732+00:00,RUN-REAL-ESS-20260513-002,FIDELITY,SecurityExtract_ESS_2026May13.csv,CZWI,STARMINE_COVERED,COVERED,NEUTRAL,3.0,True,TEXT_MAPPED
2026-05-13,2026-05-13T15:28:42.825732+00:00,RUN-REAL-ESS-20260513-002,FIDELITY,SecurityExtract_ESS_2026May13.csv,CHCO,STARMINE_COVERED,COVERED,NEUTRAL,3.0,True,TEXT_MAPPED
2026-05-13,2026-05-13T15:28:42.825732+00:00,RUN-REAL-ESS-20260513-002,FIDELITY,SecurityExtract_ESS_2026May13.csv,CTSH,STARMINE_COVERED,COVERED,NEUTRAL,3.0,True,TEXT_MAPPED
2026-05-13,2026-05-13T15:28:42.825732+00:00,RUN-REAL-ESS-20260513-002,FIDELITY,SecurityExtract_ESS_2026May13.csv,CNS,STARMINE_COVERED,COVERED,NEUTRAL,3.0,True,TEXT_MAPPED
2026-05-13,2026-05-13T15:28:42.825732+00:00,RUN-REAL-ESS-20260513-002,FIDELITY,SecurityExtract_ESS_2026May13.csv,FIX,STARMINE_COVERED,COVERED,NEUTRAL,3.0,True,TEXT_MAPPED
2026-05-13,2026-05-13T15:28:42.825732+00:00,RUN-REAL-ESS-20260513-002,FIDELITY,SecurityExtract_ESS_2026May13.csv,CBSH,STARMINE_COVERED,COVERED,NEUTRAL,3.0,True,TEXT_MAPPED
2026-05-13,2026-05-13T15:28:42.825732+00:00,RUN-REAL-ESS-20260513-002,FIDELITY,SecurityExtract_ESS_2026May13.csv,CHCT,STARMINE_COVERED,COVERED,NEUTRAL,3.0,True,TEXT_MAPPED
2026-05-13,2026-05-13T15:28:42.825732+00:00,RUN-REAL-ESS-20260513-002,FIDELITY,SecurityExtract_ESS_2026May13.csv,CMP,STARMINE_COVERED,COVERED,NEUTRAL,3.0,True,TEXT_MAPPED
2026-05-13,2026-05-13T15:28:42.825732+00:00,RUN-REAL-ESS-20260513-002,FIDELITY,SecurityExtract_ESS_2026May13.csv,CMTL,STARMINE_COVERED,COVERED,NEUTRAL,3.0,True,TEXT_MAPPED
2026-05-13,2026-05-13T15:28:42.825732+00:00,RUN-REAL-ESS-20260513-002,FIDELITY,SecurityExtract_ESS_2026May13.csv,COO,STARMINE_COVERED,COVERED,NEUTRAL,3.0,True,TEXT_MAPPED
2026-05-13,2026-05-13T15:28:42.825732+00:00,RUN-REAL-ESS-20260513-002,FIDELITY,SecurityExtract_ESS_2026May13.csv,CMT,STARMINE_COVERED,COVERED,NEUTRAL,3.0,True,TEXT_MAPPED
2026-05-13,2026-05-13T15:28:42.825732+00:00,RUN-REAL-ESS-20260513-002,FIDELITY,SecurityExtract_ESS_2026May13.csv,CPAY,STARMINE_COVERED,COVERED,NEUTRAL,3.0,True,TEXT_MAPPED
2026-05-13,2026-05-13T15:28:42.825732+00:00,RUN-REAL-ESS-20260513-002,FIDELITY,SecurityExtract_ESS_2026May13.csv,CROX,STARMINE_COVERED,COVERED,NEUTRAL,3.0,True,TEXT_MAPPED
2026-05-13,2026-05-13T15:28:42.825732+00:00,RUN-REAL-ESS-20260513-002,FIDELITY,SecurityExtract_ESS_2026May13.csv,CCRN,STARMINE_COVERED,COVERED,NEUTRAL,3.0,True,TEXT_MAPPED
2026-05-13,2026-05-13T15:28:42.825732+00:00,RUN-REAL-ESS-20260513-002,FIDELITY,SecurityExtract_ESS_2026May13.csv,CVI,STARMINE_COVERED,COVERED,NEUTRAL,3.0,True,TEXT_MAPPED
2026-05-13,2026-05-13T15:28:42.825732+00:00,RUN-REAL-ESS-20260513-002,FIDELITY,SecurityExtract_ESS_2026May13.csv,CVS,STARMINE_COVERED,COVERED,NEUTRAL,3.0,True,TEXT_MAPPED
2026-05-13,2026-05-13T15:28:42.825732+00:00,RUN-REAL-ESS-20260513-002,FIDELITY,SecurityExtract_ESS_2026May13.csv,QBTS,STARMINE_COVERED,COVERED,NEUTRAL,3.0,True,TEXT_MAPPED
2026-05-13,2026-05-13T15:28:42.825732+00:00,RUN-REAL-ESS-20260513-002,FIDELITY,SecurityExtract_ESS_2026May13.csv,DNLI,STARMINE_COVERED,COVERED,NEUTRAL,3.0,True,TEXT_MAPPED
2026-05-13,2026-05-13T15:28:42.825732+00:00,RUN-REAL-ESS-20260513-002,FIDELITY,SecurityExtract_ESS_2026May13.csv,DXCM,STARMINE_COVERED,COVERED,NEUTRAL,3.0,True,TEXT_MAPPED
2026-05-13,2026-05-13T15:28:42.825732+00:00,RUN-REAL-ESS-20260513-002,FIDELITY,SecurityExtract_ESS_2026May13.csv,DHT,STARMINE_COVERED,COVERED,NEUTRAL,3.0,True,TEXT_MAPPED
2026-05-13,2026-05-13T15:28:42.825732+00:00,RUN-REAL-ESS-20260513-002,FIDELITY,SecurityExtract_ESS_2026May13.csv,DBD,STARMINE_COVERED,COVERED,NEUTRAL,3.0,True,TEXT_MAPPED
2026-05-13,2026-05-13T15:28:42.825732+00:00,RUN-REAL-ESS-20260513-002,FIDELITY,SecurityExtract_ESS_2026May13.csv,DBRG,STARMINE_COVERED,COVERED,NEUTRAL,3.0,True,TEXT_MAPPED
2026-05-13,2026-05-13T15:28:42.825732+00:00,RUN-REAL-ESS-20260513-002,FIDELITY,SecurityExtract_ESS_2026May13.csv,DG,STARMINE_COVERED,COVERED,NEUTRAL,3.0,True,TEXT_MAPPED
2026-05-13,2026-05-13T15:28:42.825732+00:00,RUN-REAL-ESS-20260513-002,FIDELITY,SecurityExtract_ESS_2026May13.csv,DFIN,STARMINE_COVERED,COVERED,NEUTRAL,3.0,True,TEXT_MAPPED
2026-05-13,2026-05-13T15:28:42.825732+00:00,RUN-REAL-ESS-20260513-002,FIDELITY,SecurityExtract_ESS_2026May13.csv,DV,STARMINE_COVERED,COVERED,NEUTRAL,3.0,True,TEXT_MAPPED
2026-05-13,2026-05-13T15:28:42.825732+00:00,RUN-REAL-ESS-20260513-002,FIDELITY,SecurityExtract_ESS_2026May13.csv,DEI,STARMINE_COVERED,COVERED,NEUTRAL,3.0,True,TEXT_MAPPED
2026-05-13,2026-05-13T15:28:42.825732+00:00,RUN-REAL-ESS-20260513-002,FIDELITY,SecurityExtract_ESS_2026May13.csv,DOCS,STARMINE_COVERED,COVERED,NEUTRAL,3.0,True,TEXT_MAPPED
2026-05-13,2026-05-13T15:28:42.825732+00:00,RUN-REAL-ESS-20260513-002,FIDELITY,SecurityExtract_ESS_2026May13.csv,DD,STARMINE_COVERED,COVERED,NEUTRAL,3.0,True,TEXT_MAPPED
2026-05-13,2026-05-13T15:28:42.825732+00:00,RUN-REAL-ESS-20260513-002,FIDELITY,SecurityExtract_ESS_2026May13.csv,BROS,STARMINE_COVERED,COVERED,NEUTRAL,3.0,True,TEXT_MAPPED
2026-05-13,2026-05-13T15:28:42.825732+00:00,RUN-REAL-ESS-20260513-002,FIDELITY,SecurityExtract_ESS_2026May13.csv,EMN,STARMINE_COVERED,COVERED,NEUTRAL,3.0,True,TEXT_MAPPED
2026-05-13,2026-05-13T15:28:42.825732+00:00,RUN-REAL-ESS-20260513-002,FIDELITY,SecurityExtract_ESS_2026May13.csv,EBAY,STARMINE_COVERED,COVERED,NEUTRAL,3.0,True,TEXT_MAPPED
2026-05-13,2026-05-13T15:28:42.825732+00:00,RUN-REAL-ESS-20260513-002,FIDELITY,SecurityExtract_ESS_2026May13.csv,LOCO,STARMINE_COVERED,COVERED,NEUTRAL,3.0,True,TEXT_MAPPED
2026-05-13,2026-05-13T15:28:42.825732+00:00,RUN-REAL-ESS-20260513-002,FIDELITY,SecurityExtract_ESS_2026May13.csv,EMR,STARMINE_COVERED,COVERED,NEUTRAL,3.0,True,TEXT_MAPPED
2026-05-13,2026-05-13T15:28:42.825732+00:00,RUN-REAL-ESS-20260513-002,FIDELITY,SecurityExtract_ESS_2026May13.csv,ESRT,STARMINE_COVERED,COVERED,NEUTRAL,3.0,True,TEXT_MAPPED
2026-05-13,2026-05-13T15:28:42.825732+00:00,RUN-REAL-ESS-20260513-002,FIDELITY,SecurityExtract_ESS_2026May13.csv,ECPG,STARMINE_COVERED,COVERED,NEUTRAL,3.0,True,TEXT_MAPPED
2026-05-13,2026-05-13T15:28:42.825732+00:00,RUN-REAL-ESS-20260513-002,FIDELITY,SecurityExtract_ESS_2026May13.csv,ENSG,STARMINE_COVERED,COVERED,NEUTRAL,3.0,True,TEXT_MAPPED
2026-05-13,2026-05-13T15:28:42.825732+00:00,RUN-REAL-ESS-20260513-002,FIDELITY,SecurityExtract_ESS_2026May13.csv,EFSC,STARMINE_COVERED,COVERED,NEUTRAL,3.0,True,TEXT_MAPPED
2026-05-13,2026-05-13T15:28:42.825732+00:00,RUN-REAL-ESS-20260513-002,FIDELITY,SecurityExtract_ESS_2026May13.csv,NVRI,STARMINE_COVERED,COVERED,NEUTRAL,3.0,True,TEXT_MAPPED
2026-05-13,2026-05-13T15:28:42.825732+00:00,RUN-REAL-ESS-20260513-002,FIDELITY,SecurityExtract_ESS_2026May13.csv,EQIX,STARMINE_COVERED,COVERED,NEUTRAL,3.0,True,TEXT_MAPPED
2026-05-13,2026-05-13T15:28:42.825732+00:00,RUN-REAL-ESS-20260513-002,FIDELITY,SecurityExtract_ESS_2026May13.csv,EVRG,STARMINE_COVERED,COVERED,NEUTRAL,3.0,True,TEXT_MAPPED
2026-05-13,2026-05-13T15:28:42.825732+00:00,RUN-REAL-ESS-20260513-002,FIDELITY,SecurityExtract_ESS_2026May13.csv,EVER,STARMINE_COVERED,COVERED,NEUTRAL,3.0,True,TEXT_MAPPED
2026-05-13,2026-05-13T15:28:42.825732+00:00,RUN-REAL-ESS-20260513-002,FIDELITY,SecurityExtract_ESS_2026May13.csv,EVTC,STARMINE_COVERED,COVERED,NEUTRAL,3.0,True,TEXT_MAPPED
2026-05-13,2026-05-13T15:28:42.825732+00:00,RUN-REAL-ESS-20260513-002,FIDELITY,SecurityExtract_ESS_2026May13.csv,EXLS,STARMINE_COVERED,COVERED,NEUTRAL,3.0,True,TEXT_MAPPED
2026-05-13,2026-05-13T15:28:42.825732+00:00,RUN-REAL-ESS-20260513-002,FIDELITY,SecurityExtract_ESS_2026May13.csv,EXPE,STARMINE_COVERED,COVERED,NEUTRAL,3.0,True,TEXT_MAPPED
2026-05-13,2026-05-13T15:28:42.825732+00:00,RUN-REAL-ESS-20260513-002,FIDELITY,SecurityExtract_ESS_2026May13.csv,FDS,STARMINE_COVERED,COVERED,NEUTRAL,3.0,True,TEXT_MAPPED
2026-05-13,2026-05-13T15:28:42.825732+00:00,RUN-REAL-ESS-20260513-002,FIDELITY,SecurityExtract_ESS_2026May13.csv,FMAO,STARMINE_COVERED,COVERED,NEUTRAL,3.0,True,TEXT_MAPPED
2026-05-13,2026-05-13T15:28:42.825732+00:00,RUN-REAL-ESS-20260513-002,FIDELITY,SecurityExtract_ESS_2026May13.csv,FAST,STARMINE_COVERED,COVERED,NEUTRAL,3.0,True,TEXT_MAPPED
2026-05-13,2026-05-13T15:28:42.825732+00:00,RUN-REAL-ESS-20260513-002,FIDELITY,SecurityExtract_ESS_2026May13.csv,FATE,STARMINE_COVERED,COVERED,NEUTRAL,3.0,True,TEXT_MAPPED
2026-05-13,2026-05-13T15:28:42.825732+00:00,RUN-REAL-ESS-20260513-002,FIDELITY,SecurityExtract_ESS_2026May13.csv,FITB,STARMINE_COVERED,COVERED,NEUTRAL,3.0,True,TEXT_MAPPED
2026-05-13,2026-05-13T15:28:42.825732+00:00,RUN-REAL-ESS-20260513-002,FIDELITY,SecurityExtract_ESS_2026May13.csv,FIGS,STARMINE_COVERED,COVERED,NEUTRAL,3.0,True,TEXT_MAPPED
2026-05-13,2026-05-13T15:28:42.825732+00:00,RUN-REAL-ESS-20260513-002,FIDELITY,SecurityExtract_ESS_2026May13.csv,FBP,STARMINE_COVERED,COVERED,NEUTRAL,3.0,True,TEXT_MAPPED
2026-05-13,2026-05-13T15:28:42.825732+00:00,RUN-REAL-ESS-20260513-002,FIDELITY,SecurityExtract_ESS_2026May13.csv,FCF,STARMINE_COVERED,COVERED,NEUTRAL,3.0,True,TEXT_MAPPED
2026-05-13,2026-05-13T15:28:42.825732+00:00,RUN-REAL-ESS-20260513-002,FIDELITY,SecurityExtract_ESS_2026May13.csv,FFBC,STARMINE_COVERED,COVERED,NEUTRAL,3.0,True,TEXT_MAPPED
2026-05-13,2026-05-13T15:28:42.825732+00:00,RUN-REAL-ESS-20260513-002,FIDELITY,SecurityExtract_ESS_2026May13.csv,THFF,STARMINE_COVERED,COVERED,NEUTRAL,3.0,True,TEXT_MAPPED
2026-05-13,2026-05-13T15:28:42.825732+00:00,RUN-REAL-ESS-20260513-002,FIDELITY,SecurityExtract_ESS_2026May13.csv,FHN,STARMINE_COVERED,COVERED,NEUTRAL,3.0,True,TEXT_MAPPED
2026-05-13,2026-05-13T15:28:42.825732+00:00,RUN-REAL-ESS-20260513-002,FIDELITY,SecurityExtract_ESS_2026May13.csv,FSLR,STARMINE_COVERED,COVERED,NEUTRAL,3.0,True,TEXT_MAPPED
2026-05-13,2026-05-13T15:28:42.825732+00:00,RUN-REAL-ESS-20260513-002,FIDELITY,SecurityExtract_ESS_2026May13.csv,F,STARMINE_COVERED,COVERED,NEUTRAL,3.0,True,TEXT_MAPPED
2026-05-13,2026-05-13T15:28:42.825732+00:00,RUN-REAL-ESS-20260513-002,FIDELITY,SecurityExtract_ESS_2026May13.csv,FOR,STARMINE_COVERED,COVERED,NEUTRAL,3.0,True,TEXT_MAPPED
2026-05-13,2026-05-13T15:28:42.825732+00:00,RUN-REAL-ESS-20260513-002,FIDELITY,SecurityExtract_ESS_2026May13.csv,FTV,STARMINE_COVERED,COVERED,NEUTRAL,3.0,True,TEXT_MAPPED
2026-05-13,2026-05-13T15:28:42.825732+00:00,RUN-REAL-ESS-20260513-002,FIDELITY,SecurityExtract_ESS_2026May13.csv,FTRE,STARMINE_COVERED,COVERED,NEUTRAL,3.0,True,TEXT_MAPPED
2026-05-13,2026-05-13T15:28:42.825732+00:00,RUN-REAL-ESS-20260513-002,FIDELITY,SecurityExtract_ESS_2026May13.csv,BEN,STARMINE_COVERED,COVERED,NEUTRAL,3.0,True,TEXT_MAPPED
2026-05-13,2026-05-13T15:28:42.825732+00:00,RUN-REAL-ESS-20260513-002,FIDELITY,SecurityExtract_ESS_2026May13.csv,RAIL,STARMINE_COVERED,COVERED,NEUTRAL,3.0,True,TEXT_MAPPED
2026-05-13,2026-05-13T15:28:42.825732+00:00,RUN-REAL-ESS-20260513-002,FIDELITY,SecurityExtract_ESS_2026May13.csv,FDP,STARMINE_COVERED,COVERED,NEUTRAL,3.0,True,TEXT_MAPPED
2026-05-13,2026-05-13T15:28:42.825732+00:00,RUN-REAL-ESS-20260513-002,FIDELITY,SecurityExtract_ESS_2026May13.csv,FCN,STARMINE_COVERED,COVERED,NEUTRAL,3.0,True,TEXT_MAPPED
2026-05-13,2026-05-13T15:28:42.825732+00:00,RUN-REAL-ESS-20260513-002,FIDELITY,SecurityExtract_ESS_2026May13.csv,FVCB,STARMINE_COVERED,COVERED,NEUTRAL,3.0,True,TEXT_MAPPED
2026-05-13,2026-05-13T15:28:42.825732+00:00,RUN-REAL-ESS-20260513-002,FIDELITY,SecurityExtract_ESS_2026May13.csv,GNSS,STARMINE_COVERED,COVERED,NEUTRAL,3.0,True,TEXT_MAPPED
2026-05-13,2026-05-13T15:28:42.825732+00:00,RUN-REAL-ESS-20260513-002,FIDELITY,SecurityExtract_ESS_2026May13.csv,GENC,STARMINE_COVERED,COVERED,NEUTRAL,3.0,True,TEXT_MAPPED
2026-05-13,2026-05-13T15:28:42.825732+00:00,RUN-REAL-ESS-20260513-002,FIDELITY,SecurityExtract_ESS_2026May13.csv,GPN,STARMINE_COVERED,COVERED,NEUTRAL,3.0,True,TEXT_MAPPED
2026-05-13,2026-05-13T15:28:42.825732+00:00,RUN-REAL-ESS-20260513-002,FIDELITY,SecurityExtract_ESS_2026May13.csv,GHC,STARMINE_COVERED,COVERED,NEUTRAL,3.0,True,TEXT_MAPPED
2026-05-13,2026-05-13T15:28:42.825732+00:00,RUN-REAL-ESS-20260513-002,FIDELITY,SecurityExtract_ESS_2026May13.csv,LOPE,STARMINE_COVERED,COVERED,NEUTRAL,3.0,True,TEXT_MAPPED
2026-05-13,2026-05-13T15:28:42.825732+00:00,RUN-REAL-ESS-20260513-002,FIDELITY,SecurityExtract_ESS_2026May13.csv,GRBK,STARMINE_COVERED,COVERED,NEUTRAL,3.0,True,TEXT_MAPPED
2026-05-13,2026-05-13T15:28:42.825732+00:00,RUN-REAL-ESS-20260513-002,FIDELITY,SecurityExtract_ESS_2026May13.csv,HBB,STARMINE_COVERED,COVERED,NEUTRAL,3.0,True,TEXT_MAPPED
2026-05-13,2026-05-13T15:28:42.825732+00:00,RUN-REAL-ESS-20260513-002,FIDELITY,SecurityExtract_ESS_2026May13.csv,HAFC,STARMINE_COVERED,COVERED,NEUTRAL,3.0,True,TEXT_MAPPED
2026-05-13,2026-05-13T15:28:42.825732+00:00,RUN-REAL-ESS-20260513-002,FIDELITY,SecurityExtract_ESS_2026May13.csv,HBIO,STARMINE_COVERED,COVERED,NEUTRAL,3.0,True,TEXT_MAPPED
2026-05-13,2026-05-13T15:28:42.825732+00:00,RUN-REAL-ESS-20260513-002,FIDELITY,SecurityExtract_ESS_2026May13.csv,HVT,STARMINE_COVERED,COVERED,NEUTRAL,3.0,True,TEXT_MAPPED
2026-05-13,2026-05-13T15:28:42.825732+00:00,RUN-REAL-ESS-20260513-002,FIDELITY,SecurityExtract_ESS_2026May13.csv,HBT,STARMINE_COVERED,COVERED,NEUTRAL,3.0,True,TEXT_MAPPED
2026-05-13,2026-05-13T15:28:42.825732+00:00,RUN-REAL-ESS-20260513-002,FIDELITY,SecurityExtract_ESS_2026May13.csv,DOC,STARMINE_COVERED,COVERED,NEUTRAL,3.0,True,TEXT_MAPPED
2026-05-13,2026-05-13T15:28:42.825732+00:00,RUN-REAL-ESS-20260513-002,FIDELITY,SecurityExtract_ESS_2026May13.csv,JKHY,STARMINE_COVERED,COVERED,NEUTRAL,3.0,True,TEXT_MAPPED
2026-05-13,2026-05-13T15:28:42.825732+00:00,RUN-REAL-ESS-20260513-002,FIDELITY,SecurityExtract_ESS_2026May13.csv,HSIC,STARMINE_COVERED,COVERED,NEUTRAL,3.0,True,TEXT_MAPPED
2026-05-13,2026-05-13T15:28:42.825732+00:00,RUN-REAL-ESS-20260513-002,FIDELITY,SecurityExtract_ESS_2026May13.csv,HQI,STARMINE_COVERED,COVERED,NEUTRAL,3.0,True,TEXT_MAPPED
2026-05-13,2026-05-13T15:28:42.825732+00:00,RUN-REAL-ESS-20260513-002,FIDELITY,SecurityExtract_ESS_2026May13.csv,HBCP,STARMINE_COVERED,COVERED,NEUTRAL,3.0,True,TEXT_MAPPED
2026-05-13,2026-05-13T15:28:42.825732+00:00,RUN-REAL-ESS-20260513-002,FIDELITY,SecurityExtract_ESS_2026May13.csv,HOPE,STARMINE_COVERED,COVERED,NEUTRAL,3.0,True,TEXT_MAPPED
2026-05-13,2026-05-13T15:28:42.825732+00:00,RUN-REAL-ESS-20260513-002,FIDELITY,SecurityExtract_ESS_2026May13.csv,HMN,STARMINE_COVERED,COVERED,NEUTRAL,3.0,True,TEXT_MAPPED
2026-05-13,2026-05-13T15:28:42.825732+00:00,RUN-REAL-ESS-20260513-002,FIDELITY,SecurityExtract_ESS_2026May13.csv,HUN,STARMINE_COVERED,COVERED,NEUTRAL,3.0,True,TEXT_MAPPED
2026-05-13,2026-05-13T15:28:42.825732+00:00,RUN-REAL-ESS-20260513-002,FIDELITY,SecurityExtract_ESS_2026May13.csv,IAG,STARMINE_COVERED,COVERED,NEUTRAL,3.0,True,TEXT_MAPPED
2026-05-13,2026-05-13T15:28:42.825732+00:00,RUN-REAL-ESS-20260513-002,FIDELITY,SecurityExtract_ESS_2026May13.csv,IDT,STARMINE_COVERED,COVERED,NEUTRAL,3.0,True,TEXT_MAPPED
2026-05-13,2026-05-13T15:28:42.825732+00:00,RUN-REAL-ESS-20260513-002,FIDELITY,SecurityExtract_ESS_2026May13.csv,IBCP,STARMINE_COVERED,COVERED,NEUTRAL,3.0,True,TEXT_MAPPED
2026-05-13,2026-05-13T15:28:42.825732+00:00,RUN-REAL-ESS-20260513-002,FIDELITY,SecurityExtract_ESS_2026May13.csv,INDB,STARMINE_COVERED,COVERED,NEUTRAL,3.0,True,TEXT_MAPPED
2026-05-13,2026-05-13T15:28:42.825732+00:00,RUN-REAL-ESS-20260513-002,FIDELITY,SecurityExtract_ESS_2026May13.csv,ILPT,STARMINE_COVERED,COVERED,NEUTRAL,3.0,True,TEXT_MAPPED
2026-05-13,2026-05-13T15:28:42.825732+00:00,RUN-REAL-ESS-20260513-002,FIDELITY,SecurityExtract_ESS_2026May13.csv,IOSP,STARMINE_COVERED,COVERED,NEUTRAL,3.0,True,TEXT_MAPPED
2026-05-13,2026-05-13T15:28:42.825732+00:00,RUN-REAL-ESS-20260513-002,FIDELITY,SecurityExtract_ESS_2026May13.csv,INSG,STARMINE_COVERED,COVERED,NEUTRAL,3.0,True,TEXT_MAPPED
2026-05-13,2026-05-13T15:28:42.825732+00:00,RUN-REAL-ESS-20260513-002,FIDELITY,SecurityExtract_ESS_2026May13.csv,INSP,STARMINE_COVERED,COVERED,NEUTRAL,3.0,True,TEXT_MAPPED
2026-05-13,2026-05-13T15:28:42.825732+00:00,RUN-REAL-ESS-20260513-002,FIDELITY,SecurityExtract_ESS_2026May13.csv,INSE,STARMINE_COVERED,COVERED,NEUTRAL,3.0,True,TEXT_MAPPED
2026-05-13,2026-05-13T15:28:42.825732+00:00,RUN-REAL-ESS-20260513-002,FIDELITY,SecurityExtract_ESS_2026May13.csv,PODD,STARMINE_COVERED,COVERED,NEUTRAL,3.0,True,TEXT_MAPPED
2026-05-13,2026-05-13T15:28:42.825732+00:00,RUN-REAL-ESS-20260513-002,FIDELITY,SecurityExtract_ESS_2026May13.csv,ITGR,STARMINE_COVERED,COVERED,NEUTRAL,3.0,True,TEXT_MAPPED
2026-05-13,2026-05-13T15:28:42.825732+00:00,RUN-REAL-ESS-20260513-002,FIDELITY,SecurityExtract_ESS_2026May13.csv,IBKR,STARMINE_COVERED,COVERED,NEUTRAL,3.0,True,TEXT_MAPPED
2026-05-13,2026-05-13T15:28:42.825732+00:00,RUN-REAL-ESS-20260513-002,FIDELITY,SecurityExtract_ESS_2026May13.csv,TILE,STARMINE_COVERED,COVERED,NEUTRAL,3.0,True,TEXT_MAPPED
2026-05-13,2026-05-13T15:28:42.825732+00:00,RUN-REAL-ESS-20260513-002,FIDELITY,SecurityExtract_ESS_2026May13.csv,INSW,STARMINE_COVERED,COVERED,NEUTRAL,3.0,True,TEXT_MAPPED
2026-05-13,2026-05-13T15:28:42.825732+00:00,RUN-REAL-ESS-20260513-002,FIDELITY,SecurityExtract_ESS_2026May13.csv,INTT,STARMINE_COVERED,COVERED,NEUTRAL,3.0,True,TEXT_MAPPED
2026-05-13,2026-05-13T15:28:42.825732+00:00,RUN-REAL-ESS-20260513-002,FIDELITY,SecurityExtract_ESS_2026May13.csv,IVZ,STARMINE_COVERED,COVERED,NEUTRAL,3.0,True,TEXT_MAPPED
2026-05-13,2026-05-13T15:28:42.825732+00:00,RUN-REAL-ESS-20260513-002,FIDELITY,SecurityExtract_ESS_2026May13.csv,INVH,STARMINE_COVERED,COVERED,NEUTRAL,3.0,True,TEXT_MAPPED
2026-05-13,2026-05-13T15:28:42.825732+00:00,RUN-REAL-ESS-20260513-002,FIDELITY,SecurityExtract_ESS_2026May13.csv,ITRI,STARMINE_COVERED,COVERED,NEUTRAL,3.0,True,TEXT_MAPPED
2026-05-13,2026-05-13T15:28:42.825732+00:00,RUN-REAL-ESS-20260513-002,FIDELITY,SecurityExtract_ESS_2026May13.csv,JD,STARMINE_COVERED,COVERED,NEUTRAL,3.0,True,TEXT_MAPPED
2026-05-13,2026-05-13T15:28:42.825732+00:00,RUN-REAL-ESS-20260513-002,FIDELITY,SecurityExtract_ESS_2026May13.csv,JNJ,STARMINE_COVERED,COVERED,NEUTRAL,3.0,True,TEXT_MAPPED
2026-05-13,2026-05-13T15:28:42.825732+00:00,RUN-REAL-ESS-20260513-002,FIDELITY,SecurityExtract_ESS_2026May13.csv,KELYA,STARMINE_COVERED,COVERED,NEUTRAL,3.0,True,TEXT_MAPPED
2026-05-13,2026-05-13T15:28:42.825732+00:00,RUN-REAL-ESS-20260513-002,FIDELITY,SecurityExtract_ESS_2026May13.csv,KVUE,STARMINE_COVERED,COVERED,NEUTRAL,3.0,True,TEXT_MAPPED
2026-05-13,2026-05-13T15:28:42.825732+00:00,RUN-REAL-ESS-20260513-002,FIDELITY,SecurityExtract_ESS_2026May13.csv,KRC,STARMINE_COVERED,COVERED,NEUTRAL,3.0,True,TEXT_MAPPED
2026-05-13,2026-05-13T15:28:42.825732+00:00,RUN-REAL-ESS-20260513-002,FIDELITY,SecurityExtract_ESS_2026May13.csv,KNX,STARMINE_COVERED,COVERED,NEUTRAL,3.0,True,TEXT_MAPPED
2026-05-13,2026-05-13T15:28:42.825732+00:00,RUN-REAL-ESS-20260513-002,FIDELITY,SecurityExtract_ESS_2026May13.csv,KOD,STARMINE_COVERED,COVERED,NEUTRAL,3.0,True,TEXT_MAPPED
2026-05-13,2026-05-13T15:28:42.825732+00:00,RUN-REAL-ESS-20260513-002,FIDELITY,SecurityExtract_ESS_2026May13.csv,KSS,STARMINE_COVERED,COVERED,NEUTRAL,3.0,True,TEXT_MAPPED
2026-05-13,2026-05-13T15:28:42.825732+00:00,RUN-REAL-ESS-20260513-002,FIDELITY,SecurityExtract_ESS_2026May13.csv,KEP,STARMINE_COVERED,COVERED,NEUTRAL,3.0,True,TEXT_MAPPED
2026-05-13,2026-05-13T15:28:42.825732+00:00,RUN-REAL-ESS-20260513-002,FIDELITY,SecurityExtract_ESS_2026May13.csv,LZB,STARMINE_COVERED,COVERED,NEUTRAL,3.0,True,TEXT_MAPPED
2026-05-13,2026-05-13T15:28:42.825732+00:00,RUN-REAL-ESS-20260513-002,FIDELITY,SecurityExtract_ESS_2026May13.csv,LEG,STARMINE_COVERED,COVERED,NEUTRAL,3.0,True,TEXT_MAPPED
2026-05-13,2026-05-13T15:28:42.825732+00:00,RUN-REAL-ESS-20260513-002,FIDELITY,SecurityExtract_ESS_2026May13.csv,LEVI,STARMINE_COVERED,COVERED,NEUTRAL,3.0,True,TEXT_MAPPED
2026-05-13,2026-05-13T15:28:42.825732+00:00,RUN-REAL-ESS-20260513-002,FIDELITY,SecurityExtract_ESS_2026May13.csv,LXRX,STARMINE_COVERED,COVERED,NEUTRAL,3.0,True,TEXT_MAPPED
2026-05-13,2026-05-13T15:28:42.825732+00:00,RUN-REAL-ESS-20260513-002,FIDELITY,SecurityExtract_ESS_2026May13.csv,LFST,STARMINE_COVERED,COVERED,NEUTRAL,3.0,True,TEXT_MAPPED
2026-05-13,2026-05-13T15:28:42.825732+00:00,RUN-REAL-ESS-20260513-002,FIDELITY,SecurityExtract_ESS_2026May13.csv,LGND,STARMINE_COVERED,COVERED,NEUTRAL,3.0,True,TEXT_MAPPED
2026-05-13,2026-05-13T15:28:42.825732+00:00,RUN-REAL-ESS-20260513-002,FIDELITY,SecurityExtract_ESS_2026May13.csv,LPTH,STARMINE_COVERED,COVERED,NEUTRAL,3.0,True,TEXT_MAPPED
2026-05-13,2026-05-13T15:28:42.825732+00:00,RUN-REAL-ESS-20260513-002,FIDELITY,SecurityExtract_ESS_2026May13.csv,LPSN,STARMINE_COVERED,COVERED,NEUTRAL,3.0,True,TEXT_MAPPED
2026-05-13,2026-05-13T15:28:42.825732+00:00,RUN-REAL-ESS-20260513-002,FIDELITY,SecurityExtract_ESS_2026May13.csv,MTSI,STARMINE_COVERED,COVERED,NEUTRAL,3.0,True,TEXT_MAPPED
2026-05-13,2026-05-13T15:28:42.825732+00:00,RUN-REAL-ESS-20260513-002,FIDELITY,SecurityExtract_ESS_2026May13.csv,MX,STARMINE_COVERED,COVERED,NEUTRAL,3.0,True,TEXT_MAPPED
2026-05-13,2026-05-13T15:28:42.825732+00:00,RUN-REAL-ESS-20260513-002,FIDELITY,SecurityExtract_ESS_2026May13.csv,MANH,STARMINE_COVERED,COVERED,NEUTRAL,3.0,True,TEXT_MAPPED
2026-05-13,2026-05-13T15:28:42.825732+00:00,RUN-REAL-ESS-20260513-002,FIDELITY,SecurityExtract_ESS_2026May13.csv,MAN,STARMINE_COVERED,COVERED,NEUTRAL,3.0,True,TEXT_MAPPED
2026-05-13,2026-05-13T15:28:42.825732+00:00,RUN-REAL-ESS-20260513-002,FIDELITY,SecurityExtract_ESS_2026May13.csv,MCS,STARMINE_COVERED,COVERED,NEUTRAL,3.0,True,TEXT_MAPPED
2026-05-13,2026-05-13T15:28:42.825732+00:00,RUN-REAL-ESS-20260513-002,FIDELITY,SecurityExtract_ESS_2026May13.csv,MKL,STARMINE_COVERED,COVERED,NEUTRAL,3.0,True,TEXT_MAPPED
2026-05-13,2026-05-13T15:28:42.825732+00:00,RUN-REAL-ESS-20260513-002,FIDELITY,SecurityExtract_ESS_2026May13.csv,MAR,STARMINE_COVERED,COVERED,NEUTRAL,3.0,True,TEXT_MAPPED
2026-05-13,2026-05-13T15:28:42.825732+00:00,RUN-REAL-ESS-20260513-002,FIDELITY,SecurityExtract_ESS_2026May13.csv,VAC,STARMINE_COVERED,COVERED,NEUTRAL,3.0,True,TEXT_MAPPED
2026-05-13,2026-05-13T15:28:42.825732+00:00,RUN-REAL-ESS-20260513-002,FIDELITY,SecurityExtract_ESS_2026May13.csv,MRVL,STARMINE_COVERED,COVERED,NEUTRAL,3.0,True,TEXT_MAPPED
2026-05-13,2026-05-13T15:28:42.825732+00:00,RUN-REAL-ESS-20260513-002,FIDELITY,SecurityExtract_ESS_2026May13.csv,MA,STARMINE_COVERED,COVERED,NEUTRAL,3.0,True,TEXT_MAPPED
2026-05-13,2026-05-13T15:28:42.825732+00:00,RUN-REAL-ESS-20260513-002,FIDELITY,SecurityExtract_ESS_2026May13.csv,MATW,STARMINE_COVERED,COVERED,NEUTRAL,3.0,True,TEXT_MAPPED
2026-05-13,2026-05-13T15:28:42.825732+00:00,RUN-REAL-ESS-20260513-002,FIDELITY,SecurityExtract_ESS_2026May13.csv,MFIN,STARMINE_COVERED,COVERED,NEUTRAL,3.0,True,TEXT_MAPPED
2026-05-13,2026-05-13T15:28:42.825732+00:00,RUN-REAL-ESS-20260513-002,FIDELITY,SecurityExtract_ESS_2026May13.csv,MBIN,STARMINE_COVERED,COVERED,NEUTRAL,3.0,True,TEXT_MAPPED
2026-05-13,2026-05-13T15:28:42.825732+00:00,RUN-REAL-ESS-20260513-002,FIDELITY,SecurityExtract_ESS_2026May13.csv,MSFT,STARMINE_COVERED,COVERED,NEUTRAL,3.0,True,TEXT_MAPPED
2026-05-13,2026-05-13T15:28:42.825732+00:00,RUN-REAL-ESS-20260513-002,FIDELITY,SecurityExtract_ESS_2026May13.csv,MLR,STARMINE_COVERED,COVERED,NEUTRAL,3.0,True,TEXT_MAPPED
2026-05-13,2026-05-13T15:28:42.825732+00:00,RUN-REAL-ESS-20260513-002,FIDELITY,SecurityExtract_ESS_2026May13.csv,MTX,STARMINE_COVERED,COVERED,NEUTRAL,3.0,True,TEXT_MAPPED
2026-05-13,2026-05-13T15:28:42.825732+00:00,RUN-REAL-ESS-20260513-002,FIDELITY,SecurityExtract_ESS_2026May13.csv,MITK,STARMINE_COVERED,COVERED,NEUTRAL,3.0,True,TEXT_MAPPED
2026-05-13,2026-05-13T15:28:42.825732+00:00,RUN-REAL-ESS-20260513-002,FIDELITY,SecurityExtract_ESS_2026May13.csv,MOV,STARMINE_COVERED,COVERED,NEUTRAL,3.0,True,TEXT_MAPPED
2026-05-13,2026-05-13T15:28:42.825732+00:00,RUN-REAL-ESS-20260513-002,FIDELITY,SecurityExtract_ESS_2026May13.csv,MUR,STARMINE_COVERED,COVERED,NEUTRAL,3.0,True,TEXT_MAPPED
2026-05-13,2026-05-13T15:28:42.825732+00:00,RUN-REAL-ESS-20260513-002,FIDELITY,SecurityExtract_ESS_2026May13.csv,NSSC,STARMINE_COVERED,COVERED,NEUTRAL,3.0,True,TEXT_MAPPED
2026-05-13,2026-05-13T15:28:42.825732+00:00,RUN-REAL-ESS-20260513-002,FIDELITY,SecurityExtract_ESS_2026May13.csv,FIZZ,STARMINE_COVERED,COVERED,NEUTRAL,3.0,True,TEXT_MAPPED
2026-05-13,2026-05-13T15:28:42.825732+00:00,RUN-REAL-ESS-20260513-002,FIDELITY,SecurityExtract_ESS_2026May13.csv,NSA,STARMINE_COVERED,COVERED,NEUTRAL,3.0,True,TEXT_MAPPED
2026-05-13,2026-05-13T15:28:42.825732+00:00,RUN-REAL-ESS-20260513-002,FIDELITY,SecurityExtract_ESS_2026May13.csv,NTES,STARMINE_COVERED,COVERED,NEUTRAL,3.0,True,TEXT_MAPPED
2026-05-13,2026-05-13T15:28:42.825732+00:00,RUN-REAL-ESS-20260513-002,FIDELITY,SecurityExtract_ESS_2026May13.csv,NTGR,STARMINE_COVERED,COVERED,NEUTRAL,3.0,True,TEXT_MAPPED
2026-05-13,2026-05-13T15:28:42.825732+00:00,RUN-REAL-ESS-20260513-002,FIDELITY,SecurityExtract_ESS_2026May13.csv,NJR,STARMINE_COVERED,COVERED,NEUTRAL,3.0,True,TEXT_MAPPED
2026-05-13,2026-05-13T15:28:42.825732+00:00,RUN-REAL-ESS-20260513-002,FIDELITY,SecurityExtract_ESS_2026May13.csv,NEM,STARMINE_COVERED,COVERED,NEUTRAL,3.0,True,TEXT_MAPPED
2026-05-13,2026-05-13T15:28:42.825732+00:00,RUN-REAL-ESS-20260513-002,FIDELITY,SecurityExtract_ESS_2026May13.csv,NWSA,STARMINE_COVERED,COVERED,NEUTRAL,3.0,True,TEXT_MAPPED
2026-05-13,2026-05-13T15:28:42.825732+00:00,RUN-REAL-ESS-20260513-002,FIDELITY,SecurityExtract_ESS_2026May13.csv,NXST,STARMINE_COVERED,COVERED,NEUTRAL,3.0,True,TEXT_MAPPED
2026-05-13,2026-05-13T15:28:42.825732+00:00,RUN-REAL-ESS-20260513-002,FIDELITY,SecurityExtract_ESS_2026May13.csv,NXT,STARMINE_COVERED,COVERED,NEUTRAL,3.0,True,TEXT_MAPPED
2026-05-13,2026-05-13T15:28:42.825732+00:00,RUN-REAL-ESS-20260513-002,FIDELITY,SecurityExtract_ESS_2026May13.csv,LASR,STARMINE_COVERED,COVERED,NEUTRAL,3.0,True,TEXT_MAPPED
2026-05-13,2026-05-13T15:28:42.825732+00:00,RUN-REAL-ESS-20260513-002,FIDELITY,SecurityExtract_ESS_2026May13.csv,NTRS,STARMINE_COVERED,COVERED,NEUTRAL,3.0,True,TEXT_MAPPED
2026-05-13,2026-05-13T15:28:42.825732+00:00,RUN-REAL-ESS-20260513-002,FIDELITY,SecurityExtract_ESS_2026May13.csv,NWBI,STARMINE_COVERED,COVERED,NEUTRAL,3.0,True,TEXT_MAPPED
2026-05-13,2026-05-13T15:28:42.825732+00:00,RUN-REAL-ESS-20260513-002,FIDELITY,SecurityExtract_ESS_2026May13.csv,NWN,STARMINE_COVERED,COVERED,NEUTRAL,3.0,True,TEXT_MAPPED
2026-05-13,2026-05-13T15:28:42.825732+00:00,RUN-REAL-ESS-20260513-002,FIDELITY,SecurityExtract_ESS_2026May13.csv,NVMI,STARMINE_COVERED,COVERED,NEUTRAL,3.0,True,TEXT_MAPPED
2026-05-13,2026-05-13T15:28:42.825732+00:00,RUN-REAL-ESS-20260513-002,FIDELITY,SecurityExtract_ESS_2026May13.csv,NOVT,STARMINE_COVERED,COVERED,NEUTRAL,3.0,True,TEXT_MAPPED
2026-05-13,2026-05-13T15:28:42.825732+00:00,RUN-REAL-ESS-20260513-002,FIDELITY,SecurityExtract_ESS_2026May13.csv,NVS,STARMINE_COVERED,COVERED,NEUTRAL,3.0,True,TEXT_MAPPED
2026-05-13,2026-05-13T15:28:42.825732+00:00,RUN-REAL-ESS-20260513-002,FIDELITY,SecurityExtract_ESS_2026May13.csv,NTNX,STARMINE_COVERED,COVERED,NEUTRAL,3.0,True,TEXT_MAPPED
2026-05-13,2026-05-13T15:28:42.825732+00:00,RUN-REAL-ESS-20260513-002,FIDELITY,SecurityExtract_ESS_2026May13.csv,NVEC,STARMINE_COVERED,COVERED,NEUTRAL,3.0,True,TEXT_MAPPED
2026-05-13,2026-05-13T15:28:42.825732+00:00,RUN-REAL-ESS-20260513-002,FIDELITY,SecurityExtract_ESS_2026May13.csv,ODC,STARMINE_COVERED,COVERED,NEUTRAL,3.0,True,TEXT_MAPPED
2026-05-13,2026-05-13T15:28:42.825732+00:00,RUN-REAL-ESS-20260513-002,FIDELITY,SecurityExtract_ESS_2026May13.csv,ONB,STARMINE_COVERED,COVERED,NEUTRAL,3.0,True,TEXT_MAPPED
2026-05-13,2026-05-13T15:28:42.825732+00:00,RUN-REAL-ESS-20260513-002,FIDELITY,SecurityExtract_ESS_2026May13.csv,OLN,STARMINE_COVERED,COVERED,NEUTRAL,3.0,True,TEXT_MAPPED
2026-05-13,2026-05-13T15:28:42.825732+00:00,RUN-REAL-ESS-20260513-002,FIDELITY,SecurityExtract_ESS_2026May13.csv,ONCY,STARMINE_COVERED,COVERED,NEUTRAL,3.0,True,TEXT_MAPPED
2026-05-13,2026-05-13T15:28:42.825732+00:00,RUN-REAL-ESS-20260513-002,FIDELITY,SecurityExtract_ESS_2026May13.csv,ONTO,STARMINE_COVERED,COVERED,NEUTRAL,3.0,True,TEXT_MAPPED
2026-05-13,2026-05-13T15:28:42.825732+00:00,RUN-REAL-ESS-20260513-002,FIDELITY,SecurityExtract_ESS_2026May13.csv,OOMA,STARMINE_COVERED,COVERED,NEUTRAL,3.0,True,TEXT_MAPPED
2026-05-13,2026-05-13T15:28:42.825732+00:00,RUN-REAL-ESS-20260513-002,FIDELITY,SecurityExtract_ESS_2026May13.csv,OTEX,STARMINE_COVERED,COVERED,NEUTRAL,3.0,True,TEXT_MAPPED
2026-05-13,2026-05-13T15:28:42.825732+00:00,RUN-REAL-ESS-20260513-002,FIDELITY,SecurityExtract_ESS_2026May13.csv,ORN,STARMINE_COVERED,COVERED,NEUTRAL,3.0,True,TEXT_MAPPED
2026-05-13,2026-05-13T15:28:42.825732+00:00,RUN-REAL-ESS-20260513-002,FIDELITY,SecurityExtract_ESS_2026May13.csv,OSIS,STARMINE_COVERED,COVERED,NEUTRAL,3.0,True,TEXT_MAPPED
2026-05-13,2026-05-13T15:28:42.825732+00:00,RUN-REAL-ESS-20260513-002,FIDELITY,SecurityExtract_ESS_2026May13.csv,PACB,STARMINE_COVERED,COVERED,NEUTRAL,3.0,True,TEXT_MAPPED
2026-05-13,2026-05-13T15:28:42.825732+00:00,RUN-REAL-ESS-20260513-002,FIDELITY,SecurityExtract_ESS_2026May13.csv,PD,STARMINE_COVERED,COVERED,NEUTRAL,3.0,True,TEXT_MAPPED
2026-05-13,2026-05-13T15:28:42.825732+00:00,RUN-REAL-ESS-20260513-002,FIDELITY,SecurityExtract_ESS_2026May13.csv,PH,STARMINE_COVERED,COVERED,NEUTRAL,3.0,True,TEXT_MAPPED
2026-05-13,2026-05-13T15:28:42.825732+00:00,RUN-REAL-ESS-20260513-002,FIDELITY,SecurityExtract_ESS_2026May13.csv,PBF,STARMINE_COVERED,COVERED,NEUTRAL,3.0,True,TEXT_MAPPED
2026-05-13,2026-05-13T15:28:42.825732+00:00,RUN-REAL-ESS-20260513-002,FIDELITY,SecurityExtract_ESS_2026May13.csv,PRDO,STARMINE_COVERED,COVERED,NEUTRAL,3.0,True,TEXT_MAPPED
2026-05-13,2026-05-13T15:28:42.825732+00:00,RUN-REAL-ESS-20260513-002,FIDELITY,SecurityExtract_ESS_2026May13.csv,PERI,STARMINE_COVERED,COVERED,NEUTRAL,3.0,True,TEXT_MAPPED
2026-05-13,2026-05-13T15:28:42.825732+00:00,RUN-REAL-ESS-20260513-002,FIDELITY,SecurityExtract_ESS_2026May13.csv,PR,STARMINE_COVERED,COVERED,NEUTRAL,3.0,True,TEXT_MAPPED
2026-05-13,2026-05-13T15:28:42.825732+00:00,RUN-REAL-ESS-20260513-002,FIDELITY,SecurityExtract_ESS_2026May13.csv,PXLW,STARMINE_COVERED,COVERED,NEUTRAL,3.0,True,TEXT_MAPPED
2026-05-13,2026-05-13T15:28:42.825732+00:00,RUN-REAL-ESS-20260513-002,FIDELITY,SecurityExtract_ESS_2026May13.csv,PLUG,STARMINE_COVERED,COVERED,NEUTRAL,3.0,True,TEXT_MAPPED
2026-05-13,2026-05-13T15:28:42.825732+00:00,RUN-REAL-ESS-20260513-002,FIDELITY,SecurityExtract_ESS_2026May13.csv,PDLB,STARMINE_COVERED,COVERED,NEUTRAL,3.0,True,TEXT_MAPPED
2026-05-13,2026-05-13T15:28:42.825732+00:00,RUN-REAL-ESS-20260513-002,FIDELITY,SecurityExtract_ESS_2026May13.csv,POST,STARMINE_COVERED,COVERED,NEUTRAL,3.0,True,TEXT_MAPPED
2026-05-13,2026-05-13T15:28:42.825732+00:00,RUN-REAL-ESS-20260513-002,FIDELITY,SecurityExtract_ESS_2026May13.csv,POWI,STARMINE_COVERED,COVERED,NEUTRAL,3.0,True,TEXT_MAPPED
2026-05-13,2026-05-13T15:28:42.825732+00:00,RUN-REAL-ESS-20260513-002,FIDELITY,SecurityExtract_ESS_2026May13.csv,AIOT,STARMINE_COVERED,COVERED,NEUTRAL,3.0,True,TEXT_MAPPED
2026-05-13,2026-05-13T15:28:42.825732+00:00,RUN-REAL-ESS-20260513-002,FIDELITY,SecurityExtract_ESS_2026May13.csv,PPL,STARMINE_COVERED,COVERED,NEUTRAL,3.0,True,TEXT_MAPPED
2026-05-13,2026-05-13T15:28:42.825732+00:00,RUN-REAL-ESS-20260513-002,FIDELITY,SecurityExtract_ESS_2026May13.csv,PEG,STARMINE_COVERED,COVERED,NEUTRAL,3.0,True,TEXT_MAPPED
2026-05-13,2026-05-13T15:28:42.825732+00:00,RUN-REAL-ESS-20260513-002,FIDELITY,SecurityExtract_ESS_2026May13.csv,PVH,STARMINE_COVERED,COVERED,NEUTRAL,3.0,True,TEXT_MAPPED
2026-05-13,2026-05-13T15:28:42.825732+00:00,RUN-REAL-ESS-20260513-002,FIDELITY,SecurityExtract_ESS_2026May13.csv,DGX,STARMINE_COVERED,COVERED,NEUTRAL,3.0,True,TEXT_MAPPED
2026-05-13,2026-05-13T15:28:42.825732+00:00,RUN-REAL-ESS-20260513-002,FIDELITY,SecurityExtract_ESS_2026May13.csv,RL,STARMINE_COVERED,COVERED,NEUTRAL,3.0,True,TEXT_MAPPED
2026-05-13,2026-05-13T15:28:42.825732+00:00,RUN-REAL-ESS-20260513-002,FIDELITY,SecurityExtract_ESS_2026May13.csv,RRC,STARMINE_COVERED,COVERED,NEUTRAL,3.0,True,TEXT_MAPPED
2026-05-13,2026-05-13T15:28:42.825732+00:00,RUN-REAL-ESS-20260513-002,FIDELITY,SecurityExtract_ESS_2026May13.csv,RMAX,STARMINE_COVERED,COVERED,NEUTRAL,3.0,True,TEXT_MAPPED
2026-05-13,2026-05-13T15:28:42.825732+00:00,RUN-REAL-ESS-20260513-002,FIDELITY,SecurityExtract_ESS_2026May13.csv,RDDT,STARMINE_COVERED,COVERED,NEUTRAL,3.0,True,TEXT_MAPPED
2026-05-13,2026-05-13T15:28:42.825732+00:00,RUN-REAL-ESS-20260513-002,FIDELITY,SecurityExtract_ESS_2026May13.csv,RVLV,STARMINE_COVERED,COVERED,NEUTRAL,3.0,True,TEXT_MAPPED
2026-05-13,2026-05-13T15:28:42.825732+00:00,RUN-REAL-ESS-20260513-002,FIDELITY,SecurityExtract_ESS_2026May13.csv,RGCO,STARMINE_COVERED,COVERED,NEUTRAL,3.0,True,TEXT_MAPPED
2026-05-13,2026-05-13T15:28:42.825732+00:00,RUN-REAL-ESS-20260513-002,FIDELITY,SecurityExtract_ESS_2026May13.csv,RELL,STARMINE_COVERED,COVERED,NEUTRAL,3.0,True,TEXT_MAPPED
2026-05-13,2026-05-13T15:28:42.825732+00:00,RUN-REAL-ESS-20260513-002,FIDELITY,SecurityExtract_ESS_2026May13.csv,RIGL,STARMINE_COVERED,COVERED,NEUTRAL,3.0,True,TEXT_MAPPED
2026-05-13,2026-05-13T15:28:42.825732+00:00,RUN-REAL-ESS-20260513-002,FIDELITY,SecurityExtract_ESS_2026May13.csv,RGTI,STARMINE_COVERED,COVERED,NEUTRAL,3.0,True,TEXT_MAPPED
2026-05-13,2026-05-13T15:28:42.825732+00:00,RUN-REAL-ESS-20260513-002,FIDELITY,SecurityExtract_ESS_2026May13.csv,RIO,STARMINE_COVERED,COVERED,NEUTRAL,3.0,True,TEXT_MAPPED
2026-05-13,2026-05-13T15:28:42.825732+00:00,RUN-REAL-ESS-20260513-002,FIDELITY,SecurityExtract_ESS_2026May13.csv,RITM,STARMINE_COVERED,COVERED,NEUTRAL,3.0,True,TEXT_MAPPED
2026-05-13,2026-05-13T15:28:42.825732+00:00,RUN-REAL-ESS-20260513-002,FIDELITY,SecurityExtract_ESS_2026May13.csv,RCKT,STARMINE_COVERED,COVERED,NEUTRAL,3.0,True,TEXT_MAPPED
2026-05-13,2026-05-13T15:28:42.825732+00:00,RUN-REAL-ESS-20260513-002,FIDELITY,SecurityExtract_ESS_2026May13.csv,ROST,STARMINE_COVERED,COVERED,NEUTRAL,3.0,True,TEXT_MAPPED
2026-05-13,2026-05-13T15:28:42.825732+00:00,RUN-REAL-ESS-20260513-002,FIDELITY,SecurityExtract_ESS_2026May13.csv,RES,STARMINE_COVERED,COVERED,NEUTRAL,3.0,True,TEXT_MAPPED
2026-05-13,2026-05-13T15:28:42.825732+00:00,RUN-REAL-ESS-20260513-002,FIDELITY,SecurityExtract_ESS_2026May13.csv,RHP,STARMINE_COVERED,COVERED,NEUTRAL,3.0,True,TEXT_MAPPED
2026-05-13,2026-05-13T15:28:42.825732+00:00,RUN-REAL-ESS-20260513-002,FIDELITY,SecurityExtract_ESS_2026May13.csv,SBH,STARMINE_COVERED,COVERED,NEUTRAL,3.0,True,TEXT_MAPPED
2026-05-13,2026-05-13T15:28:42.825732+00:00,RUN-REAL-ESS-20260513-002,FIDELITY,SecurityExtract_ESS_2026May13.csv,SNY,STARMINE_COVERED,COVERED,NEUTRAL,3.0,True,TEXT_MAPPED
2026-05-13,2026-05-13T15:28:42.825732+00:00,RUN-REAL-ESS-20260513-002,FIDELITY,SecurityExtract_ESS_2026May13.csv,SAP,STARMINE_COVERED,COVERED,NEUTRAL,3.0,True,TEXT_MAPPED
2026-05-13,2026-05-13T15:28:42.825732+00:00,RUN-REAL-ESS-20260513-002,FIDELITY,SecurityExtract_ESS_2026May13.csv,SCHL,STARMINE_COVERED,COVERED,NEUTRAL,3.0,True,TEXT_MAPPED
2026-05-13,2026-05-13T15:28:42.825732+00:00,RUN-REAL-ESS-20260513-002,FIDELITY,SecurityExtract_ESS_2026May13.csv,SAIC,STARMINE_COVERED,COVERED,NEUTRAL,3.0,True,TEXT_MAPPED
2026-05-13,2026-05-13T15:28:42.825732+00:00,RUN-REAL-ESS-20260513-002,FIDELITY,SecurityExtract_ESS_2026May13.csv,SLS,STARMINE_COVERED,COVERED,NEUTRAL,3.0,True,TEXT_MAPPED
2026-05-13,2026-05-13T15:28:42.825732+00:00,RUN-REAL-ESS-20260513-002,FIDELITY,SecurityExtract_ESS_2026May13.csv,SMTC,STARMINE_COVERED,COVERED,NEUTRAL,3.0,True,TEXT_MAPPED
2026-05-13,2026-05-13T15:28:42.825732+00:00,RUN-REAL-ESS-20260513-002,FIDELITY,SecurityExtract_ESS_2026May13.csv,ST,STARMINE_COVERED,COVERED,NEUTRAL,3.0,True,TEXT_MAPPED
2026-05-13,2026-05-13T15:28:42.825732+00:00,RUN-REAL-ESS-20260513-002,FIDELITY,SecurityExtract_ESS_2026May13.csv,SHLS,STARMINE_COVERED,COVERED,NEUTRAL,3.0,True,TEXT_MAPPED
2026-05-13,2026-05-13T15:28:42.825732+00:00,RUN-REAL-ESS-20260513-002,FIDELITY,SecurityExtract_ESS_2026May13.csv,BSRR,STARMINE_COVERED,COVERED,NEUTRAL,3.0,True,TEXT_MAPPED
2026-05-13,2026-05-13T15:28:42.825732+00:00,RUN-REAL-ESS-20260513-002,FIDELITY,SecurityExtract_ESS_2026May13.csv,SSD,STARMINE_COVERED,COVERED,NEUTRAL,3.0,True,TEXT_MAPPED
2026-05-13,2026-05-13T15:28:42.825732+00:00,RUN-REAL-ESS-20260513-002,FIDELITY,SecurityExtract_ESS_2026May13.csv,SMBK,STARMINE_COVERED,COVERED,NEUTRAL,3.0,True,TEXT_MAPPED
2026-05-13,2026-05-13T15:28:42.825732+00:00,RUN-REAL-ESS-20260513-002,FIDELITY,SecurityExtract_ESS_2026May13.csv,SOLV,STARMINE_COVERED,COVERED,NEUTRAL,3.0,True,TEXT_MAPPED
2026-05-13,2026-05-13T15:28:42.825732+00:00,RUN-REAL-ESS-20260513-002,FIDELITY,SecurityExtract_ESS_2026May13.csv,SHC,STARMINE_COVERED,COVERED,NEUTRAL,3.0,True,TEXT_MAPPED
2026-05-13,2026-05-13T15:28:42.825732+00:00,RUN-REAL-ESS-20260513-002,FIDELITY,SecurityExtract_ESS_2026May13.csv,SOUN,STARMINE_COVERED,COVERED,NEUTRAL,3.0,True,TEXT_MAPPED
2026-05-13,2026-05-13T15:28:42.825732+00:00,RUN-REAL-ESS-20260513-002,FIDELITY,SecurityExtract_ESS_2026May13.csv,SPFI,STARMINE_COVERED,COVERED,NEUTRAL,3.0,True,TEXT_MAPPED
2026-05-13,2026-05-13T15:28:42.825732+00:00,RUN-REAL-ESS-20260513-002,FIDELITY,SecurityExtract_ESS_2026May13.csv,SPOK,STARMINE_COVERED,COVERED,NEUTRAL,3.0,True,TEXT_MAPPED
2026-05-13,2026-05-13T15:28:42.825732+00:00,RUN-REAL-ESS-20260513-002,FIDELITY,SecurityExtract_ESS_2026May13.csv,SFM,STARMINE_COVERED,COVERED,NEUTRAL,3.0,True,TEXT_MAPPED
2026-05-13,2026-05-13T15:28:42.825732+00:00,RUN-REAL-ESS-20260513-002,FIDELITY,SecurityExtract_ESS_2026May13.csv,STLD,STARMINE_COVERED,COVERED,NEUTRAL,3.0,True,TEXT_MAPPED
2026-05-13,2026-05-13T15:28:42.825732+00:00,RUN-REAL-ESS-20260513-002,FIDELITY,SecurityExtract_ESS_2026May13.csv,SFIX,STARMINE_COVERED,COVERED,NEUTRAL,3.0,True,TEXT_MAPPED
2026-05-13,2026-05-13T15:28:42.825732+00:00,RUN-REAL-ESS-20260513-002,FIDELITY,SecurityExtract_ESS_2026May13.csv,SYK,STARMINE_COVERED,COVERED,NEUTRAL,3.0,True,TEXT_MAPPED
2026-05-13,2026-05-13T15:28:42.825732+00:00,RUN-REAL-ESS-20260513-002,FIDELITY,SecurityExtract_ESS_2026May13.csv,SYNA,STARMINE_COVERED,COVERED,NEUTRAL,3.0,True,TEXT_MAPPED
2026-05-13,2026-05-13T15:28:42.825732+00:00,RUN-REAL-ESS-20260513-002,FIDELITY,SecurityExtract_ESS_2026May13.csv,SKT,STARMINE_COVERED,COVERED,NEUTRAL,3.0,True,TEXT_MAPPED
2026-05-13,2026-05-13T15:28:42.825732+00:00,RUN-REAL-ESS-20260513-002,FIDELITY,SecurityExtract_ESS_2026May13.csv,TRP,STARMINE_COVERED,COVERED,NEUTRAL,3.0,True,TEXT_MAPPED
2026-05-13,2026-05-13T15:28:42.825732+00:00,RUN-REAL-ESS-20260513-002,FIDELITY,SecurityExtract_ESS_2026May13.csv,TECK,STARMINE_COVERED,COVERED,NEUTRAL,3.0,True,TEXT_MAPPED
2026-05-13,2026-05-13T15:28:42.825732+00:00,RUN-REAL-ESS-20260513-002,FIDELITY,SecurityExtract_ESS_2026May13.csv,TU,STARMINE_COVERED,COVERED,NEUTRAL,3.0,True,TEXT_MAPPED
2026-05-13,2026-05-13T15:28:42.825732+00:00,RUN-REAL-ESS-20260513-002,FIDELITY,SecurityExtract_ESS_2026May13.csv,TXT,STARMINE_COVERED,COVERED,NEUTRAL,3.0,True,TEXT_MAPPED
2026-05-13,2026-05-13T15:28:42.825732+00:00,RUN-REAL-ESS-20260513-002,FIDELITY,SecurityExtract_ESS_2026May13.csv,NTB,STARMINE_COVERED,COVERED,NEUTRAL,3.0,True,TEXT_MAPPED
2026-05-13,2026-05-13T15:28:42.825732+00:00,RUN-REAL-ESS-20260513-002,FIDELITY,SecurityExtract_ESS_2026May13.csv,BNS,STARMINE_COVERED,COVERED,NEUTRAL,3.0,True,TEXT_MAPPED
2026-05-13,2026-05-13T15:28:42.825732+00:00,RUN-REAL-ESS-20260513-002,FIDELITY,SecurityExtract_ESS_2026May13.csv,KHC,STARMINE_COVERED,COVERED,NEUTRAL,3.0,True,TEXT_MAPPED
2026-05-13,2026-05-13T15:28:42.825732+00:00,RUN-REAL-ESS-20260513-002,FIDELITY,SecurityExtract_ESS_2026May13.csv,NYT,STARMINE_COVERED,COVERED,NEUTRAL,3.0,True,TEXT_MAPPED
2026-05-13,2026-05-13T15:28:42.825732+00:00,RUN-REAL-ESS-20260513-002,FIDELITY,SecurityExtract_ESS_2026May13.csv,TBPH,STARMINE_COVERED,COVERED,NEUTRAL,3.0,True,TEXT_MAPPED
2026-05-13,2026-05-13T15:28:42.825732+00:00,RUN-REAL-ESS-20260513-002,FIDELITY,SecurityExtract_ESS_2026May13.csv,TITN,STARMINE_COVERED,COVERED,NEUTRAL,3.0,True,TEXT_MAPPED
2026-05-13,2026-05-13T15:28:42.825732+00:00,RUN-REAL-ESS-20260513-002,FIDELITY,SecurityExtract_ESS_2026May13.csv,TD,STARMINE_COVERED,COVERED,NEUTRAL,3.0,True,TEXT_MAPPED
2026-05-13,2026-05-13T15:28:42.825732+00:00,RUN-REAL-ESS-20260513-002,FIDELITY,SecurityExtract_ESS_2026May13.csv,TNL,STARMINE_COVERED,COVERED,NEUTRAL,3.0,True,TEXT_MAPPED
2026-05-13,2026-05-13T15:28:42.825732+00:00,RUN-REAL-ESS-20260513-002,FIDELITY,SecurityExtract_ESS_2026May13.csv,TCOM,STARMINE_COVERED,COVERED,NEUTRAL,3.0,True,TEXT_MAPPED
2026-05-13,2026-05-13T15:28:42.825732+00:00,RUN-REAL-ESS-20260513-002,FIDELITY,SecurityExtract_ESS_2026May13.csv,TRUP,STARMINE_COVERED,COVERED,NEUTRAL,3.0,True,TEXT_MAPPED
2026-05-13,2026-05-13T15:28:42.825732+00:00,RUN-REAL-ESS-20260513-002,FIDELITY,SecurityExtract_ESS_2026May13.csv,TRMK,STARMINE_COVERED,COVERED,NEUTRAL,3.0,True,TEXT_MAPPED
2026-05-13,2026-05-13T15:28:42.825732+00:00,RUN-REAL-ESS-20260513-002,FIDELITY,SecurityExtract_ESS_2026May13.csv,TYL,STARMINE_COVERED,COVERED,NEUTRAL,3.0,True,TEXT_MAPPED
2026-05-13,2026-05-13T15:28:42.825732+00:00,RUN-REAL-ESS-20260513-002,FIDELITY,SecurityExtract_ESS_2026May13.csv,ULS,STARMINE_COVERED,COVERED,NEUTRAL,3.0,True,TEXT_MAPPED
2026-05-13,2026-05-13T15:28:42.825732+00:00,RUN-REAL-ESS-20260513-002,FIDELITY,SecurityExtract_ESS_2026May13.csv,UFI,STARMINE_COVERED,COVERED,NEUTRAL,3.0,True,TEXT_MAPPED
2026-05-13,2026-05-13T15:28:42.825732+00:00,RUN-REAL-ESS-20260513-002,FIDELITY,SecurityExtract_ESS_2026May13.csv,UNF,STARMINE_COVERED,COVERED,NEUTRAL,3.0,True,TEXT_MAPPED
2026-05-13,2026-05-13T15:28:42.825732+00:00,RUN-REAL-ESS-20260513-002,FIDELITY,SecurityExtract_ESS_2026May13.csv,UIS,STARMINE_COVERED,COVERED,NEUTRAL,3.0,True,TEXT_MAPPED
2026-05-13,2026-05-13T15:28:42.825732+00:00,RUN-REAL-ESS-20260513-002,FIDELITY,SecurityExtract_ESS_2026May13.csv,UVV,STARMINE_COVERED,COVERED,NEUTRAL,3.0,True,TEXT_MAPPED
2026-05-13,2026-05-13T15:28:42.825732+00:00,RUN-REAL-ESS-20260513-002,FIDELITY,SecurityExtract_ESS_2026May13.csv,UTI,STARMINE_COVERED,COVERED,NEUTRAL,3.0,True,TEXT_MAPPED
2026-05-13,2026-05-13T15:28:42.825732+00:00,RUN-REAL-ESS-20260513-002,FIDELITY,SecurityExtract_ESS_2026May13.csv,VTR,STARMINE_COVERED,COVERED,NEUTRAL,3.0,True,TEXT_MAPPED
2026-05-13,2026-05-13T15:28:42.825732+00:00,RUN-REAL-ESS-20260513-002,FIDELITY,SecurityExtract_ESS_2026May13.csv,VSH,STARMINE_COVERED,COVERED,NEUTRAL,3.0,True,TEXT_MAPPED
2026-05-13,2026-05-13T15:28:42.825732+00:00,RUN-REAL-ESS-20260513-002,FIDELITY,SecurityExtract_ESS_2026May13.csv,VC,STARMINE_COVERED,COVERED,NEUTRAL,3.0,True,TEXT_MAPPED
2026-05-13,2026-05-13T15:28:42.825732+00:00,RUN-REAL-ESS-20260513-002,FIDELITY,SecurityExtract_ESS_2026May13.csv,DIS,STARMINE_COVERED,COVERED,NEUTRAL,3.0,True,TEXT_MAPPED
2026-05-13,2026-05-13T15:28:42.825732+00:00,RUN-REAL-ESS-20260513-002,FIDELITY,SecurityExtract_ESS_2026May13.csv,WSO,STARMINE_COVERED,COVERED,NEUTRAL,3.0,True,TEXT_MAPPED
2026-05-13,2026-05-13T15:28:42.825732+00:00,RUN-REAL-ESS-20260513-002,FIDELITY,SecurityExtract_ESS_2026May13.csv,WAY,STARMINE_COVERED,COVERED,NEUTRAL,3.0,True,TEXT_MAPPED
2026-05-13,2026-05-13T15:28:42.825732+00:00,RUN-REAL-ESS-20260513-002,FIDELITY,SecurityExtract_ESS_2026May13.csv,WBS,STARMINE_COVERED,COVERED,NEUTRAL,3.0,True,TEXT_MAPPED
2026-05-13,2026-05-13T15:28:42.825732+00:00,RUN-REAL-ESS-20260513-002,FIDELITY,SecurityExtract_ESS_2026May13.csv,WU,STARMINE_COVERED,COVERED,NEUTRAL,3.0,True,TEXT_MAPPED
2026-05-13,2026-05-13T15:28:42.825732+00:00,RUN-REAL-ESS-20260513-002,FIDELITY,SecurityExtract_ESS_2026May13.csv,WSC,STARMINE_COVERED,COVERED,NEUTRAL,3.0,True,TEXT_MAPPED
2026-05-13,2026-05-13T15:28:42.825732+00:00,RUN-REAL-ESS-20260513-002,FIDELITY,SecurityExtract_ESS_2026May13.csv,WING,STARMINE_COVERED,COVERED,NEUTRAL,3.0,True,TEXT_MAPPED
2026-05-13,2026-05-13T15:28:42.825732+00:00,RUN-REAL-ESS-20260513-002,FIDELITY,SecurityExtract_ESS_2026May13.csv,WWW,STARMINE_COVERED,COVERED,NEUTRAL,3.0,True,TEXT_MAPPED
2026-05-13,2026-05-13T15:28:42.825732+00:00,RUN-REAL-ESS-20260513-002,FIDELITY,SecurityExtract_ESS_2026May13.csv,WWD,STARMINE_COVERED,COVERED,NEUTRAL,3.0,True,TEXT_MAPPED
2026-05-13,2026-05-13T15:28:42.825732+00:00,RUN-REAL-ESS-20260513-002,FIDELITY,SecurityExtract_ESS_2026May13.csv,XP,STARMINE_COVERED,COVERED,NEUTRAL,3.0,True,TEXT_MAPPED
2026-05-13,2026-05-13T15:28:42.825732+00:00,RUN-REAL-ESS-20260513-002,FIDELITY,SecurityExtract_ESS_2026May13.csv,ZBRA,STARMINE_COVERED,COVERED,NEUTRAL,3.0,True,TEXT_MAPPED
2026-05-13,2026-05-13T15:28:42.825732+00:00,RUN-REAL-ESS-20260513-002,FIDELITY,SecurityExtract_ESS_2026May13.csv,ZUMZ,STARMINE_COVERED,COVERED,NEUTRAL,3.0,True,TEXT_MAPPED
2026-05-13,2026-05-13T15:28:42.825732+00:00,RUN-REAL-ESS-20260513-002,FIDELITY,SecurityExtract_ESS_2026May13.csv,FLWS,STARMINE_COVERED,COVERED,NEUTRAL,3.0,True,TEXT_MAPPED
2026-05-13,2026-05-13T15:28:42.825732+00:00,RUN-REAL-ESS-20260513-002,FIDELITY,SecurityExtract_ESS_2026May13.csv,AIR,STARMINE_COVERED,COVERED,NEUTRAL,3.0,True,TEXT_MAPPED
2026-05-13,2026-05-13T15:28:42.825732+00:00,RUN-REAL-ESS-20260513-002,FIDELITY,SecurityExtract_ESS_2026May13.csv,ABT,STARMINE_COVERED,COVERED,NEUTRAL,3.0,True,TEXT_MAPPED
2026-05-13,2026-05-13T15:28:42.825732+00:00,RUN-REAL-ESS-20260513-002,FIDELITY,SecurityExtract_ESS_2026May13.csv,ABBV,STARMINE_COVERED,COVERED,NEUTRAL,3.0,True,TEXT_MAPPED
2026-05-13,2026-05-13T15:28:42.825732+00:00,RUN-REAL-ESS-20260513-002,FIDELITY,SecurityExtract_ESS_2026May13.csv,ACH,STARMINE_COVERED,COVERED,NEUTRAL,3.0,True,TEXT_MAPPED
2026-05-13,2026-05-13T15:28:42.825732+00:00,RUN-REAL-ESS-20260513-002,FIDELITY,SecurityExtract_ESS_2026May13.csv,ARAY,STARMINE_COVERED,COVERED,NEUTRAL,3.0,True,TEXT_MAPPED
2026-05-13,2026-05-13T15:28:42.825732+00:00,RUN-REAL-ESS-20260513-002,FIDELITY,SecurityExtract_ESS_2026May13.csv,ADMA,STARMINE_COVERED,COVERED,NEUTRAL,3.0,True,TEXT_MAPPED
2026-05-13,2026-05-13T15:28:42.825732+00:00,RUN-REAL-ESS-20260513-002,FIDELITY,SecurityExtract_ESS_2026May13.csv,AAP,STARMINE_COVERED,COVERED,NEUTRAL,3.0,True,TEXT_MAPPED
2026-05-13,2026-05-13T15:28:42.825732+00:00,RUN-REAL-ESS-20260513-002,FIDELITY,SecurityExtract_ESS_2026May13.csv,A,STARMINE_COVERED,COVERED,NEUTRAL,3.0,True,TEXT_MAPPED
2026-05-13,2026-05-13T15:28:42.825732+00:00,RUN-REAL-ESS-20260513-002,FIDELITY,SecurityExtract_ESS_2026May13.csv,ADC,STARMINE_COVERED,COVERED,NEUTRAL,3.0,True,TEXT_MAPPED
2026-05-13,2026-05-13T15:28:42.825732+00:00,RUN-REAL-ESS-20260513-002,FIDELITY,SecurityExtract_ESS_2026May13.csv,AIM,STARMINE_COVERED,COVERED,NEUTRAL,3.0,True,TEXT_MAPPED
2026-05-13,2026-05-13T15:28:42.825732+00:00,RUN-REAL-ESS-20260513-002,FIDELITY,SecurityExtract_ESS_2026May13.csv,ALEC,STARMINE_COVERED,COVERED,NEUTRAL,3.0,True,TEXT_MAPPED
2026-05-13,2026-05-13T15:28:42.825732+00:00,RUN-REAL-ESS-20260513-002,FIDELITY,SecurityExtract_ESS_2026May13.csv,ALRS,STARMINE_COVERED,COVERED,NEUTRAL,3.0,True,TEXT_MAPPED
2026-05-13,2026-05-13T15:28:42.825732+00:00,RUN-REAL-ESS-20260513-002,FIDELITY,SecurityExtract_ESS_2026May13.csv,ALIT,STARMINE_COVERED,COVERED,NEUTRAL,3.0,True,TEXT_MAPPED
2026-05-13,2026-05-13T15:28:42.825732+00:00,RUN-REAL-ESS-20260513-002,FIDELITY,SecurityExtract_ESS_2026May13.csv,ALKS,STARMINE_COVERED,COVERED,NEUTRAL,3.0,True,TEXT_MAPPED
2026-05-13,2026-05-13T15:28:42.825732+00:00,RUN-REAL-ESS-20260513-002,FIDELITY,SecurityExtract_ESS_2026May13.csv,ALGT,STARMINE_COVERED,COVERED,NEUTRAL,3.0,True,TEXT_MAPPED
2026-05-13,2026-05-13T15:28:42.825732+00:00,RUN-REAL-ESS-20260513-002,FIDELITY,SecurityExtract_ESS_2026May13.csv,LNT,STARMINE_COVERED,COVERED,NEUTRAL,3.0,True,TEXT_MAPPED
2026-05-13,2026-05-13T15:28:42.825732+00:00,RUN-REAL-ESS-20260513-002,FIDELITY,SecurityExtract_ESS_2026May13.csv,AMZN,STARMINE_COVERED,COVERED,NEUTRAL,3.0,True,TEXT_MAPPED
2026-05-13,2026-05-13T15:28:42.825732+00:00,RUN-REAL-ESS-20260513-002,FIDELITY,SecurityExtract_ESS_2026May13.csv,AAL,STARMINE_COVERED,COVERED,NEUTRAL,3.0,True,TEXT_MAPPED
2026-05-13,2026-05-13T15:28:42.825732+00:00,RUN-REAL-ESS-20260513-002,FIDELITY,SecurityExtract_ESS_2026May13.csv,AAT,STARMINE_COVERED,COVERED,NEUTRAL,3.0,True,TEXT_MAPPED
2026-05-13,2026-05-13T15:28:42.825732+00:00,RUN-REAL-ESS-20260513-002,FIDELITY,SecurityExtract_ESS_2026May13.csv,AEP,STARMINE_COVERED,COVERED,NEUTRAL,3.0,True,TEXT_MAPPED
2026-05-13,2026-05-13T15:28:42.825732+00:00,RUN-REAL-ESS-20260513-002,FIDELITY,SecurityExtract_ESS_2026May13.csv,AXP,STARMINE_COVERED,COVERED,NEUTRAL,3.0,True,TEXT_MAPPED
2026-05-13,2026-05-13T15:28:42.825732+00:00,RUN-REAL-ESS-20260513-002,FIDELITY,SecurityExtract_ESS_2026May13.csv,AFG,STARMINE_COVERED,COVERED,NEUTRAL,3.0,True,TEXT_MAPPED
2026-05-13,2026-05-13T15:28:42.825732+00:00,RUN-REAL-ESS-20260513-002,FIDELITY,SecurityExtract_ESS_2026May13.csv,AIG,STARMINE_COVERED,COVERED,NEUTRAL,3.0,True,TEXT_MAPPED
2026-05-13,2026-05-13T15:28:42.825732+00:00,RUN-REAL-ESS-20260513-002,FIDELITY,SecurityExtract_ESS_2026May13.csv,AMT,STARMINE_COVERED,COVERED,NEUTRAL,3.0,True,TEXT_MAPPED
2026-05-13,2026-05-13T15:28:42.825732+00:00,RUN-REAL-ESS-20260513-002,FIDELITY,SecurityExtract_ESS_2026May13.csv,ATLO,STARMINE_COVERED,COVERED,NEUTRAL,3.0,True,TEXT_MAPPED
2026-05-13,2026-05-13T15:28:42.825732+00:00,RUN-REAL-ESS-20260513-002,FIDELITY,SecurityExtract_ESS_2026May13.csv,AMKR,STARMINE_COVERED,COVERED,NEUTRAL,3.0,True,TEXT_MAPPED
2026-05-13,2026-05-13T15:28:42.825732+00:00,RUN-REAL-ESS-20260513-002,FIDELITY,SecurityExtract_ESS_2026May13.csv,ATEX,STARMINE_COVERED,COVERED,NEUTRAL,3.0,True,TEXT_MAPPED
2026-05-13,2026-05-13T15:28:42.825732+00:00,RUN-REAL-ESS-20260513-002,FIDELITY,SecurityExtract_ESS_2026May13.csv,AM,STARMINE_COVERED,COVERED,NEUTRAL,3.0,True,TEXT_MAPPED
2026-05-13,2026-05-13T15:28:42.825732+00:00,RUN-REAL-ESS-20260513-002,FIDELITY,SecurityExtract_ESS_2026May13.csv,AON,STARMINE_COVERED,COVERED,NEUTRAL,3.0,True,TEXT_MAPPED
2026-05-13,2026-05-13T15:28:42.825732+00:00,RUN-REAL-ESS-20260513-002,FIDELITY,SecurityExtract_ESS_2026May13.csv,APLS,STARMINE_COVERED,COVERED,NEUTRAL,3.0,True,TEXT_MAPPED
2026-05-13,2026-05-13T15:28:42.825732+00:00,RUN-REAL-ESS-20260513-002,FIDELITY,SecurityExtract_ESS_2026May13.csv,APPF,STARMINE_COVERED,COVERED,NEUTRAL,3.0,True,TEXT_MAPPED
2026-05-13,2026-05-13T15:28:42.825732+00:00,RUN-REAL-ESS-20260513-002,FIDELITY,SecurityExtract_ESS_2026May13.csv,APP,STARMINE_COVERED,COVERED,NEUTRAL,3.0,True,TEXT_MAPPED
2026-05-13,2026-05-13T15:28:42.825732+00:00,RUN-REAL-ESS-20260513-002,FIDELITY,SecurityExtract_ESS_2026May13.csv,ARMK,STARMINE_COVERED,COVERED,NEUTRAL,3.0,True,TEXT_MAPPED
2026-05-13,2026-05-13T15:28:42.825732+00:00,RUN-REAL-ESS-20260513-002,FIDELITY,SecurityExtract_ESS_2026May13.csv,MT,STARMINE_COVERED,COVERED,NEUTRAL,3.0,True,TEXT_MAPPED
2026-05-13,2026-05-13T15:28:42.825732+00:00,RUN-REAL-ESS-20260513-002,FIDELITY,SecurityExtract_ESS_2026May13.csv,ADM,STARMINE_COVERED,COVERED,NEUTRAL,3.0,True,TEXT_MAPPED
2026-05-13,2026-05-13T15:28:42.825732+00:00,RUN-REAL-ESS-20260513-002,FIDELITY,SecurityExtract_ESS_2026May13.csv,ARLO,STARMINE_COVERED,COVERED,NEUTRAL,3.0,True,TEXT_MAPPED
2026-05-13,2026-05-13T15:28:42.825732+00:00,RUN-REAL-ESS-20260513-002,FIDELITY,SecurityExtract_ESS_2026May13.csv,T,STARMINE_COVERED,COVERED,NEUTRAL,3.0,True,TEXT_MAPPED
2026-05-13,2026-05-13T15:28:42.825732+00:00,RUN-REAL-ESS-20260513-002,FIDELITY,SecurityExtract_ESS_2026May13.csv,ATKR,STARMINE_COVERED,COVERED,NEUTRAL,3.0,True,TEXT_MAPPED
2026-05-13,2026-05-13T15:28:42.825732+00:00,RUN-REAL-ESS-20260513-002,FIDELITY,SecurityExtract_ESS_2026May13.csv,ATO,STARMINE_COVERED,COVERED,NEUTRAL,3.0,True,TEXT_MAPPED
2026-05-13,2026-05-13T15:28:42.825732+00:00,RUN-REAL-ESS-20260513-002,FIDELITY,SecurityExtract_ESS_2026May13.csv,ATOM,STARMINE_COVERED,COVERED,NEUTRAL,3.0,True,TEXT_MAPPED
2026-05-13,2026-05-13T15:28:42.825732+00:00,RUN-REAL-ESS-20260513-002,FIDELITY,SecurityExtract_ESS_2026May13.csv,AEYE,STARMINE_COVERED,COVERED,NEUTRAL,3.0,True,TEXT_MAPPED
2026-05-13,2026-05-13T15:28:42.825732+00:00,RUN-REAL-ESS-20260513-002,FIDELITY,SecurityExtract_ESS_2026May13.csv,ALV,STARMINE_COVERED,COVERED,NEUTRAL,3.0,True,TEXT_MAPPED
2026-05-13,2026-05-13T15:28:42.825732+00:00,RUN-REAL-ESS-20260513-002,FIDELITY,SecurityExtract_ESS_2026May13.csv,AN,STARMINE_COVERED,COVERED,NEUTRAL,3.0,True,TEXT_MAPPED
2026-05-13,2026-05-13T15:28:42.825732+00:00,RUN-REAL-ESS-20260513-002,FIDELITY,SecurityExtract_ESS_2026May13.csv,AVNS,STARMINE_COVERED,COVERED,NEUTRAL,3.0,True,TEXT_MAPPED
2026-05-13,2026-05-13T15:28:42.825732+00:00,RUN-REAL-ESS-20260513-002,FIDELITY,SecurityExtract_ESS_2026May13.csv,BKR,STARMINE_COVERED,COVERED,NEUTRAL,3.0,True,TEXT_MAPPED
2026-05-13,2026-05-13T15:28:42.825732+00:00,RUN-REAL-ESS-20260513-002,FIDELITY,SecurityExtract_ESS_2026May13.csv,BBVA,STARMINE_COVERED,COVERED,NEUTRAL,3.0,True,TEXT_MAPPED
2026-05-13,2026-05-13T15:28:42.825732+00:00,RUN-REAL-ESS-20260513-002,FIDELITY,SecurityExtract_ESS_2026May13.csv,BCH,STARMINE_COVERED,COVERED,NEUTRAL,3.0,True,TEXT_MAPPED
2026-05-13,2026-05-13T15:28:42.825732+00:00,RUN-REAL-ESS-20260513-002,FIDELITY,SecurityExtract_ESS_2026May13.csv,SAN,STARMINE_COVERED,COVERED,NEUTRAL,3.0,True,TEXT_MAPPED
2026-05-13,2026-05-13T15:28:42.825732+00:00,RUN-REAL-ESS-20260513-002,FIDELITY,SecurityExtract_ESS_2026May13.csv,BHB,STARMINE_COVERED,COVERED,NEUTRAL,3.0,True,TEXT_MAPPED
2026-05-13,2026-05-13T15:28:42.825732+00:00,RUN-REAL-ESS-20260513-002,FIDELITY,SecurityExtract_ESS_2026May13.csv,BHC,STARMINE_COVERED,COVERED,NEUTRAL,3.0,True,TEXT_MAPPED
2026-05-13,2026-05-13T15:28:42.825732+00:00,RUN-REAL-ESS-20260513-002,FIDELITY,SecurityExtract_ESS_2026May13.csv,BBBY,STARMINE_COVERED,COVERED,NEUTRAL,3.0,True,TEXT_MAPPED
2026-05-13,2026-05-13T15:28:42.825732+00:00,RUN-REAL-ESS-20260513-002,FIDELITY,SecurityExtract_ESS_2026May13.csv,BH,STARMINE_COVERED,COVERED,NEUTRAL,3.0,True,TEXT_MAPPED
2026-05-13,2026-05-13T15:28:42.825732+00:00,RUN-REAL-ESS-20260513-002,FIDELITY,SecurityExtract_ESS_2026May13.csv,BILI,STARMINE_COVERED,COVERED,NEUTRAL,3.0,True,TEXT_MAPPED
2026-05-13,2026-05-13T15:28:42.825732+00:00,RUN-REAL-ESS-20260513-002,FIDELITY,SecurityExtract_ESS_2026May13.csv,BJRI,STARMINE_COVERED,COVERED,NEUTRAL,3.0,True,TEXT_MAPPED
2026-05-13,2026-05-13T15:28:42.825732+00:00,RUN-REAL-ESS-20260513-002,FIDELITY,SecurityExtract_ESS_2026May13.csv,BKH,STARMINE_COVERED,COVERED,NEUTRAL,3.0,True,TEXT_MAPPED
2026-05-13,2026-05-13T15:28:42.825732+00:00,RUN-REAL-ESS-20260513-002,FIDELITY,SecurityExtract_ESS_2026May13.csv,BXMT,STARMINE_COVERED,COVERED,NEUTRAL,3.0,True,TEXT_MAPPED
2026-05-13,2026-05-13T15:28:42.825732+00:00,RUN-REAL-ESS-20260513-002,FIDELITY,SecurityExtract_ESS_2026May13.csv,BLMN,STARMINE_COVERED,COVERED,NEUTRAL,3.0,True,TEXT_MAPPED
2026-05-13,2026-05-13T15:28:42.825732+00:00,RUN-REAL-ESS-20260513-002,FIDELITY,SecurityExtract_ESS_2026May13.csv,BCC,STARMINE_COVERED,COVERED,NEUTRAL,3.0,True,TEXT_MAPPED
2026-05-13,2026-05-13T15:28:42.825732+00:00,RUN-REAL-ESS-20260513-002,FIDELITY,SecurityExtract_ESS_2026May13.csv,BKNG,STARMINE_COVERED,COVERED,NEUTRAL,3.0,True,TEXT_MAPPED
2026-05-13,2026-05-13T15:28:42.825732+00:00,RUN-REAL-ESS-20260513-002,FIDELITY,SecurityExtract_ESS_2026May13.csv,BSX,STARMINE_COVERED,COVERED,NEUTRAL,3.0,True,TEXT_MAPPED
2026-05-13,2026-05-13T15:28:42.825732+00:00,RUN-REAL-ESS-20260513-002,FIDELITY,SecurityExtract_ESS_2026May13.csv,BYD,STARMINE_COVERED,COVERED,NEUTRAL,3.0,True,TEXT_MAPPED
2026-05-13,2026-05-13T15:28:42.825732+00:00,RUN-REAL-ESS-20260513-002,FIDELITY,SecurityExtract_ESS_2026May13.csv,BWB,STARMINE_COVERED,COVERED,NEUTRAL,3.0,True,TEXT_MAPPED
2026-05-13,2026-05-13T15:28:42.825732+00:00,RUN-REAL-ESS-20260513-002,FIDELITY,SecurityExtract_ESS_2026May13.csv,BHF,STARMINE_COVERED,COVERED,NEUTRAL,3.0,True,TEXT_MAPPED
2026-05-13,2026-05-13T15:28:42.825732+00:00,RUN-REAL-ESS-20260513-002,FIDELITY,SecurityExtract_ESS_2026May13.csv,BV,STARMINE_COVERED,COVERED,NEUTRAL,3.0,True,TEXT_MAPPED
2026-05-13,2026-05-13T15:28:42.825732+00:00,RUN-REAL-ESS-20260513-002,FIDELITY,SecurityExtract_ESS_2026May13.csv,VTOL,STARMINE_COVERED,COVERED,NEUTRAL,3.0,True,TEXT_MAPPED
2026-05-13,2026-05-13T15:28:42.825732+00:00,RUN-REAL-ESS-20260513-002,FIDELITY,SecurityExtract_ESS_2026May13.csv,BIP,STARMINE_COVERED,COVERED,NEUTRAL,3.0,True,TEXT_MAPPED
2026-05-13,2026-05-13T15:28:42.825732+00:00,RUN-REAL-ESS-20260513-002,FIDELITY,SecurityExtract_ESS_2026May13.csv,BRKR,STARMINE_COVERED,COVERED,NEUTRAL,3.0,True,TEXT_MAPPED
2026-05-13,2026-05-13T15:28:42.825732+00:00,RUN-REAL-ESS-20260513-002,FIDELITY,SecurityExtract_ESS_2026May13.csv,BFST,STARMINE_COVERED,COVERED,NEUTRAL,3.0,True,TEXT_MAPPED
2026-05-13,2026-05-13T15:28:42.825732+00:00,RUN-REAL-ESS-20260513-002,FIDELITY,SecurityExtract_ESS_2026May13.csv,BXP,STARMINE_COVERED,COVERED,NEUTRAL,3.0,True,TEXT_MAPPED
2026-05-13,2026-05-13T15:28:42.825732+00:00,RUN-REAL-ESS-20260513-002,FIDELITY,SecurityExtract_ESS_2026May13.csv,CDNS,STARMINE_COVERED,COVERED,NEUTRAL,3.0,True,TEXT_MAPPED
2026-05-13,2026-05-13T15:28:42.825732+00:00,RUN-REAL-ESS-20260513-002,FIDELITY,SecurityExtract_ESS_2026May13.csv,CPT,STARMINE_COVERED,COVERED,NEUTRAL,3.0,True,TEXT_MAPPED
2026-05-13,2026-05-13T15:28:42.825732+00:00,RUN-REAL-ESS-20260513-002,FIDELITY,SecurityExtract_ESS_2026May13.csv,CAPR,STARMINE_COVERED,COVERED,NEUTRAL,3.0,True,TEXT_MAPPED
2026-05-13,2026-05-13T15:28:42.825732+00:00,RUN-REAL-ESS-20260513-002,FIDELITY,SecurityExtract_ESS_2026May13.csv,CRDF,STARMINE_COVERED,COVERED,NEUTRAL,3.0,True,TEXT_MAPPED
2026-05-13,2026-05-13T15:28:42.825732+00:00,RUN-REAL-ESS-20260513-002,FIDELITY,SecurityExtract_ESS_2026May13.csv,CTRE,STARMINE_COVERED,COVERED,NEUTRAL,3.0,True,TEXT_MAPPED
2026-05-13,2026-05-13T15:28:42.825732+00:00,RUN-REAL-ESS-20260513-002,FIDELITY,SecurityExtract_ESS_2026May13.csv,CSTL,STARMINE_COVERED,COVERED,NEUTRAL,3.0,True,TEXT_MAPPED
2026-05-13,2026-05-13T15:28:42.825732+00:00,RUN-REAL-ESS-20260513-002,FIDELITY,SecurityExtract_ESS_2026May13.csv,CBRE,STARMINE_COVERED,COVERED,NEUTRAL,3.0,True,TEXT_MAPPED
2026-05-13,2026-05-13T15:28:42.825732+00:00,RUN-REAL-ESS-20260513-002,FIDELITY,SecurityExtract_ESS_2026May13.csv,CNP,STARMINE_COVERED,COVERED,NEUTRAL,3.0,True,TEXT_MAPPED
2026-05-13,2026-05-13T15:28:42.825732+00:00,RUN-REAL-ESS-20260513-002,FIDELITY,SecurityExtract_ESS_2026May13.csv,CNTY,STARMINE_COVERED,COVERED,NEUTRAL,3.0,True,TEXT_MAPPED
2026-05-13,2026-05-13T15:28:42.825732+00:00,RUN-REAL-ESS-20260513-002,FIDELITY,SecurityExtract_ESS_2026May13.csv,CRNC,STARMINE_COVERED,COVERED,NEUTRAL,3.0,True,TEXT_MAPPED
2026-05-13,2026-05-13T15:28:42.825732+00:00,RUN-REAL-ESS-20260513-002,FIDELITY,SecurityExtract_ESS_2026May13.csv,GTLS,STARMINE_COVERED,COVERED,NEUTRAL,3.0,True,TEXT_MAPPED
2026-05-13,2026-05-13T15:28:42.825732+00:00,RUN-REAL-ESS-20260513-002,FIDELITY,SecurityExtract_ESS_2026May13.csv,CHE,STARMINE_COVERED,COVERED,NEUTRAL,3.0,True,TEXT_MAPPED
2026-05-13,2026-05-13T15:28:42.825732+00:00,RUN-REAL-ESS-20260513-002,FIDELITY,SecurityExtract_ESS_2026May13.csv,CHMG,STARMINE_COVERED,COVERED,NEUTRAL,3.0,True,TEXT_MAPPED
2026-05-13,2026-05-13T15:28:42.825732+00:00,RUN-REAL-ESS-20260513-002,FIDELITY,SecurityExtract_ESS_2026May13.csv,CPK,STARMINE_COVERED,COVERED,NEUTRAL,3.0,True,TEXT_MAPPED
2026-05-13,2026-05-13T15:28:42.825732+00:00,RUN-REAL-ESS-20260513-002,FIDELITY,SecurityExtract_ESS_2026May13.csv,CMG,STARMINE_COVERED,COVERED,NEUTRAL,3.0,True,TEXT_MAPPED
2026-05-13,2026-05-13T15:28:42.825732+00:00,RUN-REAL-ESS-20260513-002,FIDELITY,SecurityExtract_ESS_2026May13.csv,CTRN,STARMINE_COVERED,COVERED,NEUTRAL,3.0,True,TEXT_MAPPED
2026-05-13,2026-05-13T15:28:42.825732+00:00,RUN-REAL-ESS-20260513-002,FIDELITY,SecurityExtract_ESS_2026May13.csv,CFG,STARMINE_COVERED,COVERED,NEUTRAL,3.0,True,TEXT_MAPPED
2026-05-13,2026-05-13T15:28:42.825732+00:00,RUN-REAL-ESS-20260513-002,FIDELITY,SecurityExtract_ESS_2026May13.csv,CIA,STARMINE_COVERED,COVERED,NEUTRAL,3.0,True,TEXT_MAPPED
2026-05-13,2026-05-13T15:28:42.825732+00:00,RUN-REAL-ESS-20260513-002,FIDELITY,SecurityExtract_ESS_2026May13.csv,CLPR,STARMINE_COVERED,COVERED,NEUTRAL,3.0,True,TEXT_MAPPED
2026-05-13,2026-05-13T15:28:42.825732+00:00,RUN-REAL-ESS-20260513-002,FIDELITY,SecurityExtract_ESS_2026May13.csv,NET,STARMINE_COVERED,COVERED,NEUTRAL,3.0,True,TEXT_MAPPED
2026-05-13,2026-05-13T15:28:42.825732+00:00,RUN-REAL-ESS-20260513-002,FIDELITY,SecurityExtract_ESS_2026May13.csv,CME,STARMINE_COVERED,COVERED,NEUTRAL,3.0,True,TEXT_MAPPED
2026-05-13,2026-05-13T15:28:42.825732+00:00,RUN-REAL-ESS-20260513-002,FIDELITY,SecurityExtract_ESS_2026May13.csv,CCEP,STARMINE_COVERED,COVERED,NEUTRAL,3.0,True,TEXT_MAPPED
2026-05-13,2026-05-13T15:28:42.825732+00:00,RUN-REAL-ESS-20260513-002,FIDELITY,SecurityExtract_ESS_2026May13.csv,CDXS,STARMINE_COVERED,COVERED,NEUTRAL,3.0,True,TEXT_MAPPED
2026-05-13,2026-05-13T15:28:42.825732+00:00,RUN-REAL-ESS-20260513-002,FIDELITY,SecurityExtract_ESS_2026May13.csv,CCOI,STARMINE_COVERED,COVERED,NEUTRAL,3.0,True,TEXT_MAPPED
2026-05-13,2026-05-13T15:28:42.825732+00:00,RUN-REAL-ESS-20260513-002,FIDELITY,SecurityExtract_ESS_2026May13.csv,CVLT,STARMINE_COVERED,COVERED,NEUTRAL,3.0,True,TEXT_MAPPED
2026-05-13,2026-05-13T15:28:42.825732+00:00,RUN-REAL-ESS-20260513-002,FIDELITY,SecurityExtract_ESS_2026May13.csv,COMP,STARMINE_COVERED,COVERED,NEUTRAL,3.0,True,TEXT_MAPPED
2026-05-13,2026-05-13T15:28:42.825732+00:00,RUN-REAL-ESS-20260513-002,FIDELITY,SecurityExtract_ESS_2026May13.csv,BBCP,STARMINE_COVERED,COVERED,NEUTRAL,3.0,True,TEXT_MAPPED
2026-05-13,2026-05-13T15:28:42.825732+00:00,RUN-REAL-ESS-20260513-002,FIDELITY,SecurityExtract_ESS_2026May13.csv,CNOB,STARMINE_COVERED,COVERED,NEUTRAL,3.0,True,TEXT_MAPPED
2026-05-13,2026-05-13T15:28:42.825732+00:00,RUN-REAL-ESS-20260513-002,FIDELITY,SecurityExtract_ESS_2026May13.csv,ED,STARMINE_COVERED,COVERED,NEUTRAL,3.0,True,TEXT_MAPPED
2026-05-13,2026-05-13T15:28:42.825732+00:00,RUN-REAL-ESS-20260513-002,FIDELITY,SecurityExtract_ESS_2026May13.csv,CDP,STARMINE_COVERED,COVERED,NEUTRAL,3.0,True,TEXT_MAPPED
2026-05-13,2026-05-13T15:28:42.825732+00:00,RUN-REAL-ESS-20260513-002,FIDELITY,SecurityExtract_ESS_2026May13.csv,CRBP,STARMINE_COVERED,COVERED,NEUTRAL,3.0,True,TEXT_MAPPED
2026-05-13,2026-05-13T15:28:42.825732+00:00,RUN-REAL-ESS-20260513-002,FIDELITY,SecurityExtract_ESS_2026May13.csv,CRVS,STARMINE_COVERED,COVERED,NEUTRAL,3.0,True,TEXT_MAPPED
2026-05-13,2026-05-13T15:28:42.825732+00:00,RUN-REAL-ESS-20260513-002,FIDELITY,SecurityExtract_ESS_2026May13.csv,COUR,STARMINE_COVERED,COVERED,NEUTRAL,3.0,True,TEXT_MAPPED
2026-05-13,2026-05-13T15:28:42.825732+00:00,RUN-REAL-ESS-20260513-002,FIDELITY,SecurityExtract_ESS_2026May13.csv,CVSA,STARMINE_COVERED,COVERED,NEUTRAL,3.0,True,TEXT_MAPPED
2026-05-13,2026-05-13T15:28:42.825732+00:00,RUN-REAL-ESS-20260513-002,FIDELITY,SecurityExtract_ESS_2026May13.csv,CACC,STARMINE_COVERED,COVERED,NEUTRAL,3.0,True,TEXT_MAPPED
2026-05-13,2026-05-13T15:28:42.825732+00:00,RUN-REAL-ESS-20260513-002,FIDELITY,SecurityExtract_ESS_2026May13.csv,DECK,STARMINE_COVERED,COVERED,NEUTRAL,3.0,True,TEXT_MAPPED
2026-05-13,2026-05-13T15:28:42.825732+00:00,RUN-REAL-ESS-20260513-002,FIDELITY,SecurityExtract_ESS_2026May13.csv,XRAY,STARMINE_COVERED,COVERED,NEUTRAL,3.0,True,TEXT_MAPPED
2026-05-13,2026-05-13T15:28:42.825732+00:00,RUN-REAL-ESS-20260513-002,FIDELITY,SecurityExtract_ESS_2026May13.csv,APPS,STARMINE_COVERED,COVERED,NEUTRAL,3.0,True,TEXT_MAPPED
2026-05-13,2026-05-13T15:28:42.825732+00:00,RUN-REAL-ESS-20260513-002,FIDELITY,SecurityExtract_ESS_2026May13.csv,DDS,STARMINE_COVERED,COVERED,NEUTRAL,3.0,True,TEXT_MAPPED
2026-05-13,2026-05-13T15:28:42.825732+00:00,RUN-REAL-ESS-20260513-002,FIDELITY,SecurityExtract_ESS_2026May13.csv,DIN,STARMINE_COVERED,COVERED,NEUTRAL,3.0,True,TEXT_MAPPED
2026-05-13,2026-05-13T15:28:42.825732+00:00,RUN-REAL-ESS-20260513-002,FIDELITY,SecurityExtract_ESS_2026May13.csv,DOCU,STARMINE_COVERED,COVERED,NEUTRAL,3.0,True,TEXT_MAPPED
2026-05-13,2026-05-13T15:28:42.825732+00:00,RUN-REAL-ESS-20260513-002,FIDELITY,SecurityExtract_ESS_2026May13.csv,DLB,STARMINE_COVERED,COVERED,NEUTRAL,3.0,True,TEXT_MAPPED
2026-05-13,2026-05-13T15:28:42.825732+00:00,RUN-REAL-ESS-20260513-002,FIDELITY,SecurityExtract_ESS_2026May13.csv,LPG,STARMINE_COVERED,COVERED,NEUTRAL,3.0,True,TEXT_MAPPED
2026-05-13,2026-05-13T15:28:42.825732+00:00,RUN-REAL-ESS-20260513-002,FIDELITY,SecurityExtract_ESS_2026May13.csv,DTE,STARMINE_COVERED,COVERED,NEUTRAL,3.0,True,TEXT_MAPPED
2026-05-13,2026-05-13T15:28:42.825732+00:00,RUN-REAL-ESS-20260513-002,FIDELITY,SecurityExtract_ESS_2026May13.csv,DCO,STARMINE_COVERED,COVERED,NEUTRAL,3.0,True,TEXT_MAPPED
2026-05-13,2026-05-13T15:28:42.825732+00:00,RUN-REAL-ESS-20260513-002,FIDELITY,SecurityExtract_ESS_2026May13.csv,DUK,STARMINE_COVERED,COVERED,NEUTRAL,3.0,True,TEXT_MAPPED
2026-05-13,2026-05-13T15:28:42.825732+00:00,RUN-REAL-ESS-20260513-002,FIDELITY,SecurityExtract_ESS_2026May13.csv,DUOL,STARMINE_COVERED,COVERED,NEUTRAL,3.0,True,TEXT_MAPPED
2026-05-13,2026-05-13T15:28:42.825732+00:00,RUN-REAL-ESS-20260513-002,FIDELITY,SecurityExtract_ESS_2026May13.csv,EGBN,STARMINE_COVERED,COVERED,NEUTRAL,3.0,True,TEXT_MAPPED
2026-05-13,2026-05-13T15:28:42.825732+00:00,RUN-REAL-ESS-20260513-002,FIDELITY,SecurityExtract_ESS_2026May13.csv,EXP,STARMINE_COVERED,COVERED,NEUTRAL,3.0,True,TEXT_MAPPED
2026-05-13,2026-05-13T15:28:42.825732+00:00,RUN-REAL-ESS-20260513-002,FIDELITY,SecurityExtract_ESS_2026May13.csv,DEA,STARMINE_COVERED,COVERED,NEUTRAL,3.0,True,TEXT_MAPPED
2026-05-13,2026-05-13T15:28:42.825732+00:00,RUN-REAL-ESS-20260513-002,FIDELITY,SecurityExtract_ESS_2026May13.csv,SATS,STARMINE_COVERED,COVERED,NEUTRAL,3.0,True,TEXT_MAPPED
2026-05-13,2026-05-13T15:28:42.825732+00:00,RUN-REAL-ESS-20260513-002,FIDELITY,SecurityExtract_ESS_2026May13.csv,EA,STARMINE_COVERED,COVERED,NEUTRAL,3.0,True,TEXT_MAPPED
2026-05-13,2026-05-13T15:28:42.825732+00:00,RUN-REAL-ESS-20260513-002,FIDELITY,SecurityExtract_ESS_2026May13.csv,LLY,STARMINE_COVERED,COVERED,NEUTRAL,3.0,True,TEXT_MAPPED
2026-05-13,2026-05-13T15:28:42.825732+00:00,RUN-REAL-ESS-20260513-002,FIDELITY,SecurityExtract_ESS_2026May13.csv,EIG,STARMINE_COVERED,COVERED,NEUTRAL,3.0,True,TEXT_MAPPED
2026-05-13,2026-05-13T15:28:42.825732+00:00,RUN-REAL-ESS-20260513-002,FIDELITY,SecurityExtract_ESS_2026May13.csv,ENTA,STARMINE_COVERED,COVERED,NEUTRAL,3.0,True,TEXT_MAPPED
2026-05-13,2026-05-13T15:28:42.825732+00:00,RUN-REAL-ESS-20260513-002,FIDELITY,SecurityExtract_ESS_2026May13.csv,ENR,STARMINE_COVERED,COVERED,NEUTRAL,3.0,True,TEXT_MAPPED
2026-05-13,2026-05-13T15:28:42.825732+00:00,RUN-REAL-ESS-20260513-002,FIDELITY,SecurityExtract_ESS_2026May13.csv,EPAC,STARMINE_COVERED,COVERED,NEUTRAL,3.0,True,TEXT_MAPPED
2026-05-13,2026-05-13T15:28:42.825732+00:00,RUN-REAL-ESS-20260513-002,FIDELITY,SecurityExtract_ESS_2026May13.csv,ETR,STARMINE_COVERED,COVERED,NEUTRAL,3.0,True,TEXT_MAPPED
2026-05-13,2026-05-13T15:28:42.825732+00:00,RUN-REAL-ESS-20260513-002,FIDELITY,SecurityExtract_ESS_2026May13.csv,NVST,STARMINE_COVERED,COVERED,NEUTRAL,3.0,True,TEXT_MAPPED
2026-05-13,2026-05-13T15:28:42.825732+00:00,RUN-REAL-ESS-20260513-002,FIDELITY,SecurityExtract_ESS_2026May13.csv,EPAM,STARMINE_COVERED,COVERED,NEUTRAL,3.0,True,TEXT_MAPPED
2026-05-13,2026-05-13T15:28:42.825732+00:00,RUN-REAL-ESS-20260513-002,FIDELITY,SecurityExtract_ESS_2026May13.csv,EQT,STARMINE_COVERED,COVERED,NEUTRAL,3.0,True,TEXT_MAPPED
2026-05-13,2026-05-13T15:28:42.825732+00:00,RUN-REAL-ESS-20260513-002,FIDELITY,SecurityExtract_ESS_2026May13.csv,ESE,STARMINE_COVERED,COVERED,NEUTRAL,3.0,True,TEXT_MAPPED
2026-05-13,2026-05-13T15:28:42.825732+00:00,RUN-REAL-ESS-20260513-002,FIDELITY,SecurityExtract_ESS_2026May13.csv,ESQ,STARMINE_COVERED,COVERED,NEUTRAL,3.0,True,TEXT_MAPPED
2026-05-13,2026-05-13T15:28:42.825732+00:00,RUN-REAL-ESS-20260513-002,FIDELITY,SecurityExtract_ESS_2026May13.csv,WTRG,STARMINE_COVERED,COVERED,NEUTRAL,3.0,True,TEXT_MAPPED
2026-05-13,2026-05-13T15:28:42.825732+00:00,RUN-REAL-ESS-20260513-002,FIDELITY,SecurityExtract_ESS_2026May13.csv,ECG,STARMINE_COVERED,COVERED,NEUTRAL,3.0,True,TEXT_MAPPED
2026-05-13,2026-05-13T15:28:42.825732+00:00,RUN-REAL-ESS-20260513-002,FIDELITY,SecurityExtract_ESS_2026May13.csv,EVI,STARMINE_COVERED,COVERED,NEUTRAL,3.0,True,TEXT_MAPPED
2026-05-13,2026-05-13T15:28:42.825732+00:00,RUN-REAL-ESS-20260513-002,FIDELITY,SecurityExtract_ESS_2026May13.csv,EXTR,STARMINE_COVERED,COVERED,NEUTRAL,3.0,True,TEXT_MAPPED
2026-05-13,2026-05-13T15:28:42.825732+00:00,RUN-REAL-ESS-20260513-002,FIDELITY,SecurityExtract_ESS_2026May13.csv,FNB,STARMINE_COVERED,COVERED,NEUTRAL,3.0,True,TEXT_MAPPED
2026-05-13,2026-05-13T15:28:42.825732+00:00,RUN-REAL-ESS-20260513-002,FIDELITY,SecurityExtract_ESS_2026May13.csv,FMNB,STARMINE_COVERED,COVERED,NEUTRAL,3.0,True,TEXT_MAPPED
2026-05-13,2026-05-13T15:28:42.825732+00:00,RUN-REAL-ESS-20260513-002,FIDELITY,SecurityExtract_ESS_2026May13.csv,RACE,STARMINE_COVERED,COVERED,NEUTRAL,3.0,True,TEXT_MAPPED
2026-05-13,2026-05-13T15:28:42.825732+00:00,RUN-REAL-ESS-20260513-002,FIDELITY,SecurityExtract_ESS_2026May13.csv,FHB,STARMINE_COVERED,COVERED,NEUTRAL,3.0,True,TEXT_MAPPED
2026-05-13,2026-05-13T15:28:42.825732+00:00,RUN-REAL-ESS-20260513-002,FIDELITY,SecurityExtract_ESS_2026May13.csv,INBK,STARMINE_COVERED,COVERED,NEUTRAL,3.0,True,TEXT_MAPPED
2026-05-13,2026-05-13T15:28:42.825732+00:00,RUN-REAL-ESS-20260513-002,FIDELITY,SecurityExtract_ESS_2026May13.csv,FMBH,STARMINE_COVERED,COVERED,NEUTRAL,3.0,True,TEXT_MAPPED
2026-05-13,2026-05-13T15:28:42.825732+00:00,RUN-REAL-ESS-20260513-002,FIDELITY,SecurityExtract_ESS_2026May13.csv,MYFW,STARMINE_COVERED,COVERED,NEUTRAL,3.0,True,TEXT_MAPPED
2026-05-13,2026-05-13T15:28:42.825732+00:00,RUN-REAL-ESS-20260513-002,FIDELITY,SecurityExtract_ESS_2026May13.csv,FVRR,STARMINE_COVERED,COVERED,NEUTRAL,3.0,True,TEXT_MAPPED
2026-05-13,2026-05-13T15:28:42.825732+00:00,RUN-REAL-ESS-20260513-002,FIDELITY,SecurityExtract_ESS_2026May13.csv,FTK,STARMINE_COVERED,COVERED,NEUTRAL,3.0,True,TEXT_MAPPED
2026-05-13,2026-05-13T15:28:42.825732+00:00,RUN-REAL-ESS-20260513-002,FIDELITY,SecurityExtract_ESS_2026May13.csv,FLS,STARMINE_COVERED,COVERED,NEUTRAL,3.0,True,TEXT_MAPPED
2026-05-13,2026-05-13T15:28:42.825732+00:00,RUN-REAL-ESS-20260513-002,FIDELITY,SecurityExtract_ESS_2026May13.csv,FBRX,STARMINE_COVERED,COVERED,NEUTRAL,3.0,True,TEXT_MAPPED
2026-05-13,2026-05-13T15:28:42.825732+00:00,RUN-REAL-ESS-20260513-002,FIDELITY,SecurityExtract_ESS_2026May13.csv,FNV,STARMINE_COVERED,COVERED,NEUTRAL,3.0,True,TEXT_MAPPED
2026-05-13,2026-05-13T15:28:42.825732+00:00,RUN-REAL-ESS-20260513-002,FIDELITY,SecurityExtract_ESS_2026May13.csv,FCX,STARMINE_COVERED,COVERED,NEUTRAL,3.0,True,TEXT_MAPPED
2026-05-13,2026-05-13T15:28:42.825732+00:00,RUN-REAL-ESS-20260513-002,FIDELITY,SecurityExtract_ESS_2026May13.csv,FTDR,STARMINE_COVERED,COVERED,NEUTRAL,3.0,True,TEXT_MAPPED
2026-05-13,2026-05-13T15:28:42.825732+00:00,RUN-REAL-ESS-20260513-002,FIDELITY,SecurityExtract_ESS_2026May13.csv,FTAI,STARMINE_COVERED,COVERED,NEUTRAL,3.0,True,TEXT_MAPPED
2026-05-13,2026-05-13T15:28:42.825732+00:00,RUN-REAL-ESS-20260513-002,FIDELITY,SecurityExtract_ESS_2026May13.csv,GALT,STARMINE_COVERED,COVERED,NEUTRAL,3.0,True,TEXT_MAPPED
2026-05-13,2026-05-13T15:28:42.825732+00:00,RUN-REAL-ESS-20260513-002,FIDELITY,SecurityExtract_ESS_2026May13.csv,GAP,STARMINE_COVERED,COVERED,NEUTRAL,3.0,True,TEXT_MAPPED
2026-05-13,2026-05-13T15:28:42.825732+00:00,RUN-REAL-ESS-20260513-002,FIDELITY,SecurityExtract_ESS_2026May13.csv,GRMN,STARMINE_COVERED,COVERED,NEUTRAL,3.0,True,TEXT_MAPPED
2026-05-13,2026-05-13T15:28:42.825732+00:00,RUN-REAL-ESS-20260513-002,FIDELITY,SecurityExtract_ESS_2026May13.csv,GTX,STARMINE_COVERED,COVERED,NEUTRAL,3.0,True,TEXT_MAPPED
2026-05-13,2026-05-13T15:28:42.825732+00:00,RUN-REAL-ESS-20260513-002,FIDELITY,SecurityExtract_ESS_2026May13.csv,GEHC,STARMINE_COVERED,COVERED,NEUTRAL,3.0,True,TEXT_MAPPED
2026-05-13,2026-05-13T15:28:42.825732+00:00,RUN-REAL-ESS-20260513-002,FIDELITY,SecurityExtract_ESS_2026May13.csv,G,STARMINE_COVERED,COVERED,NEUTRAL,3.0,True,TEXT_MAPPED
2026-05-13,2026-05-13T15:28:42.825732+00:00,RUN-REAL-ESS-20260513-002,FIDELITY,SecurityExtract_ESS_2026May13.csv,ROCK,STARMINE_COVERED,COVERED,NEUTRAL,3.0,True,TEXT_MAPPED
2026-05-13,2026-05-13T15:28:42.825732+00:00,RUN-REAL-ESS-20260513-002,FIDELITY,SecurityExtract_ESS_2026May13.csv,GNL,STARMINE_COVERED,COVERED,NEUTRAL,3.0,True,TEXT_MAPPED
2026-05-13,2026-05-13T15:28:42.825732+00:00,RUN-REAL-ESS-20260513-002,FIDELITY,SecurityExtract_ESS_2026May13.csv,GDDY,STARMINE_COVERED,COVERED,NEUTRAL,3.0,True,TEXT_MAPPED
2026-05-13,2026-05-13T15:28:42.825732+00:00,RUN-REAL-ESS-20260513-002,FIDELITY,SecurityExtract_ESS_2026May13.csv,GLNG,STARMINE_COVERED,COVERED,NEUTRAL,3.0,True,TEXT_MAPPED
2026-05-13,2026-05-13T15:28:42.825732+00:00,RUN-REAL-ESS-20260513-002,FIDELITY,SecurityExtract_ESS_2026May13.csv,GOLD,STARMINE_COVERED,COVERED,NEUTRAL,3.0,True,TEXT_MAPPED
2026-05-13,2026-05-13T15:28:42.825732+00:00,RUN-REAL-ESS-20260513-002,FIDELITY,SecurityExtract_ESS_2026May13.csv,GOSS,STARMINE_COVERED,COVERED,NEUTRAL,3.0,True,TEXT_MAPPED
2026-05-13,2026-05-13T15:28:42.825732+00:00,RUN-REAL-ESS-20260513-002,FIDELITY,SecurityExtract_ESS_2026May13.csv,GVA,STARMINE_COVERED,COVERED,NEUTRAL,3.0,True,TEXT_MAPPED
2026-05-13,2026-05-13T15:28:42.825732+00:00,RUN-REAL-ESS-20260513-002,FIDELITY,SecurityExtract_ESS_2026May13.csv,TV,STARMINE_COVERED,COVERED,NEUTRAL,3.0,True,TEXT_MAPPED
2026-05-13,2026-05-13T15:28:42.825732+00:00,RUN-REAL-ESS-20260513-002,FIDELITY,SecurityExtract_ESS_2026May13.csv,FUL,STARMINE_COVERED,COVERED,NEUTRAL,3.0,True,TEXT_MAPPED
2026-05-13,2026-05-13T15:28:42.825732+00:00,RUN-REAL-ESS-20260513-002,FIDELITY,SecurityExtract_ESS_2026May13.csv,HCKT,STARMINE_COVERED,COVERED,NEUTRAL,3.0,True,TEXT_MAPPED
2026-05-13,2026-05-13T15:28:42.825732+00:00,RUN-REAL-ESS-20260513-002,FIDELITY,SecurityExtract_ESS_2026May13.csv,HAE,STARMINE_COVERED,COVERED,NEUTRAL,3.0,True,TEXT_MAPPED
2026-05-13,2026-05-13T15:28:42.825732+00:00,RUN-REAL-ESS-20260513-002,FIDELITY,SecurityExtract_ESS_2026May13.csv,HROW,STARMINE_COVERED,COVERED,NEUTRAL,3.0,True,TEXT_MAPPED
2026-05-13,2026-05-13T15:28:42.825732+00:00,RUN-REAL-ESS-20260513-002,FIDELITY,SecurityExtract_ESS_2026May13.csv,HAS,STARMINE_COVERED,COVERED,NEUTRAL,3.0,True,TEXT_MAPPED
2026-05-13,2026-05-13T15:28:42.825732+00:00,RUN-REAL-ESS-20260513-002,FIDELITY,SecurityExtract_ESS_2026May13.csv,HWKN,STARMINE_COVERED,COVERED,NEUTRAL,3.0,True,TEXT_MAPPED
2026-05-13,2026-05-13T15:28:42.825732+00:00,RUN-REAL-ESS-20260513-002,FIDELITY,SecurityExtract_ESS_2026May13.csv,HAYW,STARMINE_COVERED,COVERED,NEUTRAL,3.0,True,TEXT_MAPPED
2026-05-13,2026-05-13T15:28:42.825732+00:00,RUN-REAL-ESS-20260513-002,FIDELITY,SecurityExtract_ESS_2026May13.csv,HCA,STARMINE_COVERED,COVERED,NEUTRAL,3.0,True,TEXT_MAPPED
2026-05-13,2026-05-13T15:28:42.825732+00:00,RUN-REAL-ESS-20260513-002,FIDELITY,SecurityExtract_ESS_2026May13.csv,HCAT,STARMINE_COVERED,COVERED,NEUTRAL,3.0,True,TEXT_MAPPED
2026-05-13,2026-05-13T15:28:42.825732+00:00,RUN-REAL-ESS-20260513-002,FIDELITY,SecurityExtract_ESS_2026May13.csv,HL,STARMINE_COVERED,COVERED,NEUTRAL,3.0,True,TEXT_MAPPED
2026-05-13,2026-05-13T15:28:42.825732+00:00,RUN-REAL-ESS-20260513-002,FIDELITY,SecurityExtract_ESS_2026May13.csv,HOFT,STARMINE_COVERED,COVERED,NEUTRAL,3.0,True,TEXT_MAPPED
2026-05-13,2026-05-13T15:28:42.825732+00:00,RUN-REAL-ESS-20260513-002,FIDELITY,SecurityExtract_ESS_2026May13.csv,HLI,STARMINE_COVERED,COVERED,NEUTRAL,3.0,True,TEXT_MAPPED
2026-05-13,2026-05-13T15:28:42.825732+00:00,RUN-REAL-ESS-20260513-002,FIDELITY,SecurityExtract_ESS_2026May13.csv,HSBC,STARMINE_COVERED,COVERED,NEUTRAL,3.0,True,TEXT_MAPPED
2026-05-13,2026-05-13T15:28:42.825732+00:00,RUN-REAL-ESS-20260513-002,FIDELITY,SecurityExtract_ESS_2026May13.csv,HUBG,STARMINE_COVERED,COVERED,NEUTRAL,3.0,True,TEXT_MAPPED
2026-05-13,2026-05-13T15:28:42.825732+00:00,RUN-REAL-ESS-20260513-002,FIDELITY,SecurityExtract_ESS_2026May13.csv,HBM,STARMINE_COVERED,COVERED,NEUTRAL,3.0,True,TEXT_MAPPED
2026-05-13,2026-05-13T15:28:42.825732+00:00,RUN-REAL-ESS-20260513-002,FIDELITY,SecurityExtract_ESS_2026May13.csv,HURN,STARMINE_COVERED,COVERED,NEUTRAL,3.0,True,TEXT_MAPPED
2026-05-13,2026-05-13T15:28:42.825732+00:00,RUN-REAL-ESS-20260513-002,FIDELITY,SecurityExtract_ESS_2026May13.csv,HY,STARMINE_COVERED,COVERED,NEUTRAL,3.0,True,TEXT_MAPPED
2026-05-13,2026-05-13T15:28:42.825732+00:00,RUN-REAL-ESS-20260513-002,FIDELITY,SecurityExtract_ESS_2026May13.csv,IIIV,STARMINE_COVERED,COVERED,NEUTRAL,3.0,True,TEXT_MAPPED
2026-05-13,2026-05-13T15:28:42.825732+00:00,RUN-REAL-ESS-20260513-002,FIDELITY,SecurityExtract_ESS_2026May13.csv,ICUI,STARMINE_COVERED,COVERED,NEUTRAL,3.0,True,TEXT_MAPPED
2026-05-13,2026-05-13T15:28:42.825732+00:00,RUN-REAL-ESS-20260513-002,FIDELITY,SecurityExtract_ESS_2026May13.csv,IESC,STARMINE_COVERED,COVERED,NEUTRAL,3.0,True,TEXT_MAPPED
2026-05-13,2026-05-13T15:28:42.825732+00:00,RUN-REAL-ESS-20260513-002,FIDELITY,SecurityExtract_ESS_2026May13.csv,IRT,STARMINE_COVERED,COVERED,NEUTRAL,3.0,True,TEXT_MAPPED
2026-05-13,2026-05-13T15:28:42.825732+00:00,RUN-REAL-ESS-20260513-002,FIDELITY,SecurityExtract_ESS_2026May13.csv,INGR,STARMINE_COVERED,COVERED,NEUTRAL,3.0,True,TEXT_MAPPED
2026-05-13,2026-05-13T15:28:42.825732+00:00,RUN-REAL-ESS-20260513-002,FIDELITY,SecurityExtract_ESS_2026May13.csv,INO,STARMINE_COVERED,COVERED,NEUTRAL,3.0,True,TEXT_MAPPED
2026-05-13,2026-05-13T15:28:42.825732+00:00,RUN-REAL-ESS-20260513-002,FIDELITY,SecurityExtract_ESS_2026May13.csv,NSP,STARMINE_COVERED,COVERED,NEUTRAL,3.0,True,TEXT_MAPPED
2026-05-13,2026-05-13T15:28:42.825732+00:00,RUN-REAL-ESS-20260513-002,FIDELITY,SecurityExtract_ESS_2026May13.csv,INTC,STARMINE_COVERED,COVERED,NEUTRAL,3.0,True,TEXT_MAPPED
2026-05-13,2026-05-13T15:28:42.825732+00:00,RUN-REAL-ESS-20260513-002,FIDELITY,SecurityExtract_ESS_2026May13.csv,ICE,STARMINE_COVERED,COVERED,NEUTRAL,3.0,True,TEXT_MAPPED
2026-05-13,2026-05-13T15:28:42.825732+00:00,RUN-REAL-ESS-20260513-002,FIDELITY,SecurityExtract_ESS_2026May13.csv,IPAR,STARMINE_COVERED,COVERED,NEUTRAL,3.0,True,TEXT_MAPPED
2026-05-13,2026-05-13T15:28:42.825732+00:00,RUN-REAL-ESS-20260513-002,FIDELITY,SecurityExtract_ESS_2026May13.csv,IPI,STARMINE_COVERED,COVERED,NEUTRAL,3.0,True,TEXT_MAPPED
2026-05-13,2026-05-13T15:28:42.825732+00:00,RUN-REAL-ESS-20260513-002,FIDELITY,SecurityExtract_ESS_2026May13.csv,ISRG,STARMINE_COVERED,COVERED,NEUTRAL,3.0,True,TEXT_MAPPED
2026-05-13,2026-05-13T15:28:42.825732+00:00,RUN-REAL-ESS-20260513-002,FIDELITY,SecurityExtract_ESS_2026May13.csv,ISTR,STARMINE_COVERED,COVERED,NEUTRAL,3.0,True,TEXT_MAPPED
2026-05-13,2026-05-13T15:28:42.825732+00:00,RUN-REAL-ESS-20260513-002,FIDELITY,SecurityExtract_ESS_2026May13.csv,IOVA,STARMINE_COVERED,COVERED,NEUTRAL,3.0,True,TEXT_MAPPED
2026-05-13,2026-05-13T15:28:42.825732+00:00,RUN-REAL-ESS-20260513-002,FIDELITY,SecurityExtract_ESS_2026May13.csv,IRM,STARMINE_COVERED,COVERED,NEUTRAL,3.0,True,TEXT_MAPPED
2026-05-13,2026-05-13T15:28:42.825732+00:00,RUN-REAL-ESS-20260513-002,FIDELITY,SecurityExtract_ESS_2026May13.csv,JILL,STARMINE_COVERED,COVERED,NEUTRAL,3.0,True,TEXT_MAPPED
2026-05-13,2026-05-13T15:28:42.825732+00:00,RUN-REAL-ESS-20260513-002,FIDELITY,SecurityExtract_ESS_2026May13.csv,JBLU,STARMINE_COVERED,COVERED,NEUTRAL,3.0,True,TEXT_MAPPED
2026-05-13,2026-05-13T15:28:42.825732+00:00,RUN-REAL-ESS-20260513-002,FIDELITY,SecurityExtract_ESS_2026May13.csv,JOUT,STARMINE_COVERED,COVERED,NEUTRAL,3.0,True,TEXT_MAPPED
2026-05-13,2026-05-13T15:28:42.825732+00:00,RUN-REAL-ESS-20260513-002,FIDELITY,SecurityExtract_ESS_2026May13.csv,KNTK,STARMINE_COVERED,COVERED,NEUTRAL,3.0,True,TEXT_MAPPED
2026-05-13,2026-05-13T15:28:42.825732+00:00,RUN-REAL-ESS-20260513-002,FIDELITY,SecurityExtract_ESS_2026May13.csv,KGC,STARMINE_COVERED,COVERED,NEUTRAL,3.0,True,TEXT_MAPPED
2026-05-13,2026-05-13T15:28:42.825732+00:00,RUN-REAL-ESS-20260513-002,FIDELITY,SecurityExtract_ESS_2026May13.csv,KR,STARMINE_COVERED,COVERED,NEUTRAL,3.0,True,TEXT_MAPPED
2026-05-13,2026-05-13T15:28:42.825732+00:00,RUN-REAL-ESS-20260513-002,FIDELITY,SecurityExtract_ESS_2026May13.csv,FSTR,STARMINE_COVERED,COVERED,NEUTRAL,3.0,True,TEXT_MAPPED
2026-05-13,2026-05-13T15:28:42.825732+00:00,RUN-REAL-ESS-20260513-002,FIDELITY,SecurityExtract_ESS_2026May13.csv,LNTH,STARMINE_COVERED,COVERED,NEUTRAL,3.0,True,TEXT_MAPPED
2026-05-13,2026-05-13T15:28:42.825732+00:00,RUN-REAL-ESS-20260513-002,FIDELITY,SecurityExtract_ESS_2026May13.csv,LCNB,STARMINE_COVERED,COVERED,NEUTRAL,3.0,True,TEXT_MAPPED
2026-05-13,2026-05-13T15:28:42.825732+00:00,RUN-REAL-ESS-20260513-002,FIDELITY,SecurityExtract_ESS_2026May13.csv,LEGH,STARMINE_COVERED,COVERED,NEUTRAL,3.0,True,TEXT_MAPPED
2026-05-13,2026-05-13T15:28:42.825732+00:00,RUN-REAL-ESS-20260513-002,FIDELITY,SecurityExtract_ESS_2026May13.csv,LC,STARMINE_COVERED,COVERED,NEUTRAL,3.0,True,TEXT_MAPPED
2026-05-13,2026-05-13T15:28:42.825732+00:00,RUN-REAL-ESS-20260513-002,FIDELITY,SecurityExtract_ESS_2026May13.csv,LBRDK,STARMINE_COVERED,COVERED,NEUTRAL,3.0,True,TEXT_MAPPED
2026-05-13,2026-05-13T15:28:42.825732+00:00,RUN-REAL-ESS-20260513-002,FIDELITY,SecurityExtract_ESS_2026May13.csv,LWAY,STARMINE_COVERED,COVERED,NEUTRAL,3.0,True,TEXT_MAPPED
2026-05-13,2026-05-13T15:28:42.825732+00:00,RUN-REAL-ESS-20260513-002,FIDELITY,SecurityExtract_ESS_2026May13.csv,LIND,STARMINE_COVERED,COVERED,NEUTRAL,3.0,True,TEXT_MAPPED
2026-05-13,2026-05-13T15:28:42.825732+00:00,RUN-REAL-ESS-20260513-002,FIDELITY,SecurityExtract_ESS_2026May13.csv,LIN,STARMINE_COVERED,COVERED,NEUTRAL,3.0,True,TEXT_MAPPED
2026-05-13,2026-05-13T15:28:42.825732+00:00,RUN-REAL-ESS-20260513-002,FIDELITY,SecurityExtract_ESS_2026May13.csv,LQDT,STARMINE_COVERED,COVERED,NEUTRAL,3.0,True,TEXT_MAPPED
2026-05-13,2026-05-13T15:28:42.825732+00:00,RUN-REAL-ESS-20260513-002,FIDELITY,SecurityExtract_ESS_2026May13.csv,LAD,STARMINE_COVERED,COVERED,NEUTRAL,3.0,True,TEXT_MAPPED
2026-05-13,2026-05-13T15:28:42.825732+00:00,RUN-REAL-ESS-20260513-002,FIDELITY,SecurityExtract_ESS_2026May13.csv,LIVN,STARMINE_COVERED,COVERED,NEUTRAL,3.0,True,TEXT_MAPPED
2026-05-13,2026-05-13T15:28:42.825732+00:00,RUN-REAL-ESS-20260513-002,FIDELITY,SecurityExtract_ESS_2026May13.csv,LKQ,STARMINE_COVERED,COVERED,NEUTRAL,3.0,True,TEXT_MAPPED
2026-05-13,2026-05-13T15:28:42.825732+00:00,RUN-REAL-ESS-20260513-002,FIDELITY,SecurityExtract_ESS_2026May13.csv,LOVE,STARMINE_COVERED,COVERED,NEUTRAL,3.0,True,TEXT_MAPPED
2026-05-13,2026-05-13T15:28:42.825732+00:00,RUN-REAL-ESS-20260513-002,FIDELITY,SecurityExtract_ESS_2026May13.csv,LYTS,STARMINE_COVERED,COVERED,NEUTRAL,3.0,True,TEXT_MAPPED
2026-05-13,2026-05-13T15:28:42.825732+00:00,RUN-REAL-ESS-20260513-002,FIDELITY,SecurityExtract_ESS_2026May13.csv,LITE,STARMINE_COVERED,COVERED,NEUTRAL,3.0,True,TEXT_MAPPED
2026-05-13,2026-05-13T15:28:42.825732+00:00,RUN-REAL-ESS-20260513-002,FIDELITY,SecurityExtract_ESS_2026May13.csv,LXFR,STARMINE_COVERED,COVERED,NEUTRAL,3.0,True,TEXT_MAPPED
2026-05-13,2026-05-13T15:28:42.825732+00:00,RUN-REAL-ESS-20260513-002,FIDELITY,SecurityExtract_ESS_2026May13.csv,MAC,STARMINE_COVERED,COVERED,NEUTRAL,3.0,True,TEXT_MAPPED
2026-05-13,2026-05-13T15:28:42.825732+00:00,RUN-REAL-ESS-20260513-002,FIDELITY,SecurityExtract_ESS_2026May13.csv,MBUU,STARMINE_COVERED,COVERED,NEUTRAL,3.0,True,TEXT_MAPPED
2026-05-13,2026-05-13T15:28:42.825732+00:00,RUN-REAL-ESS-20260513-002,FIDELITY,SecurityExtract_ESS_2026May13.csv,TUSK,STARMINE_COVERED,COVERED,NEUTRAL,3.0,True,TEXT_MAPPED
2026-05-13,2026-05-13T15:28:42.825732+00:00,RUN-REAL-ESS-20260513-002,FIDELITY,SecurityExtract_ESS_2026May13.csv,MNKD,STARMINE_COVERED,COVERED,NEUTRAL,3.0,True,TEXT_MAPPED
2026-05-13,2026-05-13T15:28:42.825732+00:00,RUN-REAL-ESS-20260513-002,FIDELITY,SecurityExtract_ESS_2026May13.csv,CART,STARMINE_COVERED,COVERED,NEUTRAL,3.0,True,TEXT_MAPPED
2026-05-13,2026-05-13T15:28:42.825732+00:00,RUN-REAL-ESS-20260513-002,FIDELITY,SecurityExtract_ESS_2026May13.csv,MPX,STARMINE_COVERED,COVERED,NEUTRAL,3.0,True,TEXT_MAPPED
2026-05-13,2026-05-13T15:28:42.825732+00:00,RUN-REAL-ESS-20260513-002,FIDELITY,SecurityExtract_ESS_2026May13.csv,MRSH,STARMINE_COVERED,COVERED,NEUTRAL,3.0,True,TEXT_MAPPED
2026-05-13,2026-05-13T15:28:42.825732+00:00,RUN-REAL-ESS-20260513-002,FIDELITY,SecurityExtract_ESS_2026May13.csv,MRTN,STARMINE_COVERED,COVERED,NEUTRAL,3.0,True,TEXT_MAPPED
2026-05-13,2026-05-13T15:28:42.825732+00:00,RUN-REAL-ESS-20260513-002,FIDELITY,SecurityExtract_ESS_2026May13.csv,MXL,STARMINE_COVERED,COVERED,NEUTRAL,3.0,True,TEXT_MAPPED
2026-05-13,2026-05-13T15:28:42.825732+00:00,RUN-REAL-ESS-20260513-002,FIDELITY,SecurityExtract_ESS_2026May13.csv,MGRC,STARMINE_COVERED,COVERED,NEUTRAL,3.0,True,TEXT_MAPPED
2026-05-13,2026-05-13T15:28:42.825732+00:00,RUN-REAL-ESS-20260513-002,FIDELITY,SecurityExtract_ESS_2026May13.csv,MDU,STARMINE_COVERED,COVERED,NEUTRAL,3.0,True,TEXT_MAPPED
2026-05-13,2026-05-13T15:28:42.825732+00:00,RUN-REAL-ESS-20260513-002,FIDELITY,SecurityExtract_ESS_2026May13.csv,MPT,STARMINE_COVERED,COVERED,NEUTRAL,3.0,True,TEXT_MAPPED
2026-05-13,2026-05-13T15:28:42.825732+00:00,RUN-REAL-ESS-20260513-002,FIDELITY,SecurityExtract_ESS_2026May13.csv,MNOV,STARMINE_COVERED,COVERED,NEUTRAL,3.0,True,TEXT_MAPPED
2026-05-13,2026-05-13T15:28:42.825732+00:00,RUN-REAL-ESS-20260513-002,FIDELITY,SecurityExtract_ESS_2026May13.csv,MLCO,STARMINE_COVERED,COVERED,NEUTRAL,3.0,True,TEXT_MAPPED
2026-05-13,2026-05-13T15:28:42.825732+00:00,RUN-REAL-ESS-20260513-002,FIDELITY,SecurityExtract_ESS_2026May13.csv,MBWM,STARMINE_COVERED,COVERED,NEUTRAL,3.0,True,TEXT_MAPPED
2026-05-13,2026-05-13T15:28:42.825732+00:00,RUN-REAL-ESS-20260513-002,FIDELITY,SecurityExtract_ESS_2026May13.csv,MERC,STARMINE_COVERED,COVERED,NEUTRAL,3.0,True,TEXT_MAPPED
2026-05-13,2026-05-13T15:28:42.825732+00:00,RUN-REAL-ESS-20260513-002,FIDELITY,SecurityExtract_ESS_2026May13.csv,MMSI,STARMINE_COVERED,COVERED,NEUTRAL,3.0,True,TEXT_MAPPED
2026-05-13,2026-05-13T15:28:42.825732+00:00,RUN-REAL-ESS-20260513-002,FIDELITY,SecurityExtract_ESS_2026May13.csv,META,STARMINE_COVERED,COVERED,NEUTRAL,3.0,True,TEXT_MAPPED
2026-05-13,2026-05-13T15:28:42.825732+00:00,RUN-REAL-ESS-20260513-002,FIDELITY,SecurityExtract_ESS_2026May13.csv,MTUS,STARMINE_COVERED,COVERED,NEUTRAL,3.0,True,TEXT_MAPPED
2026-05-13,2026-05-13T15:28:42.825732+00:00,RUN-REAL-ESS-20260513-002,FIDELITY,SecurityExtract_ESS_2026May13.csv,MEOH,STARMINE_COVERED,COVERED,NEUTRAL,3.0,True,TEXT_MAPPED
2026-05-13,2026-05-13T15:28:42.825732+00:00,RUN-REAL-ESS-20260513-002,FIDELITY,SecurityExtract_ESS_2026May13.csv,MEI,STARMINE_COVERED,COVERED,NEUTRAL,3.0,True,TEXT_MAPPED
2026-05-13,2026-05-13T15:28:42.825732+00:00,RUN-REAL-ESS-20260513-002,FIDELITY,SecurityExtract_ESS_2026May13.csv,MGEE,STARMINE_COVERED,COVERED,NEUTRAL,3.0,True,TEXT_MAPPED
2026-05-13,2026-05-13T15:28:42.825732+00:00,RUN-REAL-ESS-20260513-002,FIDELITY,SecurityExtract_ESS_2026May13.csv,MGM,STARMINE_COVERED,COVERED,NEUTRAL,3.0,True,TEXT_MAPPED
2026-05-13,2026-05-13T15:28:42.825732+00:00,RUN-REAL-ESS-20260513-002,FIDELITY,SecurityExtract_ESS_2026May13.csv,MVIS,STARMINE_COVERED,COVERED,NEUTRAL,3.0,True,TEXT_MAPPED
2026-05-13,2026-05-13T15:28:42.825732+00:00,RUN-REAL-ESS-20260513-002,FIDELITY,SecurityExtract_ESS_2026May13.csv,NERV,STARMINE_COVERED,COVERED,NEUTRAL,3.0,True,TEXT_MAPPED
2026-05-13,2026-05-13T15:28:42.825732+00:00,RUN-REAL-ESS-20260513-002,FIDELITY,SecurityExtract_ESS_2026May13.csv,MC,STARMINE_COVERED,COVERED,NEUTRAL,3.0,True,TEXT_MAPPED
2026-05-13,2026-05-13T15:28:42.825732+00:00,RUN-REAL-ESS-20260513-002,FIDELITY,SecurityExtract_ESS_2026May13.csv,MCO,STARMINE_COVERED,COVERED,NEUTRAL,3.0,True,TEXT_MAPPED
2026-05-13,2026-05-13T15:28:42.825732+00:00,RUN-REAL-ESS-20260513-002,FIDELITY,SecurityExtract_ESS_2026May13.csv,MPAA,STARMINE_COVERED,COVERED,NEUTRAL,3.0,True,TEXT_MAPPED
2026-05-13,2026-05-13T15:28:42.825732+00:00,RUN-REAL-ESS-20260513-002,FIDELITY,SecurityExtract_ESS_2026May13.csv,NHI,STARMINE_COVERED,COVERED,NEUTRAL,3.0,True,TEXT_MAPPED
2026-05-13,2026-05-13T15:28:42.825732+00:00,RUN-REAL-ESS-20260513-002,FIDELITY,SecurityExtract_ESS_2026May13.csv,EYE,STARMINE_COVERED,COVERED,NEUTRAL,3.0,True,TEXT_MAPPED
2026-05-13,2026-05-13T15:28:42.825732+00:00,RUN-REAL-ESS-20260513-002,FIDELITY,SecurityExtract_ESS_2026May13.csv,NTCT,STARMINE_COVERED,COVERED,NEUTRAL,3.0,True,TEXT_MAPPED
2026-05-13,2026-05-13T15:28:42.825732+00:00,RUN-REAL-ESS-20260513-002,FIDELITY,SecurityExtract_ESS_2026May13.csv,EDU,STARMINE_COVERED,COVERED,NEUTRAL,3.0,True,TEXT_MAPPED
2026-05-13,2026-05-13T15:28:42.825732+00:00,RUN-REAL-ESS-20260513-002,FIDELITY,SecurityExtract_ESS_2026May13.csv,NWS,STARMINE_COVERED,COVERED,NEUTRAL,3.0,True,TEXT_MAPPED
2026-05-13,2026-05-13T15:28:42.825732+00:00,RUN-REAL-ESS-20260513-002,FIDELITY,SecurityExtract_ESS_2026May13.csv,NUS,STARMINE_COVERED,COVERED,NEUTRAL,3.0,True,TEXT_MAPPED
2026-05-13,2026-05-13T15:28:42.825732+00:00,RUN-REAL-ESS-20260513-002,FIDELITY,SecurityExtract_ESS_2026May13.csv,OCFC,STARMINE_COVERED,COVERED,NEUTRAL,3.0,True,TEXT_MAPPED
2026-05-13,2026-05-13T15:28:42.825732+00:00,RUN-REAL-ESS-20260513-002,FIDELITY,SecurityExtract_ESS_2026May13.csv,OSG,STARMINE_COVERED,COVERED,NEUTRAL,3.0,True,TEXT_MAPPED
2026-05-13,2026-05-13T15:28:42.825732+00:00,RUN-REAL-ESS-20260513-002,FIDELITY,SecurityExtract_ESS_2026May13.csv,OKTA,STARMINE_COVERED,COVERED,NEUTRAL,3.0,True,TEXT_MAPPED
2026-05-13,2026-05-13T15:28:42.825732+00:00,RUN-REAL-ESS-20260513-002,FIDELITY,SecurityExtract_ESS_2026May13.csv,ODFL,STARMINE_COVERED,COVERED,NEUTRAL,3.0,True,TEXT_MAPPED
2026-05-13,2026-05-13T15:28:42.825732+00:00,RUN-REAL-ESS-20260513-002,FIDELITY,SecurityExtract_ESS_2026May13.csv,OSBC,STARMINE_COVERED,COVERED,NEUTRAL,3.0,True,TEXT_MAPPED
2026-05-13,2026-05-13T15:28:42.825732+00:00,RUN-REAL-ESS-20260513-002,FIDELITY,SecurityExtract_ESS_2026May13.csv,OFLX,STARMINE_COVERED,COVERED,NEUTRAL,3.0,True,TEXT_MAPPED
2026-05-13,2026-05-13T15:28:42.825732+00:00,RUN-REAL-ESS-20260513-002,FIDELITY,SecurityExtract_ESS_2026May13.csv,OMF,STARMINE_COVERED,COVERED,NEUTRAL,3.0,True,TEXT_MAPPED
2026-05-13,2026-05-13T15:28:42.825732+00:00,RUN-REAL-ESS-20260513-002,FIDELITY,SecurityExtract_ESS_2026May13.csv,OPK,STARMINE_COVERED,COVERED,NEUTRAL,3.0,True,TEXT_MAPPED
2026-05-13,2026-05-13T15:28:42.825732+00:00,RUN-REAL-ESS-20260513-002,FIDELITY,SecurityExtract_ESS_2026May13.csv,OPTU,STARMINE_COVERED,COVERED,NEUTRAL,3.0,True,TEXT_MAPPED
2026-05-13,2026-05-13T15:28:42.825732+00:00,RUN-REAL-ESS-20260513-002,FIDELITY,SecurityExtract_ESS_2026May13.csv,OSCR,STARMINE_COVERED,COVERED,NEUTRAL,3.0,True,TEXT_MAPPED
2026-05-13,2026-05-13T15:28:42.825732+00:00,RUN-REAL-ESS-20260513-002,FIDELITY,SecurityExtract_ESS_2026May13.csv,OVID,STARMINE_COVERED,COVERED,NEUTRAL,3.0,True,TEXT_MAPPED
2026-05-13,2026-05-13T15:28:42.825732+00:00,RUN-REAL-ESS-20260513-002,FIDELITY,SecurityExtract_ESS_2026May13.csv,PAAS,STARMINE_COVERED,COVERED,NEUTRAL,3.0,True,TEXT_MAPPED
2026-05-13,2026-05-13T15:28:42.825732+00:00,RUN-REAL-ESS-20260513-002,FIDELITY,SecurityExtract_ESS_2026May13.csv,PANL,STARMINE_COVERED,COVERED,NEUTRAL,3.0,True,TEXT_MAPPED
2026-05-13,2026-05-13T15:28:42.825732+00:00,RUN-REAL-ESS-20260513-002,FIDELITY,SecurityExtract_ESS_2026May13.csv,PAR,STARMINE_COVERED,COVERED,NEUTRAL,3.0,True,TEXT_MAPPED
2026-05-13,2026-05-13T15:28:42.825732+00:00,RUN-REAL-ESS-20260513-002,FIDELITY,SecurityExtract_ESS_2026May13.csv,PAYX,STARMINE_COVERED,COVERED,NEUTRAL,3.0,True,TEXT_MAPPED
2026-05-13,2026-05-13T15:28:42.825732+00:00,RUN-REAL-ESS-20260513-002,FIDELITY,SecurityExtract_ESS_2026May13.csv,PAG,STARMINE_COVERED,COVERED,NEUTRAL,3.0,True,TEXT_MAPPED
2026-05-13,2026-05-13T15:28:42.825732+00:00,RUN-REAL-ESS-20260513-002,FIDELITY,SecurityExtract_ESS_2026May13.csv,PEN,STARMINE_COVERED,COVERED,NEUTRAL,3.0,True,TEXT_MAPPED
2026-05-13,2026-05-13T15:28:42.825732+00:00,RUN-REAL-ESS-20260513-002,FIDELITY,SecurityExtract_ESS_2026May13.csv,PEP,STARMINE_COVERED,COVERED,NEUTRAL,3.0,True,TEXT_MAPPED
2026-05-13,2026-05-13T15:28:42.825732+00:00,RUN-REAL-ESS-20260513-002,FIDELITY,SecurityExtract_ESS_2026May13.csv,PETS,STARMINE_COVERED,COVERED,NEUTRAL,3.0,True,TEXT_MAPPED
2026-05-13,2026-05-13T15:28:42.825732+00:00,RUN-REAL-ESS-20260513-002,FIDELITY,SecurityExtract_ESS_2026May13.csv,PINS,STARMINE_COVERED,COVERED,NEUTRAL,3.0,True,TEXT_MAPPED
2026-05-13,2026-05-13T15:28:42.825732+00:00,RUN-REAL-ESS-20260513-002,FIDELITY,SecurityExtract_ESS_2026May13.csv,PII,STARMINE_COVERED,COVERED,NEUTRAL,3.0,True,TEXT_MAPPED
2026-05-13,2026-05-13T15:28:42.825732+00:00,RUN-REAL-ESS-20260513-002,FIDELITY,SecurityExtract_ESS_2026May13.csv,POOL,STARMINE_COVERED,COVERED,NEUTRAL,3.0,True,TEXT_MAPPED
2026-05-13,2026-05-13T15:28:42.825732+00:00,RUN-REAL-ESS-20260513-002,FIDELITY,SecurityExtract_ESS_2026May13.csv,PSTL,STARMINE_COVERED,COVERED,NEUTRAL,3.0,True,TEXT_MAPPED
2026-05-13,2026-05-13T15:28:42.825732+00:00,RUN-REAL-ESS-20260513-002,FIDELITY,SecurityExtract_ESS_2026May13.csv,PDS,STARMINE_COVERED,COVERED,NEUTRAL,3.0,True,TEXT_MAPPED
2026-05-13,2026-05-13T15:28:42.825732+00:00,RUN-REAL-ESS-20260513-002,FIDELITY,SecurityExtract_ESS_2026May13.csv,PLPC,STARMINE_COVERED,COVERED,NEUTRAL,3.0,True,TEXT_MAPPED
2026-05-13,2026-05-13T15:28:42.825732+00:00,RUN-REAL-ESS-20260513-002,FIDELITY,SecurityExtract_ESS_2026May13.csv,PNRG,STARMINE_COVERED,COVERED,NEUTRAL,3.0,True,TEXT_MAPPED
2026-05-13,2026-05-13T15:28:42.825732+00:00,RUN-REAL-ESS-20260513-002,FIDELITY,SecurityExtract_ESS_2026May13.csv,PRTH,STARMINE_COVERED,COVERED,NEUTRAL,3.0,True,TEXT_MAPPED
2026-05-13,2026-05-13T15:28:42.825732+00:00,RUN-REAL-ESS-20260513-002,FIDELITY,SecurityExtract_ESS_2026May13.csv,PRA,STARMINE_COVERED,COVERED,NEUTRAL,3.0,True,TEXT_MAPPED
2026-05-13,2026-05-13T15:28:42.825732+00:00,RUN-REAL-ESS-20260513-002,FIDELITY,SecurityExtract_ESS_2026May13.csv,PCOR,STARMINE_COVERED,COVERED,NEUTRAL,3.0,True,TEXT_MAPPED
2026-05-13,2026-05-13T15:28:42.825732+00:00,RUN-REAL-ESS-20260513-002,FIDELITY,SecurityExtract_ESS_2026May13.csv,PRQR,STARMINE_COVERED,COVERED,NEUTRAL,3.0,True,TEXT_MAPPED
2026-05-13,2026-05-13T15:28:42.825732+00:00,RUN-REAL-ESS-20260513-002,FIDELITY,SecurityExtract_ESS_2026May13.csv,PB,STARMINE_COVERED,COVERED,NEUTRAL,3.0,True,TEXT_MAPPED
2026-05-13,2026-05-13T15:28:42.825732+00:00,RUN-REAL-ESS-20260513-002,FIDELITY,SecurityExtract_ESS_2026May13.csv,PRLB,STARMINE_COVERED,COVERED,NEUTRAL,3.0,True,TEXT_MAPPED
2026-05-13,2026-05-13T15:28:42.825732+00:00,RUN-REAL-ESS-20260513-002,FIDELITY,SecurityExtract_ESS_2026May13.csv,QTWO,STARMINE_COVERED,COVERED,NEUTRAL,3.0,True,TEXT_MAPPED
2026-05-13,2026-05-13T15:28:42.825732+00:00,RUN-REAL-ESS-20260513-002,FIDELITY,SecurityExtract_ESS_2026May13.csv,QCRH,STARMINE_COVERED,COVERED,NEUTRAL,3.0,True,TEXT_MAPPED
2026-05-13,2026-05-13T15:28:42.825732+00:00,RUN-REAL-ESS-20260513-002,FIDELITY,SecurityExtract_ESS_2026May13.csv,QLYS,STARMINE_COVERED,COVERED,NEUTRAL,3.0,True,TEXT_MAPPED
2026-05-13,2026-05-13T15:28:42.825732+00:00,RUN-REAL-ESS-20260513-002,FIDELITY,SecurityExtract_ESS_2026May13.csv,QTRX,STARMINE_COVERED,COVERED,NEUTRAL,3.0,True,TEXT_MAPPED
2026-05-13,2026-05-13T15:28:42.825732+00:00,RUN-REAL-ESS-20260513-002,FIDELITY,SecurityExtract_ESS_2026May13.csv,QNST,STARMINE_COVERED,COVERED,NEUTRAL,3.0,True,TEXT_MAPPED
2026-05-13,2026-05-13T15:28:42.825732+00:00,RUN-REAL-ESS-20260513-002,FIDELITY,SecurityExtract_ESS_2026May13.csv,RBA,STARMINE_COVERED,COVERED,NEUTRAL,3.0,True,TEXT_MAPPED
2026-05-13,2026-05-13T15:28:42.825732+00:00,RUN-REAL-ESS-20260513-002,FIDELITY,SecurityExtract_ESS_2026May13.csv,RVTY,STARMINE_COVERED,COVERED,NEUTRAL,3.0,True,TEXT_MAPPED
2026-05-13,2026-05-13T15:28:42.825732+00:00,RUN-REAL-ESS-20260513-002,FIDELITY,SecurityExtract_ESS_2026May13.csv,REX,STARMINE_COVERED,COVERED,NEUTRAL,3.0,True,TEXT_MAPPED
2026-05-13,2026-05-13T15:28:42.825732+00:00,RUN-REAL-ESS-20260513-002,FIDELITY,SecurityExtract_ESS_2026May13.csv,REXR,STARMINE_COVERED,COVERED,NEUTRAL,3.0,True,TEXT_MAPPED
2026-05-13,2026-05-13T15:28:42.825732+00:00,RUN-REAL-ESS-20260513-002,FIDELITY,SecurityExtract_ESS_2026May13.csv,RHI,STARMINE_COVERED,COVERED,NEUTRAL,3.0,True,TEXT_MAPPED
2026-05-13,2026-05-13T15:28:42.825732+00:00,RUN-REAL-ESS-20260513-002,FIDELITY,SecurityExtract_ESS_2026May13.csv,RMTI,STARMINE_COVERED,COVERED,NEUTRAL,3.0,True,TEXT_MAPPED
2026-05-13,2026-05-13T15:28:42.825732+00:00,RUN-REAL-ESS-20260513-002,FIDELITY,SecurityExtract_ESS_2026May13.csv,RYZ,STARMINE_COVERED,COVERED,NEUTRAL,3.0,True,TEXT_MAPPED
2026-05-13,2026-05-13T15:28:42.825732+00:00,RUN-REAL-ESS-20260513-002,FIDELITY,SecurityExtract_ESS_2026May13.csv,SPGI,STARMINE_COVERED,COVERED,NEUTRAL,3.0,True,TEXT_MAPPED
2026-05-13,2026-05-13T15:28:42.825732+00:00,RUN-REAL-ESS-20260513-002,FIDELITY,SecurityExtract_ESS_2026May13.csv,STBA,STARMINE_COVERED,COVERED,NEUTRAL,3.0,True,TEXT_MAPPED
2026-05-13,2026-05-13T15:28:42.825732+00:00,RUN-REAL-ESS-20260513-002,FIDELITY,SecurityExtract_ESS_2026May13.csv,SABR,STARMINE_COVERED,COVERED,NEUTRAL,3.0,True,TEXT_MAPPED
2026-05-13,2026-05-13T15:28:42.825732+00:00,RUN-REAL-ESS-20260513-002,FIDELITY,SecurityExtract_ESS_2026May13.csv,SB,STARMINE_COVERED,COVERED,NEUTRAL,3.0,True,TEXT_MAPPED
2026-05-13,2026-05-13T15:28:42.825732+00:00,RUN-REAL-ESS-20260513-002,FIDELITY,SecurityExtract_ESS_2026May13.csv,SAFE,STARMINE_COVERED,COVERED,NEUTRAL,3.0,True,TEXT_MAPPED
2026-05-13,2026-05-13T15:28:42.825732+00:00,RUN-REAL-ESS-20260513-002,FIDELITY,SecurityExtract_ESS_2026May13.csv,SAIL,STARMINE_COVERED,COVERED,NEUTRAL,3.0,True,TEXT_MAPPED
2026-05-13,2026-05-13T15:28:42.825732+00:00,RUN-REAL-ESS-20260513-002,FIDELITY,SecurityExtract_ESS_2026May13.csv,SBAC,STARMINE_COVERED,COVERED,NEUTRAL,3.0,True,TEXT_MAPPED
2026-05-13,2026-05-13T15:28:42.825732+00:00,RUN-REAL-ESS-20260513-002,FIDELITY,SecurityExtract_ESS_2026May13.csv,SCSC,STARMINE_COVERED,COVERED,NEUTRAL,3.0,True,TEXT_MAPPED
2026-05-13,2026-05-13T15:28:42.825732+00:00,RUN-REAL-ESS-20260513-002,FIDELITY,SecurityExtract_ESS_2026May13.csv,SMG,STARMINE_COVERED,COVERED,NEUTRAL,3.0,True,TEXT_MAPPED
2026-05-13,2026-05-13T15:28:42.825732+00:00,RUN-REAL-ESS-20260513-002,FIDELITY,SecurityExtract_ESS_2026May13.csv,SSP,STARMINE_COVERED,COVERED,NEUTRAL,3.0,True,TEXT_MAPPED
2026-05-13,2026-05-13T15:28:42.825732+00:00,RUN-REAL-ESS-20260513-002,FIDELITY,SecurityExtract_ESS_2026May13.csv,SMHI,STARMINE_COVERED,COVERED,NEUTRAL,3.0,True,TEXT_MAPPED
2026-05-13,2026-05-13T15:28:42.825732+00:00,RUN-REAL-ESS-20260513-002,FIDELITY,SecurityExtract_ESS_2026May13.csv,SXT,STARMINE_COVERED,COVERED,NEUTRAL,3.0,True,TEXT_MAPPED
2026-05-13,2026-05-13T15:28:42.825732+00:00,RUN-REAL-ESS-20260513-002,FIDELITY,SecurityExtract_ESS_2026May13.csv,SCI,STARMINE_COVERED,COVERED,NEUTRAL,3.0,True,TEXT_MAPPED
2026-05-13,2026-05-13T15:28:42.825732+00:00,RUN-REAL-ESS-20260513-002,FIDELITY,SecurityExtract_ESS_2026May13.csv,SSTK,STARMINE_COVERED,COVERED,NEUTRAL,3.0,True,TEXT_MAPPED
2026-05-13,2026-05-13T15:28:42.825732+00:00,RUN-REAL-ESS-20260513-002,FIDELITY,SecurityExtract_ESS_2026May13.csv,SLAB,STARMINE_COVERED,COVERED,NEUTRAL,3.0,True,TEXT_MAPPED
2026-05-13,2026-05-13T15:28:42.825732+00:00,RUN-REAL-ESS-20260513-002,FIDELITY,SecurityExtract_ESS_2026May13.csv,SAMG,STARMINE_COVERED,COVERED,NEUTRAL,3.0,True,TEXT_MAPPED
2026-05-13,2026-05-13T15:28:42.825732+00:00,RUN-REAL-ESS-20260513-002,FIDELITY,SecurityExtract_ESS_2026May13.csv,SWKS,STARMINE_COVERED,COVERED,NEUTRAL,3.0,True,TEXT_MAPPED
2026-05-13,2026-05-13T15:28:42.825732+00:00,RUN-REAL-ESS-20260513-002,FIDELITY,SecurityExtract_ESS_2026May13.csv,SLG,STARMINE_COVERED,COVERED,NEUTRAL,3.0,True,TEXT_MAPPED
2026-05-13,2026-05-13T15:28:42.825732+00:00,RUN-REAL-ESS-20260513-002,FIDELITY,SecurityExtract_ESS_2026May13.csv,SAH,STARMINE_COVERED,COVERED,NEUTRAL,3.0,True,TEXT_MAPPED
2026-05-13,2026-05-13T15:28:42.825732+00:00,RUN-REAL-ESS-20260513-002,FIDELITY,SecurityExtract_ESS_2026May13.csv,SCCO,STARMINE_COVERED,COVERED,NEUTRAL,3.0,True,TEXT_MAPPED
2026-05-13,2026-05-13T15:28:42.825732+00:00,RUN-REAL-ESS-20260513-002,FIDELITY,SecurityExtract_ESS_2026May13.csv,SMBC,STARMINE_COVERED,COVERED,NEUTRAL,3.0,True,TEXT_MAPPED
2026-05-13,2026-05-13T15:28:42.825732+00:00,RUN-REAL-ESS-20260513-002,FIDELITY,SecurityExtract_ESS_2026May13.csv,SPOT,STARMINE_COVERED,COVERED,NEUTRAL,3.0,True,TEXT_MAPPED
2026-05-13,2026-05-13T15:28:42.825732+00:00,RUN-REAL-ESS-20260513-002,FIDELITY,SecurityExtract_ESS_2026May13.csv,SPT,STARMINE_COVERED,COVERED,NEUTRAL,3.0,True,TEXT_MAPPED
2026-05-13,2026-05-13T15:28:42.825732+00:00,RUN-REAL-ESS-20260513-002,FIDELITY,SecurityExtract_ESS_2026May13.csv,STAG,STARMINE_COVERED,COVERED,NEUTRAL,3.0,True,TEXT_MAPPED
2026-05-13,2026-05-13T15:28:42.825732+00:00,RUN-REAL-ESS-20260513-002,FIDELITY,SecurityExtract_ESS_2026May13.csv,STWD,STARMINE_COVERED,COVERED,NEUTRAL,3.0,True,TEXT_MAPPED
2026-05-13,2026-05-13T15:28:42.825732+00:00,RUN-REAL-ESS-20260513-002,FIDELITY,SecurityExtract_ESS_2026May13.csv,STRL,STARMINE_COVERED,COVERED,NEUTRAL,3.0,True,TEXT_MAPPED
2026-05-13,2026-05-13T15:28:42.825732+00:00,RUN-REAL-ESS-20260513-002,FIDELITY,SecurityExtract_ESS_2026May13.csv,STM,STARMINE_COVERED,COVERED,NEUTRAL,3.0,True,TEXT_MAPPED
2026-05-13,2026-05-13T15:28:42.825732+00:00,RUN-REAL-ESS-20260513-002,FIDELITY,SecurityExtract_ESS_2026May13.csv,STOK,STARMINE_COVERED,COVERED,NEUTRAL,3.0,True,TEXT_MAPPED
2026-05-13,2026-05-13T15:28:42.825732+00:00,RUN-REAL-ESS-20260513-002,FIDELITY,SecurityExtract_ESS_2026May13.csv,SSYS,STARMINE_COVERED,COVERED,NEUTRAL,3.0,True,TEXT_MAPPED
2026-05-13,2026-05-13T15:28:42.825732+00:00,RUN-REAL-ESS-20260513-002,FIDELITY,SecurityExtract_ESS_2026May13.csv,MSTR,STARMINE_COVERED,COVERED,NEUTRAL,3.0,True,TEXT_MAPPED
2026-05-13,2026-05-13T15:28:42.825732+00:00,RUN-REAL-ESS-20260513-002,FIDELITY,SecurityExtract_ESS_2026May13.csv,SPH,STARMINE_COVERED,COVERED,NEUTRAL,3.0,True,TEXT_MAPPED
2026-05-13,2026-05-13T15:28:42.825732+00:00,RUN-REAL-ESS-20260513-002,FIDELITY,SecurityExtract_ESS_2026May13.csv,SXC,STARMINE_COVERED,COVERED,NEUTRAL,3.0,True,TEXT_MAPPED
2026-05-13,2026-05-13T15:28:42.825732+00:00,RUN-REAL-ESS-20260513-002,FIDELITY,SecurityExtract_ESS_2026May13.csv,SNPS,STARMINE_COVERED,COVERED,NEUTRAL,3.0,True,TEXT_MAPPED
2026-05-13,2026-05-13T15:28:42.825732+00:00,RUN-REAL-ESS-20260513-002,FIDELITY,SecurityExtract_ESS_2026May13.csv,SYY,STARMINE_COVERED,COVERED,NEUTRAL,3.0,True,TEXT_MAPPED
2026-05-13,2026-05-13T15:28:42.825732+00:00,RUN-REAL-ESS-20260513-002,FIDELITY,SecurityExtract_ESS_2026May13.csv,TGT,STARMINE_COVERED,COVERED,NEUTRAL,3.0,True,TEXT_MAPPED
2026-05-13,2026-05-13T15:28:42.825732+00:00,RUN-REAL-ESS-20260513-002,FIDELITY,SecurityExtract_ESS_2026May13.csv,TMHC,STARMINE_COVERED,COVERED,NEUTRAL,3.0,True,TEXT_MAPPED
2026-05-13,2026-05-13T15:28:42.825732+00:00,RUN-REAL-ESS-20260513-002,FIDELITY,SecurityExtract_ESS_2026May13.csv,TDOC,STARMINE_COVERED,COVERED,NEUTRAL,3.0,True,TEXT_MAPPED
2026-05-13,2026-05-13T15:28:42.825732+00:00,RUN-REAL-ESS-20260513-002,FIDELITY,SecurityExtract_ESS_2026May13.csv,TEO,STARMINE_COVERED,COVERED,NEUTRAL,3.0,True,TEXT_MAPPED
2026-05-13,2026-05-13T15:28:42.825732+00:00,RUN-REAL-ESS-20260513-002,FIDELITY,SecurityExtract_ESS_2026May13.csv,TDS,STARMINE_COVERED,COVERED,NEUTRAL,3.0,True,TEXT_MAPPED
2026-05-13,2026-05-13T15:28:42.825732+00:00,RUN-REAL-ESS-20260513-002,FIDELITY,SecurityExtract_ESS_2026May13.csv,PNC,STARMINE_COVERED,COVERED,NEUTRAL,3.0,True,TEXT_MAPPED
2026-05-13,2026-05-13T15:28:42.825732+00:00,RUN-REAL-ESS-20260513-002,FIDELITY,SecurityExtract_ESS_2026May13.csv,TRI,STARMINE_COVERED,COVERED,NEUTRAL,3.0,True,TEXT_MAPPED
2026-05-13,2026-05-13T15:28:42.825732+00:00,RUN-REAL-ESS-20260513-002,FIDELITY,SecurityExtract_ESS_2026May13.csv,TWI,STARMINE_COVERED,COVERED,NEUTRAL,3.0,True,TEXT_MAPPED
2026-05-13,2026-05-13T15:28:42.825732+00:00,RUN-REAL-ESS-20260513-002,FIDELITY,SecurityExtract_ESS_2026May13.csv,TJX,STARMINE_COVERED,COVERED,NEUTRAL,3.0,True,TEXT_MAPPED
2026-05-13,2026-05-13T15:28:42.825732+00:00,RUN-REAL-ESS-20260513-002,FIDELITY,SecurityExtract_ESS_2026May13.csv,TKO,STARMINE_COVERED,COVERED,NEUTRAL,3.0,True,TEXT_MAPPED
2026-05-13,2026-05-13T15:28:42.825732+00:00,RUN-REAL-ESS-20260513-002,FIDELITY,SecurityExtract_ESS_2026May13.csv,TMP,STARMINE_COVERED,COVERED,NEUTRAL,3.0,True,TEXT_MAPPED
2026-05-13,2026-05-13T15:28:42.825732+00:00,RUN-REAL-ESS-20260513-002,FIDELITY,SecurityExtract_ESS_2026May13.csv,TR,STARMINE_COVERED,COVERED,NEUTRAL,3.0,True,TEXT_MAPPED
2026-05-13,2026-05-13T15:28:42.825732+00:00,RUN-REAL-ESS-20260513-002,FIDELITY,SecurityExtract_ESS_2026May13.csv,TTD,STARMINE_COVERED,COVERED,NEUTRAL,3.0,True,TEXT_MAPPED
2026-05-13,2026-05-13T15:28:42.825732+00:00,RUN-REAL-ESS-20260513-002,FIDELITY,SecurityExtract_ESS_2026May13.csv,TW,STARMINE_COVERED,COVERED,NEUTRAL,3.0,True,TEXT_MAPPED
2026-05-13,2026-05-13T15:28:42.825732+00:00,RUN-REAL-ESS-20260513-002,FIDELITY,SecurityExtract_ESS_2026May13.csv,TAC,STARMINE_COVERED,COVERED,NEUTRAL,3.0,True,TEXT_MAPPED
2026-05-13,2026-05-13T15:28:42.825732+00:00,RUN-REAL-ESS-20260513-002,FIDELITY,SecurityExtract_ESS_2026May13.csv,TREX,STARMINE_COVERED,COVERED,NEUTRAL,3.0,True,TEXT_MAPPED
2026-05-13,2026-05-13T15:28:42.825732+00:00,RUN-REAL-ESS-20260513-002,FIDELITY,SecurityExtract_ESS_2026May13.csv,TNET,STARMINE_COVERED,COVERED,NEUTRAL,3.0,True,TEXT_MAPPED
2026-05-13,2026-05-13T15:28:42.825732+00:00,RUN-REAL-ESS-20260513-002,FIDELITY,SecurityExtract_ESS_2026May13.csv,TRN,STARMINE_COVERED,COVERED,NEUTRAL,3.0,True,TEXT_MAPPED
2026-05-13,2026-05-13T15:28:42.825732+00:00,RUN-REAL-ESS-20260513-002,FIDELITY,SecurityExtract_ESS_2026May13.csv,TXNM,STARMINE_COVERED,COVERED,NEUTRAL,3.0,True,TEXT_MAPPED
2026-05-13,2026-05-13T15:28:42.825732+00:00,RUN-REAL-ESS-20260513-002,FIDELITY,SecurityExtract_ESS_2026May13.csv,TSN,STARMINE_COVERED,COVERED,NEUTRAL,3.0,True,TEXT_MAPPED
2026-05-13,2026-05-13T15:28:42.825732+00:00,RUN-REAL-ESS-20260513-002,FIDELITY,SecurityExtract_ESS_2026May13.csv,USB,STARMINE_COVERED,COVERED,NEUTRAL,3.0,True,TEXT_MAPPED
2026-05-13,2026-05-13T15:28:42.825732+00:00,RUN-REAL-ESS-20260513-002,FIDELITY,SecurityExtract_ESS_2026May13.csv,UFPT,STARMINE_COVERED,COVERED,NEUTRAL,3.0,True,TEXT_MAPPED
2026-05-13,2026-05-13T15:28:42.825732+00:00,RUN-REAL-ESS-20260513-002,FIDELITY,SecurityExtract_ESS_2026May13.csv,UCTT,STARMINE_COVERED,COVERED,NEUTRAL,3.0,True,TEXT_MAPPED
2026-05-13,2026-05-13T15:28:42.825732+00:00,RUN-REAL-ESS-20260513-002,FIDELITY,SecurityExtract_ESS_2026May13.csv,RARE,STARMINE_COVERED,COVERED,NEUTRAL,3.0,True,TEXT_MAPPED
2026-05-13,2026-05-13T15:28:42.825732+00:00,RUN-REAL-ESS-20260513-002,FIDELITY,SecurityExtract_ESS_2026May13.csv,UPS,STARMINE_COVERED,COVERED,NEUTRAL,3.0,True,TEXT_MAPPED
2026-05-13,2026-05-13T15:28:42.825732+00:00,RUN-REAL-ESS-20260513-002,FIDELITY,SecurityExtract_ESS_2026May13.csv,UNIT,STARMINE_COVERED,COVERED,NEUTRAL,3.0,True,TEXT_MAPPED
2026-05-13,2026-05-13T15:28:42.825732+00:00,RUN-REAL-ESS-20260513-002,FIDELITY,SecurityExtract_ESS_2026May13.csv,UHT,STARMINE_COVERED,COVERED,NEUTRAL,3.0,True,TEXT_MAPPED
2026-05-13,2026-05-13T15:28:42.825732+00:00,RUN-REAL-ESS-20260513-002,FIDELITY,SecurityExtract_ESS_2026May13.csv,UE,STARMINE_COVERED,COVERED,NEUTRAL,3.0,True,TEXT_MAPPED
2026-05-13,2026-05-13T15:28:42.825732+00:00,RUN-REAL-ESS-20260513-002,FIDELITY,SecurityExtract_ESS_2026May13.csv,URBN,STARMINE_COVERED,COVERED,NEUTRAL,3.0,True,TEXT_MAPPED
2026-05-13,2026-05-13T15:28:42.825732+00:00,RUN-REAL-ESS-20260513-002,FIDELITY,SecurityExtract_ESS_2026May13.csv,USFD,STARMINE_COVERED,COVERED,NEUTRAL,3.0,True,TEXT_MAPPED
2026-05-13,2026-05-13T15:28:42.825732+00:00,RUN-REAL-ESS-20260513-002,FIDELITY,SecurityExtract_ESS_2026May13.csv,VNDA,STARMINE_COVERED,COVERED,NEUTRAL,3.0,True,TEXT_MAPPED
2026-05-13,2026-05-13T15:28:42.825732+00:00,RUN-REAL-ESS-20260513-002,FIDELITY,SecurityExtract_ESS_2026May13.csv,VRNS,STARMINE_COVERED,COVERED,NEUTRAL,3.0,True,TEXT_MAPPED
2026-05-13,2026-05-13T15:28:42.825732+00:00,RUN-REAL-ESS-20260513-002,FIDELITY,SecurityExtract_ESS_2026May13.csv,VRE,STARMINE_COVERED,COVERED,NEUTRAL,3.0,True,TEXT_MAPPED
2026-05-13,2026-05-13T15:28:42.825732+00:00,RUN-REAL-ESS-20260513-002,FIDELITY,SecurityExtract_ESS_2026May13.csv,VZ,STARMINE_COVERED,COVERED,NEUTRAL,3.0,True,TEXT_MAPPED
2026-05-13,2026-05-13T15:28:42.825732+00:00,RUN-REAL-ESS-20260513-002,FIDELITY,SecurityExtract_ESS_2026May13.csv,VRRM,STARMINE_COVERED,COVERED,NEUTRAL,3.0,True,TEXT_MAPPED
2026-05-13,2026-05-13T15:28:42.825732+00:00,RUN-REAL-ESS-20260513-002,FIDELITY,SecurityExtract_ESS_2026May13.csv,VIAV,STARMINE_COVERED,COVERED,NEUTRAL,3.0,True,TEXT_MAPPED
2026-05-13,2026-05-13T15:28:42.825732+00:00,RUN-REAL-ESS-20260513-002,FIDELITY,SecurityExtract_ESS_2026May13.csv,VNOM,STARMINE_COVERED,COVERED,NEUTRAL,3.0,True,TEXT_MAPPED
2026-05-13,2026-05-13T15:28:42.825732+00:00,RUN-REAL-ESS-20260513-002,FIDELITY,SecurityExtract_ESS_2026May13.csv,VIR,STARMINE_COVERED,COVERED,NEUTRAL,3.0,True,TEXT_MAPPED
2026-05-13,2026-05-13T15:28:42.825732+00:00,RUN-REAL-ESS-20260513-002,FIDELITY,SecurityExtract_ESS_2026May13.csv,COCO,STARMINE_COVERED,COVERED,NEUTRAL,3.0,True,TEXT_MAPPED
2026-05-13,2026-05-13T15:28:42.825732+00:00,RUN-REAL-ESS-20260513-002,FIDELITY,SecurityExtract_ESS_2026May13.csv,VYGR,STARMINE_COVERED,COVERED,NEUTRAL,3.0,True,TEXT_MAPPED
2026-05-13,2026-05-13T15:28:42.825732+00:00,RUN-REAL-ESS-20260513-002,FIDELITY,SecurityExtract_ESS_2026May13.csv,VSEC,STARMINE_COVERED,COVERED,NEUTRAL,3.0,True,TEXT_MAPPED
2026-05-13,2026-05-13T15:28:42.825732+00:00,RUN-REAL-ESS-20260513-002,FIDELITY,SecurityExtract_ESS_2026May13.csv,VMC,STARMINE_COVERED,COVERED,NEUTRAL,3.0,True,TEXT_MAPPED
2026-05-13,2026-05-13T15:28:42.825732+00:00,RUN-REAL-ESS-20260513-002,FIDELITY,SecurityExtract_ESS_2026May13.csv,WMT,STARMINE_COVERED,COVERED,NEUTRAL,3.0,True,TEXT_MAPPED
2026-05-13,2026-05-13T15:28:42.825732+00:00,RUN-REAL-ESS-20260513-002,FIDELITY,SecurityExtract_ESS_2026May13.csv,WEC,STARMINE_COVERED,COVERED,NEUTRAL,3.0,True,TEXT_MAPPED
2026-05-13,2026-05-13T15:28:42.825732+00:00,RUN-REAL-ESS-20260513-002,FIDELITY,SecurityExtract_ESS_2026May13.csv,WH,STARMINE_COVERED,COVERED,NEUTRAL,3.0,True,TEXT_MAPPED
2026-05-13,2026-05-13T15:28:42.825732+00:00,RUN-REAL-ESS-20260513-002,FIDELITY,SecurityExtract_ESS_2026May13.csv,XEL,STARMINE_COVERED,COVERED,NEUTRAL,3.0,True,TEXT_MAPPED
2026-05-13,2026-05-13T15:28:42.825732+00:00,RUN-REAL-ESS-20260513-002,FIDELITY,SecurityExtract_ESS_2026May13.csv,YUM,STARMINE_COVERED,COVERED,NEUTRAL,3.0,True,TEXT_MAPPED
2026-05-13,2026-05-13T15:28:42.825732+00:00,RUN-REAL-ESS-20260513-002,FIDELITY,SecurityExtract_ESS_2026May13.csv,Z,STARMINE_COVERED,COVERED,NEUTRAL,3.0,True,TEXT_MAPPED
2026-05-13,2026-05-13T15:28:42.825732+00:00,RUN-REAL-ESS-20260513-002,FIDELITY,SecurityExtract_ESS_2026May13.csv,ZBH,STARMINE_COVERED,COVERED,NEUTRAL,3.0,True,TEXT_MAPPED
2026-05-13,2026-05-13T15:28:42.825732+00:00,RUN-REAL-ESS-20260513-002,FIDELITY,SecurityExtract_ESS_2026May13.csv,ZION,STARMINE_COVERED,COVERED,NEUTRAL,3.0,True,TEXT_MAPPED
2026-05-13,2026-05-13T15:28:42.825732+00:00,RUN-REAL-ESS-20260513-002,FIDELITY,SecurityExtract_ESS_2026May13.csv,GTM,STARMINE_COVERED,COVERED,NEUTRAL,3.0,True,TEXT_MAPPED
2026-05-13,2026-05-13T15:28:42.825732+00:00,RUN-REAL-ESS-20260513-002,FIDELITY,SecurityExtract_ESS_2026May13.csv,AOS,STARMINE_COVERED,COVERED,NEUTRAL,3.0,True,TEXT_MAPPED
2026-05-13,2026-05-13T15:28:42.825732+00:00,RUN-REAL-ESS-20260513-002,FIDELITY,SecurityExtract_ESS_2026May13.csv,ABEO,STARMINE_COVERED,COVERED,BEARISH,2.0,True,TEXT_MAPPED
2026-05-13,2026-05-13T15:28:42.825732+00:00,RUN-REAL-ESS-20260513-002,FIDELITY,SecurityExtract_ESS_2026May13.csv,ACIU,STARMINE_COVERED,COVERED,BEARISH,2.0,True,TEXT_MAPPED
2026-05-13,2026-05-13T15:28:42.825732+00:00,RUN-REAL-ESS-20260513-002,FIDELITY,SecurityExtract_ESS_2026May13.csv,ACN,STARMINE_COVERED,COVERED,BEARISH,2.0,True,TEXT_MAPPED
2026-05-13,2026-05-13T15:28:42.825732+00:00,RUN-REAL-ESS-20260513-002,FIDELITY,SecurityExtract_ESS_2026May13.csv,ACRS,STARMINE_COVERED,COVERED,BEARISH,2.0,True,TEXT_MAPPED
2026-05-13,2026-05-13T15:28:42.825732+00:00,RUN-REAL-ESS-20260513-002,FIDELITY,SecurityExtract_ESS_2026May13.csv,ADCT,STARMINE_COVERED,COVERED,BEARISH,2.0,True,TEXT_MAPPED
2026-05-13,2026-05-13T15:28:42.825732+00:00,RUN-REAL-ESS-20260513-002,FIDELITY,SecurityExtract_ESS_2026May13.csv,AGRO,STARMINE_COVERED,COVERED,NEUTRAL,3.0,True,TEXT_MAPPED
2026-05-13,2026-05-13T15:28:42.825732+00:00,RUN-REAL-ESS-20260513-002,FIDELITY,SecurityExtract_ESS_2026May13.csv,ADNT,STARMINE_COVERED,COVERED,NEUTRAL,3.0,True,TEXT_MAPPED
2026-05-13,2026-05-13T15:28:42.825732+00:00,RUN-REAL-ESS-20260513-002,FIDELITY,SecurityExtract_ESS_2026May13.csv,AGYS,STARMINE_COVERED,COVERED,BEARISH,2.0,True,TEXT_MAPPED
2026-05-13,2026-05-13T15:28:42.825732+00:00,RUN-REAL-ESS-20260513-002,FIDELITY,SecurityExtract_ESS_2026May13.csv,AEM,STARMINE_COVERED,COVERED,BEARISH,2.0,True,TEXT_MAPPED
2026-05-13,2026-05-13T15:28:42.825732+00:00,RUN-REAL-ESS-20260513-002,FIDELITY,SecurityExtract_ESS_2026May13.csv,APD,STARMINE_COVERED,COVERED,BEARISH,2.0,True,TEXT_MAPPED
2026-05-13,2026-05-13T15:28:42.825732+00:00,RUN-REAL-ESS-20260513-002,FIDELITY,SecurityExtract_ESS_2026May13.csv,ACI,STARMINE_COVERED,COVERED,BEARISH,2.0,True,TEXT_MAPPED
2026-05-13,2026-05-13T15:28:42.825732+00:00,RUN-REAL-ESS-20260513-002,FIDELITY,SecurityExtract_ESS_2026May13.csv,ALLE,STARMINE_COVERED,COVERED,BEARISH,2.0,True,TEXT_MAPPED
2026-05-13,2026-05-13T15:28:42.825732+00:00,RUN-REAL-ESS-20260513-002,FIDELITY,SecurityExtract_ESS_2026May13.csv,ALLY,STARMINE_COVERED,COVERED,BEARISH,2.0,True,TEXT_MAPPED
2026-05-13,2026-05-13T15:28:42.825732+00:00,RUN-REAL-ESS-20260513-002,FIDELITY,SecurityExtract_ESS_2026May13.csv,ALNY,STARMINE_COVERED,COVERED,BEARISH,2.0,True,TEXT_MAPPED
2026-05-13,2026-05-13T15:28:42.825732+00:00,RUN-REAL-ESS-20260513-002,FIDELITY,SecurityExtract_ESS_2026May13.csv,AOSL,STARMINE_COVERED,COVERED,BEARISH,2.0,True,TEXT_MAPPED
2026-05-13,2026-05-13T15:28:42.825732+00:00,RUN-REAL-ESS-20260513-002,FIDELITY,SecurityExtract_ESS_2026May13.csv,GOOGL,STARMINE_COVERED,COVERED,BEARISH,2.0,True,TEXT_MAPPED
2026-05-13,2026-05-13T15:28:42.825732+00:00,RUN-REAL-ESS-20260513-002,FIDELITY,SecurityExtract_ESS_2026May13.csv,AMTB,STARMINE_COVERED,COVERED,NEUTRAL,3.0,True,TEXT_MAPPED
2026-05-13,2026-05-13T15:28:42.825732+00:00,RUN-REAL-ESS-20260513-002,FIDELITY,SecurityExtract_ESS_2026May13.csv,CRMT,STARMINE_COVERED,COVERED,BEARISH,2.0,True,TEXT_MAPPED
2026-05-13,2026-05-13T15:28:42.825732+00:00,RUN-REAL-ESS-20260513-002,FIDELITY,SecurityExtract_ESS_2026May13.csv,AEO,STARMINE_COVERED,COVERED,BEARISH,2.0,True,TEXT_MAPPED
2026-05-13,2026-05-13T15:28:42.825732+00:00,RUN-REAL-ESS-20260513-002,FIDELITY,SecurityExtract_ESS_2026May13.csv,AHR,STARMINE_COVERED,COVERED,BEARISH,2.0,True,TEXT_MAPPED
2026-05-13,2026-05-13T15:28:42.825732+00:00,RUN-REAL-ESS-20260513-002,FIDELITY,SecurityExtract_ESS_2026May13.csv,AMP,STARMINE_COVERED,COVERED,NEUTRAL,3.0,True,TEXT_MAPPED
2026-05-13,2026-05-13T15:28:42.825732+00:00,RUN-REAL-ESS-20260513-002,FIDELITY,SecurityExtract_ESS_2026May13.csv,AMSF,STARMINE_COVERED,COVERED,BEARISH,2.0,True,TEXT_MAPPED
2026-05-13,2026-05-13T15:28:42.825732+00:00,RUN-REAL-ESS-20260513-002,FIDELITY,SecurityExtract_ESS_2026May13.csv,APH,STARMINE_COVERED,COVERED,BEARISH,2.0,True,TEXT_MAPPED
2026-05-13,2026-05-13T15:28:42.825732+00:00,RUN-REAL-ESS-20260513-002,FIDELITY,SecurityExtract_ESS_2026May13.csv,NLY,STARMINE_COVERED,COVERED,NEUTRAL,3.0,True,TEXT_MAPPED
2026-05-13,2026-05-13T15:28:42.825732+00:00,RUN-REAL-ESS-20260513-002,FIDELITY,SecurityExtract_ESS_2026May13.csv,APG,STARMINE_COVERED,COVERED,NEUTRAL,3.0,True,TEXT_MAPPED
2026-05-13,2026-05-13T15:28:42.825732+00:00,RUN-REAL-ESS-20260513-002,FIDELITY,SecurityExtract_ESS_2026May13.csv,APPN,STARMINE_COVERED,COVERED,BEARISH,2.0,True,TEXT_MAPPED
2026-05-13,2026-05-13T15:28:42.825732+00:00,RUN-REAL-ESS-20260513-002,FIDELITY,SecurityExtract_ESS_2026May13.csv,AAOI,STARMINE_COVERED,COVERED,BEARISH,2.0,True,TEXT_MAPPED
2026-05-13,2026-05-13T15:28:42.825732+00:00,RUN-REAL-ESS-20260513-002,FIDELITY,SecurityExtract_ESS_2026May13.csv,ATR,STARMINE_COVERED,COVERED,NEUTRAL,3.0,True,TEXT_MAPPED
2026-05-13,2026-05-13T15:28:42.825732+00:00,RUN-REAL-ESS-20260513-002,FIDELITY,SecurityExtract_ESS_2026May13.csv,ABUS,STARMINE_COVERED,COVERED,BEARISH,2.0,True,TEXT_MAPPED
2026-05-13,2026-05-13T15:28:42.825732+00:00,RUN-REAL-ESS-20260513-002,FIDELITY,SecurityExtract_ESS_2026May13.csv,ARQT,STARMINE_COVERED,COVERED,BEARISH,2.0,True,TEXT_MAPPED
2026-05-13,2026-05-13T15:28:42.825732+00:00,RUN-REAL-ESS-20260513-002,FIDELITY,SecurityExtract_ESS_2026May13.csv,AMBP,STARMINE_COVERED,COVERED,BEARISH,2.0,True,TEXT_MAPPED
2026-05-13,2026-05-13T15:28:42.825732+00:00,RUN-REAL-ESS-20260513-002,FIDELITY,SecurityExtract_ESS_2026May13.csv,ARQ,STARMINE_COVERED,COVERED,NEUTRAL,3.0,True,TEXT_MAPPED
2026-05-13,2026-05-13T15:28:42.825732+00:00,RUN-REAL-ESS-20260513-002,FIDELITY,SecurityExtract_ESS_2026May13.csv,AJG,STARMINE_COVERED,COVERED,BEARISH,2.0,True,TEXT_MAPPED
2026-05-13,2026-05-13T15:28:42.825732+00:00,RUN-REAL-ESS-20260513-002,FIDELITY,SecurityExtract_ESS_2026May13.csv,ASAN,STARMINE_COVERED,COVERED,NEUTRAL,3.0,True,TEXT_MAPPED
2026-05-13,2026-05-13T15:28:42.825732+00:00,RUN-REAL-ESS-20260513-002,FIDELITY,SecurityExtract_ESS_2026May13.csv,ASTE,STARMINE_COVERED,COVERED,BEARISH,2.0,True,TEXT_MAPPED
2026-05-13,2026-05-13T15:28:42.825732+00:00,RUN-REAL-ESS-20260513-002,FIDELITY,SecurityExtract_ESS_2026May13.csv,AESI,STARMINE_COVERED,COVERED,BEARISH,2.0,True,TEXT_MAPPED
2026-05-13,2026-05-13T15:28:42.825732+00:00,RUN-REAL-ESS-20260513-002,FIDELITY,SecurityExtract_ESS_2026May13.csv,TEAM,STARMINE_COVERED,COVERED,BEARISH,2.0,True,TEXT_MAPPED
2026-05-13,2026-05-13T15:28:42.825732+00:00,RUN-REAL-ESS-20260513-002,FIDELITY,SecurityExtract_ESS_2026May13.csv,ATNI,STARMINE_COVERED,COVERED,BEARISH,2.0,True,TEXT_MAPPED
2026-05-13,2026-05-13T15:28:42.825732+00:00,RUN-REAL-ESS-20260513-002,FIDELITY,SecurityExtract_ESS_2026May13.csv,ADSK,STARMINE_COVERED,COVERED,BEARISH,2.0,True,TEXT_MAPPED
2026-05-13,2026-05-13T15:28:42.825732+00:00,RUN-REAL-ESS-20260513-002,FIDELITY,SecurityExtract_ESS_2026May13.csv,AZO,STARMINE_COVERED,COVERED,NEUTRAL,3.0,True,TEXT_MAPPED
2026-05-13,2026-05-13T15:28:42.825732+00:00,RUN-REAL-ESS-20260513-002,FIDELITY,SecurityExtract_ESS_2026May13.csv,AVY,STARMINE_COVERED,COVERED,BEARISH,2.0,True,TEXT_MAPPED
2026-05-13,2026-05-13T15:28:42.825732+00:00,RUN-REAL-ESS-20260513-002,FIDELITY,SecurityExtract_ESS_2026May13.csv,AVNT,STARMINE_COVERED,COVERED,BEARISH,2.0,True,TEXT_MAPPED
2026-05-13,2026-05-13T15:28:42.825732+00:00,RUN-REAL-ESS-20260513-002,FIDELITY,SecurityExtract_ESS_2026May13.csv,AXTA,STARMINE_COVERED,COVERED,BEARISH,2.0,True,TEXT_MAPPED
2026-05-13,2026-05-13T15:28:42.825732+00:00,RUN-REAL-ESS-20260513-002,FIDELITY,SecurityExtract_ESS_2026May13.csv,AXSM,STARMINE_COVERED,COVERED,BEARISH,2.0,True,TEXT_MAPPED
2026-05-13,2026-05-13T15:28:42.825732+00:00,RUN-REAL-ESS-20260513-002,FIDELITY,SecurityExtract_ESS_2026May13.csv,BSAC,STARMINE_COVERED,COVERED,BEARISH,2.0,True,TEXT_MAPPED
2026-05-13,2026-05-13T15:28:42.825732+00:00,RUN-REAL-ESS-20260513-002,FIDELITY,SecurityExtract_ESS_2026May13.csv,BAND,STARMINE_COVERED,COVERED,BEARISH,2.0,True,TEXT_MAPPED
2026-05-13,2026-05-13T15:28:42.825732+00:00,RUN-REAL-ESS-20260513-002,FIDELITY,SecurityExtract_ESS_2026May13.csv,BKU,STARMINE_COVERED,COVERED,BEARISH,2.0,True,TEXT_MAPPED
2026-05-13,2026-05-13T15:28:42.825732+00:00,RUN-REAL-ESS-20260513-002,FIDELITY,SecurityExtract_ESS_2026May13.csv,BCBP,STARMINE_COVERED,COVERED,BEARISH,2.0,True,TEXT_MAPPED
2026-05-13,2026-05-13T15:28:42.825732+00:00,RUN-REAL-ESS-20260513-002,FIDELITY,SecurityExtract_ESS_2026May13.csv,BBT,STARMINE_COVERED,COVERED,BEARISH,2.0,True,TEXT_MAPPED
2026-05-13,2026-05-13T15:28:42.825732+00:00,RUN-REAL-ESS-20260513-002,FIDELITY,SecurityExtract_ESS_2026May13.csv,BELFB,STARMINE_COVERED,COVERED,BEARISH,2.0,True,TEXT_MAPPED
2026-05-13,2026-05-13T15:28:42.825732+00:00,RUN-REAL-ESS-20260513-002,FIDELITY,SecurityExtract_ESS_2026May13.csv,BRBR,STARMINE_COVERED,COVERED,BEARISH,2.0,True,TEXT_MAPPED
2026-05-13,2026-05-13T15:28:42.825732+00:00,RUN-REAL-ESS-20260513-002,FIDELITY,SecurityExtract_ESS_2026May13.csv,BSY,STARMINE_COVERED,COVERED,BEARISH,2.0,True,TEXT_MAPPED
2026-05-13,2026-05-13T15:28:42.825732+00:00,RUN-REAL-ESS-20260513-002,FIDELITY,SecurityExtract_ESS_2026May13.csv,BRK/B,STARMINE_COVERED,COVERED,BEARISH,2.0,True,TEXT_MAPPED
2026-05-13,2026-05-13T15:28:42.825732+00:00,RUN-REAL-ESS-20260513-002,FIDELITY,SecurityExtract_ESS_2026May13.csv,BBY,STARMINE_COVERED,COVERED,BEARISH,2.0,True,TEXT_MAPPED
2026-05-13,2026-05-13T15:28:42.825732+00:00,RUN-REAL-ESS-20260513-002,FIDELITY,SecurityExtract_ESS_2026May13.csv,BILL,STARMINE_COVERED,COVERED,BEARISH,2.0,True,TEXT_MAPPED
2026-05-13,2026-05-13T15:28:42.825732+00:00,RUN-REAL-ESS-20260513-002,FIDELITY,SecurityExtract_ESS_2026May13.csv,TECH,STARMINE_COVERED,COVERED,BEARISH,2.0,True,TEXT_MAPPED
2026-05-13,2026-05-13T15:28:42.825732+00:00,RUN-REAL-ESS-20260513-002,FIDELITY,SecurityExtract_ESS_2026May13.csv,BHVN,STARMINE_COVERED,COVERED,BEARISH,2.0,True,TEXT_MAPPED
2026-05-13,2026-05-13T15:28:42.825732+00:00,RUN-REAL-ESS-20260513-002,FIDELITY,SecurityExtract_ESS_2026May13.csv,BLFS,STARMINE_COVERED,COVERED,NEUTRAL,3.0,True,TEXT_MAPPED
2026-05-13,2026-05-13T15:28:42.825732+00:00,RUN-REAL-ESS-20260513-002,FIDELITY,SecurityExtract_ESS_2026May13.csv,BNTX,STARMINE_COVERED,COVERED,BEARISH,2.0,True,TEXT_MAPPED
2026-05-13,2026-05-13T15:28:42.825732+00:00,RUN-REAL-ESS-20260513-002,FIDELITY,SecurityExtract_ESS_2026May13.csv,BLKB,STARMINE_COVERED,COVERED,BEARISH,2.0,True,TEXT_MAPPED
2026-05-13,2026-05-13T15:28:42.825732+00:00,RUN-REAL-ESS-20260513-002,FIDELITY,SecurityExtract_ESS_2026May13.csv,BLNK,STARMINE_COVERED,COVERED,BEARISH,2.0,True,TEXT_MAPPED
2026-05-13,2026-05-13T15:28:42.825732+00:00,RUN-REAL-ESS-20260513-002,FIDELITY,SecurityExtract_ESS_2026May13.csv,BXC,STARMINE_COVERED,COVERED,BEARISH,2.0,True,TEXT_MAPPED
2026-05-13,2026-05-13T15:28:42.825732+00:00,RUN-REAL-ESS-20260513-002,FIDELITY,SecurityExtract_ESS_2026May13.csv,BOOT,STARMINE_COVERED,COVERED,NEUTRAL,3.0,True,TEXT_MAPPED
2026-05-13,2026-05-13T15:28:42.825732+00:00,RUN-REAL-ESS-20260513-002,FIDELITY,SecurityExtract_ESS_2026May13.csv,BAH,STARMINE_COVERED,COVERED,BEARISH,2.0,True,TEXT_MAPPED
2026-05-13,2026-05-13T15:28:42.825732+00:00,RUN-REAL-ESS-20260513-002,FIDELITY,SecurityExtract_ESS_2026May13.csv,BWA,STARMINE_COVERED,COVERED,BEARISH,2.0,True,TEXT_MAPPED
2026-05-13,2026-05-13T15:28:42.825732+00:00,RUN-REAL-ESS-20260513-002,FIDELITY,SecurityExtract_ESS_2026May13.csv,SAM,STARMINE_COVERED,COVERED,NEUTRAL,3.0,True,TEXT_MAPPED
2026-05-13,2026-05-13T15:28:42.825732+00:00,RUN-REAL-ESS-20260513-002,FIDELITY,SecurityExtract_ESS_2026May13.csv,BHR,STARMINE_COVERED,COVERED,BEARISH,2.0,True,TEXT_MAPPED
2026-05-13,2026-05-13T15:28:42.825732+00:00,RUN-REAL-ESS-20260513-002,FIDELITY,SecurityExtract_ESS_2026May13.csv,BR,STARMINE_COVERED,COVERED,BEARISH,2.0,True,TEXT_MAPPED
2026-05-13,2026-05-13T15:28:42.825732+00:00,RUN-REAL-ESS-20260513-002,FIDELITY,SecurityExtract_ESS_2026May13.csv,BWEN,STARMINE_COVERED,COVERED,NEUTRAL,3.0,True,TEXT_MAPPED
2026-05-13,2026-05-13T15:28:42.825732+00:00,RUN-REAL-ESS-20260513-002,FIDELITY,SecurityExtract_ESS_2026May13.csv,BN,STARMINE_COVERED,COVERED,BEARISH,2.0,True,TEXT_MAPPED
2026-05-13,2026-05-13T15:28:42.825732+00:00,RUN-REAL-ESS-20260513-002,FIDELITY,SecurityExtract_ESS_2026May13.csv,BC,STARMINE_COVERED,COVERED,BEARISH,2.0,True,TEXT_MAPPED
2026-05-13,2026-05-13T15:28:42.825732+00:00,RUN-REAL-ESS-20260513-002,FIDELITY,SecurityExtract_ESS_2026May13.csv,BURL,STARMINE_COVERED,COVERED,BEARISH,2.0,True,TEXT_MAPPED
2026-05-13,2026-05-13T15:28:42.825732+00:00,RUN-REAL-ESS-20260513-002,FIDELITY,SecurityExtract_ESS_2026May13.csv,CHRW,STARMINE_COVERED,COVERED,NEUTRAL,3.0,True,TEXT_MAPPED
2026-05-13,2026-05-13T15:28:42.825732+00:00,RUN-REAL-ESS-20260513-002,FIDELITY,SecurityExtract_ESS_2026May13.csv,AI,STARMINE_COVERED,COVERED,BEARISH,2.0,True,TEXT_MAPPED
2026-05-13,2026-05-13T15:28:42.825732+00:00,RUN-REAL-ESS-20260513-002,FIDELITY,SecurityExtract_ESS_2026May13.csv,CAN,STARMINE_COVERED,COVERED,BEARISH,2.0,True,TEXT_MAPPED
2026-05-13,2026-05-13T15:28:42.825732+00:00,RUN-REAL-ESS-20260513-002,FIDELITY,SecurityExtract_ESS_2026May13.csv,COF,STARMINE_COVERED,COVERED,BEARISH,2.0,True,TEXT_MAPPED
2026-05-13,2026-05-13T15:28:42.825732+00:00,RUN-REAL-ESS-20260513-002,FIDELITY,SecurityExtract_ESS_2026May13.csv,CAI,STARMINE_COVERED,COVERED,BEARISH,2.0,True,TEXT_MAPPED
2026-05-13,2026-05-13T15:28:42.825732+00:00,RUN-REAL-ESS-20260513-002,FIDELITY,SecurityExtract_ESS_2026May13.csv,RNAC,STARMINE_COVERED,COVERED,BEARISH,2.0,True,TEXT_MAPPED
2026-05-13,2026-05-13T15:28:42.825732+00:00,RUN-REAL-ESS-20260513-002,FIDELITY,SecurityExtract_ESS_2026May13.csv,CVNA,STARMINE_COVERED,COVERED,BEARISH,2.0,True,TEXT_MAPPED
2026-05-13,2026-05-13T15:28:42.825732+00:00,RUN-REAL-ESS-20260513-002,FIDELITY,SecurityExtract_ESS_2026May13.csv,CVCO,STARMINE_COVERED,COVERED,NEUTRAL,3.0,True,TEXT_MAPPED
2026-05-13,2026-05-13T15:28:42.825732+00:00,RUN-REAL-ESS-20260513-002,FIDELITY,SecurityExtract_ESS_2026May13.csv,CBZ,STARMINE_COVERED,COVERED,NEUTRAL,3.0,True,TEXT_MAPPED
2026-05-13,2026-05-13T15:28:42.825732+00:00,RUN-REAL-ESS-20260513-002,FIDELITY,SecurityExtract_ESS_2026May13.csv,CENT,STARMINE_COVERED,COVERED,BEARISH,2.0,True,TEXT_MAPPED
2026-05-13,2026-05-13T15:28:42.825732+00:00,RUN-REAL-ESS-20260513-002,FIDELITY,SecurityExtract_ESS_2026May13.csv,CRL,STARMINE_COVERED,COVERED,BEARISH,2.0,True,TEXT_MAPPED
2026-05-13,2026-05-13T15:28:42.825732+00:00,RUN-REAL-ESS-20260513-002,FIDELITY,SecurityExtract_ESS_2026May13.csv,CHKP,STARMINE_COVERED,COVERED,BEARISH,2.0,True,TEXT_MAPPED
2026-05-13,2026-05-13T15:28:42.825732+00:00,RUN-REAL-ESS-20260513-002,FIDELITY,SecurityExtract_ESS_2026May13.csv,CHD,STARMINE_COVERED,COVERED,BEARISH,2.0,True,TEXT_MAPPED
2026-05-13,2026-05-13T15:28:42.825732+00:00,RUN-REAL-ESS-20260513-002,FIDELITY,SecurityExtract_ESS_2026May13.csv,CNK,STARMINE_COVERED,COVERED,BEARISH,2.0,True,TEXT_MAPPED
2026-05-13,2026-05-13T15:28:42.825732+00:00,RUN-REAL-ESS-20260513-002,FIDELITY,SecurityExtract_ESS_2026May13.csv,CTAS,STARMINE_COVERED,COVERED,BEARISH,2.0,True,TEXT_MAPPED
2026-05-13,2026-05-13T15:28:42.825732+00:00,RUN-REAL-ESS-20260513-002,FIDELITY,SecurityExtract_ESS_2026May13.csv,CZNC,STARMINE_COVERED,COVERED,BEARISH,2.0,True,TEXT_MAPPED
2026-05-13,2026-05-13T15:28:42.825732+00:00,RUN-REAL-ESS-20260513-002,FIDELITY,SecurityExtract_ESS_2026May13.csv,CLIR,STARMINE_COVERED,COVERED,NEUTRAL,3.0,True,TEXT_MAPPED
2026-05-13,2026-05-13T15:28:42.825732+00:00,RUN-REAL-ESS-20260513-002,FIDELITY,SecurityExtract_ESS_2026May13.csv,CLW,STARMINE_COVERED,COVERED,BEARISH,2.0,True,TEXT_MAPPED
2026-05-13,2026-05-13T15:28:42.825732+00:00,RUN-REAL-ESS-20260513-002,FIDELITY,SecurityExtract_ESS_2026May13.csv,CNA,STARMINE_COVERED,COVERED,NEUTRAL,3.0,True,TEXT_MAPPED
2026-05-13,2026-05-13T15:28:42.825732+00:00,RUN-REAL-ESS-20260513-002,FIDELITY,SecurityExtract_ESS_2026May13.csv,COHU,STARMINE_COVERED,COVERED,BEARISH,2.0,True,TEXT_MAPPED
2026-05-13,2026-05-13T15:28:42.825732+00:00,RUN-REAL-ESS-20260513-002,FIDELITY,SecurityExtract_ESS_2026May13.csv,CL,STARMINE_COVERED,COVERED,BEARISH,2.0,True,TEXT_MAPPED
2026-05-13,2026-05-13T15:28:42.825732+00:00,RUN-REAL-ESS-20260513-002,FIDELITY,SecurityExtract_ESS_2026May13.csv,BVN,STARMINE_COVERED,COVERED,BEARISH,2.0,True,TEXT_MAPPED
2026-05-13,2026-05-13T15:28:42.825732+00:00,RUN-REAL-ESS-20260513-002,FIDELITY,SecurityExtract_ESS_2026May13.csv,CAG,STARMINE_COVERED,COVERED,BEARISH,2.0,True,TEXT_MAPPED
2026-05-13,2026-05-13T15:28:42.825732+00:00,RUN-REAL-ESS-20260513-002,FIDELITY,SecurityExtract_ESS_2026May13.csv,ROAD,STARMINE_COVERED,COVERED,NEUTRAL,3.0,True,TEXT_MAPPED
2026-05-13,2026-05-13T15:28:42.825732+00:00,RUN-REAL-ESS-20260513-002,FIDELITY,SecurityExtract_ESS_2026May13.csv,CPRT,STARMINE_COVERED,COVERED,BEARISH,2.0,True,TEXT_MAPPED
2026-05-13,2026-05-13T15:28:42.825732+00:00,RUN-REAL-ESS-20260513-002,FIDELITY,SecurityExtract_ESS_2026May13.csv,CLB,STARMINE_COVERED,COVERED,NEUTRAL,3.0,True,TEXT_MAPPED
2026-05-13,2026-05-13T15:28:42.825732+00:00,RUN-REAL-ESS-20260513-002,FIDELITY,SecurityExtract_ESS_2026May13.csv,CXW,STARMINE_COVERED,COVERED,BEARISH,2.0,True,TEXT_MAPPED
2026-05-13,2026-05-13T15:28:42.825732+00:00,RUN-REAL-ESS-20260513-002,FIDELITY,SecurityExtract_ESS_2026May13.csv,CXT,STARMINE_COVERED,COVERED,BEARISH,2.0,True,TEXT_MAPPED
2026-05-13,2026-05-13T15:28:42.825732+00:00,RUN-REAL-ESS-20260513-002,FIDELITY,SecurityExtract_ESS_2026May13.csv,CCI,STARMINE_COVERED,COVERED,BEARISH,2.0,True,TEXT_MAPPED
2026-05-13,2026-05-13T15:28:42.825732+00:00,RUN-REAL-ESS-20260513-002,FIDELITY,SecurityExtract_ESS_2026May13.csv,CCK,STARMINE_COVERED,COVERED,BEARISH,2.0,True,TEXT_MAPPED
2026-05-13,2026-05-13T15:28:42.825732+00:00,RUN-REAL-ESS-20260513-002,FIDELITY,SecurityExtract_ESS_2026May13.csv,CYRX,STARMINE_COVERED,COVERED,BEARISH,2.0,True,TEXT_MAPPED
2026-05-13,2026-05-13T15:28:42.825732+00:00,RUN-REAL-ESS-20260513-002,FIDELITY,SecurityExtract_ESS_2026May13.csv,CFR,STARMINE_COVERED,COVERED,BEARISH,2.0,True,TEXT_MAPPED
2026-05-13,2026-05-13T15:28:42.825732+00:00,RUN-REAL-ESS-20260513-002,FIDELITY,SecurityExtract_ESS_2026May13.csv,CUBI,STARMINE_COVERED,COVERED,NEUTRAL,3.0,True,TEXT_MAPPED
2026-05-13,2026-05-13T15:28:42.825732+00:00,RUN-REAL-ESS-20260513-002,FIDELITY,SecurityExtract_ESS_2026May13.csv,CTMX,STARMINE_COVERED,COVERED,NEUTRAL,3.0,True,TEXT_MAPPED
2026-05-13,2026-05-13T15:28:42.825732+00:00,RUN-REAL-ESS-20260513-002,FIDELITY,SecurityExtract_ESS_2026May13.csv,CTSO,STARMINE_COVERED,COVERED,BEARISH,2.0,True,TEXT_MAPPED
2026-05-13,2026-05-13T15:28:42.825732+00:00,RUN-REAL-ESS-20260513-002,FIDELITY,SecurityExtract_ESS_2026May13.csv,DHI,STARMINE_COVERED,COVERED,BEARISH,2.0,True,TEXT_MAPPED
2026-05-13,2026-05-13T15:28:42.825732+00:00,RUN-REAL-ESS-20260513-002,FIDELITY,SecurityExtract_ESS_2026May13.csv,DRI,STARMINE_COVERED,COVERED,NEUTRAL,3.0,True,TEXT_MAPPED
2026-05-13,2026-05-13T15:28:42.825732+00:00,RUN-REAL-ESS-20260513-002,FIDELITY,SecurityExtract_ESS_2026May13.csv,DAR,STARMINE_COVERED,COVERED,NEUTRAL,3.0,True,TEXT_MAPPED
2026-05-13,2026-05-13T15:28:42.825732+00:00,RUN-REAL-ESS-20260513-002,FIDELITY,SecurityExtract_ESS_2026May13.csv,DCH,STARMINE_COVERED,COVERED,BEARISH,2.0,True,TEXT_MAPPED
2026-05-13,2026-05-13T15:28:42.825732+00:00,RUN-REAL-ESS-20260513-002,FIDELITY,SecurityExtract_ESS_2026May13.csv,DE,STARMINE_COVERED,COVERED,NEUTRAL,3.0,True,TEXT_MAPPED
2026-05-13,2026-05-13T15:28:42.825732+00:00,RUN-REAL-ESS-20260513-002,FIDELITY,SecurityExtract_ESS_2026May13.csv,DB,STARMINE_COVERED,COVERED,NEUTRAL,3.0,True,TEXT_MAPPED
2026-05-13,2026-05-13T15:28:42.825732+00:00,RUN-REAL-ESS-20260513-002,FIDELITY,SecurityExtract_ESS_2026May13.csv,DPZ,STARMINE_COVERED,COVERED,BEARISH,2.0,True,TEXT_MAPPED
2026-05-13,2026-05-13T15:28:42.825732+00:00,RUN-REAL-ESS-20260513-002,FIDELITY,SecurityExtract_ESS_2026May13.csv,DY,STARMINE_COVERED,COVERED,BEARISH,2.0,True,TEXT_MAPPED
2026-05-13,2026-05-13T15:28:42.825732+00:00,RUN-REAL-ESS-20260513-002,FIDELITY,SecurityExtract_ESS_2026May13.csv,ECL,STARMINE_COVERED,COVERED,BEARISH,2.0,True,TEXT_MAPPED
2026-05-13,2026-05-13T15:28:42.825732+00:00,RUN-REAL-ESS-20260513-002,FIDELITY,SecurityExtract_ESS_2026May13.csv,EDIT,STARMINE_COVERED,COVERED,BEARISH,2.0,True,TEXT_MAPPED
2026-05-13,2026-05-13T15:28:42.825732+00:00,RUN-REAL-ESS-20260513-002,FIDELITY,SecurityExtract_ESS_2026May13.csv,EW,STARMINE_COVERED,COVERED,BEARISH,2.0,True,TEXT_MAPPED
2026-05-13,2026-05-13T15:28:42.825732+00:00,RUN-REAL-ESS-20260513-002,FIDELITY,SecurityExtract_ESS_2026May13.csv,ELAN,STARMINE_COVERED,COVERED,NEUTRAL,3.0,True,TEXT_MAPPED
2026-05-13,2026-05-13T15:28:42.825732+00:00,RUN-REAL-ESS-20260513-002,FIDELITY,SecurityExtract_ESS_2026May13.csv,ELV,STARMINE_COVERED,COVERED,BEARISH,2.0,True,TEXT_MAPPED
2026-05-13,2026-05-13T15:28:42.825732+00:00,RUN-REAL-ESS-20260513-002,FIDELITY,SecurityExtract_ESS_2026May13.csv,EMBC,STARMINE_COVERED,COVERED,BEARISH,2.0,True,TEXT_MAPPED
2026-05-13,2026-05-13T15:28:42.825732+00:00,RUN-REAL-ESS-20260513-002,FIDELITY,SecurityExtract_ESS_2026May13.csv,NPO,STARMINE_COVERED,COVERED,NEUTRAL,3.0,True,TEXT_MAPPED
2026-05-13,2026-05-13T15:28:42.825732+00:00,RUN-REAL-ESS-20260513-002,FIDELITY,SecurityExtract_ESS_2026May13.csv,EQH,STARMINE_COVERED,COVERED,NEUTRAL,3.0,True,TEXT_MAPPED
2026-05-13,2026-05-13T15:28:42.825732+00:00,RUN-REAL-ESS-20260513-002,FIDELITY,SecurityExtract_ESS_2026May13.csv,ELS,STARMINE_COVERED,COVERED,BEARISH,2.0,True,TEXT_MAPPED
2026-05-13,2026-05-13T15:28:42.825732+00:00,RUN-REAL-ESS-20260513-002,FIDELITY,SecurityExtract_ESS_2026May13.csv,ESAB,STARMINE_COVERED,COVERED,BEARISH,2.0,True,TEXT_MAPPED
2026-05-13,2026-05-13T15:28:42.825732+00:00,RUN-REAL-ESS-20260513-002,FIDELITY,SecurityExtract_ESS_2026May13.csv,ESPR,STARMINE_COVERED,COVERED,BEARISH,2.0,True,TEXT_MAPPED
2026-05-13,2026-05-13T15:28:42.825732+00:00,RUN-REAL-ESS-20260513-002,FIDELITY,SecurityExtract_ESS_2026May13.csv,EPRT,STARMINE_COVERED,COVERED,BEARISH,2.0,True,TEXT_MAPPED
2026-05-13,2026-05-13T15:28:42.825732+00:00,RUN-REAL-ESS-20260513-002,FIDELITY,SecurityExtract_ESS_2026May13.csv,ETON,STARMINE_COVERED,COVERED,BEARISH,2.0,True,TEXT_MAPPED
2026-05-13,2026-05-13T15:28:42.825732+00:00,RUN-REAL-ESS-20260513-002,FIDELITY,SecurityExtract_ESS_2026May13.csv,ETSY,STARMINE_COVERED,COVERED,BEARISH,2.0,True,TEXT_MAPPED
2026-05-13,2026-05-13T15:28:42.825732+00:00,RUN-REAL-ESS-20260513-002,FIDELITY,SecurityExtract_ESS_2026May13.csv,EOLS,STARMINE_COVERED,COVERED,BEARISH,2.0,True,TEXT_MAPPED
2026-05-13,2026-05-13T15:28:42.825732+00:00,RUN-REAL-ESS-20260513-002,FIDELITY,SecurityExtract_ESS_2026May13.csv,FBK,STARMINE_COVERED,COVERED,BEARISH,2.0,True,TEXT_MAPPED
2026-05-13,2026-05-13T15:28:42.825732+00:00,RUN-REAL-ESS-20260513-002,FIDELITY,SecurityExtract_ESS_2026May13.csv,FNF,STARMINE_COVERED,COVERED,BEARISH,2.0,True,TEXT_MAPPED
2026-05-13,2026-05-13T15:28:42.825732+00:00,RUN-REAL-ESS-20260513-002,FIDELITY,SecurityExtract_ESS_2026May13.csv,FIS,STARMINE_COVERED,COVERED,NEUTRAL,3.0,True,TEXT_MAPPED
2026-05-13,2026-05-13T15:28:42.825732+00:00,RUN-REAL-ESS-20260513-002,FIDELITY,SecurityExtract_ESS_2026May13.csv,FBNC,STARMINE_COVERED,COVERED,BEARISH,2.0,True,TEXT_MAPPED
2026-05-13,2026-05-13T15:28:42.825732+00:00,RUN-REAL-ESS-20260513-002,FIDELITY,SecurityExtract_ESS_2026May13.csv,FIBK,STARMINE_COVERED,COVERED,NEUTRAL,3.0,True,TEXT_MAPPED
2026-05-13,2026-05-13T15:28:42.825732+00:00,RUN-REAL-ESS-20260513-002,FIDELITY,SecurityExtract_ESS_2026May13.csv,FCFS,STARMINE_COVERED,COVERED,NEUTRAL,3.0,True,TEXT_MAPPED
2026-05-13,2026-05-13T15:28:42.825732+00:00,RUN-REAL-ESS-20260513-002,FIDELITY,SecurityExtract_ESS_2026May13.csv,FLR,STARMINE_COVERED,COVERED,BEARISH,2.0,True,TEXT_MAPPED
2026-05-13,2026-05-13T15:28:42.825732+00:00,RUN-REAL-ESS-20260513-002,FIDELITY,SecurityExtract_ESS_2026May13.csv,FORM,STARMINE_COVERED,COVERED,BEARISH,2.0,True,TEXT_MAPPED
2026-05-13,2026-05-13T15:28:42.825732+00:00,RUN-REAL-ESS-20260513-002,FIDELITY,SecurityExtract_ESS_2026May13.csv,FBIN,STARMINE_COVERED,COVERED,BEARISH,2.0,True,TEXT_MAPPED
2026-05-13,2026-05-13T15:28:42.825732+00:00,RUN-REAL-ESS-20260513-002,FIDELITY,SecurityExtract_ESS_2026May13.csv,FCPT,STARMINE_COVERED,COVERED,NEUTRAL,3.0,True,TEXT_MAPPED
2026-05-13,2026-05-13T15:28:42.825732+00:00,RUN-REAL-ESS-20260513-002,FIDELITY,SecurityExtract_ESS_2026May13.csv,FOXA,STARMINE_COVERED,COVERED,BEARISH,2.0,True,TEXT_MAPPED
2026-05-13,2026-05-13T15:28:42.825732+00:00,RUN-REAL-ESS-20260513-002,FIDELITY,SecurityExtract_ESS_2026May13.csv,FC,STARMINE_COVERED,COVERED,BEARISH,2.0,True,TEXT_MAPPED
2026-05-13,2026-05-13T15:28:42.825732+00:00,RUN-REAL-ESS-20260513-002,FIDELITY,SecurityExtract_ESS_2026May13.csv,FCEL,STARMINE_COVERED,COVERED,NEUTRAL,3.0,True,TEXT_MAPPED
2026-05-13,2026-05-13T15:28:42.825732+00:00,RUN-REAL-ESS-20260513-002,FIDELITY,SecurityExtract_ESS_2026May13.csv,FNKO,STARMINE_COVERED,COVERED,NEUTRAL,3.0,True,TEXT_MAPPED
2026-05-13,2026-05-13T15:28:42.825732+00:00,RUN-REAL-ESS-20260513-002,FIDELITY,SecurityExtract_ESS_2026May13.csv,GME,STARMINE_COVERED,COVERED,BEARISH,2.0,True,TEXT_MAPPED
2026-05-13,2026-05-13T15:28:42.825732+00:00,RUN-REAL-ESS-20260513-002,FIDELITY,SecurityExtract_ESS_2026May13.csv,IT,STARMINE_COVERED,COVERED,BEARISH,2.0,True,TEXT_MAPPED
2026-05-13,2026-05-13T15:28:42.825732+00:00,RUN-REAL-ESS-20260513-002,FIDELITY,SecurityExtract_ESS_2026May13.csv,GATX,STARMINE_COVERED,COVERED,BEARISH,2.0,True,TEXT_MAPPED
2026-05-13,2026-05-13T15:28:42.825732+00:00,RUN-REAL-ESS-20260513-002,FIDELITY,SecurityExtract_ESS_2026May13.csv,GE,STARMINE_COVERED,COVERED,BEARISH,2.0,True,TEXT_MAPPED
2026-05-13,2026-05-13T15:28:42.825732+00:00,RUN-REAL-ESS-20260513-002,FIDELITY,SecurityExtract_ESS_2026May13.csv,GD,STARMINE_COVERED,COVERED,BEARISH,2.0,True,TEXT_MAPPED
2026-05-13,2026-05-13T15:28:42.825732+00:00,RUN-REAL-ESS-20260513-002,FIDELITY,SecurityExtract_ESS_2026May13.csv,GMAB,STARMINE_COVERED,COVERED,NEUTRAL,3.0,True,TEXT_MAPPED
2026-05-13,2026-05-13T15:28:42.825732+00:00,RUN-REAL-ESS-20260513-002,FIDELITY,SecurityExtract_ESS_2026May13.csv,GNTX,STARMINE_COVERED,COVERED,BEARISH,2.0,True,TEXT_MAPPED
2026-05-13,2026-05-13T15:28:42.825732+00:00,RUN-REAL-ESS-20260513-002,FIDELITY,SecurityExtract_ESS_2026May13.csv,THRM,STARMINE_COVERED,COVERED,BEARISH,2.0,True,TEXT_MAPPED
2026-05-13,2026-05-13T15:28:42.825732+00:00,RUN-REAL-ESS-20260513-002,FIDELITY,SecurityExtract_ESS_2026May13.csv,GEO,STARMINE_COVERED,COVERED,BEARISH,2.0,True,TEXT_MAPPED
2026-05-13,2026-05-13T15:28:42.825732+00:00,RUN-REAL-ESS-20260513-002,FIDELITY,SecurityExtract_ESS_2026May13.csv,GOOD,STARMINE_COVERED,COVERED,BEARISH,2.0,True,TEXT_MAPPED
2026-05-13,2026-05-13T15:28:42.825732+00:00,RUN-REAL-ESS-20260513-002,FIDELITY,SecurityExtract_ESS_2026May13.csv,GS,STARMINE_COVERED,COVERED,BEARISH,2.0,True,TEXT_MAPPED
2026-05-13,2026-05-13T15:28:42.825732+00:00,RUN-REAL-ESS-20260513-002,FIDELITY,SecurityExtract_ESS_2026May13.csv,GSHD,STARMINE_COVERED,COVERED,BEARISH,2.0,True,TEXT_MAPPED
2026-05-13,2026-05-13T15:28:42.825732+00:00,RUN-REAL-ESS-20260513-002,FIDELITY,SecurityExtract_ESS_2026May13.csv,GPRO,STARMINE_COVERED,COVERED,BEARISH,2.0,True,TEXT_MAPPED
2026-05-13,2026-05-13T15:28:42.825732+00:00,RUN-REAL-ESS-20260513-002,FIDELITY,SecurityExtract_ESS_2026May13.csv,GGG,STARMINE_COVERED,COVERED,NEUTRAL,3.0,True,TEXT_MAPPED
2026-05-13,2026-05-13T15:28:42.825732+00:00,RUN-REAL-ESS-20260513-002,FIDELITY,SecurityExtract_ESS_2026May13.csv,EAF,STARMINE_COVERED,COVERED,BEARISH,2.0,True,TEXT_MAPPED
2026-05-13,2026-05-13T15:28:42.825732+00:00,RUN-REAL-ESS-20260513-002,FIDELITY,SecurityExtract_ESS_2026May13.csv,GTN,STARMINE_COVERED,COVERED,BEARISH,2.0,True,TEXT_MAPPED
2026-05-13,2026-05-13T15:28:42.825732+00:00,RUN-REAL-ESS-20260513-002,FIDELITY,SecurityExtract_ESS_2026May13.csv,GPI,STARMINE_COVERED,COVERED,BEARISH,2.0,True,TEXT_MAPPED
2026-05-13,2026-05-13T15:28:42.825732+00:00,RUN-REAL-ESS-20260513-002,FIDELITY,SecurityExtract_ESS_2026May13.csv,GRPN,STARMINE_COVERED,COVERED,BEARISH,2.0,True,TEXT_MAPPED
2026-05-13,2026-05-13T15:28:42.825732+00:00,RUN-REAL-ESS-20260513-002,FIDELITY,SecurityExtract_ESS_2026May13.csv,HTO,STARMINE_COVERED,COVERED,NEUTRAL,3.0,True,TEXT_MAPPED
2026-05-13,2026-05-13T15:28:42.825732+00:00,RUN-REAL-ESS-20260513-002,FIDELITY,SecurityExtract_ESS_2026May13.csv,HASI,STARMINE_COVERED,COVERED,BEARISH,2.0,True,TEXT_MAPPED
2026-05-13,2026-05-13T15:28:42.825732+00:00,RUN-REAL-ESS-20260513-002,FIDELITY,SecurityExtract_ESS_2026May13.csv,HAIN,STARMINE_COVERED,COVERED,NEUTRAL,3.0,True,TEXT_MAPPED
2026-05-13,2026-05-13T15:28:42.825732+00:00,RUN-REAL-ESS-20260513-002,FIDELITY,SecurityExtract_ESS_2026May13.csv,HNRG,STARMINE_COVERED,COVERED,NEUTRAL,3.0,True,TEXT_MAPPED
2026-05-13,2026-05-13T15:28:42.825732+00:00,RUN-REAL-ESS-20260513-002,FIDELITY,SecurityExtract_ESS_2026May13.csv,HWC,STARMINE_COVERED,COVERED,BEARISH,2.0,True,TEXT_MAPPED
2026-05-13,2026-05-13T15:28:42.825732+00:00,RUN-REAL-ESS-20260513-002,FIDELITY,SecurityExtract_ESS_2026May13.csv,HOG,STARMINE_COVERED,COVERED,NEUTRAL,3.0,True,TEXT_MAPPED
2026-05-13,2026-05-13T15:28:42.825732+00:00,RUN-REAL-ESS-20260513-002,FIDELITY,SecurityExtract_ESS_2026May13.csv,HDB,STARMINE_COVERED,COVERED,BEARISH,2.0,True,TEXT_MAPPED
2026-05-13,2026-05-13T15:28:42.825732+00:00,RUN-REAL-ESS-20260513-002,FIDELITY,SecurityExtract_ESS_2026May13.csv,HLIO,STARMINE_COVERED,COVERED,BEARISH,2.0,True,TEXT_MAPPED
2026-05-13,2026-05-13T15:28:42.825732+00:00,RUN-REAL-ESS-20260513-002,FIDELITY,SecurityExtract_ESS_2026May13.csv,HLX,STARMINE_COVERED,COVERED,NEUTRAL,3.0,True,TEXT_MAPPED
2026-05-13,2026-05-13T15:28:42.825732+00:00,RUN-REAL-ESS-20260513-002,FIDELITY,SecurityExtract_ESS_2026May13.csv,HLF,STARMINE_COVERED,COVERED,NEUTRAL,3.0,True,TEXT_MAPPED
2026-05-13,2026-05-13T15:28:42.825732+00:00,RUN-REAL-ESS-20260513-002,FIDELITY,SecurityExtract_ESS_2026May13.csv,HFFG,STARMINE_COVERED,COVERED,BEARISH,2.0,True,TEXT_MAPPED
2026-05-13,2026-05-13T15:28:42.825732+00:00,RUN-REAL-ESS-20260513-002,FIDELITY,SecurityExtract_ESS_2026May13.csv,HD,STARMINE_COVERED,COVERED,BEARISH,2.0,True,TEXT_MAPPED
2026-05-13,2026-05-13T15:28:42.825732+00:00,RUN-REAL-ESS-20260513-002,FIDELITY,SecurityExtract_ESS_2026May13.csv,HMC,STARMINE_COVERED,COVERED,BEARISH,2.0,True,TEXT_MAPPED
2026-05-13,2026-05-13T15:28:42.825732+00:00,RUN-REAL-ESS-20260513-002,FIDELITY,SecurityExtract_ESS_2026May13.csv,HON,STARMINE_COVERED,COVERED,BEARISH,2.0,True,TEXT_MAPPED
2026-05-13,2026-05-13T15:28:42.825732+00:00,RUN-REAL-ESS-20260513-002,FIDELITY,SecurityExtract_ESS_2026May13.csv,HRL,STARMINE_COVERED,COVERED,BEARISH,2.0,True,TEXT_MAPPED
2026-05-13,2026-05-13T15:28:42.825732+00:00,RUN-REAL-ESS-20260513-002,FIDELITY,SecurityExtract_ESS_2026May13.csv,HHH,STARMINE_COVERED,COVERED,BEARISH,2.0,True,TEXT_MAPPED
2026-05-13,2026-05-13T15:28:42.825732+00:00,RUN-REAL-ESS-20260513-002,FIDELITY,SecurityExtract_ESS_2026May13.csv,HDSN,STARMINE_COVERED,COVERED,NEUTRAL,3.0,True,TEXT_MAPPED
2026-05-13,2026-05-13T15:28:42.825732+00:00,RUN-REAL-ESS-20260513-002,FIDELITY,SecurityExtract_ESS_2026May13.csv,HBAN,STARMINE_COVERED,COVERED,BEARISH,2.0,True,TEXT_MAPPED
2026-05-13,2026-05-13T15:28:42.825732+00:00,RUN-REAL-ESS-20260513-002,FIDELITY,SecurityExtract_ESS_2026May13.csv,H,STARMINE_COVERED,COVERED,BEARISH,2.0,True,TEXT_MAPPED
2026-05-13,2026-05-13T15:28:42.825732+00:00,RUN-REAL-ESS-20260513-002,FIDELITY,SecurityExtract_ESS_2026May13.csv,ICHR,STARMINE_COVERED,COVERED,NEUTRAL,3.0,True,TEXT_MAPPED
2026-05-13,2026-05-13T15:28:42.825732+00:00,RUN-REAL-ESS-20260513-002,FIDELITY,SecurityExtract_ESS_2026May13.csv,IDYA,STARMINE_COVERED,COVERED,BEARISH,2.0,True,TEXT_MAPPED
2026-05-13,2026-05-13T15:28:42.825732+00:00,RUN-REAL-ESS-20260513-002,FIDELITY,SecurityExtract_ESS_2026May13.csv,ITW,STARMINE_COVERED,COVERED,BEARISH,2.0,True,TEXT_MAPPED
2026-05-13,2026-05-13T15:28:42.825732+00:00,RUN-REAL-ESS-20260513-002,FIDELITY,SecurityExtract_ESS_2026May13.csv,PI,STARMINE_COVERED,COVERED,BEARISH,2.0,True,TEXT_MAPPED
2026-05-13,2026-05-13T15:28:42.825732+00:00,RUN-REAL-ESS-20260513-002,FIDELITY,SecurityExtract_ESS_2026May13.csv,INOD,STARMINE_COVERED,COVERED,NEUTRAL,3.0,True,TEXT_MAPPED
2026-05-13,2026-05-13T15:28:42.825732+00:00,RUN-REAL-ESS-20260513-002,FIDELITY,SecurityExtract_ESS_2026May13.csv,IIIN,STARMINE_COVERED,COVERED,BEARISH,2.0,True,TEXT_MAPPED
2026-05-13,2026-05-13T15:28:42.825732+00:00,RUN-REAL-ESS-20260513-002,FIDELITY,SecurityExtract_ESS_2026May13.csv,IDCC,STARMINE_COVERED,COVERED,BEARISH,2.0,True,TEXT_MAPPED
2026-05-13,2026-05-13T15:28:42.825732+00:00,RUN-REAL-ESS-20260513-002,FIDELITY,SecurityExtract_ESS_2026May13.csv,IBOC,STARMINE_COVERED,COVERED,NEUTRAL,3.0,True,TEXT_MAPPED
2026-05-13,2026-05-13T15:28:42.825732+00:00,RUN-REAL-ESS-20260513-002,FIDELITY,SecurityExtract_ESS_2026May13.csv,IBM,STARMINE_COVERED,COVERED,BEARISH,2.0,True,TEXT_MAPPED
2026-05-13,2026-05-13T15:28:42.825732+00:00,RUN-REAL-ESS-20260513-002,FIDELITY,SecurityExtract_ESS_2026May13.csv,IMXI,STARMINE_COVERED,COVERED,BEARISH,2.0,True,TEXT_MAPPED
2026-05-13,2026-05-13T15:28:42.825732+00:00,RUN-REAL-ESS-20260513-002,FIDELITY,SecurityExtract_ESS_2026May13.csv,ITT,STARMINE_COVERED,COVERED,NEUTRAL,3.0,True,TEXT_MAPPED
2026-05-13,2026-05-13T15:28:42.825732+00:00,RUN-REAL-ESS-20260513-002,FIDELITY,SecurityExtract_ESS_2026May13.csv,JJSF,STARMINE_COVERED,COVERED,BEARISH,2.0,True,TEXT_MAPPED
2026-05-13,2026-05-13T15:28:42.825732+00:00,RUN-REAL-ESS-20260513-002,FIDELITY,SecurityExtract_ESS_2026May13.csv,JACK,STARMINE_COVERED,COVERED,BEARISH,2.0,True,TEXT_MAPPED
2026-05-13,2026-05-13T15:28:42.825732+00:00,RUN-REAL-ESS-20260513-002,FIDELITY,SecurityExtract_ESS_2026May13.csv,J,STARMINE_COVERED,COVERED,BEARISH,2.0,True,TEXT_MAPPED
2026-05-13,2026-05-13T15:28:42.825732+00:00,RUN-REAL-ESS-20260513-002,FIDELITY,SecurityExtract_ESS_2026May13.csv,JRVR,STARMINE_COVERED,COVERED,NEUTRAL,3.0,True,TEXT_MAPPED
2026-05-13,2026-05-13T15:28:42.825732+00:00,RUN-REAL-ESS-20260513-002,FIDELITY,SecurityExtract_ESS_2026May13.csv,JBGS,STARMINE_COVERED,COVERED,BEARISH,2.0,True,TEXT_MAPPED
2026-05-13,2026-05-13T15:28:42.825732+00:00,RUN-REAL-ESS-20260513-002,FIDELITY,SecurityExtract_ESS_2026May13.csv,JKS,STARMINE_COVERED,COVERED,BEARISH,2.0,True,TEXT_MAPPED
2026-05-13,2026-05-13T15:28:42.825732+00:00,RUN-REAL-ESS-20260513-002,FIDELITY,SecurityExtract_ESS_2026May13.csv,KAI,STARMINE_COVERED,COVERED,NEUTRAL,3.0,True,TEXT_MAPPED
2026-05-13,2026-05-13T15:28:42.825732+00:00,RUN-REAL-ESS-20260513-002,FIDELITY,SecurityExtract_ESS_2026May13.csv,KPTI,STARMINE_COVERED,COVERED,BEARISH,2.0,True,TEXT_MAPPED
2026-05-13,2026-05-13T15:28:42.825732+00:00,RUN-REAL-ESS-20260513-002,FIDELITY,SecurityExtract_ESS_2026May13.csv,KB,STARMINE_COVERED,COVERED,NEUTRAL,3.0,True,TEXT_MAPPED
2026-05-13,2026-05-13T15:28:42.825732+00:00,RUN-REAL-ESS-20260513-002,FIDELITY,SecurityExtract_ESS_2026May13.csv,KBR,STARMINE_COVERED,COVERED,BEARISH,2.0,True,TEXT_MAPPED
2026-05-13,2026-05-13T15:28:42.825732+00:00,RUN-REAL-ESS-20260513-002,FIDELITY,SecurityExtract_ESS_2026May13.csv,KRNY,STARMINE_COVERED,COVERED,BEARISH,2.0,True,TEXT_MAPPED
2026-05-13,2026-05-13T15:28:42.825732+00:00,RUN-REAL-ESS-20260513-002,FIDELITY,SecurityExtract_ESS_2026May13.csv,KEY,STARMINE_COVERED,COVERED,BEARISH,2.0,True,TEXT_MAPPED
2026-05-13,2026-05-13T15:28:42.825732+00:00,RUN-REAL-ESS-20260513-002,FIDELITY,SecurityExtract_ESS_2026May13.csv,KE,STARMINE_COVERED,COVERED,BEARISH,2.0,True,TEXT_MAPPED
2026-05-13,2026-05-13T15:28:42.825732+00:00,RUN-REAL-ESS-20260513-002,FIDELITY,SecurityExtract_ESS_2026May13.csv,KMB,STARMINE_COVERED,COVERED,BEARISH,2.0,True,TEXT_MAPPED
2026-05-13,2026-05-13T15:28:42.825732+00:00,RUN-REAL-ESS-20260513-002,FIDELITY,SecurityExtract_ESS_2026May13.csv,KINS,STARMINE_COVERED,COVERED,BEARISH,2.0,True,TEXT_MAPPED
2026-05-13,2026-05-13T15:28:42.825732+00:00,RUN-REAL-ESS-20260513-002,FIDELITY,SecurityExtract_ESS_2026May13.csv,KRG,STARMINE_COVERED,COVERED,BEARISH,2.0,True,TEXT_MAPPED
2026-05-13,2026-05-13T15:28:42.825732+00:00,RUN-REAL-ESS-20260513-002,FIDELITY,SecurityExtract_ESS_2026May13.csv,KKR,STARMINE_COVERED,COVERED,BEARISH,2.0,True,TEXT_MAPPED
2026-05-13,2026-05-13T15:28:42.825732+00:00,RUN-REAL-ESS-20260513-002,FIDELITY,SecurityExtract_ESS_2026May13.csv,KN,STARMINE_COVERED,COVERED,BEARISH,2.0,True,TEXT_MAPPED
2026-05-13,2026-05-13T15:28:42.825732+00:00,RUN-REAL-ESS-20260513-002,FIDELITY,SecurityExtract_ESS_2026May13.csv,PHG,STARMINE_COVERED,COVERED,NEUTRAL,3.0,True,TEXT_MAPPED
2026-05-13,2026-05-13T15:28:42.825732+00:00,RUN-REAL-ESS-20260513-002,FIDELITY,SecurityExtract_ESS_2026May13.csv,KTB,STARMINE_COVERED,COVERED,BEARISH,2.0,True,TEXT_MAPPED
2026-05-13,2026-05-13T15:28:42.825732+00:00,RUN-REAL-ESS-20260513-002,FIDELITY,SecurityExtract_ESS_2026May13.csv,KOS,STARMINE_COVERED,COVERED,NEUTRAL,3.0,True,TEXT_MAPPED
2026-05-13,2026-05-13T15:28:42.825732+00:00,RUN-REAL-ESS-20260513-002,FIDELITY,SecurityExtract_ESS_2026May13.csv,LHX,STARMINE_COVERED,COVERED,BEARISH,2.0,True,TEXT_MAPPED
2026-05-13,2026-05-13T15:28:42.825732+00:00,RUN-REAL-ESS-20260513-002,FIDELITY,SecurityExtract_ESS_2026May13.csv,LH,STARMINE_COVERED,COVERED,NEUTRAL,3.0,True,TEXT_MAPPED
2026-05-13,2026-05-13T15:28:42.825732+00:00,RUN-REAL-ESS-20260513-002,FIDELITY,SecurityExtract_ESS_2026May13.csv,LADR,STARMINE_COVERED,COVERED,BEARISH,2.0,True,TEXT_MAPPED
2026-05-13,2026-05-13T15:28:42.825732+00:00,RUN-REAL-ESS-20260513-002,FIDELITY,SecurityExtract_ESS_2026May13.csv,LAKE,STARMINE_COVERED,COVERED,NEUTRAL,3.0,True,TEXT_MAPPED
2026-05-13,2026-05-13T15:28:42.825732+00:00,RUN-REAL-ESS-20260513-002,FIDELITY,SecurityExtract_ESS_2026May13.csv,LW,STARMINE_COVERED,COVERED,BEARISH,2.0,True,TEXT_MAPPED
2026-05-13,2026-05-13T15:28:42.825732+00:00,RUN-REAL-ESS-20260513-002,FIDELITY,SecurityExtract_ESS_2026May13.csv,LVS,STARMINE_COVERED,COVERED,BEARISH,2.0,True,TEXT_MAPPED
2026-05-13,2026-05-13T15:28:42.825732+00:00,RUN-REAL-ESS-20260513-002,FIDELITY,SecurityExtract_ESS_2026May13.csv,LEGN,STARMINE_COVERED,COVERED,NEUTRAL,3.0,True,TEXT_MAPPED
2026-05-13,2026-05-13T15:28:42.825732+00:00,RUN-REAL-ESS-20260513-002,FIDELITY,SecurityExtract_ESS_2026May13.csv,LDOS,STARMINE_COVERED,COVERED,BEARISH,2.0,True,TEXT_MAPPED
2026-05-13,2026-05-13T15:28:42.825732+00:00,RUN-REAL-ESS-20260513-002,FIDELITY,SecurityExtract_ESS_2026May13.csv,LBRT,STARMINE_COVERED,COVERED,BEARISH,2.0,True,TEXT_MAPPED
2026-05-13,2026-05-13T15:28:42.825732+00:00,RUN-REAL-ESS-20260513-002,FIDELITY,SecurityExtract_ESS_2026May13.csv,LIF,STARMINE_COVERED,COVERED,BEARISH,2.0,True,TEXT_MAPPED
2026-05-13,2026-05-13T15:28:42.825732+00:00,RUN-REAL-ESS-20260513-002,FIDELITY,SecurityExtract_ESS_2026May13.csv,LMB,STARMINE_COVERED,COVERED,BEARISH,2.0,True,TEXT_MAPPED
2026-05-13,2026-05-13T15:28:42.825732+00:00,RUN-REAL-ESS-20260513-002,FIDELITY,SecurityExtract_ESS_2026May13.csv,LINC,STARMINE_COVERED,COVERED,NEUTRAL,3.0,True,TEXT_MAPPED
2026-05-13,2026-05-13T15:28:42.825732+00:00,RUN-REAL-ESS-20260513-002,FIDELITY,SecurityExtract_ESS_2026May13.csv,LNN,STARMINE_COVERED,COVERED,BEARISH,2.0,True,TEXT_MAPPED
2026-05-13,2026-05-13T15:28:42.825732+00:00,RUN-REAL-ESS-20260513-002,FIDELITY,SecurityExtract_ESS_2026May13.csv,LYG,STARMINE_COVERED,COVERED,BEARISH,2.0,True,TEXT_MAPPED
2026-05-13,2026-05-13T15:28:42.825732+00:00,RUN-REAL-ESS-20260513-002,FIDELITY,SecurityExtract_ESS_2026May13.csv,LMT,STARMINE_COVERED,COVERED,BEARISH,2.0,True,TEXT_MAPPED
2026-05-13,2026-05-13T15:28:42.825732+00:00,RUN-REAL-ESS-20260513-002,FIDELITY,SecurityExtract_ESS_2026May13.csv,L,STARMINE_COVERED,COVERED,NEUTRAL,3.0,True,TEXT_MAPPED
2026-05-13,2026-05-13T15:28:42.825732+00:00,RUN-REAL-ESS-20260513-002,FIDELITY,SecurityExtract_ESS_2026May13.csv,LOW,STARMINE_COVERED,COVERED,BEARISH,2.0,True,TEXT_MAPPED
2026-05-13,2026-05-13T15:28:42.825732+00:00,RUN-REAL-ESS-20260513-002,FIDELITY,SecurityExtract_ESS_2026May13.csv,LPLA,STARMINE_COVERED,COVERED,BEARISH,2.0,True,TEXT_MAPPED
2026-05-13,2026-05-13T15:28:42.825732+00:00,RUN-REAL-ESS-20260513-002,FIDELITY,SecurityExtract_ESS_2026May13.csv,LTC,STARMINE_COVERED,COVERED,BEARISH,2.0,True,TEXT_MAPPED
2026-05-13,2026-05-13T15:28:42.825732+00:00,RUN-REAL-ESS-20260513-002,FIDELITY,SecurityExtract_ESS_2026May13.csv,LULU,STARMINE_COVERED,COVERED,NEUTRAL,3.0,True,TEXT_MAPPED
2026-05-13,2026-05-13T15:28:42.825732+00:00,RUN-REAL-ESS-20260513-002,FIDELITY,SecurityExtract_ESS_2026May13.csv,LYFT,STARMINE_COVERED,COVERED,BEARISH,2.0,True,TEXT_MAPPED
2026-05-13,2026-05-13T15:28:42.825732+00:00,RUN-REAL-ESS-20260513-002,FIDELITY,SecurityExtract_ESS_2026May13.csv,MGNX,STARMINE_COVERED,COVERED,NEUTRAL,3.0,True,TEXT_MAPPED
2026-05-13,2026-05-13T15:28:42.825732+00:00,RUN-REAL-ESS-20260513-002,FIDELITY,SecurityExtract_ESS_2026May13.csv,M,STARMINE_COVERED,COVERED,NEUTRAL,3.0,True,TEXT_MAPPED
2026-05-13,2026-05-13T15:28:42.825732+00:00,RUN-REAL-ESS-20260513-002,FIDELITY,SecurityExtract_ESS_2026May13.csv,MGA,STARMINE_COVERED,COVERED,BEARISH,2.0,True,TEXT_MAPPED
2026-05-13,2026-05-13T15:28:42.825732+00:00,RUN-REAL-ESS-20260513-002,FIDELITY,SecurityExtract_ESS_2026May13.csv,MARA,STARMINE_COVERED,COVERED,BEARISH,2.0,True,TEXT_MAPPED
2026-05-13,2026-05-13T15:28:42.825732+00:00,RUN-REAL-ESS-20260513-002,FIDELITY,SecurityExtract_ESS_2026May13.csv,MRVI,STARMINE_COVERED,COVERED,NEUTRAL,3.0,True,TEXT_MAPPED
2026-05-13,2026-05-13T15:28:42.825732+00:00,RUN-REAL-ESS-20260513-002,FIDELITY,SecurityExtract_ESS_2026May13.csv,MZTI,STARMINE_COVERED,COVERED,BEARISH,2.0,True,TEXT_MAPPED
2026-05-13,2026-05-13T15:28:42.825732+00:00,RUN-REAL-ESS-20260513-002,FIDELITY,SecurityExtract_ESS_2026May13.csv,MASI,STARMINE_COVERED,COVERED,BEARISH,2.0,True,TEXT_MAPPED
2026-05-13,2026-05-13T15:28:42.825732+00:00,RUN-REAL-ESS-20260513-002,FIDELITY,SecurityExtract_ESS_2026May13.csv,MTRN,STARMINE_COVERED,COVERED,NEUTRAL,3.0,True,TEXT_MAPPED
2026-05-13,2026-05-13T15:28:42.825732+00:00,RUN-REAL-ESS-20260513-002,FIDELITY,SecurityExtract_ESS_2026May13.csv,MAT,STARMINE_COVERED,COVERED,NEUTRAL,3.0,True,TEXT_MAPPED
2026-05-13,2026-05-13T15:28:42.825732+00:00,RUN-REAL-ESS-20260513-002,FIDELITY,SecurityExtract_ESS_2026May13.csv,MMS,STARMINE_COVERED,COVERED,BEARISH,2.0,True,TEXT_MAPPED
2026-05-13,2026-05-13T15:28:42.825732+00:00,RUN-REAL-ESS-20260513-002,FIDELITY,SecurityExtract_ESS_2026May13.csv,MEC,STARMINE_COVERED,COVERED,BEARISH,2.0,True,TEXT_MAPPED
2026-05-13,2026-05-13T15:28:42.825732+00:00,RUN-REAL-ESS-20260513-002,FIDELITY,SecurityExtract_ESS_2026May13.csv,MCD,STARMINE_COVERED,COVERED,NEUTRAL,3.0,True,TEXT_MAPPED
2026-05-13,2026-05-13T15:28:42.825732+00:00,RUN-REAL-ESS-20260513-002,FIDELITY,SecurityExtract_ESS_2026May13.csv,MED,STARMINE_COVERED,COVERED,BEARISH,2.0,True,TEXT_MAPPED
2026-05-13,2026-05-13T15:28:42.825732+00:00,RUN-REAL-ESS-20260513-002,FIDELITY,SecurityExtract_ESS_2026May13.csv,MDT,STARMINE_COVERED,COVERED,NEUTRAL,3.0,True,TEXT_MAPPED
2026-05-13,2026-05-13T15:28:42.825732+00:00,RUN-REAL-ESS-20260513-002,FIDELITY,SecurityExtract_ESS_2026May13.csv,MGTX,STARMINE_COVERED,COVERED,BEARISH,2.0,True,TEXT_MAPPED
2026-05-13,2026-05-13T15:28:42.825732+00:00,RUN-REAL-ESS-20260513-002,FIDELITY,SecurityExtract_ESS_2026May13.csv,MRCY,STARMINE_COVERED,COVERED,NEUTRAL,3.0,True,TEXT_MAPPED
2026-05-13,2026-05-13T15:28:42.825732+00:00,RUN-REAL-ESS-20260513-002,FIDELITY,SecurityExtract_ESS_2026May13.csv,MTH,STARMINE_COVERED,COVERED,NEUTRAL,3.0,True,TEXT_MAPPED
2026-05-13,2026-05-13T15:28:42.825732+00:00,RUN-REAL-ESS-20260513-002,FIDELITY,SecurityExtract_ESS_2026May13.csv,MET,STARMINE_COVERED,COVERED,BEARISH,2.0,True,TEXT_MAPPED
2026-05-13,2026-05-13T15:28:42.825732+00:00,RUN-REAL-ESS-20260513-002,FIDELITY,SecurityExtract_ESS_2026May13.csv,MBOT,STARMINE_COVERED,COVERED,NEUTRAL,3.0,True,TEXT_MAPPED
2026-05-13,2026-05-13T15:28:42.825732+00:00,RUN-REAL-ESS-20260513-002,FIDELITY,SecurityExtract_ESS_2026May13.csv,MAA,STARMINE_COVERED,COVERED,BEARISH,2.0,True,TEXT_MAPPED
2026-05-13,2026-05-13T15:28:42.825732+00:00,RUN-REAL-ESS-20260513-002,FIDELITY,SecurityExtract_ESS_2026May13.csv,MIRM,STARMINE_COVERED,COVERED,BEARISH,2.0,True,TEXT_MAPPED
2026-05-13,2026-05-13T15:28:42.825732+00:00,RUN-REAL-ESS-20260513-002,FIDELITY,SecurityExtract_ESS_2026May13.csv,MCW,STARMINE_COVERED,COVERED,BEARISH,2.0,True,TEXT_MAPPED
2026-05-13,2026-05-13T15:28:42.825732+00:00,RUN-REAL-ESS-20260513-002,FIDELITY,SecurityExtract_ESS_2026May13.csv,MFG,STARMINE_COVERED,COVERED,BEARISH,2.0,True,TEXT_MAPPED
2026-05-13,2026-05-13T15:28:42.825732+00:00,RUN-REAL-ESS-20260513-002,FIDELITY,SecurityExtract_ESS_2026May13.csv,MRNA,STARMINE_COVERED,COVERED,BEARISH,2.0,True,TEXT_MAPPED
2026-05-13,2026-05-13T15:28:42.825732+00:00,RUN-REAL-ESS-20260513-002,FIDELITY,SecurityExtract_ESS_2026May13.csv,TAP,STARMINE_COVERED,COVERED,NEUTRAL,3.0,True,TEXT_MAPPED
2026-05-13,2026-05-13T15:28:42.825732+00:00,RUN-REAL-ESS-20260513-002,FIDELITY,SecurityExtract_ESS_2026May13.csv,MDLZ,STARMINE_COVERED,COVERED,BEARISH,2.0,True,TEXT_MAPPED
2026-05-13,2026-05-13T15:28:42.825732+00:00,RUN-REAL-ESS-20260513-002,FIDELITY,SecurityExtract_ESS_2026May13.csv,MNRO,STARMINE_COVERED,COVERED,BEARISH,2.0,True,TEXT_MAPPED
2026-05-13,2026-05-13T15:28:42.825732+00:00,RUN-REAL-ESS-20260513-002,FIDELITY,SecurityExtract_ESS_2026May13.csv,MSI,STARMINE_COVERED,COVERED,BEARISH,2.0,True,TEXT_MAPPED
2026-05-13,2026-05-13T15:28:42.825732+00:00,RUN-REAL-ESS-20260513-002,FIDELITY,SecurityExtract_ESS_2026May13.csv,MP,STARMINE_COVERED,COVERED,BEARISH,2.0,True,TEXT_MAPPED
2026-05-13,2026-05-13T15:28:42.825732+00:00,RUN-REAL-ESS-20260513-002,FIDELITY,SecurityExtract_ESS_2026May13.csv,MYO,STARMINE_COVERED,COVERED,NEUTRAL,3.0,True,TEXT_MAPPED
2026-05-13,2026-05-13T15:28:42.825732+00:00,RUN-REAL-ESS-20260513-002,FIDELITY,SecurityExtract_ESS_2026May13.csv,NDAQ,STARMINE_COVERED,COVERED,NEUTRAL,3.0,True,TEXT_MAPPED
2026-05-13,2026-05-13T15:28:42.825732+00:00,RUN-REAL-ESS-20260513-002,FIDELITY,SecurityExtract_ESS_2026May13.csv,NTRA,STARMINE_COVERED,COVERED,BEARISH,2.0,True,TEXT_MAPPED
2026-05-13,2026-05-13T15:28:42.825732+00:00,RUN-REAL-ESS-20260513-002,FIDELITY,SecurityExtract_ESS_2026May13.csv,NCMI,STARMINE_COVERED,COVERED,BEARISH,2.0,True,TEXT_MAPPED
2026-05-13,2026-05-13T15:28:42.825732+00:00,RUN-REAL-ESS-20260513-002,FIDELITY,SecurityExtract_ESS_2026May13.csv,NESR,STARMINE_COVERED,COVERED,BEARISH,2.0,True,TEXT_MAPPED
2026-05-13,2026-05-13T15:28:42.825732+00:00,RUN-REAL-ESS-20260513-002,FIDELITY,SecurityExtract_ESS_2026May13.csv,NCNO,STARMINE_COVERED,COVERED,BEARISH,2.0,True,TEXT_MAPPED
2026-05-13,2026-05-13T15:28:42.825732+00:00,RUN-REAL-ESS-20260513-002,FIDELITY,SecurityExtract_ESS_2026May13.csv,NEOG,STARMINE_COVERED,COVERED,BEARISH,2.0,True,TEXT_MAPPED
2026-05-13,2026-05-13T15:28:42.825732+00:00,RUN-REAL-ESS-20260513-002,FIDELITY,SecurityExtract_ESS_2026May13.csv,NMRK,STARMINE_COVERED,COVERED,NEUTRAL,3.0,True,TEXT_MAPPED
2026-05-13,2026-05-13T15:28:42.825732+00:00,RUN-REAL-ESS-20260513-002,FIDELITY,SecurityExtract_ESS_2026May13.csv,NREF,STARMINE_COVERED,COVERED,NEUTRAL,3.0,True,TEXT_MAPPED
2026-05-13,2026-05-13T15:28:42.825732+00:00,RUN-REAL-ESS-20260513-002,FIDELITY,SecurityExtract_ESS_2026May13.csv,NEE,STARMINE_COVERED,COVERED,NEUTRAL,3.0,True,TEXT_MAPPED
2026-05-13,2026-05-13T15:28:42.825732+00:00,RUN-REAL-ESS-20260513-002,FIDELITY,SecurityExtract_ESS_2026May13.csv,NAGE,STARMINE_COVERED,COVERED,BEARISH,2.0,True,TEXT_MAPPED
2026-05-13,2026-05-13T15:28:42.825732+00:00,RUN-REAL-ESS-20260513-002,FIDELITY,SecurityExtract_ESS_2026May13.csv,NKE,STARMINE_COVERED,COVERED,BEARISH,2.0,True,TEXT_MAPPED
2026-05-13,2026-05-13T15:28:42.825732+00:00,RUN-REAL-ESS-20260513-002,FIDELITY,SecurityExtract_ESS_2026May13.csv,NAT,STARMINE_COVERED,COVERED,BEARISH,2.0,True,TEXT_MAPPED
2026-05-13,2026-05-13T15:28:42.825732+00:00,RUN-REAL-ESS-20260513-002,FIDELITY,SecurityExtract_ESS_2026May13.csv,NOG,STARMINE_COVERED,COVERED,BEARISH,2.0,True,TEXT_MAPPED
2026-05-13,2026-05-13T15:28:42.825732+00:00,RUN-REAL-ESS-20260513-002,FIDELITY,SecurityExtract_ESS_2026May13.csv,NWE,STARMINE_COVERED,COVERED,BEARISH,2.0,True,TEXT_MAPPED
2026-05-13,2026-05-13T15:28:42.825732+00:00,RUN-REAL-ESS-20260513-002,FIDELITY,SecurityExtract_ESS_2026May13.csv,NOV,STARMINE_COVERED,COVERED,BEARISH,2.0,True,TEXT_MAPPED
2026-05-13,2026-05-13T15:28:42.825732+00:00,RUN-REAL-ESS-20260513-002,FIDELITY,SecurityExtract_ESS_2026May13.csv,NRG,STARMINE_COVERED,COVERED,BEARISH,2.0,True,TEXT_MAPPED
2026-05-13,2026-05-13T15:28:42.825732+00:00,RUN-REAL-ESS-20260513-002,FIDELITY,SecurityExtract_ESS_2026May13.csv,NU,STARMINE_COVERED,COVERED,BEARISH,2.0,True,TEXT_MAPPED
2026-05-13,2026-05-13T15:28:42.825732+00:00,RUN-REAL-ESS-20260513-002,FIDELITY,SecurityExtract_ESS_2026May13.csv,NTR,STARMINE_COVERED,COVERED,BEARISH,2.0,True,TEXT_MAPPED
2026-05-13,2026-05-13T15:28:42.825732+00:00,RUN-REAL-ESS-20260513-002,FIDELITY,SecurityExtract_ESS_2026May13.csv,NVR,STARMINE_COVERED,COVERED,BEARISH,2.0,True,TEXT_MAPPED
2026-05-13,2026-05-13T15:28:42.825732+00:00,RUN-REAL-ESS-20260513-002,FIDELITY,SecurityExtract_ESS_2026May13.csv,OGE,STARMINE_COVERED,COVERED,BEARISH,2.0,True,TEXT_MAPPED
2026-05-13,2026-05-13T15:28:42.825732+00:00,RUN-REAL-ESS-20260513-002,FIDELITY,SecurityExtract_ESS_2026May13.csv,OLLI,STARMINE_COVERED,COVERED,BEARISH,2.0,True,TEXT_MAPPED
2026-05-13,2026-05-13T15:28:42.825732+00:00,RUN-REAL-ESS-20260513-002,FIDELITY,SecurityExtract_ESS_2026May13.csv,OSUR,STARMINE_COVERED,COVERED,BEARISH,2.0,True,TEXT_MAPPED
2026-05-13,2026-05-13T15:28:42.825732+00:00,RUN-REAL-ESS-20260513-002,FIDELITY,SecurityExtract_ESS_2026May13.csv,KIDS,STARMINE_COVERED,COVERED,BEARISH,2.0,True,TEXT_MAPPED
2026-05-13,2026-05-13T15:28:42.825732+00:00,RUN-REAL-ESS-20260513-002,FIDELITY,SecurityExtract_ESS_2026May13.csv,OSK,STARMINE_COVERED,COVERED,BEARISH,2.0,True,TEXT_MAPPED
2026-05-13,2026-05-13T15:28:42.825732+00:00,RUN-REAL-ESS-20260513-002,FIDELITY,SecurityExtract_ESS_2026May13.csv,PKG,STARMINE_COVERED,COVERED,BEARISH,2.0,True,TEXT_MAPPED
2026-05-13,2026-05-13T15:28:42.825732+00:00,RUN-REAL-ESS-20260513-002,FIDELITY,SecurityExtract_ESS_2026May13.csv,PLTR,STARMINE_COVERED,COVERED,BEARISH,2.0,True,TEXT_MAPPED
2026-05-13,2026-05-13T15:28:42.825732+00:00,RUN-REAL-ESS-20260513-002,FIDELITY,SecurityExtract_ESS_2026May13.csv,PSN,STARMINE_COVERED,COVERED,BEARISH,2.0,True,TEXT_MAPPED
2026-05-13,2026-05-13T15:28:42.825732+00:00,RUN-REAL-ESS-20260513-002,FIDELITY,SecurityExtract_ESS_2026May13.csv,PCTY,STARMINE_COVERED,COVERED,NEUTRAL,3.0,True,TEXT_MAPPED
2026-05-13,2026-05-13T15:28:42.825732+00:00,RUN-REAL-ESS-20260513-002,FIDELITY,SecurityExtract_ESS_2026May13.csv,PSFE,STARMINE_COVERED,COVERED,NEUTRAL,3.0,True,TEXT_MAPPED
2026-05-13,2026-05-13T15:28:42.825732+00:00,RUN-REAL-ESS-20260513-002,FIDELITY,SecurityExtract_ESS_2026May13.csv,PDFS,STARMINE_COVERED,COVERED,BEARISH,2.0,True,TEXT_MAPPED
2026-05-13,2026-05-13T15:28:42.825732+00:00,RUN-REAL-ESS-20260513-002,FIDELITY,SecurityExtract_ESS_2026May13.csv,PTON,STARMINE_COVERED,COVERED,NEUTRAL,3.0,True,TEXT_MAPPED
2026-05-13,2026-05-13T15:28:42.825732+00:00,RUN-REAL-ESS-20260513-002,FIDELITY,SecurityExtract_ESS_2026May13.csv,PENG,STARMINE_COVERED,COVERED,NEUTRAL,3.0,True,TEXT_MAPPED
2026-05-13,2026-05-13T15:28:42.825732+00:00,RUN-REAL-ESS-20260513-002,FIDELITY,SecurityExtract_ESS_2026May13.csv,PNR,STARMINE_COVERED,COVERED,BEARISH,2.0,True,TEXT_MAPPED
2026-05-13,2026-05-13T15:28:42.825732+00:00,RUN-REAL-ESS-20260513-002,FIDELITY,SecurityExtract_ESS_2026May13.csv,PRGO,STARMINE_COVERED,COVERED,NEUTRAL,3.0,True,TEXT_MAPPED
2026-05-13,2026-05-13T15:28:42.825732+00:00,RUN-REAL-ESS-20260513-002,FIDELITY,SecurityExtract_ESS_2026May13.csv,PM,STARMINE_COVERED,COVERED,BEARISH,2.0,True,TEXT_MAPPED
2026-05-13,2026-05-13T15:28:42.825732+00:00,RUN-REAL-ESS-20260513-002,FIDELITY,SecurityExtract_ESS_2026May13.csv,PECO,STARMINE_COVERED,COVERED,BEARISH,2.0,True,TEXT_MAPPED
2026-05-13,2026-05-13T15:28:42.825732+00:00,RUN-REAL-ESS-20260513-002,FIDELITY,SecurityExtract_ESS_2026May13.csv,PJT,STARMINE_COVERED,COVERED,BEARISH,2.0,True,TEXT_MAPPED
2026-05-13,2026-05-13T15:28:42.825732+00:00,RUN-REAL-ESS-20260513-002,FIDELITY,SecurityExtract_ESS_2026May13.csv,PLBC,STARMINE_COVERED,COVERED,BEARISH,2.0,True,TEXT_MAPPED
2026-05-13,2026-05-13T15:28:42.825732+00:00,RUN-REAL-ESS-20260513-002,FIDELITY,SecurityExtract_ESS_2026May13.csv,PPG,STARMINE_COVERED,COVERED,BEARISH,2.0,True,TEXT_MAPPED
2026-05-13,2026-05-13T15:28:42.825732+00:00,RUN-REAL-ESS-20260513-002,FIDELITY,SecurityExtract_ESS_2026May13.csv,PFG,STARMINE_COVERED,COVERED,BEARISH,2.0,True,TEXT_MAPPED
2026-05-13,2026-05-13T15:28:42.825732+00:00,RUN-REAL-ESS-20260513-002,FIDELITY,SecurityExtract_ESS_2026May13.csv,PG,STARMINE_COVERED,COVERED,NEUTRAL,3.0,True,TEXT_MAPPED
2026-05-13,2026-05-13T15:28:42.825732+00:00,RUN-REAL-ESS-20260513-002,FIDELITY,SecurityExtract_ESS_2026May13.csv,PLX,STARMINE_COVERED,COVERED,BEARISH,2.0,True,TEXT_MAPPED
2026-05-13,2026-05-13T15:28:42.825732+00:00,RUN-REAL-ESS-20260513-002,FIDELITY,SecurityExtract_ESS_2026May13.csv,PRU,STARMINE_COVERED,COVERED,BEARISH,2.0,True,TEXT_MAPPED
2026-05-13,2026-05-13T15:28:42.825732+00:00,RUN-REAL-ESS-20260513-002,FIDELITY,SecurityExtract_ESS_2026May13.csv,PTC,STARMINE_COVERED,COVERED,BEARISH,2.0,True,TEXT_MAPPED
2026-05-13,2026-05-13T15:28:42.825732+00:00,RUN-REAL-ESS-20260513-002,FIDELITY,SecurityExtract_ESS_2026May13.csv,PHM,STARMINE_COVERED,COVERED,NEUTRAL,3.0,True,TEXT_MAPPED
2026-05-13,2026-05-13T15:28:42.825732+00:00,RUN-REAL-ESS-20260513-002,FIDELITY,SecurityExtract_ESS_2026May13.csv,RAL,STARMINE_COVERED,COVERED,BEARISH,2.0,True,TEXT_MAPPED
2026-05-13,2026-05-13T15:28:42.825732+00:00,RUN-REAL-ESS-20260513-002,FIDELITY,SecurityExtract_ESS_2026May13.csv,PACK,STARMINE_COVERED,COVERED,NEUTRAL,3.0,True,TEXT_MAPPED
2026-05-13,2026-05-13T15:28:42.825732+00:00,RUN-REAL-ESS-20260513-002,FIDELITY,SecurityExtract_ESS_2026May13.csv,RPD,STARMINE_COVERED,COVERED,BEARISH,2.0,True,TEXT_MAPPED
2026-05-13,2026-05-13T15:28:42.825732+00:00,RUN-REAL-ESS-20260513-002,FIDELITY,SecurityExtract_ESS_2026May13.csv,RYAM,STARMINE_COVERED,COVERED,NEUTRAL,3.0,True,TEXT_MAPPED
2026-05-13,2026-05-13T15:28:42.825732+00:00,RUN-REAL-ESS-20260513-002,FIDELITY,SecurityExtract_ESS_2026May13.csv,RYN,STARMINE_COVERED,COVERED,BEARISH,2.0,True,TEXT_MAPPED
2026-05-13,2026-05-13T15:28:42.825732+00:00,RUN-REAL-ESS-20260513-002,FIDELITY,SecurityExtract_ESS_2026May13.csv,RC,STARMINE_COVERED,COVERED,BEARISH,2.0,True,TEXT_MAPPED
2026-05-13,2026-05-13T15:28:42.825732+00:00,RUN-REAL-ESS-20260513-002,FIDELITY,SecurityExtract_ESS_2026May13.csv,REAL,STARMINE_COVERED,COVERED,NEUTRAL,3.0,True,TEXT_MAPPED
2026-05-13,2026-05-13T15:28:42.825732+00:00,RUN-REAL-ESS-20260513-002,FIDELITY,SecurityExtract_ESS_2026May13.csv,RNST,STARMINE_COVERED,COVERED,BEARISH,2.0,True,TEXT_MAPPED
2026-05-13,2026-05-13T15:28:42.825732+00:00,RUN-REAL-ESS-20260513-002,FIDELITY,SecurityExtract_ESS_2026May13.csv,RPAY,STARMINE_COVERED,COVERED,BEARISH,2.0,True,TEXT_MAPPED
2026-05-13,2026-05-13T15:28:42.825732+00:00,RUN-REAL-ESS-20260513-002,FIDELITY,SecurityExtract_ESS_2026May13.csv,RGP,STARMINE_COVERED,COVERED,BEARISH,2.0,True,TEXT_MAPPED
2026-05-13,2026-05-13T15:28:42.825732+00:00,RUN-REAL-ESS-20260513-002,FIDELITY,SecurityExtract_ESS_2026May13.csv,REYN,STARMINE_COVERED,COVERED,NEUTRAL,3.0,True,TEXT_MAPPED
2026-05-13,2026-05-13T15:28:42.825732+00:00,RUN-REAL-ESS-20260513-002,FIDELITY,SecurityExtract_ESS_2026May13.csv,RBBN,STARMINE_COVERED,COVERED,BEARISH,2.0,True,TEXT_MAPPED
2026-05-13,2026-05-13T15:28:42.825732+00:00,RUN-REAL-ESS-20260513-002,FIDELITY,SecurityExtract_ESS_2026May13.csv,RIOT,STARMINE_COVERED,COVERED,NEUTRAL,3.0,True,TEXT_MAPPED
2026-05-13,2026-05-13T15:28:42.825732+00:00,RUN-REAL-ESS-20260513-002,FIDELITY,SecurityExtract_ESS_2026May13.csv,RIVN,STARMINE_COVERED,COVERED,BEARISH,2.0,True,TEXT_MAPPED
2026-05-13,2026-05-13T15:28:42.825732+00:00,RUN-REAL-ESS-20260513-002,FIDELITY,SecurityExtract_ESS_2026May13.csv,RLI,STARMINE_COVERED,COVERED,BEARISH,2.0,True,TEXT_MAPPED
2026-05-13,2026-05-13T15:28:42.825732+00:00,RUN-REAL-ESS-20260513-002,FIDELITY,SecurityExtract_ESS_2026May13.csv,RCI,STARMINE_COVERED,COVERED,BEARISH,2.0,True,TEXT_MAPPED
2026-05-13,2026-05-13T15:28:42.825732+00:00,RUN-REAL-ESS-20260513-002,FIDELITY,SecurityExtract_ESS_2026May13.csv,ROKU,STARMINE_COVERED,COVERED,BEARISH,2.0,True,TEXT_MAPPED
2026-05-13,2026-05-13T15:28:42.825732+00:00,RUN-REAL-ESS-20260513-002,FIDELITY,SecurityExtract_ESS_2026May13.csv,ROL,STARMINE_COVERED,COVERED,BEARISH,2.0,True,TEXT_MAPPED
2026-05-13,2026-05-13T15:28:42.825732+00:00,RUN-REAL-ESS-20260513-002,FIDELITY,SecurityExtract_ESS_2026May13.csv,RCL,STARMINE_COVERED,COVERED,BEARISH,2.0,True,TEXT_MAPPED
2026-05-13,2026-05-13T15:28:42.825732+00:00,RUN-REAL-ESS-20260513-002,FIDELITY,SecurityExtract_ESS_2026May13.csv,RPM,STARMINE_COVERED,COVERED,BEARISH,2.0,True,TEXT_MAPPED
2026-05-13,2026-05-13T15:28:42.825732+00:00,RUN-REAL-ESS-20260513-002,FIDELITY,SecurityExtract_ESS_2026May13.csv,RTX,STARMINE_COVERED,COVERED,BEARISH,2.0,True,TEXT_MAPPED
2026-05-13,2026-05-13T15:28:42.825732+00:00,RUN-REAL-ESS-20260513-002,FIDELITY,SecurityExtract_ESS_2026May13.csv,RYAN,STARMINE_COVERED,COVERED,NEUTRAL,3.0,True,TEXT_MAPPED
2026-05-13,2026-05-13T15:28:42.825732+00:00,RUN-REAL-ESS-20260513-002,FIDELITY,SecurityExtract_ESS_2026May13.csv,RYAAY,STARMINE_COVERED,COVERED,BEARISH,2.0,True,TEXT_MAPPED
2026-05-13,2026-05-13T15:28:42.825732+00:00,RUN-REAL-ESS-20260513-002,FIDELITY,SecurityExtract_ESS_2026May13.csv,SBRA,STARMINE_COVERED,COVERED,BEARISH,2.0,True,TEXT_MAPPED
2026-05-13,2026-05-13T15:28:42.825732+00:00,RUN-REAL-ESS-20260513-002,FIDELITY,SecurityExtract_ESS_2026May13.csv,SMTI,STARMINE_COVERED,COVERED,BEARISH,2.0,True,TEXT_MAPPED
2026-05-13,2026-05-13T15:28:42.825732+00:00,RUN-REAL-ESS-20260513-002,FIDELITY,SecurityExtract_ESS_2026May13.csv,SVRA,STARMINE_COVERED,COVERED,NEUTRAL,3.0,True,TEXT_MAPPED
2026-05-13,2026-05-13T15:28:42.825732+00:00,RUN-REAL-ESS-20260513-002,FIDELITY,SecurityExtract_ESS_2026May13.csv,SCHW,STARMINE_COVERED,COVERED,BEARISH,2.0,True,TEXT_MAPPED
2026-05-13,2026-05-13T15:28:42.825732+00:00,RUN-REAL-ESS-20260513-002,FIDELITY,SecurityExtract_ESS_2026May13.csv,SEB,STARMINE_COVERED,COVERED,BEARISH,2.0,True,TEXT_MAPPED
2026-05-13,2026-05-13T15:28:42.825732+00:00,RUN-REAL-ESS-20260513-002,FIDELITY,SecurityExtract_ESS_2026May13.csv,SBCF,STARMINE_COVERED,COVERED,BEARISH,2.0,True,TEXT_MAPPED
2026-05-13,2026-05-13T15:28:42.825732+00:00,RUN-REAL-ESS-20260513-002,FIDELITY,SecurityExtract_ESS_2026May13.csv,SIGI,STARMINE_COVERED,COVERED,NEUTRAL,3.0,True,TEXT_MAPPED
2026-05-13,2026-05-13T15:28:42.825732+00:00,RUN-REAL-ESS-20260513-002,FIDELITY,SecurityExtract_ESS_2026May13.csv,SFBS,STARMINE_COVERED,COVERED,NEUTRAL,3.0,True,TEXT_MAPPED
2026-05-13,2026-05-13T15:28:42.825732+00:00,RUN-REAL-ESS-20260513-002,FIDELITY,SecurityExtract_ESS_2026May13.csv,SEZL,STARMINE_COVERED,COVERED,BEARISH,2.0,True,TEXT_MAPPED
2026-05-13,2026-05-13T15:28:42.825732+00:00,RUN-REAL-ESS-20260513-002,FIDELITY,SecurityExtract_ESS_2026May13.csv,SHAK,STARMINE_COVERED,COVERED,BEARISH,2.0,True,TEXT_MAPPED
2026-05-13,2026-05-13T15:28:42.825732+00:00,RUN-REAL-ESS-20260513-002,FIDELITY,SecurityExtract_ESS_2026May13.csv,SHW,STARMINE_COVERED,COVERED,BEARISH,2.0,True,TEXT_MAPPED
2026-05-13,2026-05-13T15:28:42.825732+00:00,RUN-REAL-ESS-20260513-002,FIDELITY,SecurityExtract_ESS_2026May13.csv,SIBN,STARMINE_COVERED,COVERED,BEARISH,2.0,True,TEXT_MAPPED
2026-05-13,2026-05-13T15:28:42.825732+00:00,RUN-REAL-ESS-20260513-002,FIDELITY,SecurityExtract_ESS_2026May13.csv,SMPL,STARMINE_COVERED,COVERED,BEARISH,2.0,True,TEXT_MAPPED
2026-05-13,2026-05-13T15:28:42.825732+00:00,RUN-REAL-ESS-20260513-002,FIDELITY,SecurityExtract_ESS_2026May13.csv,SITM,STARMINE_COVERED,COVERED,BEARISH,2.0,True,TEXT_MAPPED
2026-05-13,2026-05-13T15:28:42.825732+00:00,RUN-REAL-ESS-20260513-002,FIDELITY,SecurityExtract_ESS_2026May13.csv,FUN,STARMINE_COVERED,COVERED,BEARISH,2.0,True,TEXT_MAPPED
2026-05-13,2026-05-13T15:28:42.825732+00:00,RUN-REAL-ESS-20260513-002,FIDELITY,SecurityExtract_ESS_2026May13.csv,SWBI,STARMINE_COVERED,COVERED,NEUTRAL,3.0,True,TEXT_MAPPED
2026-05-13,2026-05-13T15:28:42.825732+00:00,RUN-REAL-ESS-20260513-002,FIDELITY,SecurityExtract_ESS_2026May13.csv,SEI,STARMINE_COVERED,COVERED,BEARISH,2.0,True,TEXT_MAPPED
2026-05-13,2026-05-13T15:28:42.825732+00:00,RUN-REAL-ESS-20260513-002,FIDELITY,SecurityExtract_ESS_2026May13.csv,SLNO,STARMINE_COVERED,COVERED,BEARISH,2.0,True,TEXT_MAPPED
2026-05-13,2026-05-13T15:28:42.825732+00:00,RUN-REAL-ESS-20260513-002,FIDELITY,SecurityExtract_ESS_2026May13.csv,SO,STARMINE_COVERED,COVERED,BEARISH,2.0,True,TEXT_MAPPED
2026-05-13,2026-05-13T15:28:42.825732+00:00,RUN-REAL-ESS-20260513-002,FIDELITY,SecurityExtract_ESS_2026May13.csv,SWX,STARMINE_COVERED,COVERED,NEUTRAL,3.0,True,TEXT_MAPPED
2026-05-13,2026-05-13T15:28:42.825732+00:00,RUN-REAL-ESS-20260513-002,FIDELITY,SecurityExtract_ESS_2026May13.csv,SPB,STARMINE_COVERED,COVERED,NEUTRAL,3.0,True,TEXT_MAPPED
2026-05-13,2026-05-13T15:28:42.825732+00:00,RUN-REAL-ESS-20260513-002,FIDELITY,SecurityExtract_ESS_2026May13.csv,SPHR,STARMINE_COVERED,COVERED,BEARISH,2.0,True,TEXT_MAPPED
2026-05-13,2026-05-13T15:28:42.825732+00:00,RUN-REAL-ESS-20260513-002,FIDELITY,SecurityExtract_ESS_2026May13.csv,CXM,STARMINE_COVERED,COVERED,BEARISH,2.0,True,TEXT_MAPPED
2026-05-13,2026-05-13T15:28:42.825732+00:00,RUN-REAL-ESS-20260513-002,FIDELITY,SecurityExtract_ESS_2026May13.csv,SSNC,STARMINE_COVERED,COVERED,BEARISH,2.0,True,TEXT_MAPPED
2026-05-13,2026-05-13T15:28:42.825732+00:00,RUN-REAL-ESS-20260513-002,FIDELITY,SecurityExtract_ESS_2026May13.csv,SBUX,STARMINE_COVERED,COVERED,BEARISH,2.0,True,TEXT_MAPPED
2026-05-13,2026-05-13T15:28:42.825732+00:00,RUN-REAL-ESS-20260513-002,FIDELITY,SecurityExtract_ESS_2026May13.csv,STXS,STARMINE_COVERED,COVERED,BEARISH,2.0,True,TEXT_MAPPED
2026-05-13,2026-05-13T15:28:42.825732+00:00,RUN-REAL-ESS-20260513-002,FIDELITY,SecurityExtract_ESS_2026May13.csv,SHOO,STARMINE_COVERED,COVERED,BEARISH,2.0,True,TEXT_MAPPED
2026-05-13,2026-05-13T15:28:42.825732+00:00,RUN-REAL-ESS-20260513-002,FIDELITY,SecurityExtract_ESS_2026May13.csv,SYBT,STARMINE_COVERED,COVERED,BEARISH,2.0,True,TEXT_MAPPED
2026-05-13,2026-05-13T15:28:42.825732+00:00,RUN-REAL-ESS-20260513-002,FIDELITY,SecurityExtract_ESS_2026May13.csv,RGR,STARMINE_COVERED,COVERED,BEARISH,2.0,True,TEXT_MAPPED
2026-05-13,2026-05-13T15:28:42.825732+00:00,RUN-REAL-ESS-20260513-002,FIDELITY,SecurityExtract_ESS_2026May13.csv,INN,STARMINE_COVERED,COVERED,BEARISH,2.0,True,TEXT_MAPPED
2026-05-13,2026-05-13T15:28:42.825732+00:00,RUN-REAL-ESS-20260513-002,FIDELITY,SecurityExtract_ESS_2026May13.csv,SUNS,STARMINE_COVERED,COVERED,NEUTRAL,3.0,True,TEXT_MAPPED
2026-05-13,2026-05-13T15:28:42.825732+00:00,RUN-REAL-ESS-20260513-002,FIDELITY,SecurityExtract_ESS_2026May13.csv,RUN,STARMINE_COVERED,COVERED,BEARISH,2.0,True,TEXT_MAPPED
2026-05-13,2026-05-13T15:28:42.825732+00:00,RUN-REAL-ESS-20260513-002,FIDELITY,SecurityExtract_ESS_2026May13.csv,SGRY,STARMINE_COVERED,COVERED,BEARISH,2.0,True,TEXT_MAPPED
2026-05-13,2026-05-13T15:28:42.825732+00:00,RUN-REAL-ESS-20260513-002,FIDELITY,SecurityExtract_ESS_2026May13.csv,SG,STARMINE_COVERED,COVERED,NEUTRAL,3.0,True,TEXT_MAPPED
2026-05-13,2026-05-13T15:28:42.825732+00:00,RUN-REAL-ESS-20260513-002,FIDELITY,SecurityExtract_ESS_2026May13.csv,SLVM,STARMINE_COVERED,COVERED,BEARISH,2.0,True,TEXT_MAPPED
2026-05-13,2026-05-13T15:28:42.825732+00:00,RUN-REAL-ESS-20260513-002,FIDELITY,SecurityExtract_ESS_2026May13.csv,TALO,STARMINE_COVERED,COVERED,NEUTRAL,3.0,True,TEXT_MAPPED
2026-05-13,2026-05-13T15:28:42.825732+00:00,RUN-REAL-ESS-20260513-002,FIDELITY,SecurityExtract_ESS_2026May13.csv,TNDM,STARMINE_COVERED,COVERED,BEARISH,2.0,True,TEXT_MAPPED
2026-05-13,2026-05-13T15:28:42.825732+00:00,RUN-REAL-ESS-20260513-002,FIDELITY,SecurityExtract_ESS_2026May13.csv,TH,STARMINE_COVERED,COVERED,NEUTRAL,3.0,True,TEXT_MAPPED
2026-05-13,2026-05-13T15:28:42.825732+00:00,RUN-REAL-ESS-20260513-002,FIDELITY,SecurityExtract_ESS_2026May13.csv,TGLS,STARMINE_COVERED,COVERED,BEARISH,2.0,True,TEXT_MAPPED
2026-05-13,2026-05-13T15:28:42.825732+00:00,RUN-REAL-ESS-20260513-002,FIDELITY,SecurityExtract_ESS_2026May13.csv,TFX,STARMINE_COVERED,COVERED,BEARISH,2.0,True,TEXT_MAPPED
2026-05-13,2026-05-13T15:28:42.825732+00:00,RUN-REAL-ESS-20260513-002,FIDELITY,SecurityExtract_ESS_2026May13.csv,TNC,STARMINE_COVERED,COVERED,BEARISH,2.0,True,TEXT_MAPPED
2026-05-13,2026-05-13T15:28:42.825732+00:00,RUN-REAL-ESS-20260513-002,FIDELITY,SecurityExtract_ESS_2026May13.csv,TSLA,STARMINE_COVERED,COVERED,BEARISH,2.0,True,TEXT_MAPPED
2026-05-13,2026-05-13T15:28:42.825732+00:00,RUN-REAL-ESS-20260513-002,FIDELITY,SecurityExtract_ESS_2026May13.csv,TTEK,STARMINE_COVERED,COVERED,BEARISH,2.0,True,TEXT_MAPPED
2026-05-13,2026-05-13T15:28:42.825732+00:00,RUN-REAL-ESS-20260513-002,FIDELITY,SecurityExtract_ESS_2026May13.csv,TXRH,STARMINE_COVERED,COVERED,NEUTRAL,3.0,True,TEXT_MAPPED
2026-05-13,2026-05-13T15:28:42.825732+00:00,RUN-REAL-ESS-20260513-002,FIDELITY,SecurityExtract_ESS_2026May13.csv,TFSL,STARMINE_COVERED,COVERED,BEARISH,2.0,True,TEXT_MAPPED
2026-05-13,2026-05-13T15:28:42.825732+00:00,RUN-REAL-ESS-20260513-002,FIDELITY,SecurityExtract_ESS_2026May13.csv,TGTX,STARMINE_COVERED,COVERED,BEARISH,2.0,True,TEXT_MAPPED
2026-05-13,2026-05-13T15:28:42.825732+00:00,RUN-REAL-ESS-20260513-002,FIDELITY,SecurityExtract_ESS_2026May13.csv,SJM,STARMINE_COVERED,COVERED,BEARISH,2.0,True,TEXT_MAPPED
2026-05-13,2026-05-13T15:28:42.825732+00:00,RUN-REAL-ESS-20260513-002,FIDELITY,SecurityExtract_ESS_2026May13.csv,TMO,STARMINE_COVERED,COVERED,BEARISH,2.0,True,TEXT_MAPPED
2026-05-13,2026-05-13T15:28:42.825732+00:00,RUN-REAL-ESS-20260513-002,FIDELITY,SecurityExtract_ESS_2026May13.csv,THO,STARMINE_COVERED,COVERED,BEARISH,2.0,True,TEXT_MAPPED
2026-05-13,2026-05-13T15:28:42.825732+00:00,RUN-REAL-ESS-20260513-002,FIDELITY,SecurityExtract_ESS_2026May13.csv,TLRY,STARMINE_COVERED,COVERED,BEARISH,2.0,True,TEXT_MAPPED
2026-05-13,2026-05-13T15:28:42.825732+00:00,RUN-REAL-ESS-20260513-002,FIDELITY,SecurityExtract_ESS_2026May13.csv,TOL,STARMINE_COVERED,COVERED,NEUTRAL,3.0,True,TEXT_MAPPED
2026-05-13,2026-05-13T15:28:42.825732+00:00,RUN-REAL-ESS-20260513-002,FIDELITY,SecurityExtract_ESS_2026May13.csv,BLD,STARMINE_COVERED,COVERED,BEARISH,2.0,True,TEXT_MAPPED
2026-05-13,2026-05-13T15:28:42.825732+00:00,RUN-REAL-ESS-20260513-002,FIDELITY,SecurityExtract_ESS_2026May13.csv,TTC,STARMINE_COVERED,COVERED,BEARISH,2.0,True,TEXT_MAPPED
2026-05-13,2026-05-13T15:28:42.825732+00:00,RUN-REAL-ESS-20260513-002,FIDELITY,SecurityExtract_ESS_2026May13.csv,TRTX,STARMINE_COVERED,COVERED,BEARISH,2.0,True,TEXT_MAPPED
2026-05-13,2026-05-13T15:28:42.825732+00:00,RUN-REAL-ESS-20260513-002,FIDELITY,SecurityExtract_ESS_2026May13.csv,TSCO,STARMINE_COVERED,COVERED,BEARISH,2.0,True,TEXT_MAPPED
2026-05-13,2026-05-13T15:28:42.825732+00:00,RUN-REAL-ESS-20260513-002,FIDELITY,SecurityExtract_ESS_2026May13.csv,TDG,STARMINE_COVERED,COVERED,BEARISH,2.0,True,TEXT_MAPPED
2026-05-13,2026-05-13T15:28:42.825732+00:00,RUN-REAL-ESS-20260513-002,FIDELITY,SecurityExtract_ESS_2026May13.csv,TMDX,STARMINE_COVERED,COVERED,NEUTRAL,3.0,True,TEXT_MAPPED
2026-05-13,2026-05-13T15:28:42.825732+00:00,RUN-REAL-ESS-20260513-002,FIDELITY,SecurityExtract_ESS_2026May13.csv,TVTX,STARMINE_COVERED,COVERED,BEARISH,2.0,True,TEXT_MAPPED
2026-05-13,2026-05-13T15:28:42.825732+00:00,RUN-REAL-ESS-20260513-002,FIDELITY,SecurityExtract_ESS_2026May13.csv,TPH,STARMINE_COVERED,COVERED,BEARISH,2.0,True,TEXT_MAPPED
2026-05-13,2026-05-13T15:28:42.825732+00:00,RUN-REAL-ESS-20260513-002,FIDELITY,SecurityExtract_ESS_2026May13.csv,TRMB,STARMINE_COVERED,COVERED,BEARISH,2.0,True,TEXT_MAPPED
2026-05-13,2026-05-13T15:28:42.825732+00:00,RUN-REAL-ESS-20260513-002,FIDELITY,SecurityExtract_ESS_2026May13.csv,TTEC,STARMINE_COVERED,COVERED,BEARISH,2.0,True,TEXT_MAPPED
2026-05-13,2026-05-13T15:28:42.825732+00:00,RUN-REAL-ESS-20260513-002,FIDELITY,SecurityExtract_ESS_2026May13.csv,TTMI,STARMINE_COVERED,COVERED,NEUTRAL,3.0,True,TEXT_MAPPED
2026-05-13,2026-05-13T15:28:42.825732+00:00,RUN-REAL-ESS-20260513-002,FIDELITY,SecurityExtract_ESS_2026May13.csv,TWO,STARMINE_COVERED,COVERED,BEARISH,2.0,True,TEXT_MAPPED
2026-05-13,2026-05-13T15:28:42.825732+00:00,RUN-REAL-ESS-20260513-002,FIDELITY,SecurityExtract_ESS_2026May13.csv,UBER,STARMINE_COVERED,COVERED,NEUTRAL,3.0,True,TEXT_MAPPED
2026-05-13,2026-05-13T15:28:42.825732+00:00,RUN-REAL-ESS-20260513-002,FIDELITY,SecurityExtract_ESS_2026May13.csv,ULTA,STARMINE_COVERED,COVERED,BEARISH,2.0,True,TEXT_MAPPED
2026-05-13,2026-05-13T15:28:42.825732+00:00,RUN-REAL-ESS-20260513-002,FIDELITY,SecurityExtract_ESS_2026May13.csv,QURE,STARMINE_COVERED,COVERED,BEARISH,2.0,True,TEXT_MAPPED
2026-05-13,2026-05-13T15:28:42.825732+00:00,RUN-REAL-ESS-20260513-002,FIDELITY,SecurityExtract_ESS_2026May13.csv,UAL,STARMINE_COVERED,COVERED,BEARISH,2.0,True,TEXT_MAPPED
2026-05-13,2026-05-13T15:28:42.825732+00:00,RUN-REAL-ESS-20260513-002,FIDELITY,SecurityExtract_ESS_2026May13.csv,UNFI,STARMINE_COVERED,COVERED,BEARISH,2.0,True,TEXT_MAPPED
2026-05-13,2026-05-13T15:28:42.825732+00:00,RUN-REAL-ESS-20260513-002,FIDELITY,SecurityExtract_ESS_2026May13.csv,UNH,STARMINE_COVERED,COVERED,BEARISH,2.0,True,TEXT_MAPPED
2026-05-13,2026-05-13T15:28:42.825732+00:00,RUN-REAL-ESS-20260513-002,FIDELITY,SecurityExtract_ESS_2026May13.csv,U,STARMINE_COVERED,COVERED,BEARISH,2.0,True,TEXT_MAPPED
2026-05-13,2026-05-13T15:28:42.825732+00:00,RUN-REAL-ESS-20260513-002,FIDELITY,SecurityExtract_ESS_2026May13.csv,UNM,STARMINE_COVERED,COVERED,BEARISH,2.0,True,TEXT_MAPPED
2026-05-13,2026-05-13T15:28:42.825732+00:00,RUN-REAL-ESS-20260513-002,FIDELITY,SecurityExtract_ESS_2026May13.csv,UEC,STARMINE_COVERED,COVERED,BEARISH,2.0,True,TEXT_MAPPED
2026-05-13,2026-05-13T15:28:42.825732+00:00,RUN-REAL-ESS-20260513-002,FIDELITY,SecurityExtract_ESS_2026May13.csv,VCYT,STARMINE_COVERED,COVERED,NEUTRAL,3.0,True,TEXT_MAPPED
2026-05-13,2026-05-13T15:28:42.825732+00:00,RUN-REAL-ESS-20260513-002,FIDELITY,SecurityExtract_ESS_2026May13.csv,VLTO,STARMINE_COVERED,COVERED,NEUTRAL,3.0,True,TEXT_MAPPED
2026-05-13,2026-05-13T15:28:42.825732+00:00,RUN-REAL-ESS-20260513-002,FIDELITY,SecurityExtract_ESS_2026May13.csv,VSTM,STARMINE_COVERED,COVERED,NEUTRAL,3.0,True,TEXT_MAPPED
2026-05-13,2026-05-13T15:28:42.825732+00:00,RUN-REAL-ESS-20260513-002,FIDELITY,SecurityExtract_ESS_2026May13.csv,VRSK,STARMINE_COVERED,COVERED,BEARISH,2.0,True,TEXT_MAPPED
2026-05-13,2026-05-13T15:28:42.825732+00:00,RUN-REAL-ESS-20260513-002,FIDELITY,SecurityExtract_ESS_2026May13.csv,VRTX,STARMINE_COVERED,COVERED,NEUTRAL,3.0,True,TEXT_MAPPED
2026-05-13,2026-05-13T15:28:42.825732+00:00,RUN-REAL-ESS-20260513-002,FIDELITY,SecurityExtract_ESS_2026May13.csv,SPCE,STARMINE_COVERED,COVERED,BEARISH,2.0,True,TEXT_MAPPED
2026-05-13,2026-05-13T15:28:42.825732+00:00,RUN-REAL-ESS-20260513-002,FIDELITY,SecurityExtract_ESS_2026May13.csv,V,STARMINE_COVERED,COVERED,BEARISH,2.0,True,TEXT_MAPPED
2026-05-13,2026-05-13T15:28:42.825732+00:00,RUN-REAL-ESS-20260513-002,FIDELITY,SecurityExtract_ESS_2026May13.csv,VPG,STARMINE_COVERED,COVERED,NEUTRAL,3.0,True,TEXT_MAPPED
2026-05-13,2026-05-13T15:28:42.825732+00:00,RUN-REAL-ESS-20260513-002,FIDELITY,SecurityExtract_ESS_2026May13.csv,VISN,STARMINE_COVERED,COVERED,BEARISH,2.0,True,TEXT_MAPPED
2026-05-13,2026-05-13T15:28:42.825732+00:00,RUN-REAL-ESS-20260513-002,FIDELITY,SecurityExtract_ESS_2026May13.csv,VST,STARMINE_COVERED,COVERED,BEARISH,2.0,True,TEXT_MAPPED
2026-05-13,2026-05-13T15:28:42.825732+00:00,RUN-REAL-ESS-20260513-002,FIDELITY,SecurityExtract_ESS_2026May13.csv,VITL,STARMINE_COVERED,COVERED,BEARISH,2.0,True,TEXT_MAPPED
2026-05-13,2026-05-13T15:28:42.825732+00:00,RUN-REAL-ESS-20260513-002,FIDELITY,SecurityExtract_ESS_2026May13.csv,WNC,STARMINE_COVERED,COVERED,BEARISH,2.0,True,TEXT_MAPPED
2026-05-13,2026-05-13T15:28:42.825732+00:00,RUN-REAL-ESS-20260513-002,FIDELITY,SecurityExtract_ESS_2026May13.csv,WBD,STARMINE_COVERED,COVERED,BEARISH,2.0,True,TEXT_MAPPED
2026-05-13,2026-05-13T15:28:42.825732+00:00,RUN-REAL-ESS-20260513-002,FIDELITY,SecurityExtract_ESS_2026May13.csv,WAT,STARMINE_COVERED,COVERED,BEARISH,2.0,True,TEXT_MAPPED
2026-05-13,2026-05-13T15:28:42.825732+00:00,RUN-REAL-ESS-20260513-002,FIDELITY,SecurityExtract_ESS_2026May13.csv,WTS,STARMINE_COVERED,COVERED,NEUTRAL,3.0,True,TEXT_MAPPED
2026-05-13,2026-05-13T15:28:42.825732+00:00,RUN-REAL-ESS-20260513-002,FIDELITY,SecurityExtract_ESS_2026May13.csv,WVE,STARMINE_COVERED,COVERED,BEARISH,2.0,True,TEXT_MAPPED
2026-05-13,2026-05-13T15:28:42.825732+00:00,RUN-REAL-ESS-20260513-002,FIDELITY,SecurityExtract_ESS_2026May13.csv,W,STARMINE_COVERED,COVERED,BEARISH,2.0,True,TEXT_MAPPED
2026-05-13,2026-05-13T15:28:42.825732+00:00,RUN-REAL-ESS-20260513-002,FIDELITY,SecurityExtract_ESS_2026May13.csv,WFC,STARMINE_COVERED,COVERED,BEARISH,2.0,True,TEXT_MAPPED
2026-05-13,2026-05-13T15:28:42.825732+00:00,RUN-REAL-ESS-20260513-002,FIDELITY,SecurityExtract_ESS_2026May13.csv,WEN,STARMINE_COVERED,COVERED,BEARISH,2.0,True,TEXT_MAPPED
2026-05-13,2026-05-13T15:28:42.825732+00:00,RUN-REAL-ESS-20260513-002,FIDELITY,SecurityExtract_ESS_2026May13.csv,WAL,STARMINE_COVERED,COVERED,NEUTRAL,3.0,True,TEXT_MAPPED
2026-05-13,2026-05-13T15:28:42.825732+00:00,RUN-REAL-ESS-20260513-002,FIDELITY,SecurityExtract_ESS_2026May13.csv,WSM,STARMINE_COVERED,COVERED,NEUTRAL,3.0,True,TEXT_MAPPED
2026-05-13,2026-05-13T15:28:42.825732+00:00,RUN-REAL-ESS-20260513-002,FIDELITY,SecurityExtract_ESS_2026May13.csv,WTFC,STARMINE_COVERED,COVERED,BEARISH,2.0,True,TEXT_MAPPED
2026-05-13,2026-05-13T15:28:42.825732+00:00,RUN-REAL-ESS-20260513-002,FIDELITY,SecurityExtract_ESS_2026May13.csv,WYNN,STARMINE_COVERED,COVERED,BEARISH,2.0,True,TEXT_MAPPED
2026-05-13,2026-05-13T15:28:42.825732+00:00,RUN-REAL-ESS-20260513-002,FIDELITY,SecurityExtract_ESS_2026May13.csv,XOMA,STARMINE_COVERED,COVERED,BEARISH,2.0,True,TEXT_MAPPED
2026-05-13,2026-05-13T15:28:42.825732+00:00,RUN-REAL-ESS-20260513-002,FIDELITY,SecurityExtract_ESS_2026May13.csv,YETI,STARMINE_COVERED,COVERED,NEUTRAL,3.0,True,TEXT_MAPPED
2026-05-13,2026-05-13T15:28:42.825732+00:00,RUN-REAL-ESS-20260513-002,FIDELITY,SecurityExtract_ESS_2026May13.csv,ZVRA,STARMINE_COVERED,COVERED,BEARISH,2.0,True,TEXT_MAPPED
2026-05-13,2026-05-13T15:28:42.825732+00:00,RUN-REAL-ESS-20260513-002,FIDELITY,SecurityExtract_ESS_2026May13.csv,ZYME,STARMINE_COVERED,COVERED,BEARISH,2.0,True,TEXT_MAPPED
2026-05-13,2026-05-13T15:28:42.825732+00:00,RUN-REAL-ESS-20260513-002,FIDELITY,SecurityExtract_ESS_2026May13.csv,MMM,STARMINE_COVERED,COVERED,BEARISH,2.0,True,TEXT_MAPPED
2026-05-13,2026-05-13T15:28:42.825732+00:00,RUN-REAL-ESS-20260513-002,FIDELITY,SecurityExtract_ESS_2026May13.csv,AAON,STARMINE_COVERED,COVERED,BEARISH,2.0,True,TEXT_MAPPED
2026-05-13,2026-05-13T15:28:42.825732+00:00,RUN-REAL-ESS-20260513-002,FIDELITY,SecurityExtract_ESS_2026May13.csv,ACCO,STARMINE_COVERED,COVERED,BEARISH,2.0,True,TEXT_MAPPED
2026-05-13,2026-05-13T15:28:42.825732+00:00,RUN-REAL-ESS-20260513-002,FIDELITY,SecurityExtract_ESS_2026May13.csv,ACMR,STARMINE_COVERED,COVERED,BEARISH,2.0,True,TEXT_MAPPED
2026-05-13,2026-05-13T15:28:42.825732+00:00,RUN-REAL-ESS-20260513-002,FIDELITY,SecurityExtract_ESS_2026May13.csv,ADPT,STARMINE_COVERED,COVERED,BEARISH,2.0,True,TEXT_MAPPED
2026-05-13,2026-05-13T15:28:42.825732+00:00,RUN-REAL-ESS-20260513-002,FIDELITY,SecurityExtract_ESS_2026May13.csv,WMS,STARMINE_COVERED,COVERED,BEARISH,2.0,True,TEXT_MAPPED
2026-05-13,2026-05-13T15:28:42.825732+00:00,RUN-REAL-ESS-20260513-002,FIDELITY,SecurityExtract_ESS_2026May13.csv,AEIS,STARMINE_COVERED,COVERED,BEARISH,2.0,True,TEXT_MAPPED
2026-05-13,2026-05-13T15:28:42.825732+00:00,RUN-REAL-ESS-20260513-002,FIDELITY,SecurityExtract_ESS_2026May13.csv,ACM,STARMINE_COVERED,COVERED,BEARISH,2.0,True,TEXT_MAPPED
2026-05-13,2026-05-13T15:28:42.825732+00:00,RUN-REAL-ESS-20260513-002,FIDELITY,SecurityExtract_ESS_2026May13.csv,AEHR,STARMINE_COVERED,COVERED,BEARISH,2.0,True,TEXT_MAPPED
2026-05-13,2026-05-13T15:28:42.825732+00:00,RUN-REAL-ESS-20260513-002,FIDELITY,SecurityExtract_ESS_2026May13.csv,AVAV,STARMINE_COVERED,COVERED,BEARISH,2.0,True,TEXT_MAPPED
2026-05-13,2026-05-13T15:28:42.825732+00:00,RUN-REAL-ESS-20260513-002,FIDELITY,SecurityExtract_ESS_2026May13.csv,AFRM,STARMINE_COVERED,COVERED,VERY_BEARISH,1.0,True,TEXT_MAPPED
2026-05-13,2026-05-13T15:28:42.825732+00:00,RUN-REAL-ESS-20260513-002,FIDELITY,SecurityExtract_ESS_2026May13.csv,AGCO,STARMINE_COVERED,COVERED,VERY_BEARISH,1.0,True,TEXT_MAPPED
2026-05-13,2026-05-13T15:28:42.825732+00:00,RUN-REAL-ESS-20260513-002,FIDELITY,SecurityExtract_ESS_2026May13.csv,AGL,STARMINE_COVERED,COVERED,BEARISH,2.0,True,TEXT_MAPPED
2026-05-13,2026-05-13T15:28:42.825732+00:00,RUN-REAL-ESS-20260513-002,FIDELITY,SecurityExtract_ESS_2026May13.csv,AGIO,STARMINE_COVERED,COVERED,BEARISH,2.0,True,TEXT_MAPPED
2026-05-13,2026-05-13T15:28:42.825732+00:00,RUN-REAL-ESS-20260513-002,FIDELITY,SecurityExtract_ESS_2026May13.csv,AIRG,STARMINE_COVERED,COVERED,BEARISH,2.0,True,TEXT_MAPPED
2026-05-13,2026-05-13T15:28:42.825732+00:00,RUN-REAL-ESS-20260513-002,FIDELITY,SecurityExtract_ESS_2026May13.csv,ALK,STARMINE_COVERED,COVERED,VERY_BEARISH,1.0,True,TEXT_MAPPED
2026-05-13,2026-05-13T15:28:42.825732+00:00,RUN-REAL-ESS-20260513-002,FIDELITY,SecurityExtract_ESS_2026May13.csv,AIN,STARMINE_COVERED,COVERED,BEARISH,2.0,True,TEXT_MAPPED
2026-05-13,2026-05-13T15:28:42.825732+00:00,RUN-REAL-ESS-20260513-002,FIDELITY,SecurityExtract_ESS_2026May13.csv,ARE,STARMINE_COVERED,COVERED,VERY_BEARISH,1.0,True,TEXT_MAPPED
2026-05-13,2026-05-13T15:28:42.825732+00:00,RUN-REAL-ESS-20260513-002,FIDELITY,SecurityExtract_ESS_2026May13.csv,BABA,STARMINE_COVERED,COVERED,VERY_BEARISH,1.0,True,TEXT_MAPPED
2026-05-13,2026-05-13T15:28:42.825732+00:00,RUN-REAL-ESS-20260513-002,FIDELITY,SecurityExtract_ESS_2026May13.csv,ALCO,STARMINE_COVERED,COVERED,BEARISH,2.0,True,TEXT_MAPPED
2026-05-13,2026-05-13T15:28:42.825732+00:00,RUN-REAL-ESS-20260513-002,FIDELITY,SecurityExtract_ESS_2026May13.csv,AB,STARMINE_COVERED,COVERED,BEARISH,2.0,True,TEXT_MAPPED
2026-05-13,2026-05-13T15:28:42.825732+00:00,RUN-REAL-ESS-20260513-002,FIDELITY,SecurityExtract_ESS_2026May13.csv,ALLT,STARMINE_COVERED,COVERED,BEARISH,2.0,True,TEXT_MAPPED
2026-05-13,2026-05-13T15:28:42.825732+00:00,RUN-REAL-ESS-20260513-002,FIDELITY,SecurityExtract_ESS_2026May13.csv,AMR,STARMINE_COVERED,COVERED,VERY_BEARISH,1.0,True,TEXT_MAPPED
2026-05-13,2026-05-13T15:28:42.825732+00:00,RUN-REAL-ESS-20260513-002,FIDELITY,SecurityExtract_ESS_2026May13.csv,ATEC,STARMINE_COVERED,COVERED,VERY_BEARISH,1.0,True,TEXT_MAPPED
2026-05-13,2026-05-13T15:28:42.825732+00:00,RUN-REAL-ESS-20260513-002,FIDELITY,SecurityExtract_ESS_2026May13.csv,AMC,STARMINE_COVERED,COVERED,VERY_BEARISH,1.0,True,TEXT_MAPPED
2026-05-13,2026-05-13T15:28:42.825732+00:00,RUN-REAL-ESS-20260513-002,FIDELITY,SecurityExtract_ESS_2026May13.csv,AMCR,STARMINE_COVERED,COVERED,VERY_BEARISH,1.0,True,TEXT_MAPPED
2026-05-13,2026-05-13T15:28:42.825732+00:00,RUN-REAL-ESS-20260513-002,FIDELITY,SecurityExtract_ESS_2026May13.csv,AMTM,STARMINE_COVERED,COVERED,BEARISH,2.0,True,TEXT_MAPPED
2026-05-13,2026-05-13T15:28:42.825732+00:00,RUN-REAL-ESS-20260513-002,FIDELITY,SecurityExtract_ESS_2026May13.csv,AMRC,STARMINE_COVERED,COVERED,VERY_BEARISH,1.0,True,TEXT_MAPPED
2026-05-13,2026-05-13T15:28:42.825732+00:00,RUN-REAL-ESS-20260513-002,FIDELITY,SecurityExtract_ESS_2026May13.csv,AMSC,STARMINE_COVERED,COVERED,VERY_BEARISH,1.0,True,TEXT_MAPPED
2026-05-13,2026-05-13T15:28:42.825732+00:00,RUN-REAL-ESS-20260513-002,FIDELITY,SecurityExtract_ESS_2026May13.csv,AWK,STARMINE_COVERED,COVERED,BEARISH,2.0,True,TEXT_MAPPED
2026-05-13,2026-05-13T15:28:42.825732+00:00,RUN-REAL-ESS-20260513-002,FIDELITY,SecurityExtract_ESS_2026May13.csv,AMWD,STARMINE_COVERED,COVERED,BEARISH,2.0,True,TEXT_MAPPED
2026-05-13,2026-05-13T15:28:42.825732+00:00,RUN-REAL-ESS-20260513-002,FIDELITY,SecurityExtract_ESS_2026May13.csv,ANDE,STARMINE_COVERED,COVERED,BEARISH,2.0,True,TEXT_MAPPED
2026-05-13,2026-05-13T15:28:42.825732+00:00,RUN-REAL-ESS-20260513-002,FIDELITY,SecurityExtract_ESS_2026May13.csv,APTV,STARMINE_COVERED,COVERED,VERY_BEARISH,1.0,True,TEXT_MAPPED
2026-05-13,2026-05-13T15:28:42.825732+00:00,RUN-REAL-ESS-20260513-002,FIDELITY,SecurityExtract_ESS_2026May13.csv,AQST,STARMINE_COVERED,COVERED,BEARISH,2.0,True,TEXT_MAPPED
2026-05-13,2026-05-13T15:28:42.825732+00:00,RUN-REAL-ESS-20260513-002,FIDELITY,SecurityExtract_ESS_2026May13.csv,ACA,STARMINE_COVERED,COVERED,BEARISH,2.0,True,TEXT_MAPPED
2026-05-13,2026-05-13T15:28:42.825732+00:00,RUN-REAL-ESS-20260513-002,FIDELITY,SecurityExtract_ESS_2026May13.csv,RCUS,STARMINE_COVERED,COVERED,BEARISH,2.0,True,TEXT_MAPPED
2026-05-13,2026-05-13T15:28:42.825732+00:00,RUN-REAL-ESS-20260513-002,FIDELITY,SecurityExtract_ESS_2026May13.csv,ARDX,STARMINE_COVERED,COVERED,BEARISH,2.0,True,TEXT_MAPPED
2026-05-13,2026-05-13T15:28:42.825732+00:00,RUN-REAL-ESS-20260513-002,FIDELITY,SecurityExtract_ESS_2026May13.csv,ASC,STARMINE_COVERED,COVERED,VERY_BEARISH,1.0,True,TEXT_MAPPED
2026-05-13,2026-05-13T15:28:42.825732+00:00,RUN-REAL-ESS-20260513-002,FIDELITY,SecurityExtract_ESS_2026May13.csv,ARES,STARMINE_COVERED,COVERED,VERY_BEARISH,1.0,True,TEXT_MAPPED
2026-05-13,2026-05-13T15:28:42.825732+00:00,RUN-REAL-ESS-20260513-002,FIDELITY,SecurityExtract_ESS_2026May13.csv,AWI,STARMINE_COVERED,COVERED,VERY_BEARISH,1.0,True,TEXT_MAPPED
2026-05-13,2026-05-13T15:28:42.825732+00:00,RUN-REAL-ESS-20260513-002,FIDELITY,SecurityExtract_ESS_2026May13.csv,AD,STARMINE_COVERED,COVERED,BEARISH,2.0,True,TEXT_MAPPED
2026-05-13,2026-05-13T15:28:42.825732+00:00,RUN-REAL-ESS-20260513-002,FIDELITY,SecurityExtract_ESS_2026May13.csv,AORT,STARMINE_COVERED,COVERED,BEARISH,2.0,True,TEXT_MAPPED
2026-05-13,2026-05-13T15:28:42.825732+00:00,RUN-REAL-ESS-20260513-002,FIDELITY,SecurityExtract_ESS_2026May13.csv,ARVN,STARMINE_COVERED,COVERED,VERY_BEARISH,1.0,True,TEXT_MAPPED
2026-05-13,2026-05-13T15:28:42.825732+00:00,RUN-REAL-ESS-20260513-002,FIDELITY,SecurityExtract_ESS_2026May13.csv,ASH,STARMINE_COVERED,COVERED,VERY_BEARISH,1.0,True,TEXT_MAPPED
2026-05-13,2026-05-13T15:28:42.825732+00:00,RUN-REAL-ESS-20260513-002,FIDELITY,SecurityExtract_ESS_2026May13.csv,ASPN,STARMINE_COVERED,COVERED,VERY_BEARISH,1.0,True,TEXT_MAPPED
2026-05-13,2026-05-13T15:28:42.825732+00:00,RUN-REAL-ESS-20260513-002,FIDELITY,SecurityExtract_ESS_2026May13.csv,AIZ,STARMINE_COVERED,COVERED,BEARISH,2.0,True,TEXT_MAPPED
2026-05-13,2026-05-13T15:28:42.825732+00:00,RUN-REAL-ESS-20260513-002,FIDELITY,SecurityExtract_ESS_2026May13.csv,ASTH,STARMINE_COVERED,COVERED,VERY_BEARISH,1.0,True,TEXT_MAPPED
2026-05-13,2026-05-13T15:28:42.825732+00:00,RUN-REAL-ESS-20260513-002,FIDELITY,SecurityExtract_ESS_2026May13.csv,ATRA,STARMINE_COVERED,COVERED,BEARISH,2.0,True,TEXT_MAPPED
2026-05-13,2026-05-13T15:28:42.825732+00:00,RUN-REAL-ESS-20260513-002,FIDELITY,SecurityExtract_ESS_2026May13.csv,BATRK,STARMINE_COVERED,COVERED,BEARISH,2.0,True,TEXT_MAPPED
2026-05-13,2026-05-13T15:28:42.825732+00:00,RUN-REAL-ESS-20260513-002,FIDELITY,SecurityExtract_ESS_2026May13.csv,AVNW,STARMINE_COVERED,COVERED,VERY_BEARISH,1.0,True,TEXT_MAPPED
2026-05-13,2026-05-13T15:28:42.825732+00:00,RUN-REAL-ESS-20260513-002,FIDELITY,SecurityExtract_ESS_2026May13.csv,CAR,STARMINE_COVERED,COVERED,VERY_BEARISH,1.0,True,TEXT_MAPPED
2026-05-13,2026-05-13T15:28:42.825732+00:00,RUN-REAL-ESS-20260513-002,FIDELITY,SecurityExtract_ESS_2026May13.csv,AXGN,STARMINE_COVERED,COVERED,VERY_BEARISH,1.0,True,TEXT_MAPPED
2026-05-13,2026-05-13T15:28:42.825732+00:00,RUN-REAL-ESS-20260513-002,FIDELITY,SecurityExtract_ESS_2026May13.csv,AXON,STARMINE_COVERED,COVERED,VERY_BEARISH,1.0,True,TEXT_MAPPED
2026-05-13,2026-05-13T15:28:42.825732+00:00,RUN-REAL-ESS-20260513-002,FIDELITY,SecurityExtract_ESS_2026May13.csv,AXTI,STARMINE_COVERED,COVERED,BEARISH,2.0,True,TEXT_MAPPED
2026-05-13,2026-05-13T15:28:42.825732+00:00,RUN-REAL-ESS-20260513-002,FIDELITY,SecurityExtract_ESS_2026May13.csv,BIDU,STARMINE_COVERED,COVERED,VERY_BEARISH,1.0,True,TEXT_MAPPED
2026-05-13,2026-05-13T15:28:42.825732+00:00,RUN-REAL-ESS-20260513-002,FIDELITY,SecurityExtract_ESS_2026May13.csv,BALL,STARMINE_COVERED,COVERED,VERY_BEARISH,1.0,True,TEXT_MAPPED
2026-05-13,2026-05-13T15:28:42.825732+00:00,RUN-REAL-ESS-20260513-002,FIDELITY,SecurityExtract_ESS_2026May13.csv,BLDP,STARMINE_COVERED,COVERED,BEARISH,2.0,True,TEXT_MAPPED
2026-05-13,2026-05-13T15:28:42.825732+00:00,RUN-REAL-ESS-20260513-002,FIDELITY,SecurityExtract_ESS_2026May13.csv,BANF,STARMINE_COVERED,COVERED,BEARISH,2.0,True,TEXT_MAPPED
2026-05-13,2026-05-13T15:28:42.825732+00:00,RUN-REAL-ESS-20260513-002,FIDELITY,SecurityExtract_ESS_2026May13.csv,BFC,STARMINE_COVERED,COVERED,VERY_BEARISH,1.0,True,TEXT_MAPPED
2026-05-13,2026-05-13T15:28:42.825732+00:00,RUN-REAL-ESS-20260513-002,FIDELITY,SecurityExtract_ESS_2026May13.csv,BOH,STARMINE_COVERED,COVERED,BEARISH,2.0,True,TEXT_MAPPED
2026-05-13,2026-05-13T15:28:42.825732+00:00,RUN-REAL-ESS-20260513-002,FIDELITY,SecurityExtract_ESS_2026May13.csv,BMRC,STARMINE_COVERED,COVERED,VERY_BEARISH,1.0,True,TEXT_MAPPED
2026-05-13,2026-05-13T15:28:42.825732+00:00,RUN-REAL-ESS-20260513-002,FIDELITY,SecurityExtract_ESS_2026May13.csv,BSET,STARMINE_COVERED,COVERED,VERY_BEARISH,1.0,True,TEXT_MAPPED
2026-05-13,2026-05-13T15:28:42.825732+00:00,RUN-REAL-ESS-20260513-002,FIDELITY,SecurityExtract_ESS_2026May13.csv,BBWI,STARMINE_COVERED,COVERED,BEARISH,2.0,True,TEXT_MAPPED
2026-05-13,2026-05-13T15:28:42.825732+00:00,RUN-REAL-ESS-20260513-002,FIDELITY,SecurityExtract_ESS_2026May13.csv,BAX,STARMINE_COVERED,COVERED,BEARISH,2.0,True,TEXT_MAPPED
2026-05-13,2026-05-13T15:28:42.825732+00:00,RUN-REAL-ESS-20260513-002,FIDELITY,SecurityExtract_ESS_2026May13.csv,BEAM,STARMINE_COVERED,COVERED,BEARISH,2.0,True,TEXT_MAPPED
2026-05-13,2026-05-13T15:28:42.825732+00:00,RUN-REAL-ESS-20260513-002,FIDELITY,SecurityExtract_ESS_2026May13.csv,BZH,STARMINE_COVERED,COVERED,VERY_BEARISH,1.0,True,TEXT_MAPPED
2026-05-13,2026-05-13T15:28:42.825732+00:00,RUN-REAL-ESS-20260513-002,FIDELITY,SecurityExtract_ESS_2026May13.csv,BYND,STARMINE_COVERED,COVERED,BEARISH,2.0,True,TEXT_MAPPED
2026-05-13,2026-05-13T15:28:42.825732+00:00,RUN-REAL-ESS-20260513-002,FIDELITY,SecurityExtract_ESS_2026May13.csv,BL,STARMINE_COVERED,COVERED,VERY_BEARISH,1.0,True,TEXT_MAPPED
2026-05-13,2026-05-13T15:28:42.825732+00:00,RUN-REAL-ESS-20260513-002,FIDELITY,SecurityExtract_ESS_2026May13.csv,BLK,STARMINE_COVERED,COVERED,VERY_BEARISH,1.0,True,TEXT_MAPPED
2026-05-13,2026-05-13T15:28:42.825732+00:00,RUN-REAL-ESS-20260513-002,FIDELITY,SecurityExtract_ESS_2026May13.csv,BX,STARMINE_COVERED,COVERED,VERY_BEARISH,1.0,True,TEXT_MAPPED
2026-05-13,2026-05-13T15:28:42.825732+00:00,RUN-REAL-ESS-20260513-002,FIDELITY,SecurityExtract_ESS_2026May13.csv,OWL,STARMINE_COVERED,COVERED,VERY_BEARISH,1.0,True,TEXT_MAPPED
2026-05-13,2026-05-13T15:28:42.825732+00:00,RUN-REAL-ESS-20260513-002,FIDELITY,SecurityExtract_ESS_2026May13.csv,BBIO,STARMINE_COVERED,COVERED,VERY_BEARISH,1.0,True,TEXT_MAPPED
2026-05-13,2026-05-13T15:28:42.825732+00:00,RUN-REAL-ESS-20260513-002,FIDELITY,SecurityExtract_ESS_2026May13.csv,BRSL,STARMINE_COVERED,COVERED,BEARISH,2.0,True,TEXT_MAPPED
2026-05-13,2026-05-13T15:28:42.825732+00:00,RUN-REAL-ESS-20260513-002,FIDELITY,SecurityExtract_ESS_2026May13.csv,BCO,STARMINE_COVERED,COVERED,BEARISH,2.0,True,TEXT_MAPPED
2026-05-13,2026-05-13T15:28:42.825732+00:00,RUN-REAL-ESS-20260513-002,FIDELITY,SecurityExtract_ESS_2026May13.csv,BKD,STARMINE_COVERED,COVERED,VERY_BEARISH,1.0,True,TEXT_MAPPED
2026-05-13,2026-05-13T15:28:42.825732+00:00,RUN-REAL-ESS-20260513-002,FIDELITY,SecurityExtract_ESS_2026May13.csv,BF/B,STARMINE_COVERED,COVERED,BEARISH,2.0,True,TEXT_MAPPED
2026-05-13,2026-05-13T15:28:42.825732+00:00,RUN-REAL-ESS-20260513-002,FIDELITY,SecurityExtract_ESS_2026May13.csv,BLDR,STARMINE_COVERED,COVERED,VERY_BEARISH,1.0,True,TEXT_MAPPED
2026-05-13,2026-05-13T15:28:42.825732+00:00,RUN-REAL-ESS-20260513-002,FIDELITY,SecurityExtract_ESS_2026May13.csv,CACI,STARMINE_COVERED,COVERED,BEARISH,2.0,True,TEXT_MAPPED
2026-05-13,2026-05-13T15:28:42.825732+00:00,RUN-REAL-ESS-20260513-002,FIDELITY,SecurityExtract_ESS_2026May13.csv,CDZI,STARMINE_COVERED,COVERED,VERY_BEARISH,1.0,True,TEXT_MAPPED
2026-05-13,2026-05-13T15:28:42.825732+00:00,RUN-REAL-ESS-20260513-002,FIDELITY,SecurityExtract_ESS_2026May13.csv,CAE,STARMINE_COVERED,COVERED,BEARISH,2.0,True,TEXT_MAPPED
2026-05-13,2026-05-13T15:28:42.825732+00:00,RUN-REAL-ESS-20260513-002,FIDELITY,SecurityExtract_ESS_2026May13.csv,CZR,STARMINE_COVERED,COVERED,VERY_BEARISH,1.0,True,TEXT_MAPPED
2026-05-13,2026-05-13T15:28:42.825732+00:00,RUN-REAL-ESS-20260513-002,FIDELITY,SecurityExtract_ESS_2026May13.csv,CAL,STARMINE_COVERED,COVERED,BEARISH,2.0,True,TEXT_MAPPED
2026-05-13,2026-05-13T15:28:42.825732+00:00,RUN-REAL-ESS-20260513-002,FIDELITY,SecurityExtract_ESS_2026May13.csv,CWT,STARMINE_COVERED,COVERED,VERY_BEARISH,1.0,True,TEXT_MAPPED
2026-05-13,2026-05-13T15:28:42.825732+00:00,RUN-REAL-ESS-20260513-002,FIDELITY,SecurityExtract_ESS_2026May13.csv,CALX,STARMINE_COVERED,COVERED,VERY_BEARISH,1.0,True,TEXT_MAPPED
2026-05-13,2026-05-13T15:28:42.825732+00:00,RUN-REAL-ESS-20260513-002,FIDELITY,SecurityExtract_ESS_2026May13.csv,CPB,STARMINE_COVERED,COVERED,BEARISH,2.0,True,TEXT_MAPPED
2026-05-13,2026-05-13T15:28:42.825732+00:00,RUN-REAL-ESS-20260513-002,FIDELITY,SecurityExtract_ESS_2026May13.csv,CWH,STARMINE_COVERED,COVERED,BEARISH,2.0,True,TEXT_MAPPED
2026-05-13,2026-05-13T15:28:42.825732+00:00,RUN-REAL-ESS-20260513-002,FIDELITY,SecurityExtract_ESS_2026May13.csv,CNNE,STARMINE_COVERED,COVERED,VERY_BEARISH,1.0,True,TEXT_MAPPED
2026-05-13,2026-05-13T15:28:42.825732+00:00,RUN-REAL-ESS-20260513-002,FIDELITY,SecurityExtract_ESS_2026May13.csv,CGC,STARMINE_COVERED,COVERED,VERY_BEARISH,1.0,True,TEXT_MAPPED
2026-05-13,2026-05-13T15:28:42.825732+00:00,RUN-REAL-ESS-20260513-002,FIDELITY,SecurityExtract_ESS_2026May13.csv,CPRI,STARMINE_COVERED,COVERED,BEARISH,2.0,True,TEXT_MAPPED
2026-05-13,2026-05-13T15:28:42.825732+00:00,RUN-REAL-ESS-20260513-002,FIDELITY,SecurityExtract_ESS_2026May13.csv,CG,STARMINE_COVERED,COVERED,VERY_BEARISH,1.0,True,TEXT_MAPPED
2026-05-13,2026-05-13T15:28:42.825732+00:00,RUN-REAL-ESS-20260513-002,FIDELITY,SecurityExtract_ESS_2026May13.csv,KMX,STARMINE_COVERED,COVERED,VERY_BEARISH,1.0,True,TEXT_MAPPED
2026-05-13,2026-05-13T15:28:42.825732+00:00,RUN-REAL-ESS-20260513-002,FIDELITY,SecurityExtract_ESS_2026May13.csv,CWST,STARMINE_COVERED,COVERED,BEARISH,2.0,True,TEXT_MAPPED
2026-05-13,2026-05-13T15:28:42.825732+00:00,RUN-REAL-ESS-20260513-002,FIDELITY,SecurityExtract_ESS_2026May13.csv,CBFV,STARMINE_COVERED,COVERED,VERY_BEARISH,1.0,True,TEXT_MAPPED
2026-05-13,2026-05-13T15:28:42.825732+00:00,RUN-REAL-ESS-20260513-002,FIDELITY,SecurityExtract_ESS_2026May13.csv,CLDX,STARMINE_COVERED,COVERED,VERY_BEARISH,1.0,True,TEXT_MAPPED
2026-05-13,2026-05-13T15:28:42.825732+00:00,RUN-REAL-ESS-20260513-002,FIDELITY,SecurityExtract_ESS_2026May13.csv,CELH,STARMINE_COVERED,COVERED,VERY_BEARISH,1.0,True,TEXT_MAPPED
2026-05-13,2026-05-13T15:28:42.825732+00:00,RUN-REAL-ESS-20260513-002,FIDELITY,SecurityExtract_ESS_2026May13.csv,CNC,STARMINE_COVERED,COVERED,BEARISH,2.0,True,TEXT_MAPPED
2026-05-13,2026-05-13T15:28:42.825732+00:00,RUN-REAL-ESS-20260513-002,FIDELITY,SecurityExtract_ESS_2026May13.csv,CSR,STARMINE_COVERED,COVERED,VERY_BEARISH,1.0,True,TEXT_MAPPED
2026-05-13,2026-05-13T15:28:42.825732+00:00,RUN-REAL-ESS-20260513-002,FIDELITY,SecurityExtract_ESS_2026May13.csv,LEU,STARMINE_COVERED,COVERED,VERY_BEARISH,1.0,True,TEXT_MAPPED
2026-05-13,2026-05-13T15:28:42.825732+00:00,RUN-REAL-ESS-20260513-002,FIDELITY,SecurityExtract_ESS_2026May13.csv,CCS,STARMINE_COVERED,COVERED,BEARISH,2.0,True,TEXT_MAPPED
2026-05-13,2026-05-13T15:28:42.825732+00:00,RUN-REAL-ESS-20260513-002,FIDELITY,SecurityExtract_ESS_2026May13.csv,CERT,STARMINE_COVERED,COVERED,BEARISH,2.0,True,TEXT_MAPPED
2026-05-13,2026-05-13T15:28:42.825732+00:00,RUN-REAL-ESS-20260513-002,FIDELITY,SecurityExtract_ESS_2026May13.csv,CEVA,STARMINE_COVERED,COVERED,BEARISH,2.0,True,TEXT_MAPPED
2026-05-13,2026-05-13T15:28:42.825732+00:00,RUN-REAL-ESS-20260513-002,FIDELITY,SecurityExtract_ESS_2026May13.csv,CHEF,STARMINE_COVERED,COVERED,BEARISH,2.0,True,TEXT_MAPPED
2026-05-13,2026-05-13T15:28:42.825732+00:00,RUN-REAL-ESS-20260513-002,FIDELITY,SecurityExtract_ESS_2026May13.csv,CLSK,STARMINE_COVERED,COVERED,BEARISH,2.0,True,TEXT_MAPPED
2026-05-13,2026-05-13T15:28:42.825732+00:00,RUN-REAL-ESS-20260513-002,FIDELITY,SecurityExtract_ESS_2026May13.csv,CLFD,STARMINE_COVERED,COVERED,BEARISH,2.0,True,TEXT_MAPPED
2026-05-13,2026-05-13T15:28:42.825732+00:00,RUN-REAL-ESS-20260513-002,FIDELITY,SecurityExtract_ESS_2026May13.csv,CLPT,STARMINE_COVERED,COVERED,BEARISH,2.0,True,TEXT_MAPPED
2026-05-13,2026-05-13T15:28:42.825732+00:00,RUN-REAL-ESS-20260513-002,FIDELITY,SecurityExtract_ESS_2026May13.csv,CWEN,STARMINE_COVERED,COVERED,VERY_BEARISH,1.0,True,TEXT_MAPPED
2026-05-13,2026-05-13T15:28:42.825732+00:00,RUN-REAL-ESS-20260513-002,FIDELITY,SecurityExtract_ESS_2026May13.csv,CLF,STARMINE_COVERED,COVERED,BEARISH,2.0,True,TEXT_MAPPED
2026-05-13,2026-05-13T15:28:42.825732+00:00,RUN-REAL-ESS-20260513-002,FIDELITY,SecurityExtract_ESS_2026May13.csv,CLX,STARMINE_COVERED,COVERED,BEARISH,2.0,True,TEXT_MAPPED
2026-05-13,2026-05-13T15:28:42.825732+00:00,RUN-REAL-ESS-20260513-002,FIDELITY,SecurityExtract_ESS_2026May13.csv,CNH,STARMINE_COVERED,COVERED,VERY_BEARISH,1.0,True,TEXT_MAPPED
2026-05-13,2026-05-13T15:28:42.825732+00:00,RUN-REAL-ESS-20260513-002,FIDELITY,SecurityExtract_ESS_2026May13.csv,CNO,STARMINE_COVERED,COVERED,VERY_BEARISH,1.0,True,TEXT_MAPPED
2026-05-13,2026-05-13T15:28:42.825732+00:00,RUN-REAL-ESS-20260513-002,FIDELITY,SecurityExtract_ESS_2026May13.csv,CODX,STARMINE_COVERED,COVERED,BEARISH,2.0,True,TEXT_MAPPED
2026-05-13,2026-05-13T15:28:42.825732+00:00,RUN-REAL-ESS-20260513-002,FIDELITY,SecurityExtract_ESS_2026May13.csv,CDE,STARMINE_COVERED,COVERED,VERY_BEARISH,1.0,True,TEXT_MAPPED
2026-05-13,2026-05-13T15:28:42.825732+00:00,RUN-REAL-ESS-20260513-002,FIDELITY,SecurityExtract_ESS_2026May13.csv,COIN,STARMINE_COVERED,COVERED,VERY_BEARISH,1.0,True,TEXT_MAPPED
2026-05-13,2026-05-13T15:28:42.825732+00:00,RUN-REAL-ESS-20260513-002,FIDELITY,SecurityExtract_ESS_2026May13.csv,COLB,STARMINE_COVERED,COVERED,BEARISH,2.0,True,TEXT_MAPPED
2026-05-13,2026-05-13T15:28:42.825732+00:00,RUN-REAL-ESS-20260513-002,FIDELITY,SecurityExtract_ESS_2026May13.csv,CLBK,STARMINE_COVERED,COVERED,VERY_BEARISH,1.0,True,TEXT_MAPPED
2026-05-13,2026-05-13T15:28:42.825732+00:00,RUN-REAL-ESS-20260513-002,FIDELITY,SecurityExtract_ESS_2026May13.csv,CMC,STARMINE_COVERED,COVERED,BEARISH,2.0,True,TEXT_MAPPED
2026-05-13,2026-05-13T15:28:42.825732+00:00,RUN-REAL-ESS-20260513-002,FIDELITY,SecurityExtract_ESS_2026May13.csv,CBU,STARMINE_COVERED,COVERED,BEARISH,2.0,True,TEXT_MAPPED
2026-05-13,2026-05-13T15:28:42.825732+00:00,RUN-REAL-ESS-20260513-002,FIDELITY,SecurityExtract_ESS_2026May13.csv,CODI,STARMINE_COVERED,COVERED,BEARISH,2.0,True,TEXT_MAPPED
2026-05-13,2026-05-13T15:28:42.825732+00:00,RUN-REAL-ESS-20260513-002,FIDELITY,SecurityExtract_ESS_2026May13.csv,CON,STARMINE_COVERED,COVERED,BEARISH,2.0,True,TEXT_MAPPED
2026-05-13,2026-05-13T15:28:42.825732+00:00,RUN-REAL-ESS-20260513-002,FIDELITY,SecurityExtract_ESS_2026May13.csv,CNXC,STARMINE_COVERED,COVERED,VERY_BEARISH,1.0,True,TEXT_MAPPED
2026-05-13,2026-05-13T15:28:42.825732+00:00,RUN-REAL-ESS-20260513-002,FIDELITY,SecurityExtract_ESS_2026May13.csv,STZ,STARMINE_COVERED,COVERED,VERY_BEARISH,1.0,True,TEXT_MAPPED
2026-05-13,2026-05-13T15:28:42.825732+00:00,RUN-REAL-ESS-20260513-002,FIDELITY,SecurityExtract_ESS_2026May13.csv,CEG,STARMINE_COVERED,COVERED,BEARISH,2.0,True,TEXT_MAPPED
2026-05-13,2026-05-13T15:28:42.825732+00:00,RUN-REAL-ESS-20260513-002,FIDELITY,SecurityExtract_ESS_2026May13.csv,CPA,STARMINE_COVERED,COVERED,BEARISH,2.0,True,TEXT_MAPPED
2026-05-13,2026-05-13T15:28:42.825732+00:00,RUN-REAL-ESS-20260513-002,FIDELITY,SecurityExtract_ESS_2026May13.csv,CORT,STARMINE_COVERED,COVERED,VERY_BEARISH,1.0,True,TEXT_MAPPED
2026-05-13,2026-05-13T15:28:42.825732+00:00,RUN-REAL-ESS-20260513-002,FIDELITY,SecurityExtract_ESS_2026May13.csv,CNR,STARMINE_COVERED,COVERED,BEARISH,2.0,True,TEXT_MAPPED
2026-05-13,2026-05-13T15:28:42.825732+00:00,RUN-REAL-ESS-20260513-002,FIDELITY,SecurityExtract_ESS_2026May13.csv,CRBG,STARMINE_COVERED,COVERED,VERY_BEARISH,1.0,True,TEXT_MAPPED
2026-05-13,2026-05-13T15:28:42.825732+00:00,RUN-REAL-ESS-20260513-002,FIDELITY,SecurityExtract_ESS_2026May13.csv,CSGP,STARMINE_COVERED,COVERED,VERY_BEARISH,1.0,True,TEXT_MAPPED
2026-05-13,2026-05-13T15:28:42.825732+00:00,RUN-REAL-ESS-20260513-002,FIDELITY,SecurityExtract_ESS_2026May13.csv,COTY,STARMINE_COVERED,COVERED,VERY_BEARISH,1.0,True,TEXT_MAPPED
2026-05-13,2026-05-13T15:28:42.825732+00:00,RUN-REAL-ESS-20260513-002,FIDELITY,SecurityExtract_ESS_2026May13.csv,CPNG,STARMINE_COVERED,COVERED,VERY_BEARISH,1.0,True,TEXT_MAPPED
2026-05-13,2026-05-13T15:28:42.825732+00:00,RUN-REAL-ESS-20260513-002,FIDELITY,SecurityExtract_ESS_2026May13.csv,CBRL,STARMINE_COVERED,COVERED,BEARISH,2.0,True,TEXT_MAPPED
2026-05-13,2026-05-13T15:28:42.825732+00:00,RUN-REAL-ESS-20260513-002,FIDELITY,SecurityExtract_ESS_2026May13.csv,CR,STARMINE_COVERED,COVERED,VERY_BEARISH,1.0,True,TEXT_MAPPED
2026-05-13,2026-05-13T15:28:42.825732+00:00,RUN-REAL-ESS-20260513-002,FIDELITY,SecurityExtract_ESS_2026May13.csv,CBIO,STARMINE_COVERED,COVERED,VERY_BEARISH,1.0,True,TEXT_MAPPED
2026-05-13,2026-05-13T15:28:42.825732+00:00,RUN-REAL-ESS-20260513-002,FIDELITY,SecurityExtract_ESS_2026May13.csv,CXDO,STARMINE_COVERED,COVERED,BEARISH,2.0,True,TEXT_MAPPED
2026-05-13,2026-05-13T15:28:42.825732+00:00,RUN-REAL-ESS-20260513-002,FIDELITY,SecurityExtract_ESS_2026May13.csv,CRNX,STARMINE_COVERED,COVERED,VERY_BEARISH,1.0,True,TEXT_MAPPED
2026-05-13,2026-05-13T15:28:42.825732+00:00,RUN-REAL-ESS-20260513-002,FIDELITY,SecurityExtract_ESS_2026May13.csv,CRSP,STARMINE_COVERED,COVERED,VERY_BEARISH,1.0,True,TEXT_MAPPED
2026-05-13,2026-05-13T15:28:42.825732+00:00,RUN-REAL-ESS-20260513-002,FIDELITY,SecurityExtract_ESS_2026May13.csv,CRON,STARMINE_COVERED,COVERED,VERY_BEARISH,1.0,True,TEXT_MAPPED
2026-05-13,2026-05-13T15:28:42.825732+00:00,RUN-REAL-ESS-20260513-002,FIDELITY,SecurityExtract_ESS_2026May13.csv,CSW,STARMINE_COVERED,COVERED,VERY_BEARISH,1.0,True,TEXT_MAPPED
2026-05-13,2026-05-13T15:28:42.825732+00:00,RUN-REAL-ESS-20260513-002,FIDELITY,SecurityExtract_ESS_2026May13.csv,CULP,STARMINE_COVERED,COVERED,BEARISH,2.0,True,TEXT_MAPPED
2026-05-13,2026-05-13T15:28:42.825732+00:00,RUN-REAL-ESS-20260513-002,FIDELITY,SecurityExtract_ESS_2026May13.csv,CURB,STARMINE_COVERED,COVERED,VERY_BEARISH,1.0,True,TEXT_MAPPED
2026-05-13,2026-05-13T15:28:42.825732+00:00,RUN-REAL-ESS-20260513-002,FIDELITY,SecurityExtract_ESS_2026May13.csv,CVBF,STARMINE_COVERED,COVERED,BEARISH,2.0,True,TEXT_MAPPED
2026-05-13,2026-05-13T15:28:42.825732+00:00,RUN-REAL-ESS-20260513-002,FIDELITY,SecurityExtract_ESS_2026May13.csv,CTKB,STARMINE_COVERED,COVERED,VERY_BEARISH,1.0,True,TEXT_MAPPED
2026-05-13,2026-05-13T15:28:42.825732+00:00,RUN-REAL-ESS-20260513-002,FIDELITY,SecurityExtract_ESS_2026May13.csv,CYTK,STARMINE_COVERED,COVERED,VERY_BEARISH,1.0,True,TEXT_MAPPED
2026-05-13,2026-05-13T15:28:42.825732+00:00,RUN-REAL-ESS-20260513-002,FIDELITY,SecurityExtract_ESS_2026May13.csv,DJCO,STARMINE_COVERED,COVERED,BEARISH,2.0,True,TEXT_MAPPED
2026-05-13,2026-05-13T15:28:42.825732+00:00,RUN-REAL-ESS-20260513-002,FIDELITY,SecurityExtract_ESS_2026May13.csv,DAKT,STARMINE_COVERED,COVERED,VERY_BEARISH,1.0,True,TEXT_MAPPED
2026-05-13,2026-05-13T15:28:42.825732+00:00,RUN-REAL-ESS-20260513-002,FIDELITY,SecurityExtract_ESS_2026May13.csv,DHR,STARMINE_COVERED,COVERED,BEARISH,2.0,True,TEXT_MAPPED
2026-05-13,2026-05-13T15:28:42.825732+00:00,RUN-REAL-ESS-20260513-002,FIDELITY,SecurityExtract_ESS_2026May13.csv,DQ,STARMINE_COVERED,COVERED,VERY_BEARISH,1.0,True,TEXT_MAPPED
2026-05-13,2026-05-13T15:28:42.825732+00:00,RUN-REAL-ESS-20260513-002,FIDELITY,SecurityExtract_ESS_2026May13.csv,DAIO,STARMINE_COVERED,COVERED,VERY_BEARISH,1.0,True,TEXT_MAPPED
2026-05-13,2026-05-13T15:28:42.825732+00:00,RUN-REAL-ESS-20260513-002,FIDELITY,SecurityExtract_ESS_2026May13.csv,PLAY,STARMINE_COVERED,COVERED,VERY_BEARISH,1.0,True,TEXT_MAPPED
2026-05-13,2026-05-13T15:28:42.825732+00:00,RUN-REAL-ESS-20260513-002,FIDELITY,SecurityExtract_ESS_2026May13.csv,DEO,STARMINE_COVERED,COVERED,BEARISH,2.0,True,TEXT_MAPPED
2026-05-13,2026-05-13T15:28:42.825732+00:00,RUN-REAL-ESS-20260513-002,FIDELITY,SecurityExtract_ESS_2026May13.csv,DKS,STARMINE_COVERED,COVERED,BEARISH,2.0,True,TEXT_MAPPED
2026-05-13,2026-05-13T15:28:42.825732+00:00,RUN-REAL-ESS-20260513-002,FIDELITY,SecurityExtract_ESS_2026May13.csv,DSGR,STARMINE_COVERED,COVERED,VERY_BEARISH,1.0,True,TEXT_MAPPED
2026-05-13,2026-05-13T15:28:42.825732+00:00,RUN-REAL-ESS-20260513-002,FIDELITY,SecurityExtract_ESS_2026May13.csv,DLHC,STARMINE_COVERED,COVERED,BEARISH,2.0,True,TEXT_MAPPED
2026-05-13,2026-05-13T15:28:42.825732+00:00,RUN-REAL-ESS-20260513-002,FIDELITY,SecurityExtract_ESS_2026May13.csv,BOOM,STARMINE_COVERED,COVERED,VERY_BEARISH,1.0,True,TEXT_MAPPED
2026-05-13,2026-05-13T15:28:42.825732+00:00,RUN-REAL-ESS-20260513-002,FIDELITY,SecurityExtract_ESS_2026May13.csv,DNOW,STARMINE_COVERED,COVERED,VERY_BEARISH,1.0,True,TEXT_MAPPED
2026-05-13,2026-05-13T15:28:42.825732+00:00,RUN-REAL-ESS-20260513-002,FIDELITY,SecurityExtract_ESS_2026May13.csv,DLTR,STARMINE_COVERED,COVERED,BEARISH,2.0,True,TEXT_MAPPED
2026-05-13,2026-05-13T15:28:42.825732+00:00,RUN-REAL-ESS-20260513-002,FIDELITY,SecurityExtract_ESS_2026May13.csv,D,STARMINE_COVERED,COVERED,BEARISH,2.0,True,TEXT_MAPPED
2026-05-13,2026-05-13T15:28:42.825732+00:00,RUN-REAL-ESS-20260513-002,FIDELITY,SecurityExtract_ESS_2026May13.csv,DCI,STARMINE_COVERED,COVERED,BEARISH,2.0,True,TEXT_MAPPED
2026-05-13,2026-05-13T15:28:42.825732+00:00,RUN-REAL-ESS-20260513-002,FIDELITY,SecurityExtract_ESS_2026May13.csv,DASH,STARMINE_COVERED,COVERED,VERY_BEARISH,1.0,True,TEXT_MAPPED
2026-05-13,2026-05-13T15:28:42.825732+00:00,RUN-REAL-ESS-20260513-002,FIDELITY,SecurityExtract_ESS_2026May13.csv,DORM,STARMINE_COVERED,COVERED,BEARISH,2.0,True,TEXT_MAPPED
2026-05-13,2026-05-13T15:28:42.825732+00:00,RUN-REAL-ESS-20260513-002,FIDELITY,SecurityExtract_ESS_2026May13.csv,DKNG,STARMINE_COVERED,COVERED,VERY_BEARISH,1.0,True,TEXT_MAPPED
2026-05-13,2026-05-13T15:28:42.825732+00:00,RUN-REAL-ESS-20260513-002,FIDELITY,SecurityExtract_ESS_2026May13.csv,DFH,STARMINE_COVERED,COVERED,VERY_BEARISH,1.0,True,TEXT_MAPPED
2026-05-13,2026-05-13T15:28:42.825732+00:00,RUN-REAL-ESS-20260513-002,FIDELITY,SecurityExtract_ESS_2026May13.csv,DTM,STARMINE_COVERED,COVERED,BEARISH,2.0,True,TEXT_MAPPED
2026-05-13,2026-05-13T15:28:42.825732+00:00,RUN-REAL-ESS-20260513-002,FIDELITY,SecurityExtract_ESS_2026May13.csv,DXC,STARMINE_COVERED,COVERED,BEARISH,2.0,True,TEXT_MAPPED
2026-05-13,2026-05-13T15:28:42.825732+00:00,RUN-REAL-ESS-20260513-002,FIDELITY,SecurityExtract_ESS_2026May13.csv,ELF,STARMINE_COVERED,COVERED,BEARISH,2.0,True,TEXT_MAPPED
2026-05-13,2026-05-13T15:28:42.825732+00:00,RUN-REAL-ESS-20260513-002,FIDELITY,SecurityExtract_ESS_2026May13.csv,EDAP,STARMINE_COVERED,COVERED,BEARISH,2.0,True,TEXT_MAPPED
2026-05-13,2026-05-13T15:28:42.825732+00:00,RUN-REAL-ESS-20260513-002,FIDELITY,SecurityExtract_ESS_2026May13.csv,EPC,STARMINE_COVERED,COVERED,BEARISH,2.0,True,TEXT_MAPPED
2026-05-13,2026-05-13T15:28:42.825732+00:00,RUN-REAL-ESS-20260513-002,FIDELITY,SecurityExtract_ESS_2026May13.csv,ESTC,STARMINE_COVERED,COVERED,VERY_BEARISH,1.0,True,TEXT_MAPPED
2026-05-13,2026-05-13T15:28:42.825732+00:00,RUN-REAL-ESS-20260513-002,FIDELITY,SecurityExtract_ESS_2026May13.csv,EGO,STARMINE_COVERED,COVERED,VERY_BEARISH,1.0,True,TEXT_MAPPED
2026-05-13,2026-05-13T15:28:42.825732+00:00,RUN-REAL-ESS-20260513-002,FIDELITY,SecurityExtract_ESS_2026May13.csv,EFC,STARMINE_COVERED,COVERED,BEARISH,2.0,True,TEXT_MAPPED
2026-05-13,2026-05-13T15:28:42.825732+00:00,RUN-REAL-ESS-20260513-002,FIDELITY,SecurityExtract_ESS_2026May13.csv,EEX,STARMINE_COVERED,COVERED,VERY_BEARISH,1.0,True,TEXT_MAPPED
2026-05-13,2026-05-13T15:28:42.825732+00:00,RUN-REAL-ESS-20260513-002,FIDELITY,SecurityExtract_ESS_2026May13.csv,DAVA,STARMINE_COVERED,COVERED,VERY_BEARISH,1.0,True,TEXT_MAPPED
2026-05-13,2026-05-13T15:28:42.825732+00:00,RUN-REAL-ESS-20260513-002,FIDELITY,SecurityExtract_ESS_2026May13.csv,ERII,STARMINE_COVERED,COVERED,BEARISH,2.0,True,TEXT_MAPPED
2026-05-13,2026-05-13T15:28:42.825732+00:00,RUN-REAL-ESS-20260513-002,FIDELITY,SecurityExtract_ESS_2026May13.csv,ENPH,STARMINE_COVERED,COVERED,VERY_BEARISH,1.0,True,TEXT_MAPPED
2026-05-13,2026-05-13T15:28:42.825732+00:00,RUN-REAL-ESS-20260513-002,FIDELITY,SecurityExtract_ESS_2026May13.csv,EFX,STARMINE_COVERED,COVERED,BEARISH,2.0,True,TEXT_MAPPED
2026-05-13,2026-05-13T15:28:42.825732+00:00,RUN-REAL-ESS-20260513-002,FIDELITY,SecurityExtract_ESS_2026May13.csv,EQBK,STARMINE_COVERED,COVERED,BEARISH,2.0,True,TEXT_MAPPED
2026-05-13,2026-05-13T15:28:42.825732+00:00,RUN-REAL-ESS-20260513-002,FIDELITY,SecurityExtract_ESS_2026May13.csv,ERIE,STARMINE_COVERED,COVERED,BEARISH,2.0,True,TEXT_MAPPED
2026-05-13,2026-05-13T15:28:42.825732+00:00,RUN-REAL-ESS-20260513-002,FIDELITY,SecurityExtract_ESS_2026May13.csv,EL,STARMINE_COVERED,COVERED,VERY_BEARISH,1.0,True,TEXT_MAPPED
2026-05-13,2026-05-13T15:28:42.825732+00:00,RUN-REAL-ESS-20260513-002,FIDELITY,SecurityExtract_ESS_2026May13.csv,ETD,STARMINE_COVERED,COVERED,BEARISH,2.0,True,TEXT_MAPPED
2026-05-13,2026-05-13T15:28:42.825732+00:00,RUN-REAL-ESS-20260513-002,FIDELITY,SecurityExtract_ESS_2026May13.csv,EFOR,STARMINE_COVERED,COVERED,VERY_BEARISH,1.0,True,TEXT_MAPPED
2026-05-13,2026-05-13T15:28:42.825732+00:00,RUN-REAL-ESS-20260513-002,FIDELITY,SecurityExtract_ESS_2026May13.csv,P,STARMINE_COVERED,COVERED,VERY_BEARISH,1.0,True,TEXT_MAPPED
2026-05-13,2026-05-13T15:28:42.825732+00:00,RUN-REAL-ESS-20260513-002,FIDELITY,SecurityExtract_ESS_2026May13.csv,EVH,STARMINE_COVERED,COVERED,BEARISH,2.0,True,TEXT_MAPPED
2026-05-13,2026-05-13T15:28:42.825732+00:00,RUN-REAL-ESS-20260513-002,FIDELITY,SecurityExtract_ESS_2026May13.csv,EE,STARMINE_COVERED,COVERED,BEARISH,2.0,True,TEXT_MAPPED
2026-05-13,2026-05-13T15:28:42.825732+00:00,RUN-REAL-ESS-20260513-002,FIDELITY,SecurityExtract_ESS_2026May13.csv,AGNT,STARMINE_COVERED,COVERED,BEARISH,2.0,True,TEXT_MAPPED
2026-05-13,2026-05-13T15:28:42.825732+00:00,RUN-REAL-ESS-20260513-002,FIDELITY,SecurityExtract_ESS_2026May13.csv,EXPO,STARMINE_COVERED,COVERED,BEARISH,2.0,True,TEXT_MAPPED
2026-05-13,2026-05-13T15:28:42.825732+00:00,RUN-REAL-ESS-20260513-002,FIDELITY,SecurityExtract_ESS_2026May13.csv,FICO,STARMINE_COVERED,COVERED,BEARISH,2.0,True,TEXT_MAPPED
2026-05-13,2026-05-13T15:28:42.825732+00:00,RUN-REAL-ESS-20260513-002,FIDELITY,SecurityExtract_ESS_2026May13.csv,FENC,STARMINE_COVERED,COVERED,VERY_BEARISH,1.0,True,TEXT_MAPPED
2026-05-13,2026-05-13T15:28:42.825732+00:00,RUN-REAL-ESS-20260513-002,FIDELITY,SecurityExtract_ESS_2026May13.csv,GSM,STARMINE_COVERED,COVERED,VERY_BEARISH,1.0,True,TEXT_MAPPED
2026-05-13,2026-05-13T15:28:42.825732+00:00,RUN-REAL-ESS-20260513-002,FIDELITY,SecurityExtract_ESS_2026May13.csv,FLY,STARMINE_COVERED,COVERED,BEARISH,2.0,True,TEXT_MAPPED
2026-05-13,2026-05-13T15:28:42.825732+00:00,RUN-REAL-ESS-20260513-002,FIDELITY,SecurityExtract_ESS_2026May13.csv,BUSE,STARMINE_COVERED,COVERED,BEARISH,2.0,True,TEXT_MAPPED
2026-05-13,2026-05-13T15:28:42.825732+00:00,RUN-REAL-ESS-20260513-002,FIDELITY,SecurityExtract_ESS_2026May13.csv,FCNCA,STARMINE_COVERED,COVERED,BEARISH,2.0,True,TEXT_MAPPED
2026-05-13,2026-05-13T15:28:42.825732+00:00,RUN-REAL-ESS-20260513-002,FIDELITY,SecurityExtract_ESS_2026May13.csv,FFIN,STARMINE_COVERED,COVERED,VERY_BEARISH,1.0,True,TEXT_MAPPED
2026-05-13,2026-05-13T15:28:42.825732+00:00,RUN-REAL-ESS-20260513-002,FIDELITY,SecurityExtract_ESS_2026May13.csv,FRME,STARMINE_COVERED,COVERED,BEARISH,2.0,True,TEXT_MAPPED
2026-05-13,2026-05-13T15:28:42.825732+00:00,RUN-REAL-ESS-20260513-002,FIDELITY,SecurityExtract_ESS_2026May13.csv,FXNC,STARMINE_COVERED,COVERED,BEARISH,2.0,True,TEXT_MAPPED
2026-05-13,2026-05-13T15:28:42.825732+00:00,RUN-REAL-ESS-20260513-002,FIDELITY,SecurityExtract_ESS_2026May13.csv,FLG,STARMINE_COVERED,COVERED,BEARISH,2.0,True,TEXT_MAPPED
2026-05-13,2026-05-13T15:28:42.825732+00:00,RUN-REAL-ESS-20260513-002,FIDELITY,SecurityExtract_ESS_2026May13.csv,FND,STARMINE_COVERED,COVERED,VERY_BEARISH,1.0,True,TEXT_MAPPED
2026-05-13,2026-05-13T15:28:42.825732+00:00,RUN-REAL-ESS-20260513-002,FIDELITY,SecurityExtract_ESS_2026May13.csv,FLO,STARMINE_COVERED,COVERED,BEARISH,2.0,True,TEXT_MAPPED
2026-05-13,2026-05-13T15:28:42.825732+00:00,RUN-REAL-ESS-20260513-002,FIDELITY,SecurityExtract_ESS_2026May13.csv,FMC,STARMINE_COVERED,COVERED,BEARISH,2.0,True,TEXT_MAPPED
2026-05-13,2026-05-13T15:28:42.825732+00:00,RUN-REAL-ESS-20260513-002,FIDELITY,SecurityExtract_ESS_2026May13.csv,FWONK,STARMINE_COVERED,COVERED,VERY_BEARISH,1.0,True,TEXT_MAPPED
2026-05-13,2026-05-13T15:28:42.825732+00:00,RUN-REAL-ESS-20260513-002,FIDELITY,SecurityExtract_ESS_2026May13.csv,FORR,STARMINE_COVERED,COVERED,BEARISH,2.0,True,TEXT_MAPPED
2026-05-13,2026-05-13T15:28:42.825732+00:00,RUN-REAL-ESS-20260513-002,FIDELITY,SecurityExtract_ESS_2026May13.csv,FBIO,STARMINE_COVERED,COVERED,BEARISH,2.0,True,TEXT_MAPPED
2026-05-13,2026-05-13T15:28:42.825732+00:00,RUN-REAL-ESS-20260513-002,FIDELITY,SecurityExtract_ESS_2026May13.csv,FWRD,STARMINE_COVERED,COVERED,BEARISH,2.0,True,TEXT_MAPPED
2026-05-13,2026-05-13T15:28:42.825732+00:00,RUN-REAL-ESS-20260513-002,FIDELITY,SecurityExtract_ESS_2026May13.csv,FOXF,STARMINE_COVERED,COVERED,VERY_BEARISH,1.0,True,TEXT_MAPPED
2026-05-13,2026-05-13T15:28:42.825732+00:00,RUN-REAL-ESS-20260513-002,FIDELITY,SecurityExtract_ESS_2026May13.csv,FEIM,STARMINE_COVERED,COVERED,VERY_BEARISH,1.0,True,TEXT_MAPPED
2026-05-13,2026-05-13T15:28:42.825732+00:00,RUN-REAL-ESS-20260513-002,FIDELITY,SecurityExtract_ESS_2026May13.csv,FRPT,STARMINE_COVERED,COVERED,BEARISH,2.0,True,TEXT_MAPPED
2026-05-13,2026-05-13T15:28:42.825732+00:00,RUN-REAL-ESS-20260513-002,FIDELITY,SecurityExtract_ESS_2026May13.csv,FLGT,STARMINE_COVERED,COVERED,VERY_BEARISH,1.0,True,TEXT_MAPPED
2026-05-13,2026-05-13T15:28:42.825732+00:00,RUN-REAL-ESS-20260513-002,FIDELITY,SecurityExtract_ESS_2026May13.csv,FF,STARMINE_COVERED,COVERED,VERY_BEARISH,1.0,True,TEXT_MAPPED
2026-05-13,2026-05-13T15:28:42.825732+00:00,RUN-REAL-ESS-20260513-002,FIDELITY,SecurityExtract_ESS_2026May13.csv,GIII,STARMINE_COVERED,COVERED,VERY_BEARISH,1.0,True,TEXT_MAPPED
2026-05-13,2026-05-13T15:28:42.825732+00:00,RUN-REAL-ESS-20260513-002,FIDELITY,SecurityExtract_ESS_2026May13.csv,GIS,STARMINE_COVERED,COVERED,VERY_BEARISH,1.0,True,TEXT_MAPPED
2026-05-13,2026-05-13T15:28:42.825732+00:00,RUN-REAL-ESS-20260513-002,FIDELITY,SecurityExtract_ESS_2026May13.csv,GPC,STARMINE_COVERED,COVERED,VERY_BEARISH,1.0,True,TEXT_MAPPED
2026-05-13,2026-05-13T15:28:42.825732+00:00,RUN-REAL-ESS-20260513-002,FIDELITY,SecurityExtract_ESS_2026May13.csv,GNW,STARMINE_COVERED,COVERED,VERY_BEARISH,1.0,True,TEXT_MAPPED
2026-05-13,2026-05-13T15:28:42.825732+00:00,RUN-REAL-ESS-20260513-002,FIDELITY,SecurityExtract_ESS_2026May13.csv,GABC,STARMINE_COVERED,COVERED,BEARISH,2.0,True,TEXT_MAPPED
2026-05-13,2026-05-13T15:28:42.825732+00:00,RUN-REAL-ESS-20260513-002,FIDELITY,SecurityExtract_ESS_2026May13.csv,GERN,STARMINE_COVERED,COVERED,BEARISH,2.0,True,TEXT_MAPPED
2026-05-13,2026-05-13T15:28:42.825732+00:00,RUN-REAL-ESS-20260513-002,FIDELITY,SecurityExtract_ESS_2026May13.csv,GTY,STARMINE_COVERED,COVERED,VERY_BEARISH,1.0,True,TEXT_MAPPED
2026-05-13,2026-05-13T15:28:42.825732+00:00,RUN-REAL-ESS-20260513-002,FIDELITY,SecurityExtract_ESS_2026May13.csv,GILT,STARMINE_COVERED,COVERED,BEARISH,2.0,True,TEXT_MAPPED
2026-05-13,2026-05-13T15:28:42.825732+00:00,RUN-REAL-ESS-20260513-002,FIDELITY,SecurityExtract_ESS_2026May13.csv,GIL,STARMINE_COVERED,COVERED,BEARISH,2.0,True,TEXT_MAPPED
2026-05-13,2026-05-13T15:28:42.825732+00:00,RUN-REAL-ESS-20260513-002,FIDELITY,SecurityExtract_ESS_2026May13.csv,GBCI,STARMINE_COVERED,COVERED,VERY_BEARISH,1.0,True,TEXT_MAPPED
2026-05-13,2026-05-13T15:28:42.825732+00:00,RUN-REAL-ESS-20260513-002,FIDELITY,SecurityExtract_ESS_2026May13.csv,GKOS,STARMINE_COVERED,COVERED,BEARISH,2.0,True,TEXT_MAPPED
2026-05-13,2026-05-13T15:28:42.825732+00:00,RUN-REAL-ESS-20260513-002,FIDELITY,SecurityExtract_ESS_2026May13.csv,GWRS,STARMINE_COVERED,COVERED,VERY_BEARISH,1.0,True,TEXT_MAPPED
2026-05-13,2026-05-13T15:28:42.825732+00:00,RUN-REAL-ESS-20260513-002,FIDELITY,SecurityExtract_ESS_2026May13.csv,GSAT,STARMINE_COVERED,COVERED,BEARISH,2.0,True,TEXT_MAPPED
2026-05-13,2026-05-13T15:28:42.825732+00:00,RUN-REAL-ESS-20260513-002,FIDELITY,SecurityExtract_ESS_2026May13.csv,GLOB,STARMINE_COVERED,COVERED,BEARISH,2.0,True,TEXT_MAPPED
2026-05-13,2026-05-13T15:28:42.825732+00:00,RUN-REAL-ESS-20260513-002,FIDELITY,SecurityExtract_ESS_2026May13.csv,GOGO,STARMINE_COVERED,COVERED,BEARISH,2.0,True,TEXT_MAPPED
2026-05-13,2026-05-13T15:28:42.825732+00:00,RUN-REAL-ESS-20260513-002,FIDELITY,SecurityExtract_ESS_2026May13.csv,GFI,STARMINE_COVERED,COVERED,VERY_BEARISH,1.0,True,TEXT_MAPPED
2026-05-13,2026-05-13T15:28:42.825732+00:00,RUN-REAL-ESS-20260513-002,FIDELITY,SecurityExtract_ESS_2026May13.csv,GT,STARMINE_COVERED,COVERED,VERY_BEARISH,1.0,True,TEXT_MAPPED
2026-05-13,2026-05-13T15:28:42.825732+00:00,RUN-REAL-ESS-20260513-002,FIDELITY,SecurityExtract_ESS_2026May13.csv,GPK,STARMINE_COVERED,COVERED,VERY_BEARISH,1.0,True,TEXT_MAPPED
2026-05-13,2026-05-13T15:28:42.825732+00:00,RUN-REAL-ESS-20260513-002,FIDELITY,SecurityExtract_ESS_2026May13.csv,GBX,STARMINE_COVERED,COVERED,BEARISH,2.0,True,TEXT_MAPPED
2026-05-13,2026-05-13T15:28:42.825732+00:00,RUN-REAL-ESS-20260513-002,FIDELITY,SecurityExtract_ESS_2026May13.csv,GEF,STARMINE_COVERED,COVERED,BEARISH,2.0,True,TEXT_MAPPED
2026-05-13,2026-05-13T15:28:42.825732+00:00,RUN-REAL-ESS-20260513-002,FIDELITY,SecurityExtract_ESS_2026May13.csv,GDYN,STARMINE_COVERED,COVERED,BEARISH,2.0,True,TEXT_MAPPED
2026-05-13,2026-05-13T15:28:42.825732+00:00,RUN-REAL-ESS-20260513-002,FIDELITY,SecurityExtract_ESS_2026May13.csv,GO,STARMINE_COVERED,COVERED,VERY_BEARISH,1.0,True,TEXT_MAPPED
2026-05-13,2026-05-13T15:28:42.825732+00:00,RUN-REAL-ESS-20260513-002,FIDELITY,SecurityExtract_ESS_2026May13.csv,GRWG,STARMINE_COVERED,COVERED,BEARISH,2.0,True,TEXT_MAPPED
2026-05-13,2026-05-13T15:28:42.825732+00:00,RUN-REAL-ESS-20260513-002,FIDELITY,SecurityExtract_ESS_2026May13.csv,GH,STARMINE_COVERED,COVERED,VERY_BEARISH,1.0,True,TEXT_MAPPED
2026-05-13,2026-05-13T15:28:42.825732+00:00,RUN-REAL-ESS-20260513-002,FIDELITY,SecurityExtract_ESS_2026May13.csv,GWRE,STARMINE_COVERED,COVERED,BEARISH,2.0,True,TEXT_MAPPED
2026-05-13,2026-05-13T15:28:42.825732+00:00,RUN-REAL-ESS-20260513-002,FIDELITY,SecurityExtract_ESS_2026May13.csv,HLIT,STARMINE_COVERED,COVERED,VERY_BEARISH,1.0,True,TEXT_MAPPED
2026-05-13,2026-05-13T15:28:42.825732+00:00,RUN-REAL-ESS-20260513-002,FIDELITY,SecurityExtract_ESS_2026May13.csv,HEI,STARMINE_COVERED,COVERED,BEARISH,2.0,True,TEXT_MAPPED
2026-05-13,2026-05-13T15:28:42.825732+00:00,RUN-REAL-ESS-20260513-002,FIDELITY,SecurityExtract_ESS_2026May13.csv,HFWA,STARMINE_COVERED,COVERED,VERY_BEARISH,1.0,True,TEXT_MAPPED
2026-05-13,2026-05-13T15:28:42.825732+00:00,RUN-REAL-ESS-20260513-002,FIDELITY,SecurityExtract_ESS_2026May13.csv,HSY,STARMINE_COVERED,COVERED,VERY_BEARISH,1.0,True,TEXT_MAPPED
2026-05-13,2026-05-13T15:28:42.825732+00:00,RUN-REAL-ESS-20260513-002,FIDELITY,SecurityExtract_ESS_2026May13.csv,HTZ,STARMINE_COVERED,COVERED,VERY_BEARISH,1.0,True,TEXT_MAPPED
2026-05-13,2026-05-13T15:28:42.825732+00:00,RUN-REAL-ESS-20260513-002,FIDELITY,SecurityExtract_ESS_2026May13.csv,HIMS,STARMINE_COVERED,COVERED,BEARISH,2.0,True,TEXT_MAPPED
2026-05-13,2026-05-13T15:28:42.825732+00:00,RUN-REAL-ESS-20260513-002,FIDELITY,SecurityExtract_ESS_2026May13.csv,HNI,STARMINE_COVERED,COVERED,VERY_BEARISH,1.0,True,TEXT_MAPPED
2026-05-13,2026-05-13T15:28:42.825732+00:00,RUN-REAL-ESS-20260513-002,FIDELITY,SecurityExtract_ESS_2026May13.csv,HOV,STARMINE_COVERED,COVERED,VERY_BEARISH,1.0,True,TEXT_MAPPED
2026-05-13,2026-05-13T15:28:42.825732+00:00,RUN-REAL-ESS-20260513-002,FIDELITY,SecurityExtract_ESS_2026May13.csv,HUBS,STARMINE_COVERED,COVERED,VERY_BEARISH,1.0,True,TEXT_MAPPED
2026-05-13,2026-05-13T15:28:42.825732+00:00,RUN-REAL-ESS-20260513-002,FIDELITY,SecurityExtract_ESS_2026May13.csv,HUM,STARMINE_COVERED,COVERED,VERY_BEARISH,1.0,True,TEXT_MAPPED
2026-05-13,2026-05-13T15:28:42.825732+00:00,RUN-REAL-ESS-20260513-002,FIDELITY,SecurityExtract_ESS_2026May13.csv,HII,STARMINE_COVERED,COVERED,BEARISH,2.0,True,TEXT_MAPPED
2026-05-13,2026-05-13T15:28:42.825732+00:00,RUN-REAL-ESS-20260513-002,FIDELITY,SecurityExtract_ESS_2026May13.csv,IAC,STARMINE_COVERED,COVERED,VERY_BEARISH,1.0,True,TEXT_MAPPED
2026-05-13,2026-05-13T15:28:42.825732+00:00,RUN-REAL-ESS-20260513-002,FIDELITY,SecurityExtract_ESS_2026May13.csv,IBN,STARMINE_COVERED,COVERED,VERY_BEARISH,1.0,True,TEXT_MAPPED
2026-05-13,2026-05-13T15:28:42.825732+00:00,RUN-REAL-ESS-20260513-002,FIDELITY,SecurityExtract_ESS_2026May13.csv,IDA,STARMINE_COVERED,COVERED,BEARISH,2.0,True,TEXT_MAPPED
2026-05-13,2026-05-13T15:28:42.825732+00:00,RUN-REAL-ESS-20260513-002,FIDELITY,SecurityExtract_ESS_2026May13.csv,INVE,STARMINE_COVERED,COVERED,BEARISH,2.0,True,TEXT_MAPPED
2026-05-13,2026-05-13T15:28:42.825732+00:00,RUN-REAL-ESS-20260513-002,FIDELITY,SecurityExtract_ESS_2026May13.csv,IHRT,STARMINE_COVERED,COVERED,VERY_BEARISH,1.0,True,TEXT_MAPPED
2026-05-13,2026-05-13T15:28:42.825732+00:00,RUN-REAL-ESS-20260513-002,FIDELITY,SecurityExtract_ESS_2026May13.csv,IMAX,STARMINE_COVERED,COVERED,VERY_BEARISH,1.0,True,TEXT_MAPPED
2026-05-13,2026-05-13T15:28:42.825732+00:00,RUN-REAL-ESS-20260513-002,FIDELITY,SecurityExtract_ESS_2026May13.csv,IMMR,STARMINE_COVERED,COVERED,VERY_BEARISH,1.0,True,TEXT_MAPPED
2026-05-13,2026-05-13T15:28:42.825732+00:00,RUN-REAL-ESS-20260513-002,FIDELITY,SecurityExtract_ESS_2026May13.csv,IBRX,STARMINE_COVERED,COVERED,VERY_BEARISH,1.0,True,TEXT_MAPPED
2026-05-13,2026-05-13T15:28:42.825732+00:00,RUN-REAL-ESS-20260513-002,FIDELITY,SecurityExtract_ESS_2026May13.csv,INFY,STARMINE_COVERED,COVERED,BEARISH,2.0,True,TEXT_MAPPED
2026-05-13,2026-05-13T15:28:42.825732+00:00,RUN-REAL-ESS-20260513-002,FIDELITY,SecurityExtract_ESS_2026May13.csv,IR,STARMINE_COVERED,COVERED,BEARISH,2.0,True,TEXT_MAPPED
2026-05-13,2026-05-13T15:28:42.825732+00:00,RUN-REAL-ESS-20260513-002,FIDELITY,SecurityExtract_ESS_2026May13.csv,INVX,STARMINE_COVERED,COVERED,VERY_BEARISH,1.0,True,TEXT_MAPPED
2026-05-13,2026-05-13T15:28:42.825732+00:00,RUN-REAL-ESS-20260513-002,FIDELITY,SecurityExtract_ESS_2026May13.csv,INSM,STARMINE_COVERED,COVERED,VERY_BEARISH,1.0,True,TEXT_MAPPED
2026-05-13,2026-05-13T15:28:42.825732+00:00,RUN-REAL-ESS-20260513-002,FIDELITY,SecurityExtract_ESS_2026May13.csv,IART,STARMINE_COVERED,COVERED,BEARISH,2.0,True,TEXT_MAPPED
2026-05-13,2026-05-13T15:28:42.825732+00:00,RUN-REAL-ESS-20260513-002,FIDELITY,SecurityExtract_ESS_2026May13.csv,NTLA,STARMINE_COVERED,COVERED,BEARISH,2.0,True,TEXT_MAPPED
2026-05-13,2026-05-13T15:28:42.825732+00:00,RUN-REAL-ESS-20260513-002,FIDELITY,SecurityExtract_ESS_2026May13.csv,IP,STARMINE_COVERED,COVERED,BEARISH,2.0,True,TEXT_MAPPED
2026-05-13,2026-05-13T15:28:42.825732+00:00,RUN-REAL-ESS-20260513-002,FIDELITY,SecurityExtract_ESS_2026May13.csv,INTU,STARMINE_COVERED,COVERED,VERY_BEARISH,1.0,True,TEXT_MAPPED
2026-05-13,2026-05-13T15:28:42.825732+00:00,RUN-REAL-ESS-20260513-002,FIDELITY,SecurityExtract_ESS_2026May13.csv,IONS,STARMINE_COVERED,COVERED,VERY_BEARISH,1.0,True,TEXT_MAPPED
2026-05-13,2026-05-13T15:28:42.825732+00:00,RUN-REAL-ESS-20260513-002,FIDELITY,SecurityExtract_ESS_2026May13.csv,IPGP,STARMINE_COVERED,COVERED,VERY_BEARISH,1.0,True,TEXT_MAPPED
2026-05-13,2026-05-13T15:28:42.825732+00:00,RUN-REAL-ESS-20260513-002,FIDELITY,SecurityExtract_ESS_2026May13.csv,IQ,STARMINE_COVERED,COVERED,VERY_BEARISH,1.0,True,TEXT_MAPPED
2026-05-13,2026-05-13T15:28:42.825732+00:00,RUN-REAL-ESS-20260513-002,FIDELITY,SecurityExtract_ESS_2026May13.csv,IRTC,STARMINE_COVERED,COVERED,VERY_BEARISH,1.0,True,TEXT_MAPPED
2026-05-13,2026-05-13T15:28:42.825732+00:00,RUN-REAL-ESS-20260513-002,FIDELITY,SecurityExtract_ESS_2026May13.csv,JBTM,STARMINE_COVERED,COVERED,BEARISH,2.0,True,TEXT_MAPPED
2026-05-13,2026-05-13T15:28:42.825732+00:00,RUN-REAL-ESS-20260513-002,FIDELITY,SecurityExtract_ESS_2026May13.csv,JEF,STARMINE_COVERED,COVERED,BEARISH,2.0,True,TEXT_MAPPED
2026-05-13,2026-05-13T15:28:42.825732+00:00,RUN-REAL-ESS-20260513-002,FIDELITY,SecurityExtract_ESS_2026May13.csv,JELD,STARMINE_COVERED,COVERED,VERY_BEARISH,1.0,True,TEXT_MAPPED
2026-05-13,2026-05-13T15:28:42.825732+00:00,RUN-REAL-ESS-20260513-002,FIDELITY,SecurityExtract_ESS_2026May13.csv,JOBY,STARMINE_COVERED,COVERED,BEARISH,2.0,True,TEXT_MAPPED
2026-05-13,2026-05-13T15:28:42.825732+00:00,RUN-REAL-ESS-20260513-002,FIDELITY,SecurityExtract_ESS_2026May13.csv,DERM,STARMINE_COVERED,COVERED,BEARISH,2.0,True,TEXT_MAPPED
2026-05-13,2026-05-13T15:28:42.825732+00:00,RUN-REAL-ESS-20260513-002,FIDELITY,SecurityExtract_ESS_2026May13.csv,JPM,STARMINE_COVERED,COVERED,BEARISH,2.0,True,TEXT_MAPPED
2026-05-13,2026-05-13T15:28:42.825732+00:00,RUN-REAL-ESS-20260513-002,FIDELITY,SecurityExtract_ESS_2026May13.csv,KALV,STARMINE_COVERED,COVERED,BEARISH,2.0,True,TEXT_MAPPED
2026-05-13,2026-05-13T15:28:42.825732+00:00,RUN-REAL-ESS-20260513-002,FIDELITY,SecurityExtract_ESS_2026May13.csv,KBH,STARMINE_COVERED,COVERED,VERY_BEARISH,1.0,True,TEXT_MAPPED
2026-05-13,2026-05-13T15:28:42.825732+00:00,RUN-REAL-ESS-20260513-002,FIDELITY,SecurityExtract_ESS_2026May13.csv,KMPR,STARMINE_COVERED,COVERED,VERY_BEARISH,1.0,True,TEXT_MAPPED
2026-05-13,2026-05-13T15:28:42.825732+00:00,RUN-REAL-ESS-20260513-002,FIDELITY,SecurityExtract_ESS_2026May13.csv,KW,STARMINE_COVERED,COVERED,VERY_BEARISH,1.0,True,TEXT_MAPPED
2026-05-13,2026-05-13T15:28:42.825732+00:00,RUN-REAL-ESS-20260513-002,FIDELITY,SecurityExtract_ESS_2026May13.csv,KREF,STARMINE_COVERED,COVERED,BEARISH,2.0,True,TEXT_MAPPED
2026-05-13,2026-05-13T15:28:42.825732+00:00,RUN-REAL-ESS-20260513-002,FIDELITY,SecurityExtract_ESS_2026May13.csv,KNF,STARMINE_COVERED,COVERED,VERY_BEARISH,1.0,True,TEXT_MAPPED
2026-05-13,2026-05-13T15:28:42.825732+00:00,RUN-REAL-ESS-20260513-002,FIDELITY,SecurityExtract_ESS_2026May13.csv,KRMD,STARMINE_COVERED,COVERED,BEARISH,2.0,True,TEXT_MAPPED
2026-05-13,2026-05-13T15:28:42.825732+00:00,RUN-REAL-ESS-20260513-002,FIDELITY,SecurityExtract_ESS_2026May13.csv,KTOS,STARMINE_COVERED,COVERED,VERY_BEARISH,1.0,True,TEXT_MAPPED
2026-05-13,2026-05-13T15:28:42.825732+00:00,RUN-REAL-ESS-20260513-002,FIDELITY,SecurityExtract_ESS_2026May13.csv,KLIC,STARMINE_COVERED,COVERED,BEARISH,2.0,True,TEXT_MAPPED
2026-05-13,2026-05-13T15:28:42.825732+00:00,RUN-REAL-ESS-20260513-002,FIDELITY,SecurityExtract_ESS_2026May13.csv,KULR,STARMINE_COVERED,COVERED,BEARISH,2.0,True,TEXT_MAPPED
2026-05-13,2026-05-13T15:28:42.825732+00:00,RUN-REAL-ESS-20260513-002,FIDELITY,SecurityExtract_ESS_2026May13.csv,KURA,STARMINE_COVERED,COVERED,VERY_BEARISH,1.0,True,TEXT_MAPPED
2026-05-13,2026-05-13T15:28:42.825732+00:00,RUN-REAL-ESS-20260513-002,FIDELITY,SecurityExtract_ESS_2026May13.csv,KRUS,STARMINE_COVERED,COVERED,VERY_BEARISH,1.0,True,TEXT_MAPPED
2026-05-13,2026-05-13T15:28:42.825732+00:00,RUN-REAL-ESS-20260513-002,FIDELITY,SecurityExtract_ESS_2026May13.csv,KD,STARMINE_COVERED,COVERED,VERY_BEARISH,1.0,True,TEXT_MAPPED
2026-05-13,2026-05-13T15:28:42.825732+00:00,RUN-REAL-ESS-20260513-002,FIDELITY,SecurityExtract_ESS_2026May13.csv,LKFN,STARMINE_COVERED,COVERED,BEARISH,2.0,True,TEXT_MAPPED
2026-05-13,2026-05-13T15:28:42.825732+00:00,RUN-REAL-ESS-20260513-002,FIDELITY,SecurityExtract_ESS_2026May13.csv,LB,STARMINE_COVERED,COVERED,VERY_BEARISH,1.0,True,TEXT_MAPPED
2026-05-13,2026-05-13T15:28:42.825732+00:00,RUN-REAL-ESS-20260513-002,FIDELITY,SecurityExtract_ESS_2026May13.csv,LAZ,STARMINE_COVERED,COVERED,BEARISH,2.0,True,TEXT_MAPPED
2026-05-13,2026-05-13T15:28:42.825732+00:00,RUN-REAL-ESS-20260513-002,FIDELITY,SecurityExtract_ESS_2026May13.csv,LZ,STARMINE_COVERED,COVERED,VERY_BEARISH,1.0,True,TEXT_MAPPED
2026-05-13,2026-05-13T15:28:42.825732+00:00,RUN-REAL-ESS-20260513-002,FIDELITY,SecurityExtract_ESS_2026May13.csv,LMND,STARMINE_COVERED,COVERED,VERY_BEARISH,1.0,True,TEXT_MAPPED
2026-05-13,2026-05-13T15:28:42.825732+00:00,RUN-REAL-ESS-20260513-002,FIDELITY,SecurityExtract_ESS_2026May13.csv,LEN,STARMINE_COVERED,COVERED,BEARISH,2.0,True,TEXT_MAPPED
2026-05-13,2026-05-13T15:28:42.825732+00:00,RUN-REAL-ESS-20260513-002,FIDELITY,SecurityExtract_ESS_2026May13.csv,LGIH,STARMINE_COVERED,COVERED,BEARISH,2.0,True,TEXT_MAPPED
2026-05-13,2026-05-13T15:28:42.825732+00:00,RUN-REAL-ESS-20260513-002,FIDELITY,SecurityExtract_ESS_2026May13.csv,LMNR,STARMINE_COVERED,COVERED,VERY_BEARISH,1.0,True,TEXT_MAPPED
2026-05-13,2026-05-13T15:28:42.825732+00:00,RUN-REAL-ESS-20260513-002,FIDELITY,SecurityExtract_ESS_2026May13.csv,LYV,STARMINE_COVERED,COVERED,VERY_BEARISH,1.0,True,TEXT_MAPPED
2026-05-13,2026-05-13T15:28:42.825732+00:00,RUN-REAL-ESS-20260513-002,FIDELITY,SecurityExtract_ESS_2026May13.csv,LOB,STARMINE_COVERED,COVERED,VERY_BEARISH,1.0,True,TEXT_MAPPED
2026-05-13,2026-05-13T15:28:42.825732+00:00,RUN-REAL-ESS-20260513-002,FIDELITY,SecurityExtract_ESS_2026May13.csv,LOOP,STARMINE_COVERED,COVERED,VERY_BEARISH,1.0,True,TEXT_MAPPED
2026-05-13,2026-05-13T15:28:42.825732+00:00,RUN-REAL-ESS-20260513-002,FIDELITY,SecurityExtract_ESS_2026May13.csv,LPX,STARMINE_COVERED,COVERED,VERY_BEARISH,1.0,True,TEXT_MAPPED
2026-05-13,2026-05-13T15:28:42.825732+00:00,RUN-REAL-ESS-20260513-002,FIDELITY,SecurityExtract_ESS_2026May13.csv,LCID,STARMINE_COVERED,COVERED,VERY_BEARISH,1.0,True,TEXT_MAPPED
2026-05-13,2026-05-13T15:28:42.825732+00:00,RUN-REAL-ESS-20260513-002,FIDELITY,SecurityExtract_ESS_2026May13.csv,MHO,STARMINE_COVERED,COVERED,BEARISH,2.0,True,TEXT_MAPPED
2026-05-13,2026-05-13T15:28:42.825732+00:00,RUN-REAL-ESS-20260513-002,FIDELITY,SecurityExtract_ESS_2026May13.csv,MSGS,STARMINE_COVERED,COVERED,VERY_BEARISH,1.0,True,TEXT_MAPPED
2026-05-13,2026-05-13T15:28:42.825732+00:00,RUN-REAL-ESS-20260513-002,FIDELITY,SecurityExtract_ESS_2026May13.csv,MDGL,STARMINE_COVERED,COVERED,BEARISH,2.0,True,TEXT_MAPPED
2026-05-13,2026-05-13T15:28:42.825732+00:00,RUN-REAL-ESS-20260513-002,FIDELITY,SecurityExtract_ESS_2026May13.csv,MGNI,STARMINE_COVERED,COVERED,BEARISH,2.0,True,TEXT_MAPPED
2026-05-13,2026-05-13T15:28:42.825732+00:00,RUN-REAL-ESS-20260513-002,FIDELITY,SecurityExtract_ESS_2026May13.csv,MMYT,STARMINE_COVERED,COVERED,BEARISH,2.0,True,TEXT_MAPPED
2026-05-13,2026-05-13T15:28:42.825732+00:00,RUN-REAL-ESS-20260513-002,FIDELITY,SecurityExtract_ESS_2026May13.csv,MAMA,STARMINE_COVERED,COVERED,BEARISH,2.0,True,TEXT_MAPPED
2026-05-13,2026-05-13T15:28:42.825732+00:00,RUN-REAL-ESS-20260513-002,FIDELITY,SecurityExtract_ESS_2026May13.csv,MCHX,STARMINE_COVERED,COVERED,BEARISH,2.0,True,TEXT_MAPPED
2026-05-13,2026-05-13T15:28:42.825732+00:00,RUN-REAL-ESS-20260513-002,FIDELITY,SecurityExtract_ESS_2026May13.csv,MMI,STARMINE_COVERED,COVERED,VERY_BEARISH,1.0,True,TEXT_MAPPED
2026-05-13,2026-05-13T15:28:42.825732+00:00,RUN-REAL-ESS-20260513-002,FIDELITY,SecurityExtract_ESS_2026May13.csv,HZO,STARMINE_COVERED,COVERED,BEARISH,2.0,True,TEXT_MAPPED
2026-05-13,2026-05-13T15:28:42.825732+00:00,RUN-REAL-ESS-20260513-002,FIDELITY,SecurityExtract_ESS_2026May13.csv,MLM,STARMINE_COVERED,COVERED,BEARISH,2.0,True,TEXT_MAPPED
2026-05-13,2026-05-13T15:28:42.825732+00:00,RUN-REAL-ESS-20260513-002,FIDELITY,SecurityExtract_ESS_2026May13.csv,MKC,STARMINE_COVERED,COVERED,BEARISH,2.0,True,TEXT_MAPPED
2026-05-13,2026-05-13T15:28:42.825732+00:00,RUN-REAL-ESS-20260513-002,FIDELITY,SecurityExtract_ESS_2026May13.csv,MUX,STARMINE_COVERED,COVERED,VERY_BEARISH,1.0,True,TEXT_MAPPED
2026-05-13,2026-05-13T15:28:42.825732+00:00,RUN-REAL-ESS-20260513-002,FIDELITY,SecurityExtract_ESS_2026May13.csv,MDWD,STARMINE_COVERED,COVERED,VERY_BEARISH,1.0,True,TEXT_MAPPED
2026-05-13,2026-05-13T15:28:42.825732+00:00,RUN-REAL-ESS-20260513-002,FIDELITY,SecurityExtract_ESS_2026May13.csv,MELI,STARMINE_COVERED,COVERED,BEARISH,2.0,True,TEXT_MAPPED
2026-05-13,2026-05-13T15:28:42.825732+00:00,RUN-REAL-ESS-20260513-002,FIDELITY,SecurityExtract_ESS_2026May13.csv,MIDD,STARMINE_COVERED,COVERED,BEARISH,2.0,True,TEXT_MAPPED
2026-05-13,2026-05-13T15:28:42.825732+00:00,RUN-REAL-ESS-20260513-002,FIDELITY,SecurityExtract_ESS_2026May13.csv,MSEX,STARMINE_COVERED,COVERED,VERY_BEARISH,1.0,True,TEXT_MAPPED
2026-05-13,2026-05-13T15:28:42.825732+00:00,RUN-REAL-ESS-20260513-002,FIDELITY,SecurityExtract_ESS_2026May13.csv,MLKN,STARMINE_COVERED,COVERED,VERY_BEARISH,1.0,True,TEXT_MAPPED
2026-05-13,2026-05-13T15:28:42.825732+00:00,RUN-REAL-ESS-20260513-002,FIDELITY,SecurityExtract_ESS_2026May13.csv,MIR,STARMINE_COVERED,COVERED,BEARISH,2.0,True,TEXT_MAPPED
2026-05-13,2026-05-13T15:28:42.825732+00:00,RUN-REAL-ESS-20260513-002,FIDELITY,SecurityExtract_ESS_2026May13.csv,MOD,STARMINE_COVERED,COVERED,BEARISH,2.0,True,TEXT_MAPPED
2026-05-13,2026-05-13T15:28:42.825732+00:00,RUN-REAL-ESS-20260513-002,FIDELITY,SecurityExtract_ESS_2026May13.csv,MHK,STARMINE_COVERED,COVERED,VERY_BEARISH,1.0,True,TEXT_MAPPED
2026-05-13,2026-05-13T15:28:42.825732+00:00,RUN-REAL-ESS-20260513-002,FIDELITY,SecurityExtract_ESS_2026May13.csv,MOH,STARMINE_COVERED,COVERED,BEARISH,2.0,True,TEXT_MAPPED
2026-05-13,2026-05-13T15:28:42.825732+00:00,RUN-REAL-ESS-20260513-002,FIDELITY,SecurityExtract_ESS_2026May13.csv,MDB,STARMINE_COVERED,COVERED,VERY_BEARISH,1.0,True,TEXT_MAPPED
2026-05-13,2026-05-13T15:28:42.825732+00:00,RUN-REAL-ESS-20260513-002,FIDELITY,SecurityExtract_ESS_2026May13.csv,MOS,STARMINE_COVERED,COVERED,VERY_BEARISH,1.0,True,TEXT_MAPPED
2026-05-13,2026-05-13T15:28:42.825732+00:00,RUN-REAL-ESS-20260513-002,FIDELITY,SecurityExtract_ESS_2026May13.csv,MPLX,STARMINE_COVERED,COVERED,VERY_BEARISH,1.0,True,TEXT_MAPPED
2026-05-13,2026-05-13T15:28:42.825732+00:00,RUN-REAL-ESS-20260513-002,FIDELITY,SecurityExtract_ESS_2026May13.csv,MSA,STARMINE_COVERED,COVERED,BEARISH,2.0,True,TEXT_MAPPED
2026-05-13,2026-05-13T15:28:42.825732+00:00,RUN-REAL-ESS-20260513-002,FIDELITY,SecurityExtract_ESS_2026May13.csv,MVBF,STARMINE_COVERED,COVERED,BEARISH,2.0,True,TEXT_MAPPED
2026-05-13,2026-05-13T15:28:42.825732+00:00,RUN-REAL-ESS-20260513-002,FIDELITY,SecurityExtract_ESS_2026May13.csv,NABL,STARMINE_COVERED,COVERED,BEARISH,2.0,True,TEXT_MAPPED
2026-05-13,2026-05-13T15:28:42.825732+00:00,RUN-REAL-ESS-20260513-002,FIDELITY,SecurityExtract_ESS_2026May13.csv,NBHC,STARMINE_COVERED,COVERED,BEARISH,2.0,True,TEXT_MAPPED
2026-05-13,2026-05-13T15:28:42.825732+00:00,RUN-REAL-ESS-20260513-002,FIDELITY,SecurityExtract_ESS_2026May13.csv,NPK,STARMINE_COVERED,COVERED,VERY_BEARISH,1.0,True,TEXT_MAPPED
2026-05-13,2026-05-13T15:28:42.825732+00:00,RUN-REAL-ESS-20260513-002,FIDELITY,SecurityExtract_ESS_2026May13.csv,NGS,STARMINE_COVERED,COVERED,VERY_BEARISH,1.0,True,TEXT_MAPPED
2026-05-13,2026-05-13T15:28:42.825732+00:00,RUN-REAL-ESS-20260513-002,FIDELITY,SecurityExtract_ESS_2026May13.csv,NAVI,STARMINE_COVERED,COVERED,BEARISH,2.0,True,TEXT_MAPPED
2026-05-13,2026-05-13T15:28:42.825732+00:00,RUN-REAL-ESS-20260513-002,FIDELITY,SecurityExtract_ESS_2026May13.csv,NKTR,STARMINE_COVERED,COVERED,VERY_BEARISH,1.0,True,TEXT_MAPPED
2026-05-13,2026-05-13T15:28:42.825732+00:00,RUN-REAL-ESS-20260513-002,FIDELITY,SecurityExtract_ESS_2026May13.csv,NEO,STARMINE_COVERED,COVERED,BEARISH,2.0,True,TEXT_MAPPED
2026-05-13,2026-05-13T15:28:42.825732+00:00,RUN-REAL-ESS-20260513-002,FIDELITY,SecurityExtract_ESS_2026May13.csv,STIM,STARMINE_COVERED,COVERED,BEARISH,2.0,True,TEXT_MAPPED
2026-05-13,2026-05-13T15:28:42.825732+00:00,RUN-REAL-ESS-20260513-002,FIDELITY,SecurityExtract_ESS_2026May13.csv,NFE,STARMINE_COVERED,COVERED,VERY_BEARISH,1.0,True,TEXT_MAPPED
2026-05-13,2026-05-13T15:28:42.825732+00:00,RUN-REAL-ESS-20260513-002,FIDELITY,SecurityExtract_ESS_2026May13.csv,NWL,STARMINE_COVERED,COVERED,VERY_BEARISH,1.0,True,TEXT_MAPPED
2026-05-13,2026-05-13T15:28:42.825732+00:00,RUN-REAL-ESS-20260513-002,FIDELITY,SecurityExtract_ESS_2026May13.csv,NXRT,STARMINE_COVERED,COVERED,VERY_BEARISH,1.0,True,TEXT_MAPPED
2026-05-13,2026-05-13T15:28:42.825732+00:00,RUN-REAL-ESS-20260513-002,FIDELITY,SecurityExtract_ESS_2026May13.csv,NEXT,STARMINE_COVERED,COVERED,VERY_BEARISH,1.0,True,TEXT_MAPPED
2026-05-13,2026-05-13T15:28:42.825732+00:00,RUN-REAL-ESS-20260513-002,FIDELITY,SecurityExtract_ESS_2026May13.csv,NL,STARMINE_COVERED,COVERED,VERY_BEARISH,1.0,True,TEXT_MAPPED
2026-05-13,2026-05-13T15:28:42.825732+00:00,RUN-REAL-ESS-20260513-002,FIDELITY,SecurityExtract_ESS_2026May13.csv,NE,STARMINE_COVERED,COVERED,VERY_BEARISH,1.0,True,TEXT_MAPPED
2026-05-13,2026-05-13T15:28:42.825732+00:00,RUN-REAL-ESS-20260513-002,FIDELITY,SecurityExtract_ESS_2026May13.csv,NTIC,STARMINE_COVERED,COVERED,VERY_BEARISH,1.0,True,TEXT_MAPPED
2026-05-13,2026-05-13T15:28:42.825732+00:00,RUN-REAL-ESS-20260513-002,FIDELITY,SecurityExtract_ESS_2026May13.csv,NOC,STARMINE_COVERED,COVERED,BEARISH,2.0,True,TEXT_MAPPED
2026-05-13,2026-05-13T15:28:42.825732+00:00,RUN-REAL-ESS-20260513-002,FIDELITY,SecurityExtract_ESS_2026May13.csv,NCLH,STARMINE_COVERED,COVERED,VERY_BEARISH,1.0,True,TEXT_MAPPED
2026-05-13,2026-05-13T15:28:42.825732+00:00,RUN-REAL-ESS-20260513-002,FIDELITY,SecurityExtract_ESS_2026May13.csv,NG,STARMINE_COVERED,COVERED,BEARISH,2.0,True,TEXT_MAPPED
2026-05-13,2026-05-13T15:28:42.825732+00:00,RUN-REAL-ESS-20260513-002,FIDELITY,SecurityExtract_ESS_2026May13.csv,NVCR,STARMINE_COVERED,COVERED,VERY_BEARISH,1.0,True,TEXT_MAPPED
2026-05-13,2026-05-13T15:28:42.825732+00:00,RUN-REAL-ESS-20260513-002,FIDELITY,SecurityExtract_ESS_2026May13.csv,OI,STARMINE_COVERED,COVERED,VERY_BEARISH,1.0,True,TEXT_MAPPED
2026-05-13,2026-05-13T15:28:42.825732+00:00,RUN-REAL-ESS-20260513-002,FIDELITY,SecurityExtract_ESS_2026May13.csv,ORLY,STARMINE_COVERED,COVERED,BEARISH,2.0,True,TEXT_MAPPED
2026-05-13,2026-05-13T15:28:42.825732+00:00,RUN-REAL-ESS-20260513-002,FIDELITY,SecurityExtract_ESS_2026May13.csv,OCUL,STARMINE_COVERED,COVERED,VERY_BEARISH,1.0,True,TEXT_MAPPED
2026-05-13,2026-05-13T15:28:42.825732+00:00,RUN-REAL-ESS-20260513-002,FIDELITY,SecurityExtract_ESS_2026May13.csv,OMC,STARMINE_COVERED,COVERED,VERY_BEARISH,1.0,True,TEXT_MAPPED
2026-05-13,2026-05-13T15:28:42.825732+00:00,RUN-REAL-ESS-20260513-002,FIDELITY,SecurityExtract_ESS_2026May13.csv,STKS,STARMINE_COVERED,COVERED,VERY_BEARISH,1.0,True,TEXT_MAPPED
2026-05-13,2026-05-13T15:28:42.825732+00:00,RUN-REAL-ESS-20260513-002,FIDELITY,SecurityExtract_ESS_2026May13.csv,OLP,STARMINE_COVERED,COVERED,VERY_BEARISH,1.0,True,TEXT_MAPPED
2026-05-13,2026-05-13T15:28:42.825732+00:00,RUN-REAL-ESS-20260513-002,FIDELITY,SecurityExtract_ESS_2026May13.csv,ONEW,STARMINE_COVERED,COVERED,BEARISH,2.0,True,TEXT_MAPPED
2026-05-13,2026-05-13T15:28:42.825732+00:00,RUN-REAL-ESS-20260513-002,FIDELITY,SecurityExtract_ESS_2026May13.csv,ORA,STARMINE_COVERED,COVERED,VERY_BEARISH,1.0,True,TEXT_MAPPED
2026-05-13,2026-05-13T15:28:42.825732+00:00,RUN-REAL-ESS-20260513-002,FIDELITY,SecurityExtract_ESS_2026May13.csv,OTIS,STARMINE_COVERED,COVERED,BEARISH,2.0,True,TEXT_MAPPED
2026-05-13,2026-05-13T15:28:42.825732+00:00,RUN-REAL-ESS-20260513-002,FIDELITY,SecurityExtract_ESS_2026May13.csv,OXM,STARMINE_COVERED,COVERED,VERY_BEARISH,1.0,True,TEXT_MAPPED
2026-05-13,2026-05-13T15:28:42.825732+00:00,RUN-REAL-ESS-20260513-002,FIDELITY,SecurityExtract_ESS_2026May13.csv,PCAR,STARMINE_COVERED,COVERED,BEARISH,2.0,True,TEXT_MAPPED
2026-05-13,2026-05-13T15:28:42.825732+00:00,RUN-REAL-ESS-20260513-002,FIDELITY,SecurityExtract_ESS_2026May13.csv,PZZA,STARMINE_COVERED,COVERED,BEARISH,2.0,True,TEXT_MAPPED
2026-05-13,2026-05-13T15:28:42.825732+00:00,RUN-REAL-ESS-20260513-002,FIDELITY,SecurityExtract_ESS_2026May13.csv,PSKY,STARMINE_COVERED,COVERED,BEARISH,2.0,True,TEXT_MAPPED
2026-05-13,2026-05-13T15:28:42.825732+00:00,RUN-REAL-ESS-20260513-002,FIDELITY,SecurityExtract_ESS_2026May13.csv,PRK,STARMINE_COVERED,COVERED,VERY_BEARISH,1.0,True,TEXT_MAPPED
2026-05-13,2026-05-13T15:28:42.825732+00:00,RUN-REAL-ESS-20260513-002,FIDELITY,SecurityExtract_ESS_2026May13.csv,PATK,STARMINE_COVERED,COVERED,VERY_BEARISH,1.0,True,TEXT_MAPPED
2026-05-13,2026-05-13T15:28:42.825732+00:00,RUN-REAL-ESS-20260513-002,FIDELITY,SecurityExtract_ESS_2026May13.csv,PGC,STARMINE_COVERED,COVERED,BEARISH,2.0,True,TEXT_MAPPED
2026-05-13,2026-05-13T15:28:42.825732+00:00,RUN-REAL-ESS-20260513-002,FIDELITY,SecurityExtract_ESS_2026May13.csv,PEGA,STARMINE_COVERED,COVERED,VERY_BEARISH,1.0,True,TEXT_MAPPED
2026-05-13,2026-05-13T15:28:42.825732+00:00,RUN-REAL-ESS-20260513-002,FIDELITY,SecurityExtract_ESS_2026May13.csv,PENN,STARMINE_COVERED,COVERED,BEARISH,2.0,True,TEXT_MAPPED
2026-05-13,2026-05-13T15:28:42.825732+00:00,RUN-REAL-ESS-20260513-002,FIDELITY,SecurityExtract_ESS_2026May13.csv,PNTG,STARMINE_COVERED,COVERED,BEARISH,2.0,True,TEXT_MAPPED
2026-05-13,2026-05-13T15:28:42.825732+00:00,RUN-REAL-ESS-20260513-002,FIDELITY,SecurityExtract_ESS_2026May13.csv,PFSI,STARMINE_COVERED,COVERED,VERY_BEARISH,1.0,True,TEXT_MAPPED
2026-05-13,2026-05-13T15:28:42.825732+00:00,RUN-REAL-ESS-20260513-002,FIDELITY,SecurityExtract_ESS_2026May13.csv,PMT,STARMINE_COVERED,COVERED,VERY_BEARISH,1.0,True,TEXT_MAPPED
2026-05-13,2026-05-13T15:28:42.825732+00:00,RUN-REAL-ESS-20260513-002,FIDELITY,SecurityExtract_ESS_2026May13.csv,PFGC,STARMINE_COVERED,COVERED,BEARISH,2.0,True,TEXT_MAPPED
2026-05-13,2026-05-13T15:28:42.825732+00:00,RUN-REAL-ESS-20260513-002,FIDELITY,SecurityExtract_ESS_2026May13.csv,PESI,STARMINE_COVERED,COVERED,VERY_BEARISH,1.0,True,TEXT_MAPPED
2026-05-13,2026-05-13T15:28:42.825732+00:00,RUN-REAL-ESS-20260513-002,FIDELITY,SecurityExtract_ESS_2026May13.csv,PSNL,STARMINE_COVERED,COVERED,VERY_BEARISH,1.0,True,TEXT_MAPPED
2026-05-13,2026-05-13T15:28:42.825732+00:00,RUN-REAL-ESS-20260513-002,FIDELITY,SecurityExtract_ESS_2026May13.csv,PDM,STARMINE_COVERED,COVERED,BEARISH,2.0,True,TEXT_MAPPED
2026-05-13,2026-05-13T15:28:42.825732+00:00,RUN-REAL-ESS-20260513-002,FIDELITY,SecurityExtract_ESS_2026May13.csv,PNFP,STARMINE_COVERED,COVERED,BEARISH,2.0,True,TEXT_MAPPED
2026-05-13,2026-05-13T15:28:42.825732+00:00,RUN-REAL-ESS-20260513-002,FIDELITY,SecurityExtract_ESS_2026May13.csv,PLNT,STARMINE_COVERED,COVERED,VERY_BEARISH,1.0,True,TEXT_MAPPED
2026-05-13,2026-05-13T15:28:42.825732+00:00,RUN-REAL-ESS-20260513-002,FIDELITY,SecurityExtract_ESS_2026May13.csv,PKX,STARMINE_COVERED,COVERED,VERY_BEARISH,1.0,True,TEXT_MAPPED
2026-05-13,2026-05-13T15:28:42.825732+00:00,RUN-REAL-ESS-20260513-002,FIDELITY,SecurityExtract_ESS_2026May13.csv,PGEN,STARMINE_COVERED,COVERED,VERY_BEARISH,1.0,True,TEXT_MAPPED
2026-05-13,2026-05-13T15:28:42.825732+00:00,RUN-REAL-ESS-20260513-002,FIDELITY,SecurityExtract_ESS_2026May13.csv,PRIM,STARMINE_COVERED,COVERED,BEARISH,2.0,True,TEXT_MAPPED
2026-05-13,2026-05-13T15:28:42.825732+00:00,RUN-REAL-ESS-20260513-002,FIDELITY,SecurityExtract_ESS_2026May13.csv,PRVA,STARMINE_COVERED,COVERED,VERY_BEARISH,1.0,True,TEXT_MAPPED
2026-05-13,2026-05-13T15:28:42.825732+00:00,RUN-REAL-ESS-20260513-002,FIDELITY,SecurityExtract_ESS_2026May13.csv,PTGX,STARMINE_COVERED,COVERED,VERY_BEARISH,1.0,True,TEXT_MAPPED
2026-05-13,2026-05-13T15:28:42.825732+00:00,RUN-REAL-ESS-20260513-002,FIDELITY,SecurityExtract_ESS_2026May13.csv,PRTA,STARMINE_COVERED,COVERED,VERY_BEARISH,1.0,True,TEXT_MAPPED
2026-05-13,2026-05-13T15:28:42.825732+00:00,RUN-REAL-ESS-20260513-002,FIDELITY,SecurityExtract_ESS_2026May13.csv,PLSE,STARMINE_COVERED,COVERED,VERY_BEARISH,1.0,True,TEXT_MAPPED
2026-05-13,2026-05-13T15:28:42.825732+00:00,RUN-REAL-ESS-20260513-002,FIDELITY,SecurityExtract_ESS_2026May13.csv,Q,STARMINE_COVERED,COVERED,BEARISH,2.0,True,TEXT_MAPPED
2026-05-13,2026-05-13T15:28:42.825732+00:00,RUN-REAL-ESS-20260513-002,FIDELITY,SecurityExtract_ESS_2026May13.csv,KWR,STARMINE_COVERED,COVERED,BEARISH,2.0,True,TEXT_MAPPED
2026-05-13,2026-05-13T15:28:42.825732+00:00,RUN-REAL-ESS-20260513-002,FIDELITY,SecurityExtract_ESS_2026May13.csv,NX,STARMINE_COVERED,COVERED,BEARISH,2.0,True,TEXT_MAPPED
2026-05-13,2026-05-13T15:28:42.825732+00:00,RUN-REAL-ESS-20260513-002,FIDELITY,SecurityExtract_ESS_2026May13.csv,QRHC,STARMINE_COVERED,COVERED,BEARISH,2.0,True,TEXT_MAPPED
2026-05-13,2026-05-13T15:28:42.825732+00:00,RUN-REAL-ESS-20260513-002,FIDELITY,SecurityExtract_ESS_2026May13.csv,QDEL,STARMINE_COVERED,COVERED,BEARISH,2.0,True,TEXT_MAPPED
2026-05-13,2026-05-13T15:28:42.825732+00:00,RUN-REAL-ESS-20260513-002,FIDELITY,SecurityExtract_ESS_2026May13.csv,RDNT,STARMINE_COVERED,COVERED,VERY_BEARISH,1.0,True,TEXT_MAPPED
2026-05-13,2026-05-13T15:28:42.825732+00:00,RUN-REAL-ESS-20260513-002,FIDELITY,SecurityExtract_ESS_2026May13.csv,METC,STARMINE_COVERED,COVERED,VERY_BEARISH,1.0,True,TEXT_MAPPED
2026-05-13,2026-05-13T15:28:42.825732+00:00,RUN-REAL-ESS-20260513-002,FIDELITY,SecurityExtract_ESS_2026May13.csv,RNGR,STARMINE_COVERED,COVERED,VERY_BEARISH,1.0,True,TEXT_MAPPED
2026-05-13,2026-05-13T15:28:42.825732+00:00,RUN-REAL-ESS-20260513-002,FIDELITY,SecurityExtract_ESS_2026May13.csv,RRBI,STARMINE_COVERED,COVERED,BEARISH,2.0,True,TEXT_MAPPED
2026-05-13,2026-05-13T15:28:42.825732+00:00,RUN-REAL-ESS-20260513-002,FIDELITY,SecurityExtract_ESS_2026May13.csv,RRR,STARMINE_COVERED,COVERED,VERY_BEARISH,1.0,True,TEXT_MAPPED
2026-05-13,2026-05-13T15:28:42.825732+00:00,RUN-REAL-ESS-20260513-002,FIDELITY,SecurityExtract_ESS_2026May13.csv,RWT,STARMINE_COVERED,COVERED,VERY_BEARISH,1.0,True,TEXT_MAPPED
2026-05-13,2026-05-13T15:28:42.825732+00:00,RUN-REAL-ESS-20260513-002,FIDELITY,SecurityExtract_ESS_2026May13.csv,RGEN,STARMINE_COVERED,COVERED,VERY_BEARISH,1.0,True,TEXT_MAPPED
2026-05-13,2026-05-13T15:28:42.825732+00:00,RUN-REAL-ESS-20260513-002,FIDELITY,SecurityExtract_ESS_2026May13.csv,RSG,STARMINE_COVERED,COVERED,BEARISH,2.0,True,TEXT_MAPPED
2026-05-13,2026-05-13T15:28:42.825732+00:00,RUN-REAL-ESS-20260513-002,FIDELITY,SecurityExtract_ESS_2026May13.csv,RH,STARMINE_COVERED,COVERED,VERY_BEARISH,1.0,True,TEXT_MAPPED
2026-05-13,2026-05-13T15:28:42.825732+00:00,RUN-REAL-ESS-20260513-002,FIDELITY,SecurityExtract_ESS_2026May13.csv,RYTM,STARMINE_COVERED,COVERED,VERY_BEARISH,1.0,True,TEXT_MAPPED
2026-05-13,2026-05-13T15:28:42.825732+00:00,RUN-REAL-ESS-20260513-002,FIDELITY,SecurityExtract_ESS_2026May13.csv,RMNI,STARMINE_COVERED,COVERED,VERY_BEARISH,1.0,True,TEXT_MAPPED
2026-05-13,2026-05-13T15:28:42.825732+00:00,RUN-REAL-ESS-20260513-002,FIDELITY,SecurityExtract_ESS_2026May13.csv,RVSB,STARMINE_COVERED,COVERED,BEARISH,2.0,True,TEXT_MAPPED
2026-05-13,2026-05-13T15:28:42.825732+00:00,RUN-REAL-ESS-20260513-002,FIDELITY,SecurityExtract_ESS_2026May13.csv,HOOD,STARMINE_COVERED,COVERED,BEARISH,2.0,True,TEXT_MAPPED
2026-05-13,2026-05-13T15:28:42.825732+00:00,RUN-REAL-ESS-20260513-002,FIDELITY,SecurityExtract_ESS_2026May13.csv,RBLX,STARMINE_COVERED,COVERED,VERY_BEARISH,1.0,True,TEXT_MAPPED
2026-05-13,2026-05-13T15:28:42.825732+00:00,RUN-REAL-ESS-20260513-002,FIDELITY,SecurityExtract_ESS_2026May13.csv,RKT,STARMINE_COVERED,COVERED,VERY_BEARISH,1.0,True,TEXT_MAPPED
2026-05-13,2026-05-13T15:28:42.825732+00:00,RUN-REAL-ESS-20260513-002,FIDELITY,SecurityExtract_ESS_2026May13.csv,ROIV,STARMINE_COVERED,COVERED,VERY_BEARISH,1.0,True,TEXT_MAPPED
2026-05-13,2026-05-13T15:28:42.825732+00:00,RUN-REAL-ESS-20260513-002,FIDELITY,SecurityExtract_ESS_2026May13.csv,ROP,STARMINE_COVERED,COVERED,BEARISH,2.0,True,TEXT_MAPPED
2026-05-13,2026-05-13T15:28:42.825732+00:00,RUN-REAL-ESS-20260513-002,FIDELITY,SecurityExtract_ESS_2026May13.csv,RGLD,STARMINE_COVERED,COVERED,VERY_BEARISH,1.0,True,TEXT_MAPPED
2026-05-13,2026-05-13T15:28:42.825732+00:00,RUN-REAL-ESS-20260513-002,FIDELITY,SecurityExtract_ESS_2026May13.csv,RUSHA,STARMINE_COVERED,COVERED,BEARISH,2.0,True,TEXT_MAPPED
2026-05-13,2026-05-13T15:28:42.825732+00:00,RUN-REAL-ESS-20260513-002,FIDELITY,SecurityExtract_ESS_2026May13.csv,RXO,STARMINE_COVERED,COVERED,BEARISH,2.0,True,TEXT_MAPPED
2026-05-13,2026-05-13T15:28:42.825732+00:00,RUN-REAL-ESS-20260513-002,FIDELITY,SecurityExtract_ESS_2026May13.csv,CRM,STARMINE_COVERED,COVERED,BEARISH,2.0,True,TEXT_MAPPED
2026-05-13,2026-05-13T15:28:42.825732+00:00,RUN-REAL-ESS-20260513-002,FIDELITY,SecurityExtract_ESS_2026May13.csv,BFS,STARMINE_COVERED,COVERED,VERY_BEARISH,1.0,True,TEXT_MAPPED
2026-05-13,2026-05-13T15:28:42.825732+00:00,RUN-REAL-ESS-20260513-002,FIDELITY,SecurityExtract_ESS_2026May13.csv,SDGR,STARMINE_COVERED,COVERED,VERY_BEARISH,1.0,True,TEXT_MAPPED
2026-05-13,2026-05-13T15:28:42.825732+00:00,RUN-REAL-ESS-20260513-002,FIDELITY,SecurityExtract_ESS_2026May13.csv,SE,STARMINE_COVERED,COVERED,VERY_BEARISH,1.0,True,TEXT_MAPPED
2026-05-13,2026-05-13T15:28:42.825732+00:00,RUN-REAL-ESS-20260513-002,FIDELITY,SecurityExtract_ESS_2026May13.csv,SRE,STARMINE_COVERED,COVERED,VERY_BEARISH,1.0,True,TEXT_MAPPED
2026-05-13,2026-05-13T15:28:42.825732+00:00,RUN-REAL-ESS-20260513-002,FIDELITY,SecurityExtract_ESS_2026May13.csv,SERV,STARMINE_COVERED,COVERED,VERY_BEARISH,1.0,True,TEXT_MAPPED
2026-05-13,2026-05-13T15:28:42.825732+00:00,RUN-REAL-ESS-20260513-002,FIDELITY,SecurityExtract_ESS_2026May13.csv,NOW,STARMINE_COVERED,COVERED,VERY_BEARISH,1.0,True,TEXT_MAPPED
2026-05-13,2026-05-13T15:28:42.825732+00:00,RUN-REAL-ESS-20260513-002,FIDELITY,SecurityExtract_ESS_2026May13.csv,SHEN,STARMINE_COVERED,COVERED,VERY_BEARISH,1.0,True,TEXT_MAPPED
2026-05-13,2026-05-13T15:28:42.825732+00:00,RUN-REAL-ESS-20260513-002,FIDELITY,SecurityExtract_ESS_2026May13.csv,FOUR,STARMINE_COVERED,COVERED,VERY_BEARISH,1.0,True,TEXT_MAPPED
2026-05-13,2026-05-13T15:28:42.825732+00:00,RUN-REAL-ESS-20260513-002,FIDELITY,SecurityExtract_ESS_2026May13.csv,SHOP,STARMINE_COVERED,COVERED,VERY_BEARISH,1.0,True,TEXT_MAPPED
2026-05-13,2026-05-13T15:28:42.825732+00:00,RUN-REAL-ESS-20260513-002,FIDELITY,SecurityExtract_ESS_2026May13.csv,SI,STARMINE_COVERED,COVERED,VERY_BEARISH,1.0,True,TEXT_MAPPED
2026-05-13,2026-05-13T15:28:42.825732+00:00,RUN-REAL-ESS-20260513-002,FIDELITY,SecurityExtract_ESS_2026May13.csv,SLGN,STARMINE_COVERED,COVERED,BEARISH,2.0,True,TEXT_MAPPED
2026-05-13,2026-05-13T15:28:42.825732+00:00,RUN-REAL-ESS-20260513-002,FIDELITY,SecurityExtract_ESS_2026May13.csv,SFNC,STARMINE_COVERED,COVERED,BEARISH,2.0,True,TEXT_MAPPED
2026-05-13,2026-05-13T15:28:42.825732+00:00,RUN-REAL-ESS-20260513-002,FIDELITY,SecurityExtract_ESS_2026May13.csv,SBGI,STARMINE_COVERED,COVERED,BEARISH,2.0,True,TEXT_MAPPED
2026-05-13,2026-05-13T15:28:42.825732+00:00,RUN-REAL-ESS-20260513-002,FIDELITY,SecurityExtract_ESS_2026May13.csv,SITE,STARMINE_COVERED,COVERED,BEARISH,2.0,True,TEXT_MAPPED
2026-05-13,2026-05-13T15:28:42.825732+00:00,RUN-REAL-ESS-20260513-002,FIDELITY,SecurityExtract_ESS_2026May13.csv,SKYW,STARMINE_COVERED,COVERED,BEARISH,2.0,True,TEXT_MAPPED
2026-05-13,2026-05-13T15:28:42.825732+00:00,RUN-REAL-ESS-20260513-002,FIDELITY,SecurityExtract_ESS_2026May13.csv,SNBR,STARMINE_COVERED,COVERED,VERY_BEARISH,1.0,True,TEXT_MAPPED
2026-05-13,2026-05-13T15:28:42.825732+00:00,RUN-REAL-ESS-20260513-002,FIDELITY,SecurityExtract_ESS_2026May13.csv,SMID,STARMINE_COVERED,COVERED,BEARISH,2.0,True,TEXT_MAPPED
2026-05-13,2026-05-13T15:28:42.825732+00:00,RUN-REAL-ESS-20260513-002,FIDELITY,SecurityExtract_ESS_2026May13.csv,SNAP,STARMINE_COVERED,COVERED,BEARISH,2.0,True,TEXT_MAPPED
2026-05-13,2026-05-13T15:28:42.825732+00:00,RUN-REAL-ESS-20260513-002,FIDELITY,SecurityExtract_ESS_2026May13.csv,SNOW,STARMINE_COVERED,COVERED,VERY_BEARISH,1.0,True,TEXT_MAPPED
2026-05-13,2026-05-13T15:28:42.825732+00:00,RUN-REAL-ESS-20260513-002,FIDELITY,SecurityExtract_ESS_2026May13.csv,SOFI,STARMINE_COVERED,COVERED,VERY_BEARISH,1.0,True,TEXT_MAPPED
2026-05-13,2026-05-13T15:28:42.825732+00:00,RUN-REAL-ESS-20260513-002,FIDELITY,SecurityExtract_ESS_2026May13.csv,SEDG,STARMINE_COVERED,COVERED,BEARISH,2.0,True,TEXT_MAPPED
2026-05-13,2026-05-13T15:28:42.825732+00:00,RUN-REAL-ESS-20260513-002,FIDELITY,SecurityExtract_ESS_2026May13.csv,SGI,STARMINE_COVERED,COVERED,BEARISH,2.0,True,TEXT_MAPPED
2026-05-13,2026-05-13T15:28:42.825732+00:00,RUN-REAL-ESS-20260513-002,FIDELITY,SecurityExtract_ESS_2026May13.csv,SNDA,STARMINE_COVERED,COVERED,VERY_BEARISH,1.0,True,TEXT_MAPPED
2026-05-13,2026-05-13T15:28:42.825732+00:00,RUN-REAL-ESS-20260513-002,FIDELITY,SecurityExtract_ESS_2026May13.csv,SONO,STARMINE_COVERED,COVERED,VERY_BEARISH,1.0,True,TEXT_MAPPED
2026-05-13,2026-05-13T15:28:42.825732+00:00,RUN-REAL-ESS-20260513-002,FIDELITY,SecurityExtract_ESS_2026May13.csv,SFST,STARMINE_COVERED,COVERED,VERY_BEARISH,1.0,True,TEXT_MAPPED
2026-05-13,2026-05-13T15:28:42.825732+00:00,RUN-REAL-ESS-20260513-002,FIDELITY,SecurityExtract_ESS_2026May13.csv,SBSI,STARMINE_COVERED,COVERED,BEARISH,2.0,True,TEXT_MAPPED
2026-05-13,2026-05-13T15:28:42.825732+00:00,RUN-REAL-ESS-20260513-002,FIDELITY,SecurityExtract_ESS_2026May13.csv,LUV,STARMINE_COVERED,COVERED,BEARISH,2.0,True,TEXT_MAPPED
2026-05-13,2026-05-13T15:28:42.825732+00:00,RUN-REAL-ESS-20260513-002,FIDELITY,SecurityExtract_ESS_2026May13.csv,SPWH,STARMINE_COVERED,COVERED,BEARISH,2.0,True,TEXT_MAPPED
2026-05-13,2026-05-13T15:28:42.825732+00:00,RUN-REAL-ESS-20260513-002,FIDELITY,SecurityExtract_ESS_2026May13.csv,SPXC,STARMINE_COVERED,COVERED,BEARISH,2.0,True,TEXT_MAPPED
2026-05-13,2026-05-13T15:28:42.825732+00:00,RUN-REAL-ESS-20260513-002,FIDELITY,SecurityExtract_ESS_2026May13.csv,STAA,STARMINE_COVERED,COVERED,BEARISH,2.0,True,TEXT_MAPPED
2026-05-13,2026-05-13T15:28:42.825732+00:00,RUN-REAL-ESS-20260513-002,FIDELITY,SecurityExtract_ESS_2026May13.csv,SXI,STARMINE_COVERED,COVERED,VERY_BEARISH,1.0,True,TEXT_MAPPED
2026-05-13,2026-05-13T15:28:42.825732+00:00,RUN-REAL-ESS-20260513-002,FIDELITY,SecurityExtract_ESS_2026May13.csv,STEL,STARMINE_COVERED,COVERED,VERY_BEARISH,1.0,True,TEXT_MAPPED
2026-05-13,2026-05-13T15:28:42.825732+00:00,RUN-REAL-ESS-20260513-002,FIDELITY,SecurityExtract_ESS_2026May13.csv,SCL,STARMINE_COVERED,COVERED,VERY_BEARISH,1.0,True,TEXT_MAPPED
2026-05-13,2026-05-13T15:28:42.825732+00:00,RUN-REAL-ESS-20260513-002,FIDELITY,SecurityExtract_ESS_2026May13.csv,STEP,STARMINE_COVERED,COVERED,BEARISH,2.0,True,TEXT_MAPPED
2026-05-13,2026-05-13T15:28:42.825732+00:00,RUN-REAL-ESS-20260513-002,FIDELITY,SecurityExtract_ESS_2026May13.csv,STNE,STARMINE_COVERED,COVERED,BEARISH,2.0,True,TEXT_MAPPED
2026-05-13,2026-05-13T15:28:42.825732+00:00,RUN-REAL-ESS-20260513-002,FIDELITY,SecurityExtract_ESS_2026May13.csv,SRI,STARMINE_COVERED,COVERED,BEARISH,2.0,True,TEXT_MAPPED
2026-05-13,2026-05-13T15:28:42.825732+00:00,RUN-REAL-ESS-20260513-002,FIDELITY,SecurityExtract_ESS_2026May13.csv,SUI,STARMINE_COVERED,COVERED,BEARISH,2.0,True,TEXT_MAPPED
2026-05-13,2026-05-13T15:28:42.825732+00:00,RUN-REAL-ESS-20260513-002,FIDELITY,SecurityExtract_ESS_2026May13.csv,SNCY,STARMINE_COVERED,COVERED,BEARISH,2.0,True,TEXT_MAPPED
2026-05-13,2026-05-13T15:28:42.825732+00:00,RUN-REAL-ESS-20260513-002,FIDELITY,SecurityExtract_ESS_2026May13.csv,SPWR,STARMINE_COVERED,COVERED,VERY_BEARISH,1.0,True,TEXT_MAPPED
2026-05-13,2026-05-13T15:28:42.825732+00:00,RUN-REAL-ESS-20260513-002,FIDELITY,SecurityExtract_ESS_2026May13.csv,SUPN,STARMINE_COVERED,COVERED,BEARISH,2.0,True,TEXT_MAPPED
2026-05-13,2026-05-13T15:28:42.825732+00:00,RUN-REAL-ESS-20260513-002,FIDELITY,SecurityExtract_ESS_2026May13.csv,SNDX,STARMINE_COVERED,COVERED,VERY_BEARISH,1.0,True,TEXT_MAPPED
2026-05-13,2026-05-13T15:28:42.825732+00:00,RUN-REAL-ESS-20260513-002,FIDELITY,SecurityExtract_ESS_2026May13.csv,TTWO,STARMINE_COVERED,COVERED,BEARISH,2.0,True,TEXT_MAPPED
2026-05-13,2026-05-13T15:28:42.825732+00:00,RUN-REAL-ESS-20260513-002,FIDELITY,SecurityExtract_ESS_2026May13.csv,TLN,STARMINE_COVERED,COVERED,VERY_BEARISH,1.0,True,TEXT_MAPPED
2026-05-13,2026-05-13T15:28:42.825732+00:00,RUN-REAL-ESS-20260513-002,FIDELITY,SecurityExtract_ESS_2026May13.csv,TATT,STARMINE_COVERED,COVERED,BEARISH,2.0,True,TEXT_MAPPED
2026-05-13,2026-05-13T15:28:42.825732+00:00,RUN-REAL-ESS-20260513-002,FIDELITY,SecurityExtract_ESS_2026May13.csv,TTGT,STARMINE_COVERED,COVERED,BEARISH,2.0,True,TEXT_MAPPED
2026-05-13,2026-05-13T15:28:42.825732+00:00,RUN-REAL-ESS-20260513-002,FIDELITY,SecurityExtract_ESS_2026May13.csv,TRNS,STARMINE_COVERED,COVERED,VERY_BEARISH,1.0,True,TEXT_MAPPED
2026-05-13,2026-05-13T15:28:42.825732+00:00,RUN-REAL-ESS-20260513-002,FIDELITY,SecurityExtract_ESS_2026May13.csv,TRU,STARMINE_COVERED,COVERED,BEARISH,2.0,True,TEXT_MAPPED
2026-05-13,2026-05-13T15:28:42.825732+00:00,RUN-REAL-ESS-20260513-002,FIDELITY,SecurityExtract_ESS_2026May13.csv,TRIP,STARMINE_COVERED,COVERED,VERY_BEARISH,1.0,True,TEXT_MAPPED
2026-05-13,2026-05-13T15:28:42.825732+00:00,RUN-REAL-ESS-20260513-002,FIDELITY,SecurityExtract_ESS_2026May13.csv,TFIN,STARMINE_COVERED,COVERED,BEARISH,2.0,True,TEXT_MAPPED
2026-05-13,2026-05-13T15:28:42.825732+00:00,RUN-REAL-ESS-20260513-002,FIDELITY,SecurityExtract_ESS_2026May13.csv,TBI,STARMINE_COVERED,COVERED,BEARISH,2.0,True,TEXT_MAPPED
2026-05-13,2026-05-13T15:28:42.825732+00:00,RUN-REAL-ESS-20260513-002,FIDELITY,SecurityExtract_ESS_2026May13.csv,TPB,STARMINE_COVERED,COVERED,BEARISH,2.0,True,TEXT_MAPPED
2026-05-13,2026-05-13T15:28:42.825732+00:00,RUN-REAL-ESS-20260513-002,FIDELITY,SecurityExtract_ESS_2026May13.csv,TWST,STARMINE_COVERED,COVERED,VERY_BEARISH,1.0,True,TEXT_MAPPED
2026-05-13,2026-05-13T15:28:42.825732+00:00,RUN-REAL-ESS-20260513-002,FIDELITY,SecurityExtract_ESS_2026May13.csv,UFPI,STARMINE_COVERED,COVERED,BEARISH,2.0,True,TEXT_MAPPED
2026-05-13,2026-05-13T15:28:42.825732+00:00,RUN-REAL-ESS-20260513-002,FIDELITY,SecurityExtract_ESS_2026May13.csv,PATH,STARMINE_COVERED,COVERED,VERY_BEARISH,1.0,True,TEXT_MAPPED
2026-05-13,2026-05-13T15:28:42.825732+00:00,RUN-REAL-ESS-20260513-002,FIDELITY,SecurityExtract_ESS_2026May13.csv,PRKS,STARMINE_COVERED,COVERED,VERY_BEARISH,1.0,True,TEXT_MAPPED
2026-05-13,2026-05-13T15:28:42.825732+00:00,RUN-REAL-ESS-20260513-002,FIDELITY,SecurityExtract_ESS_2026May13.csv,OLED,STARMINE_COVERED,COVERED,VERY_BEARISH,1.0,True,TEXT_MAPPED
2026-05-13,2026-05-13T15:28:42.825732+00:00,RUN-REAL-ESS-20260513-002,FIDELITY,SecurityExtract_ESS_2026May13.csv,UPST,STARMINE_COVERED,COVERED,VERY_BEARISH,1.0,True,TEXT_MAPPED
2026-05-13,2026-05-13T15:28:42.825732+00:00,RUN-REAL-ESS-20260513-002,FIDELITY,SecurityExtract_ESS_2026May13.csv,UPWK,STARMINE_COVERED,COVERED,VERY_BEARISH,1.0,True,TEXT_MAPPED
2026-05-13,2026-05-13T15:28:42.825732+00:00,RUN-REAL-ESS-20260513-002,FIDELITY,SecurityExtract_ESS_2026May13.csv,URGN,STARMINE_COVERED,COVERED,VERY_BEARISH,1.0,True,TEXT_MAPPED
2026-05-13,2026-05-13T15:28:42.825732+00:00,RUN-REAL-ESS-20260513-002,FIDELITY,SecurityExtract_ESS_2026May13.csv,USPH,STARMINE_COVERED,COVERED,VERY_BEARISH,1.0,True,TEXT_MAPPED
2026-05-13,2026-05-13T15:28:42.825732+00:00,RUN-REAL-ESS-20260513-002,FIDELITY,SecurityExtract_ESS_2026May13.csv,UWMC,STARMINE_COVERED,COVERED,VERY_BEARISH,1.0,True,TEXT_MAPPED
2026-05-13,2026-05-13T15:28:42.825732+00:00,RUN-REAL-ESS-20260513-002,FIDELITY,SecurityExtract_ESS_2026May13.csv,EGY,STARMINE_COVERED,COVERED,BEARISH,2.0,True,TEXT_MAPPED
2026-05-13,2026-05-13T15:28:42.825732+00:00,RUN-REAL-ESS-20260513-002,FIDELITY,SecurityExtract_ESS_2026May13.csv,MTN,STARMINE_COVERED,COVERED,VERY_BEARISH,1.0,True,TEXT_MAPPED
2026-05-13,2026-05-13T15:28:42.825732+00:00,RUN-REAL-ESS-20260513-002,FIDELITY,SecurityExtract_ESS_2026May13.csv,VVV,STARMINE_COVERED,COVERED,VERY_BEARISH,1.0,True,TEXT_MAPPED
2026-05-13,2026-05-13T15:28:42.825732+00:00,RUN-REAL-ESS-20260513-002,FIDELITY,SecurityExtract_ESS_2026May13.csv,VECO,STARMINE_COVERED,COVERED,BEARISH,2.0,True,TEXT_MAPPED
2026-05-13,2026-05-13T15:28:42.825732+00:00,RUN-REAL-ESS-20260513-002,FIDELITY,SecurityExtract_ESS_2026May13.csv,VCEL,STARMINE_COVERED,COVERED,BEARISH,2.0,True,TEXT_MAPPED
2026-05-13,2026-05-13T15:28:42.825732+00:00,RUN-REAL-ESS-20260513-002,FIDELITY,SecurityExtract_ESS_2026May13.csv,VSTS,STARMINE_COVERED,COVERED,BEARISH,2.0,True,TEXT_MAPPED
2026-05-13,2026-05-13T15:28:42.825732+00:00,RUN-REAL-ESS-20260513-002,FIDELITY,SecurityExtract_ESS_2026May13.csv,VRDN,STARMINE_COVERED,COVERED,VERY_BEARISH,1.0,True,TEXT_MAPPED
2026-05-13,2026-05-13T15:28:42.825732+00:00,RUN-REAL-ESS-20260513-002,FIDELITY,SecurityExtract_ESS_2026May13.csv,VNT,STARMINE_COVERED,COVERED,BEARISH,2.0,True,TEXT_MAPPED
2026-05-13,2026-05-13T15:28:42.825732+00:00,RUN-REAL-ESS-20260513-002,FIDELITY,SecurityExtract_ESS_2026May13.csv,WMG,STARMINE_COVERED,COVERED,VERY_BEARISH,1.0,True,TEXT_MAPPED
2026-05-13,2026-05-13T15:28:42.825732+00:00,RUN-REAL-ESS-20260513-002,FIDELITY,SecurityExtract_ESS_2026May13.csv,HCC,STARMINE_COVERED,COVERED,VERY_BEARISH,1.0,True,TEXT_MAPPED
2026-05-13,2026-05-13T15:28:42.825732+00:00,RUN-REAL-ESS-20260513-002,FIDELITY,SecurityExtract_ESS_2026May13.csv,WCN,STARMINE_COVERED,COVERED,BEARISH,2.0,True,TEXT_MAPPED
2026-05-13,2026-05-13T15:28:42.825732+00:00,RUN-REAL-ESS-20260513-002,FIDELITY,SecurityExtract_ESS_2026May13.csv,WM,STARMINE_COVERED,COVERED,BEARISH,2.0,True,TEXT_MAPPED
2026-05-13,2026-05-13T15:28:42.825732+00:00,RUN-REAL-ESS-20260513-002,FIDELITY,SecurityExtract_ESS_2026May13.csv,WDFC,STARMINE_COVERED,COVERED,BEARISH,2.0,True,TEXT_MAPPED
2026-05-13,2026-05-13T15:28:42.825732+00:00,RUN-REAL-ESS-20260513-002,FIDELITY,SecurityExtract_ESS_2026May13.csv,WERN,STARMINE_COVERED,COVERED,VERY_BEARISH,1.0,True,TEXT_MAPPED
2026-05-13,2026-05-13T15:28:42.825732+00:00,RUN-REAL-ESS-20260513-002,FIDELITY,SecurityExtract_ESS_2026May13.csv,WLK,STARMINE_COVERED,COVERED,BEARISH,2.0,True,TEXT_MAPPED
2026-05-13,2026-05-13T15:28:42.825732+00:00,RUN-REAL-ESS-20260513-002,FIDELITY,SecurityExtract_ESS_2026May13.csv,WPRT,STARMINE_COVERED,COVERED,VERY_BEARISH,1.0,True,TEXT_MAPPED
2026-05-13,2026-05-13T15:28:42.825732+00:00,RUN-REAL-ESS-20260513-002,FIDELITY,SecurityExtract_ESS_2026May13.csv,WY,STARMINE_COVERED,COVERED,VERY_BEARISH,1.0,True,TEXT_MAPPED
2026-05-13,2026-05-13T15:28:42.825732+00:00,RUN-REAL-ESS-20260513-002,FIDELITY,SecurityExtract_ESS_2026May13.csv,WHR,STARMINE_COVERED,COVERED,BEARISH,2.0,True,TEXT_MAPPED
2026-05-13,2026-05-13T15:28:42.825732+00:00,RUN-REAL-ESS-20260513-002,FIDELITY,SecurityExtract_ESS_2026May13.csv,WINA,STARMINE_COVERED,COVERED,BEARISH,2.0,True,TEXT_MAPPED
2026-05-13,2026-05-13T15:28:42.825732+00:00,RUN-REAL-ESS-20260513-002,FIDELITY,SecurityExtract_ESS_2026May13.csv,WGO,STARMINE_COVERED,COVERED,BEARISH,2.0,True,TEXT_MAPPED
2026-05-13,2026-05-13T15:28:42.825732+00:00,RUN-REAL-ESS-20260513-002,FIDELITY,SecurityExtract_ESS_2026May13.csv,WIX,STARMINE_COVERED,COVERED,VERY_BEARISH,1.0,True,TEXT_MAPPED
2026-05-13,2026-05-13T15:28:42.825732+00:00,RUN-REAL-ESS-20260513-002,FIDELITY,SecurityExtract_ESS_2026May13.csv,WDAY,STARMINE_COVERED,COVERED,VERY_BEARISH,1.0,True,TEXT_MAPPED
2026-05-13,2026-05-13T15:28:42.825732+00:00,RUN-REAL-ESS-20260513-002,FIDELITY,SecurityExtract_ESS_2026May13.csv,WK,STARMINE_COVERED,COVERED,VERY_BEARISH,1.0,True,TEXT_MAPPED
2026-05-13,2026-05-13T15:28:42.825732+00:00,RUN-REAL-ESS-20260513-002,FIDELITY,SecurityExtract_ESS_2026May13.csv,WS,STARMINE_COVERED,COVERED,VERY_BEARISH,1.0,True,TEXT_MAPPED
2026-05-13,2026-05-13T15:28:42.825732+00:00,RUN-REAL-ESS-20260513-002,FIDELITY,SecurityExtract_ESS_2026May13.csv,XNCR,STARMINE_COVERED,COVERED,BEARISH,2.0,True,TEXT_MAPPED
2026-05-13,2026-05-13T15:28:42.825732+00:00,RUN-REAL-ESS-20260513-002,FIDELITY,SecurityExtract_ESS_2026May13.csv,XRX,STARMINE_COVERED,COVERED,BEARISH,2.0,True,TEXT_MAPPED
2026-05-13,2026-05-13T15:28:42.825732+00:00,RUN-REAL-ESS-20260513-002,FIDELITY,SecurityExtract_ESS_2026May13.csv,XYL,STARMINE_COVERED,COVERED,BEARISH,2.0,True,TEXT_MAPPED
2026-05-13,2026-05-13T15:28:42.825732+00:00,RUN-REAL-ESS-20260513-002,FIDELITY,SecurityExtract_ESS_2026May13.csv,YEXT,STARMINE_COVERED,COVERED,BEARISH,2.0,True,TEXT_MAPPED
2026-05-13,2026-05-13T15:28:42.825732+00:00,RUN-REAL-ESS-20260513-002,FIDELITY,SecurityExtract_ESS_2026May13.csv,ZS,STARMINE_COVERED,COVERED,VERY_BEARISH,1.0,True,TEXT_MAPPED
2026-05-13,2026-05-13T15:28:42.825732+00:00,RUN-REAL-ESS-20260513-002,FIDELITY,starmine_zacks.csv,AAON,NON_STARMINE_ANALYST,NON_COVERED,,,False,UNKNOWN
2026-05-13,2026-05-13T15:28:42.825732+00:00,RUN-REAL-ESS-20260513-002,FIDELITY,starmine_zacks.csv,ARCB,NON_STARMINE_ANALYST,NON_COVERED,,,False,UNKNOWN
2026-05-13,2026-05-13T15:28:42.825732+00:00,RUN-REAL-ESS-20260513-002,FIDELITY,starmine_zacks.csv,ADI,NON_STARMINE_ANALYST,NON_COVERED,,,False,UNKNOWN
2026-05-13,2026-05-13T15:28:42.825732+00:00,RUN-REAL-ESS-20260513-002,FIDELITY,starmine_zacks.csv,ADM,NON_STARMINE_ANALYST,NON_COVERED,,,False,UNKNOWN
2026-05-13,2026-05-13T15:28:42.825732+00:00,RUN-REAL-ESS-20260513-002,FIDELITY,starmine_zacks.csv,BFH,NON_STARMINE_ANALYST,NON_COVERED,,,False,UNKNOWN
2026-05-13,2026-05-13T15:28:42.825732+00:00,RUN-REAL-ESS-20260513-002,FIDELITY,starmine_zacks.csv,ADSK,NON_STARMINE_ANALYST,NON_COVERED,,,False,UNKNOWN
2026-05-13,2026-05-13T15:28:42.825732+00:00,RUN-REAL-ESS-20260513-002,FIDELITY,starmine_zacks.csv,AEIS,NON_STARMINE_ANALYST,NON_COVERED,,,False,UNKNOWN
2026-05-13,2026-05-13T15:28:42.825732+00:00,RUN-REAL-ESS-20260513-002,FIDELITY,starmine_zacks.csv,THG,NON_STARMINE_ANALYST,NON_COVERED,,,False,UNKNOWN
2026-05-13,2026-05-13T15:28:42.825732+00:00,RUN-REAL-ESS-20260513-002,FIDELITY,starmine_zacks.csv,AGX,NON_STARMINE_ANALYST,NON_COVERED,,,False,UNKNOWN
2026-05-13,2026-05-13T15:28:42.825732+00:00,RUN-REAL-ESS-20260513-002,FIDELITY,starmine_zacks.csv,AHKSY,NON_STARMINE_ANALYST,NON_COVERED,,,False,UNKNOWN
2026-05-13,2026-05-13T15:28:42.825732+00:00,RUN-REAL-ESS-20260513-002,FIDELITY,starmine_zacks.csv,AMN,NON_STARMINE_ANALYST,NON_COVERED,,,False,UNKNOWN
2026-05-13,2026-05-13T15:28:42.825732+00:00,RUN-REAL-ESS-20260513-002,FIDELITY,starmine_zacks.csv,ALB,NON_STARMINE_ANALYST,NON_COVERED,,,False,UNKNOWN
2026-05-13,2026-05-13T15:28:42.825732+00:00,RUN-REAL-ESS-20260513-002,FIDELITY,starmine_zacks.csv,ALRS,NON_STARMINE_ANALYST,NON_COVERED,,,False,UNKNOWN
2026-05-13,2026-05-13T15:28:42.825732+00:00,RUN-REAL-ESS-20260513-002,FIDELITY,starmine_zacks.csv,AMD,NON_STARMINE_ANALYST,NON_COVERED,,,False,UNKNOWN
2026-05-13,2026-05-13T15:28:42.825732+00:00,RUN-REAL-ESS-20260513-002,FIDELITY,starmine_zacks.csv,AMRN,NON_STARMINE_ANALYST,NON_COVERED,,,False,UNKNOWN
2026-05-13,2026-05-13T15:28:42.825732+00:00,RUN-REAL-ESS-20260513-002,FIDELITY,starmine_zacks.csv,APA,NON_STARMINE_ANALYST,NON_COVERED,,,False,UNKNOWN
2026-05-13,2026-05-13T15:28:42.825732+00:00,RUN-REAL-ESS-20260513-002,FIDELITY,starmine_zacks.csv,APELY,NON_STARMINE_ANALYST,NON_COVERED,,,False,UNKNOWN
2026-05-13,2026-05-13T15:28:42.825732+00:00,RUN-REAL-ESS-20260513-002,FIDELITY,starmine_zacks.csv,HTH,NON_STARMINE_ANALYST,NON_COVERED,,,False,UNKNOWN
2026-05-13,2026-05-13T15:28:42.825732+00:00,RUN-REAL-ESS-20260513-002,FIDELITY,starmine_zacks.csv,ARCAY,NON_STARMINE_ANALYST,NON_COVERED,,,False,UNKNOWN
2026-05-13,2026-05-13T15:28:42.825732+00:00,RUN-REAL-ESS-20260513-002,FIDELITY,starmine_zacks.csv,ARW,NON_STARMINE_ANALYST,NON_COVERED,,,False,UNKNOWN
2026-05-13,2026-05-13T15:28:42.825732+00:00,RUN-REAL-ESS-20260513-002,FIDELITY,starmine_zacks.csv,ATEYY,NON_STARMINE_ANALYST,NON_COVERED,,,False,UNKNOWN
2026-05-13,2026-05-13T15:28:42.825732+00:00,RUN-REAL-ESS-20260513-002,FIDELITY,starmine_zacks.csv,ATRO,NON_STARMINE_ANALYST,NON_COVERED,,,False,UNKNOWN
2026-05-13,2026-05-13T15:28:42.825732+00:00,RUN-REAL-ESS-20260513-002,FIDELITY,starmine_zacks.csv,AVT,NON_STARMINE_ANALYST,NON_COVERED,,,False,UNKNOWN
2026-05-13,2026-05-13T15:28:42.825732+00:00,RUN-REAL-ESS-20260513-002,FIDELITY,starmine_zacks.csv,AWR,NON_STARMINE_ANALYST,NON_COVERED,,,False,UNKNOWN
2026-05-13,2026-05-13T15:28:42.825732+00:00,RUN-REAL-ESS-20260513-002,FIDELITY,starmine_zacks.csv,BAK,NON_STARMINE_ANALYST,NON_COVERED,,,False,UNKNOWN
2026-05-13,2026-05-13T15:28:42.825732+00:00,RUN-REAL-ESS-20260513-002,FIDELITY,starmine_zacks.csv,BESIY,NON_STARMINE_ANALYST,NON_COVERED,,,False,UNKNOWN
2026-05-13,2026-05-13T15:28:42.825732+00:00,RUN-REAL-ESS-20260513-002,FIDELITY,starmine_zacks.csv,BG,NON_STARMINE_ANALYST,NON_COVERED,,,False,UNKNOWN
2026-05-13,2026-05-13T15:28:42.825732+00:00,RUN-REAL-ESS-20260513-002,FIDELITY,starmine_zacks.csv,BLFS,NON_STARMINE_ANALYST,NON_COVERED,,,False,UNKNOWN
2026-05-13,2026-05-13T15:28:42.825732+00:00,RUN-REAL-ESS-20260513-002,FIDELITY,starmine_zacks.csv,BP,NON_STARMINE_ANALYST,NON_COVERED,,,False,UNKNOWN
2026-05-13,2026-05-13T15:28:42.825732+00:00,RUN-REAL-ESS-20260513-002,FIDELITY,starmine_zacks.csv,ANIP,NON_STARMINE_ANALYST,NON_COVERED,,,False,UNKNOWN
2026-05-13,2026-05-13T15:28:42.825732+00:00,RUN-REAL-ESS-20260513-002,FIDELITY,starmine_zacks.csv,NB,NON_STARMINE_ANALYST,NON_COVERED,,,False,UNKNOWN
2026-05-13,2026-05-13T15:28:42.825732+00:00,RUN-REAL-ESS-20260513-002,FIDELITY,starmine_zacks.csv,CAH,NON_STARMINE_ANALYST,NON_COVERED,,,False,UNKNOWN
2026-05-13,2026-05-13T15:28:42.825732+00:00,RUN-REAL-ESS-20260513-002,FIDELITY,starmine_zacks.csv,CASY,NON_STARMINE_ANALYST,NON_COVERED,,,False,UNKNOWN
2026-05-13,2026-05-13T15:28:42.825732+00:00,RUN-REAL-ESS-20260513-002,FIDELITY,starmine_zacks.csv,CBAN,NON_STARMINE_ANALYST,NON_COVERED,,,False,UNKNOWN
2026-05-13,2026-05-13T15:28:42.825732+00:00,RUN-REAL-ESS-20260513-002,FIDELITY,starmine_zacks.csv,ATLC,NON_STARMINE_ANALYST,NON_COVERED,,,False,UNKNOWN
2026-05-13,2026-05-13T15:28:42.825732+00:00,RUN-REAL-ESS-20260513-002,FIDELITY,starmine_zacks.csv,CECO,NON_STARMINE_ANALYST,NON_COVERED,,,False,UNKNOWN
2026-05-13,2026-05-13T15:28:42.825732+00:00,RUN-REAL-ESS-20260513-002,FIDELITY,starmine_zacks.csv,CENX,NON_STARMINE_ANALYST,NON_COVERED,,,False,UNKNOWN
2026-05-13,2026-05-13T15:28:42.825732+00:00,RUN-REAL-ESS-20260513-002,FIDELITY,starmine_zacks.csv,CHMG,NON_STARMINE_ANALYST,NON_COVERED,,,False,UNKNOWN
2026-05-13,2026-05-13T15:28:42.825732+00:00,RUN-REAL-ESS-20260513-002,FIDELITY,starmine_zacks.csv,CMCO,NON_STARMINE_ANALYST,NON_COVERED,,,False,UNKNOWN
2026-05-13,2026-05-13T15:28:42.825732+00:00,RUN-REAL-ESS-20260513-002,FIDELITY,starmine_zacks.csv,CMI,NON_STARMINE_ANALYST,NON_COVERED,,,False,UNKNOWN
2026-05-13,2026-05-13T15:28:42.825732+00:00,RUN-REAL-ESS-20260513-002,FIDELITY,starmine_zacks.csv,CNC,NON_STARMINE_ANALYST,NON_COVERED,,,False,UNKNOWN
2026-05-13,2026-05-13T15:28:42.825732+00:00,RUN-REAL-ESS-20260513-002,FIDELITY,starmine_zacks.csv,CNQ,NON_STARMINE_ANALYST,NON_COVERED,,,False,UNKNOWN
2026-05-13,2026-05-13T15:28:42.825732+00:00,RUN-REAL-ESS-20260513-002,FIDELITY,starmine_zacks.csv,TPR,NON_STARMINE_ANALYST,NON_COVERED,,,False,UNKNOWN
2026-05-13,2026-05-13T15:28:42.825732+00:00,RUN-REAL-ESS-20260513-002,FIDELITY,starmine_zacks.csv,COP,NON_STARMINE_ANALYST,NON_COVERED,,,False,UNKNOWN
2026-05-13,2026-05-13T15:28:42.825732+00:00,RUN-REAL-ESS-20260513-002,FIDELITY,starmine_zacks.csv,COST,NON_STARMINE_ANALYST,NON_COVERED,,,False,UNKNOWN
2026-05-13,2026-05-13T15:28:42.825732+00:00,RUN-REAL-ESS-20260513-002,FIDELITY,starmine_zacks.csv,TBRG,NON_STARMINE_ANALYST,NON_COVERED,,,False,UNKNOWN
2026-05-13,2026-05-13T15:28:42.825732+00:00,RUN-REAL-ESS-20260513-002,FIDELITY,starmine_zacks.csv,CRI,NON_STARMINE_ANALYST,NON_COVERED,,,False,UNKNOWN
2026-05-13,2026-05-13T15:28:42.825732+00:00,RUN-REAL-ESS-20260513-002,FIDELITY,starmine_zacks.csv,CTBI,NON_STARMINE_ANALYST,NON_COVERED,,,False,UNKNOWN
2026-05-13,2026-05-13T15:28:42.825732+00:00,RUN-REAL-ESS-20260513-002,FIDELITY,starmine_zacks.csv,CVX,NON_STARMINE_ANALYST,NON_COVERED,,,False,UNKNOWN
2026-05-13,2026-05-13T15:28:42.825732+00:00,RUN-REAL-ESS-20260513-002,FIDELITY,starmine_zacks.csv,DAR,NON_STARMINE_ANALYST,NON_COVERED,,,False,UNKNOWN
2026-05-13,2026-05-13T15:28:42.825732+00:00,RUN-REAL-ESS-20260513-002,FIDELITY,starmine_zacks.csv,DNN,NON_STARMINE_ANALYST,NON_COVERED,,,False,UNKNOWN
2026-05-13,2026-05-13T15:28:42.825732+00:00,RUN-REAL-ESS-20260513-002,FIDELITY,starmine_zacks.csv,DRD,NON_STARMINE_ANALYST,NON_COVERED,,,False,UNKNOWN
2026-05-13,2026-05-13T15:28:42.825732+00:00,RUN-REAL-ESS-20260513-002,FIDELITY,starmine_zacks.csv,DVA,NON_STARMINE_ANALYST,NON_COVERED,,,False,UNKNOWN
2026-05-13,2026-05-13T15:28:42.825732+00:00,RUN-REAL-ESS-20260513-002,FIDELITY,starmine_zacks.csv,DVN,NON_STARMINE_ANALYST,NON_COVERED,,,False,UNKNOWN
2026-05-13,2026-05-13T15:28:42.825732+00:00,RUN-REAL-ESS-20260513-002,FIDELITY,starmine_zacks.csv,E,NON_STARMINE_ANALYST,NON_COVERED,,,False,UNKNOWN
2026-05-13,2026-05-13T15:28:42.825732+00:00,RUN-REAL-ESS-20260513-002,FIDELITY,starmine_zacks.csv,CALY,NON_STARMINE_ANALYST,NON_COVERED,,,False,UNKNOWN
2026-05-13,2026-05-13T15:28:42.825732+00:00,RUN-REAL-ESS-20260513-002,FIDELITY,starmine_zacks.csv,EME,NON_STARMINE_ANALYST,NON_COVERED,,,False,UNKNOWN
2026-05-13,2026-05-13T15:28:42.825732+00:00,RUN-REAL-ESS-20260513-002,FIDELITY,starmine_zacks.csv,EOG,NON_STARMINE_ANALYST,NON_COVERED,,,False,UNKNOWN
2026-05-13,2026-05-13T15:28:42.825732+00:00,RUN-REAL-ESS-20260513-002,FIDELITY,starmine_zacks.csv,EQIX,NON_STARMINE_ANALYST,NON_COVERED,,,False,UNKNOWN
2026-05-13,2026-05-13T15:28:42.825732+00:00,RUN-REAL-ESS-20260513-002,FIDELITY,starmine_zacks.csv,ESLT,NON_STARMINE_ANALYST,NON_COVERED,,,False,UNKNOWN
2026-05-13,2026-05-13T15:28:42.825732+00:00,RUN-REAL-ESS-20260513-002,FIDELITY,starmine_zacks.csv,EXPD,NON_STARMINE_ANALYST,NON_COVERED,,,False,UNKNOWN
2026-05-13,2026-05-13T15:28:42.825732+00:00,RUN-REAL-ESS-20260513-002,FIDELITY,starmine_zacks.csv,EZPW,NON_STARMINE_ANALYST,NON_COVERED,,,False,UNKNOWN
2026-05-13,2026-05-13T15:28:42.825732+00:00,RUN-REAL-ESS-20260513-002,FIDELITY,starmine_zacks.csv,FCFS,NON_STARMINE_ANALYST,NON_COVERED,,,False,UNKNOWN
2026-05-13,2026-05-13T15:28:42.825732+00:00,RUN-REAL-ESS-20260513-002,FIDELITY,starmine_zacks.csv,CIVB,NON_STARMINE_ANALYST,NON_COVERED,,,False,UNKNOWN
2026-05-13,2026-05-13T15:28:42.825732+00:00,RUN-REAL-ESS-20260513-002,FIDELITY,starmine_zacks.csv,FMX,NON_STARMINE_ANALYST,NON_COVERED,,,False,UNKNOWN
2026-05-13,2026-05-13T15:28:42.825732+00:00,RUN-REAL-ESS-20260513-002,FIDELITY,starmine_zacks.csv,ASUR,NON_STARMINE_ANALYST,NON_COVERED,,,False,UNKNOWN
2026-05-13,2026-05-13T15:28:42.825732+00:00,RUN-REAL-ESS-20260513-002,FIDELITY,starmine_zacks.csv,FSRL,NON_STARMINE_ANALYST,NON_COVERED,,,False,UNKNOWN
2026-05-13,2026-05-13T15:28:42.825732+00:00,RUN-REAL-ESS-20260513-002,FIDELITY,starmine_zacks.csv,FSS,NON_STARMINE_ANALYST,NON_COVERED,,,False,UNKNOWN
2026-05-13,2026-05-13T15:28:42.825732+00:00,RUN-REAL-ESS-20260513-002,FIDELITY,starmine_zacks.csv,FUN,NON_STARMINE_ANALYST,NON_COVERED,,,False,UNKNOWN
2026-05-13,2026-05-13T15:28:42.825732+00:00,RUN-REAL-ESS-20260513-002,FIDELITY,starmine_zacks.csv,GHM,NON_STARMINE_ANALYST,NON_COVERED,,,False,UNKNOWN
2026-05-13,2026-05-13T15:28:42.825732+00:00,RUN-REAL-ESS-20260513-002,FIDELITY,starmine_zacks.csv,GLW,NON_STARMINE_ANALYST,NON_COVERED,,,False,UNKNOWN
2026-05-13,2026-05-13T15:28:42.825732+00:00,RUN-REAL-ESS-20260513-002,FIDELITY,starmine_zacks.csv,GRC,NON_STARMINE_ANALYST,NON_COVERED,,,False,UNKNOWN
2026-05-13,2026-05-13T15:28:42.825732+00:00,RUN-REAL-ESS-20260513-002,FIDELITY,starmine_zacks.csv,GSBC,NON_STARMINE_ANALYST,NON_COVERED,,,False,UNKNOWN
2026-05-13,2026-05-13T15:28:42.825732+00:00,RUN-REAL-ESS-20260513-002,FIDELITY,starmine_zacks.csv,HCSG,NON_STARMINE_ANALYST,NON_COVERED,,,False,UNKNOWN
2026-05-13,2026-05-13T15:28:42.825732+00:00,RUN-REAL-ESS-20260513-002,FIDELITY,starmine_zacks.csv,HELE,NON_STARMINE_ANALYST,NON_COVERED,,,False,UNKNOWN
2026-05-13,2026-05-13T15:28:42.825732+00:00,RUN-REAL-ESS-20260513-002,FIDELITY,starmine_zacks.csv,HRB,NON_STARMINE_ANALYST,NON_COVERED,,,False,UNKNOWN
2026-05-13,2026-05-13T15:28:42.825732+00:00,RUN-REAL-ESS-20260513-002,FIDELITY,starmine_zacks.csv,SNEX,NON_STARMINE_ANALYST,NON_COVERED,,,False,UNKNOWN
2026-05-13,2026-05-13T15:28:42.825732+00:00,RUN-REAL-ESS-20260513-002,FIDELITY,starmine_zacks.csv,IDN,NON_STARMINE_ANALYST,NON_COVERED,,,False,UNKNOWN
2026-05-13,2026-05-13T15:28:42.825732+00:00,RUN-REAL-ESS-20260513-002,FIDELITY,starmine_zacks.csv,IMO,NON_STARMINE_ANALYST,NON_COVERED,,,False,UNKNOWN
2026-05-13,2026-05-13T15:28:42.825732+00:00,RUN-REAL-ESS-20260513-002,FIDELITY,starmine_zacks.csv,WKC,NON_STARMINE_ANALYST,NON_COVERED,,,False,UNKNOWN
2026-05-13,2026-05-13T15:28:42.825732+00:00,RUN-REAL-ESS-20260513-002,FIDELITY,starmine_zacks.csv,INTT,NON_STARMINE_ANALYST,NON_COVERED,,,False,UNKNOWN
2026-05-13,2026-05-13T15:28:42.825732+00:00,RUN-REAL-ESS-20260513-002,FIDELITY,starmine_zacks.csv,ISSC,NON_STARMINE_ANALYST,NON_COVERED,,,False,UNKNOWN
2026-05-13,2026-05-13T15:28:42.825732+00:00,RUN-REAL-ESS-20260513-002,FIDELITY,starmine_zacks.csv,JBL,NON_STARMINE_ANALYST,NON_COVERED,,,False,UNKNOWN
2026-05-13,2026-05-13T15:28:42.825732+00:00,RUN-REAL-ESS-20260513-002,FIDELITY,starmine_zacks.csv,WLY,NON_STARMINE_ANALYST,NON_COVERED,,,False,UNKNOWN
2026-05-13,2026-05-13T15:28:42.825732+00:00,RUN-REAL-ESS-20260513-002,FIDELITY,starmine_zacks.csv,KAI,NON_STARMINE_ANALYST,NON_COVERED,,,False,UNKNOWN
2026-05-13,2026-05-13T15:28:42.825732+00:00,RUN-REAL-ESS-20260513-002,FIDELITY,starmine_zacks.csv,KFRC,NON_STARMINE_ANALYST,NON_COVERED,,,False,UNKNOWN
2026-05-13,2026-05-13T15:28:42.825732+00:00,RUN-REAL-ESS-20260513-002,FIDELITY,starmine_zacks.csv,KLIC,NON_STARMINE_ANALYST,NON_COVERED,,,False,UNKNOWN
2026-05-13,2026-05-13T15:28:42.825732+00:00,RUN-REAL-ESS-20260513-002,FIDELITY,starmine_zacks.csv,KOPN,NON_STARMINE_ANALYST,NON_COVERED,,,False,UNKNOWN
2026-05-13,2026-05-13T15:28:42.825732+00:00,RUN-REAL-ESS-20260513-002,FIDELITY,starmine_zacks.csv,LFUS,NON_STARMINE_ANALYST,NON_COVERED,,,False,UNKNOWN
2026-05-13,2026-05-13T15:28:42.825732+00:00,RUN-REAL-ESS-20260513-002,FIDELITY,starmine_zacks.csv,MCRI,NON_STARMINE_ANALYST,NON_COVERED,,,False,UNKNOWN
2026-05-13,2026-05-13T15:28:42.825732+00:00,RUN-REAL-ESS-20260513-002,FIDELITY,starmine_zacks.csv,MITSY,NON_STARMINE_ANALYST,NON_COVERED,,,False,UNKNOWN
2026-05-13,2026-05-13T15:28:42.825732+00:00,RUN-REAL-ESS-20260513-002,FIDELITY,starmine_zacks.csv,MKSI,NON_STARMINE_ANALYST,NON_COVERED,,,False,UNKNOWN
2026-05-13,2026-05-13T15:28:42.825732+00:00,RUN-REAL-ESS-20260513-002,FIDELITY,starmine_zacks.csv,MU,NON_STARMINE_ANALYST,NON_COVERED,,,False,UNKNOWN
2026-05-13,2026-05-13T15:28:42.825732+00:00,RUN-REAL-ESS-20260513-002,FIDELITY,starmine_zacks.csv,MS,NON_STARMINE_ANALYST,NON_COVERED,,,False,UNKNOWN
2026-05-13,2026-05-13T15:28:42.825732+00:00,RUN-REAL-ESS-20260513-002,FIDELITY,starmine_zacks.csv,ONTO,NON_STARMINE_ANALYST,NON_COVERED,,,False,UNKNOWN
2026-05-13,2026-05-13T15:28:42.825732+00:00,RUN-REAL-ESS-20260513-002,FIDELITY,starmine_zacks.csv,IDR,NON_STARMINE_ANALYST,NON_COVERED,,,False,UNKNOWN
2026-05-13,2026-05-13T15:28:42.825732+00:00,RUN-REAL-ESS-20260513-002,FIDELITY,starmine_zacks.csv,NKSH,NON_STARMINE_ANALYST,NON_COVERED,,,False,UNKNOWN
2026-05-13,2026-05-13T15:28:42.825732+00:00,RUN-REAL-ESS-20260513-002,FIDELITY,starmine_zacks.csv,NVDA,NON_STARMINE_ANALYST,NON_COVERED,,,False,UNKNOWN
2026-05-13,2026-05-13T15:28:42.825732+00:00,RUN-REAL-ESS-20260513-002,FIDELITY,starmine_zacks.csv,OFG,NON_STARMINE_ANALYST,NON_COVERED,,,False,UNKNOWN
2026-05-13,2026-05-13T15:28:42.825732+00:00,RUN-REAL-ESS-20260513-002,FIDELITY,starmine_zacks.csv,OMCL,NON_STARMINE_ANALYST,NON_COVERED,,,False,UNKNOWN
2026-05-13,2026-05-13T15:28:42.825732+00:00,RUN-REAL-ESS-20260513-002,FIDELITY,starmine_zacks.csv,OMVKY,NON_STARMINE_ANALYST,NON_COVERED,,,False,UNKNOWN
2026-05-13,2026-05-13T15:28:42.825732+00:00,RUN-REAL-ESS-20260513-002,FIDELITY,starmine_zacks.csv,ON,NON_STARMINE_ANALYST,NON_COVERED,,,False,UNKNOWN
2026-05-13,2026-05-13T15:28:42.825732+00:00,RUN-REAL-ESS-20260513-002,FIDELITY,starmine_zacks.csv,OTTR,NON_STARMINE_ANALYST,NON_COVERED,,,False,UNKNOWN
2026-05-13,2026-05-13T15:28:42.825732+00:00,RUN-REAL-ESS-20260513-002,FIDELITY,starmine_zacks.csv,OXY,NON_STARMINE_ANALYST,NON_COVERED,,,False,UNKNOWN
2026-05-13,2026-05-13T15:28:42.825732+00:00,RUN-REAL-ESS-20260513-002,FIDELITY,starmine_zacks.csv,PBI,NON_STARMINE_ANALYST,NON_COVERED,,,False,UNKNOWN
2026-05-13,2026-05-13T15:28:42.825732+00:00,RUN-REAL-ESS-20260513-002,FIDELITY,starmine_zacks.csv,PBR,NON_STARMINE_ANALYST,NON_COVERED,,,False,UNKNOWN
2026-05-13,2026-05-13T15:28:42.825732+00:00,RUN-REAL-ESS-20260513-002,FIDELITY,starmine_zacks.csv,PII,NON_STARMINE_ANALYST,NON_COVERED,,,False,UNKNOWN
2026-05-13,2026-05-13T15:28:42.825732+00:00,RUN-REAL-ESS-20260513-002,FIDELITY,starmine_zacks.csv,PLAB,NON_STARMINE_ANALYST,NON_COVERED,,,False,UNKNOWN
2026-05-13,2026-05-13T15:28:42.825732+00:00,RUN-REAL-ESS-20260513-002,FIDELITY,starmine_zacks.csv,PLUS,NON_STARMINE_ANALYST,NON_COVERED,,,False,UNKNOWN
2026-05-13,2026-05-13T15:28:42.825732+00:00,RUN-REAL-ESS-20260513-002,FIDELITY,starmine_zacks.csv,PRA,NON_STARMINE_ANALYST,NON_COVERED,,,False,UNKNOWN
2026-05-13,2026-05-13T15:28:42.825732+00:00,RUN-REAL-ESS-20260513-002,FIDELITY,starmine_zacks.csv,PTEN,NON_STARMINE_ANALYST,NON_COVERED,,,False,UNKNOWN
2026-05-13,2026-05-13T15:28:42.825732+00:00,RUN-REAL-ESS-20260513-002,FIDELITY,starmine_zacks.csv,PWR,NON_STARMINE_ANALYST,NON_COVERED,,,False,UNKNOWN
2026-05-13,2026-05-13T15:28:42.825732+00:00,RUN-REAL-ESS-20260513-002,FIDELITY,starmine_zacks.csv,R,NON_STARMINE_ANALYST,NON_COVERED,,,False,UNKNOWN
2026-05-13,2026-05-13T15:28:42.825732+00:00,RUN-REAL-ESS-20260513-002,FIDELITY,starmine_zacks.csv,RCMT,NON_STARMINE_ANALYST,NON_COVERED,,,False,UNKNOWN
2026-05-13,2026-05-13T15:28:42.825732+00:00,RUN-REAL-ESS-20260513-002,FIDELITY,starmine_zacks.csv,REPYY,NON_STARMINE_ANALYST,NON_COVERED,,,False,UNKNOWN
2026-05-13,2026-05-13T15:28:42.825732+00:00,RUN-REAL-ESS-20260513-002,FIDELITY,starmine_zacks.csv,ROP,NON_STARMINE_ANALYST,NON_COVERED,,,False,UNKNOWN
2026-05-13,2026-05-13T15:28:42.825732+00:00,RUN-REAL-ESS-20260513-002,FIDELITY,starmine_zacks.csv,RRC,NON_STARMINE_ANALYST,NON_COVERED,,,False,UNKNOWN
2026-05-13,2026-05-13T15:28:42.825732+00:00,RUN-REAL-ESS-20260513-002,FIDELITY,starmine_zacks.csv,RWEOY,NON_STARMINE_ANALYST,NON_COVERED,,,False,UNKNOWN
2026-05-13,2026-05-13T15:28:42.825732+00:00,RUN-REAL-ESS-20260513-002,FIDELITY,starmine_zacks.csv,STN,NON_STARMINE_ANALYST,NON_COVERED,,,False,UNKNOWN
2026-05-13,2026-05-13T15:28:42.825732+00:00,RUN-REAL-ESS-20260513-002,FIDELITY,starmine_zacks.csv,SANM,NON_STARMINE_ANALYST,NON_COVERED,,,False,UNKNOWN
2026-05-13,2026-05-13T15:28:42.825732+00:00,RUN-REAL-ESS-20260513-002,FIDELITY,starmine_zacks.csv,SCHL,NON_STARMINE_ANALYST,NON_COVERED,,,False,UNKNOWN
2026-05-13,2026-05-13T15:28:42.825732+00:00,RUN-REAL-ESS-20260513-002,FIDELITY,starmine_zacks.csv,SDVKY,NON_STARMINE_ANALYST,NON_COVERED,,,False,UNKNOWN
2026-05-13,2026-05-13T15:28:42.825732+00:00,RUN-REAL-ESS-20260513-002,FIDELITY,starmine_zacks.csv,SBLK,NON_STARMINE_ANALYST,NON_COVERED,,,False,UNKNOWN
2026-05-13,2026-05-13T15:28:42.825732+00:00,RUN-REAL-ESS-20260513-002,FIDELITY,starmine_zacks.csv,SHBI,NON_STARMINE_ANALYST,NON_COVERED,,,False,UNKNOWN
2026-05-13,2026-05-13T15:28:42.825732+00:00,RUN-REAL-ESS-20260513-002,FIDELITY,starmine_zacks.csv,SLM,NON_STARMINE_ANALYST,NON_COVERED,,,False,UNKNOWN
2026-05-13,2026-05-13T15:28:42.825732+00:00,RUN-REAL-ESS-20260513-002,FIDELITY,starmine_zacks.csv,SM,NON_STARMINE_ANALYST,NON_COVERED,,,False,UNKNOWN
2026-05-13,2026-05-13T15:28:42.825732+00:00,RUN-REAL-ESS-20260513-002,FIDELITY,starmine_zacks.csv,SMFG,NON_STARMINE_ANALYST,NON_COVERED,,,False,UNKNOWN
2026-05-13,2026-05-13T15:28:42.825732+00:00,RUN-REAL-ESS-20260513-002,FIDELITY,starmine_zacks.csv,SMP,NON_STARMINE_ANALYST,NON_COVERED,,,False,UNKNOWN
2026-05-13,2026-05-13T15:28:42.825732+00:00,RUN-REAL-ESS-20260513-002,FIDELITY,starmine_zacks.csv,SNX,NON_STARMINE_ANALYST,NON_COVERED,,,False,UNKNOWN
2026-05-13,2026-05-13T15:28:42.825732+00:00,RUN-REAL-ESS-20260513-002,FIDELITY,starmine_zacks.csv,SUBCY,NON_STARMINE_ANALYST,NON_COVERED,,,False,UNKNOWN
2026-05-13,2026-05-13T15:28:42.825732+00:00,RUN-REAL-ESS-20260513-002,FIDELITY,starmine_zacks.csv,SPH,NON_STARMINE_ANALYST,NON_COVERED,,,False,UNKNOWN
2026-05-13,2026-05-13T15:28:42.825732+00:00,RUN-REAL-ESS-20260513-002,FIDELITY,starmine_zacks.csv,SSL,NON_STARMINE_ANALYST,NON_COVERED,,,False,UNKNOWN
2026-05-13,2026-05-13T15:28:42.825732+00:00,RUN-REAL-ESS-20260513-002,FIDELITY,starmine_zacks.csv,SSRM,NON_STARMINE_ANALYST,NON_COVERED,,,False,UNKNOWN
2026-05-13,2026-05-13T15:28:42.825732+00:00,RUN-REAL-ESS-20260513-002,FIDELITY,starmine_zacks.csv,EQNR,NON_STARMINE_ANALYST,NON_COVERED,,,False,UNKNOWN
2026-05-13,2026-05-13T15:28:42.825732+00:00,RUN-REAL-ESS-20260513-002,FIDELITY,starmine_zacks.csv,STRA,NON_STARMINE_ANALYST,NON_COVERED,,,False,UNKNOWN
2026-05-13,2026-05-13T15:28:42.825732+00:00,RUN-REAL-ESS-20260513-002,FIDELITY,starmine_zacks.csv,STT,NON_STARMINE_ANALYST,NON_COVERED,,,False,UNKNOWN
2026-05-13,2026-05-13T15:28:42.825732+00:00,RUN-REAL-ESS-20260513-002,FIDELITY,starmine_zacks.csv,STX,NON_STARMINE_ANALYST,NON_COVERED,,,False,UNKNOWN
2026-05-13,2026-05-13T15:28:42.825732+00:00,RUN-REAL-ESS-20260513-002,FIDELITY,starmine_zacks.csv,SU,NON_STARMINE_ANALYST,NON_COVERED,,,False,UNKNOWN
2026-05-13,2026-05-13T15:28:42.825732+00:00,RUN-REAL-ESS-20260513-002,FIDELITY,starmine_zacks.csv,TCBK,NON_STARMINE_ANALYST,NON_COVERED,,,False,UNKNOWN
2026-05-13,2026-05-13T15:28:42.825732+00:00,RUN-REAL-ESS-20260513-002,FIDELITY,starmine_zacks.csv,TDW,NON_STARMINE_ANALYST,NON_COVERED,,,False,UNKNOWN
2026-05-13,2026-05-13T15:28:42.825732+00:00,RUN-REAL-ESS-20260513-002,FIDELITY,starmine_zacks.csv,REPX,NON_STARMINE_ANALYST,NON_COVERED,,,False,UNKNOWN
2026-05-13,2026-05-13T15:28:42.825732+00:00,RUN-REAL-ESS-20260513-002,FIDELITY,starmine_zacks.csv,TM,NON_STARMINE_ANALYST,NON_COVERED,,,False,UNKNOWN
2026-05-13,2026-05-13T15:28:42.825732+00:00,RUN-REAL-ESS-20260513-002,FIDELITY,starmine_zacks.csv,TPL,NON_STARMINE_ANALYST,NON_COVERED,,,False,UNKNOWN
2026-05-13,2026-05-13T15:28:42.825732+00:00,RUN-REAL-ESS-20260513-002,FIDELITY,starmine_zacks.csv,TIMB,NON_STARMINE_ANALYST,NON_COVERED,,,False,UNKNOWN
2026-05-13,2026-05-13T15:28:42.825732+00:00,RUN-REAL-ESS-20260513-002,FIDELITY,starmine_zacks.csv,TTNDY,NON_STARMINE_ANALYST,NON_COVERED,,,False,UNKNOWN
2026-05-13,2026-05-13T15:28:42.825732+00:00,RUN-REAL-ESS-20260513-002,FIDELITY,starmine_zacks.csv,TXN,NON_STARMINE_ANALYST,NON_COVERED,,,False,UNKNOWN
2026-05-13,2026-05-13T15:28:42.825732+00:00,RUN-REAL-ESS-20260513-002,FIDELITY,starmine_zacks.csv,UFCS,NON_STARMINE_ANALYST,NON_COVERED,,,False,UNKNOWN
2026-05-13,2026-05-13T15:28:42.825732+00:00,RUN-REAL-ESS-20260513-002,FIDELITY,starmine_zacks.csv,UMBF,NON_STARMINE_ANALYST,NON_COVERED,,,False,UNKNOWN
2026-05-13,2026-05-13T15:28:42.825732+00:00,RUN-REAL-ESS-20260513-002,FIDELITY,starmine_zacks.csv,USNZY,NON_STARMINE_ANALYST,NON_COVERED,,,False,UNKNOWN
2026-05-13,2026-05-13T15:28:42.825732+00:00,RUN-REAL-ESS-20260513-002,FIDELITY,starmine_zacks.csv,UVE,NON_STARMINE_ANALYST,NON_COVERED,,,False,UNKNOWN
2026-05-13,2026-05-13T15:28:42.825732+00:00,RUN-REAL-ESS-20260513-002,FIDELITY,starmine_zacks.csv,VFC,NON_STARMINE_ANALYST,NON_COVERED,,,False,UNKNOWN
2026-05-13,2026-05-13T15:28:42.825732+00:00,RUN-REAL-ESS-20260513-002,FIDELITY,starmine_zacks.csv,VICR,NON_STARMINE_ANALYST,NON_COVERED,,,False,UNKNOWN
2026-05-13,2026-05-13T15:28:42.825732+00:00,RUN-REAL-ESS-20260513-002,FIDELITY,starmine_zacks.csv,VLO,NON_STARMINE_ANALYST,NON_COVERED,,,False,UNKNOWN
2026-05-13,2026-05-13T15:28:42.825732+00:00,RUN-REAL-ESS-20260513-002,FIDELITY,starmine_zacks.csv,VMI,NON_STARMINE_ANALYST,NON_COVERED,,,False,UNKNOWN
2026-05-13,2026-05-13T15:28:42.825732+00:00,RUN-REAL-ESS-20260513-002,FIDELITY,starmine_zacks.csv,VOD,NON_STARMINE_ANALYST,NON_COVERED,,,False,UNKNOWN
2026-05-13,2026-05-13T15:28:42.825732+00:00,RUN-REAL-ESS-20260513-002,FIDELITY,starmine_zacks.csv,PRSU,NON_STARMINE_ANALYST,NON_COVERED,,,False,UNKNOWN
2026-05-13,2026-05-13T15:28:42.825732+00:00,RUN-REAL-ESS-20260513-002,FIDELITY,starmine_zacks.csv,WDC,NON_STARMINE_ANALYST,NON_COVERED,,,False,UNKNOWN
2026-05-13,2026-05-13T15:28:42.825732+00:00,RUN-REAL-ESS-20260513-002,FIDELITY,starmine_zacks.csv,WAFD,NON_STARMINE_ANALYST,NON_COVERED,,,False,UNKNOWN
2026-05-13,2026-05-13T15:28:42.825732+00:00,RUN-REAL-ESS-20260513-002,FIDELITY,starmine_zacks.csv,XOM,NON_STARMINE_ANALYST,NON_COVERED,,,False,UNKNOWN
2026-05-13,2026-05-13T15:28:42.825732+00:00,RUN-REAL-ESS-20260513-002,FIDELITY,starmine_zacks.csv,YARIY,NON_STARMINE_ANALYST,NON_COVERED,,,False,UNKNOWN
2026-05-13,2026-05-13T15:28:42.825732+00:00,RUN-REAL-ESS-20260513-002,FIDELITY,starmine_zacks.csv,YPF,NON_STARMINE_ANALYST,NON_COVERED,,,False,UNKNOWN
2026-05-13,2026-05-13T15:28:42.825732+00:00,RUN-REAL-ESS-20260513-002,FIDELITY,starmine_zacks.csv,DINO,NON_STARMINE_ANALYST,NON_COVERED,,,False,UNKNOWN
2026-05-13,2026-05-13T15:28:42.825732+00:00,RUN-REAL-ESS-20260513-002,FIDELITY,starmine_zacks.csv,CLAR,NON_STARMINE_ANALYST,NON_COVERED,,,False,UNKNOWN
2026-05-13,2026-05-13T15:28:42.825732+00:00,RUN-REAL-ESS-20260513-002,FIDELITY,starmine_zacks.csv,SIMO,NON_STARMINE_ANALYST,NON_COVERED,,,False,UNKNOWN
2026-05-13,2026-05-13T15:28:42.825732+00:00,RUN-REAL-ESS-20260513-002,FIDELITY,starmine_zacks.csv,CACC,NON_STARMINE_ANALYST,NON_COVERED,,,False,UNKNOWN
2026-05-13,2026-05-13T15:28:42.825732+00:00,RUN-REAL-ESS-20260513-002,FIDELITY,starmine_zacks.csv,TSAT,NON_STARMINE_ANALYST,NON_COVERED,,,False,UNKNOWN
2026-05-13,2026-05-13T15:28:42.825732+00:00,RUN-REAL-ESS-20260513-002,FIDELITY,starmine_zacks.csv,ATRC,NON_STARMINE_ANALYST,NON_COVERED,,,False,UNKNOWN
2026-05-13,2026-05-13T15:28:42.825732+00:00,RUN-REAL-ESS-20260513-002,FIDELITY,starmine_zacks.csv,CF,NON_STARMINE_ANALYST,NON_COVERED,,,False,UNKNOWN
2026-05-13,2026-05-13T15:28:42.825732+00:00,RUN-REAL-ESS-20260513-002,FIDELITY,starmine_zacks.csv,RBC,NON_STARMINE_ANALYST,NON_COVERED,,,False,UNKNOWN
2026-05-13,2026-05-13T15:28:42.825732+00:00,RUN-REAL-ESS-20260513-002,FIDELITY,starmine_zacks.csv,GLP,NON_STARMINE_ANALYST,NON_COVERED,,,False,UNKNOWN
2026-05-13,2026-05-13T15:28:42.825732+00:00,RUN-REAL-ESS-20260513-002,FIDELITY,starmine_zacks.csv,UAA,NON_STARMINE_ANALYST,NON_COVERED,,,False,UNKNOWN
2026-05-13,2026-05-13T15:28:42.825732+00:00,RUN-REAL-ESS-20260513-002,FIDELITY,starmine_zacks.csv,DK,NON_STARMINE_ANALYST,NON_COVERED,,,False,UNKNOWN
2026-05-13,2026-05-13T15:28:42.825732+00:00,RUN-REAL-ESS-20260513-002,FIDELITY,starmine_zacks.csv,CIEN,NON_STARMINE_ANALYST,NON_COVERED,,,False,UNKNOWN
2026-05-13,2026-05-13T15:28:42.825732+00:00,RUN-REAL-ESS-20260513-002,FIDELITY,starmine_zacks.csv,NVGS,NON_STARMINE_ANALYST,NON_COVERED,,,False,UNKNOWN
2026-05-13,2026-05-13T15:28:42.825732+00:00,RUN-REAL-ESS-20260513-002,FIDELITY,starmine_zacks.csv,LMAT,NON_STARMINE_ANALYST,NON_COVERED,,,False,UNKNOWN
2026-05-13,2026-05-13T15:28:42.825732+00:00,RUN-REAL-ESS-20260513-002,FIDELITY,starmine_zacks.csv,CPRX,NON_STARMINE_ANALYST,NON_COVERED,,,False,UNKNOWN
2026-05-13,2026-05-13T15:28:42.825732+00:00,RUN-REAL-ESS-20260513-002,FIDELITY,starmine_zacks.csv,AER,NON_STARMINE_ANALYST,NON_COVERED,,,False,UNKNOWN
2026-05-13,2026-05-13T15:28:42.825732+00:00,RUN-REAL-ESS-20260513-002,FIDELITY,starmine_zacks.csv,REI,NON_STARMINE_ANALYST,NON_COVERED,,,False,UNKNOWN
2026-05-13,2026-05-13T15:28:42.825732+00:00,RUN-REAL-ESS-20260513-002,FIDELITY,starmine_zacks.csv,CNK,NON_STARMINE_ANALYST,NON_COVERED,,,False,UNKNOWN
2026-05-13,2026-05-13T15:28:42.825732+00:00,RUN-REAL-ESS-20260513-002,FIDELITY,starmine_zacks.csv,ORN,NON_STARMINE_ANALYST,NON_COVERED,,,False,UNKNOWN
2026-05-13,2026-05-13T15:28:42.825732+00:00,RUN-REAL-ESS-20260513-002,FIDELITY,starmine_zacks.csv,TEL,NON_STARMINE_ANALYST,NON_COVERED,,,False,UNKNOWN
2026-05-13,2026-05-13T15:28:42.825732+00:00,RUN-REAL-ESS-20260513-002,FIDELITY,starmine_zacks.csv,TDC,NON_STARMINE_ANALYST,NON_COVERED,,,False,UNKNOWN
2026-05-13,2026-05-13T15:28:42.825732+00:00,RUN-REAL-ESS-20260513-002,FIDELITY,starmine_zacks.csv,SHIP,NON_STARMINE_ANALYST,NON_COVERED,,,False,UNKNOWN
2026-05-13,2026-05-13T15:28:42.825732+00:00,RUN-REAL-ESS-20260513-002,FIDELITY,starmine_zacks.csv,APEI,NON_STARMINE_ANALYST,NON_COVERED,,,False,UNKNOWN
2026-05-13,2026-05-13T15:28:42.825732+00:00,RUN-REAL-ESS-20260513-002,FIDELITY,starmine_zacks.csv,KDP,NON_STARMINE_ANALYST,NON_COVERED,,,False,UNKNOWN
2026-05-13,2026-05-13T15:28:42.825732+00:00,RUN-REAL-ESS-20260513-002,FIDELITY,starmine_zacks.csv,ENGIY,NON_STARMINE_ANALYST,NON_COVERED,,,False,UNKNOWN
2026-05-13,2026-05-13T15:28:42.825732+00:00,RUN-REAL-ESS-20260513-002,FIDELITY,starmine_zacks.csv,TREE,NON_STARMINE_ANALYST,NON_COVERED,,,False,UNKNOWN
2026-05-13,2026-05-13T15:28:42.825732+00:00,RUN-REAL-ESS-20260513-002,FIDELITY,starmine_zacks.csv,MYRG,NON_STARMINE_ANALYST,NON_COVERED,,,False,UNKNOWN
2026-05-13,2026-05-13T15:28:42.825732+00:00,RUN-REAL-ESS-20260513-002,FIDELITY,starmine_zacks.csv,HCI,NON_STARMINE_ANALYST,NON_COVERED,,,False,UNKNOWN
2026-05-13,2026-05-13T15:28:42.825732+00:00,RUN-REAL-ESS-20260513-002,FIDELITY,starmine_zacks.csv,EC,NON_STARMINE_ANALYST,NON_COVERED,,,False,UNKNOWN
2026-05-13,2026-05-13T15:28:42.825732+00:00,RUN-REAL-ESS-20260513-002,FIDELITY,starmine_zacks.csv,ALPMY,NON_STARMINE_ANALYST,NON_COVERED,,,False,UNKNOWN
2026-05-13,2026-05-13T15:28:42.825732+00:00,RUN-REAL-ESS-20260513-002,FIDELITY,starmine_zacks.csv,DHLGY,NON_STARMINE_ANALYST,NON_COVERED,,,False,UNKNOWN
2026-05-13,2026-05-13T15:28:42.825732+00:00,RUN-REAL-ESS-20260513-002,FIDELITY,starmine_zacks.csv,MURGY,NON_STARMINE_ANALYST,NON_COVERED,,,False,UNKNOWN
2026-05-13,2026-05-13T15:28:42.825732+00:00,RUN-REAL-ESS-20260513-002,FIDELITY,starmine_zacks.csv,SZKMY,NON_STARMINE_ANALYST,NON_COVERED,,,False,UNKNOWN
2026-05-13,2026-05-13T15:28:42.825732+00:00,RUN-REAL-ESS-20260513-002,FIDELITY,starmine_zacks.csv,NTOIY,NON_STARMINE_ANALYST,NON_COVERED,,,False,UNKNOWN
2026-05-13,2026-05-13T15:28:42.825732+00:00,RUN-REAL-ESS-20260513-002,FIDELITY,starmine_zacks.csv,GLPEY,NON_STARMINE_ANALYST,NON_COVERED,,,False,UNKNOWN
2026-05-13,2026-05-13T15:28:42.825732+00:00,RUN-REAL-ESS-20260513-002,FIDELITY,starmine_zacks.csv,PRYMY,NON_STARMINE_ANALYST,NON_COVERED,,,False,UNKNOWN
2026-05-13,2026-05-13T15:28:42.825732+00:00,RUN-REAL-ESS-20260513-002,FIDELITY,starmine_zacks.csv,LNNGY,NON_STARMINE_ANALYST,NON_COVERED,,,False,UNKNOWN
2026-05-13,2026-05-13T15:28:42.825732+00:00,RUN-REAL-ESS-20260513-002,FIDELITY,starmine_zacks.csv,KHNGY,NON_STARMINE_ANALYST,NON_COVERED,,,False,UNKNOWN
2026-05-13,2026-05-13T15:28:42.825732+00:00,RUN-REAL-ESS-20260513-002,FIDELITY,starmine_zacks.csv,UCBJY,NON_STARMINE_ANALYST,NON_COVERED,,,False,UNKNOWN
2026-05-13,2026-05-13T15:28:42.825732+00:00,RUN-REAL-ESS-20260513-002,FIDELITY,starmine_zacks.csv,AVGO,NON_STARMINE_ANALYST,NON_COVERED,,,False,UNKNOWN
2026-05-13,2026-05-13T15:28:42.825732+00:00,RUN-REAL-ESS-20260513-002,FIDELITY,starmine_zacks.csv,OMER,NON_STARMINE_ANALYST,NON_COVERED,,,False,UNKNOWN
2026-05-13,2026-05-13T15:28:42.825732+00:00,RUN-REAL-ESS-20260513-002,FIDELITY,starmine_zacks.csv,PAM,NON_STARMINE_ANALYST,NON_COVERED,,,False,UNKNOWN
2026-05-13,2026-05-13T15:28:42.825732+00:00,RUN-REAL-ESS-20260513-002,FIDELITY,starmine_zacks.csv,CVE,NON_STARMINE_ANALYST,NON_COVERED,,,False,UNKNOWN
2026-05-13,2026-05-13T15:28:42.825732+00:00,RUN-REAL-ESS-20260513-002,FIDELITY,starmine_zacks.csv,DG,NON_STARMINE_ANALYST,NON_COVERED,,,False,UNKNOWN
2026-05-13,2026-05-13T15:28:42.825732+00:00,RUN-REAL-ESS-20260513-002,FIDELITY,starmine_zacks.csv,PEB,NON_STARMINE_ANALYST,NON_COVERED,,,False,UNKNOWN
2026-05-13,2026-05-13T15:28:42.825732+00:00,RUN-REAL-ESS-20260513-002,FIDELITY,starmine_zacks.csv,GNRC,NON_STARMINE_ANALYST,NON_COVERED,,,False,UNKNOWN
2026-05-13,2026-05-13T15:28:42.825732+00:00,RUN-REAL-ESS-20260513-002,FIDELITY,starmine_zacks.csv,HTHT,NON_STARMINE_ANALYST,NON_COVERED,,,False,UNKNOWN
2026-05-13,2026-05-13T15:28:42.825732+00:00,RUN-REAL-ESS-20260513-002,FIDELITY,starmine_zacks.csv,STNG,NON_STARMINE_ANALYST,NON_COVERED,,,False,UNKNOWN
2026-05-13,2026-05-13T15:28:42.825732+00:00,RUN-REAL-ESS-20260513-002,FIDELITY,starmine_zacks.csv,VEON,NON_STARMINE_ANALYST,NON_COVERED,,,False,UNKNOWN
2026-05-13,2026-05-13T15:28:42.825732+00:00,RUN-REAL-ESS-20260513-002,FIDELITY,starmine_zacks.csv,LYB,NON_STARMINE_ANALYST,NON_COVERED,,,False,UNKNOWN
2026-05-13,2026-05-13T15:28:42.825732+00:00,RUN-REAL-ESS-20260513-002,FIDELITY,starmine_zacks.csv,FAF,NON_STARMINE_ANALYST,NON_COVERED,,,False,UNKNOWN
2026-05-13,2026-05-13T15:28:42.825732+00:00,RUN-REAL-ESS-20260513-002,FIDELITY,starmine_zacks.csv,HPP,NON_STARMINE_ANALYST,NON_COVERED,,,False,UNKNOWN
2026-05-13,2026-05-13T15:28:42.825732+00:00,RUN-REAL-ESS-20260513-002,FIDELITY,starmine_zacks.csv,FN,NON_STARMINE_ANALYST,NON_COVERED,,,False,UNKNOWN
2026-05-13,2026-05-13T15:28:42.825732+00:00,RUN-REAL-ESS-20260513-002,FIDELITY,starmine_zacks.csv,TAL,NON_STARMINE_ANALYST,NON_COVERED,,,False,UNKNOWN
2026-05-13,2026-05-13T15:28:42.825732+00:00,RUN-REAL-ESS-20260513-002,FIDELITY,starmine_zacks.csv,ASMIY,NON_STARMINE_ANALYST,NON_COVERED,,,False,UNKNOWN
2026-05-13,2026-05-13T15:28:42.825732+00:00,RUN-REAL-ESS-20260513-002,FIDELITY,starmine_zacks.csv,KMI,NON_STARMINE_ANALYST,NON_COVERED,,,False,UNKNOWN
2026-05-13,2026-05-13T15:28:42.825732+00:00,RUN-REAL-ESS-20260513-002,FIDELITY,starmine_zacks.csv,GRCE,NON_STARMINE_ANALYST,NON_COVERED,,,False,UNKNOWN
2026-05-13,2026-05-13T15:28:42.825732+00:00,RUN-REAL-ESS-20260513-002,FIDELITY,starmine_zacks.csv,EFXT,NON_STARMINE_ANALYST,NON_COVERED,,,False,UNKNOWN
2026-05-13,2026-05-13T15:28:42.825732+00:00,RUN-REAL-ESS-20260513-002,FIDELITY,starmine_zacks.csv,MPC,NON_STARMINE_ANALYST,NON_COVERED,,,False,UNKNOWN
2026-05-13,2026-05-13T15:28:42.825732+00:00,RUN-REAL-ESS-20260513-002,FIDELITY,starmine_zacks.csv,ZG,NON_STARMINE_ANALYST,NON_COVERED,,,False,UNKNOWN
2026-05-13,2026-05-13T15:28:42.825732+00:00,RUN-REAL-ESS-20260513-002,FIDELITY,starmine_zacks.csv,ELEZY,NON_STARMINE_ANALYST,NON_COVERED,,,False,UNKNOWN
2026-05-13,2026-05-13T15:28:42.825732+00:00,RUN-REAL-ESS-20260513-002,FIDELITY,starmine_zacks.csv,VAC,NON_STARMINE_ANALYST,NON_COVERED,,,False,UNKNOWN
2026-05-13,2026-05-13T15:28:42.825732+00:00,RUN-REAL-ESS-20260513-002,FIDELITY,starmine_zacks.csv,PBAM,NON_STARMINE_ANALYST,NON_COVERED,,,False,UNKNOWN
2026-05-13,2026-05-13T15:28:42.825732+00:00,RUN-REAL-ESS-20260513-002,FIDELITY,starmine_zacks.csv,GWRE,NON_STARMINE_ANALYST,NON_COVERED,,,False,UNKNOWN
2026-05-13,2026-05-13T15:28:42.825732+00:00,RUN-REAL-ESS-20260513-002,FIDELITY,starmine_zacks.csv,MTDR,NON_STARMINE_ANALYST,NON_COVERED,,,False,UNKNOWN
2026-05-13,2026-05-13T15:28:42.825732+00:00,RUN-REAL-ESS-20260513-002,FIDELITY,starmine_zacks.csv,PRLB,NON_STARMINE_ANALYST,NON_COVERED,,,False,UNKNOWN
2026-05-13,2026-05-13T15:28:42.825732+00:00,RUN-REAL-ESS-20260513-002,FIDELITY,starmine_zacks.csv,FET,NON_STARMINE_ANALYST,NON_COVERED,,,False,UNKNOWN
2026-05-13,2026-05-13T15:28:42.825732+00:00,RUN-REAL-ESS-20260513-002,FIDELITY,starmine_zacks.csv,PSX,NON_STARMINE_ANALYST,NON_COVERED,,,False,UNKNOWN
2026-05-13,2026-05-13T15:28:42.825732+00:00,RUN-REAL-ESS-20260513-002,FIDELITY,starmine_zacks.csv,FIVE,NON_STARMINE_ANALYST,NON_COVERED,,,False,UNKNOWN
2026-05-13,2026-05-13T15:28:42.825732+00:00,RUN-REAL-ESS-20260513-002,FIDELITY,starmine_zacks.csv,GMED,NON_STARMINE_ANALYST,NON_COVERED,,,False,UNKNOWN
2026-05-13,2026-05-13T15:28:42.825732+00:00,RUN-REAL-ESS-20260513-002,FIDELITY,starmine_zacks.csv,PARR,NON_STARMINE_ANALYST,NON_COVERED,,,False,UNKNOWN
2026-05-13,2026-05-13T15:28:42.825732+00:00,RUN-REAL-ESS-20260513-002,FIDELITY,starmine_zacks.csv,TPST,NON_STARMINE_ANALYST,NON_COVERED,,,False,UNKNOWN
2026-05-13,2026-05-13T15:28:42.825732+00:00,RUN-REAL-ESS-20260513-002,FIDELITY,starmine_zacks.csv,FANG,NON_STARMINE_ANALYST,NON_COVERED,,,False,UNKNOWN
2026-05-13,2026-05-13T15:28:42.825732+00:00,RUN-REAL-ESS-20260513-002,FIDELITY,starmine_zacks.csv,PBF,NON_STARMINE_ANALYST,NON_COVERED,,,False,UNKNOWN
2026-05-13,2026-05-13T15:28:42.825732+00:00,RUN-REAL-ESS-20260513-002,FIDELITY,starmine_zacks.csv,FUBO,NON_STARMINE_ANALYST,NON_COVERED,,,False,UNKNOWN
2026-05-13,2026-05-13T15:28:42.825732+00:00,RUN-REAL-ESS-20260513-002,FIDELITY,starmine_zacks.csv,OSG,NON_STARMINE_ANALYST,NON_COVERED,,,False,UNKNOWN
2026-05-13,2026-05-13T15:28:42.825732+00:00,RUN-REAL-ESS-20260513-002,FIDELITY,starmine_zacks.csv,MUSA,NON_STARMINE_ANALYST,NON_COVERED,,,False,UNKNOWN
2026-05-13,2026-05-13T15:28:42.825732+00:00,RUN-REAL-ESS-20260513-002,FIDELITY,starmine_zacks.csv,AR,NON_STARMINE_ANALYST,NON_COVERED,,,False,UNKNOWN
2026-05-13,2026-05-13T15:28:42.825732+00:00,RUN-REAL-ESS-20260513-002,FIDELITY,starmine_zacks.csv,VEEV,NON_STARMINE_ANALYST,NON_COVERED,,,False,UNKNOWN
2026-05-13,2026-05-13T15:28:42.825732+00:00,RUN-REAL-ESS-20260513-002,FIDELITY,starmine_zacks.csv,TNDM,NON_STARMINE_ANALYST,NON_COVERED,,,False,UNKNOWN
2026-05-13,2026-05-13T15:28:42.825732+00:00,RUN-REAL-ESS-20260513-002,FIDELITY,starmine_zacks.csv,VNCE,NON_STARMINE_ANALYST,NON_COVERED,,,False,UNKNOWN
2026-05-13,2026-05-13T15:28:42.825732+00:00,RUN-REAL-ESS-20260513-002,FIDELITY,starmine_zacks.csv,MBUU,NON_STARMINE_ANALYST,NON_COVERED,,,False,UNKNOWN
2026-05-13,2026-05-13T15:28:42.825732+00:00,RUN-REAL-ESS-20260513-002,FIDELITY,starmine_zacks.csv,ATEN,NON_STARMINE_ANALYST,NON_COVERED,,,False,UNKNOWN
2026-05-13,2026-05-13T15:28:42.825732+00:00,RUN-REAL-ESS-20260513-002,FIDELITY,starmine_zacks.csv,FIVN,NON_STARMINE_ANALYST,NON_COVERED,,,False,UNKNOWN
2026-05-13,2026-05-13T15:28:42.825732+00:00,RUN-REAL-ESS-20260513-002,FIDELITY,starmine_zacks.csv,BBSEY,NON_STARMINE_ANALYST,NON_COVERED,,,False,UNKNOWN
2026-05-13,2026-05-13T15:28:42.825732+00:00,RUN-REAL-ESS-20260513-002,FIDELITY,starmine_zacks.csv,PAHC,NON_STARMINE_ANALYST,NON_COVERED,,,False,UNKNOWN
2026-05-13,2026-05-13T15:28:42.825732+00:00,RUN-REAL-ESS-20260513-002,FIDELITY,starmine_zacks.csv,TBPH,NON_STARMINE_ANALYST,NON_COVERED,,,False,UNKNOWN
2026-05-13,2026-05-13T15:28:42.825732+00:00,RUN-REAL-ESS-20260513-002,FIDELITY,starmine_zacks.csv,ANET,NON_STARMINE_ANALYST,NON_COVERED,,,False,UNKNOWN
2026-05-13,2026-05-13T15:28:42.825732+00:00,RUN-REAL-ESS-20260513-002,FIDELITY,starmine_zacks.csv,LNTH,NON_STARMINE_ANALYST,NON_COVERED,,,False,UNKNOWN
2026-05-13,2026-05-13T15:28:42.825732+00:00,RUN-REAL-ESS-20260513-002,FIDELITY,starmine_zacks.csv,KEYS,NON_STARMINE_ANALYST,NON_COVERED,,,False,UNKNOWN
2026-05-13,2026-05-13T15:28:42.825732+00:00,RUN-REAL-ESS-20260513-002,FIDELITY,starmine_zacks.csv,ENVA,NON_STARMINE_ANALYST,NON_COVERED,,,False,UNKNOWN
2026-05-13,2026-05-13T15:28:42.825732+00:00,RUN-REAL-ESS-20260513-002,FIDELITY,starmine_zacks.csv,LC,NON_STARMINE_ANALYST,NON_COVERED,,,False,UNKNOWN
2026-05-13,2026-05-13T15:28:42.825732+00:00,RUN-REAL-ESS-20260513-002,FIDELITY,starmine_zacks.csv,FTAI,NON_STARMINE_ANALYST,NON_COVERED,,,False,UNKNOWN
2026-05-13,2026-05-13T15:28:42.825732+00:00,RUN-REAL-ESS-20260513-002,FIDELITY,starmine_zacks.csv,INDV,NON_STARMINE_ANALYST,NON_COVERED,,,False,UNKNOWN
2026-05-13,2026-05-13T15:28:42.825732+00:00,RUN-REAL-ESS-20260513-002,FIDELITY,starmine_zacks.csv,VIRT,NON_STARMINE_ANALYST,NON_COVERED,,,False,UNKNOWN
2026-05-13,2026-05-13T15:28:42.825732+00:00,RUN-REAL-ESS-20260513-002,FIDELITY,starmine_zacks.csv,RUN,NON_STARMINE_ANALYST,NON_COVERED,,,False,UNKNOWN
2026-05-13,2026-05-13T15:28:42.825732+00:00,RUN-REAL-ESS-20260513-002,FIDELITY,starmine_zacks.csv,Z,NON_STARMINE_ANALYST,NON_COVERED,,,False,UNKNOWN
2026-05-13,2026-05-13T15:28:42.825732+00:00,RUN-REAL-ESS-20260513-002,FIDELITY,starmine_zacks.csv,ANAB,NON_STARMINE_ANALYST,NON_COVERED,,,False,UNKNOWN
2026-05-13,2026-05-13T15:28:42.825732+00:00,RUN-REAL-ESS-20260513-002,FIDELITY,starmine_zacks.csv,XYZ,NON_STARMINE_ANALYST,NON_COVERED,,,False,UNKNOWN
2026-05-13,2026-05-13T15:28:42.825732+00:00,RUN-REAL-ESS-20260513-002,FIDELITY,starmine_zacks.csv,TEAM,NON_STARMINE_ANALYST,NON_COVERED,,,False,UNKNOWN
2026-05-13,2026-05-13T15:28:42.825732+00:00,RUN-REAL-ESS-20260513-002,FIDELITY,starmine_zacks.csv,DSCSY,NON_STARMINE_ANALYST,NON_COVERED,,,False,UNKNOWN
2026-05-13,2026-05-13T15:28:42.825732+00:00,RUN-REAL-ESS-20260513-002,FIDELITY,starmine_zacks.csv,PR,NON_STARMINE_ANALYST,NON_COVERED,,,False,UNKNOWN
2026-05-13,2026-05-13T15:28:42.825732+00:00,RUN-REAL-ESS-20260513-002,FIDELITY,starmine_zacks.csv,MTVA,NON_STARMINE_ANALYST,NON_COVERED,,,False,UNKNOWN
2026-05-13,2026-05-13T15:28:42.825732+00:00,RUN-REAL-ESS-20260513-002,FIDELITY,starmine_zacks.csv,MSBI,NON_STARMINE_ANALYST,NON_COVERED,,,False,UNKNOWN
2026-05-13,2026-05-13T15:28:42.825732+00:00,RUN-REAL-ESS-20260513-002,FIDELITY,starmine_zacks.csv,ZTO,NON_STARMINE_ANALYST,NON_COVERED,,,False,UNKNOWN
2026-05-13,2026-05-13T15:28:42.825732+00:00,RUN-REAL-ESS-20260513-002,FIDELITY,starmine_zacks.csv,AA,NON_STARMINE_ANALYST,NON_COVERED,,,False,UNKNOWN
2026-05-13,2026-05-13T15:28:42.825732+00:00,RUN-REAL-ESS-20260513-002,FIDELITY,starmine_zacks.csv,GDS,NON_STARMINE_ANALYST,NON_COVERED,,,False,UNKNOWN
2026-05-13,2026-05-13T15:28:42.825732+00:00,RUN-REAL-ESS-20260513-002,FIDELITY,starmine_zacks.csv,HGV,NON_STARMINE_ANALYST,NON_COVERED,,,False,UNKNOWN
2026-05-13,2026-05-13T15:28:42.825732+00:00,RUN-REAL-ESS-20260513-002,FIDELITY,starmine_zacks.csv,VREX,NON_STARMINE_ANALYST,NON_COVERED,,,False,UNKNOWN
2026-05-13,2026-05-13T15:28:42.825732+00:00,RUN-REAL-ESS-20260513-002,FIDELITY,starmine_zacks.csv,PENG,NON_STARMINE_ANALYST,NON_COVERED,,,False,UNKNOWN
2026-05-13,2026-05-13T15:28:42.825732+00:00,RUN-REAL-ESS-20260513-002,FIDELITY,starmine_zacks.csv,APPN,NON_STARMINE_ANALYST,NON_COVERED,,,False,UNKNOWN
2026-05-13,2026-05-13T15:28:42.825732+00:00,RUN-REAL-ESS-20260513-002,FIDELITY,starmine_zacks.csv,MGY,NON_STARMINE_ANALYST,NON_COVERED,,,False,UNKNOWN
2026-05-13,2026-05-13T15:28:42.825732+00:00,RUN-REAL-ESS-20260513-002,FIDELITY,starmine_zacks.csv,RBB,NON_STARMINE_ANALYST,NON_COVERED,,,False,UNKNOWN
2026-05-13,2026-05-13T15:28:42.825732+00:00,RUN-REAL-ESS-20260513-002,FIDELITY,starmine_zacks.csv,ACEL,NON_STARMINE_ANALYST,NON_COVERED,,,False,UNKNOWN
2026-05-13,2026-05-13T15:28:42.825732+00:00,RUN-REAL-ESS-20260513-002,FIDELITY,starmine_zacks.csv,BAND,NON_STARMINE_ANALYST,NON_COVERED,,,False,UNKNOWN
2026-05-13,2026-05-13T15:28:42.825732+00:00,RUN-REAL-ESS-20260513-002,FIDELITY,starmine_zacks.csv,OSS,NON_STARMINE_ANALYST,NON_COVERED,,,False,UNKNOWN
2026-05-13,2026-05-13T15:28:42.825732+00:00,RUN-REAL-ESS-20260513-002,FIDELITY,starmine_zacks.csv,QTTB,NON_STARMINE_ANALYST,NON_COVERED,,,False,UNKNOWN
2026-05-13,2026-05-13T15:28:42.825732+00:00,RUN-REAL-ESS-20260513-002,FIDELITY,starmine_zacks.csv,NVT,NON_STARMINE_ANALYST,NON_COVERED,,,False,UNKNOWN
2026-05-13,2026-05-13T15:28:42.825732+00:00,RUN-REAL-ESS-20260513-002,FIDELITY,starmine_zacks.csv,ASX,NON_STARMINE_ANALYST,NON_COVERED,,,False,UNKNOWN
2026-05-13,2026-05-13T15:28:42.825732+00:00,RUN-REAL-ESS-20260513-002,FIDELITY,starmine_zacks.csv,CURLF,NON_STARMINE_ANALYST,NON_COVERED,,,False,UNKNOWN
2026-05-13,2026-05-13T15:28:42.825732+00:00,RUN-REAL-ESS-20260513-002,FIDELITY,starmine_zacks.csv,BJ,NON_STARMINE_ANALYST,NON_COVERED,,,False,UNKNOWN
2026-05-13,2026-05-13T15:28:42.825732+00:00,RUN-REAL-ESS-20260513-002,FIDELITY,starmine_zacks.csv,LQDA,NON_STARMINE_ANALYST,NON_COVERED,,,False,UNKNOWN
2026-05-13,2026-05-13T15:28:42.825732+00:00,RUN-REAL-ESS-20260513-002,FIDELITY,starmine_zacks.csv,BE,NON_STARMINE_ANALYST,NON_COVERED,,,False,UNKNOWN
2026-05-13,2026-05-13T15:28:42.825732+00:00,RUN-REAL-ESS-20260513-002,FIDELITY,starmine_zacks.csv,MYFW,NON_STARMINE_ANALYST,NON_COVERED,,,False,UNKNOWN
2026-05-13,2026-05-13T15:28:42.825732+00:00,RUN-REAL-ESS-20260513-002,FIDELITY,starmine_zacks.csv,BSVN,NON_STARMINE_ANALYST,NON_COVERED,,,False,UNKNOWN
2026-05-13,2026-05-13T15:28:42.825732+00:00,RUN-REAL-ESS-20260513-002,FIDELITY,starmine_zacks.csv,DELL,NON_STARMINE_ANALYST,NON_COVERED,,,False,UNKNOWN
2026-05-13,2026-05-13T15:28:42.825732+00:00,RUN-REAL-ESS-20260513-002,FIDELITY,starmine_zacks.csv,DOW,NON_STARMINE_ANALYST,NON_COVERED,,,False,UNKNOWN
2026-05-13,2026-05-13T15:28:42.825732+00:00,RUN-REAL-ESS-20260513-002,FIDELITY,starmine_zacks.csv,PLMR,NON_STARMINE_ANALYST,NON_COVERED,,,False,UNKNOWN
2026-05-13,2026-05-13T15:28:42.825732+00:00,RUN-REAL-ESS-20260513-002,FIDELITY,starmine_zacks.csv,CHWY,NON_STARMINE_ANALYST,NON_COVERED,,,False,UNKNOWN
2026-05-13,2026-05-13T15:28:42.825732+00:00,RUN-REAL-ESS-20260513-002,FIDELITY,starmine_zacks.csv,CSTL,NON_STARMINE_ANALYST,NON_COVERED,,,False,UNKNOWN
2026-05-13,2026-05-13T15:28:42.825732+00:00,RUN-REAL-ESS-20260513-002,FIDELITY,starmine_zacks.csv,VIST,NON_STARMINE_ANALYST,NON_COVERED,,,False,UNKNOWN
2026-05-13,2026-05-13T15:28:42.825732+00:00,RUN-REAL-ESS-20260513-002,FIDELITY,starmine_zacks.csv,ARKO,NON_STARMINE_ANALYST,NON_COVERED,,,False,UNKNOWN
2026-05-13,2026-05-13T15:28:42.825732+00:00,RUN-REAL-ESS-20260513-002,FIDELITY,starmine_zacks.csv,TXG,NON_STARMINE_ANALYST,NON_COVERED,,,False,UNKNOWN
2026-05-13,2026-05-13T15:28:42.825732+00:00,RUN-REAL-ESS-20260513-002,FIDELITY,starmine_zacks.csv,HBT,NON_STARMINE_ANALYST,NON_COVERED,,,False,UNKNOWN
2026-05-13,2026-05-13T15:28:42.825732+00:00,RUN-REAL-ESS-20260513-002,FIDELITY,starmine_zacks.csv,DCBO,NON_STARMINE_ANALYST,NON_COVERED,,,False,UNKNOWN
2026-05-13,2026-05-13T15:28:42.825732+00:00,RUN-REAL-ESS-20260513-002,FIDELITY,starmine_zacks.csv,PGNY,NON_STARMINE_ANALYST,NON_COVERED,,,False,UNKNOWN
2026-05-13,2026-05-13T15:28:42.825732+00:00,RUN-REAL-ESS-20260513-002,FIDELITY,starmine_zacks.csv,GFL,NON_STARMINE_ANALYST,NON_COVERED,,,False,UNKNOWN
2026-05-13,2026-05-13T15:28:42.825732+00:00,RUN-REAL-ESS-20260513-002,FIDELITY,starmine_zacks.csv,PINE,NON_STARMINE_ANALYST,NON_COVERED,,,False,UNKNOWN
2026-05-13,2026-05-13T15:28:42.825732+00:00,RUN-REAL-ESS-20260513-002,FIDELITY,starmine_zacks.csv,BILL,NON_STARMINE_ANALYST,NON_COVERED,,,False,UNKNOWN
2026-05-13,2026-05-13T15:28:42.825732+00:00,RUN-REAL-ESS-20260513-002,FIDELITY,starmine_zacks.csv,UROY,NON_STARMINE_ANALYST,NON_COVERED,,,False,UNKNOWN
2026-05-13,2026-05-13T15:28:42.825732+00:00,RUN-REAL-ESS-20260513-002,FIDELITY,starmine_zacks.csv,SLQT,NON_STARMINE_ANALYST,NON_COVERED,,,False,UNKNOWN
2026-05-13,2026-05-13T15:28:42.825732+00:00,RUN-REAL-ESS-20260513-002,FIDELITY,starmine_zacks.csv,WMG,NON_STARMINE_ANALYST,NON_COVERED,,,False,UNKNOWN
2026-05-13,2026-05-13T15:28:42.825732+00:00,RUN-REAL-ESS-20260513-002,FIDELITY,starmine_zacks.csv,NCNO,NON_STARMINE_ANALYST,NON_COVERED,,,False,UNKNOWN
2026-05-13,2026-05-13T15:28:42.825732+00:00,RUN-REAL-ESS-20260513-002,FIDELITY,starmine_zacks.csv,PLTR,NON_STARMINE_ANALYST,NON_COVERED,,,False,UNKNOWN
2026-05-13,2026-05-13T15:28:42.825732+00:00,RUN-REAL-ESS-20260513-002,FIDELITY,starmine_zacks.csv,EVLV,NON_STARMINE_ANALYST,NON_COVERED,,,False,UNKNOWN
2026-05-13,2026-05-13T15:28:42.825732+00:00,RUN-REAL-ESS-20260513-002,FIDELITY,starmine_zacks.csv,BSY,NON_STARMINE_ANALYST,NON_COVERED,,,False,UNKNOWN
2026-05-13,2026-05-13T15:28:42.825732+00:00,RUN-REAL-ESS-20260513-002,FIDELITY,starmine_zacks.csv,GDEV,NON_STARMINE_ANALYST,NON_COVERED,,,False,UNKNOWN
2026-05-13,2026-05-13T15:28:42.825732+00:00,RUN-REAL-ESS-20260513-002,FIDELITY,starmine_zacks.csv,CRC,NON_STARMINE_ANALYST,NON_COVERED,,,False,UNKNOWN
2026-05-13,2026-05-13T15:28:42.825732+00:00,RUN-REAL-ESS-20260513-002,FIDELITY,starmine_zacks.csv,CHRD,NON_STARMINE_ANALYST,NON_COVERED,,,False,UNKNOWN
2026-05-13,2026-05-13T15:28:42.825732+00:00,RUN-REAL-ESS-20260513-002,FIDELITY,starmine_zacks.csv,VIV,NON_STARMINE_ANALYST,NON_COVERED,,,False,UNKNOWN
2026-05-13,2026-05-13T15:28:42.825732+00:00,RUN-REAL-ESS-20260513-002,FIDELITY,starmine_zacks.csv,DWTX,NON_STARMINE_ANALYST,NON_COVERED,,,False,UNKNOWN
2026-05-13,2026-05-13T15:28:42.825732+00:00,RUN-REAL-ESS-20260513-002,FIDELITY,starmine_zacks.csv,MNTK,NON_STARMINE_ANALYST,NON_COVERED,,,False,UNKNOWN
2026-05-13,2026-05-13T15:28:42.825732+00:00,RUN-REAL-ESS-20260513-002,FIDELITY,starmine_zacks.csv,WOOF,NON_STARMINE_ANALYST,NON_COVERED,,,False,UNKNOWN
2026-05-13,2026-05-13T15:28:42.825732+00:00,RUN-REAL-ESS-20260513-002,FIDELITY,starmine_zacks.csv,CGNT,NON_STARMINE_ANALYST,NON_COVERED,,,False,UNKNOWN
2026-05-13,2026-05-13T15:28:42.825732+00:00,RUN-REAL-ESS-20260513-002,FIDELITY,starmine_zacks.csv,IMCR,NON_STARMINE_ANALYST,NON_COVERED,,,False,UNKNOWN
2026-05-13,2026-05-13T15:28:42.825732+00:00,RUN-REAL-ESS-20260513-002,FIDELITY,starmine_zacks.csv,KRT,NON_STARMINE_ANALYST,NON_COVERED,,,False,UNKNOWN
2026-05-13,2026-05-13T15:28:42.825732+00:00,RUN-REAL-ESS-20260513-002,FIDELITY,starmine_zacks.csv,OSCR,NON_STARMINE_ANALYST,NON_COVERED,,,False,UNKNOWN
2026-05-13,2026-05-13T15:28:42.825732+00:00,RUN-REAL-ESS-20260513-002,FIDELITY,starmine_zacks.csv,ALHC,NON_STARMINE_ANALYST,NON_COVERED,,,False,UNKNOWN
2026-05-13,2026-05-13T15:28:42.825732+00:00,RUN-REAL-ESS-20260513-002,FIDELITY,starmine_zacks.csv,DAVE,NON_STARMINE_ANALYST,NON_COVERED,,,False,UNKNOWN
2026-05-13,2026-05-13T15:28:42.825732+00:00,RUN-REAL-ESS-20260513-002,FIDELITY,starmine_zacks.csv,GLBE,NON_STARMINE_ANALYST,NON_COVERED,,,False,UNKNOWN
2026-05-13,2026-05-13T15:28:42.825732+00:00,RUN-REAL-ESS-20260513-002,FIDELITY,starmine_zacks.csv,LFST,NON_STARMINE_ANALYST,NON_COVERED,,,False,UNKNOWN
2026-05-13,2026-05-13T15:28:42.825732+00:00,RUN-REAL-ESS-20260513-002,FIDELITY,starmine_zacks.csv,YOU,NON_STARMINE_ANALYST,NON_COVERED,,,False,UNKNOWN
2026-05-13,2026-05-13T15:28:42.825732+00:00,RUN-REAL-ESS-20260513-002,FIDELITY,starmine_zacks.csv,DNUT,NON_STARMINE_ANALYST,NON_COVERED,,,False,UNKNOWN
2026-05-13,2026-05-13T15:28:42.825732+00:00,RUN-REAL-ESS-20260513-002,FIDELITY,starmine_zacks.csv,VSCO,NON_STARMINE_ANALYST,NON_COVERED,,,False,UNKNOWN
2026-05-13,2026-05-13T15:28:42.825732+00:00,RUN-REAL-ESS-20260513-002,FIDELITY,starmine_zacks.csv,TEAD,NON_STARMINE_ANALYST,NON_COVERED,,,False,UNKNOWN
2026-05-13,2026-05-13T15:28:42.825732+00:00,RUN-REAL-ESS-20260513-002,FIDELITY,starmine_zacks.csv,FRSH,NON_STARMINE_ANALYST,NON_COVERED,,,False,UNKNOWN
2026-05-13,2026-05-13T15:28:42.825732+00:00,RUN-REAL-ESS-20260513-002,FIDELITY,starmine_zacks.csv,LTH,NON_STARMINE_ANALYST,NON_COVERED,,,False,UNKNOWN
2026-05-13,2026-05-13T15:28:42.825732+00:00,RUN-REAL-ESS-20260513-002,FIDELITY,starmine_zacks.csv,COCO,NON_STARMINE_ANALYST,NON_COVERED,,,False,UNKNOWN
2026-05-13,2026-05-13T15:28:42.825732+00:00,RUN-REAL-ESS-20260513-002,FIDELITY,starmine_zacks.csv,PRM,NON_STARMINE_ANALYST,NON_COVERED,,,False,UNKNOWN
2026-05-13,2026-05-13T15:28:42.825732+00:00,RUN-REAL-ESS-20260513-002,FIDELITY,starmine_zacks.csv,CRGY,NON_STARMINE_ANALYST,NON_COVERED,,,False,UNKNOWN
2026-05-13,2026-05-13T15:28:42.825732+00:00,RUN-REAL-ESS-20260513-002,FIDELITY,starmine_zacks.csv,REFI,NON_STARMINE_ANALYST,NON_COVERED,,,False,UNKNOWN
2026-05-13,2026-05-13T15:28:42.825732+00:00,RUN-REAL-ESS-20260513-002,FIDELITY,starmine_zacks.csv,FGI,NON_STARMINE_ANALYST,NON_COVERED,,,False,UNKNOWN
2026-05-13,2026-05-13T15:28:42.825732+00:00,RUN-REAL-ESS-20260513-002,FIDELITY,starmine_zacks.csv,SHEL,NON_STARMINE_ANALYST,NON_COVERED,,,False,UNKNOWN
2026-05-13,2026-05-13T15:28:42.825732+00:00,RUN-REAL-ESS-20260513-002,FIDELITY,starmine_zacks.csv,ENOV,NON_STARMINE_ANALYST,NON_COVERED,,,False,UNKNOWN
2026-05-13,2026-05-13T15:28:42.825732+00:00,RUN-REAL-ESS-20260513-002,FIDELITY,starmine_zacks.csv,ADEA,NON_STARMINE_ANALYST,NON_COVERED,,,False,UNKNOWN
2026-05-13,2026-05-13T15:28:42.825732+00:00,RUN-REAL-ESS-20260513-002,FIDELITY,starmine_zacks.csv,KVUE,NON_STARMINE_ANALYST,NON_COVERED,,,False,UNKNOWN
2026-05-13,2026-05-13T15:28:42.825732+00:00,RUN-REAL-ESS-20260513-002,FIDELITY,starmine_zacks.csv,NWTG,NON_STARMINE_ANALYST,NON_COVERED,,,False,UNKNOWN
2026-05-13,2026-05-13T15:28:42.825732+00:00,RUN-REAL-ESS-20260513-002,FIDELITY,starmine_zacks.csv,LAR,NON_STARMINE_ANALYST,NON_COVERED,,,False,UNKNOWN
2026-05-13,2026-05-13T15:28:42.825732+00:00,RUN-REAL-ESS-20260513-002,FIDELITY,starmine_zacks.csv,NATL,NON_STARMINE_ANALYST,NON_COVERED,,,False,UNKNOWN
2026-05-13,2026-05-13T15:28:42.825732+00:00,RUN-REAL-ESS-20260513-002,FIDELITY,starmine_zacks.csv,MNR,NON_STARMINE_ANALYST,NON_COVERED,,,False,UNKNOWN
2026-05-13,2026-05-13T15:28:42.825732+00:00,RUN-REAL-ESS-20260513-002,FIDELITY,starmine_zacks.csv,HG,NON_STARMINE_ANALYST,NON_COVERED,,,False,UNKNOWN
2026-05-13,2026-05-13T15:28:42.825732+00:00,RUN-REAL-ESS-20260513-002,FIDELITY,starmine_zacks.csv,BTSG,NON_STARMINE_ANALYST,NON_COVERED,,,False,UNKNOWN
2026-05-13,2026-05-13T15:28:42.825732+00:00,RUN-REAL-ESS-20260513-002,FIDELITY,starmine_zacks.csv,RDDT,NON_STARMINE_ANALYST,NON_COVERED,,,False,UNKNOWN
2026-05-13,2026-05-13T15:28:42.825732+00:00,RUN-REAL-ESS-20260513-002,FIDELITY,starmine_zacks.csv,PACS,NON_STARMINE_ANALYST,NON_COVERED,,,False,UNKNOWN
2026-05-13,2026-05-13T15:28:42.825732+00:00,RUN-REAL-ESS-20260513-002,FIDELITY,starmine_zacks.csv,ULS,NON_STARMINE_ANALYST,NON_COVERED,,,False,UNKNOWN
2026-05-13,2026-05-13T15:28:42.825732+00:00,RUN-REAL-ESS-20260513-002,FIDELITY,starmine_zacks.csv,SARO,NON_STARMINE_ANALYST,NON_COVERED,,,False,UNKNOWN
2026-05-13,2026-05-13T15:28:42.825732+00:00,RUN-REAL-ESS-20260513-002,FIDELITY,starmine_zacks.csv,SFD,NON_STARMINE_ANALYST,NON_COVERED,,,False,UNKNOWN
2026-05-13,2026-05-13T15:28:42.825732+00:00,RUN-REAL-ESS-20260513-002,FIDELITY,starmine_zacks.csv,INR,NON_STARMINE_ANALYST,NON_COVERED,,,False,UNKNOWN
2026-05-13,2026-05-13T15:28:42.825732+00:00,RUN-REAL-ESS-20260513-002,FIDELITY,starmine_zacks.csv,SNDK,NON_STARMINE_ANALYST,NON_COVERED,,,False,UNKNOWN
2026-05-13,2026-05-13T15:28:42.825732+00:00,RUN-REAL-ESS-20260513-002,FIDELITY,starmine_zacks.csv,MIAX,NON_STARMINE_ANALYST,NON_COVERED,,,False,UNKNOWN
