symbol,snapshot_date,ess_numeric,ess_direction,zacks_direction,jefferson_direction,mclean_direction,signal_pattern,has_conflict,forward_return_30d,forward_return_60d,benchmark_return_30d,winner_loser,ess_correct
AAMI,2025-08-18,9.5,BULLISH,BULLISH,NO_DATA,NO_DATA,ESS_BULLISH_ANALYST_FULL_AGREE,False,0.011295,-0.030337,0.023657,NEUTRAL,False
AB,2025-08-18,9.8,BULLISH,BULLISH,NO_DATA,NEUTRAL,ESS_BULLISH_ANALYST_MIXED,False,-0.053452,-0.029696,0.023657,LOSER,False
ABBV,2025-08-18,9.4,BULLISH,NEUTRAL,NEUTRAL,BULLISH,ESS_BULLISH_ANALYST_MIXED,False,0.068935,0.119354,0.023657,WINNER,True
ABCB,2025-08-18,8.8,BULLISH,NEUTRAL,NO_DATA,NO_DATA,ESS_BULLISH_ANALYST_SKEPTICAL,False,0.05687,0.011987,0.023657,WINNER,True
ABG,2025-08-18,9.0,BULLISH,NEUTRAL,NEUTRAL,NEUTRAL,ESS_BULLISH_ANALYST_SKEPTICAL,False,0.009899,0.013725,0.023657,NEUTRAL,False
ABT,2025-08-18,8.4,BULLISH,NEUTRAL,BULLISH,NEUTRAL,ESS_BULLISH_ANALYST_MIXED,False,0.029938,-0.008892,0.023657,NEUTRAL,False
ACA,2025-08-18,8.8,BULLISH,BULLISH,NO_DATA,NEUTRAL,ESS_BULLISH_ANALYST_MIXED,False,-0.034355,-0.037551,0.023657,LOSER,False
ACEL,2025-08-18,8.6,BULLISH,BULLISH,NO_DATA,NEUTRAL,ESS_BULLISH_ANALYST_MIXED,False,-0.017873,-0.081323,0.023657,LOSER,False
ACIW,2025-08-18,9.0,BULLISH,BULLISH,NEUTRAL,NEUTRAL,ESS_BULLISH_ANALYST_MIXED,False,0.053122,0.031746,0.023657,WINNER,True
ACM,2025-08-18,9.7,BULLISH,NEUTRAL,BULLISH,BULLISH,ESS_BULLISH_ANALYST_MIXED,False,0.054955,0.090217,0.023657,WINNER,True
ACMR,2025-08-18,7.8,BULLISH,NEUTRAL,NEUTRAL,NEUTRAL,ESS_BULLISH_ANALYST_SKEPTICAL,False,0.341812,0.513116,0.023657,WINNER,True
ACN,2025-08-18,9.2,BULLISH,NEUTRAL,BULLISH,NEUTRAL,ESS_BULLISH_ANALYST_MIXED,False,-0.03167,-0.04311,0.023657,LOSER,False
ACRE,2025-08-18,7.5,BULLISH,NEUTRAL,NO_DATA,NEUTRAL,ESS_BULLISH_ANALYST_SKEPTICAL,False,0.093607,0.056184,0.023657,WINNER,True
ACT,2025-08-18,9.3,BULLISH,NEUTRAL,NO_DATA,NO_DATA,ESS_BULLISH_ANALYST_SKEPTICAL,False,0.012339,-0.046942,0.023657,NEUTRAL,False
ACU,2025-08-18,7.4,BULLISH,NEUTRAL,NEUTRAL,NO_DATA,ESS_BULLISH_ANALYST_SKEPTICAL,False,0.010926,-0.047139,0.023657,NEUTRAL,False
ADBE,2025-08-18,9.3,BULLISH,NEUTRAL,BULLISH,NEUTRAL,ESS_BULLISH_ANALYST_MIXED,False,0.01352,-0.067126,0.023657,NEUTRAL,False
ADEA,2025-08-18,9.2,BULLISH,BULLISH,NEUTRAL,NO_DATA,ESS_BULLISH_ANALYST_MIXED,False,0.043083,0.10022,0.023657,NEUTRAL,False
ADM,2025-08-18,9.2,BULLISH,NEUTRAL,NEUTRAL,BULLISH,ESS_BULLISH_ANALYST_MIXED,False,0.03258,0.070442,0.023657,NEUTRAL,False
ADMA,2025-08-18,9.0,BULLISH,NEUTRAL,NEUTRAL,NEUTRAL,ESS_BULLISH_ANALYST_SKEPTICAL,False,-0.117413,-0.185479,0.023657,LOSER,False
ADNT,2025-08-18,7.9,BULLISH,BULLISH,BEARISH,NEUTRAL,ESS_BULLISH_ANALYST_MIXED,True,0.060278,-0.010408,0.023657,WINNER,True
ADT,2025-08-18,9.7,BULLISH,BULLISH,BULLISH,NEUTRAL,ESS_BULLISH_ANALYST_MIXED,False,0.001783,0.002946,0.023657,LOSER,False
AEE,2025-08-18,7.9,BULLISH,NEUTRAL,NEUTRAL,NEUTRAL,ESS_BULLISH_ANALYST_SKEPTICAL,False,-0.002723,0.063278,0.023657,LOSER,False
AEIS,2025-08-18,7.9,BULLISH,NEUTRAL,NEUTRAL,NEUTRAL,ESS_BULLISH_ANALYST_SKEPTICAL,False,0.030426,0.253699,0.023657,NEUTRAL,False
AEM,2025-08-18,8.2,BULLISH,BULLISH,NEUTRAL,NEUTRAL,ESS_BULLISH_ANALYST_MIXED,False,0.150672,0.31058,0.023657,WINNER,True
AEP,2025-08-18,8.3,BULLISH,NEUTRAL,NEUTRAL,NEUTRAL,ESS_BULLISH_ANALYST_SKEPTICAL,False,-0.028726,0.061698,0.023657,LOSER,False
AES,2025-08-18,7.1,BULLISH,NEUTRAL,NEUTRAL,NEUTRAL,ESS_BULLISH_ANALYST_SKEPTICAL,False,-0.063623,0.091317,0.023657,LOSER,False
AGX,2025-08-18,8.3,BULLISH,NEUTRAL,BEARISH,BULLISH,ESS_BULLISH_ANALYST_MIXED,True,0.062578,0.260163,0.023657,WINNER,True
AHCO,2025-08-18,8.1,BULLISH,NEUTRAL,NO_DATA,NEUTRAL,ESS_BULLISH_ANALYST_SKEPTICAL,False,-0.050107,-0.025586,0.023657,LOSER,False
AIR,2025-08-18,8.5,BULLISH,NEUTRAL,BULLISH,NEUTRAL,ESS_BULLISH_ANALYST_MIXED,False,-0.013069,0.095842,0.023657,LOSER,False
AIT,2025-08-18,8.9,BULLISH,NEUTRAL,BULLISH,BULLISH,ESS_BULLISH_ANALYST_MIXED,False,-0.010901,-0.055039,0.023657,LOSER,False
AKAM,2025-08-18,9.1,BULLISH,NEUTRAL,BULLISH,NO_DATA,ESS_BULLISH_ANALYST_MIXED,False,0.007439,-0.032147,0.023657,NEUTRAL,False
AKBA,2025-08-18,8.1,BULLISH,NEUTRAL,BEARISH,NEUTRAL,ESS_BULLISH_ANALYST_SKEPTICAL,True,-0.099678,-0.057878,0.023657,LOSER,False
ALEX,2025-08-18,7.9,BULLISH,NEUTRAL,NO_DATA,NEUTRAL,ESS_BULLISH_ANALYST_SKEPTICAL,False,,,0.023657,NO_DATA,
ALG,2025-08-18,9.8,BULLISH,NEUTRAL,BULLISH,BULLISH,ESS_BULLISH_ANALYST_MIXED,False,-0.103418,-0.195029,0.023657,LOSER,False
ALGN,2025-08-18,8.2,BULLISH,NEUTRAL,NEUTRAL,NEUTRAL,ESS_BULLISH_ANALYST_SKEPTICAL,False,-0.106941,-0.099972,0.023657,LOSER,False
ALIT,2025-08-18,8.1,BULLISH,NEUTRAL,NO_DATA,NO_DATA,ESS_BULLISH_ANALYST_SKEPTICAL,False,-0.121715,-0.230529,0.023657,LOSER,False
ALL,2025-08-18,9.4,BULLISH,NEUTRAL,NO_DATA,BULLISH,ESS_BULLISH_ANALYST_MIXED,False,-0.042818,-0.049515,0.023657,LOSER,False
ALLE,2025-08-18,9.9,BULLISH,BULLISH,BULLISH,BULLISH,ESS_BULLISH_ANALYST_FULL_AGREE,False,0.05628,0.061543,0.023657,WINNER,True
ALNT,2025-08-18,8.7,BULLISH,NEUTRAL,BULLISH,NO_DATA,ESS_BULLISH_ANALYST_MIXED,False,0.029659,0.105772,0.023657,NEUTRAL,False
ALRS,2025-08-18,7.7,BULLISH,NEUTRAL,NO_DATA,NEUTRAL,ESS_BULLISH_ANALYST_SKEPTICAL,False,0.055195,-0.017367,0.023657,WINNER,True
ALSN,2025-08-18,8.4,BULLISH,NEUTRAL,BULLISH,NEUTRAL,ESS_BULLISH_ANALYST_MIXED,False,-0.00917,-0.082245,0.023657,LOSER,False
ALV,2025-08-18,9.6,BULLISH,NEUTRAL,NO_DATA,NEUTRAL,ESS_BULLISH_ANALYST_SKEPTICAL,False,0.057706,-0.00122,0.023657,WINNER,True
AMAT,2025-08-18,7.1,BULLISH,NEUTRAL,BULLISH,NEUTRAL,ESS_BULLISH_ANALYST_MIXED,False,0.092402,0.379776,0.023657,WINNER,True
AMGN,2025-08-18,8.5,BULLISH,NEUTRAL,NEUTRAL,NEUTRAL,ESS_BULLISH_ANALYST_SKEPTICAL,False,-0.05359,0.029438,0.023657,LOSER,False
AMN,2025-08-18,8.5,BULLISH,NEUTRAL,NEUTRAL,NEUTRAL,ESS_BULLISH_ANALYST_SKEPTICAL,False,-0.021616,0.012352,0.023657,LOSER,False
AMRN,2025-08-18,9.0,BULLISH,BULLISH,NO_DATA,NEUTRAL,ESS_BULLISH_ANALYST_MIXED,False,-0.097093,0.214595,0.023657,LOSER,False
AN,2025-08-18,8.7,BULLISH,NEUTRAL,NO_DATA,NEUTRAL,ESS_BULLISH_ANALYST_SKEPTICAL,False,0.064292,0.036345,0.023657,WINNER,True
ANET,2025-08-18,8.5,BULLISH,BULLISH,NEUTRAL,BULLISH,ESS_BULLISH_ANALYST_MIXED,False,0.034773,0.036656,0.023657,NEUTRAL,False
ANGI,2025-08-18,8.1,BULLISH,BULLISH,NEUTRAL,NEUTRAL,ESS_BULLISH_ANALYST_MIXED,False,-0.029041,-0.266849,0.023657,LOSER,False
ANGO,2025-08-18,9.6,BULLISH,NEUTRAL,BULLISH,NEUTRAL,ESS_BULLISH_ANALYST_MIXED,False,0.233485,0.314351,0.023657,WINNER,True
ANIK,2025-08-18,9.1,BULLISH,NEUTRAL,BEARISH,NEUTRAL,ESS_BULLISH_ANALYST_SKEPTICAL,True,-0.003452,0.055236,0.023657,LOSER,False
ANIP,2025-08-18,7.5,BULLISH,NEUTRAL,NEUTRAL,NEUTRAL,ESS_BULLISH_ANALYST_SKEPTICAL,False,0.062981,0.056627,0.023657,WINNER,True
AOS,2025-08-18,8.0,BULLISH,NEUTRAL,BULLISH,NEUTRAL,ESS_BULLISH_ANALYST_MIXED,False,0.013444,-0.033818,0.023657,NEUTRAL,False
APA,2025-08-18,8.5,BULLISH,NEUTRAL,NEUTRAL,NO_DATA,ESS_BULLISH_ANALYST_SKEPTICAL,False,0.183733,0.103381,0.023657,WINNER,True
APAM,2025-08-18,9.4,BULLISH,BULLISH,NO_DATA,NEUTRAL,ESS_BULLISH_ANALYST_MIXED,False,-0.021041,-0.063124,0.023657,LOSER,False
APEI,2025-08-18,8.3,BULLISH,NEUTRAL,NEUTRAL,NEUTRAL,ESS_BULLISH_ANALYST_SKEPTICAL,False,0.231085,0.251969,0.023657,WINNER,True
APG,2025-08-18,7.8,BULLISH,BULLISH,NO_DATA,NEUTRAL,ESS_BULLISH_ANALYST_MIXED,False,-0.023917,-0.036578,0.023657,LOSER,False
APH,2025-08-18,8.8,BULLISH,BULLISH,NEUTRAL,NEUTRAL,ESS_BULLISH_ANALYST_MIXED,False,0.067658,0.132938,0.023657,WINNER,True
APLE,2025-08-18,8.2,BULLISH,NEUTRAL,NO_DATA,NO_DATA,ESS_BULLISH_ANALYST_SKEPTICAL,False,0.02422,-0.043449,0.023657,NEUTRAL,False
APO,2025-08-18,7.3,BULLISH,NEUTRAL,NO_DATA,NO_DATA,ESS_BULLISH_ANALYST_SKEPTICAL,False,-0.004089,-0.129206,0.023657,LOSER,False
APOG,2025-08-18,7.6,BULLISH,NEUTRAL,NEUTRAL,NEUTRAL,ESS_BULLISH_ANALYST_SKEPTICAL,False,-0.038408,-0.115456,0.023657,LOSER,False
APP,2025-08-18,7.9,BULLISH,BULLISH,NO_DATA,NO_DATA,ESS_BULLISH_ANALYST_FULL_AGREE,False,0.383363,0.366603,0.023657,WINNER,True
APTV,2025-08-18,9.5,BULLISH,NEUTRAL,BULLISH,NO_DATA,ESS_BULLISH_ANALYST_MIXED,False,0.094703,0.093119,0.023657,WINNER,True
ARAY,2025-08-18,9.1,BULLISH,NEUTRAL,BEARISH,NEUTRAL,ESS_BULLISH_ANALYST_SKEPTICAL,True,-0.018519,0.04321,0.023657,LOSER,False
ARCT,2025-08-18,7.7,BULLISH,NEUTRAL,NO_DATA,NEUTRAL,ESS_BULLISH_ANALYST_SKEPTICAL,False,0.007817,0.153546,0.023657,NEUTRAL,False
ARI,2025-08-18,8.2,BULLISH,BULLISH,NO_DATA,NEUTRAL,ESS_BULLISH_ANALYST_MIXED,False,0.047857,0.020041,0.023657,WINNER,True
ARR,2025-08-18,7.7,BULLISH,BEARISH,NO_DATA,NEUTRAL,ESS_BULLISH_ANALYST_MAJORITY_BEARISH,True,0.020011,0.085788,0.023657,NEUTRAL,False
ARVN,2025-08-18,9.6,BULLISH,NEUTRAL,NO_DATA,NEUTRAL,ESS_BULLISH_ANALYST_SKEPTICAL,False,0.061367,0.327755,0.023657,WINNER,True
ARW,2025-08-18,8.4,BULLISH,NEUTRAL,NEUTRAL,NEUTRAL,ESS_BULLISH_ANALYST_SKEPTICAL,False,-0.035711,-0.035145,0.023657,LOSER,False
ASIX,2025-08-18,9.0,BULLISH,NO_DATA,BULLISH,NEUTRAL,ESS_BULLISH_ANALYST_MIXED,False,0.042373,-0.021436,0.023657,NEUTRAL,False
ASTE,2025-08-18,7.6,BULLISH,NO_DATA,NEUTRAL,NEUTRAL,ESS_BULLISH_ANALYST_SKEPTICAL,False,0.027367,0.019422,0.023657,NEUTRAL,False
ATGE,2025-08-18,8.4,BULLISH,BULLISH,NO_DATA,NEUTRAL,ESS_BULLISH_ANALYST_MIXED,False,,,0.023657,NO_DATA,
ATKR,2025-08-18,9.8,BULLISH,NEUTRAL,BULLISH,NEUTRAL,ESS_BULLISH_ANALYST_MIXED,False,0.037294,0.130963,0.023657,NEUTRAL,False
ATO,2025-08-18,8.3,BULLISH,NEUTRAL,NEUTRAL,NEUTRAL,ESS_BULLISH_ANALYST_SKEPTICAL,False,0.001706,0.081131,0.023657,LOSER,False
ATR,2025-08-18,7.5,BULLISH,NEUTRAL,BULLISH,NEUTRAL,ESS_BULLISH_ANALYST_MIXED,False,-0.023497,-0.062006,0.023657,LOSER,False
ATRO,2025-08-18,9.6,BULLISH,BULLISH,NEUTRAL,NEUTRAL,ESS_BULLISH_ANALYST_MIXED,False,0.143836,0.319349,0.023657,WINNER,True
AUDC,2025-08-18,8.1,BULLISH,BEARISH,BULLISH,NEUTRAL,ESS_BULLISH_ANALYST_MIXED,True,,,0.023657,NO_DATA,
AUPH,2025-08-18,9.9,BULLISH,NEUTRAL,NO_DATA,BULLISH,ESS_BULLISH_ANALYST_MIXED,False,0.006547,-0.054828,0.023657,NEUTRAL,False
AVNS,2025-08-18,7.4,BULLISH,NEUTRAL,NO_DATA,NEUTRAL,ESS_BULLISH_ANALYST_SKEPTICAL,False,0.054222,0.016889,0.023657,WINNER,True
AVT,2025-08-18,9.1,BULLISH,BEARISH,NO_DATA,NO_DATA,ESS_BULLISH_ANALYST_MAJORITY_BEARISH,True,-0.01507,-0.019401,0.023657,LOSER,False
AWI,2025-08-18,9.6,BULLISH,BULLISH,NO_DATA,NEUTRAL,ESS_BULLISH_ANALYST_MIXED,False,0.000361,0.027649,0.023657,LOSER,False
AWR,2025-08-18,7.9,BULLISH,NEUTRAL,NEUTRAL,NEUTRAL,ESS_BULLISH_ANALYST_SKEPTICAL,False,-0.029881,0.020416,0.023657,LOSER,False
AX,2025-08-18,8.7,BULLISH,NEUTRAL,NO_DATA,NO_DATA,ESS_BULLISH_ANALYST_SKEPTICAL,False,0.004242,-0.123008,0.023657,NEUTRAL,False
AXL,2025-08-18,7.1,BULLISH,NEUTRAL,NEUTRAL,BULLISH,ESS_BULLISH_ANALYST_MIXED,False,,,0.023657,NO_DATA,
AXS,2025-08-18,9.2,BULLISH,NEUTRAL,NO_DATA,NO_DATA,ESS_BULLISH_ANALYST_SKEPTICAL,False,-0.000947,-0.026208,0.023657,LOSER,False
AYI,2025-08-18,9.8,BULLISH,NEUTRAL,BULLISH,BULLISH,ESS_BULLISH_ANALYST_MIXED,False,0.063623,0.117064,0.023657,WINNER,True
AZZ,2025-08-18,9.9,BULLISH,BULLISH,BEARISH,BULLISH,ESS_BULLISH_ANALYST_MIXED,True,0.003541,-0.132837,0.023657,LOSER,False
BAH,2025-08-18,8.3,BULLISH,NEUTRAL,BULLISH,NEUTRAL,ESS_BULLISH_ANALYST_MIXED,False,-0.06833,-0.100798,0.023657,LOSER,False
BAX,2025-08-18,7.4,BULLISH,NEUTRAL,BEARISH,NEUTRAL,ESS_BULLISH_ANALYST_SKEPTICAL,True,-0.010471,-0.015163,0.023657,LOSER,False
BBAR,2025-08-18,8.7,BULLISH,NEUTRAL,NO_DATA,NEUTRAL,ESS_BULLISH_ANALYST_SKEPTICAL,False,,,0.023657,NO_DATA,
BBVA,2025-08-18,9.0,BULLISH,BULLISH,NO_DATA,NEUTRAL,ESS_BULLISH_ANALYST_MIXED,False,-0.003146,0.026219,0.023657,LOSER,False
BBW,2025-08-18,9.5,BULLISH,NEUTRAL,BULLISH,NEUTRAL,ESS_BULLISH_ANALYST_MIXED,False,0.253938,-0.022076,0.023657,WINNER,True
BCS,2025-08-18,7.8,BULLISH,NEUTRAL,NO_DATA,NEUTRAL,ESS_BULLISH_ANALYST_SKEPTICAL,False,0.023657,-0.045835,0.023657,NEUTRAL,False
BDC,2025-08-18,7.6,BULLISH,NEUTRAL,BULLISH,NEUTRAL,ESS_BULLISH_ANALYST_MIXED,False,0.020357,-0.094081,0.023657,NEUTRAL,False
BEN,2025-08-18,8.7,BULLISH,BULLISH,NO_DATA,NEUTRAL,ESS_BULLISH_ANALYST_MIXED,False,-0.033918,-0.098591,0.023657,LOSER,False
BFH,2025-08-18,9.0,BULLISH,NEUTRAL,BEARISH,NO_DATA,ESS_BULLISH_ANALYST_MAJORITY_BEARISH,True,0.025037,-0.021224,0.023657,NEUTRAL,False
BFST,2025-08-18,8.8,BULLISH,NEUTRAL,NO_DATA,NEUTRAL,ESS_BULLISH_ANALYST_SKEPTICAL,False,0.008414,-0.040387,0.023657,NEUTRAL,False
BGC,2025-08-18,7.8,BULLISH,NEUTRAL,NO_DATA,NO_DATA,ESS_BULLISH_ANALYST_SKEPTICAL,False,-0.050897,-0.099921,0.023657,LOSER,False
BGSF,2025-08-18,7.8,BULLISH,NEUTRAL,BULLISH,NEUTRAL,ESS_BULLISH_ANALYST_MIXED,False,,,0.023657,NO_DATA,
BH,2025-08-18,8.6,BULLISH,NO_DATA,NEUTRAL,NEUTRAL,ESS_BULLISH_ANALYST_SKEPTICAL,False,0.020752,0.190564,0.023657,NEUTRAL,False
BHE,2025-08-18,8.2,BULLISH,NO_DATA,BULLISH,NEUTRAL,ESS_BULLISH_ANALYST_MIXED,False,-0.008579,0.062533,0.023657,LOSER,False
BHP,2025-08-18,7.6,BULLISH,NEUTRAL,NO_DATA,NEUTRAL,ESS_BULLISH_ANALYST_SKEPTICAL,False,-0.004866,0.040427,0.023657,LOSER,False
BIDU,2025-08-18,9.0,BULLISH,BEARISH,NO_DATA,NEUTRAL,ESS_BULLISH_ANALYST_MAJORITY_BEARISH,True,0.529236,0.331521,0.023657,WINNER,True
BIIB,2025-08-18,9.6,BULLISH,NEUTRAL,NEUTRAL,NEUTRAL,ESS_BULLISH_ANALYST_SKEPTICAL,False,0.065926,0.052167,0.023657,WINNER,True
BILI,2025-08-18,9.7,BULLISH,NEUTRAL,NO_DATA,NEUTRAL,ESS_BULLISH_ANALYST_SKEPTICAL,False,0.105325,0.067061,0.023657,WINNER,True
BJ,2025-08-18,7.9,BULLISH,BULLISH,NO_DATA,NEUTRAL,ESS_BULLISH_ANALYST_MIXED,False,-0.054306,-0.10261,0.023657,LOSER,False
BK,2025-08-18,8.2,BULLISH,NEUTRAL,NO_DATA,NEUTRAL,ESS_BULLISH_ANALYST_SKEPTICAL,False,0.051799,0.041675,0.023657,WINNER,True
BKH,2025-08-18,7.1,BULLISH,NEUTRAL,NO_DATA,NEUTRAL,ESS_BULLISH_ANALYST_SKEPTICAL,False,-0.03082,0.045402,0.023657,LOSER,False
BKNG,2025-08-18,8.3,BULLISH,NEUTRAL,NEUTRAL,NEUTRAL,ESS_BULLISH_ANALYST_SKEPTICAL,False,0.005651,-0.081933,0.023657,NEUTRAL,False
BKR,2025-08-18,8.0,BULLISH,NEUTRAL,NEUTRAL,NO_DATA,ESS_BULLISH_ANALYST_SKEPTICAL,False,0.084208,0.053884,0.023657,WINNER,True
BLBD,2025-08-18,9.6,BULLISH,BULLISH,NEUTRAL,NEUTRAL,ESS_BULLISH_ANALYST_MIXED,False,-0.004444,-0.073162,0.023657,LOSER,False
BLD,2025-08-18,9.9,BULLISH,NEUTRAL,BULLISH,BULLISH,ESS_BULLISH_ANALYST_MIXED,False,-0.036168,0.01709,0.023657,LOSER,False
BMBL,2025-08-18,9.9,BULLISH,NEUTRAL,NO_DATA,NO_DATA,ESS_BULLISH_ANALYST_SKEPTICAL,False,0.087912,-0.171115,0.023657,WINNER,True
BMO,2025-08-18,9.0,BULLISH,NEUTRAL,NO_DATA,NEUTRAL,ESS_BULLISH_ANALYST_SKEPTICAL,False,0.147241,0.104705,0.023657,WINNER,True
BMRN,2025-08-18,7.1,BULLISH,NEUTRAL,NEUTRAL,NEUTRAL,ESS_BULLISH_ANALYST_SKEPTICAL,False,-0.053447,-0.072249,0.023657,LOSER,False
BMY,2025-08-18,9.5,BULLISH,NEUTRAL,BULLISH,NEUTRAL,ESS_BULLISH_ANALYST_MIXED,False,-0.042332,-0.082182,0.023657,LOSER,False
BNS,2025-08-18,9.0,BULLISH,NEUTRAL,NO_DATA,NEUTRAL,ESS_BULLISH_ANALYST_SKEPTICAL,False,0.136827,0.121175,0.023657,WINNER,True
BOOM,2025-08-18,9.9,BULLISH,BULLISH,NEUTRAL,NEUTRAL,ESS_BULLISH_ANALYST_MIXED,False,0.170846,0.136364,0.023657,WINNER,True
BR,2025-08-18,8.4,BULLISH,NEUTRAL,NEUTRAL,BULLISH,ESS_BULLISH_ANALYST_MIXED,False,-0.05376,-0.116026,0.023657,LOSER,False
BRC,2025-08-18,8.7,BULLISH,NO_DATA,BULLISH,NEUTRAL,ESS_BULLISH_ANALYST_MIXED,False,0.102099,0.038641,0.023657,WINNER,True
BRFS,2025-08-18,9.2,BULLISH,NEUTRAL,NO_DATA,NEUTRAL,ESS_BULLISH_ANALYST_SKEPTICAL,False,,,0.023657,NO_DATA,
BRO,2025-08-18,7.2,BULLISH,NEUTRAL,NO_DATA,NEUTRAL,ESS_BULLISH_ANALYST_SKEPTICAL,False,-0.028857,-0.074144,0.023657,LOSER,False
BSRR,2025-08-18,8.7,BULLISH,NEUTRAL,NO_DATA,NEUTRAL,ESS_BULLISH_ANALYST_SKEPTICAL,False,0.02751,-0.075997,0.023657,NEUTRAL,False
BSX,2025-08-18,7.2,BULLISH,NEUTRAL,NEUTRAL,NEUTRAL,ESS_BULLISH_ANALYST_SKEPTICAL,False,-0.044153,-0.036972,0.023657,LOSER,False
BTI,2025-08-18,8.1,BULLISH,NEUTRAL,NO_DATA,NEUTRAL,ESS_BULLISH_ANALYST_SKEPTICAL,False,-0.029279,-0.092701,0.023657,LOSER,False
BVN,2025-08-18,7.9,BULLISH,NEUTRAL,NO_DATA,NEUTRAL,ESS_BULLISH_ANALYST_SKEPTICAL,False,0.070194,0.38067,0.023657,WINNER,True
BWA,2025-08-18,9.1,BULLISH,NEUTRAL,NEUTRAL,BULLISH,ESS_BULLISH_ANALYST_MIXED,False,0.063701,0.02542,0.023657,WINNER,True
BWB,2025-08-18,8.9,BULLISH,BULLISH,NO_DATA,NEUTRAL,ESS_BULLISH_ANALYST_MIXED,False,0.055432,0.075071,0.023657,WINNER,True
BY,2025-08-18,7.5,BULLISH,NEUTRAL,NO_DATA,NEUTRAL,ESS_BULLISH_ANALYST_SKEPTICAL,False,0.032411,-0.046249,0.023657,NEUTRAL,False
BYD,2025-08-18,8.8,BULLISH,BULLISH,BULLISH,NEUTRAL,ESS_BULLISH_ANALYST_MIXED,False,-0.000885,-0.006553,0.023657,LOSER,False
CADE,2025-08-18,7.3,BULLISH,BULLISH,NO_DATA,NO_DATA,ESS_BULLISH_ANALYST_FULL_AGREE,False,,,0.023657,NO_DATA,
CAH,2025-08-18,9.2,BULLISH,NEUTRAL,BULLISH,NEUTRAL,ESS_BULLISH_ANALYST_MIXED,False,-0.007013,0.048026,0.023657,LOSER,False
CAKE,2025-08-18,7.8,BULLISH,NEUTRAL,BULLISH,NEUTRAL,ESS_BULLISH_ANALYST_MIXED,False,-0.121731,-0.128673,0.023657,LOSER,False
CALM,2025-08-18,9.4,BULLISH,NEUTRAL,NEUTRAL,NEUTRAL,ESS_BULLISH_ANALYST_SKEPTICAL,False,-0.049403,-0.13168,0.023657,LOSER,False
CALX,2025-08-18,7.5,BULLISH,BULLISH,NEUTRAL,BULLISH,ESS_BULLISH_ANALYST_MIXED,False,0.060889,0.02785,0.023657,WINNER,True
CART,2025-08-18,8.2,BULLISH,NEUTRAL,NO_DATA,NO_DATA,ESS_BULLISH_ANALYST_SKEPTICAL,False,-0.022648,-0.161803,0.023657,LOSER,False
CASH,2025-08-18,8.8,BULLISH,NEUTRAL,NO_DATA,NO_DATA,ESS_BULLISH_ANALYST_SKEPTICAL,False,0.004766,-0.055079,0.023657,NEUTRAL,False
CATY,2025-08-18,7.4,BULLISH,NEUTRAL,NO_DATA,NO_DATA,ESS_BULLISH_ANALYST_SKEPTICAL,False,0.027495,-0.030398,0.023657,NEUTRAL,False
CBOE,2025-08-18,8.5,BULLISH,NEUTRAL,NO_DATA,NEUTRAL,ESS_BULLISH_ANALYST_SKEPTICAL,False,-0.036591,-0.025777,0.023657,LOSER,False
CBRE,2025-08-18,8.7,BULLISH,NEUTRAL,NO_DATA,BULLISH,ESS_BULLISH_ANALYST_MIXED,False,0.041118,-0.004562,0.023657,NEUTRAL,False
CBRL,2025-08-18,7.2,BULLISH,NEUTRAL,NEUTRAL,NO_DATA,ESS_BULLISH_ANALYST_SKEPTICAL,False,-0.1833,-0.343423,0.023657,LOSER,False
CBT,2025-08-18,8.7,BULLISH,NEUTRAL,BULLISH,NEUTRAL,ESS_BULLISH_ANALYST_MIXED,False,-0.015068,-0.108737,0.023657,LOSER,False
CCBG,2025-08-18,7.7,BULLISH,BULLISH,NO_DATA,NEUTRAL,ESS_BULLISH_ANALYST_MIXED,False,0.075063,-0.010813,0.023657,WINNER,True
CCJ,2025-08-18,8.7,BULLISH,NEUTRAL,BEARISH,NEUTRAL,ESS_BULLISH_ANALYST_SKEPTICAL,True,0.064957,0.12718,0.023657,WINNER,True
CCK,2025-08-18,7.4,BULLISH,NEUTRAL,NEUTRAL,NEUTRAL,ESS_BULLISH_ANALYST_SKEPTICAL,False,-0.038746,-0.050683,0.023657,LOSER,False
CCRD,2025-08-18,7.4,BULLISH,NEUTRAL,NEUTRAL,NO_DATA,ESS_BULLISH_ANALYST_SKEPTICAL,False,,,0.023657,NO_DATA,
CDNS,2025-08-18,7.3,BULLISH,NEUTRAL,NEUTRAL,BULLISH,ESS_BULLISH_ANALYST_MIXED,False,-0.025207,-0.084575,0.023657,LOSER,False
CDW,2025-08-18,7.1,BULLISH,NEUTRAL,BULLISH,NEUTRAL,ESS_BULLISH_ANALYST_MIXED,False,0.012533,-0.077287,0.023657,NEUTRAL,False
CENTA,2025-08-18,9.9,BULLISH,BULLISH,NO_DATA,NO_DATA,ESS_BULLISH_ANALYST_FULL_AGREE,False,0.001247,-0.138049,0.023657,LOSER,False
CERS,2025-08-18,8.8,BULLISH,NEUTRAL,NEUTRAL,NEUTRAL,ESS_BULLISH_ANALYST_SKEPTICAL,False,-0.016,0.224,0.023657,LOSER,False
CF,2025-08-18,7.9,BULLISH,BULLISH,NEUTRAL,NEUTRAL,ESS_BULLISH_ANALYST_MIXED,False,-0.003079,-0.011131,0.023657,LOSER,False
CFFN,2025-08-18,9.6,BULLISH,NO_DATA,NO_DATA,NEUTRAL,ESS_BULLISH_ANALYST_SKEPTICAL,False,0.036007,0.008183,0.023657,NEUTRAL,False
CHCO,2025-08-18,7.5,BULLISH,BULLISH,NO_DATA,NEUTRAL,ESS_BULLISH_ANALYST_MIXED,False,0.00673,-0.024743,0.023657,NEUTRAL,False
CHE,2025-08-18,7.9,BULLISH,BEARISH,NEUTRAL,NEUTRAL,ESS_BULLISH_ANALYST_SKEPTICAL,True,0.028168,-0.009599,0.023657,NEUTRAL,False
CHKP,2025-08-18,9.2,BULLISH,NEUTRAL,BULLISH,NEUTRAL,ESS_BULLISH_ANALYST_MIXED,False,0.041879,0.010655,0.023657,NEUTRAL,False
CHRW,2025-08-18,8.9,BULLISH,NEUTRAL,BULLISH,BULLISH,ESS_BULLISH_ANALYST_MIXED,False,0.103914,0.040992,0.023657,WINNER,True
CHWY,2025-08-18,7.6,BULLISH,NEUTRAL,NO_DATA,NEUTRAL,ESS_BULLISH_ANALYST_SKEPTICAL,False,-0.067155,-0.085714,0.023657,LOSER,False
CI,2025-08-18,9.2,BULLISH,NEUTRAL,BULLISH,NEUTRAL,ESS_BULLISH_ANALYST_MIXED,False,-0.000778,0.008251,0.023657,LOSER,False
CIM,2025-08-18,9.9,BULLISH,NO_DATA,NO_DATA,NEUTRAL,ESS_BULLISH_ANALYST_SKEPTICAL,False,0.034763,-0.031899,0.023657,NEUTRAL,False
CINF,2025-08-18,7.7,BULLISH,NEUTRAL,NO_DATA,NEUTRAL,ESS_BULLISH_ANALYST_SKEPTICAL,False,0.03131,0.027289,0.023657,NEUTRAL,False
CLMB,2025-08-18,9.6,BULLISH,NEUTRAL,BULLISH,NO_DATA,ESS_BULLISH_ANALYST_MIXED,False,0.110469,0.074836,0.023657,WINNER,True
CM,2025-08-18,7.6,BULLISH,NEUTRAL,NO_DATA,NEUTRAL,ESS_BULLISH_ANALYST_SKEPTICAL,False,0.087263,0.08794,0.023657,WINNER,True
CME,2025-08-18,8.2,BULLISH,NEUTRAL,NO_DATA,NEUTRAL,ESS_BULLISH_ANALYST_SKEPTICAL,False,-0.02498,-0.004395,0.023657,LOSER,False
CMG,2025-08-18,7.7,BULLISH,NEUTRAL,BULLISH,NEUTRAL,ESS_BULLISH_ANALYST_MIXED,False,-0.085523,-0.035039,0.023657,LOSER,False
CMPR,2025-08-18,9.6,BULLISH,NEUTRAL,NEUTRAL,BULLISH,ESS_BULLISH_ANALYST_MIXED,False,0.055867,0.103753,0.023657,WINNER,True
CMRE,2025-08-18,7.8,BULLISH,BEARISH,BEARISH,NEUTRAL,ESS_BULLISH_ANALYST_MAJORITY_BEARISH,True,0.118794,0.026596,0.023657,WINNER,True
CMT,2025-08-18,7.9,BULLISH,NEUTRAL,BULLISH,NEUTRAL,ESS_BULLISH_ANALYST_MIXED,False,0.179888,0.032961,0.023657,WINNER,True
CNA,2025-08-18,9.3,BULLISH,NEUTRAL,NO_DATA,BULLISH,ESS_BULLISH_ANALYST_MIXED,False,-0.022453,-0.035797,0.023657,LOSER,False
CNMD,2025-08-18,9.5,BULLISH,NEUTRAL,NEUTRAL,NEUTRAL,ESS_BULLISH_ANALYST_SKEPTICAL,False,-0.050916,-0.150375,0.023657,LOSER,False
CNX,2025-08-18,8.7,BULLISH,NEUTRAL,NO_DATA,NEUTRAL,ESS_BULLISH_ANALYST_SKEPTICAL,False,0.101032,0.138029,0.023657,WINNER,True
COHR,2025-08-18,8.1,BULLISH,BULLISH,BULLISH,NEUTRAL,ESS_BULLISH_ANALYST_MIXED,False,0.142778,0.285777,0.023657,WINNER,True
COIN,2025-08-18,7.3,BULLISH,NEUTRAL,NO_DATA,NO_DATA,ESS_BULLISH_ANALYST_SKEPTICAL,False,-0.00053,0.047672,0.023657,LOSER,False
COLB,2025-08-18,9.8,BULLISH,BULLISH,NO_DATA,NEUTRAL,ESS_BULLISH_ANALYST_MIXED,False,0.015429,-0.043562,0.023657,NEUTRAL,False
COMM,2025-08-18,7.5,BULLISH,BULLISH,NEUTRAL,NEUTRAL,ESS_BULLISH_ANALYST_MIXED,False,,,0.023657,NO_DATA,
COR,2025-08-18,9.5,BULLISH,NEUTRAL,BULLISH,NEUTRAL,ESS_BULLISH_ANALYST_MIXED,False,-0.004374,0.118271,0.023657,LOSER,False
CORT,2025-08-18,8.1,BULLISH,NEUTRAL,BEARISH,NEUTRAL,ESS_BULLISH_ANALYST_SKEPTICAL,True,0.047659,0.096572,0.023657,WINNER,True
COST,2025-08-18,8.3,BULLISH,BULLISH,BULLISH,NEUTRAL,ESS_BULLISH_ANALYST_MIXED,False,-0.016664,-0.043927,0.023657,LOSER,False
COUR,2025-08-18,8.0,BULLISH,BULLISH,NO_DATA,NO_DATA,ESS_BULLISH_ANALYST_FULL_AGREE,False,-0.050336,-0.158557,0.023657,LOSER,False
CPRX,2025-08-18,8.1,BULLISH,BULLISH,NEUTRAL,NEUTRAL,ESS_BULLISH_ANALYST_MIXED,False,-0.010381,0.015818,0.023657,LOSER,False
CR,2025-08-18,7.7,BULLISH,NEUTRAL,NEUTRAL,BULLISH,ESS_BULLISH_ANALYST_MIXED,False,-0.062037,-0.046046,0.023657,LOSER,False
CRAI,2025-08-18,9.5,BULLISH,NEUTRAL,BULLISH,NEUTRAL,ESS_BULLISH_ANALYST_MIXED,False,0.111654,-0.028433,0.023657,WINNER,True
CRCT,2025-08-18,9.6,BULLISH,NEUTRAL,NO_DATA,NO_DATA,ESS_BULLISH_ANALYST_SKEPTICAL,False,0.188849,-0.061151,0.023657,WINNER,True
CRGY,2025-08-18,7.9,BULLISH,BULLISH,NO_DATA,NO_DATA,ESS_BULLISH_ANALYST_FULL_AGREE,False,-0.060086,-0.114807,0.023657,LOSER,False
CRM,2025-08-18,7.9,BULLISH,NEUTRAL,NEUTRAL,NEUTRAL,ESS_BULLISH_ANALYST_SKEPTICAL,False,-0.005485,-0.001913,0.023657,LOSER,False
CRMD,2025-08-18,7.4,BULLISH,BULLISH,NO_DATA,NEUTRAL,ESS_BULLISH_ANALYST_MIXED,False,-0.151145,-0.222901,0.023657,LOSER,False
CRS,2025-08-18,8.3,BULLISH,BULLISH,NEUTRAL,NO_DATA,ESS_BULLISH_ANALYST_MIXED,False,-0.010213,-0.032984,0.023657,LOSER,False
CRUS,2025-08-18,9.6,BULLISH,NEUTRAL,BULLISH,NEUTRAL,ESS_BULLISH_ANALYST_MIXED,False,0.054695,0.116471,0.023657,WINNER,True
CSCO,2025-08-18,9.8,BULLISH,NEUTRAL,BULLISH,BULLISH,ESS_BULLISH_ANALYST_MIXED,False,0.011501,0.053823,0.023657,NEUTRAL,False
CSGS,2025-08-18,9.1,BULLISH,NEUTRAL,BULLISH,NEUTRAL,ESS_BULLISH_ANALYST_MIXED,False,0.05405,0.043475,0.023657,WINNER,True
CSTM,2025-08-18,8.3,BULLISH,NEUTRAL,NEUTRAL,NO_DATA,ESS_BULLISH_ANALYST_SKEPTICAL,False,0.078556,0.082095,0.023657,WINNER,True
CTAS,2025-08-18,7.2,BULLISH,NEUTRAL,BULLISH,NEUTRAL,ESS_BULLISH_ANALYST_MIXED,False,-0.066735,-0.122177,0.023657,LOSER,False
CTBI,2025-08-18,8.7,BULLISH,NEUTRAL,NO_DATA,NEUTRAL,ESS_BULLISH_ANALYST_SKEPTICAL,False,0.002253,-0.067792,0.023657,LOSER,False
CTS,2025-08-18,7.8,BULLISH,NEUTRAL,BULLISH,NEUTRAL,ESS_BULLISH_ANALYST_MIXED,False,0.002905,-0.030008,0.023657,LOSER,False
CTSH,2025-08-18,9.3,BULLISH,NEUTRAL,BULLISH,NEUTRAL,ESS_BULLISH_ANALYST_MIXED,False,-0.000999,-0.057347,0.023657,LOSER,False
CTSO,2025-08-18,7.8,BULLISH,NEUTRAL,NEUTRAL,NEUTRAL,ESS_BULLISH_ANALYST_SKEPTICAL,False,-0.178182,-0.194545,0.023657,LOSER,False
CVCO,2025-08-18,8.0,BULLISH,NEUTRAL,BULLISH,NEUTRAL,ESS_BULLISH_ANALYST_MIXED,False,0.137781,0.145632,0.023657,WINNER,True
CVE,2025-08-18,9.4,BULLISH,NEUTRAL,NEUTRAL,NEUTRAL,ESS_BULLISH_ANALYST_SKEPTICAL,False,0.166555,0.123746,0.023657,WINNER,True
CVGW,2025-08-18,9.4,BULLISH,BEARISH,NEUTRAL,BULLISH,ESS_BULLISH_ANALYST_MIXED,True,0.003634,-0.128083,0.023657,LOSER,False
CVS,2025-08-18,8.3,BULLISH,BULLISH,NEUTRAL,NEUTRAL,ESS_BULLISH_ANALYST_MIXED,False,0.054582,0.176001,0.023657,WINNER,True
CWCO,2025-08-18,9.2,BULLISH,NEUTRAL,NO_DATA,NEUTRAL,ESS_BULLISH_ANALYST_SKEPTICAL,False,0.046856,0.12159,0.023657,WINNER,True
CX,2025-08-18,7.8,BULLISH,NEUTRAL,NO_DATA,NEUTRAL,ESS_BULLISH_ANALYST_SKEPTICAL,False,0.091435,0.116898,0.023657,WINNER,True
DAC,2025-08-18,7.8,BULLISH,NEUTRAL,BULLISH,NEUTRAL,ESS_BULLISH_ANALYST_MIXED,False,,,0.023657,NO_DATA,
DAKT,2025-08-18,8.3,BULLISH,NEUTRAL,NEUTRAL,BULLISH,ESS_BULLISH_ANALYST_MIXED,False,0.361078,0.170659,0.023657,WINNER,True
DAL,2025-08-18,7.6,BULLISH,NEUTRAL,NEUTRAL,NEUTRAL,ESS_BULLISH_ANALYST_SKEPTICAL,False,-0.037158,-0.020752,0.023657,LOSER,False
DASH,2025-08-18,7.5,BULLISH,NEUTRAL,NO_DATA,NO_DATA,ESS_BULLISH_ANALYST_SKEPTICAL,False,0.023328,0.038367,0.023657,NEUTRAL,False
DB,2025-08-18,9.8,BULLISH,BULLISH,NO_DATA,NEUTRAL,ESS_BULLISH_ANALYST_MIXED,False,-0.00328,-0.08199,0.023657,LOSER,False
DBX,2025-08-18,8.9,BULLISH,NEUTRAL,NO_DATA,NO_DATA,ESS_BULLISH_ANALYST_SKEPTICAL,False,0.135484,0.04319,0.023657,WINNER,True
DCI,2025-08-18,8.0,BULLISH,NEUTRAL,BULLISH,NEUTRAL,ESS_BULLISH_ANALYST_MIXED,False,0.088847,0.117607,0.023657,WINNER,True
DCO,2025-08-18,8.7,BULLISH,NEUTRAL,NEUTRAL,NEUTRAL,ESS_BULLISH_ANALYST_SKEPTICAL,False,0.03589,0.002945,0.023657,NEUTRAL,False
DEA,2025-08-18,7.6,BULLISH,NEUTRAL,NO_DATA,NEUTRAL,ESS_BULLISH_ANALYST_SKEPTICAL,False,0.064649,0.007795,0.023657,WINNER,True
DELL,2025-08-18,8.9,BULLISH,NEUTRAL,NO_DATA,NEUTRAL,ESS_BULLISH_ANALYST_SKEPTICAL,False,-0.056396,0.082965,0.023657,LOSER,False
DFIN,2025-08-18,8.6,BULLISH,BULLISH,NO_DATA,NEUTRAL,ESS_BULLISH_ANALYST_MIXED,False,-0.03314,-0.064107,0.023657,LOSER,False
DGICA,2025-08-18,8.7,BULLISH,NEUTRAL,NO_DATA,NEUTRAL,ESS_BULLISH_ANALYST_SKEPTICAL,False,0.119229,0.120398,0.023657,WINNER,True
DGII,2025-08-18,9.6,BULLISH,NEUTRAL,BULLISH,NEUTRAL,ESS_BULLISH_ANALYST_MIXED,False,0.084877,0.132995,0.023657,WINNER,True
DHT,2025-08-18,7.1,BULLISH,NEUTRAL,BULLISH,NEUTRAL,ESS_BULLISH_ANALYST_MIXED,False,0.177273,0.100909,0.023657,WINNER,True
DLX,2025-08-18,9.1,BULLISH,NEUTRAL,BULLISH,NEUTRAL,ESS_BULLISH_ANALYST_MIXED,False,0.027909,-0.048447,0.023657,NEUTRAL,False
DNOW,2025-08-18,8.9,BULLISH,BULLISH,BULLISH,NEUTRAL,ESS_BULLISH_ANALYST_MIXED,False,0.036835,-0.039563,0.023657,NEUTRAL,False
DORM,2025-08-18,7.2,BULLISH,BULLISH,NEUTRAL,NEUTRAL,ESS_BULLISH_ANALYST_MIXED,False,0.028989,-0.061783,0.023657,NEUTRAL,False
DOX,2025-08-18,8.6,BULLISH,NEUTRAL,BULLISH,NEUTRAL,ESS_BULLISH_ANALYST_MIXED,False,-0.033563,-0.040459,0.023657,LOSER,False
DPZ,2025-08-18,7.1,BULLISH,NEUTRAL,NEUTRAL,NEUTRAL,ESS_BULLISH_ANALYST_SKEPTICAL,False,-0.01112,-0.060653,0.023657,LOSER,False
DUK,2025-08-18,7.9,BULLISH,NEUTRAL,NEUTRAL,NEUTRAL,ESS_BULLISH_ANALYST_SKEPTICAL,False,-0.002964,0.058208,0.023657,LOSER,False
DVA,2025-08-18,8.7,BULLISH,NEUTRAL,BULLISH,NEUTRAL,ESS_BULLISH_ANALYST_MIXED,False,-0.0394,-0.05531,0.023657,LOSER,False
DVN,2025-08-18,8.0,BULLISH,NEUTRAL,BULLISH,NEUTRAL,ESS_BULLISH_ANALYST_MIXED,False,0.062775,-0.047374,0.023657,WINNER,True
DX,2025-08-18,8.7,BULLISH,NEUTRAL,NO_DATA,NEUTRAL,ESS_BULLISH_ANALYST_SKEPTICAL,False,,,0.023657,NO_DATA,
E,2025-08-18,9.4,BULLISH,BULLISH,NO_DATA,NEUTRAL,ESS_BULLISH_ANALYST_MIXED,False,0.003434,-0.004007,0.023657,LOSER,False
EBF,2025-08-18,8.1,BULLISH,NO_DATA,NEUTRAL,NEUTRAL,ESS_BULLISH_ANALYST_SKEPTICAL,False,0.005546,-0.032217,0.023657,NEUTRAL,False
EBR,2025-08-18,8.1,BULLISH,NEUTRAL,NO_DATA,NEUTRAL,ESS_BULLISH_ANALYST_SKEPTICAL,False,,,0.023657,NO_DATA,
EBS,2025-08-18,8.1,BULLISH,NEUTRAL,BEARISH,NEUTRAL,ESS_BULLISH_ANALYST_SKEPTICAL,True,-0.141125,0.009923,0.023657,LOSER,False
ECG,2025-08-18,8.3,BULLISH,BULLISH,NO_DATA,NO_DATA,ESS_BULLISH_ANALYST_FULL_AGREE,False,0.034791,0.16135,0.023657,NEUTRAL,False
ED,2025-08-18,8.6,BULLISH,NEUTRAL,NEUTRAL,NEUTRAL,ESS_BULLISH_ANALYST_SKEPTICAL,False,-0.033487,0.014538,0.023657,LOSER,False
EDN,2025-08-18,8.1,BULLISH,NEUTRAL,NO_DATA,NEUTRAL,ESS_BULLISH_ANALYST_SKEPTICAL,False,,,0.023657,NO_DATA,
EEFT,2025-08-18,8.1,BULLISH,NEUTRAL,NEUTRAL,NEUTRAL,ESS_BULLISH_ANALYST_SKEPTICAL,False,-0.073054,-0.088604,0.023657,LOSER,False
EFSC,2025-08-18,9.5,BULLISH,NEUTRAL,NO_DATA,NEUTRAL,ESS_BULLISH_ANALYST_SKEPTICAL,False,0.047785,-0.064094,0.023657,WINNER,True
EGO,2025-08-18,8.2,BULLISH,NEUTRAL,NO_DATA,NEUTRAL,ESS_BULLISH_ANALYST_SKEPTICAL,False,0.178369,0.228958,0.023657,WINNER,True
EHC,2025-08-18,7.7,BULLISH,NEUTRAL,BULLISH,NEUTRAL,ESS_BULLISH_ANALYST_MIXED,False,0.033771,0.037569,0.023657,NEUTRAL,False
EHTH,2025-08-18,8.7,BULLISH,NEUTRAL,NO_DATA,NEUTRAL,ESS_BULLISH_ANALYST_SKEPTICAL,False,0.081461,0.339888,0.023657,WINNER,True
ELA,2025-08-18,8.9,BULLISH,NEUTRAL,NO_DATA,NEUTRAL,ESS_BULLISH_ANALYST_SKEPTICAL,False,0.049575,0.133144,0.023657,WINNER,True
ELAN,2025-08-18,9.0,BULLISH,BULLISH,NEUTRAL,NEUTRAL,ESS_BULLISH_ANALYST_MIXED,False,0.041243,0.210169,0.023657,NEUTRAL,False
ELMD,2025-08-18,8.8,BULLISH,NEUTRAL,NEUTRAL,NEUTRAL,ESS_BULLISH_ANALYST_SKEPTICAL,False,0.227527,0.233621,0.023657,WINNER,True
ELV,2025-08-18,7.5,BULLISH,BEARISH,BULLISH,NO_DATA,ESS_BULLISH_ANALYST_MAJORITY_BEARISH,True,0.002726,0.13369,0.023657,LOSER,False
EME,2025-08-18,9.5,BULLISH,NEUTRAL,BULLISH,BULLISH,ESS_BULLISH_ANALYST_MIXED,False,0.0062,0.124561,0.023657,NEUTRAL,False
EML,2025-08-18,9.9,BULLISH,NO_DATA,BULLISH,NEUTRAL,ESS_BULLISH_ANALYST_MIXED,False,0.119079,-0.056662,0.023657,WINNER,True
ENB,2025-08-18,8.7,BULLISH,NEUTRAL,BEARISH,NEUTRAL,ESS_BULLISH_ANALYST_SKEPTICAL,True,0.052282,0.008785,0.023657,WINNER,True
ENS,2025-08-18,7.6,BULLISH,NEUTRAL,NEUTRAL,NEUTRAL,ESS_BULLISH_ANALYST_SKEPTICAL,False,0.084559,0.21828,0.023657,WINNER,True
ENSG,2025-08-18,8.6,BULLISH,NEUTRAL,BULLISH,NEUTRAL,ESS_BULLISH_ANALYST_MIXED,False,0.011459,0.110002,0.023657,NEUTRAL,False
ENTA,2025-08-18,7.7,BULLISH,NEUTRAL,BULLISH,NEUTRAL,ESS_BULLISH_ANALYST_MIXED,False,-0.077111,0.347613,0.023657,LOSER,False
EPAM,2025-08-18,7.5,BULLISH,NEUTRAL,NEUTRAL,NEUTRAL,ESS_BULLISH_ANALYST_SKEPTICAL,False,-0.067679,-0.121993,0.023657,LOSER,False
EPC,2025-08-18,7.9,BULLISH,NEUTRAL,BULLISH,NEUTRAL,ESS_BULLISH_ANALYST_MIXED,False,-0.092932,-0.117753,0.023657,LOSER,False
EPD,2025-08-18,8.5,BULLISH,NEUTRAL,NO_DATA,NEUTRAL,ESS_BULLISH_ANALYST_SKEPTICAL,False,0.02362,-0.036387,0.023657,NEUTRAL,False
EQH,2025-08-18,9.3,BULLISH,NEUTRAL,NO_DATA,NO_DATA,ESS_BULLISH_ANALYST_SKEPTICAL,False,0.01,-0.105472,0.023657,NEUTRAL,False
ES,2025-08-18,8.3,BULLISH,NEUTRAL,NEUTRAL,NEUTRAL,ESS_BULLISH_ANALYST_SKEPTICAL,False,-0.019213,0.137043,0.023657,LOSER,False
ESCA,2025-08-18,7.7,BULLISH,BEARISH,NEUTRAL,NEUTRAL,ESS_BULLISH_ANALYST_SKEPTICAL,True,-0.04878,-0.058935,0.023657,LOSER,False
ESNT,2025-08-18,8.8,BULLISH,NEUTRAL,NO_DATA,NO_DATA,ESS_BULLISH_ANALYST_SKEPTICAL,False,0.032326,-0.033463,0.023657,NEUTRAL,False
ETN,2025-08-18,7.5,BULLISH,NEUTRAL,NEUTRAL,NEUTRAL,ESS_BULLISH_ANALYST_SKEPTICAL,False,0.027864,0.056011,0.023657,NEUTRAL,False
EVR,2025-08-18,9.2,BULLISH,BULLISH,NO_DATA,BULLISH,ESS_BULLISH_ANALYST_FULL_AGREE,False,0.146375,0.03698,0.023657,WINNER,True
EVTC,2025-08-18,9.2,BULLISH,BULLISH,BULLISH,NEUTRAL,ESS_BULLISH_ANALYST_MIXED,False,-0.089117,-0.193357,0.023657,LOSER,False
EXE,2025-08-18,7.3,BULLISH,NEUTRAL,BEARISH,NO_DATA,ESS_BULLISH_ANALYST_MAJORITY_BEARISH,True,0.071482,0.083306,0.023657,WINNER,True
EXEL,2025-08-18,9.5,BULLISH,BULLISH,NEUTRAL,NEUTRAL,ESS_BULLISH_ANALYST_MIXED,False,0.070975,0.03946,0.023657,WINNER,True
EZPW,2025-08-18,7.8,BULLISH,NEUTRAL,NO_DATA,NEUTRAL,ESS_BULLISH_ANALYST_SKEPTICAL,False,0.068879,0.161553,0.023657,WINNER,True
FAST,2025-08-18,8.7,BULLISH,NEUTRAL,BULLISH,NEUTRAL,ESS_BULLISH_ANALYST_MIXED,False,-0.040521,-0.13541,0.023657,LOSER,False
FBIN,2025-08-18,7.4,BULLISH,NEUTRAL,BULLISH,NO_DATA,ESS_BULLISH_ANALYST_MIXED,False,-0.029236,-0.1454,0.023657,LOSER,False
FBIZ,2025-08-18,8.7,BULLISH,NEUTRAL,NO_DATA,NEUTRAL,ESS_BULLISH_ANALYST_SKEPTICAL,False,0.048427,-0.007969,0.023657,WINNER,True
FCF,2025-08-18,8.6,BULLISH,BULLISH,NO_DATA,NO_DATA,ESS_BULLISH_ANALYST_FULL_AGREE,False,0.035736,-0.052412,0.023657,NEUTRAL,False
FDP,2025-08-18,8.1,BULLISH,NO_DATA,BULLISH,NEUTRAL,ESS_BULLISH_ANALYST_MIXED,False,-0.003629,-0.036851,0.023657,LOSER,False
FE,2025-08-18,7.6,BULLISH,NEUTRAL,BEARISH,NEUTRAL,ESS_BULLISH_ANALYST_SKEPTICAL,True,0.014242,0.096661,0.023657,NEUTRAL,False
FFBC,2025-08-18,7.5,BULLISH,BULLISH,NO_DATA,NEUTRAL,ESS_BULLISH_ANALYST_MIXED,False,0.045118,-0.029738,0.023657,WINNER,True
FFIV,2025-08-18,8.3,BULLISH,BULLISH,NEUTRAL,BULLISH,ESS_BULLISH_ANALYST_MIXED,False,0.023873,-0.048568,0.023657,NEUTRAL,False
FHI,2025-08-18,9.4,BULLISH,BULLISH,NO_DATA,NEUTRAL,ESS_BULLISH_ANALYST_MIXED,False,-0.007929,-0.027563,0.023657,LOSER,False
FLEX,2025-08-18,7.6,BULLISH,NEUTRAL,BULLISH,NEUTRAL,ESS_BULLISH_ANALYST_MIXED,False,0.134418,0.248543,0.023657,WINNER,True
FLR,2025-08-18,7.7,BULLISH,NEUTRAL,BEARISH,NEUTRAL,ESS_BULLISH_ANALYST_SKEPTICAL,True,-0.04226,0.10755,0.023657,LOSER,False
FLXS,2025-08-18,9.5,BULLISH,NEUTRAL,BULLISH,NEUTRAL,ESS_BULLISH_ANALYST_MIXED,False,0.30725,0.056896,0.023657,WINNER,True
FMAO,2025-08-18,9.0,BULLISH,BULLISH,NO_DATA,NEUTRAL,ESS_BULLISH_ANALYST_MIXED,False,0.026243,-0.049612,0.023657,NEUTRAL,False
FMBH,2025-08-18,7.7,BULLISH,NEUTRAL,NO_DATA,NEUTRAL,ESS_BULLISH_ANALYST_SKEPTICAL,False,0.040308,-0.057014,0.023657,NEUTRAL,False
FMS,2025-08-18,8.8,BULLISH,BULLISH,NO_DATA,NEUTRAL,ESS_BULLISH_ANALYST_MIXED,False,0.029388,0.093398,0.023657,NEUTRAL,False
FN,2025-08-18,8.5,BULLISH,BULLISH,BULLISH,NEUTRAL,ESS_BULLISH_ANALYST_MIXED,False,0.095042,0.253057,0.023657,WINNER,True
FOX,2025-08-18,9.0,BULLISH,NEUTRAL,NO_DATA,NEUTRAL,ESS_BULLISH_ANALYST_SKEPTICAL,False,0.020683,-0.011326,0.023657,NEUTRAL,False
FPI,2025-08-18,8.3,BULLISH,NEUTRAL,NO_DATA,NEUTRAL,ESS_BULLISH_ANALYST_SKEPTICAL,False,0.027281,-0.034185,0.023657,NEUTRAL,False
FRME,2025-08-18,7.5,BULLISH,NEUTRAL,NO_DATA,NEUTRAL,ESS_BULLISH_ANALYST_SKEPTICAL,False,0.031448,-0.075709,0.023657,NEUTRAL,False
FSFG,2025-08-18,9.5,BULLISH,NEUTRAL,NO_DATA,NEUTRAL,ESS_BULLISH_ANALYST_SKEPTICAL,False,,,0.023657,NO_DATA,
FSS,2025-08-18,10.0,BULLISH,BULLISH,NO_DATA,BULLISH,ESS_BULLISH_ANALYST_FULL_AGREE,False,-0.010447,-0.046458,0.023657,LOSER,False
FTI,2025-08-18,8.0,BULLISH,NEUTRAL,NEUTRAL,NEUTRAL,ESS_BULLISH_ANALYST_SKEPTICAL,False,0.121212,0.026873,0.023657,WINNER,True
FUBO,2025-08-18,9.6,BULLISH,NEUTRAL,NO_DATA,NEUTRAL,ESS_BULLISH_ANALYST_SKEPTICAL,False,0.116711,-0.034483,0.023657,WINNER,True
FULT,2025-08-18,9.6,BULLISH,BULLISH,NO_DATA,NO_DATA,ESS_BULLISH_ANALYST_FULL_AGREE,False,0.025834,-0.07122,0.023657,NEUTRAL,False
G,2025-08-18,9.1,BULLISH,NEUTRAL,BULLISH,NO_DATA,ESS_BULLISH_ANALYST_MIXED,False,-0.048428,-0.101508,0.023657,LOSER,False
GAP,2025-08-18,7.4,BULLISH,NEUTRAL,NEUTRAL,NO_DATA,ESS_BULLISH_ANALYST_SKEPTICAL,False,0.090866,0.041152,0.023657,WINNER,True
GBX,2025-08-18,7.5,BULLISH,NEUTRAL,NEUTRAL,NEUTRAL,ESS_BULLISH_ANALYST_SKEPTICAL,False,-0.010886,-0.01437,0.023657,LOSER,False
GD,2025-08-18,9.9,BULLISH,NEUTRAL,BULLISH,BULLISH,ESS_BULLISH_ANALYST_MIXED,False,0.037311,0.060672,0.023657,NEUTRAL,False
GDOT,2025-08-18,8.7,BULLISH,NEUTRAL,NO_DATA,NEUTRAL,ESS_BULLISH_ANALYST_SKEPTICAL,False,0.030496,-0.117021,0.023657,NEUTRAL,False
GDS,2025-08-18,8.8,BULLISH,BULLISH,NO_DATA,NEUTRAL,ESS_BULLISH_ANALYST_MIXED,False,0.245424,0.015513,0.023657,WINNER,True
GFF,2025-08-18,9.5,BULLISH,NEUTRAL,BULLISH,NEUTRAL,ESS_BULLISH_ANALYST_MIXED,False,0.025884,0.009228,0.023657,NEUTRAL,False
GFI,2025-08-18,9.4,BULLISH,BULLISH,NO_DATA,NEUTRAL,ESS_BULLISH_ANALYST_MIXED,False,0.266845,0.438959,0.023657,WINNER,True
GGAL,2025-08-18,8.7,BULLISH,NEUTRAL,NO_DATA,NEUTRAL,ESS_BULLISH_ANALYST_SKEPTICAL,False,,,0.023657,NO_DATA,
GHC,2025-08-18,7.4,BULLISH,NO_DATA,BEARISH,NEUTRAL,ESS_BULLISH_ANALYST_MAJORITY_BEARISH,True,0.07554,-0.078055,0.023657,WINNER,True
GIB,2025-08-18,9.8,BULLISH,NEUTRAL,BULLISH,NEUTRAL,ESS_BULLISH_ANALYST_MIXED,False,-0.017536,-0.074291,0.023657,LOSER,False
GIC,2025-08-18,9.0,BULLISH,BULLISH,NEUTRAL,NO_DATA,ESS_BULLISH_ANALYST_MIXED,False,0.01728,-0.032609,0.023657,NEUTRAL,False
GILD,2025-08-18,8.8,BULLISH,NEUTRAL,BULLISH,BULLISH,ESS_BULLISH_ANALYST_MIXED,False,-0.041956,0.048079,0.023657,LOSER,False
GL,2025-08-18,7.5,BULLISH,NEUTRAL,NO_DATA,NEUTRAL,ESS_BULLISH_ANALYST_SKEPTICAL,False,0.050077,-0.006975,0.023657,WINNER,True
GLDD,2025-08-18,8.8,BULLISH,BULLISH,NO_DATA,NEUTRAL,ESS_BULLISH_ANALYST_MIXED,False,,,0.023657,NO_DATA,
GLW,2025-08-18,8.2,BULLISH,BULLISH,NEUTRAL,NEUTRAL,ESS_BULLISH_ANALYST_MIXED,False,0.178168,0.29479,0.023657,WINNER,True
GNE,2025-08-18,9.6,BULLISH,NO_DATA,BEARISH,NEUTRAL,ESS_BULLISH_ANALYST_MAJORITY_BEARISH,True,,,0.023657,NO_DATA,
GOLF,2025-08-18,7.2,BULLISH,BULLISH,NEUTRAL,NEUTRAL,ESS_BULLISH_ANALYST_MIXED,False,-0.048779,0.036046,0.023657,LOSER,False
GOOG,2025-08-18,8.2,BULLISH,NEUTRAL,NEUTRAL,NO_DATA,ESS_BULLISH_ANALYST_SKEPTICAL,False,,,0.023657,NO_DATA,
GPI,2025-08-18,9.4,BULLISH,NEUTRAL,BULLISH,NEUTRAL,ESS_BULLISH_ANALYST_MIXED,False,0.029057,-0.024725,0.023657,NEUTRAL,False
GSK,2025-08-18,9.6,BULLISH,NEUTRAL,NO_DATA,NEUTRAL,ESS_BULLISH_ANALYST_SKEPTICAL,False,0.033018,0.12388,0.023657,NEUTRAL,False
GTN,2025-08-18,9.6,BULLISH,NEUTRAL,NEUTRAL,NEUTRAL,ESS_BULLISH_ANALYST_SKEPTICAL,False,-0.031686,-0.182274,0.023657,LOSER,False
GTX,2025-08-18,8.6,BULLISH,BULLISH,NO_DATA,NEUTRAL,ESS_BULLISH_ANALYST_MIXED,False,0.017808,-0.012401,0.023657,NEUTRAL,False
GVA,2025-08-18,9.4,BULLISH,NEUTRAL,BEARISH,BULLISH,ESS_BULLISH_ANALYST_MIXED,True,-0.022174,-0.04439,0.023657,LOSER,False
HAE,2025-08-18,9.4,BULLISH,NEUTRAL,NEUTRAL,NEUTRAL,ESS_BULLISH_ANALYST_SKEPTICAL,False,-0.059676,-0.05384,0.023657,LOSER,False
HALO,2025-08-18,9.1,BULLISH,NEUTRAL,NEUTRAL,NEUTRAL,ESS_BULLISH_ANALYST_SKEPTICAL,False,0.099333,-0.027987,0.023657,WINNER,True
HAS,2025-08-18,7.3,BULLISH,BULLISH,NEUTRAL,NEUTRAL,ESS_BULLISH_ANALYST_MIXED,False,-0.085117,-0.074102,0.023657,LOSER,False
HBCP,2025-08-18,9.9,BULLISH,BULLISH,NO_DATA,NEUTRAL,ESS_BULLISH_ANALYST_MIXED,False,0.039909,-0.031776,0.023657,NEUTRAL,False
HBM,2025-08-18,7.1,BULLISH,NEUTRAL,BEARISH,NEUTRAL,ESS_BULLISH_ANALYST_SKEPTICAL,True,0.235832,0.5,0.023657,WINNER,True
HBT,2025-08-18,7.5,BULLISH,NEUTRAL,NO_DATA,NEUTRAL,ESS_BULLISH_ANALYST_SKEPTICAL,False,0.027479,-0.060135,0.023657,NEUTRAL,False
HCA,2025-08-18,8.9,BULLISH,NEUTRAL,NEUTRAL,BULLISH,ESS_BULLISH_ANALYST_MIXED,False,0.016474,0.084605,0.023657,NEUTRAL,False
HCAT,2025-08-18,7.7,BULLISH,NEUTRAL,NO_DATA,NEUTRAL,ESS_BULLISH_ANALYST_SKEPTICAL,False,-0.063333,0.016667,0.023657,LOSER,False
HCSG,2025-08-18,9.6,BULLISH,BULLISH,NEUTRAL,BULLISH,ESS_BULLISH_ANALYST_MIXED,False,0.016329,0.067929,0.023657,NEUTRAL,False
HE,2025-08-18,8.0,BULLISH,NEUTRAL,NEUTRAL,NEUTRAL,ESS_BULLISH_ANALYST_SKEPTICAL,False,0.058515,-0.014847,0.023657,WINNER,True
HEI,2025-08-18,7.2,BULLISH,NEUTRAL,NEUTRAL,NEUTRAL,ESS_BULLISH_ANALYST_SKEPTICAL,False,0.028524,-0.003797,0.023657,NEUTRAL,False
HESM,2025-08-18,8.0,BULLISH,NEUTRAL,NO_DATA,NEUTRAL,ESS_BULLISH_ANALYST_SKEPTICAL,False,-0.039882,-0.200391,0.023657,LOSER,False
HHH,2025-08-18,8.9,BULLISH,BULLISH,NO_DATA,NO_DATA,ESS_BULLISH_ANALYST_FULL_AGREE,False,0.121845,0.088552,0.023657,WINNER,True
HIG,2025-08-18,9.0,BULLISH,NEUTRAL,NO_DATA,NEUTRAL,ESS_BULLISH_ANALYST_SKEPTICAL,False,0.010832,-0.03706,0.023657,NEUTRAL,False
HII,2025-08-18,8.4,BULLISH,NEUTRAL,NEUTRAL,BULLISH,ESS_BULLISH_ANALYST_MIXED,False,0.023179,0.05157,0.023657,NEUTRAL,False
HIMX,2025-08-18,8.2,BULLISH,NEUTRAL,NO_DATA,NEUTRAL,ESS_BULLISH_ANALYST_SKEPTICAL,False,0.111989,0.221344,0.023657,WINNER,True
HLF,2025-08-18,8.1,BULLISH,NEUTRAL,BULLISH,NEUTRAL,ESS_BULLISH_ANALYST_MIXED,False,0.015267,-0.04362,0.023657,NEUTRAL,False
HLI,2025-08-18,7.8,BULLISH,BULLISH,NO_DATA,NEUTRAL,ESS_BULLISH_ANALYST_MIXED,False,0.072656,-0.001965,0.023657,WINNER,True
HLNE,2025-08-18,7.3,BULLISH,NEUTRAL,NO_DATA,NEUTRAL,ESS_BULLISH_ANALYST_SKEPTICAL,False,-0.059652,-0.237685,0.023657,LOSER,False
HLT,2025-08-18,7.6,BULLISH,NEUTRAL,NEUTRAL,NEUTRAL,ESS_BULLISH_ANALYST_SKEPTICAL,False,-0.009643,-0.032468,0.023657,LOSER,False
HMC,2025-08-18,7.1,BULLISH,NEUTRAL,NO_DATA,NEUTRAL,ESS_BULLISH_ANALYST_SKEPTICAL,False,0.00412,-0.092996,0.023657,NEUTRAL,False
HMN,2025-08-18,9.0,BULLISH,NEUTRAL,NO_DATA,BULLISH,ESS_BULLISH_ANALYST_MIXED,False,0.032782,-0.007166,0.023657,NEUTRAL,False
HNI,2025-08-18,8.5,BULLISH,NEUTRAL,BULLISH,NEUTRAL,ESS_BULLISH_ANALYST_MIXED,False,0.034224,0.017588,0.023657,NEUTRAL,False
HPQ,2025-08-18,8.1,BULLISH,BEARISH,NEUTRAL,NEUTRAL,ESS_BULLISH_ANALYST_SKEPTICAL,True,0.050333,0.030381,0.023657,WINNER,True
HQY,2025-08-18,7.8,BULLISH,NEUTRAL,NEUTRAL,NEUTRAL,ESS_BULLISH_ANALYST_SKEPTICAL,False,0.030716,0.021557,0.023657,NEUTRAL,False
HRMY,2025-08-18,7.7,BULLISH,NEUTRAL,NO_DATA,NO_DATA,ESS_BULLISH_ANALYST_SKEPTICAL,False,-0.119473,-0.288657,0.023657,LOSER,False
HSBC,2025-08-18,9.6,BULLISH,BULLISH,NO_DATA,NEUTRAL,ESS_BULLISH_ANALYST_MIXED,False,0.089786,0.030189,0.023657,WINNER,True
HSII,2025-08-18,7.5,BULLISH,NEUTRAL,NEUTRAL,NEUTRAL,ESS_BULLISH_ANALYST_SKEPTICAL,False,,,0.023657,NO_DATA,
HTO,2025-08-18,8.0,BULLISH,NEUTRAL,BULLISH,NO_DATA,ESS_BULLISH_ANALYST_MIXED,False,-0.024331,0.010054,0.023657,LOSER,False
HUBB,2025-08-18,8.4,BULLISH,NEUTRAL,NEUTRAL,NEUTRAL,ESS_BULLISH_ANALYST_SKEPTICAL,False,0.005383,-0.012137,0.023657,NEUTRAL,False
HURN,2025-08-18,8.2,BULLISH,NEUTRAL,BULLISH,NEUTRAL,ESS_BULLISH_ANALYST_MIXED,False,0.048406,0.09748,0.023657,WINNER,True
HVT,2025-08-18,7.8,BULLISH,NEUTRAL,NEUTRAL,NO_DATA,ESS_BULLISH_ANALYST_SKEPTICAL,False,0.055023,-0.092337,0.023657,WINNER,True
HWKN,2025-08-18,7.8,BULLISH,BULLISH,BULLISH,NEUTRAL,ESS_BULLISH_ANALYST_MIXED,False,0.000749,-0.068153,0.023657,LOSER,False
IAG,2025-08-18,8.1,BULLISH,BULLISH,BULLISH,NEUTRAL,ESS_BULLISH_ANALYST_MIXED,False,0.333736,0.615477,0.023657,WINNER,True
IBCP,2025-08-18,7.5,BULLISH,NEUTRAL,NO_DATA,NEUTRAL,ESS_BULLISH_ANALYST_SKEPTICAL,False,-0.006055,-0.006055,0.023657,LOSER,False
IBKR,2025-08-18,9.4,BULLISH,BULLISH,NO_DATA,NEUTRAL,ESS_BULLISH_ANALYST_MIXED,False,-0.019178,0.042026,0.023657,LOSER,False
IBM,2025-08-18,7.7,BULLISH,NEUTRAL,NEUTRAL,NEUTRAL,ESS_BULLISH_ANALYST_SKEPTICAL,False,0.08198,0.174692,0.023657,WINNER,True
ICFI,2025-08-18,8.8,BULLISH,NEUTRAL,BULLISH,NEUTRAL,ESS_BULLISH_ANALYST_MIXED,False,-0.014729,-0.100804,0.023657,LOSER,False
ICLR,2025-08-18,9.1,BULLISH,NEUTRAL,BULLISH,NEUTRAL,ESS_BULLISH_ANALYST_MIXED,False,-0.018761,0.036402,0.023657,LOSER,False
IDN,2025-08-18,9.1,BULLISH,NEUTRAL,BULLISH,NEUTRAL,ESS_BULLISH_ANALYST_MIXED,False,-0.027322,-0.165756,0.023657,LOSER,False
IDT,2025-08-18,9.9,BULLISH,NO_DATA,NEUTRAL,NEUTRAL,ESS_BULLISH_ANALYST_SKEPTICAL,False,0.068353,-0.234757,0.023657,WINNER,True
IDXX,2025-08-18,8.9,BULLISH,NEUTRAL,BULLISH,NEUTRAL,ESS_BULLISH_ANALYST_MIXED,False,0.004703,-0.003857,0.023657,NEUTRAL,False
III,2025-08-18,7.5,BULLISH,NEUTRAL,NEUTRAL,NEUTRAL,ESS_BULLISH_ANALYST_SKEPTICAL,False,0.109644,0.117894,0.023657,WINNER,True
IIIN,2025-08-18,8.6,BULLISH,BULLISH,BULLISH,NEUTRAL,ESS_BULLISH_ANALYST_MIXED,False,0.044414,-0.15803,0.023657,WINNER,True
ILMN,2025-08-18,7.1,BULLISH,NEUTRAL,NEUTRAL,NEUTRAL,ESS_BULLISH_ANALYST_SKEPTICAL,False,0.003382,-0.050433,0.023657,LOSER,False
ILPT,2025-08-18,9.6,BULLISH,BULLISH,NO_DATA,NEUTRAL,ESS_BULLISH_ANALYST_MIXED,False,0.098276,-0.048276,0.023657,WINNER,True
IMKTA,2025-08-18,8.1,BULLISH,NO_DATA,BULLISH,NEUTRAL,ESS_BULLISH_ANALYST_MIXED,False,0.072247,0.12521,0.023657,WINNER,True
IMXI,2025-08-18,8.7,BULLISH,NEUTRAL,NO_DATA,NEUTRAL,ESS_BULLISH_ANALYST_SKEPTICAL,False,0.00277,0.022161,0.023657,LOSER,False
INCY,2025-08-18,8.6,BULLISH,NEUTRAL,BEARISH,BULLISH,ESS_BULLISH_ANALYST_MIXED,True,-0.001413,0.031206,0.023657,LOSER,False
INFU,2025-08-18,9.4,BULLISH,BULLISH,NEUTRAL,NEUTRAL,ESS_BULLISH_ANALYST_MIXED,False,0.026233,-0.055614,0.023657,NEUTRAL,False
INGN,2025-08-18,8.8,BULLISH,NEUTRAL,NEUTRAL,NEUTRAL,ESS_BULLISH_ANALYST_SKEPTICAL,False,0.101987,0.108609,0.023657,WINNER,True
INGR,2025-08-18,7.8,BULLISH,NEUTRAL,NEUTRAL,NO_DATA,ESS_BULLISH_ANALYST_SKEPTICAL,False,-0.010697,-0.02394,0.023657,LOSER,False
INO,2025-08-18,9.6,BULLISH,BULLISH,BULLISH,NEUTRAL,ESS_BULLISH_ANALYST_MIXED,False,0.147368,0.236842,0.023657,WINNER,True
INTU,2025-08-18,8.7,BULLISH,BULLISH,NEUTRAL,NEUTRAL,ESS_BULLISH_ANALYST_MIXED,False,-0.076031,-0.076144,0.023657,LOSER,False
INVA,2025-08-18,8.0,BULLISH,NEUTRAL,NEUTRAL,NEUTRAL,ESS_BULLISH_ANALYST_SKEPTICAL,False,-0.067373,-0.168912,0.023657,LOSER,False
INVX,2025-08-18,9.3,BULLISH,NEUTRAL,BEARISH,NO_DATA,ESS_BULLISH_ANALYST_MAJORITY_BEARISH,True,0.029842,0.068818,0.023657,NEUTRAL,False
IPG,2025-08-18,7.9,BULLISH,BULLISH,NEUTRAL,NEUTRAL,ESS_BULLISH_ANALYST_MIXED,False,,,0.023657,NO_DATA,
IRDM,2025-08-18,8.8,BULLISH,NEUTRAL,NEUTRAL,NEUTRAL,ESS_BULLISH_ANALYST_SKEPTICAL,False,-0.247612,-0.239838,0.023657,LOSER,False
IRMD,2025-08-18,8.8,BULLISH,NEUTRAL,NEUTRAL,NEUTRAL,ESS_BULLISH_ANALYST_SKEPTICAL,False,0.009271,0.047354,0.023657,NEUTRAL,False
IRWD,2025-08-18,8.2,BULLISH,BULLISH,BEARISH,NEUTRAL,ESS_BULLISH_ANALYST_MIXED,True,0.132743,0.265487,0.023657,WINNER,True
IT,2025-08-18,7.1,BULLISH,NEUTRAL,BULLISH,NEUTRAL,ESS_BULLISH_ANALYST_MIXED,False,0.062694,-0.013434,0.023657,WINNER,True
ITGR,2025-08-18,8.6,BULLISH,NEUTRAL,BULLISH,NEUTRAL,ESS_BULLISH_ANALYST_MIXED,False,-0.027004,-0.006727,0.023657,LOSER,False
ITRI,2025-08-18,8.4,BULLISH,NEUTRAL,NEUTRAL,NEUTRAL,ESS_BULLISH_ANALYST_SKEPTICAL,False,-0.074344,0.03101,0.023657,LOSER,False
ITW,2025-08-18,8.0,BULLISH,NEUTRAL,BULLISH,NEUTRAL,ESS_BULLISH_ANALYST_MIXED,False,0.012576,-0.032463,0.023657,NEUTRAL,False
IVZ,2025-08-18,9.3,BULLISH,NEUTRAL,NO_DATA,NEUTRAL,ESS_BULLISH_ANALYST_SKEPTICAL,False,0.055714,0.085238,0.023657,WINNER,True
J,2025-08-18,8.5,BULLISH,NEUTRAL,NEUTRAL,NEUTRAL,ESS_BULLISH_ANALYST_SKEPTICAL,False,0.005659,0.060892,0.023657,NEUTRAL,False
JAZZ,2025-08-18,8.0,BULLISH,BEARISH,BEARISH,NEUTRAL,ESS_BULLISH_ANALYST_MAJORITY_BEARISH,True,0.100875,0.156285,0.023657,WINNER,True
JBGS,2025-08-18,8.2,BULLISH,NO_DATA,NO_DATA,NEUTRAL,ESS_BULLISH_ANALYST_SKEPTICAL,False,0.199498,0.025628,0.023657,WINNER,True
JBL,2025-08-18,9.8,BULLISH,BULLISH,BULLISH,NEUTRAL,ESS_BULLISH_ANALYST_MIXED,False,-0.009367,-0.029305,0.023657,LOSER,False
JHG,2025-08-18,9.5,BULLISH,BULLISH,NO_DATA,NEUTRAL,ESS_BULLISH_ANALYST_MIXED,False,0.039935,-0.024755,0.023657,NEUTRAL,False
JNJ,2025-08-18,8.5,BULLISH,NEUTRAL,NEUTRAL,NEUTRAL,ESS_BULLISH_ANALYST_SKEPTICAL,False,0.01277,0.104331,0.023657,NEUTRAL,False
JPM,2025-08-18,7.4,BULLISH,BULLISH,NO_DATA,NEUTRAL,ESS_BULLISH_ANALYST_MIXED,False,0.069358,0.025646,0.023657,WINNER,True
KAR,2025-08-18,9.1,BULLISH,BULLISH,NO_DATA,BULLISH,ESS_BULLISH_ANALYST_FULL_AGREE,False,,,0.023657,NO_DATA,
KB,2025-08-18,8.8,BULLISH,NEUTRAL,NO_DATA,NEUTRAL,ESS_BULLISH_ANALYST_SKEPTICAL,False,0.093407,0.0345,0.023657,WINNER,True
KD,2025-08-18,8.9,BULLISH,NEUTRAL,NO_DATA,NO_DATA,ESS_BULLISH_ANALYST_SKEPTICAL,False,0.047776,-0.09061,0.023657,WINNER,True
KE,2025-08-18,9.9,BULLISH,NEUTRAL,BULLISH,BULLISH,ESS_BULLISH_ANALYST_MIXED,False,0.149358,0.038899,0.023657,WINNER,True
KELYA,2025-08-18,9.9,BULLISH,NEUTRAL,BULLISH,BULLISH,ESS_BULLISH_ANALYST_MIXED,False,-0.005419,-0.122597,0.023657,LOSER,False
KFRC,2025-08-18,8.5,BULLISH,BEARISH,NO_DATA,NEUTRAL,ESS_BULLISH_ANALYST_MAJORITY_BEARISH,True,-0.051327,-0.13803,0.023657,LOSER,False
KFY,2025-08-18,8.5,BULLISH,NEUTRAL,BULLISH,NEUTRAL,ESS_BULLISH_ANALYST_MIXED,False,-0.010659,-0.058914,0.023657,LOSER,False
KGC,2025-08-18,9.6,BULLISH,BULLISH,BULLISH,NEUTRAL,ESS_BULLISH_ANALYST_MIXED,False,0.160752,0.297189,0.023657,WINNER,True
KGS,2025-08-18,9.6,BULLISH,BULLISH,NO_DATA,NO_DATA,ESS_BULLISH_ANALYST_FULL_AGREE,False,-0.080802,-0.024798,0.023657,LOSER,False
KKR,2025-08-18,8.2,BULLISH,NEUTRAL,NO_DATA,NEUTRAL,ESS_BULLISH_ANALYST_SKEPTICAL,False,0.022663,-0.167139,0.023657,NEUTRAL,False
KLAC,2025-08-18,9.7,BULLISH,NEUTRAL,BULLISH,NO_DATA,ESS_BULLISH_ANALYST_MIXED,False,0.120536,0.252742,0.023657,WINNER,True
KMPR,2025-08-18,8.2,BULLISH,BEARISH,NO_DATA,NEUTRAL,ESS_BULLISH_ANALYST_MAJORITY_BEARISH,True,-0.003784,-0.068307,0.023657,LOSER,False
KR,2025-08-18,8.5,BULLISH,NEUTRAL,BULLISH,NEUTRAL,ESS_BULLISH_ANALYST_MIXED,False,-0.039862,-0.010754,0.023657,LOSER,False
KROS,2025-08-18,9.0,BULLISH,NEUTRAL,NO_DATA,NEUTRAL,ESS_BULLISH_ANALYST_SKEPTICAL,False,0.075758,-0.047521,0.023657,WINNER,True
KRYS,2025-08-18,9.2,BULLISH,NEUTRAL,BULLISH,NEUTRAL,ESS_BULLISH_ANALYST_MIXED,False,0.052973,0.300273,0.023657,WINNER,True
L,2025-08-18,7.4,BULLISH,NO_DATA,NO_DATA,NEUTRAL,ESS_BULLISH_ANALYST_SKEPTICAL,False,0.023931,0.045512,0.023657,NEUTRAL,False
LAD,2025-08-18,8.3,BULLISH,NEUTRAL,NEUTRAL,NEUTRAL,ESS_BULLISH_ANALYST_SKEPTICAL,False,0.09364,0.023312,0.023657,WINNER,True
LADR,2025-08-18,9.6,BULLISH,BULLISH,NO_DATA,NEUTRAL,ESS_BULLISH_ANALYST_MIXED,False,0.014337,-0.025836,0.023657,NEUTRAL,False
LC,2025-08-18,9.6,BULLISH,BULLISH,NO_DATA,NEUTRAL,ESS_BULLISH_ANALYST_MIXED,False,0.080301,-0.034504,0.023657,WINNER,True
LDOS,2025-08-18,9.5,BULLISH,BULLISH,BULLISH,NEUTRAL,ESS_BULLISH_ANALYST_MIXED,False,0.034139,0.038133,0.023657,NEUTRAL,False
LECO,2025-08-18,8.0,BULLISH,BULLISH,BULLISH,NEUTRAL,ESS_BULLISH_ANALYST_MIXED,False,-0.016044,-0.009768,0.023657,LOSER,False
LEVI,2025-08-18,9.3,BULLISH,BULLISH,NO_DATA,NEUTRAL,ESS_BULLISH_ANALYST_MIXED,False,0.078897,-0.00808,0.023657,WINNER,True
LFVN,2025-08-18,9.1,BULLISH,NEUTRAL,NEUTRAL,NEUTRAL,ESS_BULLISH_ANALYST_SKEPTICAL,False,-0.211826,-0.354064,0.023657,LOSER,False
LIVN,2025-08-18,7.8,BULLISH,NEUTRAL,BULLISH,NEUTRAL,ESS_BULLISH_ANALYST_MIXED,False,0.023653,0.008635,0.023657,NEUTRAL,False
LKQ,2025-08-18,7.9,BULLISH,BEARISH,BULLISH,NEUTRAL,ESS_BULLISH_ANALYST_MIXED,True,0.008755,-0.02594,0.023657,NEUTRAL,False
LLY,2025-08-18,8.1,BULLISH,NEUTRAL,BEARISH,NEUTRAL,ESS_BULLISH_ANALYST_SKEPTICAL,True,0.088934,0.150104,0.023657,WINNER,True
LNG,2025-08-18,7.3,BULLISH,NEUTRAL,BEARISH,NEUTRAL,ESS_BULLISH_ANALYST_SKEPTICAL,True,0.023398,-0.047752,0.023657,NEUTRAL,False
LNN,2025-08-18,7.5,BULLISH,NEUTRAL,NEUTRAL,NEUTRAL,ESS_BULLISH_ANALYST_SKEPTICAL,False,-0.001073,-0.070964,0.023657,LOSER,False
LNTH,2025-08-18,8.3,BULLISH,BULLISH,BEARISH,NEUTRAL,ESS_BULLISH_ANALYST_MIXED,True,-0.091656,-0.006611,0.023657,LOSER,False
LOCO,2025-08-18,9.5,BULLISH,NEUTRAL,BULLISH,NEUTRAL,ESS_BULLISH_ANALYST_MIXED,False,-0.048851,-0.099617,0.023657,LOSER,False
LOOP,2025-08-18,8.3,BULLISH,NEUTRAL,NEUTRAL,NEUTRAL,ESS_BULLISH_ANALYST_SKEPTICAL,False,0.149351,0.045455,0.023657,WINNER,True
LOW,2025-08-18,7.2,BULLISH,NEUTRAL,BULLISH,NEUTRAL,ESS_BULLISH_ANALYST_MIXED,False,0.067998,-0.024672,0.023657,WINNER,True
LRCX,2025-08-18,9.7,BULLISH,NEUTRAL,BULLISH,NO_DATA,ESS_BULLISH_ANALYST_MIXED,False,0.232807,0.433955,0.023657,WINNER,True
LRN,2025-08-18,8.9,BULLISH,BULLISH,NEUTRAL,BULLISH,ESS_BULLISH_ANALYST_MIXED,False,-0.148128,-0.108713,0.023657,LOSER,False
LUMN,2025-08-18,9.3,BULLISH,NEUTRAL,BULLISH,NO_DATA,ESS_BULLISH_ANALYST_MIXED,False,0.191898,0.471215,0.023657,WINNER,True
LXFR,2025-08-18,9.8,BULLISH,NEUTRAL,BULLISH,NEUTRAL,ESS_BULLISH_ANALYST_MIXED,False,0.12701,0.038253,0.023657,WINNER,True
LXP,2025-08-18,7.5,BULLISH,NEUTRAL,NO_DATA,NEUTRAL,ESS_BULLISH_ANALYST_SKEPTICAL,False,0.121622,0.181048,0.023657,WINNER,True
LYFT,2025-08-18,7.7,BULLISH,NEUTRAL,NO_DATA,NEUTRAL,ESS_BULLISH_ANALYST_SKEPTICAL,False,0.425718,0.219101,0.023657,WINNER,True
LYG,2025-08-18,8.1,BULLISH,BULLISH,NO_DATA,NEUTRAL,ESS_BULLISH_ANALYST_MIXED,False,0.00883,-0.011038,0.023657,NEUTRAL,False
LZB,2025-08-18,8.3,BULLISH,NEUTRAL,BULLISH,NEUTRAL,ESS_BULLISH_ANALYST_MIXED,False,-0.113715,-0.154919,0.023657,LOSER,False
MA,2025-08-18,9.2,BULLISH,NEUTRAL,BULLISH,NEUTRAL,ESS_BULLISH_ANALYST_MIXED,False,0.024806,-0.038397,0.023657,NEUTRAL,False
MANH,2025-08-18,9.1,BULLISH,BULLISH,NEUTRAL,NEUTRAL,ESS_BULLISH_ANALYST_MIXED,False,-0.008762,-0.092322,0.023657,LOSER,False
MAS,2025-08-18,7.6,BULLISH,NEUTRAL,NEUTRAL,NEUTRAL,ESS_BULLISH_ANALYST_SKEPTICAL,False,-0.00794,-0.07091,0.023657,LOSER,False
MBOT,2025-08-18,8.9,BULLISH,BULLISH,BULLISH,NEUTRAL,ESS_BULLISH_ANALYST_MIXED,False,0.077922,-0.103896,0.023657,WINNER,True
MBWM,2025-08-18,9.6,BULLISH,BULLISH,NO_DATA,NEUTRAL,ESS_BULLISH_ANALYST_MIXED,False,0.008009,-0.060714,0.023657,NEUTRAL,False
MCB,2025-08-18,9.6,BULLISH,BULLISH,NO_DATA,NEUTRAL,ESS_BULLISH_ANALYST_MIXED,False,0.070303,-0.013293,0.023657,WINNER,True
MCK,2025-08-18,9.0,BULLISH,NEUTRAL,NEUTRAL,NEUTRAL,ESS_BULLISH_ANALYST_SKEPTICAL,False,0.032595,0.172455,0.023657,NEUTRAL,False
MCO,2025-08-18,8.2,BULLISH,NEUTRAL,NO_DATA,BULLISH,ESS_BULLISH_ANALYST_MIXED,False,0.005008,-0.074977,0.023657,NEUTRAL,False
MCRI,2025-08-18,8.1,BULLISH,BULLISH,NEUTRAL,NEUTRAL,ESS_BULLISH_ANALYST_MIXED,False,0.007133,-0.060506,0.023657,NEUTRAL,False
MCY,2025-08-18,9.9,BULLISH,BULLISH,NO_DATA,BULLISH,ESS_BULLISH_ANALYST_FULL_AGREE,False,0.065716,0.094808,0.023657,WINNER,True
MD,2025-08-18,9.5,BULLISH,BULLISH,BULLISH,BULLISH,ESS_BULLISH_ANALYST_FULL_AGREE,False,0.01125,0.028125,0.023657,NEUTRAL,False
MDXG,2025-08-18,9.9,BULLISH,NEUTRAL,NO_DATA,BULLISH,ESS_BULLISH_ANALYST_MIXED,False,-0.034771,-0.069541,0.023657,LOSER,False
MEC,2025-08-18,8.5,BULLISH,NEUTRAL,NO_DATA,NEUTRAL,ESS_BULLISH_ANALYST_SKEPTICAL,False,-0.007709,-0.11843,0.023657,LOSER,False
MED,2025-08-18,9.0,BULLISH,NEUTRAL,BEARISH,NEUTRAL,ESS_BULLISH_ANALYST_SKEPTICAL,True,0.056054,-0.03438,0.023657,WINNER,True
MEDP,2025-08-18,8.7,BULLISH,BULLISH,NEUTRAL,BULLISH,ESS_BULLISH_ANALYST_MIXED,False,0.075436,0.140762,0.023657,WINNER,True
MEOH,2025-08-18,7.3,BULLISH,NEUTRAL,NO_DATA,NEUTRAL,ESS_BULLISH_ANALYST_SKEPTICAL,False,0.158755,0.00526,0.023657,WINNER,True
META,2025-08-18,7.5,BULLISH,BULLISH,NEUTRAL,NEUTRAL,ESS_BULLISH_ANALYST_MIXED,False,0.010881,-0.065113,0.023657,NEUTRAL,False
MFC,2025-08-18,7.2,BULLISH,NEUTRAL,NO_DATA,NEUTRAL,ESS_BULLISH_ANALYST_SKEPTICAL,False,0.012728,0.032637,0.023657,NEUTRAL,False
MFG,2025-08-18,8.9,BULLISH,BULLISH,NO_DATA,NEUTRAL,ESS_BULLISH_ANALYST_MIXED,False,-0.009063,-0.058912,0.023657,LOSER,False
MFIN,2025-08-18,9.5,BULLISH,NEUTRAL,NO_DATA,NEUTRAL,ESS_BULLISH_ANALYST_SKEPTICAL,False,0.008789,-0.038086,0.023657,NEUTRAL,False
MG,2025-08-18,9.6,BULLISH,NEUTRAL,NEUTRAL,BULLISH,ESS_BULLISH_ANALYST_MIXED,False,0.02954,0.039387,0.023657,NEUTRAL,False
MGA,2025-08-18,7.2,BULLISH,NEUTRAL,NEUTRAL,NEUTRAL,ESS_BULLISH_ANALYST_SKEPTICAL,False,0.062259,0.017269,0.023657,WINNER,True
MGIC,2025-08-18,9.6,BULLISH,NEUTRAL,BULLISH,NEUTRAL,ESS_BULLISH_ANALYST_MIXED,False,,,0.023657,NO_DATA,
MGPI,2025-08-18,9.2,BULLISH,NEUTRAL,BEARISH,NEUTRAL,ESS_BULLISH_ANALYST_SKEPTICAL,True,-0.05062,-0.154614,0.023657,LOSER,False
MGRC,2025-08-18,7.8,BULLISH,NEUTRAL,NEUTRAL,NEUTRAL,ESS_BULLISH_ANALYST_SKEPTICAL,False,0.004943,-0.015967,0.023657,NEUTRAL,False
MHK,2025-08-18,7.2,BULLISH,NEUTRAL,BULLISH,NEUTRAL,ESS_BULLISH_ANALYST_MIXED,False,0.032969,0.002125,0.023657,NEUTRAL,False
MHO,2025-08-18,7.4,BULLISH,BEARISH,BULLISH,NEUTRAL,ESS_BULLISH_ANALYST_MIXED,True,0.071358,-0.029474,0.023657,WINNER,True
MKL,2025-08-18,9.4,BULLISH,NEUTRAL,NO_DATA,NEUTRAL,ESS_BULLISH_ANALYST_SKEPTICAL,False,0.002851,-0.015793,0.023657,LOSER,False
MKSI,2025-08-18,7.7,BULLISH,BULLISH,BULLISH,NEUTRAL,ESS_BULLISH_ANALYST_MIXED,False,0.183879,0.353175,0.023657,WINNER,True
MLCO,2025-08-18,7.8,BULLISH,NEUTRAL,NO_DATA,NEUTRAL,ESS_BULLISH_ANALYST_SKEPTICAL,False,0.104773,-0.082654,0.023657,WINNER,True
MLI,2025-08-18,7.9,BULLISH,NO_DATA,BULLISH,NEUTRAL,ESS_BULLISH_ANALYST_MIXED,False,0.075423,0.073354,0.023657,WINNER,True
MNST,2025-08-18,9.8,BULLISH,NEUTRAL,BULLISH,BULLISH,ESS_BULLISH_ANALYST_MIXED,False,0.03743,0.095134,0.023657,NEUTRAL,False
MO,2025-08-18,9.3,BULLISH,NEUTRAL,BEARISH,NEUTRAL,ESS_BULLISH_ANALYST_SKEPTICAL,True,0.00877,0.001686,0.023657,NEUTRAL,False
MOH,2025-08-18,8.8,BULLISH,BEARISH,BULLISH,NEUTRAL,ESS_BULLISH_ANALYST_MIXED,True,0.042388,0.139107,0.023657,NEUTRAL,False
MPAA,2025-08-18,7.7,BULLISH,BEARISH,NEUTRAL,NEUTRAL,ESS_BULLISH_ANALYST_SKEPTICAL,True,0.162791,0.12718,0.023657,WINNER,True
MPC,2025-08-18,7.1,BULLISH,NEUTRAL,BEARISH,NEUTRAL,ESS_BULLISH_ANALYST_SKEPTICAL,True,0.141625,0.140326,0.023657,WINNER,True
MPWR,2025-08-18,8.6,BULLISH,NEUTRAL,NEUTRAL,NEUTRAL,ESS_BULLISH_ANALYST_SKEPTICAL,False,0.032165,0.183593,0.023657,NEUTRAL,False
MRK,2025-08-18,9.6,BULLISH,NEUTRAL,BULLISH,NEUTRAL,ESS_BULLISH_ANALYST_MIXED,False,-0.027054,0.016713,0.023657,LOSER,False
MRSN,2025-08-18,7.8,BULLISH,NEUTRAL,NEUTRAL,NEUTRAL,ESS_BULLISH_ANALYST_SKEPTICAL,False,,,0.023657,NO_DATA,
MRVI,2025-08-18,9.0,BULLISH,NEUTRAL,NO_DATA,NO_DATA,ESS_BULLISH_ANALYST_SKEPTICAL,False,0.093385,0.284047,0.023657,WINNER,True
MSFT,2025-08-18,8.4,BULLISH,NEUTRAL,NEUTRAL,NEUTRAL,ESS_BULLISH_ANALYST_SKEPTICAL,False,-0.01207,-0.005174,0.023657,LOSER,False
MSI,2025-08-18,7.5,BULLISH,NEUTRAL,NEUTRAL,BULLISH,ESS_BULLISH_ANALYST_MIXED,False,0.038496,-0.032895,0.023657,NEUTRAL,False
MSM,2025-08-18,7.7,BULLISH,BULLISH,BULLISH,NEUTRAL,ESS_BULLISH_ANALYST_MIXED,False,0.048374,-0.012984,0.023657,WINNER,True
MTD,2025-08-18,9.5,BULLISH,NEUTRAL,NEUTRAL,NEUTRAL,ESS_BULLISH_ANALYST_SKEPTICAL,False,-0.02849,0.028948,0.023657,LOSER,False
MTDR,2025-08-18,8.4,BULLISH,NEUTRAL,NEUTRAL,NEUTRAL,ESS_BULLISH_ANALYST_SKEPTICAL,False,0.013442,-0.082356,0.023657,NEUTRAL,False
MTG,2025-08-18,9.1,BULLISH,NEUTRAL,NO_DATA,NEUTRAL,ESS_BULLISH_ANALYST_SKEPTICAL,False,0.027146,-0.012472,0.023657,NEUTRAL,False
MTRX,2025-08-18,8.1,BULLISH,NEUTRAL,NEUTRAL,BULLISH,ESS_BULLISH_ANALYST_MIXED,False,-0.142375,-0.137652,0.023657,LOSER,False
MU,2025-08-18,7.6,BULLISH,NEUTRAL,BULLISH,NEUTRAL,ESS_BULLISH_ANALYST_MIXED,False,0.294941,0.639067,0.023657,WINNER,True
MWA,2025-08-18,8.8,BULLISH,NEUTRAL,NEUTRAL,BULLISH,ESS_BULLISH_ANALYST_MIXED,False,-0.034338,-0.036627,0.023657,LOSER,False
MYE,2025-08-18,9.4,BULLISH,NEUTRAL,BULLISH,BULLISH,ESS_BULLISH_ANALYST_MIXED,False,0.000224,0.013934,0.023657,LOSER,False
MYRG,2025-08-18,8.6,BULLISH,NEUTRAL,BULLISH,NEUTRAL,ESS_BULLISH_ANALYST_MIXED,False,-0.034943,0.133995,0.023657,LOSER,False
NABL,2025-08-18,9.2,BULLISH,NEUTRAL,NO_DATA,NO_DATA,ESS_BULLISH_ANALYST_SKEPTICAL,False,0.031726,-0.035533,0.023657,NEUTRAL,False
NAGE,2025-08-18,8.1,BULLISH,NEUTRAL,NEUTRAL,NO_DATA,ESS_BULLISH_ANALYST_SKEPTICAL,False,-0.048419,-0.275692,0.023657,LOSER,False
NAT,2025-08-18,8.2,BULLISH,NEUTRAL,BEARISH,NEUTRAL,ESS_BULLISH_ANALYST_SKEPTICAL,True,0.145329,0.204152,0.023657,WINNER,True
NATH,2025-08-18,8.6,BULLISH,NO_DATA,NEUTRAL,NEUTRAL,ESS_BULLISH_ANALYST_SKEPTICAL,False,0.0239,0.044143,0.023657,NEUTRAL,False
NATL,2025-08-18,9.9,BULLISH,BULLISH,NO_DATA,NO_DATA,ESS_BULLISH_ANALYST_FULL_AGREE,False,0.009509,-0.048317,0.023657,NEUTRAL,False
NATR,2025-08-18,9.1,BULLISH,NO_DATA,NEUTRAL,NEUTRAL,ESS_BULLISH_ANALYST_SKEPTICAL,False,0.001214,-0.139041,0.023657,LOSER,False
NEM,2025-08-18,8.3,BULLISH,BULLISH,NEUTRAL,NEUTRAL,ESS_BULLISH_ANALYST_MIXED,False,0.144228,0.319882,0.023657,WINNER,True
NEU,2025-08-18,9.9,BULLISH,NO_DATA,BULLISH,BULLISH,ESS_BULLISH_ANALYST_FULL_AGREE,False,0.079858,0.004087,0.023657,WINNER,True
NEWT,2025-08-18,8.7,BULLISH,NEUTRAL,NO_DATA,NEUTRAL,ESS_BULLISH_ANALYST_SKEPTICAL,False,-0.000831,-0.114326,0.023657,LOSER,False
NFG,2025-08-18,8.1,BULLISH,BULLISH,NEUTRAL,NEUTRAL,ESS_BULLISH_ANALYST_MIXED,False,0.029257,0.008728,0.023657,NEUTRAL,False
NGS,2025-08-18,7.6,BULLISH,NEUTRAL,BEARISH,NEUTRAL,ESS_BULLISH_ANALYST_SKEPTICAL,True,0.06141,0.024168,0.023657,WINNER,True
NHC,2025-08-18,8.0,BULLISH,NO_DATA,BULLISH,NEUTRAL,ESS_BULLISH_ANALYST_MIXED,False,0.06997,0.137627,0.023657,WINNER,True
NICE,2025-08-18,7.3,BULLISH,NEUTRAL,NO_DATA,NEUTRAL,ESS_BULLISH_ANALYST_SKEPTICAL,False,0.087303,-0.05114,0.023657,WINNER,True
NJR,2025-08-18,7.6,BULLISH,NEUTRAL,BEARISH,NEUTRAL,ESS_BULLISH_ANALYST_SKEPTICAL,True,0.003676,0.020275,0.023657,NEUTRAL,False
NKTR,2025-08-18,7.7,BULLISH,NEUTRAL,BULLISH,NEUTRAL,ESS_BULLISH_ANALYST_MIXED,False,0.86183,1.106088,0.023657,WINNER,True
NLY,2025-08-18,9.4,BULLISH,BULLISH,NO_DATA,NEUTRAL,ESS_BULLISH_ANALYST_MIXED,False,0.060533,0.042135,0.023657,WINNER,True
NMIH,2025-08-18,8.0,BULLISH,NEUTRAL,NO_DATA,NEUTRAL,ESS_BULLISH_ANALYST_SKEPTICAL,False,-0.001034,-0.074993,0.023657,LOSER,False
NOMD,2025-08-18,7.7,BULLISH,NEUTRAL,BULLISH,NEUTRAL,ESS_BULLISH_ANALYST_MIXED,False,,,0.023657,NO_DATA,
NRIM,2025-08-18,8.7,BULLISH,NEUTRAL,NO_DATA,NEUTRAL,ESS_BULLISH_ANALYST_SKEPTICAL,False,0.020934,-0.081752,0.023657,NEUTRAL,False
NSSC,2025-08-18,9.5,BULLISH,NEUTRAL,BULLISH,NEUTRAL,ESS_BULLISH_ANALYST_MIXED,False,0.388044,0.419799,0.023657,WINNER,True
NTB,2025-08-18,8.7,BULLISH,NEUTRAL,NO_DATA,NEUTRAL,ESS_BULLISH_ANALYST_SKEPTICAL,False,0.012206,-0.062387,0.023657,NEUTRAL,False
NTES,2025-08-18,9.9,BULLISH,BULLISH,NO_DATA,NEUTRAL,ESS_BULLISH_ANALYST_MIXED,False,0.228053,0.142272,0.023657,WINNER,True
NTGR,2025-08-18,7.3,BULLISH,NEUTRAL,NO_DATA,NEUTRAL,ESS_BULLISH_ANALYST_SKEPTICAL,False,0.161932,0.315747,0.023657,WINNER,True
NTRS,2025-08-18,7.4,BULLISH,BULLISH,NO_DATA,NEUTRAL,ESS_BULLISH_ANALYST_MIXED,False,0.025303,-0.011445,0.023657,NEUTRAL,False
NUS,2025-08-18,7.9,BULLISH,NEUTRAL,NEUTRAL,NEUTRAL,ESS_BULLISH_ANALYST_SKEPTICAL,False,0.021414,-0.07935,0.023657,NEUTRAL,False
NVAX,2025-08-18,7.9,BULLISH,NEUTRAL,BEARISH,NEUTRAL,ESS_BULLISH_ANALYST_SKEPTICAL,True,-0.135942,-0.165808,0.023657,LOSER,False
NVGS,2025-08-18,8.2,BULLISH,NEUTRAL,BEARISH,NEUTRAL,ESS_BULLISH_ANALYST_SKEPTICAL,True,0.07145,-0.047387,0.023657,WINNER,True
NVO,2025-08-18,9.0,BULLISH,NEUTRAL,NEUTRAL,NEUTRAL,ESS_BULLISH_ANALYST_SKEPTICAL,False,0.082791,0.011535,0.023657,WINNER,True
NVS,2025-08-18,9.2,BULLISH,NEUTRAL,NO_DATA,NEUTRAL,ESS_BULLISH_ANALYST_SKEPTICAL,False,-0.012418,0.059834,0.023657,LOSER,False
NVST,2025-08-18,7.5,BULLISH,BULLISH,NO_DATA,NEUTRAL,ESS_BULLISH_ANALYST_MIXED,False,0.010111,-0.038999,0.023657,NEUTRAL,False
NWBI,2025-08-18,8.3,BULLISH,NEUTRAL,NO_DATA,NEUTRAL,ESS_BULLISH_ANALYST_SKEPTICAL,False,0.031773,0.011706,0.023657,NEUTRAL,False
NWN,2025-08-18,7.8,BULLISH,NEUTRAL,NO_DATA,NEUTRAL,ESS_BULLISH_ANALYST_SKEPTICAL,False,0.051647,0.146956,0.023657,WINNER,True
NWPX,2025-08-18,9.9,BULLISH,NEUTRAL,NO_DATA,BULLISH,ESS_BULLISH_ANALYST_MIXED,False,0.012703,0.01368,0.023657,NEUTRAL,False
NXST,2025-08-18,7.8,BULLISH,NEUTRAL,BULLISH,NEUTRAL,ESS_BULLISH_ANALYST_MIXED,False,-0.002229,-0.07869,0.023657,LOSER,False
NXT,2025-08-18,8.2,BULLISH,NEUTRAL,NO_DATA,NO_DATA,ESS_BULLISH_ANALYST_SKEPTICAL,False,0.014919,0.285968,0.023657,NEUTRAL,False
NYT,2025-08-18,8.6,BULLISH,BULLISH,BEARISH,BULLISH,ESS_BULLISH_ANALYST_MIXED,True,-0.013495,-0.049015,0.023657,LOSER,False
OC,2025-08-18,8.5,BULLISH,NEUTRAL,BULLISH,NEUTRAL,ESS_BULLISH_ANALYST_MIXED,False,-0.025225,-0.152753,0.023657,LOSER,False
OCFC,2025-08-18,7.5,BULLISH,NEUTRAL,NO_DATA,NEUTRAL,ESS_BULLISH_ANALYST_SKEPTICAL,False,0.041375,0.030886,0.023657,NEUTRAL,False
ODP,2025-08-18,7.3,BULLISH,NEUTRAL,NEUTRAL,NEUTRAL,ESS_BULLISH_ANALYST_SKEPTICAL,False,,,0.023657,NO_DATA,
OFG,2025-08-18,8.8,BULLISH,NO_DATA,NO_DATA,NEUTRAL,ESS_BULLISH_ANALYST_SKEPTICAL,False,0.015102,-0.034063,0.023657,NEUTRAL,False
OFIX,2025-08-18,8.4,BULLISH,NEUTRAL,BEARISH,NEUTRAL,ESS_BULLISH_ANALYST_SKEPTICAL,True,0.029635,0.037905,0.023657,NEUTRAL,False
OGE,2025-08-18,7.1,BULLISH,NEUTRAL,NEUTRAL,NEUTRAL,ESS_BULLISH_ANALYST_SKEPTICAL,False,-0.010321,0.053049,0.023657,LOSER,False
OGN,2025-08-18,8.9,BULLISH,NEUTRAL,BEARISH,NO_DATA,ESS_BULLISH_ANALYST_MAJORITY_BEARISH,True,0.126078,0.0,0.023657,WINNER,True
OGS,2025-08-18,7.6,BULLISH,NEUTRAL,BEARISH,NEUTRAL,ESS_BULLISH_ANALYST_SKEPTICAL,True,0.017025,0.109039,0.023657,NEUTRAL,False
OI,2025-08-18,7.9,BULLISH,BULLISH,NO_DATA,NEUTRAL,ESS_BULLISH_ANALYST_MIXED,False,-0.031514,-0.060723,0.023657,LOSER,False
OLN,2025-08-18,8.0,BULLISH,NEUTRAL,NEUTRAL,NEUTRAL,ESS_BULLISH_ANALYST_SKEPTICAL,False,0.191624,0.109623,0.023657,WINNER,True
OMCL,2025-08-18,8.7,BULLISH,BULLISH,BEARISH,NO_DATA,ESS_BULLISH_ANALYST_MAJORITY_BEARISH,True,-0.013603,-0.054097,0.023657,LOSER,False
OPCH,2025-08-18,8.7,BULLISH,NEUTRAL,BEARISH,NEUTRAL,ESS_BULLISH_ANALYST_SKEPTICAL,True,-0.005676,-0.014899,0.023657,LOSER,False
ORI,2025-08-18,9.6,BULLISH,NEUTRAL,BULLISH,NEUTRAL,ESS_BULLISH_ANALYST_MIXED,False,0.049997,0.098446,0.023657,WINNER,True
ORLY,2025-08-18,8.4,BULLISH,NEUTRAL,BULLISH,NO_DATA,ESS_BULLISH_ANALYST_MIXED,False,0.031167,0.002071,0.023657,NEUTRAL,False
ORN,2025-08-18,9.0,BULLISH,BULLISH,BEARISH,NEUTRAL,ESS_BULLISH_ANALYST_MIXED,True,0.171131,0.229167,0.023657,WINNER,True
OSBC,2025-08-18,8.7,BULLISH,NEUTRAL,NO_DATA,NEUTRAL,ESS_BULLISH_ANALYST_SKEPTICAL,False,0.017036,-0.030664,0.023657,NEUTRAL,False
OSIS,2025-08-18,7.6,BULLISH,NEUTRAL,BULLISH,NEUTRAL,ESS_BULLISH_ANALYST_MIXED,False,0.027117,0.057348,0.023657,NEUTRAL,False
OSK,2025-08-18,7.6,BULLISH,NEUTRAL,NEUTRAL,NEUTRAL,ESS_BULLISH_ANALYST_SKEPTICAL,False,-0.042355,-0.05645,0.023657,LOSER,False
OSPN,2025-08-18,8.7,BULLISH,NEUTRAL,NO_DATA,NEUTRAL,ESS_BULLISH_ANALYST_SKEPTICAL,False,0.137608,0.083573,0.023657,WINNER,True
OTTR,2025-08-18,7.2,BULLISH,NO_DATA,BULLISH,NEUTRAL,ESS_BULLISH_ANALYST_MIXED,False,-0.000966,-0.0669,0.023657,LOSER,False
OZK,2025-08-18,9.2,BULLISH,NEUTRAL,NO_DATA,NO_DATA,ESS_BULLISH_ANALYST_SKEPTICAL,False,0.048215,-0.06445,0.023657,WINNER,True
PAAS,2025-08-18,8.9,BULLISH,BULLISH,NO_DATA,NEUTRAL,ESS_BULLISH_ANALYST_MIXED,False,0.115178,0.213001,0.023657,WINNER,True
PAG,2025-08-18,8.1,BULLISH,NEUTRAL,BULLISH,NEUTRAL,ESS_BULLISH_ANALYST_MIXED,False,-0.015012,-0.060658,0.023657,LOSER,False
PAGS,2025-08-18,9.6,BULLISH,BULLISH,NO_DATA,NO_DATA,ESS_BULLISH_ANALYST_FULL_AGREE,False,0.174393,-0.032009,0.023657,WINNER,True
PAHC,2025-08-18,7.2,BULLISH,BULLISH,NEUTRAL,NEUTRAL,ESS_BULLISH_ANALYST_MIXED,False,0.238612,0.275211,0.023657,WINNER,True
PAM,2025-08-18,8.0,BULLISH,BEARISH,NO_DATA,NEUTRAL,ESS_BULLISH_ANALYST_MAJORITY_BEARISH,True,-0.199093,-0.15202,0.023657,LOSER,False
PAYS,2025-08-18,7.5,BULLISH,NEUTRAL,NO_DATA,NEUTRAL,ESS_BULLISH_ANALYST_SKEPTICAL,False,0.061224,0.003711,0.023657,WINNER,True
PBI,2025-08-18,7.5,BULLISH,NEUTRAL,NO_DATA,NEUTRAL,ESS_BULLISH_ANALYST_SKEPTICAL,False,0.019802,0.014401,0.023657,NEUTRAL,False
PBYI,2025-08-18,9.4,BULLISH,NEUTRAL,NEUTRAL,NEUTRAL,ESS_BULLISH_ANALYST_SKEPTICAL,False,-0.133733,0.091816,0.023657,LOSER,False
PCG,2025-08-18,7.5,BULLISH,BEARISH,NEUTRAL,NEUTRAL,ESS_BULLISH_ANALYST_SKEPTICAL,True,-0.000662,0.089225,0.023657,LOSER,False
PDD,2025-08-18,8.0,BULLISH,NEUTRAL,NO_DATA,NEUTRAL,ESS_BULLISH_ANALYST_SKEPTICAL,False,,,0.023657,NO_DATA,
PDEX,2025-08-18,8.6,BULLISH,NEUTRAL,NO_DATA,NEUTRAL,ESS_BULLISH_ANALYST_SKEPTICAL,False,,,0.023657,NO_DATA,
PDLB,2025-08-18,7.8,BULLISH,BULLISH,NO_DATA,NEUTRAL,ESS_BULLISH_ANALYST_MIXED,False,0.018634,-0.018634,0.023657,NEUTRAL,False
PDS,2025-08-18,8.5,BULLISH,NEUTRAL,BEARISH,NO_DATA,ESS_BULLISH_ANALYST_MAJORITY_BEARISH,True,0.06489,-0.003676,0.023657,WINNER,True
PFBC,2025-08-18,9.3,BULLISH,NEUTRAL,NO_DATA,NO_DATA,ESS_BULLISH_ANALYST_SKEPTICAL,False,0.004782,-0.065163,0.023657,NEUTRAL,False
PFE,2025-08-18,9.1,BULLISH,NEUTRAL,NEUTRAL,NEUTRAL,ESS_BULLISH_ANALYST_SKEPTICAL,False,-0.040686,-0.022337,0.023657,LOSER,False
PFS,2025-08-18,9.4,BULLISH,BULLISH,NO_DATA,NEUTRAL,ESS_BULLISH_ANALYST_MIXED,False,0.056775,-0.02196,0.023657,WINNER,True
PGNY,2025-08-18,9.4,BULLISH,NEUTRAL,NO_DATA,NO_DATA,ESS_BULLISH_ANALYST_SKEPTICAL,False,-0.090412,-0.186712,0.023657,LOSER,False
PGR,2025-08-18,7.8,BULLISH,BULLISH,NO_DATA,NEUTRAL,ESS_BULLISH_ANALYST_MIXED,False,-0.014084,-0.086561,0.023657,LOSER,False
PH,2025-08-18,7.6,BULLISH,NEUTRAL,BULLISH,NO_DATA,ESS_BULLISH_ANALYST_MIXED,False,0.005508,-0.001178,0.023657,NEUTRAL,False
PHI,2025-08-18,9.2,BULLISH,BEARISH,NO_DATA,NEUTRAL,ESS_BULLISH_ANALYST_MAJORITY_BEARISH,True,,,0.023657,NO_DATA,
PHIN,2025-08-18,8.8,BULLISH,BULLISH,NO_DATA,NO_DATA,ESS_BULLISH_ANALYST_FULL_AGREE,False,0.068177,-0.031337,0.023657,WINNER,True
PINC,2025-08-18,8.1,BULLISH,NEUTRAL,NO_DATA,BULLISH,ESS_BULLISH_ANALYST_MIXED,False,,,0.023657,NO_DATA,
PIPR,2025-08-18,7.5,BULLISH,BULLISH,NO_DATA,NEUTRAL,ESS_BULLISH_ANALYST_MIXED,False,0.090253,0.010749,0.023657,WINNER,True
PKOH,2025-08-18,8.1,BULLISH,NO_DATA,NEUTRAL,NEUTRAL,ESS_BULLISH_ANALYST_SKEPTICAL,False,0.110827,0.032176,0.023657,WINNER,True
PLMR,2025-08-18,8.0,BULLISH,NEUTRAL,NO_DATA,NEUTRAL,ESS_BULLISH_ANALYST_SKEPTICAL,False,-0.045466,-0.050278,0.023657,LOSER,False
PLPC,2025-08-18,9.1,BULLISH,NO_DATA,BULLISH,NEUTRAL,ESS_BULLISH_ANALYST_MIXED,False,0.112096,0.250721,0.023657,WINNER,True
PLTR,2025-08-18,9.6,BULLISH,NEUTRAL,NO_DATA,NO_DATA,ESS_BULLISH_ANALYST_SKEPTICAL,False,-0.032753,0.023674,0.023657,LOSER,False
PLUS,2025-08-18,7.2,BULLISH,BEARISH,BULLISH,NEUTRAL,ESS_BULLISH_ANALYST_MIXED,True,0.04135,-0.005864,0.023657,NEUTRAL,False
PLXS,2025-08-18,8.1,BULLISH,NEUTRAL,BULLISH,NEUTRAL,ESS_BULLISH_ANALYST_MIXED,False,0.053731,0.131926,0.023657,WINNER,True
PLYM,2025-08-18,8.3,BULLISH,NEUTRAL,NO_DATA,NEUTRAL,ESS_BULLISH_ANALYST_SKEPTICAL,False,,,0.023657,NO_DATA,
PNRG,2025-08-18,7.3,BULLISH,NO_DATA,NEUTRAL,NEUTRAL,ESS_BULLISH_ANALYST_SKEPTICAL,False,0.171923,0.05822,0.023657,WINNER,True
POR,2025-08-18,7.3,BULLISH,BEARISH,NEUTRAL,NEUTRAL,ESS_BULLISH_ANALYST_SKEPTICAL,True,0.008824,0.076597,0.023657,NEUTRAL,False
POST,2025-08-18,8.2,BULLISH,BULLISH,BULLISH,NEUTRAL,ESS_BULLISH_ANALYST_MIXED,False,-0.046171,-0.018913,0.023657,LOSER,False
POWL,2025-08-18,7.5,BULLISH,NEUTRAL,NEUTRAL,NEUTRAL,ESS_BULLISH_ANALYST_SKEPTICAL,False,0.122897,0.274726,0.023657,WINNER,True
PRDO,2025-08-18,8.1,BULLISH,NEUTRAL,BEARISH,BULLISH,ESS_BULLISH_ANALYST_MIXED,True,0.113353,0.106733,0.023657,WINNER,True
PRG,2025-08-18,9.3,BULLISH,NEUTRAL,NO_DATA,NO_DATA,ESS_BULLISH_ANALYST_SKEPTICAL,False,0.065041,-0.054502,0.023657,WINNER,True
PRGO,2025-08-18,7.1,BULLISH,NEUTRAL,NEUTRAL,NEUTRAL,ESS_BULLISH_ANALYST_SKEPTICAL,False,-0.071164,-0.049625,0.023657,LOSER,False
PRGS,2025-08-18,8.2,BULLISH,NEUTRAL,NEUTRAL,NEUTRAL,ESS_BULLISH_ANALYST_SKEPTICAL,False,-0.080114,-0.00878,0.023657,LOSER,False
PRI,2025-08-18,7.5,BULLISH,NEUTRAL,NO_DATA,NEUTRAL,ESS_BULLISH_ANALYST_SKEPTICAL,False,0.03669,0.010404,0.023657,NEUTRAL,False
PRIM,2025-08-18,10.0,BULLISH,BULLISH,NEUTRAL,BULLISH,ESS_BULLISH_ANALYST_MIXED,False,0.082114,0.213632,0.023657,WINNER,True
PRK,2025-08-18,7.3,BULLISH,BULLISH,NO_DATA,NEUTRAL,ESS_BULLISH_ANALYST_MIXED,False,-0.004747,-0.068141,0.023657,LOSER,False
PRKS,2025-08-18,8.7,BULLISH,BEARISH,BULLISH,NO_DATA,ESS_BULLISH_ANALYST_MAJORITY_BEARISH,True,-0.004526,0.027942,0.023657,LOSER,False
PRTH,2025-08-18,7.3,BULLISH,NEUTRAL,NO_DATA,NEUTRAL,ESS_BULLISH_ANALYST_SKEPTICAL,False,-0.089664,-0.14944,0.023657,LOSER,False
PSMT,2025-08-18,7.9,BULLISH,NEUTRAL,BULLISH,NEUTRAL,ESS_BULLISH_ANALYST_MIXED,False,0.040445,0.085613,0.023657,NEUTRAL,False
PSTG,2025-08-18,7.4,BULLISH,NEUTRAL,BEARISH,BULLISH,ESS_BULLISH_ANALYST_MIXED,True,,,0.023657,NO_DATA,
PSTL,2025-08-18,9.2,BULLISH,BULLISH,NO_DATA,NEUTRAL,ESS_BULLISH_ANALYST_MIXED,False,0.074983,0.025903,0.023657,WINNER,True
PTCT,2025-08-18,9.1,BULLISH,NEUTRAL,BEARISH,NEUTRAL,ESS_BULLISH_ANALYST_SKEPTICAL,True,0.217872,0.324297,0.023657,WINNER,True
PVH,2025-08-18,8.1,BULLISH,NEUTRAL,BULLISH,NEUTRAL,ESS_BULLISH_ANALYST_MIXED,False,0.103059,0.073927,0.023657,WINNER,True
PYPL,2025-08-18,7.8,BULLISH,NEUTRAL,BULLISH,NEUTRAL,ESS_BULLISH_ANALYST_MIXED,False,-0.013088,-0.03049,0.023657,LOSER,False
QGEN,2025-08-18,8.6,BULLISH,NEUTRAL,NEUTRAL,NEUTRAL,ESS_BULLISH_ANALYST_SKEPTICAL,False,-0.066393,-0.007811,0.023657,LOSER,False
QRVO,2025-08-18,8.6,BULLISH,NEUTRAL,NEUTRAL,NEUTRAL,ESS_BULLISH_ANALYST_SKEPTICAL,False,-0.017703,0.032269,0.023657,LOSER,False
QSR,2025-08-18,7.3,BULLISH,NEUTRAL,NO_DATA,NEUTRAL,ESS_BULLISH_ANALYST_SKEPTICAL,False,-0.029617,0.033295,0.023657,LOSER,False
QUAD,2025-08-18,7.8,BULLISH,BULLISH,NEUTRAL,NEUTRAL,ESS_BULLISH_ANALYST_MIXED,False,0.0937,-0.082391,0.023657,WINNER,True
RACE,2025-08-18,9.2,BULLISH,BULLISH,BULLISH,NEUTRAL,ESS_BULLISH_ANALYST_MIXED,False,0.014811,-0.138373,0.023657,NEUTRAL,False
RBC,2025-08-18,7.2,BULLISH,BULLISH,BULLISH,NEUTRAL,ESS_BULLISH_ANALYST_MIXED,False,-0.047978,-0.065375,0.023657,LOSER,False
RBCAA,2025-08-18,9.5,BULLISH,NEUTRAL,NO_DATA,NEUTRAL,ESS_BULLISH_ANALYST_SKEPTICAL,False,,,0.023657,NO_DATA,
RCI,2025-08-18,9.6,BULLISH,NEUTRAL,NEUTRAL,NEUTRAL,ESS_BULLISH_ANALYST_SKEPTICAL,False,0.026849,0.069933,0.023657,NEUTRAL,False
RDN,2025-08-18,8.1,BULLISH,NEUTRAL,NO_DATA,NEUTRAL,ESS_BULLISH_ANALYST_SKEPTICAL,False,0.017493,-0.030554,0.023657,NEUTRAL,False
REGN,2025-08-18,7.1,BULLISH,NEUTRAL,NEUTRAL,NEUTRAL,ESS_BULLISH_ANALYST_SKEPTICAL,False,0.020195,0.007214,0.023657,NEUTRAL,False
REVG,2025-08-18,9.9,BULLISH,BULLISH,BULLISH,BULLISH,ESS_BULLISH_ANALYST_FULL_AGREE,False,,,0.023657,NO_DATA,
REYN,2025-08-18,8.4,BULLISH,NEUTRAL,NO_DATA,NEUTRAL,ESS_BULLISH_ANALYST_SKEPTICAL,False,0.01819,0.048358,0.023657,NEUTRAL,False
REZI,2025-08-18,7.8,BULLISH,NEUTRAL,NO_DATA,NEUTRAL,ESS_BULLISH_ANALYST_SKEPTICAL,False,0.246618,0.279333,0.023657,WINNER,True
RF,2025-08-18,7.7,BULLISH,NEUTRAL,NO_DATA,NEUTRAL,ESS_BULLISH_ANALYST_SKEPTICAL,False,0.058509,-0.073166,0.023657,WINNER,True
RGCO,2025-08-18,7.8,BULLISH,NEUTRAL,BEARISH,NEUTRAL,ESS_BULLISH_ANALYST_SKEPTICAL,True,0.058095,0.03095,0.023657,WINNER,True
RGLD,2025-08-18,8.3,BULLISH,BULLISH,NEUTRAL,NEUTRAL,ESS_BULLISH_ANALYST_MIXED,False,0.096473,0.132026,0.023657,WINNER,True
RGP,2025-08-18,7.5,BULLISH,NEUTRAL,BULLISH,NEUTRAL,ESS_BULLISH_ANALYST_MIXED,False,0.127204,-0.071338,0.023657,WINNER,True
RIG,2025-08-18,7.3,BULLISH,NEUTRAL,NEUTRAL,NEUTRAL,ESS_BULLISH_ANALYST_SKEPTICAL,False,0.152542,0.105085,0.023657,WINNER,True
RIGL,2025-08-18,9.5,BULLISH,BULLISH,NEUTRAL,NEUTRAL,ESS_BULLISH_ANALYST_MIXED,False,-0.145994,-0.30272,0.023657,LOSER,False
RIO,2025-08-18,8.9,BULLISH,NEUTRAL,NO_DATA,NEUTRAL,ESS_BULLISH_ANALYST_SKEPTICAL,False,0.043572,0.126905,0.023657,NEUTRAL,False
RITM,2025-08-18,8.6,BULLISH,NEUTRAL,NO_DATA,NO_DATA,ESS_BULLISH_ANALYST_SKEPTICAL,False,0.017974,-0.09534,0.023657,NEUTRAL,False
RJF,2025-08-18,9.3,BULLISH,NEUTRAL,NO_DATA,NEUTRAL,ESS_BULLISH_ANALYST_SKEPTICAL,False,0.034741,-0.014607,0.023657,NEUTRAL,False
RLGT,2025-08-18,9.5,BULLISH,NO_DATA,NEUTRAL,NEUTRAL,ESS_BULLISH_ANALYST_SKEPTICAL,False,-0.013223,-0.009917,0.023657,LOSER,False
RM,2025-08-18,7.5,BULLISH,NEUTRAL,NO_DATA,NEUTRAL,ESS_BULLISH_ANALYST_SKEPTICAL,False,,,0.023657,NO_DATA,
RMBS,2025-08-18,9.9,BULLISH,NEUTRAL,BULLISH,BULLISH,ESS_BULLISH_ANALYST_MIXED,False,0.287053,0.270424,0.023657,WINNER,True
RMD,2025-08-18,9.1,BULLISH,NEUTRAL,BULLISH,BULLISH,ESS_BULLISH_ANALYST_MIXED,False,-0.050364,-0.063016,0.023657,LOSER,False
RNG,2025-08-18,8.0,BULLISH,NEUTRAL,NEUTRAL,BULLISH,ESS_BULLISH_ANALYST_MIXED,False,0.042645,-0.117025,0.023657,NEUTRAL,False
RNGR,2025-08-18,8.6,BULLISH,NEUTRAL,NEUTRAL,NEUTRAL,ESS_BULLISH_ANALYST_SKEPTICAL,False,0.105551,-0.030493,0.023657,WINNER,True
RNR,2025-08-18,8.9,BULLISH,NEUTRAL,NO_DATA,NEUTRAL,ESS_BULLISH_ANALYST_SKEPTICAL,False,0.007263,0.049023,0.023657,NEUTRAL,False
ROCK,2025-08-18,7.5,BULLISH,NEUTRAL,NEUTRAL,NEUTRAL,ESS_BULLISH_ANALYST_SKEPTICAL,False,-0.05495,0.075136,0.023657,LOSER,False
ROL,2025-08-18,8.4,BULLISH,NEUTRAL,NEUTRAL,BULLISH,ESS_BULLISH_ANALYST_MIXED,False,-0.01664,-0.022246,0.023657,LOSER,False
RPM,2025-08-18,7.1,BULLISH,NEUTRAL,NEUTRAL,NEUTRAL,ESS_BULLISH_ANALYST_SKEPTICAL,False,-0.001461,-0.089071,0.023657,LOSER,False
RPRX,2025-08-18,9.5,BULLISH,NEUTRAL,NO_DATA,NEUTRAL,ESS_BULLISH_ANALYST_SKEPTICAL,False,-0.007795,0.030345,0.023657,LOSER,False
RPT,2025-08-18,7.5,BULLISH,NEUTRAL,NO_DATA,NEUTRAL,ESS_BULLISH_ANALYST_SKEPTICAL,False,0.039841,-0.031873,0.023657,NEUTRAL,False
RRX,2025-08-18,8.8,BULLISH,NEUTRAL,BULLISH,NO_DATA,ESS_BULLISH_ANALYST_MIXED,False,-0.043161,-0.040084,0.023657,LOSER,False
RUSHA,2025-08-18,9.1,BULLISH,NEUTRAL,NO_DATA,NO_DATA,ESS_BULLISH_ANALYST_SKEPTICAL,False,-0.013442,-0.099576,0.023657,LOSER,False
RY,2025-08-18,9.0,BULLISH,NEUTRAL,NO_DATA,NEUTRAL,ESS_BULLISH_ANALYST_SKEPTICAL,False,0.072874,0.068842,0.023657,WINNER,True
RYAAY,2025-08-18,9.1,BULLISH,NEUTRAL,NO_DATA,NEUTRAL,ESS_BULLISH_ANALYST_SKEPTICAL,False,-0.115122,-0.047834,0.023657,LOSER,False
RYN,2025-08-18,7.8,BULLISH,NEUTRAL,NO_DATA,NO_DATA,ESS_BULLISH_ANALYST_SKEPTICAL,False,-0.006047,-0.03735,0.023657,LOSER,False
SAFE,2025-08-18,8.2,BULLISH,NEUTRAL,NO_DATA,NEUTRAL,ESS_BULLISH_ANALYST_SKEPTICAL,False,0.07325,0.018783,0.023657,WINNER,True
SAFT,2025-08-18,8.8,BULLISH,NO_DATA,NO_DATA,NEUTRAL,ESS_BULLISH_ANALYST_SKEPTICAL,False,-0.00951,-0.040169,0.023657,LOSER,False
SAIC,2025-08-18,8.6,BULLISH,NEUTRAL,BULLISH,NEUTRAL,ESS_BULLISH_ANALYST_MIXED,False,-0.12355,-0.165438,0.023657,LOSER,False
SAM,2025-08-18,8.9,BULLISH,NEUTRAL,BULLISH,BULLISH,ESS_BULLISH_ANALYST_MIXED,False,0.043758,0.036442,0.023657,WINNER,True
SAMG,2025-08-18,8.8,BULLISH,NEUTRAL,NO_DATA,NEUTRAL,ESS_BULLISH_ANALYST_SKEPTICAL,False,-2.4e-05,-0.10712,0.023657,LOSER,False
SAN,2025-08-18,8.0,BULLISH,NEUTRAL,NO_DATA,NEUTRAL,ESS_BULLISH_ANALYST_SKEPTICAL,False,0.051148,0.019833,0.023657,WINNER,True
SANM,2025-08-18,8.9,BULLISH,NEUTRAL,BULLISH,BULLISH,ESS_BULLISH_ANALYST_MIXED,False,-0.010391,0.100843,0.023657,LOSER,False
SBH,2025-08-18,7.5,BULLISH,NEUTRAL,NEUTRAL,NEUTRAL,ESS_BULLISH_ANALYST_SKEPTICAL,False,0.152977,0.110776,0.023657,WINNER,True
SBRA,2025-08-18,7.9,BULLISH,NEUTRAL,NO_DATA,NEUTRAL,ESS_BULLISH_ANALYST_SKEPTICAL,False,0.003758,-0.026838,0.023657,NEUTRAL,False
SBS,2025-08-18,8.1,BULLISH,NEUTRAL,NO_DATA,NEUTRAL,ESS_BULLISH_ANALYST_SKEPTICAL,False,0.09153,0.086521,0.023657,WINNER,True
SCL,2025-08-18,7.9,BULLISH,BEARISH,NEUTRAL,NO_DATA,ESS_BULLISH_ANALYST_MAJORITY_BEARISH,True,0.011654,-0.055624,0.023657,NEUTRAL,False
SCS,2025-08-18,8.1,BULLISH,NEUTRAL,NEUTRAL,NEUTRAL,ESS_BULLISH_ANALYST_SKEPTICAL,False,,,0.023657,NO_DATA,
SCSC,2025-08-18,8.1,BULLISH,NEUTRAL,BULLISH,NEUTRAL,ESS_BULLISH_ANALYST_MIXED,False,0.02904,-0.025995,0.023657,NEUTRAL,False
SEB,2025-08-18,8.4,BULLISH,NO_DATA,BEARISH,NEUTRAL,ESS_BULLISH_ANALYST_MAJORITY_BEARISH,True,0.087704,-0.048094,0.023657,WINNER,True
SEIC,2025-08-18,9.5,BULLISH,BULLISH,NO_DATA,NEUTRAL,ESS_BULLISH_ANALYST_MIXED,False,-0.02223,-0.088355,0.023657,LOSER,False
SEM,2025-08-18,9.1,BULLISH,NEUTRAL,BEARISH,NEUTRAL,ESS_BULLISH_ANALYST_SKEPTICAL,True,-0.05251,0.033977,0.023657,LOSER,False
SF,2025-08-18,9.1,BULLISH,BULLISH,NO_DATA,NEUTRAL,ESS_BULLISH_ANALYST_MIXED,False,0.006743,-0.026986,0.023657,NEUTRAL,False
SFIX,2025-08-18,7.3,BULLISH,NEUTRAL,NEUTRAL,NEUTRAL,ESS_BULLISH_ANALYST_SKEPTICAL,False,0.093625,-0.177291,0.023657,WINNER,True
SHG,2025-08-18,9.0,BULLISH,BULLISH,NO_DATA,NEUTRAL,ESS_BULLISH_ANALYST_MIXED,False,,,0.023657,NO_DATA,
SIGA,2025-08-18,9.6,BULLISH,NEUTRAL,NO_DATA,NEUTRAL,ESS_BULLISH_ANALYST_SKEPTICAL,False,,,0.023657,NO_DATA,
SJM,2025-08-18,8.4,BULLISH,NEUTRAL,BULLISH,NEUTRAL,ESS_BULLISH_ANALYST_MIXED,False,-0.056338,-0.055351,0.023657,LOSER,False
SLQT,2025-08-18,8.7,BULLISH,NEUTRAL,NO_DATA,NEUTRAL,ESS_BULLISH_ANALYST_SKEPTICAL,False,0.02,-0.08,0.023657,NEUTRAL,False
SLS,2025-08-18,8.6,BULLISH,NEUTRAL,BULLISH,NEUTRAL,ESS_BULLISH_ANALYST_MIXED,False,-0.023121,0.236994,0.023657,LOSER,False
SM,2025-08-18,8.1,BULLISH,NEUTRAL,BULLISH,NEUTRAL,ESS_BULLISH_ANALYST_MIXED,False,0.056626,-0.173461,0.023657,WINNER,True
SMID,2025-08-18,8.2,BULLISH,NO_DATA,BULLISH,NEUTRAL,ESS_BULLISH_ANALYST_MIXED,False,-0.023496,-0.113722,0.023657,LOSER,False
SMLR,2025-08-18,9.2,BULLISH,NO_DATA,NEUTRAL,NEUTRAL,ESS_BULLISH_ANALYST_SKEPTICAL,False,,,0.023657,NO_DATA,
SMPL,2025-08-18,7.7,BULLISH,NEUTRAL,NO_DATA,NEUTRAL,ESS_BULLISH_ANALYST_SKEPTICAL,False,-0.062875,-0.132462,0.023657,LOSER,False
SNCR,2025-08-18,7.3,BULLISH,NEUTRAL,NO_DATA,NEUTRAL,ESS_BULLISH_ANALYST_SKEPTICAL,False,,,0.023657,NO_DATA,
SNCY,2025-08-18,8.2,BULLISH,NEUTRAL,NO_DATA,NO_DATA,ESS_BULLISH_ANALYST_SKEPTICAL,False,0.033552,-0.074468,0.023657,NEUTRAL,False
SNDR,2025-08-18,8.5,BULLISH,NEUTRAL,BULLISH,NEUTRAL,ESS_BULLISH_ANALYST_MIXED,False,-0.040998,-0.04388,0.023657,LOSER,False
SNEX,2025-08-18,9.4,BULLISH,BULLISH,NO_DATA,NEUTRAL,ESS_BULLISH_ANALYST_MIXED,False,0.002766,0.066816,0.023657,LOSER,False
SNX,2025-08-18,8.6,BULLISH,NEUTRAL,BULLISH,NEUTRAL,ESS_BULLISH_ANALYST_MIXED,False,0.006372,0.041457,0.023657,NEUTRAL,False
SNY,2025-08-18,9.1,BULLISH,NEUTRAL,NO_DATA,NEUTRAL,ESS_BULLISH_ANALYST_SKEPTICAL,False,-0.057584,0.01565,0.023657,LOSER,False
SOL,2025-08-18,7.5,BULLISH,NEUTRAL,NO_DATA,NEUTRAL,ESS_BULLISH_ANALYST_SKEPTICAL,False,,,0.023657,NO_DATA,
SONY,2025-08-18,8.5,BULLISH,NEUTRAL,NO_DATA,NO_DATA,ESS_BULLISH_ANALYST_SKEPTICAL,False,,,0.023657,NO_DATA,
SPFI,2025-08-18,9.6,BULLISH,BULLISH,NO_DATA,NEUTRAL,ESS_BULLISH_ANALYST_MIXED,False,0.010723,-0.055655,0.023657,NEUTRAL,False
SPNS,2025-08-18,9.4,BULLISH,NEUTRAL,BULLISH,NEUTRAL,ESS_BULLISH_ANALYST_MIXED,False,,,0.023657,NO_DATA,
SPOK,2025-08-18,8.4,BULLISH,NEUTRAL,NEUTRAL,BULLISH,ESS_BULLISH_ANALYST_MIXED,False,-0.026578,-0.116287,0.023657,LOSER,False
SR,2025-08-18,8.5,BULLISH,NEUTRAL,NEUTRAL,NEUTRAL,ESS_BULLISH_ANALYST_SKEPTICAL,False,0.021948,0.146769,0.023657,NEUTRAL,False
SRCE,2025-08-18,9.6,BULLISH,BULLISH,NO_DATA,NEUTRAL,ESS_BULLISH_ANALYST_MIXED,False,0.035458,-0.052614,0.023657,NEUTRAL,False
SRI,2025-08-18,7.9,BULLISH,NEUTRAL,BULLISH,NEUTRAL,ESS_BULLISH_ANALYST_MIXED,False,0.055341,-0.151866,0.023657,WINNER,True
SSKN,2025-08-18,7.7,BULLISH,NEUTRAL,NO_DATA,NEUTRAL,ESS_BULLISH_ANALYST_SKEPTICAL,False,,,0.023657,NO_DATA,
SSP,2025-08-18,9.7,BULLISH,NEUTRAL,NO_DATA,NEUTRAL,ESS_BULLISH_ANALYST_SKEPTICAL,False,-0.013889,-0.246528,0.023657,LOSER,False
SSRM,2025-08-18,7.5,BULLISH,BULLISH,BEARISH,NEUTRAL,ESS_BULLISH_ANALYST_MIXED,True,0.297974,0.414779,0.023657,WINNER,True
SSYS,2025-08-18,8.6,BULLISH,NEUTRAL,NEUTRAL,NEUTRAL,ESS_BULLISH_ANALYST_SKEPTICAL,False,0.055794,0.171674,0.023657,WINNER,True
STEL,2025-08-18,7.6,BULLISH,NEUTRAL,NO_DATA,NO_DATA,ESS_BULLISH_ANALYST_SKEPTICAL,False,0.04384,-0.008402,0.023657,WINNER,True
STGW,2025-08-18,8.8,BULLISH,BEARISH,NEUTRAL,NO_DATA,ESS_BULLISH_ANALYST_MAJORITY_BEARISH,True,-0.095486,-0.109375,0.023657,LOSER,False
STKL,2025-08-18,8.2,BULLISH,BULLISH,NO_DATA,BULLISH,ESS_BULLISH_ANALYST_FULL_AGREE,False,,,0.023657,NO_DATA,
STN,2025-08-18,9.4,BULLISH,NEUTRAL,NO_DATA,NEUTRAL,ESS_BULLISH_ANALYST_SKEPTICAL,False,0.031869,0.037809,0.023657,NEUTRAL,False
STNE,2025-08-18,7.5,BULLISH,BULLISH,NO_DATA,NEUTRAL,ESS_BULLISH_ANALYST_MIXED,False,0.231865,0.156736,0.023657,WINNER,True
STOK,2025-08-18,9.6,BULLISH,NEUTRAL,NO_DATA,NEUTRAL,ESS_BULLISH_ANALYST_SKEPTICAL,False,0.228525,0.811453,0.023657,WINNER,True
STRA,2025-08-18,8.7,BULLISH,NEUTRAL,BULLISH,NEUTRAL,ESS_BULLISH_ANALYST_MIXED,False,0.0449,0.026282,0.023657,WINNER,True
STRL,2025-08-18,8.8,BULLISH,NEUTRAL,NEUTRAL,BULLISH,ESS_BULLISH_ANALYST_MIXED,False,0.133263,0.255579,0.023657,WINNER,True
STRT,2025-08-18,8.8,BULLISH,NEUTRAL,NEUTRAL,NEUTRAL,ESS_BULLISH_ANALYST_SKEPTICAL,False,-0.021402,-0.09617,0.023657,LOSER,False
STT,2025-08-18,9.0,BULLISH,NEUTRAL,NO_DATA,NEUTRAL,ESS_BULLISH_ANALYST_SKEPTICAL,False,0.004587,0.008924,0.023657,NEUTRAL,False
SU,2025-08-18,9.5,BULLISH,NEUTRAL,NEUTRAL,NEUTRAL,ESS_BULLISH_ANALYST_SKEPTICAL,False,0.110679,0.000259,0.023657,WINNER,True
SUPN,2025-08-18,7.2,BULLISH,BEARISH,NEUTRAL,BULLISH,ESS_BULLISH_ANALYST_MIXED,True,0.042103,0.167015,0.023657,NEUTRAL,False
SWK,2025-08-18,7.9,BULLISH,NEUTRAL,NEUTRAL,NEUTRAL,ESS_BULLISH_ANALYST_SKEPTICAL,False,0.060683,-0.079466,0.023657,WINNER,True
SWX,2025-08-18,7.6,BULLISH,NEUTRAL,BEARISH,NEUTRAL,ESS_BULLISH_ANALYST_SKEPTICAL,True,0.028204,0.018976,0.023657,NEUTRAL,False
SXT,2025-08-18,7.1,BULLISH,NO_DATA,NEUTRAL,NEUTRAL,ESS_BULLISH_ANALYST_SKEPTICAL,False,-0.132197,-0.175661,0.023657,LOSER,False
SYBX,2025-08-18,7.8,BULLISH,NEUTRAL,NEUTRAL,NEUTRAL,ESS_BULLISH_ANALYST_SKEPTICAL,False,,,0.023657,NO_DATA,
SYF,2025-08-18,8.2,BULLISH,NEUTRAL,NO_DATA,NEUTRAL,ESS_BULLISH_ANALYST_SKEPTICAL,False,0.042206,-0.0039,0.023657,NEUTRAL,False
SYY,2025-08-18,8.1,BULLISH,NEUTRAL,BULLISH,NO_DATA,ESS_BULLISH_ANALYST_MIXED,False,0.040899,0.015294,0.023657,NEUTRAL,False
TAC,2025-08-18,8.5,BULLISH,BULLISH,BEARISH,NEUTRAL,ESS_BULLISH_ANALYST_MIXED,True,0.054289,0.329496,0.023657,WINNER,True
TATT,2025-08-18,7.1,BULLISH,BULLISH,NEUTRAL,NEUTRAL,ESS_BULLISH_ANALYST_MIXED,False,-0.021425,-0.031888,0.023657,LOSER,False
TBBK,2025-08-18,9.2,BULLISH,NEUTRAL,NO_DATA,NEUTRAL,ESS_BULLISH_ANALYST_SKEPTICAL,False,0.176165,0.09152,0.023657,WINNER,True
TBRG,2025-08-18,8.8,BULLISH,NEUTRAL,BEARISH,NO_DATA,ESS_BULLISH_ANALYST_MAJORITY_BEARISH,True,0.077042,0.005688,0.023657,WINNER,True
TCMD,2025-08-18,8.8,BULLISH,NEUTRAL,NEUTRAL,NEUTRAL,ESS_BULLISH_ANALYST_SKEPTICAL,False,0.08903,0.155008,0.023657,WINNER,True
TCOM,2025-08-18,8.4,BULLISH,NEUTRAL,NO_DATA,NEUTRAL,ESS_BULLISH_ANALYST_SKEPTICAL,False,0.219857,0.114218,0.023657,WINNER,True
TD,2025-08-18,7.6,BULLISH,NEUTRAL,NO_DATA,NEUTRAL,ESS_BULLISH_ANALYST_SKEPTICAL,False,0.06075,0.071438,0.023657,WINNER,True
TDY,2025-08-18,8.4,BULLISH,NEUTRAL,NEUTRAL,NEUTRAL,ESS_BULLISH_ANALYST_SKEPTICAL,False,0.026612,0.047839,0.023657,NEUTRAL,False
TEL,2025-08-18,8.8,BULLISH,BULLISH,BULLISH,NEUTRAL,ESS_BULLISH_ANALYST_MIXED,False,0.053464,0.098543,0.023657,WINNER,True
TEN,2025-08-18,8.8,BULLISH,BULLISH,BEARISH,NEUTRAL,ESS_BULLISH_ANALYST_MIXED,True,,,0.023657,NO_DATA,
TER,2025-08-18,7.3,BULLISH,NEUTRAL,NO_DATA,BULLISH,ESS_BULLISH_ANALYST_MIXED,False,0.036455,0.252595,0.023657,NEUTRAL,False
TFC,2025-08-18,7.7,BULLISH,NEUTRAL,NO_DATA,NEUTRAL,ESS_BULLISH_ANALYST_SKEPTICAL,False,0.023686,-0.039026,0.023657,NEUTRAL,False
TFX,2025-08-18,7.9,BULLISH,BULLISH,NEUTRAL,NEUTRAL,ESS_BULLISH_ANALYST_MIXED,False,0.048056,0.068997,0.023657,WINNER,True
TG,2025-08-18,9.4,BULLISH,NO_DATA,NEUTRAL,NEUTRAL,ESS_BULLISH_ANALYST_SKEPTICAL,False,0.091281,-0.004087,0.023657,WINNER,True
TGLS,2025-08-18,7.5,BULLISH,NEUTRAL,BULLISH,NEUTRAL,ESS_BULLISH_ANALYST_MIXED,False,-0.048049,-0.143053,0.023657,LOSER,False
TGNA,2025-08-18,9.2,BULLISH,NEUTRAL,NEUTRAL,NEUTRAL,ESS_BULLISH_ANALYST_SKEPTICAL,False,,,0.023657,NO_DATA,
TGTX,2025-08-18,7.3,BULLISH,NEUTRAL,BEARISH,NO_DATA,ESS_BULLISH_ANALYST_MAJORITY_BEARISH,True,0.155427,0.25027,0.023657,WINNER,True
THC,2025-08-18,9.5,BULLISH,BULLISH,BULLISH,NEUTRAL,ESS_BULLISH_ANALYST_MIXED,False,0.070857,0.167338,0.023657,WINNER,True
THFF,2025-08-18,7.3,BULLISH,NEUTRAL,NO_DATA,NEUTRAL,ESS_BULLISH_ANALYST_SKEPTICAL,False,0.044136,-0.062689,0.023657,WINNER,True
THG,2025-08-18,9.3,BULLISH,NEUTRAL,NO_DATA,NEUTRAL,ESS_BULLISH_ANALYST_SKEPTICAL,False,0.035697,0.013256,0.023657,NEUTRAL,False
THR,2025-08-18,7.8,BULLISH,NEUTRAL,NEUTRAL,NEUTRAL,ESS_BULLISH_ANALYST_SKEPTICAL,False,0.02608,0.023355,0.023657,NEUTRAL,False
THRM,2025-08-18,8.5,BULLISH,BULLISH,BULLISH,NEUTRAL,ESS_BULLISH_ANALYST_MIXED,False,0.01398,-0.026248,0.023657,NEUTRAL,False
TILE,2025-08-18,7.8,BULLISH,BULLISH,NEUTRAL,NO_DATA,ESS_BULLISH_ANALYST_MIXED,False,0.09125,0.015707,0.023657,WINNER,True
TKR,2025-08-18,7.2,BULLISH,NEUTRAL,BULLISH,NEUTRAL,ESS_BULLISH_ANALYST_MIXED,False,0.010087,-0.041525,0.023657,NEUTRAL,False
TMUS,2025-08-18,7.1,BULLISH,NEUTRAL,NEUTRAL,NEUTRAL,ESS_BULLISH_ANALYST_SKEPTICAL,False,-0.058335,-0.098133,0.023657,LOSER,False
TNC,2025-08-18,8.4,BULLISH,NEUTRAL,NEUTRAL,NEUTRAL,ESS_BULLISH_ANALYST_SKEPTICAL,False,-0.01469,-0.031487,0.023657,LOSER,False
TNL,2025-08-18,8.8,BULLISH,NEUTRAL,NO_DATA,NO_DATA,ESS_BULLISH_ANALYST_SKEPTICAL,False,0.026765,0.010621,0.023657,NEUTRAL,False
TPH,2025-08-18,7.5,BULLISH,NEUTRAL,NEUTRAL,NEUTRAL,ESS_BULLISH_ANALYST_SKEPTICAL,False,0.00779,-0.0779,0.023657,NEUTRAL,False
TREE,2025-08-18,8.5,BULLISH,BULLISH,NO_DATA,BULLISH,ESS_BULLISH_ANALYST_FULL_AGREE,False,0.181506,-0.108841,0.023657,WINNER,True
TRIP,2025-08-18,8.5,BULLISH,NEUTRAL,BEARISH,NEUTRAL,ESS_BULLISH_ANALYST_SKEPTICAL,True,0.107057,-0.08433,0.023657,WINNER,True
TRMK,2025-08-18,9.6,BULLISH,BULLISH,NO_DATA,NEUTRAL,ESS_BULLISH_ANALYST_MIXED,False,0.037525,-0.021434,0.023657,NEUTRAL,False
TRNO,2025-08-18,7.4,BULLISH,NEUTRAL,NO_DATA,NEUTRAL,ESS_BULLISH_ANALYST_SKEPTICAL,False,0.080022,0.14782,0.023657,WINNER,True
TROW,2025-08-18,9.4,BULLISH,BULLISH,NO_DATA,NEUTRAL,ESS_BULLISH_ANALYST_MIXED,False,-0.004725,-0.015736,0.023657,LOSER,False
TRTX,2025-08-18,7.7,BULLISH,NEUTRAL,NO_DATA,NEUTRAL,ESS_BULLISH_ANALYST_SKEPTICAL,False,0.022099,-0.026581,0.023657,NEUTRAL,False
TRV,2025-08-18,8.2,BULLISH,NEUTRAL,NO_DATA,NEUTRAL,ESS_BULLISH_ANALYST_SKEPTICAL,False,0.042354,-0.006991,0.023657,NEUTRAL,False
TSM,2025-08-18,9.1,BULLISH,NEUTRAL,NO_DATA,NEUTRAL,ESS_BULLISH_ANALYST_SKEPTICAL,False,0.091997,0.226175,0.023657,WINNER,True
TT,2025-08-18,7.7,BULLISH,NEUTRAL,BULLISH,NEUTRAL,ESS_BULLISH_ANALYST_MIXED,False,-0.067642,-0.02824,0.023657,LOSER,False
TTC,2025-08-18,8.5,BULLISH,NEUTRAL,NEUTRAL,NEUTRAL,ESS_BULLISH_ANALYST_SKEPTICAL,False,0.031682,-0.028558,0.023657,NEUTRAL,False
TTE,2025-08-18,7.5,BULLISH,NEUTRAL,NO_DATA,NO_DATA,ESS_BULLISH_ANALYST_SKEPTICAL,False,,,0.023657,NO_DATA,
TTI,2025-08-18,7.5,BULLISH,NEUTRAL,BULLISH,NO_DATA,ESS_BULLISH_ANALYST_MIXED,False,0.215311,0.710526,0.023657,WINNER,True
TTMI,2025-08-18,9.8,BULLISH,BULLISH,BULLISH,NEUTRAL,ESS_BULLISH_ANALYST_MIXED,False,0.172406,0.36681,0.023657,WINNER,True
TU,2025-08-18,7.7,BULLISH,NEUTRAL,NEUTRAL,NEUTRAL,ESS_BULLISH_ANALYST_SKEPTICAL,False,-0.024287,-0.069217,0.023657,LOSER,False
TX,2025-08-18,7.9,BULLISH,NEUTRAL,NO_DATA,NEUTRAL,ESS_BULLISH_ANALYST_SKEPTICAL,False,0.081452,0.082977,0.023657,WINNER,True
TXG,2025-08-18,7.8,BULLISH,BULLISH,NO_DATA,NEUTRAL,ESS_BULLISH_ANALYST_MIXED,False,-0.044577,-0.1211,0.023657,LOSER,False
TXN,2025-08-18,7.1,BULLISH,NEUTRAL,BULLISH,NEUTRAL,ESS_BULLISH_ANALYST_MIXED,False,-0.072197,-0.091339,0.023657,LOSER,False
TZOO,2025-08-18,9.5,BULLISH,BEARISH,NEUTRAL,NO_DATA,ESS_BULLISH_ANALYST_MAJORITY_BEARISH,True,-0.02008,-0.004016,0.023657,LOSER,False
UAL,2025-08-18,9.3,BULLISH,NEUTRAL,NEUTRAL,BULLISH,ESS_BULLISH_ANALYST_MIXED,False,0.030673,-0.031552,0.023657,NEUTRAL,False
UFCS,2025-08-18,9.9,BULLISH,BULLISH,NO_DATA,BULLISH,ESS_BULLISH_ANALYST_FULL_AGREE,False,0.042412,0.004889,0.023657,NEUTRAL,False
UFPI,2025-08-18,7.9,BULLISH,NEUTRAL,BULLISH,NEUTRAL,ESS_BULLISH_ANALYST_MIXED,False,-0.032329,-0.096694,0.023657,LOSER,False
UHS,2025-08-18,9.8,BULLISH,NEUTRAL,BULLISH,NO_DATA,ESS_BULLISH_ANALYST_MIXED,False,0.056228,0.153007,0.023657,WINNER,True
UI,2025-08-18,10.0,BULLISH,BULLISH,NO_DATA,BULLISH,ESS_BULLISH_ANALYST_FULL_AGREE,False,0.50104,0.849506,0.023657,WINNER,True
UNF,2025-08-18,9.1,BULLISH,NEUTRAL,BULLISH,NEUTRAL,ESS_BULLISH_ANALYST_MIXED,False,-0.028785,-0.034693,0.023657,LOSER,False
UNM,2025-08-18,8.5,BULLISH,NEUTRAL,NO_DATA,NEUTRAL,ESS_BULLISH_ANALYST_SKEPTICAL,False,0.095071,0.100321,0.023657,WINNER,True
UNP,2025-08-18,7.5,BULLISH,NEUTRAL,BULLISH,NEUTRAL,ESS_BULLISH_ANALYST_MIXED,False,-0.00706,0.033495,0.023657,LOSER,False
UNTY,2025-08-18,9.5,BULLISH,NEUTRAL,NO_DATA,NEUTRAL,ESS_BULLISH_ANALYST_SKEPTICAL,False,,,0.023657,NO_DATA,
UPBD,2025-08-18,9.4,BULLISH,NEUTRAL,NEUTRAL,NO_DATA,ESS_BULLISH_ANALYST_SKEPTICAL,False,0.114583,-0.078501,0.023657,WINNER,True
UPS,2025-08-18,8.8,BULLISH,NEUTRAL,BULLISH,NEUTRAL,ESS_BULLISH_ANALYST_MIXED,False,-0.026933,-0.001156,0.023657,LOSER,False
UPWK,2025-08-18,7.5,BULLISH,NEUTRAL,NO_DATA,NEUTRAL,ESS_BULLISH_ANALYST_SKEPTICAL,False,0.29664,0.15797,0.023657,WINNER,True
URI,2025-08-18,7.4,BULLISH,NEUTRAL,BULLISH,NEUTRAL,ESS_BULLISH_ANALYST_MIXED,False,0.018566,0.072568,0.023657,NEUTRAL,False
USFD,2025-08-18,9.1,BULLISH,NEUTRAL,BULLISH,NEUTRAL,ESS_BULLISH_ANALYST_MIXED,False,0.023513,-0.011172,0.023657,NEUTRAL,False
UTHR,2025-08-18,8.0,BULLISH,NEUTRAL,BULLISH,NEUTRAL,ESS_BULLISH_ANALYST_MIXED,False,0.285196,0.379624,0.023657,WINNER,True
UTMD,2025-08-18,9.5,BULLISH,NO_DATA,BULLISH,NEUTRAL,ESS_BULLISH_ANALYST_MIXED,False,,,0.023657,NO_DATA,
UVE,2025-08-18,7.5,BULLISH,NEUTRAL,NO_DATA,NEUTRAL,ESS_BULLISH_ANALYST_SKEPTICAL,False,0.068412,0.186233,0.023657,WINNER,True
UVSP,2025-08-18,8.7,BULLISH,NEUTRAL,NO_DATA,NEUTRAL,ESS_BULLISH_ANALYST_SKEPTICAL,False,,,0.023657,NO_DATA,
UVV,2025-08-18,9.5,BULLISH,NO_DATA,BEARISH,NEUTRAL,ESS_BULLISH_ANALYST_MAJORITY_BEARISH,True,0.042353,0.008026,0.023657,NEUTRAL,False
VALE,2025-08-18,9.0,BULLISH,NEUTRAL,NO_DATA,NEUTRAL,ESS_BULLISH_ANALYST_SKEPTICAL,False,0.109072,0.131498,0.023657,WINNER,True
VC,2025-08-18,9.9,BULLISH,BULLISH,NO_DATA,BULLISH,ESS_BULLISH_ANALYST_FULL_AGREE,False,0.03657,-0.056472,0.023657,NEUTRAL,False
VEON,2025-08-18,9.6,BULLISH,NEUTRAL,NO_DATA,NEUTRAL,ESS_BULLISH_ANALYST_SKEPTICAL,False,-0.136334,-0.140635,0.023657,LOSER,False
VIPS,2025-08-18,9.3,BULLISH,BULLISH,NO_DATA,NEUTRAL,ESS_BULLISH_ANALYST_MIXED,False,,,0.023657,NO_DATA,
VIRC,2025-08-18,7.8,BULLISH,NEUTRAL,BEARISH,NEUTRAL,ESS_BULLISH_ANALYST_SKEPTICAL,True,,,0.023657,NO_DATA,
VIRT,2025-08-18,7.3,BULLISH,BULLISH,NO_DATA,NEUTRAL,ESS_BULLISH_ANALYST_MIXED,False,-0.146882,-0.193941,0.023657,LOSER,False
VLGEA,2025-08-18,9.4,BULLISH,NO_DATA,BULLISH,NEUTRAL,ESS_BULLISH_ANALYST_MIXED,False,,,0.023657,NO_DATA,
VMI,2025-08-18,8.9,BULLISH,NEUTRAL,NEUTRAL,BULLISH,ESS_BULLISH_ANALYST_MIXED,False,-0.008253,0.079801,0.023657,LOSER,False
VOYA,2025-08-18,8.0,BULLISH,NEUTRAL,NO_DATA,NEUTRAL,ESS_BULLISH_ANALYST_SKEPTICAL,False,0.03482,-0.003426,0.023657,NEUTRAL,False
VPG,2025-08-18,9.5,BULLISH,BULLISH,BULLISH,NEUTRAL,ESS_BULLISH_ANALYST_MIXED,False,0.167991,0.241691,0.023657,WINNER,True
VREX,2025-08-18,9.4,BULLISH,NEUTRAL,NEUTRAL,NEUTRAL,ESS_BULLISH_ANALYST_SKEPTICAL,False,0.051677,0.045331,0.023657,WINNER,True
VRSN,2025-08-18,8.1,BULLISH,NO_DATA,NEUTRAL,NEUTRAL,ESS_BULLISH_ANALYST_SKEPTICAL,False,0.078275,-0.007831,0.023657,WINNER,True
VRT,2025-08-18,9.6,BULLISH,BULLISH,NO_DATA,BULLISH,ESS_BULLISH_ANALYST_FULL_AGREE,False,0.008686,0.282696,0.023657,NEUTRAL,False
VRTS,2025-08-18,8.5,BULLISH,NEUTRAL,NO_DATA,NO_DATA,ESS_BULLISH_ANALYST_SKEPTICAL,False,-0.006553,-0.043585,0.023657,LOSER,False
VSCO,2025-08-18,7.8,BULLISH,NEUTRAL,NO_DATA,NO_DATA,ESS_BULLISH_ANALYST_SKEPTICAL,False,0.18882,0.332747,0.023657,WINNER,True
VTRS,2025-08-18,9.3,BULLISH,NEUTRAL,NEUTRAL,NO_DATA,ESS_BULLISH_ANALYST_SKEPTICAL,False,-0.08474,-0.032412,0.023657,LOSER,False
VVX,2025-08-18,8.3,BULLISH,NEUTRAL,NEUTRAL,NO_DATA,ESS_BULLISH_ANALYST_SKEPTICAL,False,-0.074583,-0.090115,0.023657,LOSER,False
VZ,2025-08-18,7.4,BULLISH,NEUTRAL,BULLISH,NEUTRAL,ESS_BULLISH_ANALYST_MIXED,False,-0.004055,-0.070803,0.023657,LOSER,False
WABC,2025-08-18,7.5,BULLISH,NO_DATA,NO_DATA,NEUTRAL,ESS_BULLISH_ANALYST_SKEPTICAL,False,,,0.023657,NO_DATA,
WAFD,2025-08-18,8.4,BULLISH,NEUTRAL,NO_DATA,NEUTRAL,ESS_BULLISH_ANALYST_SKEPTICAL,False,0.022095,-0.077485,0.023657,NEUTRAL,False
WB,2025-08-18,9.7,BULLISH,NEUTRAL,NO_DATA,NEUTRAL,ESS_BULLISH_ANALYST_SKEPTICAL,False,,,0.023657,NO_DATA,
WBA,2025-08-18,8.0,BULLISH,NEUTRAL,NEUTRAL,NEUTRAL,ESS_BULLISH_ANALYST_SKEPTICAL,False,,,0.023657,NO_DATA,
WCC,2025-08-18,8.1,BULLISH,NEUTRAL,BULLISH,NEUTRAL,ESS_BULLISH_ANALYST_MIXED,False,0.023216,0.020781,0.023657,NEUTRAL,False
WEX,2025-08-18,7.8,BULLISH,BULLISH,NEUTRAL,NEUTRAL,ESS_BULLISH_ANALYST_MIXED,False,-0.030866,-0.128388,0.023657,LOSER,False
WEYS,2025-08-18,9.1,BULLISH,NO_DATA,NEUTRAL,NEUTRAL,ESS_BULLISH_ANALYST_SKEPTICAL,False,,,0.023657,NO_DATA,
WH,2025-08-18,7.6,BULLISH,NEUTRAL,NO_DATA,NEUTRAL,ESS_BULLISH_ANALYST_SKEPTICAL,False,-0.042065,-0.103368,0.023657,LOSER,False
WINA,2025-08-18,7.5,BULLISH,NO_DATA,NEUTRAL,NEUTRAL,ESS_BULLISH_ANALYST_SKEPTICAL,False,0.138903,-0.007839,0.023657,WINNER,True
WIT,2025-08-18,7.3,BULLISH,NEUTRAL,NO_DATA,NEUTRAL,ESS_BULLISH_ANALYST_SKEPTICAL,False,,,0.023657,NO_DATA,
WK,2025-08-18,8.0,BULLISH,NEUTRAL,NEUTRAL,BULLISH,ESS_BULLISH_ANALYST_MIXED,False,0.05949,0.142801,0.023657,WINNER,True
WMK,2025-08-18,7.4,BULLISH,NO_DATA,BEARISH,NEUTRAL,ESS_BULLISH_ANALYST_MAJORITY_BEARISH,True,,,0.023657,NO_DATA,
WTS,2025-08-18,9.7,BULLISH,BULLISH,BULLISH,BULLISH,ESS_BULLISH_ANALYST_FULL_AGREE,False,0.022689,0.006479,0.023657,NEUTRAL,False
WWD,2025-08-18,7.7,BULLISH,BULLISH,BULLISH,NEUTRAL,ESS_BULLISH_ANALYST_MIXED,False,-0.037485,0.003124,0.023657,LOSER,False
XHR,2025-08-18,8.2,BULLISH,NEUTRAL,NO_DATA,NEUTRAL,ESS_BULLISH_ANALYST_SKEPTICAL,False,,,0.023657,NO_DATA,
XP,2025-08-18,8.9,BULLISH,BULLISH,NO_DATA,NO_DATA,ESS_BULLISH_ANALYST_FULL_AGREE,False,0.14,-0.054286,0.023657,WINNER,True
XRAY,2025-08-18,9.1,BULLISH,NEUTRAL,BULLISH,NEUTRAL,ESS_BULLISH_ANALYST_MIXED,False,-0.031024,-0.085575,0.023657,LOSER,False
XYZ,2025-08-18,7.2,BULLISH,NEUTRAL,BEARISH,NO_DATA,ESS_BULLISH_ANALYST_MAJORITY_BEARISH,True,-0.013293,-0.01994,0.023657,LOSER,False
ZBRA,2025-08-18,7.8,BULLISH,NEUTRAL,BULLISH,NEUTRAL,ESS_BULLISH_ANALYST_MIXED,False,-0.000504,-0.076131,0.023657,LOSER,False
ZEUS,2025-08-18,9.9,BULLISH,NO_DATA,BULLISH,NEUTRAL,ESS_BULLISH_ANALYST_MIXED,False,,,0.023657,NO_DATA,
ZM,2025-08-18,9.3,BULLISH,BULLISH,NO_DATA,NEUTRAL,ESS_BULLISH_ANALYST_MIXED,False,0.171917,0.086502,0.023657,WINNER,True
ZWS,2025-08-18,8.3,BULLISH,BULLISH,BULLISH,NO_DATA,ESS_BULLISH_ANALYST_FULL_AGREE,False,0.050035,0.017339,0.023657,WINNER,True
ZYME,2025-08-18,7.6,BULLISH,NEUTRAL,NEUTRAL,NEUTRAL,ESS_BULLISH_ANALYST_SKEPTICAL,False,0.129537,0.309608,0.023657,WINNER,True
AAMI,2025-08-24,9.5,BULLISH,BULLISH,NO_DATA,NO_DATA,ESS_BULLISH_ANALYST_FULL_AGREE,False,-0.035436,-0.061323,0.006685,LOSER,False
AB,2025-08-24,9.8,BULLISH,BULLISH,NO_DATA,NEUTRAL,ESS_BULLISH_ANALYST_MIXED,False,-0.048343,-0.020434,0.006685,LOSER,False
ABBV,2025-08-24,9.4,BULLISH,NEUTRAL,NEUTRAL,BULLISH,ESS_BULLISH_ANALYST_MIXED,False,0.072561,0.107663,0.006685,WINNER,True
ABCB,2025-08-24,8.8,BULLISH,NEUTRAL,NO_DATA,NO_DATA,ESS_BULLISH_ANALYST_SKEPTICAL,False,0.043841,0.01149,0.006685,WINNER,True
ABG,2025-08-24,9.0,BULLISH,NEUTRAL,NEUTRAL,NEUTRAL,ESS_BULLISH_ANALYST_SKEPTICAL,False,-0.041451,-0.046909,0.006685,LOSER,False
ABT,2025-08-24,8.4,BULLISH,NEUTRAL,BULLISH,NEUTRAL,ESS_BULLISH_ANALYST_MIXED,False,0.030485,-0.037675,0.006685,WINNER,True
ACA,2025-08-24,8.8,BULLISH,BULLISH,NO_DATA,NEUTRAL,ESS_BULLISH_ANALYST_MIXED,False,-0.02611,-0.054048,0.006685,LOSER,False
ACEL,2025-08-24,8.6,BULLISH,BULLISH,NO_DATA,NEUTRAL,ESS_BULLISH_ANALYST_MIXED,False,-0.021777,-0.082753,0.006685,LOSER,False
ACIW,2025-08-24,9.0,BULLISH,BULLISH,NEUTRAL,NEUTRAL,ESS_BULLISH_ANALYST_MIXED,False,0.073831,0.025841,0.006685,WINNER,True
ACM,2025-08-24,9.7,BULLISH,NEUTRAL,BULLISH,BULLISH,ESS_BULLISH_ANALYST_MIXED,False,0.055714,0.078166,0.006685,WINNER,True
ACMR,2025-08-24,7.8,BULLISH,NEUTRAL,NEUTRAL,NEUTRAL,ESS_BULLISH_ANALYST_SKEPTICAL,False,0.35382,0.397569,0.006685,WINNER,True
ACN,2025-08-24,9.2,BULLISH,NEUTRAL,BULLISH,NEUTRAL,ESS_BULLISH_ANALYST_MIXED,False,-0.080258,-0.02437,0.006685,LOSER,False
ACRE,2025-08-24,7.5,BULLISH,NEUTRAL,NO_DATA,NEUTRAL,ESS_BULLISH_ANALYST_SKEPTICAL,False,0.048352,0.064381,0.006685,WINNER,True
ACT,2025-08-24,9.3,BULLISH,NEUTRAL,NO_DATA,NO_DATA,ESS_BULLISH_ANALYST_SKEPTICAL,False,0.012881,-0.044164,0.006685,NEUTRAL,False
ACU,2025-08-24,7.4,BULLISH,NEUTRAL,NEUTRAL,NO_DATA,ESS_BULLISH_ANALYST_SKEPTICAL,False,-0.015831,-0.064423,0.006685,LOSER,False
ADBE,2025-08-24,9.3,BULLISH,NEUTRAL,BULLISH,NEUTRAL,ESS_BULLISH_ANALYST_MIXED,False,-0.003937,-0.025027,0.006685,NEUTRAL,False
ADEA,2025-08-24,9.2,BULLISH,BULLISH,NEUTRAL,NO_DATA,ESS_BULLISH_ANALYST_MIXED,False,0.086285,0.079845,0.006685,WINNER,True
ADM,2025-08-24,9.2,BULLISH,NEUTRAL,NEUTRAL,BULLISH,ESS_BULLISH_ANALYST_MIXED,False,-0.054664,-0.026476,0.006685,LOSER,False
ADMA,2025-08-24,9.0,BULLISH,NEUTRAL,NEUTRAL,NEUTRAL,ESS_BULLISH_ANALYST_SKEPTICAL,False,-0.060553,-0.103469,0.006685,LOSER,False
ADNT,2025-08-24,7.9,BULLISH,BULLISH,BEARISH,NEUTRAL,ESS_BULLISH_ANALYST_MIXED,True,-0.023562,-0.051518,0.006685,LOSER,False
ADT,2025-08-24,9.7,BULLISH,BULLISH,BULLISH,NEUTRAL,ESS_BULLISH_ANALYST_MIXED,False,-0.014244,0.000692,0.006685,LOSER,False
AEE,2025-08-24,7.9,BULLISH,NEUTRAL,NEUTRAL,NEUTRAL,ESS_BULLISH_ANALYST_SKEPTICAL,False,0.008951,0.043146,0.006685,NEUTRAL,False
AEIS,2025-08-24,7.9,BULLISH,NEUTRAL,NEUTRAL,NEUTRAL,ESS_BULLISH_ANALYST_SKEPTICAL,False,0.154108,0.296778,0.006685,WINNER,True
AEM,2025-08-24,8.2,BULLISH,BULLISH,NEUTRAL,NEUTRAL,ESS_BULLISH_ANALYST_MIXED,False,0.191932,0.208667,0.006685,WINNER,True
AEP,2025-08-24,8.3,BULLISH,NEUTRAL,NEUTRAL,NEUTRAL,ESS_BULLISH_ANALYST_SKEPTICAL,False,-0.043094,0.028051,0.006685,LOSER,False
AES,2025-08-24,7.1,BULLISH,NEUTRAL,NEUTRAL,NEUTRAL,ESS_BULLISH_ANALYST_SKEPTICAL,False,-0.025945,0.052632,0.006685,LOSER,False
AGX,2025-08-24,8.3,BULLISH,NEUTRAL,BEARISH,BULLISH,ESS_BULLISH_ANALYST_MIXED,True,0.175247,0.219309,0.006685,WINNER,True
AHCO,2025-08-24,8.1,BULLISH,NEUTRAL,NO_DATA,NEUTRAL,ESS_BULLISH_ANALYST_SKEPTICAL,False,-0.028169,0.0,0.006685,LOSER,False
AIR,2025-08-24,8.5,BULLISH,NEUTRAL,BULLISH,NEUTRAL,ESS_BULLISH_ANALYST_MIXED,False,0.043415,0.141164,0.006685,WINNER,True
AIT,2025-08-24,8.9,BULLISH,NEUTRAL,BULLISH,BULLISH,ESS_BULLISH_ANALYST_MIXED,False,0.002612,-0.015934,0.006685,NEUTRAL,False
AKAM,2025-08-24,9.1,BULLISH,NEUTRAL,BULLISH,NO_DATA,ESS_BULLISH_ANALYST_MIXED,False,-0.016336,-0.024961,0.006685,LOSER,False
AKBA,2025-08-24,8.1,BULLISH,NEUTRAL,BEARISH,NEUTRAL,ESS_BULLISH_ANALYST_SKEPTICAL,True,-0.066007,-0.016502,0.006685,LOSER,False
ALEX,2025-08-24,7.9,BULLISH,NEUTRAL,NO_DATA,NEUTRAL,ESS_BULLISH_ANALYST_SKEPTICAL,False,,,0.006685,NO_DATA,
ALG,2025-08-24,9.8,BULLISH,NEUTRAL,BULLISH,BULLISH,ESS_BULLISH_ANALYST_MIXED,False,-0.100754,-0.141524,0.006685,LOSER,False
ALGN,2025-08-24,8.2,BULLISH,NEUTRAL,NEUTRAL,NEUTRAL,ESS_BULLISH_ANALYST_SKEPTICAL,False,-0.110099,-0.06181,0.006685,LOSER,False
ALIT,2025-08-24,8.1,BULLISH,NEUTRAL,NO_DATA,NO_DATA,ESS_BULLISH_ANALYST_SKEPTICAL,False,-0.161964,-0.177876,0.006685,LOSER,False
ALL,2025-08-24,9.4,BULLISH,NEUTRAL,NO_DATA,BULLISH,ESS_BULLISH_ANALYST_MIXED,False,0.033029,-0.032962,0.006685,WINNER,True
ALLE,2025-08-24,9.9,BULLISH,BULLISH,BULLISH,BULLISH,ESS_BULLISH_ANALYST_FULL_AGREE,False,0.044871,0.008244,0.006685,WINNER,True
ALNT,2025-08-24,8.7,BULLISH,NEUTRAL,BULLISH,NO_DATA,ESS_BULLISH_ANALYST_MIXED,False,-0.02082,0.197682,0.006685,LOSER,False
ALRS,2025-08-24,7.7,BULLISH,NEUTRAL,NO_DATA,NEUTRAL,ESS_BULLISH_ANALYST_SKEPTICAL,False,0.032838,-0.039719,0.006685,WINNER,True
ALSN,2025-08-24,8.4,BULLISH,NEUTRAL,BULLISH,NEUTRAL,ESS_BULLISH_ANALYST_MIXED,False,-0.011091,-0.057832,0.006685,NEUTRAL,False
ALV,2025-08-24,9.6,BULLISH,NEUTRAL,NO_DATA,NEUTRAL,ESS_BULLISH_ANALYST_SKEPTICAL,False,0.027572,-0.062557,0.006685,WINNER,True
AMAT,2025-08-24,7.1,BULLISH,NEUTRAL,BULLISH,NEUTRAL,ESS_BULLISH_ANALYST_MIXED,False,0.240015,0.410396,0.006685,WINNER,True
AMGN,2025-08-24,8.5,BULLISH,NEUTRAL,NEUTRAL,NEUTRAL,ESS_BULLISH_ANALYST_SKEPTICAL,False,-0.005754,0.015322,0.006685,NEUTRAL,False
AMN,2025-08-24,8.5,BULLISH,NEUTRAL,NEUTRAL,NEUTRAL,ESS_BULLISH_ANALYST_SKEPTICAL,False,-0.111165,-0.035283,0.006685,LOSER,False
AMRN,2025-08-24,9.0,BULLISH,BULLISH,NO_DATA,NEUTRAL,ESS_BULLISH_ANALYST_MIXED,False,-0.0013,0.264457,0.006685,NEUTRAL,False
AN,2025-08-24,8.7,BULLISH,NEUTRAL,NO_DATA,NEUTRAL,ESS_BULLISH_ANALYST_SKEPTICAL,False,0.005933,-0.047647,0.006685,NEUTRAL,False
ANET,2025-08-24,8.5,BULLISH,BULLISH,NEUTRAL,BULLISH,ESS_BULLISH_ANALYST_MIXED,False,0.083058,0.148226,0.006685,WINNER,True
ANGI,2025-08-24,8.1,BULLISH,BULLISH,NEUTRAL,NEUTRAL,ESS_BULLISH_ANALYST_MIXED,False,-0.068462,-0.201459,0.006685,LOSER,False
ANGO,2025-08-24,9.6,BULLISH,NEUTRAL,BULLISH,NEUTRAL,ESS_BULLISH_ANALYST_MIXED,False,0.114669,0.239669,0.006685,WINNER,True
ANIK,2025-08-24,9.1,BULLISH,NEUTRAL,BEARISH,NEUTRAL,ESS_BULLISH_ANALYST_SKEPTICAL,True,-0.001095,0.056955,0.006685,NEUTRAL,False
ANIP,2025-08-24,7.5,BULLISH,NEUTRAL,NEUTRAL,NEUTRAL,ESS_BULLISH_ANALYST_SKEPTICAL,False,0.055469,0.050709,0.006685,WINNER,True
AOS,2025-08-24,8.0,BULLISH,NEUTRAL,BULLISH,NEUTRAL,ESS_BULLISH_ANALYST_MIXED,False,-0.005101,-0.048249,0.006685,NEUTRAL,False
APA,2025-08-24,8.5,BULLISH,NEUTRAL,NEUTRAL,NO_DATA,ESS_BULLISH_ANALYST_SKEPTICAL,False,0.072898,0.113401,0.006685,WINNER,True
APAM,2025-08-24,9.4,BULLISH,BULLISH,NO_DATA,NEUTRAL,ESS_BULLISH_ANALYST_MIXED,False,-0.032286,-0.068446,0.006685,LOSER,False
APEI,2025-08-24,8.3,BULLISH,NEUTRAL,NEUTRAL,NEUTRAL,ESS_BULLISH_ANALYST_SKEPTICAL,False,0.223658,0.185885,0.006685,WINNER,True
APG,2025-08-24,7.8,BULLISH,BULLISH,NO_DATA,NEUTRAL,ESS_BULLISH_ANALYST_MIXED,False,-0.043103,-0.040044,0.006685,LOSER,False
APH,2025-08-24,8.8,BULLISH,BULLISH,NEUTRAL,NEUTRAL,ESS_BULLISH_ANALYST_MIXED,False,0.144389,0.234826,0.006685,WINNER,True
APLE,2025-08-24,8.2,BULLISH,NEUTRAL,NO_DATA,NO_DATA,ESS_BULLISH_ANALYST_SKEPTICAL,False,-0.02396,-0.070807,0.006685,LOSER,False
APO,2025-08-24,7.3,BULLISH,NEUTRAL,NO_DATA,NO_DATA,ESS_BULLISH_ANALYST_SKEPTICAL,False,0.082157,-0.080962,0.006685,WINNER,True
APOG,2025-08-24,7.6,BULLISH,NEUTRAL,NEUTRAL,NEUTRAL,ESS_BULLISH_ANALYST_SKEPTICAL,False,0.014979,-0.12922,0.006685,NEUTRAL,False
APP,2025-08-24,7.9,BULLISH,BULLISH,NO_DATA,NO_DATA,ESS_BULLISH_ANALYST_FULL_AGREE,False,0.444883,0.308467,0.006685,WINNER,True
APTV,2025-08-24,9.5,BULLISH,NEUTRAL,BULLISH,NO_DATA,ESS_BULLISH_ANALYST_MIXED,False,0.084105,0.077889,0.006685,WINNER,True
ARAY,2025-08-24,9.1,BULLISH,NEUTRAL,BEARISH,NEUTRAL,ESS_BULLISH_ANALYST_SKEPTICAL,True,0.109677,0.025807,0.006685,WINNER,True
ARCT,2025-08-24,7.7,BULLISH,NEUTRAL,NO_DATA,NEUTRAL,ESS_BULLISH_ANALYST_SKEPTICAL,False,0.143987,-0.322417,0.006685,WINNER,True
ARI,2025-08-24,8.2,BULLISH,BULLISH,NO_DATA,NEUTRAL,ESS_BULLISH_ANALYST_MIXED,False,0.021401,0.022159,0.006685,NEUTRAL,False
ARR,2025-08-24,7.7,BULLISH,BEARISH,NO_DATA,NEUTRAL,ESS_BULLISH_ANALYST_MAJORITY_BEARISH,True,-0.038159,0.094172,0.006685,LOSER,False
ARVN,2025-08-24,9.6,BULLISH,NEUTRAL,NO_DATA,NEUTRAL,ESS_BULLISH_ANALYST_SKEPTICAL,False,0.006685,0.224599,0.006685,NEUTRAL,False
ARW,2025-08-24,8.4,BULLISH,NEUTRAL,NEUTRAL,NEUTRAL,ESS_BULLISH_ANALYST_SKEPTICAL,False,-0.061633,-0.06109,0.006685,LOSER,False
ASIX,2025-08-24,9.0,BULLISH,NO_DATA,BULLISH,NEUTRAL,ESS_BULLISH_ANALYST_MIXED,False,-0.058624,-0.019864,0.006685,LOSER,False
ASTE,2025-08-24,7.6,BULLISH,NO_DATA,NEUTRAL,NEUTRAL,ESS_BULLISH_ANALYST_SKEPTICAL,False,0.040626,0.04584,0.006685,WINNER,True
ATGE,2025-08-24,8.4,BULLISH,BULLISH,NO_DATA,NEUTRAL,ESS_BULLISH_ANALYST_MIXED,False,,,0.006685,NO_DATA,
ATKR,2025-08-24,9.8,BULLISH,NEUTRAL,BULLISH,NEUTRAL,ESS_BULLISH_ANALYST_MIXED,False,0.031436,0.154291,0.006685,WINNER,True
ATO,2025-08-24,8.3,BULLISH,NEUTRAL,NEUTRAL,NEUTRAL,ESS_BULLISH_ANALYST_SKEPTICAL,False,0.005379,0.062255,0.006685,NEUTRAL,False
ATR,2025-08-24,7.5,BULLISH,NEUTRAL,BULLISH,NEUTRAL,ESS_BULLISH_ANALYST_MIXED,False,-0.054027,-0.059513,0.006685,LOSER,False
ATRO,2025-08-24,9.6,BULLISH,BULLISH,NEUTRAL,NEUTRAL,ESS_BULLISH_ANALYST_MIXED,False,0.166895,0.372221,0.006685,WINNER,True
AUDC,2025-08-24,8.1,BULLISH,BEARISH,BULLISH,NEUTRAL,ESS_BULLISH_ANALYST_MIXED,True,,,0.006685,NO_DATA,
AUPH,2025-08-24,9.9,BULLISH,NEUTRAL,NO_DATA,BULLISH,ESS_BULLISH_ANALYST_MIXED,False,0.071281,-0.045736,0.006685,WINNER,True
AVNS,2025-08-24,7.4,BULLISH,NEUTRAL,NO_DATA,NEUTRAL,ESS_BULLISH_ANALYST_SKEPTICAL,False,0.032759,0.016379,0.006685,WINNER,True
AVT,2025-08-24,9.1,BULLISH,BEARISH,NO_DATA,NO_DATA,ESS_BULLISH_ANALYST_MAJORITY_BEARISH,True,-0.031598,-0.047491,0.006685,LOSER,False
AWI,2025-08-24,9.6,BULLISH,BULLISH,NO_DATA,NEUTRAL,ESS_BULLISH_ANALYST_MIXED,False,-0.006879,0.034853,0.006685,NEUTRAL,False
AWR,2025-08-24,7.9,BULLISH,NEUTRAL,NEUTRAL,NEUTRAL,ESS_BULLISH_ANALYST_SKEPTICAL,False,-0.037597,0.024217,0.006685,LOSER,False
AX,2025-08-24,8.7,BULLISH,NEUTRAL,NO_DATA,NO_DATA,ESS_BULLISH_ANALYST_SKEPTICAL,False,-0.018964,-0.125762,0.006685,LOSER,False
AXL,2025-08-24,7.1,BULLISH,NEUTRAL,NEUTRAL,BULLISH,ESS_BULLISH_ANALYST_MIXED,False,,,0.006685,NO_DATA,
AXS,2025-08-24,9.2,BULLISH,NEUTRAL,NO_DATA,NO_DATA,ESS_BULLISH_ANALYST_SKEPTICAL,False,-0.030071,-0.057187,0.006685,LOSER,False
AYI,2025-08-24,9.8,BULLISH,NEUTRAL,BULLISH,BULLISH,ESS_BULLISH_ANALYST_MIXED,False,0.037331,0.135607,0.006685,WINNER,True
AZZ,2025-08-24,9.9,BULLISH,BULLISH,BEARISH,BULLISH,ESS_BULLISH_ANALYST_MIXED,True,-0.016755,-0.120299,0.006685,LOSER,False
BAH,2025-08-24,8.3,BULLISH,NEUTRAL,BULLISH,NEUTRAL,ESS_BULLISH_ANALYST_MIXED,False,-0.101517,-0.083607,0.006685,LOSER,False
BAX,2025-08-24,7.4,BULLISH,NEUTRAL,BEARISH,NEUTRAL,ESS_BULLISH_ANALYST_SKEPTICAL,True,-0.062688,-0.057358,0.006685,LOSER,False
BBAR,2025-08-24,8.7,BULLISH,NEUTRAL,NO_DATA,NEUTRAL,ESS_BULLISH_ANALYST_SKEPTICAL,False,,,0.006685,NO_DATA,
BBVA,2025-08-24,9.0,BULLISH,BULLISH,NO_DATA,NEUTRAL,ESS_BULLISH_ANALYST_MIXED,False,0.017694,0.054155,0.006685,NEUTRAL,False
BBW,2025-08-24,9.5,BULLISH,NEUTRAL,BULLISH,NEUTRAL,ESS_BULLISH_ANALYST_MIXED,False,0.29192,0.013246,0.006685,WINNER,True
BCS,2025-08-24,7.8,BULLISH,NEUTRAL,NO_DATA,NEUTRAL,ESS_BULLISH_ANALYST_SKEPTICAL,False,0.027941,0.010294,0.006685,WINNER,True
BDC,2025-08-24,7.6,BULLISH,NEUTRAL,BULLISH,NEUTRAL,ESS_BULLISH_ANALYST_MIXED,False,0.004749,-0.092856,0.006685,NEUTRAL,False
BEN,2025-08-24,8.7,BULLISH,BULLISH,NO_DATA,NEUTRAL,ESS_BULLISH_ANALYST_MIXED,False,-0.052445,-0.093662,0.006685,LOSER,False
BFH,2025-08-24,9.0,BULLISH,NEUTRAL,BEARISH,NO_DATA,ESS_BULLISH_ANALYST_MAJORITY_BEARISH,True,-0.02864,0.041527,0.006685,LOSER,False
BFST,2025-08-24,8.8,BULLISH,NEUTRAL,NO_DATA,NEUTRAL,ESS_BULLISH_ANALYST_SKEPTICAL,False,-0.040143,-0.069952,0.006685,LOSER,False
BGC,2025-08-24,7.8,BULLISH,NEUTRAL,NO_DATA,NO_DATA,ESS_BULLISH_ANALYST_SKEPTICAL,False,-0.047619,-0.065476,0.006685,LOSER,False
BGSF,2025-08-24,7.8,BULLISH,NEUTRAL,BULLISH,NEUTRAL,ESS_BULLISH_ANALYST_MIXED,False,,,0.006685,NO_DATA,
BH,2025-08-24,8.6,BULLISH,NO_DATA,NEUTRAL,NEUTRAL,ESS_BULLISH_ANALYST_SKEPTICAL,False,0.031065,0.226833,0.006685,WINNER,True
BHE,2025-08-24,8.2,BULLISH,NO_DATA,BULLISH,NEUTRAL,ESS_BULLISH_ANALYST_MIXED,False,-0.020303,0.047981,0.006685,LOSER,False
BHP,2025-08-24,7.6,BULLISH,NEUTRAL,NO_DATA,NEUTRAL,ESS_BULLISH_ANALYST_SKEPTICAL,False,-0.044468,-0.008607,0.006685,LOSER,False
BIDU,2025-08-24,9.0,BULLISH,BEARISH,NO_DATA,NEUTRAL,ESS_BULLISH_ANALYST_MAJORITY_BEARISH,True,0.365931,0.310562,0.006685,WINNER,True
BIIB,2025-08-24,9.6,BULLISH,NEUTRAL,NEUTRAL,NEUTRAL,ESS_BULLISH_ANALYST_SKEPTICAL,False,0.021634,0.100616,0.006685,NEUTRAL,False
BILI,2025-08-24,9.7,BULLISH,NEUTRAL,NO_DATA,NEUTRAL,ESS_BULLISH_ANALYST_SKEPTICAL,False,0.108387,0.245161,0.006685,WINNER,True
BJ,2025-08-24,7.9,BULLISH,BULLISH,NO_DATA,NEUTRAL,ESS_BULLISH_ANALYST_MIXED,False,0.007134,-0.019408,0.006685,NEUTRAL,False
BK,2025-08-24,8.2,BULLISH,NEUTRAL,NO_DATA,NEUTRAL,ESS_BULLISH_ANALYST_SKEPTICAL,False,0.053724,0.034523,0.006685,WINNER,True
BKH,2025-08-24,7.1,BULLISH,NEUTRAL,NO_DATA,NEUTRAL,ESS_BULLISH_ANALYST_SKEPTICAL,False,-0.012448,0.086307,0.006685,NEUTRAL,False
BKNG,2025-08-24,8.3,BULLISH,NEUTRAL,NEUTRAL,NEUTRAL,ESS_BULLISH_ANALYST_SKEPTICAL,False,-0.032452,-0.105435,0.006685,LOSER,False
BKR,2025-08-24,8.0,BULLISH,NEUTRAL,NEUTRAL,NO_DATA,ESS_BULLISH_ANALYST_SKEPTICAL,False,0.101283,0.100383,0.006685,WINNER,True
BLBD,2025-08-24,9.6,BULLISH,BULLISH,NEUTRAL,NEUTRAL,ESS_BULLISH_ANALYST_MIXED,False,0.062233,-0.008001,0.006685,WINNER,True
BLD,2025-08-24,9.9,BULLISH,NEUTRAL,BULLISH,BULLISH,ESS_BULLISH_ANALYST_MIXED,False,-0.073234,0.046743,0.006685,LOSER,False
BMBL,2025-08-24,9.9,BULLISH,NEUTRAL,NO_DATA,NO_DATA,ESS_BULLISH_ANALYST_SKEPTICAL,False,0.068643,-0.101404,0.006685,WINNER,True
BMO,2025-08-24,9.0,BULLISH,NEUTRAL,NO_DATA,NEUTRAL,ESS_BULLISH_ANALYST_SKEPTICAL,False,0.148458,0.10697,0.006685,WINNER,True
BMRN,2025-08-24,7.1,BULLISH,NEUTRAL,NEUTRAL,NEUTRAL,ESS_BULLISH_ANALYST_SKEPTICAL,False,-0.087009,-0.067521,0.006685,LOSER,False
BMY,2025-08-24,9.5,BULLISH,NEUTRAL,BULLISH,NEUTRAL,ESS_BULLISH_ANALYST_MIXED,False,-0.047306,-0.057437,0.006685,LOSER,False
BNS,2025-08-24,9.0,BULLISH,NEUTRAL,NO_DATA,NEUTRAL,ESS_BULLISH_ANALYST_SKEPTICAL,False,0.122994,0.124738,0.006685,WINNER,True
BOOM,2025-08-24,9.9,BULLISH,BULLISH,NEUTRAL,NEUTRAL,ESS_BULLISH_ANALYST_MIXED,False,0.240059,0.204713,0.006685,WINNER,True
BR,2025-08-24,8.4,BULLISH,NEUTRAL,NEUTRAL,BULLISH,ESS_BULLISH_ANALYST_MIXED,False,-0.065976,-0.092258,0.006685,LOSER,False
BRC,2025-08-24,8.7,BULLISH,NO_DATA,BULLISH,NEUTRAL,ESS_BULLISH_ANALYST_MIXED,False,0.030022,0.027621,0.006685,WINNER,True
BRFS,2025-08-24,9.2,BULLISH,NEUTRAL,NO_DATA,NEUTRAL,ESS_BULLISH_ANALYST_SKEPTICAL,False,,,0.006685,NO_DATA,
BRO,2025-08-24,7.2,BULLISH,NEUTRAL,NO_DATA,NEUTRAL,ESS_BULLISH_ANALYST_SKEPTICAL,False,-0.046836,-0.082196,0.006685,LOSER,False
BSRR,2025-08-24,8.7,BULLISH,NEUTRAL,NO_DATA,NEUTRAL,ESS_BULLISH_ANALYST_SKEPTICAL,False,-0.019023,-0.127911,0.006685,LOSER,False
BSX,2025-08-24,7.2,BULLISH,NEUTRAL,NEUTRAL,NEUTRAL,ESS_BULLISH_ANALYST_SKEPTICAL,False,-0.070593,-0.025878,0.006685,LOSER,False
BTI,2025-08-24,8.1,BULLISH,NEUTRAL,NO_DATA,NEUTRAL,ESS_BULLISH_ANALYST_SKEPTICAL,False,-0.079758,-0.08992,0.006685,LOSER,False
BVN,2025-08-24,7.9,BULLISH,NEUTRAL,NO_DATA,NEUTRAL,ESS_BULLISH_ANALYST_SKEPTICAL,False,0.191892,0.238378,0.006685,WINNER,True
BWA,2025-08-24,9.1,BULLISH,NEUTRAL,NEUTRAL,BULLISH,ESS_BULLISH_ANALYST_MIXED,False,0.011862,0.011862,0.006685,NEUTRAL,False
BWB,2025-08-24,8.9,BULLISH,BULLISH,NO_DATA,NEUTRAL,ESS_BULLISH_ANALYST_MIXED,False,0.077785,0.048538,0.006685,WINNER,True
BY,2025-08-24,7.5,BULLISH,NEUTRAL,NO_DATA,NEUTRAL,ESS_BULLISH_ANALYST_SKEPTICAL,False,-0.015668,-0.072075,0.006685,LOSER,False
BYD,2025-08-24,8.8,BULLISH,BULLISH,BULLISH,NEUTRAL,ESS_BULLISH_ANALYST_MIXED,False,-0.011232,-0.012626,0.006685,NEUTRAL,False
CADE,2025-08-24,7.3,BULLISH,BULLISH,NO_DATA,NO_DATA,ESS_BULLISH_ANALYST_FULL_AGREE,False,,,0.006685,NO_DATA,
CAH,2025-08-24,9.2,BULLISH,NEUTRAL,BULLISH,NEUTRAL,ESS_BULLISH_ANALYST_MIXED,False,0.058751,0.093398,0.006685,WINNER,True
CAKE,2025-08-24,7.8,BULLISH,NEUTRAL,BULLISH,NEUTRAL,ESS_BULLISH_ANALYST_MIXED,False,-0.116521,-0.092502,0.006685,LOSER,False
CALM,2025-08-24,9.4,BULLISH,NEUTRAL,NEUTRAL,NEUTRAL,ESS_BULLISH_ANALYST_SKEPTICAL,False,-0.160963,-0.225938,0.006685,LOSER,False
CALX,2025-08-24,7.5,BULLISH,BULLISH,NEUTRAL,BULLISH,ESS_BULLISH_ANALYST_MIXED,False,0.062404,0.022955,0.006685,WINNER,True
CART,2025-08-24,8.2,BULLISH,NEUTRAL,NO_DATA,NO_DATA,ESS_BULLISH_ANALYST_SKEPTICAL,False,-0.007251,-0.077895,0.006685,NEUTRAL,False
CASH,2025-08-24,8.8,BULLISH,NEUTRAL,NO_DATA,NO_DATA,ESS_BULLISH_ANALYST_SKEPTICAL,False,-0.034046,-0.092473,0.006685,LOSER,False
CATY,2025-08-24,7.4,BULLISH,NEUTRAL,NO_DATA,NO_DATA,ESS_BULLISH_ANALYST_SKEPTICAL,False,-0.014346,-0.062308,0.006685,LOSER,False
CBOE,2025-08-24,8.5,BULLISH,NEUTRAL,NO_DATA,NEUTRAL,ESS_BULLISH_ANALYST_SKEPTICAL,False,-0.035169,-0.047495,0.006685,LOSER,False
CBRE,2025-08-24,8.7,BULLISH,NEUTRAL,NO_DATA,BULLISH,ESS_BULLISH_ANALYST_MIXED,False,-0.011456,-0.004728,0.006685,NEUTRAL,False
CBRL,2025-08-24,7.2,BULLISH,NEUTRAL,NEUTRAL,NO_DATA,ESS_BULLISH_ANALYST_SKEPTICAL,False,-0.188686,-0.318602,0.006685,LOSER,False
CBT,2025-08-24,8.7,BULLISH,NEUTRAL,BULLISH,NEUTRAL,ESS_BULLISH_ANALYST_MIXED,False,-0.057343,-0.123425,0.006685,LOSER,False
CCBG,2025-08-24,7.7,BULLISH,BULLISH,NO_DATA,NEUTRAL,ESS_BULLISH_ANALYST_MIXED,False,0.016175,-0.038875,0.006685,NEUTRAL,False
CCJ,2025-08-24,8.7,BULLISH,NEUTRAL,BEARISH,NEUTRAL,ESS_BULLISH_ANALYST_SKEPTICAL,True,0.158997,0.151127,0.006685,WINNER,True
CCK,2025-08-24,7.4,BULLISH,NEUTRAL,NEUTRAL,NEUTRAL,ESS_BULLISH_ANALYST_SKEPTICAL,False,-0.054491,-0.012275,0.006685,LOSER,False
CCRD,2025-08-24,7.4,BULLISH,NEUTRAL,NEUTRAL,NO_DATA,ESS_BULLISH_ANALYST_SKEPTICAL,False,,,0.006685,NO_DATA,
CDNS,2025-08-24,7.3,BULLISH,NEUTRAL,NEUTRAL,BULLISH,ESS_BULLISH_ANALYST_MIXED,False,0.061155,-0.022944,0.006685,WINNER,True
CDW,2025-08-24,7.1,BULLISH,NEUTRAL,BULLISH,NEUTRAL,ESS_BULLISH_ANALYST_MIXED,False,-0.011294,-0.047939,0.006685,NEUTRAL,False
CENTA,2025-08-24,9.9,BULLISH,BULLISH,NO_DATA,NO_DATA,ESS_BULLISH_ANALYST_FULL_AGREE,False,-0.070642,-0.122936,0.006685,LOSER,False
CERS,2025-08-24,8.8,BULLISH,NEUTRAL,NEUTRAL,NEUTRAL,ESS_BULLISH_ANALYST_SKEPTICAL,False,0.25,0.179688,0.006685,WINNER,True
CF,2025-08-24,7.9,BULLISH,BULLISH,NEUTRAL,NEUTRAL,ESS_BULLISH_ANALYST_MIXED,False,0.011257,0.00882,0.006685,NEUTRAL,False
CFFN,2025-08-24,9.6,BULLISH,NO_DATA,NO_DATA,NEUTRAL,ESS_BULLISH_ANALYST_SKEPTICAL,False,0.007849,-0.017268,0.006685,NEUTRAL,False
CHCO,2025-08-24,7.5,BULLISH,BULLISH,NO_DATA,NEUTRAL,ESS_BULLISH_ANALYST_MIXED,False,-0.038061,-0.042176,0.006685,LOSER,False
CHE,2025-08-24,7.9,BULLISH,BEARISH,NEUTRAL,NEUTRAL,ESS_BULLISH_ANALYST_SKEPTICAL,True,-0.004605,-0.045197,0.006685,NEUTRAL,False
CHKP,2025-08-24,9.2,BULLISH,NEUTRAL,BULLISH,NEUTRAL,ESS_BULLISH_ANALYST_MIXED,False,0.071276,0.03111,0.006685,WINNER,True
CHRW,2025-08-24,8.9,BULLISH,NEUTRAL,BULLISH,BULLISH,ESS_BULLISH_ANALYST_MIXED,False,0.067117,-0.003076,0.006685,WINNER,True
CHWY,2025-08-24,7.6,BULLISH,NEUTRAL,NO_DATA,NEUTRAL,ESS_BULLISH_ANALYST_SKEPTICAL,False,-0.037242,-0.088324,0.006685,LOSER,False
CI,2025-08-24,9.2,BULLISH,NEUTRAL,BULLISH,NEUTRAL,ESS_BULLISH_ANALYST_MIXED,False,-0.030639,0.019453,0.006685,LOSER,False
CIM,2025-08-24,9.9,BULLISH,NO_DATA,NO_DATA,NEUTRAL,ESS_BULLISH_ANALYST_SKEPTICAL,False,-0.017192,-0.046945,0.006685,LOSER,False
CINF,2025-08-24,7.7,BULLISH,NEUTRAL,NO_DATA,NEUTRAL,ESS_BULLISH_ANALYST_SKEPTICAL,False,0.013016,0.021412,0.006685,NEUTRAL,False
CLMB,2025-08-24,9.6,BULLISH,NEUTRAL,BULLISH,NO_DATA,ESS_BULLISH_ANALYST_MIXED,False,0.151562,0.070153,0.006685,WINNER,True
CM,2025-08-24,7.6,BULLISH,NEUTRAL,NO_DATA,NEUTRAL,ESS_BULLISH_ANALYST_SKEPTICAL,False,0.125069,0.123003,0.006685,WINNER,True
CME,2025-08-24,8.2,BULLISH,NEUTRAL,NO_DATA,NEUTRAL,ESS_BULLISH_ANALYST_SKEPTICAL,False,-0.03013,-0.004436,0.006685,LOSER,False
CMG,2025-08-24,7.7,BULLISH,NEUTRAL,BULLISH,NEUTRAL,ESS_BULLISH_ANALYST_MIXED,False,-0.071813,-0.022222,0.006685,LOSER,False
CMPR,2025-08-24,9.6,BULLISH,NEUTRAL,NEUTRAL,BULLISH,ESS_BULLISH_ANALYST_MIXED,False,0.003238,0.073175,0.006685,NEUTRAL,False
CMRE,2025-08-24,7.8,BULLISH,BEARISH,BEARISH,NEUTRAL,ESS_BULLISH_ANALYST_MAJORITY_BEARISH,True,0.054422,-0.011054,0.006685,WINNER,True
CMT,2025-08-24,7.9,BULLISH,NEUTRAL,BULLISH,NEUTRAL,ESS_BULLISH_ANALYST_MIXED,False,0.152533,0.0224,0.006685,WINNER,True
CNA,2025-08-24,9.3,BULLISH,NEUTRAL,NO_DATA,BULLISH,ESS_BULLISH_ANALYST_MIXED,False,-0.066626,-0.071735,0.006685,LOSER,False
CNMD,2025-08-24,9.5,BULLISH,NEUTRAL,NEUTRAL,NEUTRAL,ESS_BULLISH_ANALYST_SKEPTICAL,False,-0.102169,-0.107532,0.006685,LOSER,False
CNX,2025-08-24,8.7,BULLISH,NEUTRAL,NO_DATA,NEUTRAL,ESS_BULLISH_ANALYST_SKEPTICAL,False,0.051318,0.135229,0.006685,WINNER,True
COHR,2025-08-24,8.1,BULLISH,BULLISH,BULLISH,NEUTRAL,ESS_BULLISH_ANALYST_MIXED,False,0.207624,0.342762,0.006685,WINNER,True
COIN,2025-08-24,7.3,BULLISH,NEUTRAL,NO_DATA,NO_DATA,ESS_BULLISH_ANALYST_SKEPTICAL,False,0.04598,0.054771,0.006685,WINNER,True
COLB,2025-08-24,9.8,BULLISH,BULLISH,NO_DATA,NEUTRAL,ESS_BULLISH_ANALYST_MIXED,False,-0.005751,-0.058497,0.006685,NEUTRAL,False
COMM,2025-08-24,7.5,BULLISH,BULLISH,NEUTRAL,NEUTRAL,ESS_BULLISH_ANALYST_MIXED,False,,,0.006685,NO_DATA,
COR,2025-08-24,9.5,BULLISH,NEUTRAL,BULLISH,NEUTRAL,ESS_BULLISH_ANALYST_MIXED,False,0.048907,0.139646,0.006685,WINNER,True
CORT,2025-08-24,8.1,BULLISH,NEUTRAL,BEARISH,NEUTRAL,ESS_BULLISH_ANALYST_SKEPTICAL,True,0.210695,0.060448,0.006685,WINNER,True
COST,2025-08-24,8.3,BULLISH,BULLISH,BULLISH,NEUTRAL,ESS_BULLISH_ANALYST_MIXED,False,0.002145,0.000499,0.006685,NEUTRAL,False
COUR,2025-08-24,8.0,BULLISH,BULLISH,NO_DATA,NO_DATA,ESS_BULLISH_ANALYST_FULL_AGREE,False,0.056553,-0.052065,0.006685,WINNER,True
CPRX,2025-08-24,8.1,BULLISH,BULLISH,NEUTRAL,NEUTRAL,ESS_BULLISH_ANALYST_MIXED,False,-0.040737,0.005335,0.006685,LOSER,False
CR,2025-08-24,7.7,BULLISH,NEUTRAL,NEUTRAL,BULLISH,ESS_BULLISH_ANALYST_MIXED,False,-0.051756,0.002974,0.006685,LOSER,False
CRAI,2025-08-24,9.5,BULLISH,NEUTRAL,BULLISH,NEUTRAL,ESS_BULLISH_ANALYST_MIXED,False,0.065785,-0.03543,0.006685,WINNER,True
CRCT,2025-08-24,9.6,BULLISH,NEUTRAL,NO_DATA,NO_DATA,ESS_BULLISH_ANALYST_SKEPTICAL,False,0.154499,-0.106961,0.006685,WINNER,True
CRGY,2025-08-24,7.9,BULLISH,BULLISH,NO_DATA,NO_DATA,ESS_BULLISH_ANALYST_FULL_AGREE,False,-0.04717,-0.10587,0.006685,LOSER,False
CRM,2025-08-24,7.9,BULLISH,NEUTRAL,NEUTRAL,NEUTRAL,ESS_BULLISH_ANALYST_SKEPTICAL,False,-0.011636,0.030759,0.006685,NEUTRAL,False
CRMD,2025-08-24,7.4,BULLISH,BULLISH,NO_DATA,NEUTRAL,ESS_BULLISH_ANALYST_MIXED,False,-0.166788,-0.176256,0.006685,LOSER,False
CRS,2025-08-24,8.3,BULLISH,BULLISH,NEUTRAL,NO_DATA,ESS_BULLISH_ANALYST_MIXED,False,-0.010106,0.244744,0.006685,NEUTRAL,False
CRUS,2025-08-24,9.6,BULLISH,NEUTRAL,BULLISH,NEUTRAL,ESS_BULLISH_ANALYST_MIXED,False,0.098612,0.133264,0.006685,WINNER,True
CSCO,2025-08-24,9.8,BULLISH,NEUTRAL,BULLISH,BULLISH,ESS_BULLISH_ANALYST_MIXED,False,0.005958,0.052939,0.006685,NEUTRAL,False
CSGS,2025-08-24,9.1,BULLISH,NEUTRAL,BULLISH,NEUTRAL,ESS_BULLISH_ANALYST_MIXED,False,0.042847,0.058383,0.006685,WINNER,True
CSTM,2025-08-24,8.3,BULLISH,NEUTRAL,NEUTRAL,NO_DATA,ESS_BULLISH_ANALYST_SKEPTICAL,False,0.057343,0.167832,0.006685,WINNER,True
CTAS,2025-08-24,7.2,BULLISH,NEUTRAL,BULLISH,NEUTRAL,ESS_BULLISH_ANALYST_MIXED,False,-0.053195,-0.092136,0.006685,LOSER,False
CTBI,2025-08-24,8.7,BULLISH,NEUTRAL,NO_DATA,NEUTRAL,ESS_BULLISH_ANALYST_SKEPTICAL,False,-0.023783,-0.093277,0.006685,LOSER,False
CTS,2025-08-24,7.8,BULLISH,NEUTRAL,BULLISH,NEUTRAL,ESS_BULLISH_ANALYST_MIXED,False,-0.026408,-0.013729,0.006685,LOSER,False
CTSH,2025-08-24,9.3,BULLISH,NEUTRAL,BULLISH,NEUTRAL,ESS_BULLISH_ANALYST_MIXED,False,-0.062223,-0.057234,0.006685,LOSER,False
CTSO,2025-08-24,7.8,BULLISH,NEUTRAL,NEUTRAL,NEUTRAL,ESS_BULLISH_ANALYST_SKEPTICAL,False,0.060706,-0.07064,0.006685,WINNER,True
CVCO,2025-08-24,8.0,BULLISH,NEUTRAL,BULLISH,NEUTRAL,ESS_BULLISH_ANALYST_MIXED,False,0.101773,0.142005,0.006685,WINNER,True
CVE,2025-08-24,9.4,BULLISH,NEUTRAL,NEUTRAL,NEUTRAL,ESS_BULLISH_ANALYST_SKEPTICAL,False,0.038922,0.036527,0.006685,WINNER,True
CVGW,2025-08-24,9.4,BULLISH,BEARISH,NEUTRAL,BULLISH,ESS_BULLISH_ANALYST_MIXED,True,-0.033769,-0.131278,0.006685,LOSER,False
CVS,2025-08-24,8.3,BULLISH,BULLISH,NEUTRAL,NEUTRAL,ESS_BULLISH_ANALYST_MIXED,False,0.074287,0.147771,0.006685,WINNER,True
CWCO,2025-08-24,9.2,BULLISH,NEUTRAL,NO_DATA,NEUTRAL,ESS_BULLISH_ANALYST_SKEPTICAL,False,0.052234,0.069461,0.006685,WINNER,True
CX,2025-08-24,7.8,BULLISH,NEUTRAL,NO_DATA,NEUTRAL,ESS_BULLISH_ANALYST_SKEPTICAL,False,0.03044,0.05186,0.006685,WINNER,True
DAC,2025-08-24,7.8,BULLISH,NEUTRAL,BULLISH,NEUTRAL,ESS_BULLISH_ANALYST_MIXED,False,,,0.006685,NO_DATA,
DAKT,2025-08-24,8.3,BULLISH,NEUTRAL,NEUTRAL,BULLISH,ESS_BULLISH_ANALYST_MIXED,False,0.308057,0.17654,0.006685,WINNER,True
DAL,2025-08-24,7.6,BULLISH,NEUTRAL,NEUTRAL,NEUTRAL,ESS_BULLISH_ANALYST_SKEPTICAL,False,-0.027479,-0.024175,0.006685,LOSER,False
DASH,2025-08-24,7.5,BULLISH,NEUTRAL,NO_DATA,NO_DATA,ESS_BULLISH_ANALYST_SKEPTICAL,False,0.083456,0.037957,0.006685,WINNER,True
DB,2025-08-24,9.8,BULLISH,BULLISH,NO_DATA,NEUTRAL,ESS_BULLISH_ANALYST_MIXED,False,-0.018137,-0.096372,0.006685,LOSER,False
DBX,2025-08-24,8.9,BULLISH,NEUTRAL,NO_DATA,NO_DATA,ESS_BULLISH_ANALYST_SKEPTICAL,False,0.079867,0.030367,0.006685,WINNER,True
DCI,2025-08-24,8.0,BULLISH,NEUTRAL,BULLISH,NEUTRAL,ESS_BULLISH_ANALYST_MIXED,False,0.075126,0.106318,0.006685,WINNER,True
DCO,2025-08-24,8.7,BULLISH,NEUTRAL,NEUTRAL,NEUTRAL,ESS_BULLISH_ANALYST_SKEPTICAL,False,0.000107,0.063685,0.006685,NEUTRAL,False
DEA,2025-08-24,7.6,BULLISH,NEUTRAL,NO_DATA,NEUTRAL,ESS_BULLISH_ANALYST_SKEPTICAL,False,0.022647,-0.005773,0.006685,NEUTRAL,False
DELL,2025-08-24,8.9,BULLISH,NEUTRAL,NO_DATA,NEUTRAL,ESS_BULLISH_ANALYST_SKEPTICAL,False,0.025418,0.181433,0.006685,NEUTRAL,False
DFIN,2025-08-24,8.6,BULLISH,BULLISH,NO_DATA,NEUTRAL,ESS_BULLISH_ANALYST_MIXED,False,-0.093226,-0.029947,0.006685,LOSER,False
DGICA,2025-08-24,8.7,BULLISH,NEUTRAL,NO_DATA,NEUTRAL,ESS_BULLISH_ANALYST_SKEPTICAL,False,0.105686,0.109133,0.006685,WINNER,True
DGII,2025-08-24,9.6,BULLISH,NEUTRAL,BULLISH,NEUTRAL,ESS_BULLISH_ANALYST_MIXED,False,0.12209,0.168657,0.006685,WINNER,True
DHT,2025-08-24,7.1,BULLISH,NEUTRAL,BULLISH,NEUTRAL,ESS_BULLISH_ANALYST_MIXED,False,0.105811,0.094536,0.006685,WINNER,True
DLX,2025-08-24,9.1,BULLISH,NEUTRAL,BULLISH,NEUTRAL,ESS_BULLISH_ANALYST_MIXED,False,-0.030669,-0.041227,0.006685,LOSER,False
DNOW,2025-08-24,8.9,BULLISH,BULLISH,BULLISH,NEUTRAL,ESS_BULLISH_ANALYST_MIXED,False,-0.012133,-0.031928,0.006685,NEUTRAL,False
DORM,2025-08-24,7.2,BULLISH,BULLISH,NEUTRAL,NEUTRAL,ESS_BULLISH_ANALYST_MIXED,False,-0.035051,-0.048655,0.006685,LOSER,False
DOX,2025-08-24,8.6,BULLISH,NEUTRAL,BULLISH,NEUTRAL,ESS_BULLISH_ANALYST_MIXED,False,-0.045757,-0.035965,0.006685,LOSER,False
DPZ,2025-08-24,7.1,BULLISH,NEUTRAL,NEUTRAL,NEUTRAL,ESS_BULLISH_ANALYST_SKEPTICAL,False,-0.076265,-0.080906,0.006685,LOSER,False
DUK,2025-08-24,7.9,BULLISH,NEUTRAL,NEUTRAL,NEUTRAL,ESS_BULLISH_ANALYST_SKEPTICAL,False,-8.1e-05,0.03371,0.006685,NEUTRAL,False
DVA,2025-08-24,8.7,BULLISH,NEUTRAL,BULLISH,NEUTRAL,ESS_BULLISH_ANALYST_MIXED,False,-0.032768,-0.067793,0.006685,LOSER,False
DVN,2025-08-24,8.0,BULLISH,NEUTRAL,BULLISH,NEUTRAL,ESS_BULLISH_ANALYST_MIXED,False,-0.029364,-0.058641,0.006685,LOSER,False
DX,2025-08-24,8.7,BULLISH,NEUTRAL,NO_DATA,NEUTRAL,ESS_BULLISH_ANALYST_SKEPTICAL,False,,,0.006685,NO_DATA,
E,2025-08-24,9.4,BULLISH,BULLISH,NO_DATA,NEUTRAL,ESS_BULLISH_ANALYST_MIXED,False,-0.015173,0.01714,0.006685,LOSER,False
EBF,2025-08-24,8.1,BULLISH,NO_DATA,NEUTRAL,NEUTRAL,ESS_BULLISH_ANALYST_SKEPTICAL,False,-0.012453,-0.067905,0.006685,NEUTRAL,False
EBR,2025-08-24,8.1,BULLISH,NEUTRAL,NO_DATA,NEUTRAL,ESS_BULLISH_ANALYST_SKEPTICAL,False,,,0.006685,NO_DATA,
EBS,2025-08-24,8.1,BULLISH,NEUTRAL,BEARISH,NEUTRAL,ESS_BULLISH_ANALYST_SKEPTICAL,True,-0.11087,0.05,0.006685,LOSER,False
ECG,2025-08-24,8.3,BULLISH,BULLISH,NO_DATA,NO_DATA,ESS_BULLISH_ANALYST_FULL_AGREE,False,0.075784,0.157254,0.006685,WINNER,True
ED,2025-08-24,8.6,BULLISH,NEUTRAL,NEUTRAL,NEUTRAL,ESS_BULLISH_ANALYST_SKEPTICAL,False,-0.014007,0.008204,0.006685,LOSER,False
EDN,2025-08-24,8.1,BULLISH,NEUTRAL,NO_DATA,NEUTRAL,ESS_BULLISH_ANALYST_SKEPTICAL,False,,,0.006685,NO_DATA,
EEFT,2025-08-24,8.1,BULLISH,NEUTRAL,NEUTRAL,NEUTRAL,ESS_BULLISH_ANALYST_SKEPTICAL,False,-0.089422,-0.13038,0.006685,LOSER,False
EFSC,2025-08-24,9.5,BULLISH,NEUTRAL,NO_DATA,NEUTRAL,ESS_BULLISH_ANALYST_SKEPTICAL,False,-0.008218,-0.091424,0.006685,NEUTRAL,False
EGO,2025-08-24,8.2,BULLISH,NEUTRAL,NO_DATA,NEUTRAL,ESS_BULLISH_ANALYST_SKEPTICAL,False,0.226318,0.125161,0.006685,WINNER,True
EHC,2025-08-24,7.7,BULLISH,NEUTRAL,BULLISH,NEUTRAL,ESS_BULLISH_ANALYST_MIXED,False,0.037483,0.036168,0.006685,WINNER,True
EHTH,2025-08-24,8.7,BULLISH,NEUTRAL,NO_DATA,NEUTRAL,ESS_BULLISH_ANALYST_SKEPTICAL,False,0.087071,0.343008,0.006685,WINNER,True
ELA,2025-08-24,8.9,BULLISH,NEUTRAL,NO_DATA,NEUTRAL,ESS_BULLISH_ANALYST_SKEPTICAL,False,0.046296,0.123016,0.006685,WINNER,True
ELAN,2025-08-24,9.0,BULLISH,BULLISH,NEUTRAL,NEUTRAL,ESS_BULLISH_ANALYST_MIXED,False,0.042159,0.223721,0.006685,WINNER,True
ELMD,2025-08-24,8.8,BULLISH,NEUTRAL,NEUTRAL,NEUTRAL,ESS_BULLISH_ANALYST_SKEPTICAL,False,0.182178,0.222277,0.006685,WINNER,True
ELV,2025-08-24,7.5,BULLISH,BEARISH,BULLISH,NO_DATA,ESS_BULLISH_ANALYST_MAJORITY_BEARISH,True,0.036613,0.10882,0.006685,WINNER,True
EME,2025-08-24,9.5,BULLISH,NEUTRAL,BULLISH,BULLISH,ESS_BULLISH_ANALYST_MIXED,False,0.058343,0.143441,0.006685,WINNER,True
EML,2025-08-24,9.9,BULLISH,NO_DATA,BULLISH,NEUTRAL,ESS_BULLISH_ANALYST_MIXED,False,0.043202,-0.103346,0.006685,WINNER,True
ENB,2025-08-24,8.7,BULLISH,NEUTRAL,BEARISH,NEUTRAL,ESS_BULLISH_ANALYST_SKEPTICAL,True,0.042017,-0.008823,0.006685,WINNER,True
ENS,2025-08-24,7.6,BULLISH,NEUTRAL,NEUTRAL,NEUTRAL,ESS_BULLISH_ANALYST_SKEPTICAL,False,0.090497,0.197017,0.006685,WINNER,True
ENSG,2025-08-24,8.6,BULLISH,NEUTRAL,BULLISH,NEUTRAL,ESS_BULLISH_ANALYST_MIXED,False,-0.018828,0.091069,0.006685,LOSER,False
ENTA,2025-08-24,7.7,BULLISH,NEUTRAL,BULLISH,NEUTRAL,ESS_BULLISH_ANALYST_MIXED,False,-0.172055,0.232102,0.006685,LOSER,False
EPAM,2025-08-24,7.5,BULLISH,NEUTRAL,NEUTRAL,NEUTRAL,ESS_BULLISH_ANALYST_SKEPTICAL,False,-0.107066,-0.091473,0.006685,LOSER,False
EPC,2025-08-24,7.9,BULLISH,NEUTRAL,BULLISH,NEUTRAL,ESS_BULLISH_ANALYST_MIXED,False,-0.164513,-0.151237,0.006685,LOSER,False
EPD,2025-08-24,8.5,BULLISH,NEUTRAL,NO_DATA,NEUTRAL,ESS_BULLISH_ANALYST_SKEPTICAL,False,-0.007258,-0.023351,0.006685,NEUTRAL,False
EQH,2025-08-24,9.3,BULLISH,NEUTRAL,NO_DATA,NO_DATA,ESS_BULLISH_ANALYST_SKEPTICAL,False,0.021936,-0.079047,0.006685,NEUTRAL,False
ES,2025-08-24,8.3,BULLISH,NEUTRAL,NEUTRAL,NEUTRAL,ESS_BULLISH_ANALYST_SKEPTICAL,False,0.107573,0.178891,0.006685,WINNER,True
ESCA,2025-08-24,7.7,BULLISH,BEARISH,NEUTRAL,NEUTRAL,ESS_BULLISH_ANALYST_SKEPTICAL,True,-0.042748,-0.082317,0.006685,LOSER,False
ESNT,2025-08-24,8.8,BULLISH,NEUTRAL,NO_DATA,NO_DATA,ESS_BULLISH_ANALYST_SKEPTICAL,False,0.01935,-0.032038,0.006685,NEUTRAL,False
ETN,2025-08-24,7.5,BULLISH,NEUTRAL,NEUTRAL,NEUTRAL,ESS_BULLISH_ANALYST_SKEPTICAL,False,0.065826,0.077048,0.006685,WINNER,True
EVR,2025-08-24,9.2,BULLISH,BULLISH,NO_DATA,BULLISH,ESS_BULLISH_ANALYST_FULL_AGREE,False,0.116909,0.000604,0.006685,WINNER,True
EVTC,2025-08-24,9.2,BULLISH,BULLISH,BULLISH,NEUTRAL,ESS_BULLISH_ANALYST_MIXED,False,-0.076605,-0.144392,0.006685,LOSER,False
EXE,2025-08-24,7.3,BULLISH,NEUTRAL,BEARISH,NO_DATA,ESS_BULLISH_ANALYST_MAJORITY_BEARISH,True,0.064468,0.103995,0.006685,WINNER,True
EXEL,2025-08-24,9.5,BULLISH,BULLISH,NEUTRAL,NEUTRAL,ESS_BULLISH_ANALYST_MIXED,False,0.050396,0.003958,0.006685,WINNER,True
EZPW,2025-08-24,7.8,BULLISH,NEUTRAL,NO_DATA,NEUTRAL,ESS_BULLISH_ANALYST_SKEPTICAL,False,0.107275,0.115906,0.006685,WINNER,True
FAST,2025-08-24,8.7,BULLISH,NEUTRAL,BULLISH,NEUTRAL,ESS_BULLISH_ANALYST_MIXED,False,-0.045355,-0.144818,0.006685,LOSER,False
FBIN,2025-08-24,7.4,BULLISH,NEUTRAL,BULLISH,NO_DATA,ESS_BULLISH_ANALYST_MIXED,False,-0.095874,-0.136963,0.006685,LOSER,False
FBIZ,2025-08-24,8.7,BULLISH,NEUTRAL,NO_DATA,NEUTRAL,ESS_BULLISH_ANALYST_SKEPTICAL,False,0.003689,-0.034168,0.006685,NEUTRAL,False
FCF,2025-08-24,8.6,BULLISH,BULLISH,NO_DATA,NO_DATA,ESS_BULLISH_ANALYST_FULL_AGREE,False,-0.006264,-0.076879,0.006685,NEUTRAL,False
FDP,2025-08-24,8.1,BULLISH,NO_DATA,BULLISH,NEUTRAL,ESS_BULLISH_ANALYST_MIXED,False,-0.033206,-0.06233,0.006685,LOSER,False
FE,2025-08-24,7.6,BULLISH,NEUTRAL,BEARISH,NEUTRAL,ESS_BULLISH_ANALYST_SKEPTICAL,True,0.003666,0.065995,0.006685,NEUTRAL,False
FFBC,2025-08-24,7.5,BULLISH,BULLISH,NO_DATA,NEUTRAL,ESS_BULLISH_ANALYST_MIXED,False,-0.016374,-0.073517,0.006685,LOSER,False
FFIV,2025-08-24,8.3,BULLISH,BULLISH,NEUTRAL,BULLISH,ESS_BULLISH_ANALYST_MIXED,False,0.028508,-0.043839,0.006685,WINNER,True
FHI,2025-08-24,9.4,BULLISH,BULLISH,NO_DATA,NEUTRAL,ESS_BULLISH_ANALYST_MIXED,False,-0.012055,-0.054248,0.006685,NEUTRAL,False
FLEX,2025-08-24,7.6,BULLISH,NEUTRAL,BULLISH,NEUTRAL,ESS_BULLISH_ANALYST_MIXED,False,0.119857,0.205927,0.006685,WINNER,True
FLR,2025-08-24,7.7,BULLISH,NEUTRAL,BEARISH,NEUTRAL,ESS_BULLISH_ANALYST_SKEPTICAL,True,0.067394,0.155636,0.006685,WINNER,True
FLXS,2025-08-24,9.5,BULLISH,NEUTRAL,BULLISH,NEUTRAL,ESS_BULLISH_ANALYST_MIXED,False,0.047372,-0.216317,0.006685,WINNER,True
FMAO,2025-08-24,9.0,BULLISH,BULLISH,NO_DATA,NEUTRAL,ESS_BULLISH_ANALYST_MIXED,False,-0.010646,-0.071212,0.006685,NEUTRAL,False
FMBH,2025-08-24,7.7,BULLISH,NEUTRAL,NO_DATA,NEUTRAL,ESS_BULLISH_ANALYST_SKEPTICAL,False,-0.021848,-0.08212,0.006685,LOSER,False
FMS,2025-08-24,8.8,BULLISH,BULLISH,NO_DATA,NEUTRAL,ESS_BULLISH_ANALYST_MIXED,False,0.015817,0.064452,0.006685,NEUTRAL,False
FN,2025-08-24,8.5,BULLISH,BULLISH,BULLISH,NEUTRAL,ESS_BULLISH_ANALYST_MIXED,False,0.217529,0.328904,0.006685,WINNER,True
FOX,2025-08-24,9.0,BULLISH,NEUTRAL,NO_DATA,NEUTRAL,ESS_BULLISH_ANALYST_SKEPTICAL,False,0.019591,-0.028234,0.006685,NEUTRAL,False
FPI,2025-08-24,8.3,BULLISH,NEUTRAL,NO_DATA,NEUTRAL,ESS_BULLISH_ANALYST_SKEPTICAL,False,-0.002747,-0.052467,0.006685,NEUTRAL,False
FRME,2025-08-24,7.5,BULLISH,NEUTRAL,NO_DATA,NEUTRAL,ESS_BULLISH_ANALYST_SKEPTICAL,False,-0.027696,-0.105097,0.006685,LOSER,False
FSFG,2025-08-24,9.5,BULLISH,NEUTRAL,NO_DATA,NEUTRAL,ESS_BULLISH_ANALYST_SKEPTICAL,False,,,0.006685,NO_DATA,
FSS,2025-08-24,10.0,BULLISH,BULLISH,NO_DATA,BULLISH,ESS_BULLISH_ANALYST_FULL_AGREE,False,-0.016513,-0.01193,0.006685,LOSER,False
FTI,2025-08-24,8.0,BULLISH,NEUTRAL,NEUTRAL,NEUTRAL,ESS_BULLISH_ANALYST_SKEPTICAL,False,0.09303,0.122942,0.006685,WINNER,True
FUBO,2025-08-24,9.6,BULLISH,NEUTRAL,NO_DATA,NEUTRAL,ESS_BULLISH_ANALYST_SKEPTICAL,False,0.282421,0.034582,0.006685,WINNER,True
FULT,2025-08-24,9.6,BULLISH,BULLISH,NO_DATA,NO_DATA,ESS_BULLISH_ANALYST_FULL_AGREE,False,-0.036678,-0.090551,0.006685,LOSER,False
G,2025-08-24,9.1,BULLISH,NEUTRAL,BULLISH,NO_DATA,ESS_BULLISH_ANALYST_MIXED,False,-0.093004,-0.121279,0.006685,LOSER,False
GAP,2025-08-24,7.4,BULLISH,NEUTRAL,NEUTRAL,NO_DATA,ESS_BULLISH_ANALYST_SKEPTICAL,False,0.063256,0.079617,0.006685,WINNER,True
GBX,2025-08-24,7.5,BULLISH,NEUTRAL,NEUTRAL,NEUTRAL,ESS_BULLISH_ANALYST_SKEPTICAL,False,-0.006492,-0.01926,0.006685,NEUTRAL,False
GD,2025-08-24,9.9,BULLISH,NEUTRAL,BULLISH,BULLISH,ESS_BULLISH_ANALYST_MIXED,False,0.010347,0.072247,0.006685,NEUTRAL,False
GDOT,2025-08-24,8.7,BULLISH,NEUTRAL,NO_DATA,NEUTRAL,ESS_BULLISH_ANALYST_SKEPTICAL,False,0.112782,-0.02406,0.006685,WINNER,True
GDS,2025-08-24,8.8,BULLISH,BULLISH,NO_DATA,NEUTRAL,ESS_BULLISH_ANALYST_MIXED,False,0.133093,0.031617,0.006685,WINNER,True
GFF,2025-08-24,9.5,BULLISH,NEUTRAL,BULLISH,NEUTRAL,ESS_BULLISH_ANALYST_MIXED,False,0.018591,0.005893,0.006685,NEUTRAL,False
GFI,2025-08-24,9.4,BULLISH,BULLISH,NO_DATA,NEUTRAL,ESS_BULLISH_ANALYST_MIXED,False,0.292607,0.274358,0.006685,WINNER,True
GGAL,2025-08-24,8.7,BULLISH,NEUTRAL,NO_DATA,NEUTRAL,ESS_BULLISH_ANALYST_SKEPTICAL,False,,,0.006685,NO_DATA,
GHC,2025-08-24,7.4,BULLISH,NO_DATA,BEARISH,NEUTRAL,ESS_BULLISH_ANALYST_MAJORITY_BEARISH,True,0.069449,-0.067124,0.006685,WINNER,True
GIB,2025-08-24,9.8,BULLISH,NEUTRAL,BULLISH,NEUTRAL,ESS_BULLISH_ANALYST_MIXED,False,-0.050878,-0.077831,0.006685,LOSER,False
GIC,2025-08-24,9.0,BULLISH,BULLISH,NEUTRAL,NO_DATA,ESS_BULLISH_ANALYST_MIXED,False,-0.012938,-0.056604,0.006685,NEUTRAL,False
GILD,2025-08-24,8.8,BULLISH,NEUTRAL,BULLISH,BULLISH,ESS_BULLISH_ANALYST_MIXED,False,0.00915,0.065076,0.006685,NEUTRAL,False
GL,2025-08-24,7.5,BULLISH,NEUTRAL,NO_DATA,NEUTRAL,ESS_BULLISH_ANALYST_SKEPTICAL,False,0.051367,-0.024584,0.006685,WINNER,True
GLDD,2025-08-24,8.8,BULLISH,BULLISH,NO_DATA,NEUTRAL,ESS_BULLISH_ANALYST_MIXED,False,,,0.006685,NO_DATA,
GLW,2025-08-24,8.2,BULLISH,BULLISH,NEUTRAL,NEUTRAL,ESS_BULLISH_ANALYST_MIXED,False,0.217885,0.290658,0.006685,WINNER,True
GNE,2025-08-24,9.6,BULLISH,NO_DATA,BEARISH,NEUTRAL,ESS_BULLISH_ANALYST_MAJORITY_BEARISH,True,,,0.006685,NO_DATA,
GOLF,2025-08-24,7.2,BULLISH,BULLISH,NEUTRAL,NEUTRAL,ESS_BULLISH_ANALYST_MIXED,False,-0.057408,0.028915,0.006685,LOSER,False
GOOG,2025-08-24,8.2,BULLISH,NEUTRAL,NEUTRAL,NO_DATA,ESS_BULLISH_ANALYST_SKEPTICAL,False,,,0.006685,NO_DATA,
GPI,2025-08-24,9.4,BULLISH,NEUTRAL,BULLISH,NEUTRAL,ESS_BULLISH_ANALYST_MIXED,False,-0.033932,-0.082584,0.006685,LOSER,False
GSK,2025-08-24,9.6,BULLISH,NEUTRAL,NO_DATA,NEUTRAL,ESS_BULLISH_ANALYST_SKEPTICAL,False,0.0222,0.14884,0.006685,NEUTRAL,False
GTN,2025-08-24,9.6,BULLISH,NEUTRAL,NEUTRAL,NEUTRAL,ESS_BULLISH_ANALYST_SKEPTICAL,False,-0.018052,-0.194299,0.006685,LOSER,False
GTX,2025-08-24,8.6,BULLISH,BULLISH,NO_DATA,NEUTRAL,ESS_BULLISH_ANALYST_MIXED,False,0.06396,0.135449,0.006685,WINNER,True
GVA,2025-08-24,9.4,BULLISH,NEUTRAL,BEARISH,BULLISH,ESS_BULLISH_ANALYST_MIXED,True,0.007023,-0.055332,0.006685,NEUTRAL,False
HAE,2025-08-24,9.4,BULLISH,NEUTRAL,NEUTRAL,NEUTRAL,ESS_BULLISH_ANALYST_SKEPTICAL,False,-0.082926,-0.070252,0.006685,LOSER,False
HALO,2025-08-24,9.1,BULLISH,NEUTRAL,NEUTRAL,NEUTRAL,ESS_BULLISH_ANALYST_SKEPTICAL,False,0.074228,-0.073674,0.006685,WINNER,True
HAS,2025-08-24,7.3,BULLISH,BULLISH,NEUTRAL,NEUTRAL,ESS_BULLISH_ANALYST_MIXED,False,-0.07698,-0.03849,0.006685,LOSER,False
HBCP,2025-08-24,9.9,BULLISH,BULLISH,NO_DATA,NEUTRAL,ESS_BULLISH_ANALYST_MIXED,False,-0.010613,-0.019608,0.006685,NEUTRAL,False
HBM,2025-08-24,7.1,BULLISH,NEUTRAL,BEARISH,NEUTRAL,ESS_BULLISH_ANALYST_SKEPTICAL,True,0.152659,0.323328,0.006685,WINNER,True
HBT,2025-08-24,7.5,BULLISH,NEUTRAL,NO_DATA,NEUTRAL,ESS_BULLISH_ANALYST_SKEPTICAL,False,-0.019191,-0.066312,0.006685,LOSER,False
HCA,2025-08-24,8.9,BULLISH,NEUTRAL,NEUTRAL,BULLISH,ESS_BULLISH_ANALYST_MIXED,False,0.018404,0.094787,0.006685,NEUTRAL,False
HCAT,2025-08-24,7.7,BULLISH,NEUTRAL,NO_DATA,NEUTRAL,ESS_BULLISH_ANALYST_SKEPTICAL,False,-0.146707,-0.083832,0.006685,LOSER,False
HCSG,2025-08-24,9.6,BULLISH,BULLISH,NEUTRAL,BULLISH,ESS_BULLISH_ANALYST_MIXED,False,0.034861,0.20142,0.006685,WINNER,True
HE,2025-08-24,8.0,BULLISH,NEUTRAL,NEUTRAL,NEUTRAL,ESS_BULLISH_ANALYST_SKEPTICAL,False,-0.06357,-0.05053,0.006685,LOSER,False
HEI,2025-08-24,7.2,BULLISH,NEUTRAL,NEUTRAL,NEUTRAL,ESS_BULLISH_ANALYST_SKEPTICAL,False,0.047914,0.040021,0.006685,WINNER,True
HESM,2025-08-24,8.0,BULLISH,NEUTRAL,NO_DATA,NEUTRAL,ESS_BULLISH_ANALYST_SKEPTICAL,False,-0.150572,-0.179275,0.006685,LOSER,False
HHH,2025-08-24,8.9,BULLISH,BULLISH,NO_DATA,NO_DATA,ESS_BULLISH_ANALYST_FULL_AGREE,False,0.072836,0.083222,0.006685,WINNER,True
HIG,2025-08-24,9.0,BULLISH,NEUTRAL,NO_DATA,NEUTRAL,ESS_BULLISH_ANALYST_SKEPTICAL,False,-0.002261,-0.051917,0.006685,NEUTRAL,False
HII,2025-08-24,8.4,BULLISH,NEUTRAL,NEUTRAL,BULLISH,ESS_BULLISH_ANALYST_MIXED,False,0.024565,0.076831,0.006685,NEUTRAL,False
HIMX,2025-08-24,8.2,BULLISH,NEUTRAL,NO_DATA,NEUTRAL,ESS_BULLISH_ANALYST_SKEPTICAL,False,0.118404,0.153153,0.006685,WINNER,True
HLF,2025-08-24,8.1,BULLISH,NEUTRAL,BULLISH,NEUTRAL,ESS_BULLISH_ANALYST_MIXED,False,-0.044397,-0.100423,0.006685,LOSER,False
HLI,2025-08-24,7.8,BULLISH,BULLISH,NO_DATA,NEUTRAL,ESS_BULLISH_ANALYST_MIXED,False,0.068611,0.005728,0.006685,WINNER,True
HLNE,2025-08-24,7.3,BULLISH,NEUTRAL,NO_DATA,NEUTRAL,ESS_BULLISH_ANALYST_SKEPTICAL,False,-0.025029,-0.226527,0.006685,LOSER,False
HLT,2025-08-24,7.6,BULLISH,NEUTRAL,NEUTRAL,NEUTRAL,ESS_BULLISH_ANALYST_SKEPTICAL,False,-0.037314,-0.022967,0.006685,LOSER,False
HMC,2025-08-24,7.1,BULLISH,NEUTRAL,NO_DATA,NEUTRAL,ESS_BULLISH_ANALYST_SKEPTICAL,False,-0.01138,-0.078203,0.006685,NEUTRAL,False
HMN,2025-08-24,9.0,BULLISH,NEUTRAL,NO_DATA,BULLISH,ESS_BULLISH_ANALYST_MIXED,False,0.028007,-0.002078,0.006685,WINNER,True
HNI,2025-08-24,8.5,BULLISH,NEUTRAL,BULLISH,NEUTRAL,ESS_BULLISH_ANALYST_MIXED,False,0.023402,0.007876,0.006685,NEUTRAL,False
HPQ,2025-08-24,8.1,BULLISH,BEARISH,NEUTRAL,NEUTRAL,ESS_BULLISH_ANALYST_SKEPTICAL,True,0.047883,0.022172,0.006685,WINNER,True
HQY,2025-08-24,7.8,BULLISH,NEUTRAL,NEUTRAL,NEUTRAL,ESS_BULLISH_ANALYST_SKEPTICAL,False,0.073553,0.102036,0.006685,WINNER,True
HRMY,2025-08-24,7.7,BULLISH,NEUTRAL,NO_DATA,NO_DATA,ESS_BULLISH_ANALYST_SKEPTICAL,False,-0.142972,-0.208979,0.006685,LOSER,False
HSBC,2025-08-24,9.6,BULLISH,BULLISH,NO_DATA,NEUTRAL,ESS_BULLISH_ANALYST_MIXED,False,0.076357,0.015946,0.006685,WINNER,True
HSII,2025-08-24,7.5,BULLISH,NEUTRAL,NEUTRAL,NEUTRAL,ESS_BULLISH_ANALYST_SKEPTICAL,False,,,0.006685,NO_DATA,
HTO,2025-08-24,8.0,BULLISH,NEUTRAL,BULLISH,NO_DATA,ESS_BULLISH_ANALYST_MIXED,False,-0.026153,0.012977,0.006685,LOSER,False
HUBB,2025-08-24,8.4,BULLISH,NEUTRAL,NEUTRAL,NEUTRAL,ESS_BULLISH_ANALYST_SKEPTICAL,False,-0.002371,-0.006864,0.006685,NEUTRAL,False
HURN,2025-08-24,8.2,BULLISH,NEUTRAL,BULLISH,NEUTRAL,ESS_BULLISH_ANALYST_MIXED,False,0.048535,0.124458,0.006685,WINNER,True
HVT,2025-08-24,7.8,BULLISH,NEUTRAL,NEUTRAL,NO_DATA,ESS_BULLISH_ANALYST_SKEPTICAL,False,-0.012998,-0.119584,0.006685,NEUTRAL,False
HWKN,2025-08-24,7.8,BULLISH,BULLISH,BULLISH,NEUTRAL,ESS_BULLISH_ANALYST_MIXED,False,0.006815,-0.035897,0.006685,NEUTRAL,False
IAG,2025-08-24,8.1,BULLISH,BULLISH,BULLISH,NEUTRAL,ESS_BULLISH_ANALYST_MIXED,False,0.360136,0.363533,0.006685,WINNER,True
IBCP,2025-08-24,7.5,BULLISH,NEUTRAL,NO_DATA,NEUTRAL,ESS_BULLISH_ANALYST_SKEPTICAL,False,-0.03423,-0.038814,0.006685,LOSER,False
IBKR,2025-08-24,9.4,BULLISH,BULLISH,NO_DATA,NEUTRAL,ESS_BULLISH_ANALYST_MIXED,False,0.04483,0.071633,0.006685,WINNER,True
IBM,2025-08-24,7.7,BULLISH,NEUTRAL,NEUTRAL,NEUTRAL,ESS_BULLISH_ANALYST_SKEPTICAL,False,0.137034,0.190327,0.006685,WINNER,True
ICFI,2025-08-24,8.8,BULLISH,NEUTRAL,BULLISH,NEUTRAL,ESS_BULLISH_ANALYST_MIXED,False,-0.045175,-0.078547,0.006685,LOSER,False
ICLR,2025-08-24,9.1,BULLISH,NEUTRAL,BULLISH,NEUTRAL,ESS_BULLISH_ANALYST_MIXED,False,-0.007977,0.048035,0.006685,NEUTRAL,False
IDN,2025-08-24,9.1,BULLISH,NEUTRAL,BULLISH,NEUTRAL,ESS_BULLISH_ANALYST_MIXED,False,0.070476,-0.112381,0.006685,WINNER,True
IDT,2025-08-24,9.9,BULLISH,NO_DATA,NEUTRAL,NEUTRAL,ESS_BULLISH_ANALYST_SKEPTICAL,False,0.045109,-0.215156,0.006685,WINNER,True
IDXX,2025-08-24,8.9,BULLISH,NEUTRAL,BULLISH,NEUTRAL,ESS_BULLISH_ANALYST_MIXED,False,0.010961,-0.004288,0.006685,NEUTRAL,False
III,2025-08-24,7.5,BULLISH,NEUTRAL,NEUTRAL,NEUTRAL,ESS_BULLISH_ANALYST_SKEPTICAL,False,0.124187,0.108242,0.006685,WINNER,True
IIIN,2025-08-24,8.6,BULLISH,BULLISH,BULLISH,NEUTRAL,ESS_BULLISH_ANALYST_MIXED,False,0.010388,-0.198819,0.006685,NEUTRAL,False
ILMN,2025-08-24,7.1,BULLISH,NEUTRAL,NEUTRAL,NEUTRAL,ESS_BULLISH_ANALYST_SKEPTICAL,False,-0.00291,0.003111,0.006685,NEUTRAL,False
ILPT,2025-08-24,9.6,BULLISH,BULLISH,NO_DATA,NEUTRAL,ESS_BULLISH_ANALYST_MIXED,False,0.028571,-0.001681,0.006685,WINNER,True
IMKTA,2025-08-24,8.1,BULLISH,NO_DATA,BULLISH,NEUTRAL,ESS_BULLISH_ANALYST_MIXED,False,0.016425,0.077028,0.006685,NEUTRAL,False
IMXI,2025-08-24,8.7,BULLISH,NEUTRAL,NO_DATA,NEUTRAL,ESS_BULLISH_ANALYST_SKEPTICAL,False,-0.008304,0.025606,0.006685,NEUTRAL,False
INCY,2025-08-24,8.6,BULLISH,NEUTRAL,BEARISH,BULLISH,ESS_BULLISH_ANALYST_MIXED,True,-0.002596,0.053681,0.006685,NEUTRAL,False
INFU,2025-08-24,9.4,BULLISH,BULLISH,NEUTRAL,NEUTRAL,ESS_BULLISH_ANALYST_MIXED,False,0.035461,0.01925,0.006685,WINNER,True
INGN,2025-08-24,8.8,BULLISH,NEUTRAL,NEUTRAL,NEUTRAL,ESS_BULLISH_ANALYST_SKEPTICAL,False,0.081712,0.16083,0.006685,WINNER,True
INGR,2025-08-24,7.8,BULLISH,NEUTRAL,NEUTRAL,NO_DATA,ESS_BULLISH_ANALYST_SKEPTICAL,False,-0.046243,-0.062365,0.006685,LOSER,False
INO,2025-08-24,9.6,BULLISH,BULLISH,BULLISH,NEUTRAL,ESS_BULLISH_ANALYST_MIXED,False,0.235897,0.153846,0.006685,WINNER,True
INTU,2025-08-24,8.7,BULLISH,BULLISH,NEUTRAL,NEUTRAL,ESS_BULLISH_ANALYST_MIXED,False,0.064266,0.033485,0.006685,WINNER,True
INVA,2025-08-24,8.0,BULLISH,NEUTRAL,NEUTRAL,NEUTRAL,ESS_BULLISH_ANALYST_SKEPTICAL,False,-0.033401,-0.075911,0.006685,LOSER,False
INVX,2025-08-24,9.3,BULLISH,NEUTRAL,BEARISH,NO_DATA,ESS_BULLISH_ANALYST_MAJORITY_BEARISH,True,0.043658,0.20708,0.006685,WINNER,True
IPG,2025-08-24,7.9,BULLISH,BULLISH,NEUTRAL,NEUTRAL,ESS_BULLISH_ANALYST_MIXED,False,,,0.006685,NO_DATA,
IRDM,2025-08-24,8.8,BULLISH,NEUTRAL,NEUTRAL,NEUTRAL,ESS_BULLISH_ANALYST_SKEPTICAL,False,-0.279873,-0.261189,0.006685,LOSER,False
IRMD,2025-08-24,8.8,BULLISH,NEUTRAL,NEUTRAL,NEUTRAL,ESS_BULLISH_ANALYST_SKEPTICAL,False,0.000979,0.09021,0.006685,NEUTRAL,False
IRWD,2025-08-24,8.2,BULLISH,BULLISH,BEARISH,NEUTRAL,ESS_BULLISH_ANALYST_MIXED,True,0.094488,0.283465,0.006685,WINNER,True
IT,2025-08-24,7.1,BULLISH,NEUTRAL,BULLISH,NEUTRAL,ESS_BULLISH_ANALYST_MIXED,False,0.068373,0.039135,0.006685,WINNER,True
ITGR,2025-08-24,8.6,BULLISH,NEUTRAL,BULLISH,NEUTRAL,ESS_BULLISH_ANALYST_MIXED,False,-0.051751,-0.320802,0.006685,LOSER,False
ITRI,2025-08-24,8.4,BULLISH,NEUTRAL,NEUTRAL,NEUTRAL,ESS_BULLISH_ANALYST_SKEPTICAL,False,0.005401,0.08029,0.006685,NEUTRAL,False
ITW,2025-08-24,8.0,BULLISH,NEUTRAL,BULLISH,NEUTRAL,ESS_BULLISH_ANALYST_MIXED,False,-0.020694,-0.028884,0.006685,LOSER,False
IVZ,2025-08-24,9.3,BULLISH,NEUTRAL,NO_DATA,NEUTRAL,ESS_BULLISH_ANALYST_SKEPTICAL,False,0.037465,0.049029,0.006685,WINNER,True
J,2025-08-24,8.5,BULLISH,NEUTRAL,NEUTRAL,NEUTRAL,ESS_BULLISH_ANALYST_SKEPTICAL,False,0.005167,0.09293,0.006685,NEUTRAL,False
JAZZ,2025-08-24,8.0,BULLISH,BEARISH,BEARISH,NEUTRAL,ESS_BULLISH_ANALYST_MAJORITY_BEARISH,True,0.038607,0.109078,0.006685,WINNER,True
JBGS,2025-08-24,8.2,BULLISH,NO_DATA,NO_DATA,NEUTRAL,ESS_BULLISH_ANALYST_SKEPTICAL,False,0.120731,0.040404,0.006685,WINNER,True
JBL,2025-08-24,9.8,BULLISH,BULLISH,BULLISH,NEUTRAL,ESS_BULLISH_ANALYST_MIXED,False,0.12263,-0.010869,0.006685,WINNER,True
JHG,2025-08-24,9.5,BULLISH,BULLISH,NO_DATA,NEUTRAL,ESS_BULLISH_ANALYST_MIXED,False,0.010211,-0.066712,0.006685,NEUTRAL,False
JNJ,2025-08-24,8.5,BULLISH,NEUTRAL,NEUTRAL,NEUTRAL,ESS_BULLISH_ANALYST_SKEPTICAL,False,-0.002993,0.086726,0.006685,NEUTRAL,False
JPM,2025-08-24,7.4,BULLISH,BULLISH,NO_DATA,NEUTRAL,ESS_BULLISH_ANALYST_MIXED,False,0.060495,0.003635,0.006685,WINNER,True
KAR,2025-08-24,9.1,BULLISH,BULLISH,NO_DATA,BULLISH,ESS_BULLISH_ANALYST_FULL_AGREE,False,,,0.006685,NO_DATA,
KB,2025-08-24,8.8,BULLISH,NEUTRAL,NO_DATA,NEUTRAL,ESS_BULLISH_ANALYST_SKEPTICAL,False,0.048799,0.025162,0.006685,WINNER,True
KD,2025-08-24,8.9,BULLISH,NEUTRAL,NO_DATA,NO_DATA,ESS_BULLISH_ANALYST_SKEPTICAL,False,0.013162,-0.086356,0.006685,NEUTRAL,False
KE,2025-08-24,9.9,BULLISH,NEUTRAL,BULLISH,BULLISH,ESS_BULLISH_ANALYST_MIXED,False,0.087609,0.049564,0.006685,WINNER,True
KELYA,2025-08-24,9.9,BULLISH,NEUTRAL,BULLISH,BULLISH,ESS_BULLISH_ANALYST_MIXED,False,-0.062108,-0.122121,0.006685,LOSER,False
KFRC,2025-08-24,8.5,BULLISH,BEARISH,NO_DATA,NEUTRAL,ESS_BULLISH_ANALYST_MAJORITY_BEARISH,True,-0.072561,-0.149694,0.006685,LOSER,False
KFY,2025-08-24,8.5,BULLISH,NEUTRAL,BULLISH,NEUTRAL,ESS_BULLISH_ANALYST_MIXED,False,-0.049593,-0.062103,0.006685,LOSER,False
KGC,2025-08-24,9.6,BULLISH,BULLISH,BULLISH,NEUTRAL,ESS_BULLISH_ANALYST_MIXED,False,0.241379,0.212982,0.006685,WINNER,True
KGS,2025-08-24,9.6,BULLISH,BULLISH,NO_DATA,NO_DATA,ESS_BULLISH_ANALYST_FULL_AGREE,False,0.020676,0.0265,0.006685,NEUTRAL,False
KKR,2025-08-24,8.2,BULLISH,NEUTRAL,NO_DATA,NEUTRAL,ESS_BULLISH_ANALYST_SKEPTICAL,False,0.061567,-0.127965,0.006685,WINNER,True
KLAC,2025-08-24,9.7,BULLISH,NEUTRAL,BULLISH,NO_DATA,ESS_BULLISH_ANALYST_MIXED,False,0.217895,0.317719,0.006685,WINNER,True
KMPR,2025-08-24,8.2,BULLISH,BEARISH,NO_DATA,NEUTRAL,ESS_BULLISH_ANALYST_MAJORITY_BEARISH,True,-0.026833,-0.099206,0.006685,LOSER,False
KR,2025-08-24,8.5,BULLISH,NEUTRAL,BULLISH,NEUTRAL,ESS_BULLISH_ANALYST_MIXED,False,-0.068292,-0.021101,0.006685,LOSER,False
KROS,2025-08-24,9.0,BULLISH,NEUTRAL,NO_DATA,NEUTRAL,ESS_BULLISH_ANALYST_SKEPTICAL,False,0.063008,0.00813,0.006685,WINNER,True
KRYS,2025-08-24,9.2,BULLISH,NEUTRAL,BULLISH,NEUTRAL,ESS_BULLISH_ANALYST_MIXED,False,0.124004,0.270355,0.006685,WINNER,True
L,2025-08-24,7.4,BULLISH,NO_DATA,NO_DATA,NEUTRAL,ESS_BULLISH_ANALYST_SKEPTICAL,False,0.024569,0.044851,0.006685,NEUTRAL,False
LAD,2025-08-24,8.3,BULLISH,NEUTRAL,NEUTRAL,NEUTRAL,ESS_BULLISH_ANALYST_SKEPTICAL,False,0.033139,0.003864,0.006685,WINNER,True
LADR,2025-08-24,9.6,BULLISH,BULLISH,NO_DATA,NEUTRAL,ESS_BULLISH_ANALYST_MIXED,False,-0.013123,-0.01491,0.006685,NEUTRAL,False
LC,2025-08-24,9.6,BULLISH,BULLISH,NO_DATA,NEUTRAL,ESS_BULLISH_ANALYST_MIXED,False,0.037553,0.105391,0.006685,WINNER,True
LDOS,2025-08-24,9.5,BULLISH,BULLISH,BULLISH,NEUTRAL,ESS_BULLISH_ANALYST_MIXED,False,0.032531,0.056149,0.006685,WINNER,True
LECO,2025-08-24,8.0,BULLISH,BULLISH,BULLISH,NEUTRAL,ESS_BULLISH_ANALYST_MIXED,False,-0.038807,-0.011564,0.006685,LOSER,False
LEVI,2025-08-24,9.3,BULLISH,BULLISH,NO_DATA,NEUTRAL,ESS_BULLISH_ANALYST_MIXED,False,0.077462,0.002525,0.006685,WINNER,True
LFVN,2025-08-24,9.1,BULLISH,NEUTRAL,NEUTRAL,NEUTRAL,ESS_BULLISH_ANALYST_SKEPTICAL,False,-0.176926,-0.313197,0.006685,LOSER,False
LIVN,2025-08-24,7.8,BULLISH,NEUTRAL,BULLISH,NEUTRAL,ESS_BULLISH_ANALYST_MIXED,False,-0.042413,-0.033718,0.006685,LOSER,False
LKQ,2025-08-24,7.9,BULLISH,BEARISH,BULLISH,NEUTRAL,ESS_BULLISH_ANALYST_MIXED,True,-0.041325,-0.034069,0.006685,LOSER,False
LLY,2025-08-24,8.1,BULLISH,NEUTRAL,BEARISH,NEUTRAL,ESS_BULLISH_ANALYST_SKEPTICAL,True,0.074281,0.180792,0.006685,WINNER,True
LNG,2025-08-24,7.3,BULLISH,NEUTRAL,BEARISH,NEUTRAL,ESS_BULLISH_ANALYST_SKEPTICAL,True,-0.01855,-0.07441,0.006685,LOSER,False
LNN,2025-08-24,7.5,BULLISH,NEUTRAL,NEUTRAL,NEUTRAL,ESS_BULLISH_ANALYST_SKEPTICAL,False,-0.001073,-0.161768,0.006685,NEUTRAL,False
LNTH,2025-08-24,8.3,BULLISH,BULLISH,BEARISH,NEUTRAL,ESS_BULLISH_ANALYST_MIXED,True,-0.073006,0.006321,0.006685,LOSER,False
LOCO,2025-08-24,9.5,BULLISH,NEUTRAL,BULLISH,NEUTRAL,ESS_BULLISH_ANALYST_MIXED,False,-0.049618,-0.104008,0.006685,LOSER,False
LOOP,2025-08-24,8.3,BULLISH,NEUTRAL,NEUTRAL,NEUTRAL,ESS_BULLISH_ANALYST_SKEPTICAL,False,0.078947,0.059211,0.006685,WINNER,True
LOW,2025-08-24,7.2,BULLISH,NEUTRAL,BULLISH,NEUTRAL,ESS_BULLISH_ANALYST_MIXED,False,0.003631,-0.053312,0.006685,NEUTRAL,False
LRCX,2025-08-24,9.7,BULLISH,NEUTRAL,BULLISH,NO_DATA,ESS_BULLISH_ANALYST_MIXED,False,0.302626,0.45963,0.006685,WINNER,True
LRN,2025-08-24,8.9,BULLISH,BULLISH,NEUTRAL,BULLISH,ESS_BULLISH_ANALYST_MIXED,False,-0.144798,-0.086734,0.006685,LOSER,False
LUMN,2025-08-24,9.3,BULLISH,NEUTRAL,BULLISH,NO_DATA,ESS_BULLISH_ANALYST_MIXED,False,0.236674,0.660981,0.006685,WINNER,True
LXFR,2025-08-24,9.8,BULLISH,NEUTRAL,BULLISH,NEUTRAL,ESS_BULLISH_ANALYST_MIXED,False,0.072948,0.04207,0.006685,WINNER,True
LXP,2025-08-24,7.5,BULLISH,NEUTRAL,NO_DATA,NEUTRAL,ESS_BULLISH_ANALYST_SKEPTICAL,False,0.061364,0.099391,0.006685,WINNER,True
LYFT,2025-08-24,7.7,BULLISH,NEUTRAL,NO_DATA,NEUTRAL,ESS_BULLISH_ANALYST_SKEPTICAL,False,0.295015,0.206452,0.006685,WINNER,True
LYG,2025-08-24,8.1,BULLISH,BULLISH,NO_DATA,NEUTRAL,ESS_BULLISH_ANALYST_MIXED,False,-0.019737,-0.004386,0.006685,LOSER,False
LZB,2025-08-24,8.3,BULLISH,NEUTRAL,BULLISH,NEUTRAL,ESS_BULLISH_ANALYST_MIXED,False,-0.055875,-0.096542,0.006685,LOSER,False
MA,2025-08-24,9.2,BULLISH,NEUTRAL,BULLISH,NEUTRAL,ESS_BULLISH_ANALYST_MIXED,False,-0.039177,-0.031494,0.006685,LOSER,False
MANH,2025-08-24,9.1,BULLISH,BULLISH,NEUTRAL,NEUTRAL,ESS_BULLISH_ANALYST_MIXED,False,-0.005399,-0.093964,0.006685,NEUTRAL,False
MAS,2025-08-24,7.6,BULLISH,NEUTRAL,NEUTRAL,NEUTRAL,ESS_BULLISH_ANALYST_SKEPTICAL,False,-0.039194,-0.067248,0.006685,LOSER,False
MBOT,2025-08-24,8.9,BULLISH,BULLISH,BULLISH,NEUTRAL,ESS_BULLISH_ANALYST_MIXED,False,-0.163462,-0.40625,0.006685,LOSER,False
MBWM,2025-08-24,9.6,BULLISH,BULLISH,NO_DATA,NEUTRAL,ESS_BULLISH_ANALYST_MIXED,False,-0.051066,-0.078958,0.006685,LOSER,False
MCB,2025-08-24,9.6,BULLISH,BULLISH,NO_DATA,NEUTRAL,ESS_BULLISH_ANALYST_MIXED,False,-0.000904,-0.037338,0.006685,NEUTRAL,False
MCK,2025-08-24,9.0,BULLISH,NEUTRAL,NEUTRAL,NEUTRAL,ESS_BULLISH_ANALYST_SKEPTICAL,False,0.093218,0.169401,0.006685,WINNER,True
MCO,2025-08-24,8.2,BULLISH,NEUTRAL,NO_DATA,BULLISH,ESS_BULLISH_ANALYST_MIXED,False,-0.065137,-0.060196,0.006685,LOSER,False
MCRI,2025-08-24,8.1,BULLISH,BULLISH,NEUTRAL,NEUTRAL,ESS_BULLISH_ANALYST_MIXED,False,0.006428,-0.10391,0.006685,NEUTRAL,False
MCY,2025-08-24,9.9,BULLISH,BULLISH,NO_DATA,BULLISH,ESS_BULLISH_ANALYST_FULL_AGREE,False,0.071128,0.037089,0.006685,WINNER,True
MD,2025-08-24,9.5,BULLISH,BULLISH,BULLISH,BULLISH,ESS_BULLISH_ANALYST_FULL_AGREE,False,-0.033998,0.006448,0.006685,LOSER,False
MDXG,2025-08-24,9.9,BULLISH,NEUTRAL,NO_DATA,BULLISH,ESS_BULLISH_ANALYST_MIXED,False,0.004237,-0.062147,0.006685,NEUTRAL,False
MEC,2025-08-24,8.5,BULLISH,NEUTRAL,NO_DATA,NEUTRAL,ESS_BULLISH_ANALYST_SKEPTICAL,False,-0.031359,0.146341,0.006685,LOSER,False
MED,2025-08-24,9.0,BULLISH,NEUTRAL,BEARISH,NEUTRAL,ESS_BULLISH_ANALYST_SKEPTICAL,True,-0.002129,-0.114265,0.006685,NEUTRAL,False
MEDP,2025-08-24,8.7,BULLISH,BULLISH,NEUTRAL,BULLISH,ESS_BULLISH_ANALYST_MIXED,False,0.062854,0.278085,0.006685,WINNER,True
MEOH,2025-08-24,7.3,BULLISH,NEUTRAL,NO_DATA,NEUTRAL,ESS_BULLISH_ANALYST_SKEPTICAL,False,0.109393,0.01971,0.006685,WINNER,True
META,2025-08-24,7.5,BULLISH,BULLISH,NEUTRAL,NEUTRAL,ESS_BULLISH_ANALYST_MIXED,False,0.003465,-0.024963,0.006685,NEUTRAL,False
MFC,2025-08-24,7.2,BULLISH,NEUTRAL,NO_DATA,NEUTRAL,ESS_BULLISH_ANALYST_SKEPTICAL,False,0.034265,0.071191,0.006685,WINNER,True
MFG,2025-08-24,8.9,BULLISH,BULLISH,NO_DATA,NEUTRAL,ESS_BULLISH_ANALYST_MIXED,False,0.027439,-0.021341,0.006685,WINNER,True
MFIN,2025-08-24,9.5,BULLISH,NEUTRAL,NO_DATA,NEUTRAL,ESS_BULLISH_ANALYST_SKEPTICAL,False,0.003795,-0.055029,0.006685,NEUTRAL,False
MG,2025-08-24,9.6,BULLISH,NEUTRAL,NEUTRAL,BULLISH,ESS_BULLISH_ANALYST_MIXED,False,0.050901,0.051962,0.006685,WINNER,True
MGA,2025-08-24,7.2,BULLISH,NEUTRAL,NEUTRAL,NEUTRAL,ESS_BULLISH_ANALYST_SKEPTICAL,False,0.000866,-0.002166,0.006685,NEUTRAL,False
MGIC,2025-08-24,9.6,BULLISH,NEUTRAL,BULLISH,NEUTRAL,ESS_BULLISH_ANALYST_MIXED,False,,,0.006685,NO_DATA,
MGPI,2025-08-24,9.2,BULLISH,NEUTRAL,BEARISH,NEUTRAL,ESS_BULLISH_ANALYST_SKEPTICAL,True,-0.116129,-0.170798,0.006685,LOSER,False
MGRC,2025-08-24,7.8,BULLISH,NEUTRAL,NEUTRAL,NEUTRAL,ESS_BULLISH_ANALYST_SKEPTICAL,False,-0.019859,-0.008059,0.006685,LOSER,False
MHK,2025-08-24,7.2,BULLISH,NEUTRAL,BULLISH,NEUTRAL,ESS_BULLISH_ANALYST_MIXED,False,-0.032031,-0.023929,0.006685,LOSER,False
MHO,2025-08-24,7.4,BULLISH,BEARISH,BULLISH,NEUTRAL,ESS_BULLISH_ANALYST_MIXED,True,-0.013964,-0.095078,0.006685,LOSER,False
MKL,2025-08-24,9.4,BULLISH,NEUTRAL,NO_DATA,NEUTRAL,ESS_BULLISH_ANALYST_SKEPTICAL,False,-0.020127,-0.041583,0.006685,LOSER,False
MKSI,2025-08-24,7.7,BULLISH,BULLISH,BULLISH,NEUTRAL,ESS_BULLISH_ANALYST_MIXED,False,0.209942,0.324139,0.006685,WINNER,True
MLCO,2025-08-24,7.8,BULLISH,NEUTRAL,NO_DATA,NEUTRAL,ESS_BULLISH_ANALYST_SKEPTICAL,False,0.009494,-0.121308,0.006685,NEUTRAL,False
MLI,2025-08-24,7.9,BULLISH,NO_DATA,BULLISH,NEUTRAL,ESS_BULLISH_ANALYST_MIXED,False,0.07782,0.104421,0.006685,WINNER,True
MNST,2025-08-24,9.8,BULLISH,NEUTRAL,BULLISH,BULLISH,ESS_BULLISH_ANALYST_MIXED,False,0.034992,0.12183,0.006685,WINNER,True
MO,2025-08-24,9.3,BULLISH,NEUTRAL,BEARISH,NEUTRAL,ESS_BULLISH_ANALYST_SKEPTICAL,True,-0.016878,-0.021424,0.006685,LOSER,False
MOH,2025-08-24,8.8,BULLISH,BEARISH,BULLISH,NEUTRAL,ESS_BULLISH_ANALYST_MIXED,True,0.042188,-0.080893,0.006685,WINNER,True
MPAA,2025-08-24,7.7,BULLISH,BEARISH,NEUTRAL,NEUTRAL,ESS_BULLISH_ANALYST_SKEPTICAL,True,0.139615,0.123796,0.006685,WINNER,True
MPC,2025-08-24,7.1,BULLISH,NEUTRAL,BEARISH,NEUTRAL,ESS_BULLISH_ANALYST_SKEPTICAL,True,0.108549,0.138111,0.006685,WINNER,True
MPWR,2025-08-24,8.6,BULLISH,NEUTRAL,NEUTRAL,NEUTRAL,ESS_BULLISH_ANALYST_SKEPTICAL,False,0.091197,0.280271,0.006685,WINNER,True
MRK,2025-08-24,9.6,BULLISH,NEUTRAL,BULLISH,NEUTRAL,ESS_BULLISH_ANALYST_MIXED,False,-0.053454,0.032015,0.006685,LOSER,False
MRSN,2025-08-24,7.8,BULLISH,NEUTRAL,NEUTRAL,NEUTRAL,ESS_BULLISH_ANALYST_SKEPTICAL,False,,,0.006685,NO_DATA,
MRVI,2025-08-24,9.0,BULLISH,NEUTRAL,NO_DATA,NO_DATA,ESS_BULLISH_ANALYST_SKEPTICAL,False,0.141667,0.45,0.006685,WINNER,True
MSFT,2025-08-24,8.4,BULLISH,NEUTRAL,NEUTRAL,NEUTRAL,ESS_BULLISH_ANALYST_SKEPTICAL,False,0.009856,0.032325,0.006685,NEUTRAL,False
MSI,2025-08-24,7.5,BULLISH,NEUTRAL,NEUTRAL,BULLISH,ESS_BULLISH_ANALYST_MIXED,False,0.024111,-0.032216,0.006685,NEUTRAL,False
MSM,2025-08-24,7.7,BULLISH,BULLISH,BULLISH,NEUTRAL,ESS_BULLISH_ANALYST_MIXED,False,0.002206,-0.010258,0.006685,NEUTRAL,False
MTD,2025-08-24,9.5,BULLISH,NEUTRAL,NEUTRAL,NEUTRAL,ESS_BULLISH_ANALYST_SKEPTICAL,False,-0.025392,0.114725,0.006685,LOSER,False
MTDR,2025-08-24,8.4,BULLISH,NEUTRAL,NEUTRAL,NEUTRAL,ESS_BULLISH_ANALYST_SKEPTICAL,False,-0.052237,-0.180198,0.006685,LOSER,False
MTG,2025-08-24,9.1,BULLISH,NEUTRAL,NO_DATA,NEUTRAL,ESS_BULLISH_ANALYST_SKEPTICAL,False,0.012536,-0.01755,0.006685,NEUTRAL,False
MTRX,2025-08-24,8.1,BULLISH,NEUTRAL,NEUTRAL,BULLISH,ESS_BULLISH_ANALYST_MIXED,False,-0.134615,-0.080239,0.006685,LOSER,False
MU,2025-08-24,7.6,BULLISH,NEUTRAL,BULLISH,NEUTRAL,ESS_BULLISH_ANALYST_MIXED,False,0.429394,0.776666,0.006685,WINNER,True
MWA,2025-08-24,8.8,BULLISH,NEUTRAL,NEUTRAL,BULLISH,ESS_BULLISH_ANALYST_MIXED,False,-0.058036,-0.036458,0.006685,LOSER,False
MYE,2025-08-24,9.4,BULLISH,NEUTRAL,BULLISH,BULLISH,ESS_BULLISH_ANALYST_MIXED,False,0.021175,0.041977,0.006685,NEUTRAL,False
MYRG,2025-08-24,8.6,BULLISH,NEUTRAL,BULLISH,NEUTRAL,ESS_BULLISH_ANALYST_MIXED,False,-0.009017,0.129266,0.006685,NEUTRAL,False
NABL,2025-08-24,9.2,BULLISH,NEUTRAL,NO_DATA,NO_DATA,ESS_BULLISH_ANALYST_SKEPTICAL,False,0.038265,0.020408,0.006685,WINNER,True
NAGE,2025-08-24,8.1,BULLISH,NEUTRAL,NEUTRAL,NO_DATA,ESS_BULLISH_ANALYST_SKEPTICAL,False,0.016949,-0.260219,0.006685,NEUTRAL,False
NAT,2025-08-24,8.2,BULLISH,NEUTRAL,BEARISH,NEUTRAL,ESS_BULLISH_ANALYST_SKEPTICAL,True,0.112957,0.179402,0.006685,WINNER,True
NATH,2025-08-24,8.6,BULLISH,NO_DATA,NEUTRAL,NEUTRAL,ESS_BULLISH_ANALYST_SKEPTICAL,False,-0.008941,0.010804,0.006685,NEUTRAL,False
NATL,2025-08-24,9.9,BULLISH,BULLISH,NO_DATA,NO_DATA,ESS_BULLISH_ANALYST_FULL_AGREE,False,-0.010327,-0.034257,0.006685,NEUTRAL,False
NATR,2025-08-24,9.1,BULLISH,NO_DATA,NEUTRAL,NEUTRAL,ESS_BULLISH_ANALYST_SKEPTICAL,False,-0.024111,-0.147077,0.006685,LOSER,False
NEM,2025-08-24,8.3,BULLISH,BULLISH,NEUTRAL,NEUTRAL,ESS_BULLISH_ANALYST_MIXED,False,0.194819,0.254651,0.006685,WINNER,True
NEU,2025-08-24,9.9,BULLISH,NO_DATA,BULLISH,BULLISH,ESS_BULLISH_ANALYST_FULL_AGREE,False,0.022021,-0.050643,0.006685,NEUTRAL,False
NEWT,2025-08-24,8.7,BULLISH,NEUTRAL,NO_DATA,NEUTRAL,ESS_BULLISH_ANALYST_SKEPTICAL,False,-0.010578,-0.111644,0.006685,NEUTRAL,False
NFG,2025-08-24,8.1,BULLISH,BULLISH,NEUTRAL,NEUTRAL,ESS_BULLISH_ANALYST_MIXED,False,0.031708,-0.047908,0.006685,WINNER,True
NGS,2025-08-24,7.6,BULLISH,NEUTRAL,BEARISH,NEUTRAL,ESS_BULLISH_ANALYST_SKEPTICAL,True,0.120587,0.11067,0.006685,WINNER,True
NHC,2025-08-24,8.0,BULLISH,NO_DATA,BULLISH,NEUTRAL,ESS_BULLISH_ANALYST_MIXED,False,0.096178,0.095832,0.006685,WINNER,True
NICE,2025-08-24,7.3,BULLISH,NEUTRAL,NO_DATA,NEUTRAL,ESS_BULLISH_ANALYST_SKEPTICAL,False,0.05887,-0.061642,0.006685,WINNER,True
NJR,2025-08-24,7.6,BULLISH,NEUTRAL,BEARISH,NEUTRAL,ESS_BULLISH_ANALYST_SKEPTICAL,True,0.008944,-0.013899,0.006685,NEUTRAL,False
NKTR,2025-08-24,7.7,BULLISH,NEUTRAL,BULLISH,NEUTRAL,ESS_BULLISH_ANALYST_MIXED,False,1.196021,1.344878,0.006685,WINNER,True
NLY,2025-08-24,9.4,BULLISH,BULLISH,NO_DATA,NEUTRAL,ESS_BULLISH_ANALYST_MIXED,False,-0.004276,0.026755,0.006685,NEUTRAL,False
NMIH,2025-08-24,8.0,BULLISH,NEUTRAL,NO_DATA,NEUTRAL,ESS_BULLISH_ANALYST_SKEPTICAL,False,-0.010603,-0.070437,0.006685,NEUTRAL,False
NOMD,2025-08-24,7.7,BULLISH,NEUTRAL,BULLISH,NEUTRAL,ESS_BULLISH_ANALYST_MIXED,False,,,0.006685,NO_DATA,
NRIM,2025-08-24,8.7,BULLISH,NEUTRAL,NO_DATA,NEUTRAL,ESS_BULLISH_ANALYST_SKEPTICAL,False,-0.035991,-0.087939,0.006685,LOSER,False
NSSC,2025-08-24,9.5,BULLISH,NEUTRAL,BULLISH,NEUTRAL,ESS_BULLISH_ANALYST_MIXED,False,0.287042,0.310307,0.006685,WINNER,True
NTB,2025-08-24,8.7,BULLISH,NEUTRAL,NO_DATA,NEUTRAL,ESS_BULLISH_ANALYST_SKEPTICAL,False,-0.014222,-0.072222,0.006685,LOSER,False
NTES,2025-08-24,9.9,BULLISH,BULLISH,NO_DATA,NEUTRAL,ESS_BULLISH_ANALYST_MIXED,False,0.132656,0.08948,0.006685,WINNER,True
NTGR,2025-08-24,7.3,BULLISH,NEUTRAL,NO_DATA,NEUTRAL,ESS_BULLISH_ANALYST_SKEPTICAL,False,0.064074,0.192222,0.006685,WINNER,True
NTRS,2025-08-24,7.4,BULLISH,BULLISH,NO_DATA,NEUTRAL,ESS_BULLISH_ANALYST_MIXED,False,0.005523,-0.039006,0.006685,NEUTRAL,False
NUS,2025-08-24,7.9,BULLISH,NEUTRAL,NEUTRAL,NEUTRAL,ESS_BULLISH_ANALYST_SKEPTICAL,False,0.031807,-0.08609,0.006685,WINNER,True
NVAX,2025-08-24,7.9,BULLISH,NEUTRAL,BEARISH,NEUTRAL,ESS_BULLISH_ANALYST_SKEPTICAL,True,0.152926,0.111702,0.006685,WINNER,True
NVGS,2025-08-24,8.2,BULLISH,NEUTRAL,BEARISH,NEUTRAL,ESS_BULLISH_ANALYST_SKEPTICAL,True,0.015954,-0.039807,0.006685,NEUTRAL,False
NVO,2025-08-24,9.0,BULLISH,NEUTRAL,NEUTRAL,NEUTRAL,ESS_BULLISH_ANALYST_SKEPTICAL,False,0.056798,-0.055201,0.006685,WINNER,True
NVS,2025-08-24,9.2,BULLISH,NEUTRAL,NO_DATA,NEUTRAL,ESS_BULLISH_ANALYST_SKEPTICAL,False,-0.017754,0.052783,0.006685,LOSER,False
NVST,2025-08-24,7.5,BULLISH,BULLISH,NO_DATA,NEUTRAL,ESS_BULLISH_ANALYST_MIXED,False,-0.013258,-0.042614,0.006685,NEUTRAL,False
NWBI,2025-08-24,8.3,BULLISH,NEUTRAL,NO_DATA,NEUTRAL,ESS_BULLISH_ANALYST_SKEPTICAL,False,-0.007194,-0.018385,0.006685,NEUTRAL,False
NWN,2025-08-24,7.8,BULLISH,NEUTRAL,NO_DATA,NEUTRAL,ESS_BULLISH_ANALYST_SKEPTICAL,False,0.054695,0.144966,0.006685,WINNER,True
NWPX,2025-08-24,9.9,BULLISH,NEUTRAL,NO_DATA,BULLISH,ESS_BULLISH_ANALYST_MIXED,False,0.013022,0.039448,0.006685,NEUTRAL,False
NXST,2025-08-24,7.8,BULLISH,NEUTRAL,BULLISH,NEUTRAL,ESS_BULLISH_ANALYST_MIXED,False,-0.023015,-0.074848,0.006685,LOSER,False
NXT,2025-08-24,8.2,BULLISH,NEUTRAL,NO_DATA,NO_DATA,ESS_BULLISH_ANALYST_SKEPTICAL,False,0.043941,0.33718,0.006685,WINNER,True
NYT,2025-08-24,8.6,BULLISH,BULLISH,BEARISH,BULLISH,ESS_BULLISH_ANALYST_MIXED,True,-0.027032,-0.040347,0.006685,LOSER,False
OC,2025-08-24,8.5,BULLISH,NEUTRAL,BULLISH,NEUTRAL,ESS_BULLISH_ANALYST_MIXED,False,-0.058233,-0.15755,0.006685,LOSER,False
OCFC,2025-08-24,7.5,BULLISH,NEUTRAL,NO_DATA,NEUTRAL,ESS_BULLISH_ANALYST_SKEPTICAL,False,-0.009392,0.004972,0.006685,NEUTRAL,False
ODP,2025-08-24,7.3,BULLISH,NEUTRAL,NEUTRAL,NEUTRAL,ESS_BULLISH_ANALYST_SKEPTICAL,False,,,0.006685,NO_DATA,
OFG,2025-08-24,8.8,BULLISH,NO_DATA,NO_DATA,NEUTRAL,ESS_BULLISH_ANALYST_SKEPTICAL,False,-0.004717,-0.114121,0.006685,NEUTRAL,False
OFIX,2025-08-24,8.4,BULLISH,NEUTRAL,BEARISH,NEUTRAL,ESS_BULLISH_ANALYST_SKEPTICAL,True,0.017241,0.097931,0.006685,NEUTRAL,False
OGE,2025-08-24,7.1,BULLISH,NEUTRAL,NEUTRAL,NEUTRAL,ESS_BULLISH_ANALYST_SKEPTICAL,False,-0.007973,0.032591,0.006685,NEUTRAL,False
OGN,2025-08-24,8.9,BULLISH,NEUTRAL,BEARISH,NO_DATA,ESS_BULLISH_ANALYST_MAJORITY_BEARISH,True,0.163355,-0.001104,0.006685,WINNER,True
OGS,2025-08-24,7.6,BULLISH,NEUTRAL,BEARISH,NEUTRAL,ESS_BULLISH_ANALYST_SKEPTICAL,True,0.026532,0.091006,0.006685,NEUTRAL,False
OI,2025-08-24,7.9,BULLISH,BULLISH,NO_DATA,NEUTRAL,ESS_BULLISH_ANALYST_MIXED,False,0.008314,-0.053666,0.006685,NEUTRAL,False
OLN,2025-08-24,8.0,BULLISH,NEUTRAL,NEUTRAL,NEUTRAL,ESS_BULLISH_ANALYST_SKEPTICAL,False,-0.002765,0.053931,0.006685,NEUTRAL,False
OMCL,2025-08-24,8.7,BULLISH,BULLISH,BEARISH,NO_DATA,ESS_BULLISH_ANALYST_MAJORITY_BEARISH,True,-0.063161,-0.066485,0.006685,LOSER,False
OPCH,2025-08-24,8.7,BULLISH,NEUTRAL,BEARISH,NEUTRAL,ESS_BULLISH_ANALYST_SKEPTICAL,True,-0.01283,-0.000713,0.006685,NEUTRAL,False
ORI,2025-08-24,9.6,BULLISH,NEUTRAL,BULLISH,NEUTRAL,ESS_BULLISH_ANALYST_MIXED,False,0.045275,0.036369,0.006685,WINNER,True
ORLY,2025-08-24,8.4,BULLISH,NEUTRAL,BULLISH,NO_DATA,ESS_BULLISH_ANALYST_MIXED,False,0.012296,-0.040988,0.006685,NEUTRAL,False
ORN,2025-08-24,9.0,BULLISH,BULLISH,BEARISH,NEUTRAL,ESS_BULLISH_ANALYST_MIXED,True,0.258621,0.235632,0.006685,WINNER,True
OSBC,2025-08-24,8.7,BULLISH,NEUTRAL,NO_DATA,NEUTRAL,ESS_BULLISH_ANALYST_SKEPTICAL,False,-0.017061,-0.017061,0.006685,LOSER,False
OSIS,2025-08-24,7.6,BULLISH,NEUTRAL,BULLISH,NEUTRAL,ESS_BULLISH_ANALYST_MIXED,False,0.051512,0.099205,0.006685,WINNER,True
OSK,2025-08-24,7.6,BULLISH,NEUTRAL,NEUTRAL,NEUTRAL,ESS_BULLISH_ANALYST_SKEPTICAL,False,-0.076588,-0.017901,0.006685,LOSER,False
OSPN,2025-08-24,8.7,BULLISH,NEUTRAL,NO_DATA,NEUTRAL,ESS_BULLISH_ANALYST_SKEPTICAL,False,0.119215,0.107994,0.006685,WINNER,True
OTTR,2025-08-24,7.2,BULLISH,NO_DATA,BULLISH,NEUTRAL,ESS_BULLISH_ANALYST_MIXED,False,-0.01742,-0.077213,0.006685,LOSER,False
OZK,2025-08-24,9.2,BULLISH,NEUTRAL,NO_DATA,NO_DATA,ESS_BULLISH_ANALYST_SKEPTICAL,False,-0.003669,-0.121723,0.006685,NEUTRAL,False
PAAS,2025-08-24,8.9,BULLISH,BULLISH,NO_DATA,NEUTRAL,ESS_BULLISH_ANALYST_MIXED,False,0.161796,0.114119,0.006685,WINNER,True
PAG,2025-08-24,8.1,BULLISH,NEUTRAL,BULLISH,NEUTRAL,ESS_BULLISH_ANALYST_MIXED,False,-0.065975,-0.113398,0.006685,LOSER,False
PAGS,2025-08-24,9.6,BULLISH,BULLISH,NO_DATA,NO_DATA,ESS_BULLISH_ANALYST_FULL_AGREE,False,0.182346,0.089431,0.006685,WINNER,True
PAHC,2025-08-24,7.2,BULLISH,BULLISH,NEUTRAL,NEUTRAL,ESS_BULLISH_ANALYST_MIXED,False,0.206828,0.28944,0.006685,WINNER,True
PAM,2025-08-24,8.0,BULLISH,BEARISH,NO_DATA,NEUTRAL,ESS_BULLISH_ANALYST_MAJORITY_BEARISH,True,-0.023364,-0.058336,0.006685,LOSER,False
PAYS,2025-08-24,7.5,BULLISH,NEUTRAL,NO_DATA,NEUTRAL,ESS_BULLISH_ANALYST_SKEPTICAL,False,0.036697,0.042202,0.006685,WINNER,True
PBI,2025-08-24,7.5,BULLISH,NEUTRAL,NO_DATA,NEUTRAL,ESS_BULLISH_ANALYST_SKEPTICAL,False,-0.033926,-0.058158,0.006685,LOSER,False
PBYI,2025-08-24,9.4,BULLISH,NEUTRAL,NEUTRAL,NEUTRAL,ESS_BULLISH_ANALYST_SKEPTICAL,False,-0.056112,0.01002,0.006685,LOSER,False
PCG,2025-08-24,7.5,BULLISH,BEARISH,NEUTRAL,NEUTRAL,ESS_BULLISH_ANALYST_SKEPTICAL,True,-0.012072,0.095044,0.006685,NEUTRAL,False
PDD,2025-08-24,8.0,BULLISH,NEUTRAL,NO_DATA,NEUTRAL,ESS_BULLISH_ANALYST_SKEPTICAL,False,,,0.006685,NO_DATA,
PDEX,2025-08-24,8.6,BULLISH,NEUTRAL,NO_DATA,NEUTRAL,ESS_BULLISH_ANALYST_SKEPTICAL,False,,,0.006685,NO_DATA,
PDLB,2025-08-24,7.8,BULLISH,BULLISH,NO_DATA,NEUTRAL,ESS_BULLISH_ANALYST_MIXED,False,0.006069,-0.02967,0.006685,NEUTRAL,False
PDS,2025-08-24,8.5,BULLISH,NEUTRAL,BEARISH,NO_DATA,ESS_BULLISH_ANALYST_MAJORITY_BEARISH,True,0.024468,0.033621,0.006685,NEUTRAL,False
PFBC,2025-08-24,9.3,BULLISH,NEUTRAL,NO_DATA,NO_DATA,ESS_BULLISH_ANALYST_SKEPTICAL,False,-0.024255,-0.015341,0.006685,LOSER,False
PFE,2025-08-24,9.1,BULLISH,NEUTRAL,NEUTRAL,NEUTRAL,ESS_BULLISH_ANALYST_SKEPTICAL,False,-0.040175,-0.018695,0.006685,LOSER,False
PFS,2025-08-24,9.4,BULLISH,BULLISH,NO_DATA,NEUTRAL,ESS_BULLISH_ANALYST_MIXED,False,-0.003553,-0.059899,0.006685,NEUTRAL,False
PGNY,2025-08-24,9.4,BULLISH,NEUTRAL,NO_DATA,NO_DATA,ESS_BULLISH_ANALYST_SKEPTICAL,False,-0.072169,-0.157303,0.006685,LOSER,False
PGR,2025-08-24,7.8,BULLISH,BULLISH,NO_DATA,NEUTRAL,ESS_BULLISH_ANALYST_MIXED,False,-0.022451,-0.095909,0.006685,LOSER,False
PH,2025-08-24,7.6,BULLISH,NEUTRAL,BULLISH,NO_DATA,ESS_BULLISH_ANALYST_MIXED,False,0.015562,0.023618,0.006685,NEUTRAL,False
PHI,2025-08-24,9.2,BULLISH,BEARISH,NO_DATA,NEUTRAL,ESS_BULLISH_ANALYST_MAJORITY_BEARISH,True,,,0.006685,NO_DATA,
PHIN,2025-08-24,8.8,BULLISH,BULLISH,NO_DATA,NO_DATA,ESS_BULLISH_ANALYST_FULL_AGREE,False,-0.017954,-0.079607,0.006685,LOSER,False
PINC,2025-08-24,8.1,BULLISH,NEUTRAL,NO_DATA,BULLISH,ESS_BULLISH_ANALYST_MIXED,False,,,0.006685,NO_DATA,
PIPR,2025-08-24,7.5,BULLISH,BULLISH,NO_DATA,NEUTRAL,ESS_BULLISH_ANALYST_MIXED,False,0.086989,0.017174,0.006685,WINNER,True
PKOH,2025-08-24,8.1,BULLISH,NO_DATA,NEUTRAL,NEUTRAL,ESS_BULLISH_ANALYST_SKEPTICAL,False,0.033951,0.07356,0.006685,WINNER,True
PLMR,2025-08-24,8.0,BULLISH,NEUTRAL,NO_DATA,NEUTRAL,ESS_BULLISH_ANALYST_SKEPTICAL,False,-0.049665,-0.069874,0.006685,LOSER,False
PLPC,2025-08-24,9.1,BULLISH,NO_DATA,BULLISH,NEUTRAL,ESS_BULLISH_ANALYST_MIXED,False,0.051612,0.225653,0.006685,WINNER,True
PLTR,2025-08-24,9.6,BULLISH,NEUTRAL,NO_DATA,NO_DATA,ESS_BULLISH_ANALYST_SKEPTICAL,False,0.161481,0.148311,0.006685,WINNER,True
PLUS,2025-08-24,7.2,BULLISH,BEARISH,BULLISH,NEUTRAL,ESS_BULLISH_ANALYST_MIXED,True,0.012621,0.020666,0.006685,NEUTRAL,False
PLXS,2025-08-24,8.1,BULLISH,NEUTRAL,BULLISH,NEUTRAL,ESS_BULLISH_ANALYST_MIXED,False,0.060566,0.093549,0.006685,WINNER,True
PLYM,2025-08-24,8.3,BULLISH,NEUTRAL,NO_DATA,NEUTRAL,ESS_BULLISH_ANALYST_SKEPTICAL,False,,,0.006685,NO_DATA,
PNRG,2025-08-24,7.3,BULLISH,NO_DATA,NEUTRAL,NEUTRAL,ESS_BULLISH_ANALYST_SKEPTICAL,False,0.18789,0.095554,0.006685,WINNER,True
POR,2025-08-24,7.3,BULLISH,BEARISH,NEUTRAL,NEUTRAL,ESS_BULLISH_ANALYST_SKEPTICAL,True,0.016239,0.090993,0.006685,NEUTRAL,False
POST,2025-08-24,8.2,BULLISH,BULLISH,BULLISH,NEUTRAL,ESS_BULLISH_ANALYST_MIXED,False,-0.070157,-0.036592,0.006685,LOSER,False
POWL,2025-08-24,7.5,BULLISH,NEUTRAL,NEUTRAL,NEUTRAL,ESS_BULLISH_ANALYST_SKEPTICAL,False,0.131058,0.322341,0.006685,WINNER,True
PRDO,2025-08-24,8.1,BULLISH,NEUTRAL,BEARISH,BULLISH,ESS_BULLISH_ANALYST_MIXED,True,0.084217,0.119163,0.006685,WINNER,True
PRG,2025-08-24,9.3,BULLISH,NEUTRAL,NO_DATA,NO_DATA,ESS_BULLISH_ANALYST_SKEPTICAL,False,-0.005199,-0.10052,0.006685,NEUTRAL,False
PRGO,2025-08-24,7.1,BULLISH,NEUTRAL,NEUTRAL,NEUTRAL,ESS_BULLISH_ANALYST_SKEPTICAL,False,-0.10131,-0.084707,0.006685,LOSER,False
PRGS,2025-08-24,8.2,BULLISH,NEUTRAL,NEUTRAL,NEUTRAL,ESS_BULLISH_ANALYST_SKEPTICAL,False,-0.110291,-0.021494,0.006685,LOSER,False
PRI,2025-08-24,7.5,BULLISH,NEUTRAL,NO_DATA,NEUTRAL,ESS_BULLISH_ANALYST_SKEPTICAL,False,0.071313,-0.006265,0.006685,WINNER,True
PRIM,2025-08-24,10.0,BULLISH,BULLISH,NEUTRAL,BULLISH,ESS_BULLISH_ANALYST_MIXED,False,0.152433,0.185696,0.006685,WINNER,True
PRK,2025-08-24,7.3,BULLISH,BULLISH,NO_DATA,NEUTRAL,ESS_BULLISH_ANALYST_MIXED,False,-0.032494,-0.086845,0.006685,LOSER,False
PRKS,2025-08-24,8.7,BULLISH,BEARISH,BULLISH,NO_DATA,ESS_BULLISH_ANALYST_MAJORITY_BEARISH,True,-0.014795,-0.034522,0.006685,LOSER,False
PRTH,2025-08-24,7.3,BULLISH,NEUTRAL,NO_DATA,NEUTRAL,ESS_BULLISH_ANALYST_SKEPTICAL,False,-0.121834,-0.106152,0.006685,LOSER,False
PSMT,2025-08-24,7.9,BULLISH,NEUTRAL,BULLISH,NEUTRAL,ESS_BULLISH_ANALYST_MIXED,False,0.077659,0.132131,0.006685,WINNER,True
PSTG,2025-08-24,7.4,BULLISH,NEUTRAL,BEARISH,BULLISH,ESS_BULLISH_ANALYST_MIXED,True,,,0.006685,NO_DATA,
PSTL,2025-08-24,9.2,BULLISH,BULLISH,NO_DATA,NEUTRAL,ESS_BULLISH_ANALYST_MIXED,False,0.040962,-0.006502,0.006685,WINNER,True
PTCT,2025-08-24,9.1,BULLISH,NEUTRAL,BEARISH,NEUTRAL,ESS_BULLISH_ANALYST_SKEPTICAL,True,0.228398,0.35497,0.006685,WINNER,True
PVH,2025-08-24,8.1,BULLISH,NEUTRAL,BULLISH,NEUTRAL,ESS_BULLISH_ANALYST_MIXED,False,0.075966,0.06248,0.006685,WINNER,True
PYPL,2025-08-24,7.8,BULLISH,NEUTRAL,BULLISH,NEUTRAL,ESS_BULLISH_ANALYST_MIXED,False,-0.031232,0.002591,0.006685,LOSER,False
QGEN,2025-08-24,8.6,BULLISH,NEUTRAL,NEUTRAL,NEUTRAL,ESS_BULLISH_ANALYST_SKEPTICAL,False,-0.06728,0.009202,0.006685,LOSER,False
QRVO,2025-08-24,8.6,BULLISH,NEUTRAL,NEUTRAL,NEUTRAL,ESS_BULLISH_ANALYST_SKEPTICAL,False,0.01878,-0.000651,0.006685,NEUTRAL,False
QSR,2025-08-24,7.3,BULLISH,NEUTRAL,NO_DATA,NEUTRAL,ESS_BULLISH_ANALYST_SKEPTICAL,False,0.032534,0.08565,0.006685,WINNER,True
QUAD,2025-08-24,7.8,BULLISH,BULLISH,NEUTRAL,NEUTRAL,ESS_BULLISH_ANALYST_MIXED,False,0.021841,-0.078003,0.006685,NEUTRAL,False
RACE,2025-08-24,9.2,BULLISH,BULLISH,BULLISH,NEUTRAL,ESS_BULLISH_ANALYST_MIXED,False,0.040553,-0.138363,0.006685,WINNER,True
RBC,2025-08-24,7.2,BULLISH,BULLISH,BULLISH,NEUTRAL,ESS_BULLISH_ANALYST_MIXED,False,-0.039742,0.01932,0.006685,LOSER,False
RBCAA,2025-08-24,9.5,BULLISH,NEUTRAL,NO_DATA,NEUTRAL,ESS_BULLISH_ANALYST_SKEPTICAL,False,,,0.006685,NO_DATA,
RCI,2025-08-24,9.6,BULLISH,NEUTRAL,NEUTRAL,NEUTRAL,ESS_BULLISH_ANALYST_SKEPTICAL,False,0.005067,0.098972,0.006685,NEUTRAL,False
RDN,2025-08-24,8.1,BULLISH,NEUTRAL,NO_DATA,NEUTRAL,ESS_BULLISH_ANALYST_SKEPTICAL,False,0.040241,-0.014372,0.006685,WINNER,True
REGN,2025-08-24,7.1,BULLISH,NEUTRAL,NEUTRAL,NEUTRAL,ESS_BULLISH_ANALYST_SKEPTICAL,False,-0.007844,0.005783,0.006685,NEUTRAL,False
REVG,2025-08-24,9.9,BULLISH,BULLISH,BULLISH,BULLISH,ESS_BULLISH_ANALYST_FULL_AGREE,False,,,0.006685,NO_DATA,
REYN,2025-08-24,8.4,BULLISH,NEUTRAL,NO_DATA,NEUTRAL,ESS_BULLISH_ANALYST_SKEPTICAL,False,-0.009466,0.004303,0.006685,NEUTRAL,False
REZI,2025-08-24,7.8,BULLISH,NEUTRAL,NO_DATA,NEUTRAL,ESS_BULLISH_ANALYST_SKEPTICAL,False,0.213601,0.263296,0.006685,WINNER,True
RF,2025-08-24,7.7,BULLISH,NEUTRAL,NO_DATA,NEUTRAL,ESS_BULLISH_ANALYST_SKEPTICAL,False,0.012801,-0.08685,0.006685,NEUTRAL,False
RGCO,2025-08-24,7.8,BULLISH,NEUTRAL,BEARISH,NEUTRAL,ESS_BULLISH_ANALYST_SKEPTICAL,True,0.014395,-0.024277,0.006685,NEUTRAL,False
RGLD,2025-08-24,8.3,BULLISH,BULLISH,NEUTRAL,NEUTRAL,ESS_BULLISH_ANALYST_MIXED,False,0.099513,0.05314,0.006685,WINNER,True
RGP,2025-08-24,7.5,BULLISH,NEUTRAL,BULLISH,NEUTRAL,ESS_BULLISH_ANALYST_MIXED,False,0.064236,-0.077941,0.006685,WINNER,True
RIG,2025-08-24,7.3,BULLISH,NEUTRAL,NEUTRAL,NEUTRAL,ESS_BULLISH_ANALYST_SKEPTICAL,False,0.141936,0.254839,0.006685,WINNER,True
RIGL,2025-08-24,9.5,BULLISH,BULLISH,NEUTRAL,NEUTRAL,ESS_BULLISH_ANALYST_MIXED,False,-0.164948,-0.278596,0.006685,LOSER,False
RIO,2025-08-24,8.9,BULLISH,NEUTRAL,NO_DATA,NEUTRAL,ESS_BULLISH_ANALYST_SKEPTICAL,False,0.019894,0.133002,0.006685,NEUTRAL,False
RITM,2025-08-24,8.6,BULLISH,NEUTRAL,NO_DATA,NO_DATA,ESS_BULLISH_ANALYST_SKEPTICAL,False,-0.058447,-0.113447,0.006685,LOSER,False
RJF,2025-08-24,9.3,BULLISH,NEUTRAL,NO_DATA,NEUTRAL,ESS_BULLISH_ANALYST_SKEPTICAL,False,0.059735,-0.002052,0.006685,WINNER,True
RLGT,2025-08-24,9.5,BULLISH,NO_DATA,NEUTRAL,NEUTRAL,ESS_BULLISH_ANALYST_SKEPTICAL,False,-0.056604,-0.055031,0.006685,LOSER,False
RM,2025-08-24,7.5,BULLISH,NEUTRAL,NO_DATA,NEUTRAL,ESS_BULLISH_ANALYST_SKEPTICAL,False,,,0.006685,NO_DATA,
RMBS,2025-08-24,9.9,BULLISH,NEUTRAL,BULLISH,BULLISH,ESS_BULLISH_ANALYST_MIXED,False,0.4,0.386221,0.006685,WINNER,True
RMD,2025-08-24,9.1,BULLISH,NEUTRAL,BULLISH,BULLISH,ESS_BULLISH_ANALYST_MIXED,False,-0.035654,-0.071868,0.006685,LOSER,False
RNG,2025-08-24,8.0,BULLISH,NEUTRAL,NEUTRAL,BULLISH,ESS_BULLISH_ANALYST_MIXED,False,-0.021774,-0.066923,0.006685,LOSER,False
RNGR,2025-08-24,8.6,BULLISH,NEUTRAL,NEUTRAL,NEUTRAL,ESS_BULLISH_ANALYST_SKEPTICAL,False,0.029261,0.031456,0.006685,WINNER,True
RNR,2025-08-24,8.9,BULLISH,NEUTRAL,NO_DATA,NEUTRAL,ESS_BULLISH_ANALYST_SKEPTICAL,False,-0.000992,-0.007318,0.006685,NEUTRAL,False
ROCK,2025-08-24,7.5,BULLISH,NEUTRAL,NEUTRAL,NEUTRAL,ESS_BULLISH_ANALYST_SKEPTICAL,False,-0.056601,0.045497,0.006685,LOSER,False
ROL,2025-08-24,8.4,BULLISH,NEUTRAL,NEUTRAL,BULLISH,ESS_BULLISH_ANALYST_MIXED,False,-0.021893,0.002648,0.006685,LOSER,False
RPM,2025-08-24,7.1,BULLISH,NEUTRAL,NEUTRAL,NEUTRAL,ESS_BULLISH_ANALYST_SKEPTICAL,False,-0.049153,-0.102336,0.006685,LOSER,False
RPRX,2025-08-24,9.5,BULLISH,NEUTRAL,NO_DATA,NEUTRAL,ESS_BULLISH_ANALYST_SKEPTICAL,False,0.006946,0.023895,0.006685,NEUTRAL,False
RPT,2025-08-24,7.5,BULLISH,NEUTRAL,NO_DATA,NEUTRAL,ESS_BULLISH_ANALYST_SKEPTICAL,False,-0.015444,-0.046332,0.006685,LOSER,False
RRX,2025-08-24,8.8,BULLISH,NEUTRAL,BULLISH,NO_DATA,ESS_BULLISH_ANALYST_MIXED,False,-0.056994,-0.03426,0.006685,LOSER,False
RUSHA,2025-08-24,9.1,BULLISH,NEUTRAL,NO_DATA,NO_DATA,ESS_BULLISH_ANALYST_SKEPTICAL,False,0.002578,-0.127363,0.006685,NEUTRAL,False
RY,2025-08-24,9.0,BULLISH,NEUTRAL,NO_DATA,NEUTRAL,ESS_BULLISH_ANALYST_SKEPTICAL,False,0.086765,0.082508,0.006685,WINNER,True
RYAAY,2025-08-24,9.1,BULLISH,NEUTRAL,NO_DATA,NEUTRAL,ESS_BULLISH_ANALYST_SKEPTICAL,False,-0.123145,-0.067388,0.006685,LOSER,False
RYN,2025-08-24,7.8,BULLISH,NEUTRAL,NO_DATA,NO_DATA,ESS_BULLISH_ANALYST_SKEPTICAL,False,-0.024498,-0.069747,0.006685,LOSER,False
SAFE,2025-08-24,8.2,BULLISH,NEUTRAL,NO_DATA,NEUTRAL,ESS_BULLISH_ANALYST_SKEPTICAL,False,0.006871,-0.01882,0.006685,NEUTRAL,False
SAFT,2025-08-24,8.8,BULLISH,NO_DATA,NO_DATA,NEUTRAL,ESS_BULLISH_ANALYST_SKEPTICAL,False,-0.009713,-0.041236,0.006685,NEUTRAL,False
SAIC,2025-08-24,8.6,BULLISH,NEUTRAL,BULLISH,NEUTRAL,ESS_BULLISH_ANALYST_MIXED,False,-0.169419,-0.148953,0.006685,LOSER,False
SAM,2025-08-24,8.9,BULLISH,NEUTRAL,BULLISH,BULLISH,ESS_BULLISH_ANALYST_MIXED,False,-0.006029,0.010723,0.006685,NEUTRAL,False
SAMG,2025-08-24,8.8,BULLISH,NEUTRAL,NO_DATA,NEUTRAL,ESS_BULLISH_ANALYST_SKEPTICAL,False,-0.010223,-0.106383,0.006685,NEUTRAL,False
SAN,2025-08-24,8.0,BULLISH,NEUTRAL,NO_DATA,NEUTRAL,ESS_BULLISH_ANALYST_SKEPTICAL,False,0.067708,0.010417,0.006685,WINNER,True
SANM,2025-08-24,8.9,BULLISH,NEUTRAL,BULLISH,BULLISH,ESS_BULLISH_ANALYST_MIXED,False,0.017758,0.150294,0.006685,NEUTRAL,False
SBH,2025-08-24,7.5,BULLISH,NEUTRAL,NEUTRAL,NEUTRAL,ESS_BULLISH_ANALYST_SKEPTICAL,False,0.159882,0.11473,0.006685,WINNER,True
SBRA,2025-08-24,7.9,BULLISH,NEUTRAL,NO_DATA,NEUTRAL,ESS_BULLISH_ANALYST_SKEPTICAL,False,-0.026493,-0.054026,0.006685,LOSER,False
SBS,2025-08-24,8.1,BULLISH,NEUTRAL,NO_DATA,NEUTRAL,ESS_BULLISH_ANALYST_SKEPTICAL,False,0.131734,0.101403,0.006685,WINNER,True
SCL,2025-08-24,7.9,BULLISH,BEARISH,NEUTRAL,NO_DATA,ESS_BULLISH_ANALYST_MAJORITY_BEARISH,True,-0.059062,-0.083183,0.006685,LOSER,False
SCS,2025-08-24,8.1,BULLISH,NEUTRAL,NEUTRAL,NEUTRAL,ESS_BULLISH_ANALYST_SKEPTICAL,False,,,0.006685,NO_DATA,
SCSC,2025-08-24,8.1,BULLISH,NEUTRAL,BULLISH,NEUTRAL,ESS_BULLISH_ANALYST_MIXED,False,-0.001128,-0.032927,0.006685,NEUTRAL,False
SEB,2025-08-24,8.4,BULLISH,NO_DATA,BEARISH,NEUTRAL,ESS_BULLISH_ANALYST_MAJORITY_BEARISH,True,-0.004479,-0.101726,0.006685,NEUTRAL,False
SEIC,2025-08-24,9.5,BULLISH,BULLISH,NO_DATA,NEUTRAL,ESS_BULLISH_ANALYST_MIXED,False,-0.038492,-0.090372,0.006685,LOSER,False
SEM,2025-08-24,9.1,BULLISH,NEUTRAL,BEARISH,NEUTRAL,ESS_BULLISH_ANALYST_SKEPTICAL,True,-0.0478,0.082701,0.006685,LOSER,False
SF,2025-08-24,9.1,BULLISH,BULLISH,NO_DATA,NEUTRAL,ESS_BULLISH_ANALYST_MIXED,False,-0.002272,0.016563,0.006685,NEUTRAL,False
SFIX,2025-08-24,7.3,BULLISH,NEUTRAL,NEUTRAL,NEUTRAL,ESS_BULLISH_ANALYST_SKEPTICAL,False,0.072692,-0.101179,0.006685,WINNER,True
SHG,2025-08-24,9.0,BULLISH,BULLISH,NO_DATA,NEUTRAL,ESS_BULLISH_ANALYST_MIXED,False,,,0.006685,NO_DATA,
SIGA,2025-08-24,9.6,BULLISH,NEUTRAL,NO_DATA,NEUTRAL,ESS_BULLISH_ANALYST_SKEPTICAL,False,,,0.006685,NO_DATA,
SJM,2025-08-24,8.4,BULLISH,NEUTRAL,BULLISH,NEUTRAL,ESS_BULLISH_ANALYST_MIXED,False,-0.031735,-0.080323,0.006685,LOSER,False
SLQT,2025-08-24,8.7,BULLISH,NEUTRAL,NO_DATA,NEUTRAL,ESS_BULLISH_ANALYST_SKEPTICAL,False,-0.174603,-0.206349,0.006685,LOSER,False
SLS,2025-08-24,8.6,BULLISH,NEUTRAL,BULLISH,NEUTRAL,ESS_BULLISH_ANALYST_MIXED,False,-0.109948,0.0,0.006685,LOSER,False
SM,2025-08-24,8.1,BULLISH,NEUTRAL,BULLISH,NEUTRAL,ESS_BULLISH_ANALYST_MIXED,False,-0.065915,-0.234425,0.006685,LOSER,False
SMID,2025-08-24,8.2,BULLISH,NO_DATA,BULLISH,NEUTRAL,ESS_BULLISH_ANALYST_MIXED,False,-0.129392,-0.055004,0.006685,LOSER,False
SMLR,2025-08-24,9.2,BULLISH,NO_DATA,NEUTRAL,NEUTRAL,ESS_BULLISH_ANALYST_SKEPTICAL,False,,,0.006685,NO_DATA,
SMPL,2025-08-24,7.7,BULLISH,NEUTRAL,NO_DATA,NEUTRAL,ESS_BULLISH_ANALYST_SKEPTICAL,False,-0.124659,-0.295424,0.006685,LOSER,False
SNCR,2025-08-24,7.3,BULLISH,NEUTRAL,NO_DATA,NEUTRAL,ESS_BULLISH_ANALYST_SKEPTICAL,False,,,0.006685,NO_DATA,
SNCY,2025-08-24,8.2,BULLISH,NEUTRAL,NO_DATA,NO_DATA,ESS_BULLISH_ANALYST_SKEPTICAL,False,0.00241,-0.085944,0.006685,NEUTRAL,False
SNDR,2025-08-24,8.5,BULLISH,NEUTRAL,BULLISH,NEUTRAL,ESS_BULLISH_ANALYST_MIXED,False,-0.110625,-0.081897,0.006685,LOSER,False
SNEX,2025-08-24,9.4,BULLISH,BULLISH,NO_DATA,NEUTRAL,ESS_BULLISH_ANALYST_MIXED,False,-0.01867,0.017854,0.006685,LOSER,False
SNX,2025-08-24,8.6,BULLISH,NEUTRAL,BULLISH,NEUTRAL,ESS_BULLISH_ANALYST_MIXED,False,0.021798,0.035096,0.006685,NEUTRAL,False
SNY,2025-08-24,9.1,BULLISH,NEUTRAL,NO_DATA,NEUTRAL,ESS_BULLISH_ANALYST_SKEPTICAL,False,-0.064831,-0.012168,0.006685,LOSER,False
SOL,2025-08-24,7.5,BULLISH,NEUTRAL,NO_DATA,NEUTRAL,ESS_BULLISH_ANALYST_SKEPTICAL,False,,,0.006685,NO_DATA,
SONY,2025-08-24,8.5,BULLISH,NEUTRAL,NO_DATA,NO_DATA,ESS_BULLISH_ANALYST_SKEPTICAL,False,,,0.006685,NO_DATA,
SPFI,2025-08-24,9.6,BULLISH,BULLISH,NO_DATA,NEUTRAL,ESS_BULLISH_ANALYST_MIXED,False,-0.032859,-0.064492,0.006685,LOSER,False
SPNS,2025-08-24,9.4,BULLISH,NEUTRAL,BULLISH,NEUTRAL,ESS_BULLISH_ANALYST_MIXED,False,,,0.006685,NO_DATA,
SPOK,2025-08-24,8.4,BULLISH,NEUTRAL,NEUTRAL,BULLISH,ESS_BULLISH_ANALYST_MIXED,False,-0.015775,-0.088451,0.006685,LOSER,False
SR,2025-08-24,8.5,BULLISH,NEUTRAL,NEUTRAL,NEUTRAL,ESS_BULLISH_ANALYST_SKEPTICAL,False,0.034148,0.166782,0.006685,WINNER,True
SRCE,2025-08-24,9.6,BULLISH,BULLISH,NO_DATA,NEUTRAL,ESS_BULLISH_ANALYST_MIXED,False,-0.016167,-0.075812,0.006685,LOSER,False
SRI,2025-08-24,7.9,BULLISH,NEUTRAL,BULLISH,NEUTRAL,ESS_BULLISH_ANALYST_MIXED,False,-0.043427,-0.158451,0.006685,LOSER,False
SSKN,2025-08-24,7.7,BULLISH,NEUTRAL,NO_DATA,NEUTRAL,ESS_BULLISH_ANALYST_SKEPTICAL,False,,,0.006685,NO_DATA,
SSP,2025-08-24,9.7,BULLISH,NEUTRAL,NO_DATA,NEUTRAL,ESS_BULLISH_ANALYST_SKEPTICAL,False,-0.10625,-0.25625,0.006685,LOSER,False
SSRM,2025-08-24,7.5,BULLISH,BULLISH,BEARISH,NEUTRAL,ESS_BULLISH_ANALYST_MIXED,True,0.318493,0.313927,0.006685,WINNER,True
SSYS,2025-08-24,8.6,BULLISH,NEUTRAL,NEUTRAL,NEUTRAL,ESS_BULLISH_ANALYST_SKEPTICAL,False,0.070513,0.078755,0.006685,WINNER,True
STEL,2025-08-24,7.6,BULLISH,NEUTRAL,NO_DATA,NO_DATA,ESS_BULLISH_ANALYST_SKEPTICAL,False,-0.009553,-0.037964,0.006685,NEUTRAL,False
STGW,2025-08-24,8.8,BULLISH,BEARISH,NEUTRAL,NO_DATA,ESS_BULLISH_ANALYST_MAJORITY_BEARISH,True,-0.039216,-0.124777,0.006685,LOSER,False
STKL,2025-08-24,8.2,BULLISH,BULLISH,NO_DATA,BULLISH,ESS_BULLISH_ANALYST_FULL_AGREE,False,,,0.006685,NO_DATA,
STN,2025-08-24,9.4,BULLISH,NEUTRAL,NO_DATA,NEUTRAL,ESS_BULLISH_ANALYST_SKEPTICAL,False,-0.010627,0.034005,0.006685,NEUTRAL,False
STNE,2025-08-24,7.5,BULLISH,BULLISH,NO_DATA,NEUTRAL,ESS_BULLISH_ANALYST_MIXED,False,0.241894,0.224384,0.006685,WINNER,True
STOK,2025-08-24,9.6,BULLISH,NEUTRAL,NO_DATA,NEUTRAL,ESS_BULLISH_ANALYST_SKEPTICAL,False,0.199258,0.679385,0.006685,WINNER,True
STRA,2025-08-24,8.7,BULLISH,NEUTRAL,BULLISH,NEUTRAL,ESS_BULLISH_ANALYST_MIXED,False,0.029562,0.030177,0.006685,WINNER,True
STRL,2025-08-24,8.8,BULLISH,NEUTRAL,NEUTRAL,BULLISH,ESS_BULLISH_ANALYST_MIXED,False,0.297916,0.234947,0.006685,WINNER,True
STRT,2025-08-24,8.8,BULLISH,NEUTRAL,NEUTRAL,NEUTRAL,ESS_BULLISH_ANALYST_SKEPTICAL,False,0.077829,0.078784,0.006685,WINNER,True
STT,2025-08-24,9.0,BULLISH,NEUTRAL,NO_DATA,NEUTRAL,ESS_BULLISH_ANALYST_SKEPTICAL,False,-0.017057,0.004664,0.006685,LOSER,False
SU,2025-08-24,9.5,BULLISH,NEUTRAL,NEUTRAL,NEUTRAL,ESS_BULLISH_ANALYST_SKEPTICAL,False,0.048303,-0.018578,0.006685,WINNER,True
SUPN,2025-08-24,7.2,BULLISH,BEARISH,NEUTRAL,BULLISH,ESS_BULLISH_ANALYST_MIXED,True,0.054018,0.170831,0.006685,WINNER,True
SWK,2025-08-24,7.9,BULLISH,NEUTRAL,NEUTRAL,NEUTRAL,ESS_BULLISH_ANALYST_SKEPTICAL,False,-0.004571,-0.068976,0.006685,NEUTRAL,False
SWX,2025-08-24,7.6,BULLISH,NEUTRAL,BEARISH,NEUTRAL,ESS_BULLISH_ANALYST_SKEPTICAL,True,0.035607,0.056606,0.006685,WINNER,True
SXT,2025-08-24,7.1,BULLISH,NO_DATA,NEUTRAL,NEUTRAL,ESS_BULLISH_ANALYST_SKEPTICAL,False,-0.11226,-0.149916,0.006685,LOSER,False
SYBX,2025-08-24,7.8,BULLISH,NEUTRAL,NEUTRAL,NEUTRAL,ESS_BULLISH_ANALYST_SKEPTICAL,False,,,0.006685,NO_DATA,
SYF,2025-08-24,8.2,BULLISH,NEUTRAL,NO_DATA,NEUTRAL,ESS_BULLISH_ANALYST_SKEPTICAL,False,0.01,-0.01027,0.006685,NEUTRAL,False
SYY,2025-08-24,8.1,BULLISH,NEUTRAL,BULLISH,NO_DATA,ESS_BULLISH_ANALYST_MIXED,False,0.03643,-0.007683,0.006685,WINNER,True
TAC,2025-08-24,8.5,BULLISH,BULLISH,BEARISH,NEUTRAL,ESS_BULLISH_ANALYST_MIXED,True,0.124256,0.422242,0.006685,WINNER,True
TATT,2025-08-24,7.1,BULLISH,BULLISH,NEUTRAL,NEUTRAL,ESS_BULLISH_ANALYST_MIXED,False,0.144273,0.121971,0.006685,WINNER,True
TBBK,2025-08-24,9.2,BULLISH,NEUTRAL,NO_DATA,NEUTRAL,ESS_BULLISH_ANALYST_SKEPTICAL,False,0.044756,0.018873,0.006685,WINNER,True
TBRG,2025-08-24,8.8,BULLISH,NEUTRAL,BEARISH,NO_DATA,ESS_BULLISH_ANALYST_MAJORITY_BEARISH,True,0.099648,-0.020634,0.006685,WINNER,True
TCMD,2025-08-24,8.8,BULLISH,NEUTRAL,NEUTRAL,NEUTRAL,ESS_BULLISH_ANALYST_SKEPTICAL,False,0.09,0.15,0.006685,WINNER,True
TCOM,2025-08-24,8.4,BULLISH,NEUTRAL,NO_DATA,NEUTRAL,ESS_BULLISH_ANALYST_SKEPTICAL,False,0.163507,0.078113,0.006685,WINNER,True
TD,2025-08-24,7.6,BULLISH,NEUTRAL,NO_DATA,NEUTRAL,ESS_BULLISH_ANALYST_SKEPTICAL,False,0.067652,0.0968,0.006685,WINNER,True
TDY,2025-08-24,8.4,BULLISH,NEUTRAL,NEUTRAL,NEUTRAL,ESS_BULLISH_ANALYST_SKEPTICAL,False,0.049489,-0.008205,0.006685,WINNER,True
TEL,2025-08-24,8.8,BULLISH,BULLISH,BULLISH,NEUTRAL,ESS_BULLISH_ANALYST_MIXED,False,0.070833,0.141179,0.006685,WINNER,True
TEN,2025-08-24,8.8,BULLISH,BULLISH,BEARISH,NEUTRAL,ESS_BULLISH_ANALYST_MIXED,True,,,0.006685,NO_DATA,
TER,2025-08-24,7.3,BULLISH,NEUTRAL,NO_DATA,BULLISH,ESS_BULLISH_ANALYST_MIXED,False,0.15158,0.240163,0.006685,WINNER,True
TFC,2025-08-24,7.7,BULLISH,NEUTRAL,NO_DATA,NEUTRAL,ESS_BULLISH_ANALYST_SKEPTICAL,False,-0.000656,-0.046359,0.006685,NEUTRAL,False
TFX,2025-08-24,7.9,BULLISH,BULLISH,NEUTRAL,NEUTRAL,ESS_BULLISH_ANALYST_MIXED,False,-0.04265,0.037632,0.006685,LOSER,False
TG,2025-08-24,9.4,BULLISH,NO_DATA,NEUTRAL,NEUTRAL,ESS_BULLISH_ANALYST_SKEPTICAL,False,0.037516,-0.05304,0.006685,WINNER,True
TGLS,2025-08-24,7.5,BULLISH,NEUTRAL,BULLISH,NEUTRAL,ESS_BULLISH_ANALYST_MIXED,False,-0.047639,-0.17509,0.006685,LOSER,False
TGNA,2025-08-24,9.2,BULLISH,NEUTRAL,NEUTRAL,NEUTRAL,ESS_BULLISH_ANALYST_SKEPTICAL,False,,,0.006685,NO_DATA,
TGTX,2025-08-24,7.3,BULLISH,NEUTRAL,BEARISH,NO_DATA,ESS_BULLISH_ANALYST_MAJORITY_BEARISH,True,0.246758,0.173852,0.006685,WINNER,True
THC,2025-08-24,9.5,BULLISH,BULLISH,BULLISH,NEUTRAL,ESS_BULLISH_ANALYST_MIXED,False,0.071298,0.148033,0.006685,WINNER,True
THFF,2025-08-24,7.3,BULLISH,NEUTRAL,NO_DATA,NEUTRAL,ESS_BULLISH_ANALYST_SKEPTICAL,False,0.009317,-0.052167,0.006685,NEUTRAL,False
THG,2025-08-24,9.3,BULLISH,NEUTRAL,NO_DATA,NEUTRAL,ESS_BULLISH_ANALYST_SKEPTICAL,False,0.018197,0.012162,0.006685,NEUTRAL,False
THR,2025-08-24,7.8,BULLISH,NEUTRAL,NEUTRAL,NEUTRAL,ESS_BULLISH_ANALYST_SKEPTICAL,False,0.047163,0.054064,0.006685,WINNER,True
THRM,2025-08-24,8.5,BULLISH,BULLISH,BULLISH,NEUTRAL,ESS_BULLISH_ANALYST_MIXED,False,-0.055767,0.010881,0.006685,LOSER,False
TILE,2025-08-24,7.8,BULLISH,BULLISH,NEUTRAL,NO_DATA,ESS_BULLISH_ANALYST_MIXED,False,0.10765,0.051386,0.006685,WINNER,True
TKR,2025-08-24,7.2,BULLISH,NEUTRAL,BULLISH,NEUTRAL,ESS_BULLISH_ANALYST_MIXED,False,-0.031546,-0.019432,0.006685,LOSER,False
TMUS,2025-08-24,7.1,BULLISH,NEUTRAL,NEUTRAL,NEUTRAL,ESS_BULLISH_ANALYST_SKEPTICAL,False,-0.045308,-0.123042,0.006685,LOSER,False
TNC,2025-08-24,8.4,BULLISH,NEUTRAL,NEUTRAL,NEUTRAL,ESS_BULLISH_ANALYST_SKEPTICAL,False,-0.013229,-0.018667,0.006685,NEUTRAL,False
TNL,2025-08-24,8.8,BULLISH,NEUTRAL,NO_DATA,NO_DATA,ESS_BULLISH_ANALYST_SKEPTICAL,False,-0.007491,0.059696,0.006685,NEUTRAL,False
TPH,2025-08-24,7.5,BULLISH,NEUTRAL,NEUTRAL,NEUTRAL,ESS_BULLISH_ANALYST_SKEPTICAL,False,-0.060589,-0.059748,0.006685,LOSER,False
TREE,2025-08-24,8.5,BULLISH,BULLISH,NO_DATA,BULLISH,ESS_BULLISH_ANALYST_FULL_AGREE,False,0.008307,-0.140647,0.006685,NEUTRAL,False
TRIP,2025-08-24,8.5,BULLISH,NEUTRAL,BEARISH,NEUTRAL,ESS_BULLISH_ANALYST_SKEPTICAL,True,0.076336,-0.05461,0.006685,WINNER,True
TRMK,2025-08-24,9.6,BULLISH,BULLISH,NO_DATA,NEUTRAL,ESS_BULLISH_ANALYST_MIXED,False,0.012224,-0.04667,0.006685,NEUTRAL,False
TRNO,2025-08-24,7.4,BULLISH,NEUTRAL,NO_DATA,NEUTRAL,ESS_BULLISH_ANALYST_SKEPTICAL,False,0.010024,0.062289,0.006685,NEUTRAL,False
TROW,2025-08-24,9.4,BULLISH,BULLISH,NO_DATA,NEUTRAL,ESS_BULLISH_ANALYST_MIXED,False,-0.014204,-0.034643,0.006685,LOSER,False
TRTX,2025-08-24,7.7,BULLISH,NEUTRAL,NO_DATA,NEUTRAL,ESS_BULLISH_ANALYST_SKEPTICAL,False,-0.013086,-0.00569,0.006685,NEUTRAL,False
TRV,2025-08-24,8.2,BULLISH,NEUTRAL,NO_DATA,NEUTRAL,ESS_BULLISH_ANALYST_SKEPTICAL,False,0.018489,-0.007907,0.006685,NEUTRAL,False
TSM,2025-08-24,9.1,BULLISH,NEUTRAL,NO_DATA,NEUTRAL,ESS_BULLISH_ANALYST_SKEPTICAL,False,0.203794,0.237944,0.006685,WINNER,True
TT,2025-08-24,7.7,BULLISH,NEUTRAL,BULLISH,NEUTRAL,ESS_BULLISH_ANALYST_MIXED,False,-0.032281,-0.006748,0.006685,LOSER,False
TTC,2025-08-24,8.5,BULLISH,NEUTRAL,NEUTRAL,NEUTRAL,ESS_BULLISH_ANALYST_SKEPTICAL,False,-0.06454,-0.088771,0.006685,LOSER,False
TTE,2025-08-24,7.5,BULLISH,NEUTRAL,NO_DATA,NO_DATA,ESS_BULLISH_ANALYST_SKEPTICAL,False,,,0.006685,NO_DATA,
TTI,2025-08-24,7.5,BULLISH,NEUTRAL,BULLISH,NO_DATA,ESS_BULLISH_ANALYST_MIXED,False,0.244989,0.77951,0.006685,WINNER,True
TTMI,2025-08-24,9.8,BULLISH,BULLISH,BULLISH,NEUTRAL,ESS_BULLISH_ANALYST_MIXED,False,0.282377,0.324563,0.006685,WINNER,True
TU,2025-08-24,7.7,BULLISH,NEUTRAL,NEUTRAL,NEUTRAL,ESS_BULLISH_ANALYST_SKEPTICAL,False,-0.040606,-0.085455,0.006685,LOSER,False
TX,2025-08-24,7.9,BULLISH,NEUTRAL,NO_DATA,NEUTRAL,ESS_BULLISH_ANALYST_SKEPTICAL,False,0.018198,0.081742,0.006685,NEUTRAL,False
TXG,2025-08-24,7.8,BULLISH,BULLISH,NO_DATA,NEUTRAL,ESS_BULLISH_ANALYST_MIXED,False,-0.112296,-0.050462,0.006685,LOSER,False
TXN,2025-08-24,7.1,BULLISH,NEUTRAL,BULLISH,NEUTRAL,ESS_BULLISH_ANALYST_MIXED,False,-0.116182,-0.164004,0.006685,LOSER,False
TZOO,2025-08-24,9.5,BULLISH,BEARISH,NEUTRAL,NO_DATA,ESS_BULLISH_ANALYST_MAJORITY_BEARISH,True,0.070175,0.0516,0.006685,WINNER,True
UAL,2025-08-24,9.3,BULLISH,NEUTRAL,NEUTRAL,BULLISH,ESS_BULLISH_ANALYST_MIXED,False,0.017491,-0.065077,0.006685,NEUTRAL,False
UFCS,2025-08-24,9.9,BULLISH,BULLISH,NO_DATA,BULLISH,ESS_BULLISH_ANALYST_FULL_AGREE,False,0.00361,-0.006687,0.006685,NEUTRAL,False
UFPI,2025-08-24,7.9,BULLISH,NEUTRAL,BULLISH,NEUTRAL,ESS_BULLISH_ANALYST_MIXED,False,-0.106075,-0.125006,0.006685,LOSER,False
UHS,2025-08-24,9.8,BULLISH,NEUTRAL,BULLISH,NO_DATA,ESS_BULLISH_ANALYST_MIXED,False,0.060119,0.13585,0.006685,WINNER,True
UI,2025-08-24,10.0,BULLISH,BULLISH,NO_DATA,BULLISH,ESS_BULLISH_ANALYST_FULL_AGREE,False,0.263122,0.377262,0.006685,WINNER,True
UNF,2025-08-24,9.1,BULLISH,NEUTRAL,BULLISH,NEUTRAL,ESS_BULLISH_ANALYST_MIXED,False,-0.049844,-0.113476,0.006685,LOSER,False
UNM,2025-08-24,8.5,BULLISH,NEUTRAL,NO_DATA,NEUTRAL,ESS_BULLISH_ANALYST_SKEPTICAL,False,0.109022,0.104829,0.006685,WINNER,True
UNP,2025-08-24,7.5,BULLISH,NEUTRAL,BULLISH,NEUTRAL,ESS_BULLISH_ANALYST_MIXED,False,0.027242,-0.008534,0.006685,WINNER,True
UNTY,2025-08-24,9.5,BULLISH,NEUTRAL,NO_DATA,NEUTRAL,ESS_BULLISH_ANALYST_SKEPTICAL,False,,,0.006685,NO_DATA,
UPBD,2025-08-24,9.4,BULLISH,NEUTRAL,NEUTRAL,NO_DATA,ESS_BULLISH_ANALYST_SKEPTICAL,False,-0.00238,-0.083221,0.006685,NEUTRAL,False
UPS,2025-08-24,8.8,BULLISH,NEUTRAL,BULLISH,NEUTRAL,ESS_BULLISH_ANALYST_MIXED,False,-0.037953,-0.008092,0.006685,LOSER,False
UPWK,2025-08-24,7.5,BULLISH,NEUTRAL,NO_DATA,NEUTRAL,ESS_BULLISH_ANALYST_SKEPTICAL,False,0.318578,0.081154,0.006685,WINNER,True
URI,2025-08-24,7.4,BULLISH,NEUTRAL,BULLISH,NEUTRAL,ESS_BULLISH_ANALYST_MIXED,False,0.016743,-0.026812,0.006685,NEUTRAL,False
USFD,2025-08-24,9.1,BULLISH,NEUTRAL,BULLISH,NEUTRAL,ESS_BULLISH_ANALYST_MIXED,False,0.001806,-0.021419,0.006685,NEUTRAL,False
UTHR,2025-08-24,8.0,BULLISH,NEUTRAL,BULLISH,NEUTRAL,ESS_BULLISH_ANALYST_MIXED,False,0.421377,0.395671,0.006685,WINNER,True
UTMD,2025-08-24,9.5,BULLISH,NO_DATA,BULLISH,NEUTRAL,ESS_BULLISH_ANALYST_MIXED,False,,,0.006685,NO_DATA,
UVE,2025-08-24,7.5,BULLISH,NEUTRAL,NO_DATA,NEUTRAL,ESS_BULLISH_ANALYST_SKEPTICAL,False,0.052438,0.17288,0.006685,WINNER,True
UVSP,2025-08-24,8.7,BULLISH,NEUTRAL,NO_DATA,NEUTRAL,ESS_BULLISH_ANALYST_SKEPTICAL,False,,,0.006685,NO_DATA,
UVV,2025-08-24,9.5,BULLISH,NO_DATA,BEARISH,NEUTRAL,ESS_BULLISH_ANALYST_MAJORITY_BEARISH,True,-0.018074,-0.027351,0.006685,LOSER,False
VALE,2025-08-24,9.0,BULLISH,NEUTRAL,NO_DATA,NEUTRAL,ESS_BULLISH_ANALYST_SKEPTICAL,False,0.076696,0.126844,0.006685,WINNER,True
VC,2025-08-24,9.9,BULLISH,BULLISH,NO_DATA,BULLISH,ESS_BULLISH_ANALYST_FULL_AGREE,False,-0.015301,-0.126209,0.006685,LOSER,False
VEON,2025-08-24,9.6,BULLISH,NEUTRAL,NO_DATA,NEUTRAL,ESS_BULLISH_ANALYST_SKEPTICAL,False,-0.053195,-0.126252,0.006685,LOSER,False
VIPS,2025-08-24,9.3,BULLISH,BULLISH,NO_DATA,NEUTRAL,ESS_BULLISH_ANALYST_MIXED,False,,,0.006685,NO_DATA,
VIRC,2025-08-24,7.8,BULLISH,NEUTRAL,BEARISH,NEUTRAL,ESS_BULLISH_ANALYST_SKEPTICAL,True,,,0.006685,NO_DATA,
VIRT,2025-08-24,7.3,BULLISH,BULLISH,NO_DATA,NEUTRAL,ESS_BULLISH_ANALYST_MIXED,False,-0.169158,-0.206168,0.006685,LOSER,False
VLGEA,2025-08-24,9.4,BULLISH,NO_DATA,BULLISH,NEUTRAL,ESS_BULLISH_ANALYST_MIXED,False,,,0.006685,NO_DATA,
VMI,2025-08-24,8.9,BULLISH,NEUTRAL,NEUTRAL,BULLISH,ESS_BULLISH_ANALYST_MIXED,False,0.007277,0.102465,0.006685,NEUTRAL,False
VOYA,2025-08-24,8.0,BULLISH,NEUTRAL,NO_DATA,NEUTRAL,ESS_BULLISH_ANALYST_SKEPTICAL,False,0.009678,-0.031287,0.006685,NEUTRAL,False
VPG,2025-08-24,9.5,BULLISH,BULLISH,BULLISH,NEUTRAL,ESS_BULLISH_ANALYST_MIXED,False,0.142656,0.308912,0.006685,WINNER,True
VREX,2025-08-24,9.4,BULLISH,NEUTRAL,NEUTRAL,NEUTRAL,ESS_BULLISH_ANALYST_SKEPTICAL,False,0.065789,0.042105,0.006685,WINNER,True
VRSN,2025-08-24,8.1,BULLISH,NO_DATA,NEUTRAL,NEUTRAL,ESS_BULLISH_ANALYST_SKEPTICAL,False,0.076016,-0.059349,0.006685,WINNER,True
VRT,2025-08-24,9.6,BULLISH,BULLISH,NO_DATA,BULLISH,ESS_BULLISH_ANALYST_FULL_AGREE,False,0.141019,0.465779,0.006685,WINNER,True
VRTS,2025-08-24,8.5,BULLISH,NEUTRAL,NO_DATA,NO_DATA,ESS_BULLISH_ANALYST_SKEPTICAL,False,-0.032878,-0.105239,0.006685,LOSER,False
VSCO,2025-08-24,7.8,BULLISH,NEUTRAL,NO_DATA,NO_DATA,ESS_BULLISH_ANALYST_SKEPTICAL,False,0.180607,0.504596,0.006685,WINNER,True
VTRS,2025-08-24,9.3,BULLISH,NEUTRAL,NEUTRAL,NO_DATA,ESS_BULLISH_ANALYST_SKEPTICAL,False,-0.090047,-0.022749,0.006685,LOSER,False
VVX,2025-08-24,8.3,BULLISH,NEUTRAL,NEUTRAL,NO_DATA,ESS_BULLISH_ANALYST_SKEPTICAL,False,-0.022149,0.040145,0.006685,LOSER,False
VZ,2025-08-24,7.4,BULLISH,NEUTRAL,BULLISH,NEUTRAL,ESS_BULLISH_ANALYST_MIXED,False,-0.019896,-0.116887,0.006685,LOSER,False
WABC,2025-08-24,7.5,BULLISH,NO_DATA,NO_DATA,NEUTRAL,ESS_BULLISH_ANALYST_SKEPTICAL,False,,,0.006685,NO_DATA,
WAFD,2025-08-24,8.4,BULLISH,NEUTRAL,NO_DATA,NEUTRAL,ESS_BULLISH_ANALYST_SKEPTICAL,False,-0.013393,-0.075893,0.006685,LOSER,False
WB,2025-08-24,9.7,BULLISH,NEUTRAL,NO_DATA,NEUTRAL,ESS_BULLISH_ANALYST_SKEPTICAL,False,,,0.006685,NO_DATA,
WBA,2025-08-24,8.0,BULLISH,NEUTRAL,NEUTRAL,NEUTRAL,ESS_BULLISH_ANALYST_SKEPTICAL,False,,,0.006685,NO_DATA,
WCC,2025-08-24,8.1,BULLISH,NEUTRAL,BULLISH,NEUTRAL,ESS_BULLISH_ANALYST_MIXED,False,-0.061905,-0.019408,0.006685,LOSER,False
WEX,2025-08-24,7.8,BULLISH,BULLISH,NEUTRAL,NEUTRAL,ESS_BULLISH_ANALYST_MIXED,False,-0.068782,-0.063045,0.006685,LOSER,False
WEYS,2025-08-24,9.1,BULLISH,NO_DATA,NEUTRAL,NEUTRAL,ESS_BULLISH_ANALYST_SKEPTICAL,False,,,0.006685,NO_DATA,
WH,2025-08-24,7.6,BULLISH,NEUTRAL,NO_DATA,NEUTRAL,ESS_BULLISH_ANALYST_SKEPTICAL,False,-0.051366,-0.127059,0.006685,LOSER,False
WINA,2025-08-24,7.5,BULLISH,NO_DATA,NEUTRAL,NEUTRAL,ESS_BULLISH_ANALYST_SKEPTICAL,False,0.092437,-0.063541,0.006685,WINNER,True
WIT,2025-08-24,7.3,BULLISH,NEUTRAL,NO_DATA,NEUTRAL,ESS_BULLISH_ANALYST_SKEPTICAL,False,,,0.006685,NO_DATA,
WK,2025-08-24,8.0,BULLISH,NEUTRAL,NEUTRAL,BULLISH,ESS_BULLISH_ANALYST_MIXED,False,0.061092,0.141403,0.006685,WINNER,True
WMK,2025-08-24,7.4,BULLISH,NO_DATA,BEARISH,NEUTRAL,ESS_BULLISH_ANALYST_MAJORITY_BEARISH,True,,,0.006685,NO_DATA,
WTS,2025-08-24,9.7,BULLISH,BULLISH,BULLISH,BULLISH,ESS_BULLISH_ANALYST_FULL_AGREE,False,-0.00379,-0.00707,0.006685,NEUTRAL,False
WWD,2025-08-24,7.7,BULLISH,BULLISH,BULLISH,NEUTRAL,ESS_BULLISH_ANALYST_MIXED,False,-0.02813,0.072317,0.006685,LOSER,False
XHR,2025-08-24,8.2,BULLISH,NEUTRAL,NO_DATA,NEUTRAL,ESS_BULLISH_ANALYST_SKEPTICAL,False,,,0.006685,NO_DATA,
XP,2025-08-24,8.9,BULLISH,BULLISH,NO_DATA,NO_DATA,ESS_BULLISH_ANALYST_FULL_AGREE,False,0.16567,0.027512,0.006685,WINNER,True
XRAY,2025-08-24,9.1,BULLISH,NEUTRAL,BULLISH,NEUTRAL,ESS_BULLISH_ANALYST_MIXED,False,-0.1,-0.074136,0.006685,LOSER,False
XYZ,2025-08-24,7.2,BULLISH,NEUTRAL,BEARISH,NO_DATA,ESS_BULLISH_ANALYST_MAJORITY_BEARISH,True,-0.032119,-0.006576,0.006685,LOSER,False
ZBRA,2025-08-24,7.8,BULLISH,NEUTRAL,BULLISH,NEUTRAL,ESS_BULLISH_ANALYST_MIXED,False,-0.017212,-0.017712,0.006685,LOSER,False
ZEUS,2025-08-24,9.9,BULLISH,NO_DATA,BULLISH,NEUTRAL,ESS_BULLISH_ANALYST_MIXED,False,,,0.006685,NO_DATA,
ZM,2025-08-24,9.3,BULLISH,BULLISH,NO_DATA,NEUTRAL,ESS_BULLISH_ANALYST_MIXED,False,0.01512,0.017701,0.006685,NEUTRAL,False
ZWS,2025-08-24,8.3,BULLISH,BULLISH,BULLISH,NO_DATA,ESS_BULLISH_ANALYST_FULL_AGREE,False,0.02422,0.000218,0.006685,NEUTRAL,False
ZYME,2025-08-24,7.6,BULLISH,NEUTRAL,NEUTRAL,NEUTRAL,ESS_BULLISH_ANALYST_SKEPTICAL,False,0.122855,0.194921,0.006685,WINNER,True
AAMI,2025-08-25,9.4,BULLISH,BULLISH,NO_DATA,NO_DATA,ESS_BULLISH_ANALYST_FULL_AGREE,False,-0.051565,-0.040415,0.005884,LOSER,False
AB,2025-08-25,8.4,BULLISH,BULLISH,NO_DATA,NEUTRAL,ESS_BULLISH_ANALYST_MIXED,False,-0.057065,-0.013207,0.005884,LOSER,False
ABBV,2025-08-25,7.2,BULLISH,NEUTRAL,NEUTRAL,BULLISH,ESS_BULLISH_ANALYST_MIXED,False,0.059937,0.106401,0.005884,WINNER,True
ABCB,2025-08-25,8.3,BULLISH,NEUTRAL,NO_DATA,NEUTRAL,ESS_BULLISH_ANALYST_SKEPTICAL,False,0.039805,0.032981,0.005884,WINNER,True
ABG,2025-08-25,9.0,BULLISH,NEUTRAL,NEUTRAL,NEUTRAL,ESS_BULLISH_ANALYST_SKEPTICAL,False,-0.041688,-0.053396,0.005884,LOSER,False
ACAD,2025-08-25,7.5,BULLISH,NEUTRAL,BEARISH,BULLISH,ESS_BULLISH_ANALYST_MIXED,True,-0.160348,-0.130332,0.005884,LOSER,False
ACEL,2025-08-25,9.5,BULLISH,BULLISH,NO_DATA,NEUTRAL,ESS_BULLISH_ANALYST_MIXED,False,-0.020906,-0.087108,0.005884,LOSER,False
ACIW,2025-08-25,7.9,BULLISH,NEUTRAL,NEUTRAL,NEUTRAL,ESS_BULLISH_ANALYST_SKEPTICAL,False,0.07219,0.033634,0.005884,WINNER,True
ACM,2025-08-25,9.9,BULLISH,NEUTRAL,BULLISH,BULLISH,ESS_BULLISH_ANALYST_MIXED,False,0.051328,0.08134,0.005884,WINNER,True
ACN,2025-08-25,8.8,BULLISH,NEUTRAL,BULLISH,NEUTRAL,ESS_BULLISH_ANALYST_MIXED,False,-0.066276,-0.032806,0.005884,LOSER,False
ACRE,2025-08-25,7.3,BULLISH,NEUTRAL,NO_DATA,NEUTRAL,ESS_BULLISH_ANALYST_SKEPTICAL,False,0.05055,0.053034,0.005884,WINNER,True
ACT,2025-08-25,9.3,BULLISH,NEUTRAL,NO_DATA,NO_DATA,ESS_BULLISH_ANALYST_SKEPTICAL,False,0.01735,-0.036015,0.005884,NEUTRAL,False
ACU,2025-08-25,8.7,BULLISH,NEUTRAL,BULLISH,NO_DATA,ESS_BULLISH_ANALYST_MIXED,False,-0.001199,-0.0519,0.005884,NEUTRAL,False
ADBE,2025-08-25,9.3,BULLISH,NEUTRAL,BULLISH,NEUTRAL,ESS_BULLISH_ANALYST_MIXED,False,-0.027367,-0.026679,0.005884,LOSER,False
ADEA,2025-08-25,9.2,BULLISH,BULLISH,NEUTRAL,NO_DATA,ESS_BULLISH_ANALYST_MIXED,False,0.084353,0.101095,0.005884,WINNER,True
ADM,2025-08-25,9.2,BULLISH,NEUTRAL,NEUTRAL,BULLISH,ESS_BULLISH_ANALYST_MIXED,False,-0.042517,-0.013705,0.005884,LOSER,False
ADMA,2025-08-25,9.0,BULLISH,NEUTRAL,NEUTRAL,NEUTRAL,ESS_BULLISH_ANALYST_SKEPTICAL,False,-0.079365,-0.107584,0.005884,LOSER,False
ADT,2025-08-25,9.7,BULLISH,BULLISH,BULLISH,NEUTRAL,ESS_BULLISH_ANALYST_MIXED,False,-0.013095,0.006436,0.005884,NEUTRAL,False
AEE,2025-08-25,7.8,BULLISH,NEUTRAL,NEUTRAL,NEUTRAL,ESS_BULLISH_ANALYST_SKEPTICAL,False,0.008351,0.042646,0.005884,NEUTRAL,False
AEIS,2025-08-25,7.6,BULLISH,NEUTRAL,NEUTRAL,NEUTRAL,ESS_BULLISH_ANALYST_SKEPTICAL,False,0.116071,0.324162,0.005884,WINNER,True
AEM,2025-08-25,8.7,BULLISH,BULLISH,BULLISH,NEUTRAL,ESS_BULLISH_ANALYST_MIXED,False,0.159196,0.198979,0.005884,WINNER,True
AEP,2025-08-25,8.2,BULLISH,NEUTRAL,NEUTRAL,NEUTRAL,ESS_BULLISH_ANALYST_SKEPTICAL,False,-0.036545,0.026281,0.005884,LOSER,False
AES,2025-08-25,8.8,BULLISH,NEUTRAL,NEUTRAL,NEUTRAL,ESS_BULLISH_ANALYST_SKEPTICAL,False,-0.009637,0.078577,0.005884,NEUTRAL,False
AGNC,2025-08-25,7.5,BULLISH,NEUTRAL,NO_DATA,NEUTRAL,ESS_BULLISH_ANALYST_SKEPTICAL,False,0.006223,0.064569,0.005884,NEUTRAL,False
AHCO,2025-08-25,7.9,BULLISH,NEUTRAL,NO_DATA,NEUTRAL,ESS_BULLISH_ANALYST_SKEPTICAL,False,-0.030336,0.015168,0.005884,LOSER,False
AHH,2025-08-25,7.8,BULLISH,NEUTRAL,NO_DATA,NEUTRAL,ESS_BULLISH_ANALYST_SKEPTICAL,False,,,0.005884,NO_DATA,
AIG,2025-08-25,8.1,BULLISH,NEUTRAL,NO_DATA,NEUTRAL,ESS_BULLISH_ANALYST_SKEPTICAL,False,-0.053536,-0.040171,0.005884,LOSER,False
AIR,2025-08-25,8.3,BULLISH,NEUTRAL,BULLISH,NEUTRAL,ESS_BULLISH_ANALYST_MIXED,False,0.086962,0.151685,0.005884,WINNER,True
AIZ,2025-08-25,7.3,BULLISH,BULLISH,NO_DATA,NEUTRAL,ESS_BULLISH_ANALYST_MIXED,False,0.009683,-0.005942,0.005884,NEUTRAL,False
AKAM,2025-08-25,8.9,BULLISH,NEUTRAL,BULLISH,NEUTRAL,ESS_BULLISH_ANALYST_MIXED,False,-0.00379,-0.019211,0.005884,NEUTRAL,False
AKBA,2025-08-25,7.8,BULLISH,NEUTRAL,BEARISH,NEUTRAL,ESS_BULLISH_ANALYST_SKEPTICAL,True,-0.085809,0.0,0.005884,LOSER,False
ALG,2025-08-25,8.5,BULLISH,NEUTRAL,BULLISH,NEUTRAL,ESS_BULLISH_ANALYST_MIXED,False,-0.113045,-0.139098,0.005884,LOSER,False
ALGN,2025-08-25,7.6,BULLISH,NEUTRAL,NEUTRAL,NEUTRAL,ESS_BULLISH_ANALYST_SKEPTICAL,False,-0.115756,-0.06726,0.005884,LOSER,False
ALIT,2025-08-25,9.7,BULLISH,NEUTRAL,NO_DATA,NO_DATA,ESS_BULLISH_ANALYST_SKEPTICAL,False,-0.164616,-0.16992,0.005884,LOSER,False
ALL,2025-08-25,8.9,BULLISH,NEUTRAL,NO_DATA,NEUTRAL,ESS_BULLISH_ANALYST_SKEPTICAL,False,0.041384,-0.039277,0.005884,WINNER,True
ALLE,2025-08-25,9.9,BULLISH,BULLISH,BULLISH,BULLISH,ESS_BULLISH_ANALYST_FULL_AGREE,False,0.032505,-0.014839,0.005884,WINNER,True
ALNT,2025-08-25,8.7,BULLISH,NEUTRAL,BULLISH,NO_DATA,ESS_BULLISH_ANALYST_MIXED,False,-0.045503,0.178579,0.005884,LOSER,False
ALRS,2025-08-25,7.4,BULLISH,NEUTRAL,NO_DATA,NEUTRAL,ESS_BULLISH_ANALYST_SKEPTICAL,False,0.031039,-0.015201,0.005884,WINNER,True
ALSN,2025-08-25,7.6,BULLISH,BEARISH,BULLISH,NEUTRAL,ESS_BULLISH_ANALYST_MIXED,True,-0.017429,-0.063038,0.005884,LOSER,False
ALV,2025-08-25,9.7,BULLISH,NEUTRAL,NO_DATA,NEUTRAL,ESS_BULLISH_ANALYST_SKEPTICAL,False,0.01201,-0.062314,0.005884,NEUTRAL,False
AM,2025-08-25,8.3,BULLISH,BULLISH,NO_DATA,NEUTRAL,ESS_BULLISH_ANALYST_MIXED,False,0.10694,0.026881,0.005884,WINNER,True
AMAT,2025-08-25,7.4,BULLISH,NEUTRAL,BULLISH,NO_DATA,ESS_BULLISH_ANALYST_MIXED,False,0.243534,0.412124,0.005884,WINNER,True
AMG,2025-08-25,8.1,BULLISH,NEUTRAL,NO_DATA,NEUTRAL,ESS_BULLISH_ANALYST_SKEPTICAL,False,0.057314,0.070817,0.005884,WINNER,True
AMGN,2025-08-25,8.4,BULLISH,NEUTRAL,NEUTRAL,NEUTRAL,ESS_BULLISH_ANALYST_SKEPTICAL,False,-0.032066,0.011405,0.005884,LOSER,False
AMN,2025-08-25,8.4,BULLISH,NEUTRAL,NEUTRAL,NEUTRAL,ESS_BULLISH_ANALYST_SKEPTICAL,False,-0.113581,0.0232,0.005884,LOSER,False
AMRK,2025-08-25,8.0,BULLISH,NEUTRAL,NO_DATA,BULLISH,ESS_BULLISH_ANALYST_MIXED,False,,,0.005884,NO_DATA,
AMRN,2025-08-25,8.9,BULLISH,BULLISH,NO_DATA,NEUTRAL,ESS_BULLISH_ANALYST_MIXED,False,0.003249,0.281351,0.005884,NEUTRAL,False
AMWD,2025-08-25,7.4,BULLISH,NO_DATA,NEUTRAL,NEUTRAL,ESS_BULLISH_ANALYST_SKEPTICAL,False,-0.018651,-0.038198,0.005884,LOSER,False
AMX,2025-08-25,7.1,BULLISH,NEUTRAL,NO_DATA,NEUTRAL,ESS_BULLISH_ANALYST_SKEPTICAL,False,0.024451,0.131237,0.005884,NEUTRAL,False
AN,2025-08-25,8.7,BULLISH,NEUTRAL,NO_DATA,NEUTRAL,ESS_BULLISH_ANALYST_SKEPTICAL,False,0.006481,-0.086258,0.005884,NEUTRAL,False
ANET,2025-08-25,8.4,BULLISH,BULLISH,NEUTRAL,BULLISH,ESS_BULLISH_ANALYST_MIXED,False,0.072159,0.156194,0.005884,WINNER,True
ANGI,2025-08-25,8.0,BULLISH,BULLISH,NEUTRAL,NEUTRAL,ESS_BULLISH_ANALYST_MIXED,False,-0.069024,-0.204265,0.005884,LOSER,False
ANGO,2025-08-25,9.1,BULLISH,NEUTRAL,BULLISH,NEUTRAL,ESS_BULLISH_ANALYST_MIXED,False,0.107438,0.274793,0.005884,WINNER,True
ANIK,2025-08-25,8.2,BULLISH,NEUTRAL,BEARISH,NEUTRAL,ESS_BULLISH_ANALYST_SKEPTICAL,True,-0.006572,0.096386,0.005884,NEUTRAL,False
ANIP,2025-08-25,8.2,BULLISH,BULLISH,NEUTRAL,NEUTRAL,ESS_BULLISH_ANALYST_MIXED,False,0.051705,0.043401,0.005884,WINNER,True
AOS,2025-08-25,8.3,BULLISH,NEUTRAL,BULLISH,BULLISH,ESS_BULLISH_ANALYST_MIXED,False,-0.007995,-0.050179,0.005884,NEUTRAL,False
APA,2025-08-25,7.6,BULLISH,NEUTRAL,NEUTRAL,NO_DATA,ESS_BULLISH_ANALYST_SKEPTICAL,False,0.092129,0.077674,0.005884,WINNER,True
APAM,2025-08-25,9.3,BULLISH,BULLISH,NO_DATA,NEUTRAL,ESS_BULLISH_ANALYST_MIXED,False,-0.047783,-0.062634,0.005884,LOSER,False
APEI,2025-08-25,8.8,BULLISH,NEUTRAL,NEUTRAL,NEUTRAL,ESS_BULLISH_ANALYST_SKEPTICAL,False,0.237243,0.198807,0.005884,WINNER,True
APG,2025-08-25,7.6,BULLISH,BULLISH,NO_DATA,NEUTRAL,ESS_BULLISH_ANALYST_MIXED,False,-0.055895,-0.033092,0.005884,LOSER,False
APH,2025-08-25,8.8,BULLISH,BULLISH,NEUTRAL,NEUTRAL,ESS_BULLISH_ANALYST_MIXED,False,0.123673,0.221229,0.005884,WINNER,True
APLE,2025-08-25,8.5,BULLISH,NEUTRAL,NO_DATA,NEUTRAL,ESS_BULLISH_ANALYST_SKEPTICAL,False,-0.036625,-0.070011,0.005884,LOSER,False
APOG,2025-08-25,7.4,BULLISH,NEUTRAL,NEUTRAL,NEUTRAL,ESS_BULLISH_ANALYST_SKEPTICAL,False,-0.006483,-0.125419,0.005884,NEUTRAL,False
APP,2025-08-25,9.2,BULLISH,BULLISH,NO_DATA,NO_DATA,ESS_BULLISH_ANALYST_FULL_AGREE,False,0.424337,0.375699,0.005884,WINNER,True
APTV,2025-08-25,8.0,BULLISH,NEUTRAL,BULLISH,NO_DATA,ESS_BULLISH_ANALYST_MIXED,False,0.078777,0.093365,0.005884,WINNER,True
ARAY,2025-08-25,8.2,BULLISH,NEUTRAL,BEARISH,NEUTRAL,ESS_BULLISH_ANALYST_SKEPTICAL,True,0.141936,0.012903,0.005884,WINNER,True
ARCT,2025-08-25,7.5,BULLISH,NEUTRAL,NO_DATA,NEUTRAL,ESS_BULLISH_ANALYST_SKEPTICAL,False,0.154715,-0.36646,0.005884,WINNER,True
ARI,2025-08-25,7.3,BULLISH,BULLISH,NO_DATA,NEUTRAL,ESS_BULLISH_ANALYST_MIXED,False,0.016537,0.025151,0.005884,NEUTRAL,False
ARR,2025-08-25,7.5,BULLISH,BEARISH,NO_DATA,NEUTRAL,ESS_BULLISH_ANALYST_MAJORITY_BEARISH,True,-0.044918,0.126434,0.005884,LOSER,False
ARW,2025-08-25,8.3,BULLISH,NEUTRAL,NEUTRAL,NEUTRAL,ESS_BULLISH_ANALYST_SKEPTICAL,False,-0.062486,-0.069928,0.005884,LOSER,False
ASC,2025-08-25,9.9,BULLISH,BULLISH,NEUTRAL,NEUTRAL,ESS_BULLISH_ANALYST_MIXED,False,0.110483,0.071858,0.005884,WINNER,True
ASIX,2025-08-25,9.0,BULLISH,NO_DATA,BULLISH,NEUTRAL,ESS_BULLISH_ANALYST_MIXED,False,-0.049903,-0.027132,0.005884,LOSER,False
ASTE,2025-08-25,9.9,BULLISH,NO_DATA,NEUTRAL,BULLISH,ESS_BULLISH_ANALYST_MIXED,False,0.033891,0.051923,0.005884,WINNER,True
ATGE,2025-08-25,9.4,BULLISH,NEUTRAL,NO_DATA,BULLISH,ESS_BULLISH_ANALYST_MIXED,False,,,0.005884,NO_DATA,
ATKR,2025-08-25,8.8,BULLISH,NEUTRAL,BULLISH,NEUTRAL,ESS_BULLISH_ANALYST_MIXED,False,0.037213,0.161088,0.005884,WINNER,True
ATLC,2025-08-25,7.3,BULLISH,NEUTRAL,NO_DATA,NEUTRAL,ESS_BULLISH_ANALYST_SKEPTICAL,False,0.021111,-0.063179,0.005884,NEUTRAL,False
ATO,2025-08-25,8.2,BULLISH,NEUTRAL,NEUTRAL,NEUTRAL,ESS_BULLISH_ANALYST_SKEPTICAL,False,0.007978,0.063342,0.005884,NEUTRAL,False
ATRO,2025-08-25,8.4,BULLISH,BULLISH,NEUTRAL,NEUTRAL,ESS_BULLISH_ANALYST_MIXED,False,0.17266,0.381005,0.005884,WINNER,True
AUDC,2025-08-25,7.8,BULLISH,BEARISH,BULLISH,NEUTRAL,ESS_BULLISH_ANALYST_MIXED,True,,,0.005884,NO_DATA,
AUPH,2025-08-25,9.6,BULLISH,NEUTRAL,NO_DATA,BULLISH,ESS_BULLISH_ANALYST_MIXED,False,0.061393,-0.02019,0.005884,WINNER,True
AVD,2025-08-25,9.0,BULLISH,NO_DATA,NEUTRAL,NEUTRAL,ESS_BULLISH_ANALYST_SKEPTICAL,False,0.118677,0.040856,0.005884,WINNER,True
AVNS,2025-08-25,7.1,BULLISH,NEUTRAL,NO_DATA,NEUTRAL,ESS_BULLISH_ANALYST_SKEPTICAL,False,0.043103,0.016379,0.005884,WINNER,True
AVT,2025-08-25,9.1,BULLISH,BEARISH,NO_DATA,NO_DATA,ESS_BULLISH_ANALYST_MAJORITY_BEARISH,True,-0.034704,-0.059366,0.005884,LOSER,False
AWI,2025-08-25,10.0,BULLISH,BULLISH,NO_DATA,BULLISH,ESS_BULLISH_ANALYST_FULL_AGREE,False,-0.016713,0.036026,0.005884,LOSER,False
AWR,2025-08-25,7.7,BULLISH,NEUTRAL,NEUTRAL,NEUTRAL,ESS_BULLISH_ANALYST_SKEPTICAL,False,-0.038935,0.019534,0.005884,LOSER,False
AX,2025-08-25,8.7,BULLISH,NEUTRAL,NO_DATA,NO_DATA,ESS_BULLISH_ANALYST_SKEPTICAL,False,-0.028391,-0.108351,0.005884,LOSER,False
AXS,2025-08-25,9.2,BULLISH,NEUTRAL,NO_DATA,NO_DATA,ESS_BULLISH_ANALYST_SKEPTICAL,False,-0.015596,-0.070948,0.005884,LOSER,False
AYI,2025-08-25,9.0,BULLISH,NEUTRAL,BULLISH,BULLISH,ESS_BULLISH_ANALYST_MIXED,False,0.044932,0.12926,0.005884,WINNER,True
AZO,2025-08-25,7.7,BULLISH,NEUTRAL,NEUTRAL,BULLISH,ESS_BULLISH_ANALYST_MIXED,False,0.008952,-0.080745,0.005884,NEUTRAL,False
AZZ,2025-08-25,9.1,BULLISH,NEUTRAL,BEARISH,BULLISH,ESS_BULLISH_ANALYST_MIXED,True,-0.032295,-0.141784,0.005884,LOSER,False
B,2025-08-25,7.4,BULLISH,NEUTRAL,NEUTRAL,NEUTRAL,ESS_BULLISH_ANALYST_SKEPTICAL,False,0.28473,0.243016,0.005884,WINNER,True
BAH,2025-08-25,9.4,BULLISH,NEUTRAL,BULLISH,NEUTRAL,ESS_BULLISH_ANALYST_MIXED,False,-0.092836,-0.164839,0.005884,LOSER,False
BBVA,2025-08-25,9.6,BULLISH,BULLISH,NO_DATA,NEUTRAL,ESS_BULLISH_ANALYST_MIXED,False,0.03378,0.053083,0.005884,WINNER,True
BBW,2025-08-25,9.9,BULLISH,NEUTRAL,BULLISH,BULLISH,ESS_BULLISH_ANALYST_MIXED,False,0.303539,-0.004146,0.005884,WINNER,True
BBY,2025-08-25,8.3,BULLISH,NEUTRAL,NEUTRAL,BULLISH,ESS_BULLISH_ANALYST_MIXED,False,0.010869,0.134757,0.005884,NEUTRAL,False
BC,2025-08-25,7.8,BULLISH,NEUTRAL,NO_DATA,BULLISH,ESS_BULLISH_ANALYST_MIXED,False,-0.038509,0.103253,0.005884,LOSER,False
BCML,2025-08-25,8.7,BULLISH,NEUTRAL,NO_DATA,NEUTRAL,ESS_BULLISH_ANALYST_SKEPTICAL,False,-0.006327,-0.072773,0.005884,NEUTRAL,False
BCS,2025-08-25,7.7,BULLISH,NEUTRAL,NO_DATA,NEUTRAL,ESS_BULLISH_ANALYST_SKEPTICAL,False,0.015686,0.013725,0.005884,NEUTRAL,False
BDC,2025-08-25,7.3,BULLISH,NEUTRAL,BULLISH,NEUTRAL,ESS_BULLISH_ANALYST_MIXED,False,-0.016533,-0.09454,0.005884,LOSER,False
BEN,2025-08-25,7.3,BULLISH,NEUTRAL,NO_DATA,NEUTRAL,ESS_BULLISH_ANALYST_SKEPTICAL,False,-0.070189,-0.086866,0.005884,LOSER,False
BFH,2025-08-25,8.9,BULLISH,NEUTRAL,BEARISH,NO_DATA,ESS_BULLISH_ANALYST_MAJORITY_BEARISH,True,-0.034049,0.042164,0.005884,LOSER,False
BFST,2025-08-25,8.7,BULLISH,NEUTRAL,NO_DATA,NEUTRAL,ESS_BULLISH_ANALYST_SKEPTICAL,False,-0.043323,-0.005962,0.005884,LOSER,False
BGC,2025-08-25,7.7,BULLISH,NEUTRAL,NO_DATA,NO_DATA,ESS_BULLISH_ANALYST_SKEPTICAL,False,-0.056548,-0.064484,0.005884,LOSER,False
BGSF,2025-08-25,7.6,BULLISH,NEUTRAL,BULLISH,NEUTRAL,ESS_BULLISH_ANALYST_MIXED,False,,,0.005884,NO_DATA,
BH,2025-08-25,8.4,BULLISH,NO_DATA,NEUTRAL,NEUTRAL,ESS_BULLISH_ANALYST_SKEPTICAL,False,0.045479,0.23404,0.005884,WINNER,True
BHE,2025-08-25,8.0,BULLISH,NO_DATA,BULLISH,NEUTRAL,ESS_BULLISH_ANALYST_MIXED,False,-0.0318,0.042821,0.005884,LOSER,False
BHF,2025-08-25,7.3,BULLISH,NEUTRAL,NO_DATA,NEUTRAL,ESS_BULLISH_ANALYST_SKEPTICAL,False,0.158581,-0.003206,0.005884,WINNER,True
BHP,2025-08-25,7.5,BULLISH,NEUTRAL,NO_DATA,NEUTRAL,ESS_BULLISH_ANALYST_SKEPTICAL,False,-0.040703,-0.00269,0.005884,LOSER,False
BHR,2025-08-25,7.3,BULLISH,NEUTRAL,NO_DATA,NO_DATA,ESS_BULLISH_ANALYST_SKEPTICAL,False,0.309091,0.300581,0.005884,WINNER,True
BIDU,2025-08-25,9.0,BULLISH,BEARISH,NO_DATA,NEUTRAL,ESS_BULLISH_ANALYST_MAJORITY_BEARISH,True,0.445883,0.335364,0.005884,WINNER,True
BIIB,2025-08-25,8.0,BULLISH,NEUTRAL,NEUTRAL,NEUTRAL,ESS_BULLISH_ANALYST_SKEPTICAL,False,0.009607,0.099223,0.005884,NEUTRAL,False
BILI,2025-08-25,9.7,BULLISH,NEUTRAL,NO_DATA,NEUTRAL,ESS_BULLISH_ANALYST_SKEPTICAL,False,0.129892,0.267097,0.005884,WINNER,True
BJ,2025-08-25,7.8,BULLISH,BULLISH,NO_DATA,NEUTRAL,ESS_BULLISH_ANALYST_MIXED,False,-0.018989,-0.037243,0.005884,LOSER,False
BJRI,2025-08-25,7.8,BULLISH,BULLISH,NEUTRAL,NEUTRAL,ESS_BULLISH_ANALYST_MIXED,False,-0.089747,-0.020208,0.005884,LOSER,False
BK,2025-08-25,8.1,BULLISH,NEUTRAL,NO_DATA,NEUTRAL,ESS_BULLISH_ANALYST_SKEPTICAL,False,0.04839,0.047227,0.005884,WINNER,True
BKNG,2025-08-25,8.2,BULLISH,NEUTRAL,NEUTRAL,NEUTRAL,ESS_BULLISH_ANALYST_SKEPTICAL,False,-0.02954,-0.096181,0.005884,LOSER,False
BLBD,2025-08-25,9.8,BULLISH,BULLISH,NEUTRAL,BULLISH,ESS_BULLISH_ANALYST_MIXED,False,0.049787,0.002489,0.005884,WINNER,True
BLD,2025-08-25,9.8,BULLISH,NEUTRAL,BULLISH,BULLISH,ESS_BULLISH_ANALYST_MIXED,False,-0.084082,0.052144,0.005884,LOSER,False
BMBL,2025-08-25,9.9,BULLISH,NEUTRAL,NO_DATA,NO_DATA,ESS_BULLISH_ANALYST_SKEPTICAL,False,0.029641,-0.082683,0.005884,WINNER,True
BMO,2025-08-25,9.0,BULLISH,NEUTRAL,NO_DATA,NEUTRAL,ESS_BULLISH_ANALYST_SKEPTICAL,False,0.127802,0.112683,0.005884,WINNER,True
BMRC,2025-08-25,7.3,BULLISH,NEUTRAL,NO_DATA,NEUTRAL,ESS_BULLISH_ANALYST_SKEPTICAL,False,0.019575,0.019159,0.005884,NEUTRAL,False
BMY,2025-08-25,9.5,BULLISH,NEUTRAL,BULLISH,NEUTRAL,ESS_BULLISH_ANALYST_MIXED,False,-0.063216,-0.057437,0.005884,LOSER,False
BNS,2025-08-25,7.5,BULLISH,NEUTRAL,NO_DATA,NEUTRAL,ESS_BULLISH_ANALYST_SKEPTICAL,False,0.117934,0.130147,0.005884,WINNER,True
BOOM,2025-08-25,8.5,BULLISH,NEUTRAL,NEUTRAL,NEUTRAL,ESS_BULLISH_ANALYST_SKEPTICAL,False,0.213549,0.240059,0.005884,WINNER,True
BR,2025-08-25,8.2,BULLISH,NEUTRAL,NEUTRAL,BULLISH,ESS_BULLISH_ANALYST_MIXED,False,-0.076966,-0.091515,0.005884,LOSER,False
BRC,2025-08-25,8.6,BULLISH,NO_DATA,BULLISH,NEUTRAL,ESS_BULLISH_ANALYST_MIXED,False,0.013053,0.04098,0.005884,NEUTRAL,False
BRFS,2025-08-25,9.2,BULLISH,NEUTRAL,NO_DATA,NEUTRAL,ESS_BULLISH_ANALYST_SKEPTICAL,False,,,0.005884,NO_DATA,
BSAC,2025-08-25,7.3,BULLISH,NEUTRAL,NO_DATA,NEUTRAL,ESS_BULLISH_ANALYST_SKEPTICAL,False,0.117053,0.191579,0.005884,WINNER,True
BSBR,2025-08-25,8.7,BULLISH,NEUTRAL,NO_DATA,NO_DATA,ESS_BULLISH_ANALYST_SKEPTICAL,False,0.07451,0.064706,0.005884,WINNER,True
BSET,2025-08-25,7.4,BULLISH,BULLISH,NEUTRAL,NEUTRAL,ESS_BULLISH_ANALYST_MIXED,False,-0.132022,-0.141011,0.005884,LOSER,False
BSRR,2025-08-25,8.7,BULLISH,NEUTRAL,NO_DATA,NEUTRAL,ESS_BULLISH_ANALYST_SKEPTICAL,False,-0.024926,-0.104624,0.005884,LOSER,False
BSVN,2025-08-25,9.9,BULLISH,BULLISH,NO_DATA,NEUTRAL,ESS_BULLISH_ANALYST_MIXED,False,-0.02898,-0.122832,0.005884,LOSER,False
BTI,2025-08-25,7.9,BULLISH,NEUTRAL,NO_DATA,NEUTRAL,ESS_BULLISH_ANALYST_SKEPTICAL,False,-0.093772,-0.086059,0.005884,LOSER,False
BVN,2025-08-25,7.8,BULLISH,NEUTRAL,NO_DATA,NEUTRAL,ESS_BULLISH_ANALYST_SKEPTICAL,False,0.235676,0.214595,0.005884,WINNER,True
BWA,2025-08-25,9.0,BULLISH,NEUTRAL,NEUTRAL,BULLISH,ESS_BULLISH_ANALYST_MIXED,False,0.003529,0.018113,0.005884,NEUTRAL,False
BWB,2025-08-25,7.6,BULLISH,BULLISH,NO_DATA,NEUTRAL,ESS_BULLISH_ANALYST_MIXED,False,0.065339,0.085252,0.005884,WINNER,True
BY,2025-08-25,7.3,BULLISH,NEUTRAL,NO_DATA,NEUTRAL,ESS_BULLISH_ANALYST_SKEPTICAL,False,-0.015668,-0.019847,0.005884,LOSER,False
BYD,2025-08-25,9.7,BULLISH,BULLISH,BULLISH,NEUTRAL,ESS_BULLISH_ANALYST_MIXED,False,-0.019249,-0.084779,0.005884,LOSER,False
C,2025-08-25,7.3,BULLISH,BULLISH,NO_DATA,NEUTRAL,ESS_BULLISH_ANALYST_MIXED,False,0.07,0.039789,0.005884,WINNER,True
CACI,2025-08-25,7.1,BULLISH,NEUTRAL,BULLISH,NEUTRAL,ESS_BULLISH_ANALYST_MIXED,False,0.025618,0.207793,0.005884,NEUTRAL,False
CADE,2025-08-25,7.1,BULLISH,BULLISH,NO_DATA,NO_DATA,ESS_BULLISH_ANALYST_FULL_AGREE,False,,,0.005884,NO_DATA,
CAE,2025-08-25,7.7,BULLISH,NEUTRAL,BEARISH,NEUTRAL,ESS_BULLISH_ANALYST_SKEPTICAL,True,0.079371,0.074504,0.005884,WINNER,True
CAH,2025-08-25,9.5,BULLISH,NEUTRAL,BULLISH,NEUTRAL,ESS_BULLISH_ANALYST_MIXED,False,0.058477,0.112153,0.005884,WINNER,True
CAKE,2025-08-25,8.3,BULLISH,NEUTRAL,BULLISH,NEUTRAL,ESS_BULLISH_ANALYST_MIXED,False,-0.108569,-0.08877,0.005884,LOSER,False
CALM,2025-08-25,9.9,BULLISH,NEUTRAL,NEUTRAL,BULLISH,ESS_BULLISH_ANALYST_MIXED,False,-0.157758,-0.22022,0.005884,LOSER,False
CARS,2025-08-25,9.2,BULLISH,NEUTRAL,NEUTRAL,NEUTRAL,ESS_BULLISH_ANALYST_SKEPTICAL,False,-0.042537,-0.126063,0.005884,LOSER,False
CART,2025-08-25,8.0,BULLISH,NEUTRAL,NO_DATA,NO_DATA,ESS_BULLISH_ANALYST_SKEPTICAL,False,-0.007018,-0.08421,0.005884,NEUTRAL,False
CASH,2025-08-25,8.8,BULLISH,NEUTRAL,NO_DATA,NO_DATA,ESS_BULLISH_ANALYST_SKEPTICAL,False,-0.043359,-0.087753,0.005884,LOSER,False
CBAN,2025-08-25,9.5,BULLISH,NEUTRAL,NO_DATA,NEUTRAL,ESS_BULLISH_ANALYST_SKEPTICAL,False,0.048264,-0.017069,0.005884,WINNER,True
CBFV,2025-08-25,8.9,BULLISH,BULLISH,NO_DATA,NEUTRAL,ESS_BULLISH_ANALYST_MIXED,False,0.035104,0.025946,0.005884,WINNER,True
CBNK,2025-08-25,8.7,BULLISH,NEUTRAL,NO_DATA,NEUTRAL,ESS_BULLISH_ANALYST_SKEPTICAL,False,-0.043083,-0.128663,0.005884,LOSER,False
CBOE,2025-08-25,8.4,BULLISH,NEUTRAL,NO_DATA,NEUTRAL,ESS_BULLISH_ANALYST_SKEPTICAL,False,-0.023647,-0.041473,0.005884,LOSER,False
CBT,2025-08-25,8.8,BULLISH,NEUTRAL,BULLISH,NEUTRAL,ESS_BULLISH_ANALYST_MIXED,False,-0.064247,-0.120466,0.005884,LOSER,False
CCBG,2025-08-25,8.9,BULLISH,BULLISH,NO_DATA,NEUTRAL,ESS_BULLISH_ANALYST_MIXED,False,0.016175,-0.022809,0.005884,NEUTRAL,False
CCJ,2025-08-25,8.8,BULLISH,NEUTRAL,BEARISH,NEUTRAL,ESS_BULLISH_ANALYST_SKEPTICAL,True,0.10831,0.175537,0.005884,WINNER,True
CCK,2025-08-25,7.2,BULLISH,NEUTRAL,NEUTRAL,NEUTRAL,ESS_BULLISH_ANALYST_SKEPTICAL,False,-0.039621,-0.013473,0.005884,LOSER,False
CDNS,2025-08-25,8.2,BULLISH,NEUTRAL,NEUTRAL,NEUTRAL,ESS_BULLISH_ANALYST_SKEPTICAL,False,0.034097,-0.000261,0.005884,WINNER,True
CENTA,2025-08-25,9.9,BULLISH,BULLISH,NO_DATA,NO_DATA,ESS_BULLISH_ANALYST_FULL_AGREE,False,-0.069725,-0.112844,0.005884,LOSER,False
CERS,2025-08-25,8.8,BULLISH,NEUTRAL,NEUTRAL,NEUTRAL,ESS_BULLISH_ANALYST_SKEPTICAL,False,0.203125,0.195313,0.005884,WINNER,True
CFFN,2025-08-25,8.8,BULLISH,NO_DATA,NO_DATA,NEUTRAL,ESS_BULLISH_ANALYST_SKEPTICAL,False,0.006279,0.010989,0.005884,NEUTRAL,False
CHCO,2025-08-25,7.3,BULLISH,BULLISH,NO_DATA,NEUTRAL,ESS_BULLISH_ANALYST_MIXED,False,-0.043033,-0.046792,0.005884,LOSER,False
CHE,2025-08-25,7.7,BULLISH,BEARISH,NEUTRAL,NEUTRAL,ESS_BULLISH_ANALYST_SKEPTICAL,True,0.002149,-0.0425,0.005884,NEUTRAL,False
CHKP,2025-08-25,9.1,BULLISH,NEUTRAL,BULLISH,NEUTRAL,ESS_BULLISH_ANALYST_MIXED,False,0.083209,0.0228,0.005884,WINNER,True
CHRW,2025-08-25,9.7,BULLISH,NEUTRAL,BULLISH,BULLISH,ESS_BULLISH_ANALYST_MIXED,False,0.059644,0.002091,0.005884,WINNER,True
CHWY,2025-08-25,9.0,BULLISH,NEUTRAL,NO_DATA,BULLISH,ESS_BULLISH_ANALYST_MIXED,False,-0.058883,-0.116507,0.005884,LOSER,False
CI,2025-08-25,9.2,BULLISH,NEUTRAL,BULLISH,NEUTRAL,ESS_BULLISH_ANALYST_MIXED,False,-0.026127,0.008459,0.005884,LOSER,False
CIM,2025-08-25,9.8,BULLISH,NO_DATA,NO_DATA,NEUTRAL,ESS_BULLISH_ANALYST_SKEPTICAL,False,-0.019341,-0.038107,0.005884,LOSER,False
CINF,2025-08-25,7.4,BULLISH,NEUTRAL,NO_DATA,NEUTRAL,ESS_BULLISH_ANALYST_SKEPTICAL,False,0.013541,0.027643,0.005884,NEUTRAL,False
CLMB,2025-08-25,9.8,BULLISH,NEUTRAL,BULLISH,NO_DATA,ESS_BULLISH_ANALYST_MIXED,False,0.134921,0.076026,0.005884,WINNER,True
CM,2025-08-25,7.5,BULLISH,NEUTRAL,NO_DATA,NEUTRAL,ESS_BULLISH_ANALYST_SKEPTICAL,False,0.111433,0.133333,0.005884,WINNER,True
CME,2025-08-25,9.1,BULLISH,NEUTRAL,NO_DATA,NEUTRAL,ESS_BULLISH_ANALYST_SKEPTICAL,False,-0.020985,-0.002066,0.005884,LOSER,False
CMG,2025-08-25,7.4,BULLISH,NEUTRAL,BULLISH,NEUTRAL,ESS_BULLISH_ANALYST_MIXED,False,-0.074854,-0.036491,0.005884,LOSER,False
CMT,2025-08-25,9.6,BULLISH,NEUTRAL,BULLISH,NO_DATA,ESS_BULLISH_ANALYST_MIXED,False,0.1664,0.0192,0.005884,WINNER,True
CNA,2025-08-25,9.3,BULLISH,NEUTRAL,NO_DATA,BULLISH,ESS_BULLISH_ANALYST_MIXED,False,-0.059677,-0.071939,0.005884,LOSER,False
CNDT,2025-08-25,8.7,BULLISH,NEUTRAL,BULLISH,NO_DATA,ESS_BULLISH_ANALYST_MIXED,False,-0.007273,-0.054545,0.005884,NEUTRAL,False
CNI,2025-08-25,8.7,BULLISH,NEUTRAL,BULLISH,NO_DATA,ESS_BULLISH_ANALYST_MIXED,False,-0.022684,0.010936,0.005884,LOSER,False
CNMD,2025-08-25,9.4,BULLISH,NEUTRAL,NEUTRAL,NEUTRAL,ESS_BULLISH_ANALYST_SKEPTICAL,False,-0.102909,-0.116779,0.005884,LOSER,False
CNX,2025-08-25,8.8,BULLISH,NEUTRAL,NO_DATA,NEUTRAL,ESS_BULLISH_ANALYST_SKEPTICAL,False,0.094313,0.133495,0.005884,WINNER,True
COHR,2025-08-25,8.7,BULLISH,BULLISH,BULLISH,NO_DATA,ESS_BULLISH_ANALYST_FULL_AGREE,False,0.177017,0.429171,0.005884,WINNER,True
COLB,2025-08-25,8.5,BULLISH,BULLISH,NO_DATA,NEUTRAL,ESS_BULLISH_ANALYST_MIXED,False,-0.014793,-0.037775,0.005884,LOSER,False
COMM,2025-08-25,8.0,BULLISH,BULLISH,NEUTRAL,NEUTRAL,ESS_BULLISH_ANALYST_MIXED,False,,,0.005884,NO_DATA,
COR,2025-08-25,9.4,BULLISH,NEUTRAL,BULLISH,NEUTRAL,ESS_BULLISH_ANALYST_MIXED,False,0.06958,0.154041,0.005884,WINNER,True
CORT,2025-08-25,7.9,BULLISH,NEUTRAL,BEARISH,NEUTRAL,ESS_BULLISH_ANALYST_SKEPTICAL,True,0.21825,0.053763,0.005884,WINNER,True
COST,2025-08-25,8.6,BULLISH,BULLISH,BULLISH,NEUTRAL,ESS_BULLISH_ANALYST_MIXED,False,0.003919,-0.010026,0.005884,NEUTRAL,False
CPA,2025-08-25,8.6,BULLISH,NEUTRAL,NEUTRAL,NEUTRAL,ESS_BULLISH_ANALYST_SKEPTICAL,False,0.042755,0.102553,0.005884,WINNER,True
CRAI,2025-08-25,9.4,BULLISH,NEUTRAL,BULLISH,NEUTRAL,ESS_BULLISH_ANALYST_MIXED,False,0.062452,-0.034713,0.005884,WINNER,True
CRCT,2025-08-25,9.6,BULLISH,NEUTRAL,NO_DATA,NO_DATA,ESS_BULLISH_ANALYST_SKEPTICAL,False,0.14601,-0.113752,0.005884,WINNER,True
CRM,2025-08-25,7.7,BULLISH,NEUTRAL,NEUTRAL,NEUTRAL,ESS_BULLISH_ANALYST_SKEPTICAL,False,-0.006261,0.029869,0.005884,NEUTRAL,False
CRMD,2025-08-25,7.2,BULLISH,BULLISH,NO_DATA,NEUTRAL,ESS_BULLISH_ANALYST_MIXED,False,-0.181355,-0.186453,0.005884,LOSER,False
CRS,2025-08-25,8.6,BULLISH,BULLISH,BULLISH,NEUTRAL,ESS_BULLISH_ANALYST_MIXED,False,-0.033302,0.302531,0.005884,LOSER,False
CRSP,2025-08-25,0.6,BEARISH,BEARISH,NEUTRAL,NEUTRAL,ESS_BEARISH_ANALYST_MIXED,False,0.12784,0.24903,0.005884,WINNER,False
CRUS,2025-08-25,9.6,BULLISH,NEUTRAL,BULLISH,NEUTRAL,ESS_BULLISH_ANALYST_MIXED,False,0.089303,0.125765,0.005884,WINNER,True
CRWV,2025-08-25,,NO_DATA,NEUTRAL,NO_DATA,NO_DATA,NO_ESS_DATA,False,,,0.005884,NO_DATA,
CSCO,2025-08-25,9.5,BULLISH,NEUTRAL,BULLISH,NO_DATA,ESS_BULLISH_ANALYST_MIXED,False,0.002681,0.058333,0.005884,NEUTRAL,False
CSGS,2025-08-25,9.0,BULLISH,NEUTRAL,BULLISH,NEUTRAL,ESS_BULLISH_ANALYST_MIXED,False,0.039835,0.068847,0.005884,WINNER,True
CSV,2025-08-25,7.4,BULLISH,BULLISH,NEUTRAL,NEUTRAL,ESS_BULLISH_ANALYST_MIXED,False,0.00539,0.021109,0.005884,NEUTRAL,False
CTBI,2025-08-25,8.7,BULLISH,NEUTRAL,NO_DATA,NEUTRAL,ESS_BULLISH_ANALYST_SKEPTICAL,False,-0.025347,-0.082158,0.005884,LOSER,False
CTRE,2025-08-25,7.2,BULLISH,NEUTRAL,NO_DATA,NEUTRAL,ESS_BULLISH_ANALYST_SKEPTICAL,False,0.003513,0.039715,0.005884,NEUTRAL,False
CTS,2025-08-25,7.6,BULLISH,NEUTRAL,BULLISH,NEUTRAL,ESS_BULLISH_ANALYST_MIXED,False,-0.045104,-0.013729,0.005884,LOSER,False
CTSH,2025-08-25,9.3,BULLISH,NEUTRAL,BULLISH,NEUTRAL,ESS_BULLISH_ANALYST_MIXED,False,-0.052661,-0.05959,0.005884,LOSER,False
CTSO,2025-08-25,7.6,BULLISH,NEUTRAL,NEUTRAL,NEUTRAL,ESS_BULLISH_ANALYST_SKEPTICAL,False,0.051876,-0.06181,0.005884,WINNER,True
CVCO,2025-08-25,7.8,BULLISH,NEUTRAL,BULLISH,NEUTRAL,ESS_BULLISH_ANALYST_MIXED,False,0.083544,0.1375,0.005884,WINNER,True
CVE,2025-08-25,9.4,BULLISH,NEUTRAL,NEUTRAL,NEUTRAL,ESS_BULLISH_ANALYST_SKEPTICAL,False,0.066467,0.022754,0.005884,WINNER,True
CVS,2025-08-25,9.3,BULLISH,BULLISH,NEUTRAL,BULLISH,ESS_BULLISH_ANALYST_MIXED,False,0.072602,0.159946,0.005884,WINNER,True
CW,2025-08-25,8.3,BULLISH,NEUTRAL,NEUTRAL,NEUTRAL,ESS_BULLISH_ANALYST_SKEPTICAL,False,0.067716,0.192427,0.005884,WINNER,True
CWK,2025-08-25,7.4,BULLISH,NEUTRAL,NO_DATA,NEUTRAL,ESS_BULLISH_ANALYST_SKEPTICAL,False,-0.011882,0.068168,0.005884,NEUTRAL,False
CX,2025-08-25,7.7,BULLISH,NEUTRAL,NO_DATA,NEUTRAL,ESS_BULLISH_ANALYST_SKEPTICAL,False,0.012401,0.055242,0.005884,NEUTRAL,False
CZFS,2025-08-25,9.6,BULLISH,BULLISH,NO_DATA,NEUTRAL,ESS_BULLISH_ANALYST_MIXED,False,-0.001685,-0.084054,0.005884,NEUTRAL,False
CZNC,2025-08-25,9.6,BULLISH,BULLISH,NO_DATA,NEUTRAL,ESS_BULLISH_ANALYST_MIXED,False,-0.009935,-0.032787,0.005884,NEUTRAL,False
CZWI,2025-08-25,8.7,BULLISH,NEUTRAL,NO_DATA,NEUTRAL,ESS_BULLISH_ANALYST_SKEPTICAL,False,0.004914,-0.022113,0.005884,NEUTRAL,False
DAC,2025-08-25,9.5,BULLISH,NEUTRAL,BULLISH,NEUTRAL,ESS_BULLISH_ANALYST_MIXED,False,,,0.005884,NO_DATA,
DAKT,2025-08-25,8.1,BULLISH,NEUTRAL,NEUTRAL,BULLISH,ESS_BULLISH_ANALYST_MIXED,False,0.255332,0.209716,0.005884,WINNER,True
DAL,2025-08-25,9.3,BULLISH,NEUTRAL,NEUTRAL,BULLISH,ESS_BULLISH_ANALYST_MIXED,False,-0.044695,0.012023,0.005884,LOSER,False
DB,2025-08-25,9.8,BULLISH,BULLISH,NO_DATA,NEUTRAL,ESS_BULLISH_ANALYST_MIXED,False,-0.0268,-0.089875,0.005884,LOSER,False
DBD,2025-08-25,8.8,BULLISH,NEUTRAL,NEUTRAL,BULLISH,ESS_BULLISH_ANALYST_MIXED,False,-0.096491,-0.063317,0.005884,LOSER,False
DBX,2025-08-25,8.6,BULLISH,NEUTRAL,NO_DATA,NEUTRAL,ESS_BULLISH_ANALYST_SKEPTICAL,False,0.10093,0.030718,0.005884,WINNER,True
DCI,2025-08-25,7.8,BULLISH,NEUTRAL,BULLISH,NEUTRAL,ESS_BULLISH_ANALYST_MIXED,False,0.060924,0.104991,0.005884,WINNER,True
DCO,2025-08-25,8.7,BULLISH,NEUTRAL,NEUTRAL,NEUTRAL,ESS_BULLISH_ANALYST_SKEPTICAL,False,-0.036315,0.072417,0.005884,LOSER,False
DELL,2025-08-25,9.5,BULLISH,NEUTRAL,NO_DATA,NEUTRAL,ESS_BULLISH_ANALYST_SKEPTICAL,False,0.008244,0.215215,0.005884,NEUTRAL,False
DFIN,2025-08-25,8.5,BULLISH,BULLISH,NO_DATA,NEUTRAL,ESS_BULLISH_ANALYST_MIXED,False,-0.102674,-0.044028,0.005884,LOSER,False
DGICA,2025-08-25,8.7,BULLISH,NEUTRAL,NO_DATA,NEUTRAL,ESS_BULLISH_ANALYST_SKEPTICAL,False,0.09822,0.097645,0.005884,WINNER,True
DGII,2025-08-25,9.6,BULLISH,NEUTRAL,BULLISH,NEUTRAL,ESS_BULLISH_ANALYST_MIXED,False,0.106269,0.158806,0.005884,WINNER,True
DHT,2025-08-25,8.8,BULLISH,NEUTRAL,BULLISH,NEUTRAL,ESS_BULLISH_ANALYST_MIXED,False,0.091067,0.084128,0.005884,WINNER,True
DIN,2025-08-25,8.7,BULLISH,BEARISH,BULLISH,NEUTRAL,ESS_BULLISH_ANALYST_MIXED,True,0.165785,0.283336,0.005884,WINNER,True
DLX,2025-08-25,9.0,BULLISH,NEUTRAL,BULLISH,NEUTRAL,ESS_BULLISH_ANALYST_MIXED,False,-0.019608,-0.028155,0.005884,LOSER,False
DNOW,2025-08-25,8.9,BULLISH,BULLISH,BULLISH,NEUTRAL,ESS_BULLISH_ANALYST_MIXED,False,-0.010217,-0.024266,0.005884,NEUTRAL,False
DOX,2025-08-25,9.0,BULLISH,NEUTRAL,BULLISH,NEUTRAL,ESS_BULLISH_ANALYST_MIXED,False,-0.048165,-0.037119,0.005884,LOSER,False
DUK,2025-08-25,7.8,BULLISH,NEUTRAL,NEUTRAL,NEUTRAL,ESS_BULLISH_ANALYST_SKEPTICAL,False,0.004305,0.034603,0.005884,NEUTRAL,False
DVA,2025-08-25,8.7,BULLISH,NEUTRAL,BULLISH,NEUTRAL,ESS_BULLISH_ANALYST_MIXED,False,-0.027015,-0.059273,0.005884,LOSER,False
DX,2025-08-25,8.7,BULLISH,NEUTRAL,NO_DATA,NEUTRAL,ESS_BULLISH_ANALYST_SKEPTICAL,False,,,0.005884,NO_DATA,
E,2025-08-25,9.4,BULLISH,BULLISH,NO_DATA,NEUTRAL,ESS_BULLISH_ANALYST_MIXED,False,-0.00281,0.034279,0.005884,NEUTRAL,False
EAT,2025-08-25,7.1,BULLISH,NEUTRAL,NEUTRAL,NO_DATA,ESS_BULLISH_ANALYST_SKEPTICAL,False,-0.098057,-0.161607,0.005884,LOSER,False
EBF,2025-08-25,7.8,BULLISH,NO_DATA,NEUTRAL,NEUTRAL,ESS_BULLISH_ANALYST_SKEPTICAL,False,-0.008121,-0.069003,0.005884,NEUTRAL,False
EBMT,2025-08-25,8.9,BULLISH,BULLISH,NO_DATA,NEUTRAL,ESS_BULLISH_ANALYST_MIXED,False,0.004063,-0.019733,0.005884,NEUTRAL,False
EBR,2025-08-25,7.9,BULLISH,NEUTRAL,NO_DATA,NEUTRAL,ESS_BULLISH_ANALYST_SKEPTICAL,False,,,0.005884,NO_DATA,
EBS,2025-08-25,7.8,BULLISH,NEUTRAL,BEARISH,NEUTRAL,ESS_BULLISH_ANALYST_SKEPTICAL,True,-0.098913,0.058696,0.005884,LOSER,False
ECG,2025-08-25,8.2,BULLISH,BULLISH,NO_DATA,NO_DATA,ESS_BULLISH_ANALYST_FULL_AGREE,False,0.055548,0.241767,0.005884,WINNER,True
ED,2025-08-25,8.5,BULLISH,NEUTRAL,NEUTRAL,NEUTRAL,ESS_BULLISH_ANALYST_SKEPTICAL,False,-0.011406,0.000901,0.005884,NEUTRAL,False
EDN,2025-08-25,7.9,BULLISH,NEUTRAL,NO_DATA,NEUTRAL,ESS_BULLISH_ANALYST_SKEPTICAL,False,,,0.005884,NO_DATA,
EEFT,2025-08-25,7.9,BULLISH,NEUTRAL,NEUTRAL,NEUTRAL,ESS_BULLISH_ANALYST_SKEPTICAL,False,-0.083794,-0.142574,0.005884,LOSER,False
EFSC,2025-08-25,9.5,BULLISH,NEUTRAL,NO_DATA,NEUTRAL,ESS_BULLISH_ANALYST_SKEPTICAL,False,-0.015403,-0.074883,0.005884,LOSER,False
EGO,2025-08-25,8.1,BULLISH,NEUTRAL,NO_DATA,NEUTRAL,ESS_BULLISH_ANALYST_SKEPTICAL,False,0.202315,0.116159,0.005884,WINNER,True
EHTH,2025-08-25,8.7,BULLISH,NEUTRAL,NO_DATA,NEUTRAL,ESS_BULLISH_ANALYST_SKEPTICAL,False,0.092348,0.390501,0.005884,WINNER,True
ELA,2025-08-25,9.4,BULLISH,NEUTRAL,NO_DATA,NEUTRAL,ESS_BULLISH_ANALYST_SKEPTICAL,False,0.037037,0.162698,0.005884,WINNER,True
ELAN,2025-08-25,8.4,BULLISH,NEUTRAL,NEUTRAL,NEUTRAL,ESS_BULLISH_ANALYST_SKEPTICAL,False,0.053963,0.23946,0.005884,WINNER,True
ELMD,2025-08-25,8.8,BULLISH,NEUTRAL,NEUTRAL,NEUTRAL,ESS_BULLISH_ANALYST_SKEPTICAL,False,0.180198,0.201485,0.005884,WINNER,True
ELV,2025-08-25,7.4,BULLISH,BEARISH,BULLISH,NO_DATA,ESS_BULLISH_ANALYST_MAJORITY_BEARISH,True,0.045099,0.096236,0.005884,WINNER,True
EME,2025-08-25,9.4,BULLISH,NEUTRAL,BULLISH,BULLISH,ESS_BULLISH_ANALYST_MIXED,False,0.02858,0.22877,0.005884,WINNER,True
EML,2025-08-25,9.9,BULLISH,NO_DATA,BULLISH,NEUTRAL,ESS_BULLISH_ANALYST_MIXED,False,0.050402,-0.102922,0.005884,WINNER,True
ENB,2025-08-25,9.4,BULLISH,BULLISH,BEARISH,NEUTRAL,ESS_BULLISH_ANALYST_MIXED,True,0.05,-0.014496,0.005884,WINNER,True
ENS,2025-08-25,7.4,BULLISH,NEUTRAL,NEUTRAL,NEUTRAL,ESS_BULLISH_ANALYST_SKEPTICAL,False,0.083778,0.200179,0.005884,WINNER,True
ENSG,2025-08-25,7.3,BULLISH,NEUTRAL,BULLISH,BULLISH,ESS_BULLISH_ANALYST_MIXED,False,0.002118,0.095071,0.005884,NEUTRAL,False
ENVA,2025-08-25,9.7,BULLISH,BULLISH,NO_DATA,NEUTRAL,ESS_BULLISH_ANALYST_MIXED,False,0.080185,0.088038,0.005884,WINNER,True
EPD,2025-08-25,8.5,BULLISH,NEUTRAL,NO_DATA,NEUTRAL,ESS_BULLISH_ANALYST_SKEPTICAL,False,0.000316,-0.022089,0.005884,NEUTRAL,False
EPSN,2025-08-25,8.7,BULLISH,NEUTRAL,NO_DATA,NEUTRAL,ESS_BULLISH_ANALYST_SKEPTICAL,False,,,0.005884,NO_DATA,
EQBK,2025-08-25,7.3,BULLISH,NEUTRAL,NO_DATA,NEUTRAL,ESS_BULLISH_ANALYST_SKEPTICAL,False,0.005884,0.030994,0.005884,NEUTRAL,False
EQH,2025-08-25,9.0,BULLISH,NEUTRAL,NO_DATA,NEUTRAL,ESS_BULLISH_ANALYST_SKEPTICAL,False,-0.005484,-0.075643,0.005884,NEUTRAL,False
ERJ,2025-08-25,8.2,BULLISH,BEARISH,NO_DATA,NEUTRAL,ESS_BULLISH_ANALYST_MAJORITY_BEARISH,True,,,0.005884,NO_DATA,
ES,2025-08-25,8.2,BULLISH,NEUTRAL,NEUTRAL,NEUTRAL,ESS_BULLISH_ANALYST_SKEPTICAL,False,0.102468,0.191335,0.005884,WINNER,True
ESAB,2025-08-25,7.3,BULLISH,NEUTRAL,NO_DATA,NO_DATA,ESS_BULLISH_ANALYST_SKEPTICAL,False,-0.062587,0.042015,0.005884,LOSER,False
ESCA,2025-08-25,7.4,BULLISH,BEARISH,NEUTRAL,NEUTRAL,ESS_BULLISH_ANALYST_SKEPTICAL,True,-0.019847,-0.077682,0.005884,LOSER,False
ESNT,2025-08-25,8.4,BULLISH,NEUTRAL,NO_DATA,NEUTRAL,ESS_BULLISH_ANALYST_SKEPTICAL,False,0.019984,-0.026646,0.005884,NEUTRAL,False
ESQ,2025-08-25,7.3,BULLISH,NEUTRAL,NO_DATA,NEUTRAL,ESS_BULLISH_ANALYST_SKEPTICAL,False,0.054082,0.039346,0.005884,WINNER,True
ETN,2025-08-25,7.2,BULLISH,NEUTRAL,NEUTRAL,NEUTRAL,ESS_BULLISH_ANALYST_SKEPTICAL,False,0.076498,0.088298,0.005884,WINNER,True
EVR,2025-08-25,9.2,BULLISH,BULLISH,NO_DATA,BULLISH,ESS_BULLISH_ANALYST_FULL_AGREE,False,0.072252,0.021138,0.005884,WINNER,True
EVTC,2025-08-25,9.2,BULLISH,BULLISH,BULLISH,NEUTRAL,ESS_BULLISH_ANALYST_MIXED,False,-0.067512,-0.144943,0.005884,LOSER,False
EXE,2025-08-25,7.1,BULLISH,NEUTRAL,BEARISH,NO_DATA,ESS_BULLISH_ANALYST_MAJORITY_BEARISH,True,0.089622,0.096703,0.005884,WINNER,True
EXEL,2025-08-25,9.4,BULLISH,BULLISH,NEUTRAL,NEUTRAL,ESS_BULLISH_ANALYST_MIXED,False,0.026649,0.021636,0.005884,WINNER,True
EXLS,2025-08-25,7.6,BULLISH,NEUTRAL,BULLISH,NEUTRAL,ESS_BULLISH_ANALYST_MIXED,False,-0.005016,-0.06042,0.005884,NEUTRAL,False
EXPD,2025-08-25,8.5,BULLISH,NEUTRAL,BULLISH,NEUTRAL,ESS_BULLISH_ANALYST_MIXED,False,0.005235,-0.021105,0.005884,NEUTRAL,False
EZPW,2025-08-25,8.9,BULLISH,NEUTRAL,NO_DATA,NEUTRAL,ESS_BULLISH_ANALYST_SKEPTICAL,False,0.11529,0.119605,0.005884,WINNER,True
FAST,2025-08-25,8.6,BULLISH,NEUTRAL,BULLISH,NEUTRAL,ESS_BULLISH_ANALYST_MIXED,False,-0.054307,-0.147205,0.005884,LOSER,False
FBIZ,2025-08-25,8.7,BULLISH,NEUTRAL,NO_DATA,NEUTRAL,ESS_BULLISH_ANALYST_SKEPTICAL,False,-0.002135,-0.017472,0.005884,NEUTRAL,False
FCCO,2025-08-25,9.6,BULLISH,BULLISH,NO_DATA,NEUTRAL,ESS_BULLISH_ANALYST_MIXED,False,0.082401,0.02349,0.005884,WINNER,True
FCF,2025-08-25,8.2,BULLISH,BULLISH,NO_DATA,NEUTRAL,ESS_BULLISH_ANALYST_MIXED,False,-0.009112,-0.062073,0.005884,NEUTRAL,False
FDP,2025-08-25,8.0,BULLISH,NO_DATA,BULLISH,NEUTRAL,ESS_BULLISH_ANALYST_MIXED,False,-0.052531,-0.064507,0.005884,LOSER,False
FE,2025-08-25,7.4,BULLISH,NEUTRAL,BEARISH,NEUTRAL,ESS_BULLISH_ANALYST_SKEPTICAL,True,0.010083,0.068744,0.005884,NEUTRAL,False
FFBC,2025-08-25,7.3,BULLISH,BULLISH,NO_DATA,NEUTRAL,ESS_BULLISH_ANALYST_MIXED,False,-0.01104,-0.082279,0.005884,NEUTRAL,False
FFIV,2025-08-25,9.3,BULLISH,BULLISH,BULLISH,BULLISH,ESS_BULLISH_ANALYST_FULL_AGREE,False,0.02778,-0.054989,0.005884,WINNER,True
FHI,2025-08-25,9.3,BULLISH,BULLISH,NO_DATA,NEUTRAL,ESS_BULLISH_ANALYST_MIXED,False,-0.030514,-0.093049,0.005884,LOSER,False
FLEX,2025-08-25,7.9,BULLISH,NEUTRAL,BULLISH,NEUTRAL,ESS_BULLISH_ANALYST_MIXED,False,0.086825,0.213288,0.005884,WINNER,True
FLR,2025-08-25,7.5,BULLISH,NEUTRAL,BEARISH,NEUTRAL,ESS_BULLISH_ANALYST_SKEPTICAL,True,0.060606,0.186667,0.005884,WINNER,True
FLXS,2025-08-25,9.4,BULLISH,NEUTRAL,BULLISH,NEUTRAL,ESS_BULLISH_ANALYST_MIXED,False,0.040421,-0.215666,0.005884,WINNER,True
FMAO,2025-08-25,8.9,BULLISH,BULLISH,NO_DATA,NEUTRAL,ESS_BULLISH_ANALYST_MIXED,False,-0.019011,-0.057011,0.005884,LOSER,False
FMBH,2025-08-25,7.4,BULLISH,NEUTRAL,NO_DATA,NEUTRAL,ESS_BULLISH_ANALYST_SKEPTICAL,False,-0.023104,-0.061025,0.005884,LOSER,False
FMS,2025-08-25,7.5,BULLISH,NEUTRAL,NO_DATA,NEUTRAL,ESS_BULLISH_ANALYST_SKEPTICAL,False,0.021352,0.077106,0.005884,NEUTRAL,False
FN,2025-08-25,8.4,BULLISH,BULLISH,BULLISH,NEUTRAL,ESS_BULLISH_ANALYST_MIXED,False,0.174139,0.348149,0.005884,WINNER,True
FNF,2025-08-25,8.1,BULLISH,NEUTRAL,NO_DATA,BULLISH,ESS_BULLISH_ANALYST_MIXED,False,-0.001446,-0.046676,0.005884,NEUTRAL,False
FOX,2025-08-25,9.9,BULLISH,NEUTRAL,NO_DATA,BULLISH,ESS_BULLISH_ANALYST_MIXED,False,-0.001194,-0.026946,0.005884,NEUTRAL,False
FPI,2025-08-25,8.2,BULLISH,NEUTRAL,NO_DATA,NEUTRAL,ESS_BULLISH_ANALYST_SKEPTICAL,False,0.000916,-0.057992,0.005884,NEUTRAL,False
FRME,2025-08-25,8.7,BULLISH,NEUTRAL,NO_DATA,NEUTRAL,ESS_BULLISH_ANALYST_SKEPTICAL,False,-0.028679,-0.084211,0.005884,LOSER,False
FSBW,2025-08-25,9.5,BULLISH,NEUTRAL,NO_DATA,NEUTRAL,ESS_BULLISH_ANALYST_SKEPTICAL,False,-0.01466,-0.054074,0.005884,LOSER,False
FSFG,2025-08-25,9.5,BULLISH,NEUTRAL,NO_DATA,NEUTRAL,ESS_BULLISH_ANALYST_SKEPTICAL,False,,,0.005884,NO_DATA,
FSS,2025-08-25,9.9,BULLISH,BULLISH,NO_DATA,BULLISH,ESS_BULLISH_ANALYST_FULL_AGREE,False,-0.041479,-0.010034,0.005884,LOSER,False
FTI,2025-08-25,8.9,BULLISH,NEUTRAL,NEUTRAL,NEUTRAL,ESS_BULLISH_ANALYST_SKEPTICAL,False,0.085071,0.083699,0.005884,WINNER,True
FTNT,2025-08-25,7.7,BULLISH,NEUTRAL,NEUTRAL,NEUTRAL,ESS_BULLISH_ANALYST_SKEPTICAL,False,0.076765,0.102009,0.005884,WINNER,True
FUBO,2025-08-25,9.7,BULLISH,NEUTRAL,NO_DATA,NEUTRAL,ESS_BULLISH_ANALYST_SKEPTICAL,False,0.195965,0.043228,0.005884,WINNER,True
FULT,2025-08-25,9.3,BULLISH,BULLISH,NO_DATA,NEUTRAL,ESS_BULLISH_ANALYST_MIXED,False,-0.044829,-0.073061,0.005884,LOSER,False
FUNC,2025-08-25,8.7,BULLISH,NEUTRAL,NO_DATA,NEUTRAL,ESS_BULLISH_ANALYST_SKEPTICAL,False,0.028751,0.026444,0.005884,WINNER,True
FVCB,2025-08-25,7.7,BULLISH,BULLISH,NO_DATA,NEUTRAL,ESS_BULLISH_ANALYST_MIXED,False,-0.000751,-0.035312,0.005884,NEUTRAL,False
G,2025-08-25,8.7,BULLISH,NEUTRAL,BULLISH,NEUTRAL,ESS_BULLISH_ANALYST_MIXED,False,-0.056998,-0.127684,0.005884,LOSER,False
GALT,2025-08-25,7.6,BULLISH,NEUTRAL,NEUTRAL,NEUTRAL,ESS_BULLISH_ANALYST_SKEPTICAL,False,0.1875,0.3075,0.005884,WINNER,True
GAP,2025-08-25,7.1,BULLISH,NEUTRAL,NEUTRAL,NO_DATA,ESS_BULLISH_ANALYST_SKEPTICAL,False,0.063721,0.099775,0.005884,WINNER,True
GBX,2025-08-25,7.2,BULLISH,NEUTRAL,NEUTRAL,NEUTRAL,ESS_BULLISH_ANALYST_SKEPTICAL,False,-0.018827,-0.005843,0.005884,LOSER,False
GD,2025-08-25,9.9,BULLISH,NEUTRAL,BULLISH,BULLISH,ESS_BULLISH_ANALYST_MIXED,False,0.01166,0.101353,0.005884,NEUTRAL,False
GDOT,2025-08-25,7.2,BULLISH,NEUTRAL,NO_DATA,NEUTRAL,ESS_BULLISH_ANALYST_SKEPTICAL,False,0.104511,-0.016541,0.005884,WINNER,True
GDS,2025-08-25,8.8,BULLISH,BULLISH,NO_DATA,NEUTRAL,ESS_BULLISH_ANALYST_MIXED,False,0.224631,0.05149,0.005884,WINNER,True
GFF,2025-08-25,8.3,BULLISH,NEUTRAL,BULLISH,NEUTRAL,ESS_BULLISH_ANALYST_MIXED,False,0.00629,0.010522,0.005884,NEUTRAL,False
GFI,2025-08-25,9.4,BULLISH,BULLISH,NO_DATA,NEUTRAL,ESS_BULLISH_ANALYST_MIXED,False,0.245592,0.24652,0.005884,WINNER,True
GGAL,2025-08-25,8.7,BULLISH,NEUTRAL,NO_DATA,NEUTRAL,ESS_BULLISH_ANALYST_SKEPTICAL,False,,,0.005884,NO_DATA,
GHC,2025-08-25,7.1,BULLISH,NO_DATA,BEARISH,NEUTRAL,ESS_BULLISH_ANALYST_MAJORITY_BEARISH,True,0.060997,-0.060043,0.005884,WINNER,True
GHM,2025-08-25,7.4,BULLISH,BULLISH,BEARISH,NEUTRAL,ESS_BULLISH_ANALYST_MIXED,True,0.033497,0.274101,0.005884,WINNER,True
GIB,2025-08-25,9.5,BULLISH,NEUTRAL,BULLISH,NEUTRAL,ESS_BULLISH_ANALYST_MIXED,False,-0.041684,-0.087756,0.005884,LOSER,False
GIC,2025-08-25,8.9,BULLISH,BULLISH,NEUTRAL,NO_DATA,ESS_BULLISH_ANALYST_MIXED,False,-0.01186,-0.060377,0.005884,NEUTRAL,False
GILD,2025-08-25,8.8,BULLISH,NEUTRAL,BULLISH,BULLISH,ESS_BULLISH_ANALYST_MIXED,False,0.00271,0.066841,0.005884,NEUTRAL,False
GL,2025-08-25,8.5,BULLISH,NEUTRAL,NO_DATA,NEUTRAL,ESS_BULLISH_ANALYST_SKEPTICAL,False,0.028051,-0.039535,0.005884,WINNER,True
GLDD,2025-08-25,7.9,BULLISH,BULLISH,NO_DATA,NEUTRAL,ESS_BULLISH_ANALYST_MIXED,False,,,0.005884,NO_DATA,
GLW,2025-08-25,8.6,BULLISH,BULLISH,NEUTRAL,NEUTRAL,ESS_BULLISH_ANALYST_MIXED,False,0.201496,0.314264,0.005884,WINNER,True
GM,2025-08-25,7.2,BULLISH,NEUTRAL,NEUTRAL,NEUTRAL,ESS_BULLISH_ANALYST_SKEPTICAL,False,0.030799,0.198355,0.005884,WINNER,True
GNTX,2025-08-25,8.0,BULLISH,BULLISH,BULLISH,NEUTRAL,ESS_BULLISH_ANALYST_MIXED,False,0.00712,-0.15461,0.005884,NEUTRAL,False
GOGO,2025-08-25,8.8,BULLISH,NEUTRAL,NEUTRAL,NEUTRAL,ESS_BULLISH_ANALYST_SKEPTICAL,False,-0.233813,-0.121403,0.005884,LOSER,False
GOOG,2025-08-25,8.0,BULLISH,NEUTRAL,NEUTRAL,NO_DATA,ESS_BULLISH_ANALYST_SKEPTICAL,False,,,0.005884,NO_DATA,
GOOGL,2025-08-25,8.6,BULLISH,NEUTRAL,BULLISH,BULLISH,ESS_BULLISH_ANALYST_MIXED,False,0.186441,0.247794,0.005884,WINNER,True
GOOGL,2025-08-25,8.6,BULLISH,NEUTRAL,BULLISH,BULLISH,ESS_BULLISH_ANALYST_MIXED,False,0.186441,0.247794,0.005884,WINNER,True
GPI,2025-08-25,9.3,BULLISH,NEUTRAL,BULLISH,NEUTRAL,ESS_BULLISH_ANALYST_MIXED,False,-0.04617,-0.097715,0.005884,LOSER,False
GS,2025-08-25,7.3,BULLISH,BULLISH,NO_DATA,NEUTRAL,ESS_BULLISH_ANALYST_MIXED,False,0.078347,0.066712,0.005884,WINNER,True
GSBC,2025-08-25,7.3,BULLISH,NEUTRAL,NO_DATA,NEUTRAL,ESS_BULLISH_ANALYST_SKEPTICAL,False,-0.003846,-0.060499,0.005884,NEUTRAL,False
GSK,2025-08-25,9.6,BULLISH,NEUTRAL,NO_DATA,NEUTRAL,ESS_BULLISH_ANALYST_SKEPTICAL,False,0.013623,0.090817,0.005884,NEUTRAL,False
GTN,2025-08-25,8.0,BULLISH,NEUTRAL,NEUTRAL,NEUTRAL,ESS_BULLISH_ANALYST_SKEPTICAL,False,-0.028123,-0.189263,0.005884,LOSER,False
GTX,2025-08-25,8.5,BULLISH,BULLISH,NO_DATA,NEUTRAL,ESS_BULLISH_ANALYST_MIXED,False,0.040385,0.292115,0.005884,WINNER,True
GVA,2025-08-25,7.9,BULLISH,NEUTRAL,BEARISH,BULLISH,ESS_BULLISH_ANALYST_MIXED,True,-0.005929,-0.045195,0.005884,NEUTRAL,False
HAE,2025-08-25,9.0,BULLISH,NEUTRAL,NEUTRAL,NEUTRAL,ESS_BULLISH_ANALYST_SKEPTICAL,False,-0.08365,-0.071881,0.005884,LOSER,False
HALO,2025-08-25,8.0,BULLISH,NEUTRAL,NEUTRAL,BULLISH,ESS_BULLISH_ANALYST_MIXED,False,0.0475,-0.083922,0.005884,WINNER,True
HBCP,2025-08-25,9.5,BULLISH,NEUTRAL,NO_DATA,NEUTRAL,ESS_BULLISH_ANALYST_SKEPTICAL,False,-0.007735,0.002698,0.005884,NEUTRAL,False
HBT,2025-08-25,7.3,BULLISH,NEUTRAL,NO_DATA,NEUTRAL,ESS_BULLISH_ANALYST_SKEPTICAL,False,-0.020711,-0.049211,0.005884,LOSER,False
HCA,2025-08-25,8.9,BULLISH,NEUTRAL,NEUTRAL,BULLISH,ESS_BULLISH_ANALYST_MIXED,False,0.036237,0.1119,0.005884,WINNER,True
HCAT,2025-08-25,7.5,BULLISH,NEUTRAL,NO_DATA,NEUTRAL,ESS_BULLISH_ANALYST_SKEPTICAL,False,-0.143713,-0.02994,0.005884,LOSER,False
HCSG,2025-08-25,9.5,BULLISH,BULLISH,NEUTRAL,BULLISH,ESS_BULLISH_ANALYST_MIXED,False,0.070368,0.193673,0.005884,WINNER,True
HE,2025-08-25,7.8,BULLISH,NEUTRAL,NEUTRAL,NEUTRAL,ESS_BULLISH_ANALYST_SKEPTICAL,False,-0.075795,-0.033415,0.005884,LOSER,False
HESM,2025-08-25,8.9,BULLISH,NEUTRAL,NO_DATA,NEUTRAL,ESS_BULLISH_ANALYST_SKEPTICAL,False,-0.142544,-0.177086,0.005884,LOSER,False
HHH,2025-08-25,8.9,BULLISH,BULLISH,NO_DATA,NO_DATA,ESS_BULLISH_ANALYST_FULL_AGREE,False,0.059787,0.08775,0.005884,WINNER,True
HIG,2025-08-25,9.8,BULLISH,NEUTRAL,NO_DATA,BULLISH,ESS_BULLISH_ANALYST_MIXED,False,-0.001958,-0.052977,0.005884,NEUTRAL,False
HII,2025-08-25,7.5,BULLISH,NEUTRAL,NEUTRAL,BULLISH,ESS_BULLISH_ANALYST_MIXED,False,0.030133,0.113284,0.005884,WINNER,True
HIMX,2025-08-25,8.0,BULLISH,NEUTRAL,NO_DATA,NEUTRAL,ESS_BULLISH_ANALYST_SKEPTICAL,False,0.131274,0.195624,0.005884,WINNER,True
HLF,2025-08-25,7.9,BULLISH,NEUTRAL,BULLISH,NEUTRAL,ESS_BULLISH_ANALYST_MIXED,False,-0.05074,-0.118393,0.005884,LOSER,False
HLI,2025-08-25,7.7,BULLISH,BULLISH,NO_DATA,NEUTRAL,ESS_BULLISH_ANALYST_MIXED,False,0.05017,0.016762,0.005884,WINNER,True
HLT,2025-08-25,7.4,BULLISH,NEUTRAL,NEUTRAL,NEUTRAL,ESS_BULLISH_ANALYST_SKEPTICAL,False,-0.039249,-0.022456,0.005884,LOSER,False
HMN,2025-08-25,7.8,BULLISH,NEUTRAL,NO_DATA,BULLISH,ESS_BULLISH_ANALYST_MIXED,False,0.019761,0.001487,0.005884,NEUTRAL,False
HNI,2025-08-25,8.3,BULLISH,NEUTRAL,BULLISH,NEUTRAL,ESS_BULLISH_ANALYST_MIXED,False,0.0027,0.018227,0.005884,NEUTRAL,False
HOOD,2025-08-25,8.5,BULLISH,BULLISH,NO_DATA,NO_DATA,ESS_BULLISH_ANALYST_FULL_AGREE,False,0.174727,0.295071,0.005884,WINNER,True
HPQ,2025-08-25,8.7,BULLISH,NEUTRAL,NEUTRAL,NEUTRAL,ESS_BULLISH_ANALYST_SKEPTICAL,False,0.010052,0.015929,0.005884,NEUTRAL,False
HQY,2025-08-25,7.6,BULLISH,NEUTRAL,NEUTRAL,NEUTRAL,ESS_BULLISH_ANALYST_SKEPTICAL,False,0.078243,0.103866,0.005884,WINNER,True
HRB,2025-08-25,7.8,BULLISH,NEUTRAL,NEUTRAL,NO_DATA,ESS_BULLISH_ANALYST_SKEPTICAL,False,-0.038554,0.015109,0.005884,LOSER,False
HRMY,2025-08-25,7.5,BULLISH,NEUTRAL,NO_DATA,NO_DATA,ESS_BULLISH_ANALYST_SKEPTICAL,False,-0.284874,-0.191609,0.005884,LOSER,False
HRTG,2025-08-25,9.9,BULLISH,BULLISH,NO_DATA,NO_DATA,ESS_BULLISH_ANALYST_FULL_AGREE,False,0.130455,0.121268,0.005884,WINNER,True
HSBC,2025-08-25,9.6,BULLISH,BULLISH,NO_DATA,NEUTRAL,ESS_BULLISH_ANALYST_MIXED,False,0.071604,0.027292,0.005884,WINNER,True
HSII,2025-08-25,9.3,BULLISH,NEUTRAL,NEUTRAL,BULLISH,ESS_BULLISH_ANALYST_MIXED,False,,,0.005884,NO_DATA,
HST,2025-08-25,7.5,BULLISH,NEUTRAL,NO_DATA,NEUTRAL,ESS_BULLISH_ANALYST_SKEPTICAL,False,0.027811,-0.012934,0.005884,WINNER,True
HTO,2025-08-25,7.8,BULLISH,NEUTRAL,BULLISH,NO_DATA,ESS_BULLISH_ANALYST_MIXED,False,-0.032741,0.011779,0.005884,LOSER,False
HUBB,2025-08-25,8.3,BULLISH,NEUTRAL,NEUTRAL,NEUTRAL,ESS_BULLISH_ANALYST_SKEPTICAL,False,-0.0117,-0.004296,0.005884,NEUTRAL,False
HURN,2025-08-25,8.0,BULLISH,NEUTRAL,BULLISH,NEUTRAL,ESS_BULLISH_ANALYST_MIXED,False,0.051032,0.123945,0.005884,WINNER,True
HWKN,2025-08-25,7.6,BULLISH,BULLISH,BULLISH,NEUTRAL,ESS_BULLISH_ANALYST_MIXED,False,-0.00987,-0.02162,0.005884,NEUTRAL,False
IAG,2025-08-25,7.9,BULLISH,NEUTRAL,BULLISH,NEUTRAL,ESS_BULLISH_ANALYST_MIXED,False,0.325028,0.345413,0.005884,WINNER,True
IBCP,2025-08-25,7.3,BULLISH,NEUTRAL,NO_DATA,NEUTRAL,ESS_BULLISH_ANALYST_SKEPTICAL,False,-0.033313,-0.014059,0.005884,LOSER,False
IBKR,2025-08-25,9.2,BULLISH,BULLISH,NO_DATA,NEUTRAL,ESS_BULLISH_ANALYST_MIXED,False,0.028398,0.096841,0.005884,WINNER,True
IBM,2025-08-25,7.5,BULLISH,NEUTRAL,NEUTRAL,NEUTRAL,ESS_BULLISH_ANALYST_SKEPTICAL,False,0.117362,0.284133,0.005884,WINNER,True
ICFI,2025-08-25,8.8,BULLISH,NEUTRAL,BULLISH,NEUTRAL,ESS_BULLISH_ANALYST_MIXED,False,-0.037871,-0.085952,0.005884,LOSER,False
ICLR,2025-08-25,9.1,BULLISH,NEUTRAL,BULLISH,NEUTRAL,ESS_BULLISH_ANALYST_MIXED,False,-0.024803,0.037031,0.005884,LOSER,False
IDN,2025-08-25,8.9,BULLISH,NEUTRAL,BULLISH,NEUTRAL,ESS_BULLISH_ANALYST_MIXED,False,0.055238,-0.093333,0.005884,WINNER,True
IDT,2025-08-25,9.9,BULLISH,NO_DATA,NEUTRAL,NEUTRAL,ESS_BULLISH_ANALYST_SKEPTICAL,False,-0.022159,-0.197096,0.005884,LOSER,False
IDXX,2025-08-25,9.2,BULLISH,NEUTRAL,BULLISH,NEUTRAL,ESS_BULLISH_ANALYST_MIXED,False,-0.02211,-0.00078,0.005884,LOSER,False
IESC,2025-08-25,9.3,BULLISH,NO_DATA,NEUTRAL,BULLISH,ESS_BULLISH_ANALYST_MIXED,False,0.076758,0.234511,0.005884,WINNER,True
III,2025-08-25,9.0,BULLISH,NEUTRAL,BULLISH,NEUTRAL,ESS_BULLISH_ANALYST_MIXED,False,0.13814,0.13216,0.005884,WINNER,True
IIIN,2025-08-25,8.4,BULLISH,BULLISH,BULLISH,NEUTRAL,ESS_BULLISH_ANALYST_MIXED,False,0.004923,-0.198299,0.005884,NEUTRAL,False
ILMN,2025-08-25,8.4,BULLISH,NEUTRAL,NEUTRAL,BULLISH,ESS_BULLISH_ANALYST_MIXED,False,-0.052679,0.004515,0.005884,LOSER,False
IMKTA,2025-08-25,8.7,BULLISH,NO_DATA,BULLISH,NEUTRAL,ESS_BULLISH_ANALYST_MIXED,False,0.017609,0.068871,0.005884,NEUTRAL,False
IMXI,2025-08-25,7.2,BULLISH,NEUTRAL,NO_DATA,NEUTRAL,ESS_BULLISH_ANALYST_SKEPTICAL,False,-0.013149,0.029066,0.005884,NEUTRAL,False
INCY,2025-08-25,8.5,BULLISH,NEUTRAL,BEARISH,BULLISH,ESS_BULLISH_ANALYST_MIXED,True,-0.007079,0.076923,0.005884,NEUTRAL,False
INFU,2025-08-25,9.9,BULLISH,BULLISH,NEUTRAL,NO_DATA,ESS_BULLISH_ANALYST_MIXED,False,0.038501,0.026342,0.005884,WINNER,True
INGN,2025-08-25,8.8,BULLISH,NEUTRAL,NEUTRAL,NEUTRAL,ESS_BULLISH_ANALYST_SKEPTICAL,False,0.093385,0.137484,0.005884,WINNER,True
INGR,2025-08-25,7.2,BULLISH,NEUTRAL,NEUTRAL,NEUTRAL,ESS_BULLISH_ANALYST_SKEPTICAL,False,-0.045774,-0.071094,0.005884,LOSER,False
INO,2025-08-25,7.8,BULLISH,BULLISH,BULLISH,NEUTRAL,ESS_BULLISH_ANALYST_MIXED,False,0.292308,0.194872,0.005884,WINNER,True
INOD,2025-08-25,7.2,BULLISH,NEUTRAL,NO_DATA,NEUTRAL,ESS_BULLISH_ANALYST_SKEPTICAL,False,0.835801,1.026706,0.005884,WINNER,True
INVX,2025-08-25,9.1,BULLISH,NEUTRAL,BEARISH,NO_DATA,ESS_BULLISH_ANALYST_MAJORITY_BEARISH,True,0.044248,0.20826,0.005884,WINNER,True
IPG,2025-08-25,7.7,BULLISH,BULLISH,NEUTRAL,NEUTRAL,ESS_BULLISH_ANALYST_MIXED,False,,,0.005884,NO_DATA,
IRDM,2025-08-25,8.8,BULLISH,NEUTRAL,NEUTRAL,NEUTRAL,ESS_BULLISH_ANALYST_SKEPTICAL,False,-0.292464,-0.26322,0.005884,LOSER,False
IRMD,2025-08-25,9.3,BULLISH,NEUTRAL,NEUTRAL,NEUTRAL,ESS_BULLISH_ANALYST_SKEPTICAL,False,-0.017762,0.097482,0.005884,LOSER,False
IRWD,2025-08-25,8.0,BULLISH,BULLISH,BEARISH,NEUTRAL,ESS_BULLISH_ANALYST_MIXED,True,0.07874,0.307087,0.005884,WINNER,True
ITGR,2025-08-25,8.6,BULLISH,NEUTRAL,BULLISH,NEUTRAL,ESS_BULLISH_ANALYST_MIXED,False,-0.053498,-0.32981,0.005884,LOSER,False
ITRI,2025-08-25,8.3,BULLISH,NEUTRAL,NEUTRAL,NEUTRAL,ESS_BULLISH_ANALYST_SKEPTICAL,False,-0.007578,0.095848,0.005884,NEUTRAL,False
ITW,2025-08-25,7.8,BULLISH,NEUTRAL,BULLISH,NEUTRAL,ESS_BULLISH_ANALYST_MIXED,False,-0.026918,-0.072981,0.005884,LOSER,False
IVR,2025-08-25,8.7,BULLISH,NEUTRAL,NO_DATA,NEUTRAL,ESS_BULLISH_ANALYST_SKEPTICAL,False,-0.061936,-0.001409,0.005884,LOSER,False
IVZ,2025-08-25,8.4,BULLISH,NEUTRAL,NO_DATA,NEUTRAL,ESS_BULLISH_ANALYST_SKEPTICAL,False,0.025902,0.06383,0.005884,WINNER,True
JAZZ,2025-08-25,8.8,BULLISH,NEUTRAL,NEUTRAL,NEUTRAL,ESS_BULLISH_ANALYST_SKEPTICAL,False,0.040132,0.111887,0.005884,WINNER,True
JBGS,2025-08-25,8.0,BULLISH,NO_DATA,NO_DATA,NEUTRAL,ESS_BULLISH_ANALYST_SKEPTICAL,False,0.097643,0.034632,0.005884,WINNER,True
JBHT,2025-08-25,8.0,BULLISH,NEUTRAL,BULLISH,NEUTRAL,ESS_BULLISH_ANALYST_MIXED,False,-0.069212,0.156638,0.005884,LOSER,False
JBL,2025-08-25,9.8,BULLISH,BULLISH,BULLISH,NEUTRAL,ESS_BULLISH_ANALYST_MIXED,False,0.078721,0.017238,0.005884,WINNER,True
JHG,2025-08-25,8.3,BULLISH,BULLISH,NO_DATA,NEUTRAL,ESS_BULLISH_ANALYST_MIXED,False,0.006127,-0.055366,0.005884,NEUTRAL,False
JNJ,2025-08-25,8.4,BULLISH,NEUTRAL,NEUTRAL,NEUTRAL,ESS_BULLISH_ANALYST_SKEPTICAL,False,-0.002371,0.075038,0.005884,NEUTRAL,False
JPM,2025-08-25,7.3,BULLISH,BULLISH,NO_DATA,NEUTRAL,ESS_BULLISH_ANALYST_MIXED,False,0.062801,0.023739,0.005884,WINNER,True
KAR,2025-08-25,9.1,BULLISH,BULLISH,NO_DATA,BULLISH,ESS_BULLISH_ANALYST_FULL_AGREE,False,,,0.005884,NO_DATA,
KB,2025-08-25,8.8,BULLISH,NEUTRAL,NO_DATA,NEUTRAL,ESS_BULLISH_ANALYST_SKEPTICAL,False,0.034312,0.018554,0.005884,WINNER,True
KD,2025-08-25,8.7,BULLISH,NEUTRAL,NO_DATA,NO_DATA,ESS_BULLISH_ANALYST_SKEPTICAL,False,0.012199,-0.085393,0.005884,NEUTRAL,False
KE,2025-08-25,9.8,BULLISH,NEUTRAL,BULLISH,NO_DATA,ESS_BULLISH_ANALYST_MIXED,False,0.072251,0.036649,0.005884,WINNER,True
KELYA,2025-08-25,9.9,BULLISH,NEUTRAL,BULLISH,BULLISH,ESS_BULLISH_ANALYST_MIXED,False,-0.097697,-0.123517,0.005884,LOSER,False
KEX,2025-08-25,7.2,BULLISH,BEARISH,BULLISH,NEUTRAL,ESS_BULLISH_ANALYST_MIXED,True,-0.147978,-0.112847,0.005884,LOSER,False
KEYS,2025-08-25,7.9,BULLISH,NEUTRAL,NEUTRAL,NEUTRAL,ESS_BULLISH_ANALYST_SKEPTICAL,False,0.054984,0.025103,0.005884,WINNER,True
KFY,2025-08-25,8.3,BULLISH,NEUTRAL,BULLISH,NEUTRAL,ESS_BULLISH_ANALYST_MIXED,False,-0.059302,-0.061575,0.005884,LOSER,False
KGC,2025-08-25,9.9,BULLISH,BULLISH,BULLISH,NEUTRAL,ESS_BULLISH_ANALYST_MIXED,False,0.182049,0.213996,0.005884,WINNER,True
KGS,2025-08-25,8.9,BULLISH,BULLISH,NO_DATA,NO_DATA,ESS_BULLISH_ANALYST_FULL_AGREE,False,0.033489,0.042807,0.005884,WINNER,True
KINS,2025-08-25,7.4,BULLISH,NEUTRAL,NO_DATA,NEUTRAL,ESS_BULLISH_ANALYST_SKEPTICAL,False,0.075055,0.119205,0.005884,WINNER,True
KKR,2025-08-25,8.1,BULLISH,NEUTRAL,NO_DATA,NEUTRAL,ESS_BULLISH_ANALYST_SKEPTICAL,False,-0.005551,-0.125946,0.005884,NEUTRAL,False
KLAC,2025-08-25,9.5,BULLISH,NEUTRAL,BULLISH,NEUTRAL,ESS_BULLISH_ANALYST_MIXED,False,0.215019,0.344801,0.005884,WINNER,True
KNSL,2025-08-25,7.8,BULLISH,NEUTRAL,NO_DATA,NEUTRAL,ESS_BULLISH_ANALYST_SKEPTICAL,False,-0.042725,-0.059229,0.005884,LOSER,False
KR,2025-08-25,8.5,BULLISH,NEUTRAL,BULLISH,NEUTRAL,ESS_BULLISH_ANALYST_MIXED,False,-0.065441,-0.043199,0.005884,LOSER,False
KRC,2025-08-25,7.6,BULLISH,NEUTRAL,NO_DATA,NEUTRAL,ESS_BULLISH_ANALYST_SKEPTICAL,False,0.079052,0.023104,0.005884,WINNER,True
KRG,2025-08-25,8.1,BULLISH,NEUTRAL,NO_DATA,NEUTRAL,ESS_BULLISH_ANALYST_SKEPTICAL,False,-0.011171,0.036228,0.005884,NEUTRAL,False
KROS,2025-08-25,8.9,BULLISH,NEUTRAL,NO_DATA,NEUTRAL,ESS_BULLISH_ANALYST_SKEPTICAL,False,0.067073,0.01897,0.005884,WINNER,True
KRYS,2025-08-25,9.2,BULLISH,NEUTRAL,BULLISH,NEUTRAL,ESS_BULLISH_ANALYST_MIXED,False,0.103768,0.268175,0.005884,WINNER,True
L,2025-08-25,7.2,BULLISH,NO_DATA,NO_DATA,NEUTRAL,ESS_BULLISH_ANALYST_SKEPTICAL,False,0.037742,0.046001,0.005884,WINNER,True
LAB,2025-08-25,7.3,BULLISH,NEUTRAL,NEUTRAL,NO_DATA,ESS_BULLISH_ANALYST_SKEPTICAL,False,0.056452,0.145161,0.005884,WINNER,True
LAD,2025-08-25,8.2,BULLISH,NEUTRAL,NEUTRAL,NEUTRAL,ESS_BULLISH_ANALYST_SKEPTICAL,False,0.036879,0.02507,0.005884,WINNER,True
LADR,2025-08-25,9.6,BULLISH,BULLISH,NO_DATA,NEUTRAL,ESS_BULLISH_ANALYST_MIXED,False,-0.013123,-0.016696,0.005884,NEUTRAL,False
LC,2025-08-25,9.6,BULLISH,BULLISH,NO_DATA,NEUTRAL,ESS_BULLISH_ANALYST_MIXED,False,0.011508,0.116293,0.005884,NEUTRAL,False
LCNB,2025-08-25,8.7,BULLISH,NEUTRAL,NO_DATA,NEUTRAL,ESS_BULLISH_ANALYST_SKEPTICAL,False,-0.003291,-0.01341,0.005884,NEUTRAL,False
LDOS,2025-08-25,9.4,BULLISH,BULLISH,BULLISH,NEUTRAL,ESS_BULLISH_ANALYST_MIXED,False,0.034131,0.048258,0.005884,WINNER,True
LECO,2025-08-25,7.7,BULLISH,BULLISH,BULLISH,NEUTRAL,ESS_BULLISH_ANALYST_MIXED,False,-0.049506,-0.013196,0.005884,LOSER,False
LEG,2025-08-25,7.6,BULLISH,BEARISH,BULLISH,NEUTRAL,ESS_BULLISH_ANALYST_MIXED,True,-0.064419,-0.051944,0.005884,LOSER,False
LEVI,2025-08-25,9.2,BULLISH,BULLISH,NO_DATA,NEUTRAL,ESS_BULLISH_ANALYST_MIXED,False,0.083061,-0.024252,0.005884,WINNER,True
LFUS,2025-08-25,7.3,BULLISH,NEUTRAL,BULLISH,NEUTRAL,ESS_BULLISH_ANALYST_MIXED,False,-0.008354,0.027426,0.005884,NEUTRAL,False
LFVN,2025-08-25,9.1,BULLISH,NEUTRAL,NEUTRAL,NEUTRAL,ESS_BULLISH_ANALYST_SKEPTICAL,False,-0.199508,-0.324877,0.005884,LOSER,False
LHX,2025-08-25,8.3,BULLISH,NEUTRAL,NEUTRAL,NEUTRAL,ESS_BULLISH_ANALYST_SKEPTICAL,False,0.032892,0.066352,0.005884,WINNER,True
LIVN,2025-08-25,7.5,BULLISH,NEUTRAL,BULLISH,NEUTRAL,ESS_BULLISH_ANALYST_MIXED,False,-0.055368,-0.025909,0.005884,LOSER,False
LKQ,2025-08-25,7.1,BULLISH,BEARISH,BULLISH,NEUTRAL,ESS_BULLISH_ANALYST_MIXED,True,-0.041325,-0.028707,0.005884,LOSER,False
LLY,2025-08-25,7.9,BULLISH,NEUTRAL,BEARISH,NEUTRAL,ESS_BULLISH_ANALYST_SKEPTICAL,True,0.066903,0.187134,0.005884,WINNER,True
LMT,2025-08-25,2.6,BEARISH,NEUTRAL,NEUTRAL,NEUTRAL,ESS_BEARISH_ANALYST_MIXED,False,0.093982,0.092092,0.005884,WINNER,False
LNG,2025-08-25,7.2,BULLISH,NEUTRAL,BEARISH,NEUTRAL,ESS_BULLISH_ANALYST_SKEPTICAL,True,-0.011448,-0.082557,0.005884,NEUTRAL,False
LNN,2025-08-25,7.2,BULLISH,NEUTRAL,NEUTRAL,NEUTRAL,ESS_BULLISH_ANALYST_SKEPTICAL,False,-0.015161,-0.165987,0.005884,LOSER,False
LNTH,2025-08-25,7.9,BULLISH,BULLISH,NEUTRAL,NEUTRAL,ESS_BULLISH_ANALYST_MIXED,False,-0.052172,-0.001781,0.005884,LOSER,False
LOCO,2025-08-25,9.4,BULLISH,NEUTRAL,BULLISH,NEUTRAL,ESS_BULLISH_ANALYST_MIXED,False,-0.041985,-0.097328,0.005884,LOSER,False
LOOP,2025-08-25,8.2,BULLISH,NEUTRAL,NEUTRAL,NEUTRAL,ESS_BULLISH_ANALYST_SKEPTICAL,False,0.098684,0.184211,0.005884,WINNER,True
LOPE,2025-08-25,8.0,BULLISH,BULLISH,NEUTRAL,BULLISH,ESS_BULLISH_ANALYST_MIXED,False,0.039888,0.075245,0.005884,WINNER,True
LOW,2025-08-25,7.9,BULLISH,NEUTRAL,BULLISH,NEUTRAL,ESS_BULLISH_ANALYST_MIXED,False,-0.005949,-0.057815,0.005884,NEUTRAL,False
LPL,2025-08-25,8.0,BULLISH,NEUTRAL,NO_DATA,NEUTRAL,ESS_BULLISH_ANALYST_SKEPTICAL,False,0.151515,0.153846,0.005884,WINNER,True
LRCX,2025-08-25,9.5,BULLISH,NEUTRAL,BULLISH,NEUTRAL,ESS_BULLISH_ANALYST_MIXED,False,0.269485,0.500588,0.005884,WINNER,True
LRN,2025-08-25,8.5,BULLISH,BULLISH,NEUTRAL,BULLISH,ESS_BULLISH_ANALYST_MIXED,False,-0.130793,-0.085713,0.005884,LOSER,False
LXFR,2025-08-25,9.7,BULLISH,NEUTRAL,BULLISH,NEUTRAL,ESS_BULLISH_ANALYST_MIXED,False,0.056991,0.04207,0.005884,WINNER,True
LYFT,2025-08-25,9.5,BULLISH,NEUTRAL,NO_DATA,BULLISH,ESS_BULLISH_ANALYST_MIXED,False,0.293842,0.200587,0.005884,WINNER,True
LYG,2025-08-25,8.0,BULLISH,BULLISH,NO_DATA,NEUTRAL,ESS_BULLISH_ANALYST_MIXED,False,-0.019737,0.002193,0.005884,LOSER,False
LYTS,2025-08-25,7.7,BULLISH,NEUTRAL,NEUTRAL,NEUTRAL,ESS_BULLISH_ANALYST_SKEPTICAL,False,0.036805,0.050564,0.005884,WINNER,True
MA,2025-08-25,9.1,BULLISH,NEUTRAL,BULLISH,NEUTRAL,ESS_BULLISH_ANALYST_MIXED,False,-0.041132,-0.031663,0.005884,LOSER,False
MANH,2025-08-25,9.6,BULLISH,BULLISH,NEUTRAL,BULLISH,ESS_BULLISH_ANALYST_MIXED,False,-0.011263,-0.093173,0.005884,NEUTRAL,False
MAS,2025-08-25,8.9,BULLISH,NEUTRAL,NEUTRAL,NEUTRAL,ESS_BULLISH_ANALYST_SKEPTICAL,False,-0.039194,-0.085369,0.005884,LOSER,False
MATX,2025-08-25,7.8,BULLISH,BEARISH,NEUTRAL,NEUTRAL,ESS_BULLISH_ANALYST_SKEPTICAL,True,0.000962,-0.103481,0.005884,NEUTRAL,False
MBCN,2025-08-25,8.9,BULLISH,BULLISH,NO_DATA,NEUTRAL,ESS_BULLISH_ANALYST_MIXED,False,,,0.005884,NO_DATA,
MBWM,2025-08-25,9.6,BULLISH,BULLISH,NO_DATA,NEUTRAL,ESS_BULLISH_ANALYST_MIXED,False,-0.055373,-0.065628,0.005884,LOSER,False
MC,2025-08-25,9.1,BULLISH,BULLISH,NO_DATA,BULLISH,ESS_BULLISH_ANALYST_FULL_AGREE,False,0.010418,-0.014863,0.005884,NEUTRAL,False
MCB,2025-08-25,9.6,BULLISH,BULLISH,NO_DATA,NEUTRAL,ESS_BULLISH_ANALYST_MIXED,False,-0.007235,-0.083979,0.005884,NEUTRAL,False
MCHX,2025-08-25,9.5,BULLISH,NEUTRAL,NEUTRAL,NEUTRAL,ESS_BULLISH_ANALYST_SKEPTICAL,False,-0.020305,-0.076142,0.005884,LOSER,False
MCK,2025-08-25,9.0,BULLISH,NEUTRAL,NEUTRAL,NEUTRAL,ESS_BULLISH_ANALYST_SKEPTICAL,False,0.121635,0.182231,0.005884,WINNER,True
MCRI,2025-08-25,9.3,BULLISH,BULLISH,NEUTRAL,BULLISH,ESS_BULLISH_ANALYST_MIXED,False,-0.004654,-0.116726,0.005884,NEUTRAL,False
MCY,2025-08-25,9.5,BULLISH,BULLISH,NO_DATA,BULLISH,ESS_BULLISH_ANALYST_FULL_AGREE,False,0.075597,0.041689,0.005884,WINNER,True
MD,2025-08-25,9.4,BULLISH,BULLISH,BULLISH,BULLISH,ESS_BULLISH_ANALYST_FULL_AGREE,False,-0.031067,0.031653,0.005884,LOSER,False
MDXG,2025-08-25,9.9,BULLISH,NEUTRAL,NO_DATA,BULLISH,ESS_BULLISH_ANALYST_MIXED,False,0.001412,-0.045198,0.005884,NEUTRAL,False
MEC,2025-08-25,8.3,BULLISH,NEUTRAL,NO_DATA,NEUTRAL,ESS_BULLISH_ANALYST_SKEPTICAL,False,-0.050871,0.15122,0.005884,LOSER,False
MED,2025-08-25,8.3,BULLISH,NEUTRAL,BEARISH,NEUTRAL,ESS_BULLISH_ANALYST_SKEPTICAL,True,-0.018453,-0.110007,0.005884,LOSER,False
MEDP,2025-08-25,8.7,BULLISH,BULLISH,NEUTRAL,BULLISH,ESS_BULLISH_ANALYST_MIXED,False,0.065381,0.296487,0.005884,WINNER,True
META,2025-08-25,8.0,BULLISH,NEUTRAL,NEUTRAL,BULLISH,ESS_BULLISH_ANALYST_MIXED,False,0.010452,-0.019171,0.005884,NEUTRAL,False
MFG,2025-08-25,8.9,BULLISH,BULLISH,NO_DATA,NEUTRAL,ESS_BULLISH_ANALYST_MIXED,False,0.035061,-0.015244,0.005884,WINNER,True
MFIN,2025-08-25,8.7,BULLISH,NEUTRAL,NO_DATA,NEUTRAL,ESS_BULLISH_ANALYST_SKEPTICAL,False,0.006641,-0.049336,0.005884,NEUTRAL,False
MG,2025-08-25,9.5,BULLISH,NEUTRAL,NEUTRAL,BULLISH,ESS_BULLISH_ANALYST_MIXED,False,0.025451,0.063627,0.005884,NEUTRAL,False
MGIC,2025-08-25,9.6,BULLISH,BULLISH,BULLISH,NEUTRAL,ESS_BULLISH_ANALYST_MIXED,False,,,0.005884,NO_DATA,
MGPI,2025-08-25,9.2,BULLISH,NEUTRAL,BEARISH,NEUTRAL,ESS_BULLISH_ANALYST_SKEPTICAL,True,-0.124958,-0.173854,0.005884,LOSER,False
MGRC,2025-08-25,7.7,BULLISH,NEUTRAL,NEUTRAL,NEUTRAL,ESS_BULLISH_ANALYST_SKEPTICAL,False,-0.015592,-0.056511,0.005884,LOSER,False
MKL,2025-08-25,8.6,BULLISH,NEUTRAL,NO_DATA,NEUTRAL,ESS_BULLISH_ANALYST_SKEPTICAL,False,-0.025141,-0.050322,0.005884,LOSER,False
MKSI,2025-08-25,7.9,BULLISH,BULLISH,BULLISH,NEUTRAL,ESS_BULLISH_ANALYST_MIXED,False,0.166824,0.345698,0.005884,WINNER,True
MKTX,2025-08-25,7.3,BULLISH,NEUTRAL,NO_DATA,NEUTRAL,ESS_BULLISH_ANALYST_SKEPTICAL,False,-0.058428,-0.103077,0.005884,LOSER,False
MLCO,2025-08-25,7.7,BULLISH,NEUTRAL,NO_DATA,NEUTRAL,ESS_BULLISH_ANALYST_SKEPTICAL,False,0.006329,-0.122363,0.005884,NEUTRAL,False
MLI,2025-08-25,7.7,BULLISH,NO_DATA,BULLISH,NEUTRAL,ESS_BULLISH_ANALYST_MIXED,False,0.055776,0.091492,0.005884,WINNER,True
MNSB,2025-08-25,7.7,BULLISH,BULLISH,NO_DATA,NEUTRAL,ESS_BULLISH_ANALYST_MIXED,False,-0.070485,-0.145374,0.005884,LOSER,False
MNST,2025-08-25,9.8,BULLISH,NEUTRAL,BULLISH,BULLISH,ESS_BULLISH_ANALYST_MIXED,False,0.042215,0.11862,0.005884,WINNER,True
MO,2025-08-25,9.3,BULLISH,NEUTRAL,BEARISH,NEUTRAL,ESS_BULLISH_ANALYST_SKEPTICAL,True,-0.012937,-0.019909,0.005884,NEUTRAL,False
MOH,2025-08-25,9.1,BULLISH,BEARISH,BULLISH,NEUTRAL,ESS_BULLISH_ANALYST_MIXED,True,0.088714,-0.067649,0.005884,WINNER,True
MPAA,2025-08-25,7.4,BULLISH,BEARISH,NEUTRAL,NEUTRAL,ESS_BULLISH_ANALYST_SKEPTICAL,True,0.197387,0.163686,0.005884,WINNER,True
MPWR,2025-08-25,8.5,BULLISH,NEUTRAL,NEUTRAL,NEUTRAL,ESS_BULLISH_ANALYST_SKEPTICAL,False,0.08425,0.285185,0.005884,WINNER,True
MRK,2025-08-25,9.9,BULLISH,NEUTRAL,BULLISH,BULLISH,ESS_BULLISH_ANALYST_MIXED,False,-0.056887,0.035684,0.005884,LOSER,False
MRTN,2025-08-25,8.5,BULLISH,NEUTRAL,BULLISH,NEUTRAL,ESS_BULLISH_ANALYST_MIXED,False,-0.096504,-0.189854,0.005884,LOSER,False
MRVI,2025-08-25,8.0,BULLISH,NEUTRAL,NO_DATA,NO_DATA,ESS_BULLISH_ANALYST_SKEPTICAL,False,0.133333,0.420833,0.005884,WINNER,True
MSFT,2025-08-25,8.2,BULLISH,NEUTRAL,NEUTRAL,NEUTRAL,ESS_BULLISH_ANALYST_SKEPTICAL,False,0.01168,0.038373,0.005884,NEUTRAL,False
MSFT,2025-08-25,8.2,BULLISH,NEUTRAL,NEUTRAL,NEUTRAL,ESS_BULLISH_ANALYST_SKEPTICAL,False,0.01168,0.038373,0.005884,NEUTRAL,False
MSI,2025-08-25,7.3,BULLISH,NEUTRAL,NEUTRAL,BULLISH,ESS_BULLISH_ANALYST_MIXED,False,-0.009807,-0.044943,0.005884,NEUTRAL,False
MSM,2025-08-25,8.9,BULLISH,BULLISH,BULLISH,NEUTRAL,ESS_BULLISH_ANALYST_MIXED,False,-0.019193,-0.02934,0.005884,LOSER,False
MTB,2025-08-25,8.6,BULLISH,NEUTRAL,NO_DATA,NEUTRAL,ESS_BULLISH_ANALYST_SKEPTICAL,False,0.015385,-0.056961,0.005884,NEUTRAL,False
MTD,2025-08-25,9.5,BULLISH,NEUTRAL,NEUTRAL,NEUTRAL,ESS_BULLISH_ANALYST_SKEPTICAL,False,-0.036828,0.112066,0.005884,LOSER,False
MTDR,2025-08-25,9.2,BULLISH,NEUTRAL,NEUTRAL,NEUTRAL,ESS_BULLISH_ANALYST_SKEPTICAL,False,-0.041709,-0.20409,0.005884,LOSER,False
MTG,2025-08-25,9.6,BULLISH,NEUTRAL,NO_DATA,NEUTRAL,ESS_BULLISH_ANALYST_SKEPTICAL,False,0.02149,-0.019341,0.005884,NEUTRAL,False
MU,2025-08-25,8.1,BULLISH,BULLISH,BULLISH,NEUTRAL,ESS_BULLISH_ANALYST_MIXED,False,0.389022,0.88247,0.005884,WINNER,True
MYE,2025-08-25,7.7,BULLISH,NEUTRAL,BULLISH,NEUTRAL,ESS_BULLISH_ANALYST_MIXED,False,0.023622,0.065228,0.005884,NEUTRAL,False
MYRG,2025-08-25,8.5,BULLISH,NEUTRAL,BULLISH,NEUTRAL,ESS_BULLISH_ANALYST_MIXED,False,0.022678,0.185907,0.005884,NEUTRAL,False
MZTI,2025-08-25,7.5,BULLISH,NEUTRAL,BEARISH,NO_DATA,ESS_BULLISH_ANALYST_MAJORITY_BEARISH,True,-0.052772,-0.095515,0.005884,LOSER,False
NABL,2025-08-25,9.2,BULLISH,NEUTRAL,NO_DATA,NO_DATA,ESS_BULLISH_ANALYST_SKEPTICAL,False,0.040816,0.035714,0.005884,WINNER,True
NAGE,2025-08-25,8.9,BULLISH,NEUTRAL,NEUTRAL,NO_DATA,ESS_BULLISH_ANALYST_SKEPTICAL,False,-0.050847,-0.245264,0.005884,LOSER,False
NAT,2025-08-25,7.8,BULLISH,NEUTRAL,BEARISH,NEUTRAL,ESS_BULLISH_ANALYST_SKEPTICAL,True,0.096346,0.186047,0.005884,WINNER,True
NATH,2025-08-25,8.4,BULLISH,NO_DATA,NEUTRAL,NEUTRAL,ESS_BULLISH_ANALYST_SKEPTICAL,False,-0.007544,0.006799,0.005884,NEUTRAL,False
NATL,2025-08-25,9.9,BULLISH,BULLISH,NO_DATA,NO_DATA,ESS_BULLISH_ANALYST_FULL_AGREE,False,-0.009824,-0.039799,0.005884,NEUTRAL,False
NATR,2025-08-25,9.5,BULLISH,NO_DATA,NEUTRAL,NEUTRAL,ESS_BULLISH_ANALYST_SKEPTICAL,False,-0.010247,-0.15009,0.005884,NEUTRAL,False
NBIX,2025-08-25,8.1,BULLISH,NEUTRAL,BEARISH,BULLISH,ESS_BULLISH_ANALYST_MIXED,True,0.094634,0.074707,0.005884,WINNER,True
NECB,2025-08-25,8.7,BULLISH,NEUTRAL,NO_DATA,NEUTRAL,ESS_BULLISH_ANALYST_SKEPTICAL,False,-0.066527,-0.052188,0.005884,LOSER,False
NEM,2025-08-25,9.1,BULLISH,BULLISH,NEUTRAL,NEUTRAL,ESS_BULLISH_ANALYST_MIXED,False,0.177885,0.176474,0.005884,WINNER,True
NEU,2025-08-25,9.5,BULLISH,NO_DATA,BULLISH,BULLISH,ESS_BULLISH_ANALYST_FULL_AGREE,False,0.025819,-0.057462,0.005884,NEUTRAL,False
NEWT,2025-08-25,8.7,BULLISH,NEUTRAL,NO_DATA,NEUTRAL,ESS_BULLISH_ANALYST_SKEPTICAL,False,-0.022783,-0.08515,0.005884,LOSER,False
NFBK,2025-08-25,7.3,BULLISH,NEUTRAL,NO_DATA,NEUTRAL,ESS_BULLISH_ANALYST_SKEPTICAL,False,,,0.005884,NO_DATA,
NFG,2025-08-25,7.6,BULLISH,NEUTRAL,NEUTRAL,NEUTRAL,ESS_BULLISH_ANALYST_SKEPTICAL,False,0.063069,-0.052778,0.005884,WINNER,True
NFLX,2025-08-25,8.2,BULLISH,BULLISH,BULLISH,NEUTRAL,ESS_BULLISH_ANALYST_MIXED,False,-0.011592,-0.101291,0.005884,NEUTRAL,False
NGS,2025-08-25,7.5,BULLISH,NEUTRAL,BEARISH,NEUTRAL,ESS_BULLISH_ANALYST_SKEPTICAL,True,0.119,0.099167,0.005884,WINNER,True
NHC,2025-08-25,9.2,BULLISH,NO_DATA,BULLISH,BULLISH,ESS_BULLISH_ANALYST_FULL_AGREE,False,0.114574,0.101757,0.005884,WINNER,True
NICE,2025-08-25,8.7,BULLISH,NEUTRAL,NO_DATA,NEUTRAL,ESS_BULLISH_ANALYST_SKEPTICAL,False,0.08219,-0.059367,0.005884,WINNER,True
NIO,2025-08-25,7.8,BULLISH,NEUTRAL,NO_DATA,NEUTRAL,ESS_BULLISH_ANALYST_SKEPTICAL,False,,,0.005884,NO_DATA,
NJR,2025-08-25,7.4,BULLISH,NEUTRAL,BEARISH,NEUTRAL,ESS_BULLISH_ANALYST_SKEPTICAL,True,0.011292,-0.016888,0.005884,NEUTRAL,False
NLY,2025-08-25,8.4,BULLISH,NEUTRAL,NO_DATA,NEUTRAL,ESS_BULLISH_ANALYST_SKEPTICAL,False,-0.011876,0.029704,0.005884,NEUTRAL,False
NMIH,2025-08-25,7.8,BULLISH,NEUTRAL,NO_DATA,NEUTRAL,ESS_BULLISH_ANALYST_SKEPTICAL,False,-0.000505,-0.067912,0.005884,NEUTRAL,False
NMRK,2025-08-25,8.5,BULLISH,BULLISH,NO_DATA,NEUTRAL,ESS_BULLISH_ANALYST_MIXED,False,0.023926,0.059271,0.005884,NEUTRAL,False
NOMD,2025-08-25,7.4,BULLISH,NEUTRAL,BULLISH,NEUTRAL,ESS_BULLISH_ANALYST_MIXED,False,,,0.005884,NO_DATA,
NRIM,2025-08-25,8.7,BULLISH,NEUTRAL,NO_DATA,NEUTRAL,ESS_BULLISH_ANALYST_SKEPTICAL,False,-0.039398,-0.039823,0.005884,LOSER,False
NSSC,2025-08-25,9.0,BULLISH,NEUTRAL,BULLISH,NEUTRAL,ESS_BULLISH_ANALYST_MIXED,False,0.295095,0.31508,0.005884,WINNER,True
NTB,2025-08-25,9.5,BULLISH,NEUTRAL,NO_DATA,NEUTRAL,ESS_BULLISH_ANALYST_SKEPTICAL,False,-0.009778,-0.056889,0.005884,NEUTRAL,False
NTES,2025-08-25,9.7,BULLISH,NEUTRAL,NO_DATA,NEUTRAL,ESS_BULLISH_ANALYST_SKEPTICAL,False,0.111919,0.086517,0.005884,WINNER,True
NTGR,2025-08-25,8.7,BULLISH,NEUTRAL,NO_DATA,NEUTRAL,ESS_BULLISH_ANALYST_SKEPTICAL,False,0.064074,0.221852,0.005884,WINNER,True
NTRS,2025-08-25,7.3,BULLISH,BULLISH,NO_DATA,NEUTRAL,ESS_BULLISH_ANALYST_MIXED,False,-0.002258,-0.029068,0.005884,NEUTRAL,False
NUS,2025-08-25,7.2,BULLISH,NEUTRAL,NEUTRAL,NEUTRAL,ESS_BULLISH_ANALYST_SKEPTICAL,False,-0.007492,-0.078564,0.005884,NEUTRAL,False
NVAX,2025-08-25,9.1,BULLISH,NEUTRAL,BEARISH,NEUTRAL,ESS_BULLISH_ANALYST_SKEPTICAL,True,0.148936,0.132979,0.005884,WINNER,True
NVDA,2025-08-25,7.3,BULLISH,NEUTRAL,NEUTRAL,BULLISH,ESS_BULLISH_ANALYST_MIXED,False,-0.015739,0.03593,0.005884,LOSER,False
NVDA,2025-08-25,7.3,BULLISH,NEUTRAL,NEUTRAL,BULLISH,ESS_BULLISH_ANALYST_MIXED,False,-0.015739,0.03593,0.005884,LOSER,False
NVGS,2025-08-25,8.1,BULLISH,NEUTRAL,BEARISH,NEUTRAL,ESS_BULLISH_ANALYST_SKEPTICAL,True,0.004312,-0.03613,0.005884,NEUTRAL,False
NVO,2025-08-25,8.4,BULLISH,BEARISH,NEUTRAL,NEUTRAL,ESS_BULLISH_ANALYST_SKEPTICAL,True,0.042599,-0.059993,0.005884,WINNER,True
NVS,2025-08-25,9.2,BULLISH,NEUTRAL,NO_DATA,NEUTRAL,ESS_BULLISH_ANALYST_SKEPTICAL,False,-0.016315,0.042546,0.005884,LOSER,False
NVST,2025-08-25,7.3,BULLISH,BULLISH,NO_DATA,NEUTRAL,ESS_BULLISH_ANALYST_MIXED,False,-0.026989,-0.035985,0.005884,LOSER,False
NWBI,2025-08-25,8.2,BULLISH,NEUTRAL,NO_DATA,NEUTRAL,ESS_BULLISH_ANALYST_SKEPTICAL,False,-0.002398,0.004796,0.005884,NEUTRAL,False
NWN,2025-08-25,7.6,BULLISH,NEUTRAL,NO_DATA,NEUTRAL,ESS_BULLISH_ANALYST_SKEPTICAL,False,0.055179,0.156099,0.005884,WINNER,True
NWPX,2025-08-25,9.8,BULLISH,NEUTRAL,NO_DATA,BULLISH,ESS_BULLISH_ANALYST_MIXED,False,-0.003447,0.052662,0.005884,NEUTRAL,False
NXST,2025-08-25,7.6,BULLISH,NEUTRAL,BULLISH,NEUTRAL,ESS_BULLISH_ANALYST_MIXED,False,-0.03636,-0.077797,0.005884,LOSER,False
NXT,2025-08-25,8.1,BULLISH,NEUTRAL,NO_DATA,NO_DATA,ESS_BULLISH_ANALYST_SKEPTICAL,False,0.076491,0.454061,0.005884,WINNER,True
NYT,2025-08-25,8.9,BULLISH,BULLISH,NEUTRAL,BULLISH,ESS_BULLISH_ANALYST_MIXED,False,-0.036434,-0.039673,0.005884,LOSER,False
OC,2025-08-25,8.5,BULLISH,NEUTRAL,BULLISH,NEUTRAL,ESS_BULLISH_ANALYST_MIXED,False,-0.066115,-0.163379,0.005884,LOSER,False
ODC,2025-08-25,9.7,BULLISH,NO_DATA,BULLISH,BULLISH,ESS_BULLISH_ANALYST_FULL_AGREE,False,0.059335,0.019437,0.005884,WINNER,True
OFG,2025-08-25,8.8,BULLISH,NO_DATA,NO_DATA,NEUTRAL,ESS_BULLISH_ANALYST_SKEPTICAL,False,-0.003819,-0.103718,0.005884,NEUTRAL,False
OFIX,2025-08-25,8.2,BULLISH,NEUTRAL,BEARISH,NEUTRAL,ESS_BULLISH_ANALYST_SKEPTICAL,True,0.02069,0.101379,0.005884,NEUTRAL,False
OFLX,2025-08-25,7.3,BULLISH,NO_DATA,BULLISH,NEUTRAL,ESS_BULLISH_ANALYST_MIXED,False,-0.054453,-0.167059,0.005884,LOSER,False
OGN,2025-08-25,8.7,BULLISH,NEUTRAL,NEUTRAL,NO_DATA,ESS_BULLISH_ANALYST_SKEPTICAL,False,0.149007,0.011037,0.005884,WINNER,True
OGS,2025-08-25,7.4,BULLISH,NEUTRAL,BEARISH,NEUTRAL,ESS_BULLISH_ANALYST_SKEPTICAL,True,0.038339,0.099363,0.005884,WINNER,True
OMC,2025-08-25,8.1,BULLISH,NEUTRAL,NEUTRAL,BULLISH,ESS_BULLISH_ANALYST_MIXED,False,-0.017499,0.007105,0.005884,LOSER,False
OMCL,2025-08-25,8.3,BULLISH,BULLISH,BEARISH,NEUTRAL,ESS_BULLISH_ANALYST_MIXED,True,-0.066788,-0.060139,0.005884,LOSER,False
OPBK,2025-08-25,9.9,BULLISH,BULLISH,NO_DATA,NEUTRAL,ESS_BULLISH_ANALYST_MIXED,False,0.020626,-0.029872,0.005884,NEUTRAL,False
OPCH,2025-08-25,8.8,BULLISH,NEUTRAL,BEARISH,NEUTRAL,ESS_BULLISH_ANALYST_SKEPTICAL,True,-0.019957,-0.005346,0.005884,LOSER,False
OPRT,2025-08-25,8.9,BULLISH,BULLISH,NO_DATA,NEUTRAL,ESS_BULLISH_ANALYST_MIXED,False,0.012461,-0.11215,0.005884,NEUTRAL,False
ORI,2025-08-25,9.8,BULLISH,NEUTRAL,BULLISH,BULLISH,ESS_BULLISH_ANALYST_MIXED,False,0.051636,0.030771,0.005884,WINNER,True
ORRF,2025-08-25,8.7,BULLISH,NEUTRAL,NO_DATA,NEUTRAL,ESS_BULLISH_ANALYST_SKEPTICAL,False,0.007851,0.006397,0.005884,NEUTRAL,False
OSBC,2025-08-25,8.7,BULLISH,NEUTRAL,NO_DATA,NEUTRAL,ESS_BULLISH_ANALYST_SKEPTICAL,False,-0.025867,0.021464,0.005884,LOSER,False
OSIS,2025-08-25,7.9,BULLISH,NEUTRAL,BULLISH,NEUTRAL,ESS_BULLISH_ANALYST_MIXED,False,0.010702,0.115103,0.005884,NEUTRAL,False
OSK,2025-08-25,8.8,BULLISH,NEUTRAL,NEUTRAL,BULLISH,ESS_BULLISH_ANALYST_MIXED,False,-0.093507,-0.02092,0.005884,LOSER,False
OSPN,2025-08-25,8.7,BULLISH,NEUTRAL,NO_DATA,NEUTRAL,ESS_BULLISH_ANALYST_SKEPTICAL,False,0.130435,0.12202,0.005884,WINNER,True
OZK,2025-08-25,9.2,BULLISH,NEUTRAL,NO_DATA,NO_DATA,ESS_BULLISH_ANALYST_SKEPTICAL,False,-0.01236,-0.108667,0.005884,NEUTRAL,False
PAG,2025-08-25,7.9,BULLISH,NEUTRAL,BULLISH,NEUTRAL,ESS_BULLISH_ANALYST_MIXED,False,-0.070199,-0.119065,0.005884,LOSER,False
PAGP,2025-08-25,8.6,BULLISH,BULLISH,NO_DATA,NEUTRAL,ESS_BULLISH_ANALYST_MIXED,False,0.00638,-0.062733,0.005884,NEUTRAL,False
PAGS,2025-08-25,9.3,BULLISH,BULLISH,NO_DATA,NEUTRAL,ESS_BULLISH_ANALYST_MIXED,False,0.202091,0.11266,0.005884,WINNER,True
PAM,2025-08-25,8.5,BULLISH,NEUTRAL,NO_DATA,NEUTRAL,ESS_BULLISH_ANALYST_SKEPTICAL,False,-0.002864,-0.056075,0.005884,NEUTRAL,False
PAYS,2025-08-25,7.3,BULLISH,NEUTRAL,NO_DATA,NEUTRAL,ESS_BULLISH_ANALYST_SKEPTICAL,False,0.034862,0.089908,0.005884,WINNER,True
PBI,2025-08-25,7.3,BULLISH,NEUTRAL,NO_DATA,NEUTRAL,ESS_BULLISH_ANALYST_SKEPTICAL,False,-0.031502,-0.049273,0.005884,LOSER,False
PBR,2025-08-25,8.9,BULLISH,BULLISH,NO_DATA,NEUTRAL,ESS_BULLISH_ANALYST_MIXED,False,0.100655,-0.03928,0.005884,WINNER,True
PBYI,2025-08-25,9.3,BULLISH,NEUTRAL,NEUTRAL,NEUTRAL,ESS_BULLISH_ANALYST_SKEPTICAL,False,-0.054108,0.048096,0.005884,LOSER,False
PCB,2025-08-25,9.5,BULLISH,NEUTRAL,NO_DATA,NEUTRAL,ESS_BULLISH_ANALYST_SKEPTICAL,False,-0.052417,-0.029372,0.005884,LOSER,False
PCYO,2025-08-25,7.7,BULLISH,NO_DATA,BEARISH,NEUTRAL,ESS_BULLISH_ANALYST_MAJORITY_BEARISH,True,0.074364,0.078278,0.005884,WINNER,True
PDD,2025-08-25,7.8,BULLISH,NEUTRAL,NO_DATA,NEUTRAL,ESS_BULLISH_ANALYST_SKEPTICAL,False,,,0.005884,NO_DATA,
PDEX,2025-08-25,7.5,BULLISH,NEUTRAL,NO_DATA,NEUTRAL,ESS_BULLISH_ANALYST_SKEPTICAL,False,,,0.005884,NO_DATA,
PDLB,2025-08-25,7.7,BULLISH,BULLISH,NO_DATA,NEUTRAL,ESS_BULLISH_ANALYST_MIXED,False,0.004046,-0.01416,0.005884,NEUTRAL,False
PDS,2025-08-25,9.7,BULLISH,BULLISH,BEARISH,NO_DATA,ESS_BULLISH_ANALYST_MAJORITY_BEARISH,True,0.031508,0.048055,0.005884,WINNER,True
PEB,2025-08-25,7.4,BULLISH,NEUTRAL,NO_DATA,NEUTRAL,ESS_BULLISH_ANALYST_SKEPTICAL,False,0.075401,0.037655,0.005884,WINNER,True
PEGA,2025-08-25,7.2,BULLISH,NEUTRAL,BEARISH,NEUTRAL,ESS_BULLISH_ANALYST_SKEPTICAL,True,0.139341,0.255293,0.005884,WINNER,True
PFBC,2025-08-25,9.3,BULLISH,NEUTRAL,NO_DATA,NO_DATA,ESS_BULLISH_ANALYST_SKEPTICAL,False,-0.023617,-0.001505,0.005884,LOSER,False
PFE,2025-08-25,9.5,BULLISH,NEUTRAL,NEUTRAL,NEUTRAL,ESS_BULLISH_ANALYST_SKEPTICAL,False,-0.041766,-0.015115,0.005884,LOSER,False
PFIS,2025-08-25,8.7,BULLISH,NEUTRAL,NO_DATA,NEUTRAL,ESS_BULLISH_ANALYST_SKEPTICAL,False,,,0.005884,NO_DATA,
PFS,2025-08-25,9.3,BULLISH,BULLISH,NO_DATA,NEUTRAL,ESS_BULLISH_ANALYST_MIXED,False,-0.007107,-0.036041,0.005884,NEUTRAL,False
PGNY,2025-08-25,8.8,BULLISH,NEUTRAL,NO_DATA,NO_DATA,ESS_BULLISH_ANALYST_SKEPTICAL,False,-0.06223,-0.157736,0.005884,LOSER,False
PGR,2025-08-25,7.6,BULLISH,BULLISH,NO_DATA,NEUTRAL,ESS_BULLISH_ANALYST_MIXED,False,-0.016756,-0.102057,0.005884,LOSER,False
PH,2025-08-25,7.4,BULLISH,NEUTRAL,BULLISH,NO_DATA,ESS_BULLISH_ANALYST_MIXED,False,0.000319,0.031367,0.005884,NEUTRAL,False
PHI,2025-08-25,9.2,BULLISH,BEARISH,NO_DATA,NEUTRAL,ESS_BULLISH_ANALYST_MAJORITY_BEARISH,True,,,0.005884,NO_DATA,
PHIN,2025-08-25,8.8,BULLISH,BULLISH,NO_DATA,NO_DATA,ESS_BULLISH_ANALYST_FULL_AGREE,False,-0.019309,-0.07351,0.005884,LOSER,False
PHR,2025-08-25,8.7,BULLISH,NEUTRAL,NO_DATA,BULLISH,ESS_BULLISH_ANALYST_MIXED,False,-0.221454,-0.227377,0.005884,LOSER,False
PINC,2025-08-25,7.9,BULLISH,NEUTRAL,NO_DATA,BULLISH,ESS_BULLISH_ANALYST_MIXED,False,,,0.005884,NO_DATA,
PIPR,2025-08-25,7.3,BULLISH,BULLISH,NO_DATA,NEUTRAL,ESS_BULLISH_ANALYST_MIXED,False,0.054898,0.047018,0.005884,WINNER,True
PJT,2025-08-25,8.9,BULLISH,NEUTRAL,NO_DATA,BULLISH,ESS_BULLISH_ANALYST_MIXED,False,0.024537,0.02825,0.005884,NEUTRAL,False
PKOH,2025-08-25,7.8,BULLISH,NO_DATA,NEUTRAL,NEUTRAL,ESS_BULLISH_ANALYST_SKEPTICAL,False,0.062757,0.055041,0.005884,WINNER,True
PLBC,2025-08-25,7.3,BULLISH,NEUTRAL,NO_DATA,NEUTRAL,ESS_BULLISH_ANALYST_SKEPTICAL,False,0.020824,-0.016801,0.005884,NEUTRAL,False
PLMR,2025-08-25,7.8,BULLISH,NEUTRAL,NO_DATA,NEUTRAL,ESS_BULLISH_ANALYST_SKEPTICAL,False,-0.042464,-0.073392,0.005884,LOSER,False
PLPC,2025-08-25,9.0,BULLISH,NO_DATA,BULLISH,NEUTRAL,ESS_BULLISH_ANALYST_MIXED,False,0.03952,0.246455,0.005884,WINNER,True
PLTR,2025-08-25,9.6,BULLISH,NEUTRAL,NO_DATA,NO_DATA,ESS_BULLISH_ANALYST_SKEPTICAL,False,0.142457,0.174715,0.005884,WINNER,True
PLX,2025-08-25,7.5,BULLISH,NEUTRAL,NO_DATA,NEUTRAL,ESS_BULLISH_ANALYST_SKEPTICAL,False,0.2875,0.475,0.005884,WINNER,True
PLXS,2025-08-25,7.8,BULLISH,NEUTRAL,BULLISH,NEUTRAL,ESS_BULLISH_ANALYST_MIXED,False,0.048745,0.050204,0.005884,WINNER,True
PLYM,2025-08-25,8.2,BULLISH,NEUTRAL,NO_DATA,NEUTRAL,ESS_BULLISH_ANALYST_SKEPTICAL,False,,,0.005884,NO_DATA,
POR,2025-08-25,7.6,BULLISH,NEUTRAL,NEUTRAL,NEUTRAL,ESS_BULLISH_ANALYST_SKEPTICAL,False,0.029654,0.099568,0.005884,WINNER,True
POST,2025-08-25,8.1,BULLISH,BULLISH,BULLISH,NEUTRAL,ESS_BULLISH_ANALYST_MIXED,False,-0.05057,-0.025908,0.005884,LOSER,False
POWL,2025-08-25,8.3,BULLISH,NEUTRAL,BULLISH,NEUTRAL,ESS_BULLISH_ANALYST_MIXED,False,0.136554,0.412719,0.005884,WINNER,True
PRDO,2025-08-25,7.9,BULLISH,NEUTRAL,BEARISH,BULLISH,ESS_BULLISH_ANALYST_MIXED,True,0.089991,0.120682,0.005884,WINNER,True
PRG,2025-08-25,9.3,BULLISH,NEUTRAL,NO_DATA,NO_DATA,ESS_BULLISH_ANALYST_SKEPTICAL,False,-0.002889,-0.103408,0.005884,NEUTRAL,False
PRGS,2025-08-25,8.1,BULLISH,NEUTRAL,NEUTRAL,NEUTRAL,ESS_BULLISH_ANALYST_SKEPTICAL,False,-0.106817,-0.001086,0.005884,LOSER,False
PRI,2025-08-25,8.4,BULLISH,NEUTRAL,NO_DATA,NEUTRAL,ESS_BULLISH_ANALYST_SKEPTICAL,False,0.026034,-0.008215,0.005884,WINNER,True
PRIM,2025-08-25,10.0,BULLISH,BULLISH,NEUTRAL,BULLISH,ESS_BULLISH_ANALYST_MIXED,False,0.132585,0.240137,0.005884,WINNER,True
PRK,2025-08-25,8.5,BULLISH,BULLISH,NO_DATA,NEUTRAL,ESS_BULLISH_ANALYST_MIXED,False,-0.034238,-0.072604,0.005884,LOSER,False
PRKS,2025-08-25,8.7,BULLISH,BEARISH,BULLISH,NO_DATA,ESS_BULLISH_ANALYST_MAJORITY_BEARISH,True,-0.028832,-0.057284,0.005884,LOSER,False
PRTH,2025-08-25,9.6,BULLISH,BULLISH,NO_DATA,NEUTRAL,ESS_BULLISH_ANALYST_MIXED,False,-0.137515,-0.068758,0.005884,LOSER,False
PSMT,2025-08-25,7.7,BULLISH,NEUTRAL,BULLISH,NEUTRAL,ESS_BULLISH_ANALYST_MIXED,False,0.080328,0.133143,0.005884,WINNER,True
PSTL,2025-08-25,9.7,BULLISH,BULLISH,NO_DATA,NEUTRAL,ESS_BULLISH_ANALYST_MIXED,False,0.030559,-0.008453,0.005884,WINNER,True
PTCT,2025-08-25,8.2,BULLISH,NEUTRAL,BEARISH,NEUTRAL,ESS_BULLISH_ANALYST_SKEPTICAL,True,0.206897,0.346856,0.005884,WINNER,True
PVBC,2025-08-25,7.3,BULLISH,NEUTRAL,NO_DATA,NEUTRAL,ESS_BULLISH_ANALYST_SKEPTICAL,False,,,0.005884,NO_DATA,
PVH,2025-08-25,7.9,BULLISH,NEUTRAL,BULLISH,NEUTRAL,ESS_BULLISH_ANALYST_MIXED,False,0.097544,0.048625,0.005884,WINNER,True
PYPL,2025-08-25,8.7,BULLISH,NEUTRAL,BULLISH,NEUTRAL,ESS_BULLISH_ANALYST_MIXED,False,-0.023316,0.004174,0.005884,LOSER,False
QGEN,2025-08-25,8.6,BULLISH,NEUTRAL,NEUTRAL,NEUTRAL,ESS_BULLISH_ANALYST_SKEPTICAL,False,-0.078323,0.008589,0.005884,LOSER,False
QNST,2025-08-25,9.6,BULLISH,NEUTRAL,NEUTRAL,NO_DATA,ESS_BULLISH_ANALYST_SKEPTICAL,False,0.0482,-0.036632,0.005884,WINNER,True
QRVO,2025-08-25,8.5,BULLISH,NEUTRAL,NEUTRAL,NEUTRAL,ESS_BULLISH_ANALYST_SKEPTICAL,False,0.012484,-0.015306,0.005884,NEUTRAL,False
QUAD,2025-08-25,7.6,BULLISH,BULLISH,NEUTRAL,NEUTRAL,ESS_BULLISH_ANALYST_MIXED,False,0.020281,-0.059282,0.005884,NEUTRAL,False
RACE,2025-08-25,9.1,BULLISH,BULLISH,BULLISH,NEUTRAL,ESS_BULLISH_ANALYST_MIXED,False,0.027933,-0.126684,0.005884,WINNER,True
RBB,2025-08-25,7.3,BULLISH,NEUTRAL,NO_DATA,NEUTRAL,ESS_BULLISH_ANALYST_SKEPTICAL,False,-0.054795,-0.050881,0.005884,LOSER,False
RBCAA,2025-08-25,9.5,BULLISH,NEUTRAL,NO_DATA,NEUTRAL,ESS_BULLISH_ANALYST_SKEPTICAL,False,,,0.005884,NO_DATA,
RCKY,2025-08-25,7.7,BULLISH,NO_DATA,BEARISH,NO_DATA,ESS_BULLISH_ANALYST_MAJORITY_BEARISH,True,0.076652,0.097561,0.005884,WINNER,True
RDY,2025-08-25,7.5,BULLISH,NEUTRAL,NO_DATA,NEUTRAL,ESS_BULLISH_ANALYST_SKEPTICAL,False,-0.001383,0.008299,0.005884,NEUTRAL,False
REVG,2025-08-25,9.9,BULLISH,BULLISH,BULLISH,BULLISH,ESS_BULLISH_ANALYST_FULL_AGREE,False,,,0.005884,NO_DATA,
REXR,2025-08-25,8.0,BULLISH,NEUTRAL,NO_DATA,NEUTRAL,ESS_BULLISH_ANALYST_SKEPTICAL,False,0.041397,0.063377,0.005884,WINNER,True
REYN,2025-08-25,8.3,BULLISH,NEUTRAL,NO_DATA,NEUTRAL,ESS_BULLISH_ANALYST_SKEPTICAL,False,-0.007315,0.007745,0.005884,NEUTRAL,False
REZI,2025-08-25,9.6,BULLISH,NEUTRAL,NO_DATA,BULLISH,ESS_BULLISH_ANALYST_MIXED,False,0.177565,0.293229,0.005884,WINNER,True
RGCO,2025-08-25,7.5,BULLISH,NEUTRAL,BEARISH,NEUTRAL,ESS_BULLISH_ANALYST_SKEPTICAL,True,0.022042,-0.024277,0.005884,NEUTRAL,False
RIG,2025-08-25,7.2,BULLISH,NEUTRAL,NEUTRAL,NEUTRAL,ESS_BULLISH_ANALYST_SKEPTICAL,False,0.174194,0.258065,0.005884,WINNER,True
RIGL,2025-08-25,9.9,BULLISH,BULLISH,NEUTRAL,BULLISH,ESS_BULLISH_ANALYST_MIXED,False,-0.25675,-0.264359,0.005884,LOSER,False
RIO,2025-08-25,8.9,BULLISH,NEUTRAL,NO_DATA,NEUTRAL,ESS_BULLISH_ANALYST_SKEPTICAL,False,0.024707,0.131718,0.005884,NEUTRAL,False
RITM,2025-08-25,9.3,BULLISH,NEUTRAL,NO_DATA,NO_DATA,ESS_BULLISH_ANALYST_SKEPTICAL,False,-0.064852,-0.110992,0.005884,LOSER,False
RJF,2025-08-25,9.3,BULLISH,NEUTRAL,NO_DATA,NEUTRAL,ESS_BULLISH_ANALYST_SKEPTICAL,False,0.036227,-0.018011,0.005884,WINNER,True
RLGT,2025-08-25,9.4,BULLISH,NO_DATA,NEUTRAL,NEUTRAL,ESS_BULLISH_ANALYST_SKEPTICAL,False,-0.039308,-0.04717,0.005884,LOSER,False
RM,2025-08-25,8.7,BULLISH,NEUTRAL,NO_DATA,NEUTRAL,ESS_BULLISH_ANALYST_SKEPTICAL,False,,,0.005884,NO_DATA,
RMBS,2025-08-25,9.6,BULLISH,NEUTRAL,BULLISH,NEUTRAL,ESS_BULLISH_ANALYST_MIXED,False,0.374216,0.438199,0.005884,WINNER,True
RMD,2025-08-25,9.0,BULLISH,NEUTRAL,BULLISH,BULLISH,ESS_BULLISH_ANALYST_MIXED,False,-0.040623,-0.092057,0.005884,LOSER,False
RNG,2025-08-25,8.8,BULLISH,NEUTRAL,NEUTRAL,BULLISH,ESS_BULLISH_ANALYST_MIXED,False,-0.017931,-0.040346,0.005884,LOSER,False
RNGR,2025-08-25,8.5,BULLISH,NEUTRAL,NEUTRAL,NEUTRAL,ESS_BULLISH_ANALYST_SKEPTICAL,False,0.05267,0.021946,0.005884,WINNER,True
RNR,2025-08-25,8.9,BULLISH,NEUTRAL,NO_DATA,NEUTRAL,ESS_BULLISH_ANALYST_SKEPTICAL,False,0.021984,-0.006502,0.005884,NEUTRAL,False
ROCK,2025-08-25,7.2,BULLISH,NEUTRAL,NEUTRAL,NEUTRAL,ESS_BULLISH_ANALYST_SKEPTICAL,False,-0.059223,0.051203,0.005884,LOSER,False
ROL,2025-08-25,7.7,BULLISH,NEUTRAL,NEUTRAL,NEUTRAL,ESS_BULLISH_ANALYST_SKEPTICAL,False,-0.009357,-0.000706,0.005884,NEUTRAL,False
RPRX,2025-08-25,9.5,BULLISH,NEUTRAL,NO_DATA,NEUTRAL,ESS_BULLISH_ANALYST_SKEPTICAL,False,-0.006113,0.035287,0.005884,NEUTRAL,False
RPT,2025-08-25,7.3,BULLISH,NEUTRAL,NO_DATA,NEUTRAL,ESS_BULLISH_ANALYST_SKEPTICAL,False,-0.007722,-0.046332,0.005884,NEUTRAL,False
RRBI,2025-08-25,7.3,BULLISH,NEUTRAL,NO_DATA,NEUTRAL,ESS_BULLISH_ANALYST_SKEPTICAL,False,0.018129,0.043129,0.005884,NEUTRAL,False
RRX,2025-08-25,8.8,BULLISH,NEUTRAL,BULLISH,NO_DATA,ESS_BULLISH_ANALYST_MIXED,False,-0.06549,-0.03485,0.005884,LOSER,False
RUSHA,2025-08-25,9.9,BULLISH,NEUTRAL,NO_DATA,BULLISH,ESS_BULLISH_ANALYST_MIXED,False,-0.001547,-0.130113,0.005884,NEUTRAL,False
RY,2025-08-25,7.5,BULLISH,NEUTRAL,NO_DATA,NEUTRAL,ESS_BULLISH_ANALYST_SKEPTICAL,False,0.081113,0.084783,0.005884,WINNER,True
RYN,2025-08-25,7.2,BULLISH,NEUTRAL,NO_DATA,NEUTRAL,ESS_BULLISH_ANALYST_SKEPTICAL,False,-0.012431,-0.068548,0.005884,NEUTRAL,False
SAFT,2025-08-25,8.8,BULLISH,NO_DATA,NO_DATA,NEUTRAL,ESS_BULLISH_ANALYST_SKEPTICAL,False,-0.008474,-0.042475,0.005884,NEUTRAL,False
SAIC,2025-08-25,8.5,BULLISH,NEUTRAL,BULLISH,NEUTRAL,ESS_BULLISH_ANALYST_MIXED,False,-0.157456,-0.204342,0.005884,LOSER,False
SAM,2025-08-25,8.9,BULLISH,NEUTRAL,BULLISH,BULLISH,ESS_BULLISH_ANALYST_MIXED,False,0.015508,0.065808,0.005884,NEUTRAL,False
SAMG,2025-08-25,8.7,BULLISH,NEUTRAL,NO_DATA,NEUTRAL,ESS_BULLISH_ANALYST_SKEPTICAL,False,-0.018798,-0.099646,0.005884,LOSER,False
SAN,2025-08-25,7.8,BULLISH,NEUTRAL,NO_DATA,NEUTRAL,ESS_BULLISH_ANALYST_SKEPTICAL,False,0.071875,0.007292,0.005884,WINNER,True
SANM,2025-08-25,9.9,BULLISH,NEUTRAL,BULLISH,BULLISH,ESS_BULLISH_ANALYST_MIXED,False,-0.019664,0.158784,0.005884,LOSER,False
SBFG,2025-08-25,9.9,BULLISH,BULLISH,NO_DATA,NEUTRAL,ESS_BULLISH_ANALYST_MIXED,False,-0.025862,-0.078544,0.005884,LOSER,False
SBH,2025-08-25,9.8,BULLISH,NEUTRAL,BULLISH,BULLISH,ESS_BULLISH_ANALYST_MIXED,False,0.148038,0.122132,0.005884,WINNER,True
SBS,2025-08-25,7.9,BULLISH,NEUTRAL,NO_DATA,NEUTRAL,ESS_BULLISH_ANALYST_SKEPTICAL,False,0.112721,0.119058,0.005884,WINNER,True
SCL,2025-08-25,7.5,BULLISH,BEARISH,NEUTRAL,NEUTRAL,ESS_BULLISH_ANALYST_SKEPTICAL,True,-0.051885,-0.080193,0.005884,LOSER,False
SCS,2025-08-25,7.9,BULLISH,NEUTRAL,NEUTRAL,NEUTRAL,ESS_BULLISH_ANALYST_SKEPTICAL,False,,,0.005884,NO_DATA,
SCSC,2025-08-25,7.8,BULLISH,NEUTRAL,BULLISH,NEUTRAL,ESS_BULLISH_ANALYST_MIXED,False,0.004511,-0.032251,0.005884,NEUTRAL,False
SEB,2025-08-25,8.2,BULLISH,NO_DATA,BEARISH,NEUTRAL,ESS_BULLISH_ANALYST_MAJORITY_BEARISH,True,-0.015249,-0.094732,0.005884,LOSER,False
SEIC,2025-08-25,8.8,BULLISH,BULLISH,NO_DATA,NEUTRAL,ESS_BULLISH_ANALYST_MIXED,False,-0.040834,-0.086132,0.005884,LOSER,False
SEM,2025-08-25,8.8,BULLISH,NEUTRAL,BEARISH,NEUTRAL,ESS_BULLISH_ANALYST_SKEPTICAL,True,-0.038695,0.084219,0.005884,LOSER,False
SF,2025-08-25,9.1,BULLISH,BULLISH,NO_DATA,NEUTRAL,ESS_BULLISH_ANALYST_MIXED,False,-0.020584,0.028421,0.005884,LOSER,False
SFNC,2025-08-25,7.4,BULLISH,BULLISH,NO_DATA,NEUTRAL,ESS_BULLISH_ANALYST_MIXED,False,-0.036114,-0.122982,0.005884,LOSER,False
SHBI,2025-08-25,9.6,BULLISH,BULLISH,NO_DATA,NEUTRAL,ESS_BULLISH_ANALYST_MIXED,False,0.016158,-0.057451,0.005884,NEUTRAL,False
SHG,2025-08-25,8.9,BULLISH,BULLISH,NO_DATA,NEUTRAL,ESS_BULLISH_ANALYST_MIXED,False,,,0.005884,NO_DATA,
SIGA,2025-08-25,9.5,BULLISH,NEUTRAL,NO_DATA,NEUTRAL,ESS_BULLISH_ANALYST_SKEPTICAL,False,,,0.005884,NO_DATA,
SJM,2025-08-25,8.3,BULLISH,NEUTRAL,BULLISH,NEUTRAL,ESS_BULLISH_ANALYST_MIXED,False,-0.011026,-0.084357,0.005884,NEUTRAL,False
SKYW,2025-08-25,9.0,BULLISH,BULLISH,BULLISH,NEUTRAL,ESS_BULLISH_ANALYST_MIXED,False,-0.152167,-0.173258,0.005884,LOSER,False
SLF,2025-08-25,8.1,BULLISH,NEUTRAL,NO_DATA,NEUTRAL,ESS_BULLISH_ANALYST_SKEPTICAL,False,0.016015,0.057172,0.005884,NEUTRAL,False
SLQT,2025-08-25,8.7,BULLISH,NEUTRAL,NO_DATA,NEUTRAL,ESS_BULLISH_ANALYST_SKEPTICAL,False,-0.18254,-0.18254,0.005884,LOSER,False
SMFG,2025-08-25,7.3,BULLISH,NEUTRAL,NO_DATA,NEUTRAL,ESS_BULLISH_ANALYST_SKEPTICAL,False,0.013174,-0.04012,0.005884,NEUTRAL,False
SMID,2025-08-25,7.6,BULLISH,NO_DATA,BULLISH,NEUTRAL,ESS_BULLISH_ANALYST_MIXED,False,-0.12818,-0.029561,0.005884,LOSER,False
SMLR,2025-08-25,9.1,BULLISH,NO_DATA,NEUTRAL,NEUTRAL,ESS_BULLISH_ANALYST_SKEPTICAL,False,,,0.005884,NO_DATA,
SNA,2025-08-25,7.8,BULLISH,NEUTRAL,BULLISH,NEUTRAL,ESS_BULLISH_ANALYST_MIXED,False,0.03198,0.045539,0.005884,WINNER,True
SNCY,2025-08-25,8.0,BULLISH,NEUTRAL,NO_DATA,NO_DATA,ESS_BULLISH_ANALYST_SKEPTICAL,False,-0.008032,-0.075502,0.005884,NEUTRAL,False
SNDK,2025-08-25,9.6,BULLISH,NEUTRAL,NO_DATA,NO_DATA,ESS_BULLISH_ANALYST_SKEPTICAL,False,1.134032,2.979479,0.005884,WINNER,True
SNDR,2025-08-25,8.4,BULLISH,NEUTRAL,BULLISH,NEUTRAL,ESS_BULLISH_ANALYST_MIXED,False,-0.126406,-0.073804,0.005884,LOSER,False
SNEX,2025-08-25,9.8,BULLISH,BULLISH,NO_DATA,NEUTRAL,ESS_BULLISH_ANALYST_MIXED,False,-0.030708,0.020098,0.005884,LOSER,False
SNX,2025-08-25,8.5,BULLISH,NEUTRAL,BULLISH,NEUTRAL,ESS_BULLISH_ANALYST_MIXED,False,0.011437,0.045487,0.005884,NEUTRAL,False
SNY,2025-08-25,9.1,BULLISH,NEUTRAL,NO_DATA,NEUTRAL,ESS_BULLISH_ANALYST_SKEPTICAL,False,-0.074407,0.030122,0.005884,LOSER,False
SONY,2025-08-25,8.4,BULLISH,NEUTRAL,NO_DATA,NO_DATA,ESS_BULLISH_ANALYST_SKEPTICAL,False,,,0.005884,NO_DATA,
SPFI,2025-08-25,8.8,BULLISH,BULLISH,NO_DATA,NEUTRAL,ESS_BULLISH_ANALYST_MIXED,False,-0.047327,-0.05591,0.005884,LOSER,False
SPNS,2025-08-25,8.8,BULLISH,NEUTRAL,BULLISH,NEUTRAL,ESS_BULLISH_ANALYST_MIXED,False,,,0.005884,NO_DATA,
SPOK,2025-08-25,8.3,BULLISH,NEUTRAL,NEUTRAL,BULLISH,ESS_BULLISH_ANALYST_MIXED,False,-0.012394,-0.088451,0.005884,NEUTRAL,False
SPTN,2025-08-25,9.1,BULLISH,NEUTRAL,NEUTRAL,BULLISH,ESS_BULLISH_ANALYST_MIXED,False,,,0.005884,NO_DATA,
SRCE,2025-08-25,9.6,BULLISH,BULLISH,NO_DATA,NEUTRAL,ESS_BULLISH_ANALYST_MIXED,False,-0.017266,-0.042223,0.005884,LOSER,False
SRI,2025-08-25,7.6,BULLISH,NEUTRAL,BULLISH,NEUTRAL,ESS_BULLISH_ANALYST_MIXED,False,-0.057512,-0.132629,0.005884,LOSER,False
SSRM,2025-08-25,7.2,BULLISH,BULLISH,BEARISH,NEUTRAL,ESS_BULLISH_ANALYST_MIXED,True,0.302511,0.305936,0.005884,WINNER,True
SSYS,2025-08-25,8.5,BULLISH,NEUTRAL,NEUTRAL,NEUTRAL,ESS_BULLISH_ANALYST_SKEPTICAL,False,0.067766,0.097985,0.005884,WINNER,True
STNE,2025-08-25,8.6,BULLISH,BULLISH,NO_DATA,NEUTRAL,ESS_BULLISH_ANALYST_MIXED,False,0.21725,0.232166,0.005884,WINNER,True
STNG,2025-08-25,8.7,BULLISH,NEUTRAL,NO_DATA,NEUTRAL,ESS_BULLISH_ANALYST_SKEPTICAL,False,0.192853,0.239885,0.005884,WINNER,True
STOK,2025-08-25,8.9,BULLISH,NEUTRAL,NO_DATA,NEUTRAL,ESS_BULLISH_ANALYST_SKEPTICAL,False,0.210917,0.710652,0.005884,WINNER,True
STRA,2025-08-25,8.6,BULLISH,NEUTRAL,BULLISH,NEUTRAL,ESS_BULLISH_ANALYST_MIXED,False,0.028454,0.034239,0.005884,WINNER,True
STRL,2025-08-25,8.8,BULLISH,NEUTRAL,NEUTRAL,BULLISH,ESS_BULLISH_ANALYST_MIXED,False,0.200915,0.323188,0.005884,WINNER,True
STRT,2025-08-25,9.3,BULLISH,BEARISH,BULLISH,NEUTRAL,ESS_BULLISH_ANALYST_MIXED,True,0.0947,0.091198,0.005884,WINNER,True
STT,2025-08-25,9.0,BULLISH,NEUTRAL,NO_DATA,NEUTRAL,ESS_BULLISH_ANALYST_SKEPTICAL,False,-0.01697,0.0179,0.005884,LOSER,False
SU,2025-08-25,9.0,BULLISH,NEUTRAL,NEUTRAL,NEUTRAL,ESS_BULLISH_ANALYST_SKEPTICAL,False,0.050533,-0.013376,0.005884,WINNER,True
SUNS,2025-08-25,7.3,BULLISH,NEUTRAL,NO_DATA,NEUTRAL,ESS_BULLISH_ANALYST_SKEPTICAL,False,-0.0055,-0.053918,0.005884,NEUTRAL,False
SWX,2025-08-25,7.4,BULLISH,NEUTRAL,BEARISH,NEUTRAL,ESS_BULLISH_ANALYST_SKEPTICAL,True,0.034694,0.069388,0.005884,WINNER,True
SXT,2025-08-25,8.0,BULLISH,NO_DATA,BULLISH,NEUTRAL,ESS_BULLISH_ANALYST_MIXED,False,-0.123663,-0.145054,0.005884,LOSER,False
SYBX,2025-08-25,7.6,BULLISH,NEUTRAL,NEUTRAL,NEUTRAL,ESS_BULLISH_ANALYST_SKEPTICAL,False,,,0.005884,NO_DATA,
SYF,2025-08-25,9.1,BULLISH,NEUTRAL,NO_DATA,NEUTRAL,ESS_BULLISH_ANALYST_SKEPTICAL,False,0.008514,0.011351,0.005884,NEUTRAL,False
SYY,2025-08-25,8.0,BULLISH,NEUTRAL,BULLISH,NO_DATA,ESS_BULLISH_ANALYST_MIXED,False,0.031388,-0.018595,0.005884,WINNER,True
TAC,2025-08-25,8.4,BULLISH,BULLISH,BEARISH,NEUTRAL,ESS_BULLISH_ANALYST_MIXED,True,0.125907,0.425544,0.005884,WINNER,True
TBBK,2025-08-25,9.9,BULLISH,NEUTRAL,NO_DATA,BULLISH,ESS_BULLISH_ANALYST_MIXED,False,0.038285,0.061472,0.005884,WINNER,True
TBPH,2025-08-25,8.9,BULLISH,BULLISH,BEARISH,BULLISH,ESS_BULLISH_ANALYST_MIXED,True,0.018485,0.035158,0.005884,NEUTRAL,False
TBRG,2025-08-25,9.5,BULLISH,NEUTRAL,BEARISH,NO_DATA,ESS_BULLISH_ANALYST_MAJORITY_BEARISH,True,0.086563,-0.004026,0.005884,WINNER,True
TCMD,2025-08-25,8.8,BULLISH,NEUTRAL,NEUTRAL,NEUTRAL,ESS_BULLISH_ANALYST_SKEPTICAL,False,0.072308,0.161538,0.005884,WINNER,True
TCOM,2025-08-25,8.3,BULLISH,NEUTRAL,NO_DATA,NEUTRAL,ESS_BULLISH_ANALYST_SKEPTICAL,False,0.16108,0.10405,0.005884,WINNER,True
TD,2025-08-25,7.5,BULLISH,NEUTRAL,NO_DATA,NEUTRAL,ESS_BULLISH_ANALYST_SKEPTICAL,False,0.059246,0.098156,0.005884,WINNER,True
TDG,2025-08-25,7.1,BULLISH,NEUTRAL,BULLISH,NEUTRAL,ESS_BULLISH_ANALYST_MIXED,False,-0.000425,0.045171,0.005884,NEUTRAL,False
TEL,2025-08-25,9.7,BULLISH,BULLISH,BULLISH,NEUTRAL,ESS_BULLISH_ANALYST_MIXED,False,0.050846,0.148784,0.005884,WINNER,True
TEN,2025-08-25,8.8,BULLISH,BULLISH,BEARISH,NEUTRAL,ESS_BULLISH_ANALYST_MIXED,True,,,0.005884,NO_DATA,
TEO,2025-08-25,9.7,BULLISH,NEUTRAL,NO_DATA,NEUTRAL,ESS_BULLISH_ANALYST_SKEPTICAL,False,-0.126437,-0.089655,0.005884,LOSER,False
TFC,2025-08-25,7.5,BULLISH,NEUTRAL,NO_DATA,NEUTRAL,ESS_BULLISH_ANALYST_SKEPTICAL,False,0.003499,-0.033676,0.005884,NEUTRAL,False
TFX,2025-08-25,8.3,BULLISH,BULLISH,NEUTRAL,NEUTRAL,ESS_BULLISH_ANALYST_MIXED,False,-0.033399,0.034183,0.005884,LOSER,False
TG,2025-08-25,9.3,BULLISH,NO_DATA,NEUTRAL,NEUTRAL,ESS_BULLISH_ANALYST_SKEPTICAL,False,0.032342,-0.032342,0.005884,WINNER,True
TGS,2025-08-25,8.7,BULLISH,NEUTRAL,NO_DATA,NEUTRAL,ESS_BULLISH_ANALYST_SKEPTICAL,False,-0.114002,-0.140015,0.005884,LOSER,False
THC,2025-08-25,9.7,BULLISH,BULLISH,BULLISH,NEUTRAL,ESS_BULLISH_ANALYST_MIXED,False,0.090995,0.167286,0.005884,WINNER,True
THFF,2025-08-25,8.7,BULLISH,NEUTRAL,NO_DATA,NEUTRAL,ESS_BULLISH_ANALYST_SKEPTICAL,False,-0.00207,-0.037368,0.005884,NEUTRAL,False
THG,2025-08-25,9.3,BULLISH,NEUTRAL,NO_DATA,NEUTRAL,ESS_BULLISH_ANALYST_SKEPTICAL,False,0.016224,0.014251,0.005884,NEUTRAL,False
THR,2025-08-25,7.7,BULLISH,NEUTRAL,NEUTRAL,NEUTRAL,ESS_BULLISH_ANALYST_SKEPTICAL,False,0.044862,0.076304,0.005884,WINNER,True
THRM,2025-08-25,7.8,BULLISH,NEUTRAL,BULLISH,NEUTRAL,ESS_BULLISH_ANALYST_MIXED,False,-0.049238,0.01469,0.005884,LOSER,False
TILE,2025-08-25,9.8,BULLISH,BULLISH,NEUTRAL,BULLISH,ESS_BULLISH_ANALYST_MIXED,False,0.075017,0.054762,0.005884,WINNER,True
TK,2025-08-25,9.3,BULLISH,NO_DATA,BEARISH,NEUTRAL,ESS_BULLISH_ANALYST_MAJORITY_BEARISH,True,0.083437,0.13325,0.005884,WINNER,True
TNC,2025-08-25,7.6,BULLISH,NEUTRAL,BULLISH,NEUTRAL,ESS_BULLISH_ANALYST_MIXED,False,-0.020479,-0.012987,0.005884,LOSER,False
TNL,2025-08-25,8.8,BULLISH,NEUTRAL,NO_DATA,NO_DATA,ESS_BULLISH_ANALYST_SKEPTICAL,False,-0.01774,0.060509,0.005884,LOSER,False
TOL,2025-08-25,7.4,BULLISH,NEUTRAL,BULLISH,NEUTRAL,ESS_BULLISH_ANALYST_MIXED,False,-0.010172,-0.003042,0.005884,NEUTRAL,False
TPC,2025-08-25,7.7,BULLISH,BULLISH,NEUTRAL,BULLISH,ESS_BULLISH_ANALYST_MIXED,False,0.106972,0.17635,0.005884,WINNER,True
TPH,2025-08-25,7.2,BULLISH,NEUTRAL,NEUTRAL,NEUTRAL,ESS_BULLISH_ANALYST_SKEPTICAL,False,-0.054137,-0.070687,0.005884,LOSER,False
TREE,2025-08-25,9.4,BULLISH,BULLISH,NO_DATA,BULLISH,ESS_BULLISH_ANALYST_FULL_AGREE,False,-0.010169,-0.099685,0.005884,NEUTRAL,False
TRMK,2025-08-25,9.6,BULLISH,BULLISH,NO_DATA,NEUTRAL,ESS_BULLISH_ANALYST_MIXED,False,0.011722,-0.029127,0.005884,NEUTRAL,False
TROW,2025-08-25,9.4,BULLISH,BULLISH,NO_DATA,NEUTRAL,ESS_BULLISH_ANALYST_MIXED,False,-0.025601,-0.024659,0.005884,LOSER,False
TRST,2025-08-25,7.2,BULLISH,NO_DATA,NO_DATA,NEUTRAL,ESS_BULLISH_ANALYST_SKEPTICAL,False,0.019506,0.000395,0.005884,NEUTRAL,False
TRV,2025-08-25,8.1,BULLISH,NEUTRAL,NO_DATA,NEUTRAL,ESS_BULLISH_ANALYST_SKEPTICAL,False,0.019964,-0.004995,0.005884,NEUTRAL,False
TSLA,2025-08-25,0.3,BEARISH,NEUTRAL,BEARISH,NEUTRAL,ESS_BEARISH_ANALYST_MIXED,False,0.277525,0.251356,0.005884,WINNER,False
TSM,2025-08-25,9.1,BULLISH,NEUTRAL,NO_DATA,NEUTRAL,ESS_BULLISH_ANALYST_SKEPTICAL,False,0.195278,0.255955,0.005884,WINNER,True
TT,2025-08-25,7.5,BULLISH,NEUTRAL,BULLISH,NEUTRAL,ESS_BULLISH_ANALYST_MIXED,False,-0.034837,0.017185,0.005884,LOSER,False
TTC,2025-08-25,9.6,BULLISH,NEUTRAL,NEUTRAL,BULLISH,ESS_BULLISH_ANALYST_MIXED,False,-0.072547,-0.090722,0.005884,LOSER,False
TTE,2025-08-25,7.4,BULLISH,NEUTRAL,NO_DATA,NO_DATA,ESS_BULLISH_ANALYST_SKEPTICAL,False,,,0.005884,NO_DATA,
TTI,2025-08-25,7.3,BULLISH,NEUTRAL,BULLISH,NO_DATA,ESS_BULLISH_ANALYST_MIXED,False,0.267261,0.746103,0.005884,WINNER,True
TTMI,2025-08-25,9.6,BULLISH,BULLISH,BULLISH,NEUTRAL,ESS_BULLISH_ANALYST_MIXED,False,0.22817,0.332502,0.005884,WINNER,True
TU,2025-08-25,7.7,BULLISH,NEUTRAL,NEUTRAL,NEUTRAL,ESS_BULLISH_ANALYST_SKEPTICAL,False,-0.042424,-0.087273,0.005884,LOSER,False
TV,2025-08-25,9.5,BULLISH,NEUTRAL,NO_DATA,NEUTRAL,ESS_BULLISH_ANALYST_SKEPTICAL,False,0.080321,-0.040161,0.005884,WINNER,True
TXG,2025-08-25,7.7,BULLISH,BULLISH,NO_DATA,NEUTRAL,ESS_BULLISH_ANALYST_MIXED,False,-0.142857,-0.021322,0.005884,LOSER,False
TZOO,2025-08-25,9.5,BULLISH,BEARISH,NEUTRAL,NO_DATA,ESS_BULLISH_ANALYST_MAJORITY_BEARISH,True,0.079463,0.042312,0.005884,WINNER,True
UAL,2025-08-25,9.3,BULLISH,NEUTRAL,NEUTRAL,BULLISH,ESS_BULLISH_ANALYST_MIXED,False,-0.009283,-0.029607,0.005884,NEUTRAL,False
UBER,2025-08-25,8.0,BULLISH,NEUTRAL,NEUTRAL,BULLISH,ESS_BULLISH_ANALYST_MIXED,False,0.027533,-0.011454,0.005884,WINNER,True
UFCS,2025-08-25,9.9,BULLISH,BULLISH,NO_DATA,BULLISH,ESS_BULLISH_ANALYST_FULL_AGREE,False,-0.004435,0.008114,0.005884,NEUTRAL,False
UHS,2025-08-25,9.6,BULLISH,NEUTRAL,BULLISH,NEUTRAL,ESS_BULLISH_ANALYST_MIXED,False,0.087232,0.14701,0.005884,WINNER,True
UI,2025-08-25,9.3,BULLISH,BULLISH,NO_DATA,NEUTRAL,ESS_BULLISH_ANALYST_MIXED,False,0.230123,0.417119,0.005884,WINNER,True
UNF,2025-08-25,9.1,BULLISH,NEUTRAL,BULLISH,NEUTRAL,ESS_BULLISH_ANALYST_MIXED,False,-0.051493,-0.081916,0.005884,LOSER,False
UNM,2025-08-25,8.4,BULLISH,NEUTRAL,NO_DATA,NEUTRAL,ESS_BULLISH_ANALYST_SKEPTICAL,False,0.110902,0.10672,0.005884,WINNER,True
UNP,2025-08-25,7.3,BULLISH,NEUTRAL,BULLISH,NEUTRAL,ESS_BULLISH_ANALYST_MIXED,False,0.037966,-0.023989,0.005884,WINNER,True
UNTY,2025-08-25,8.7,BULLISH,NEUTRAL,NO_DATA,NEUTRAL,ESS_BULLISH_ANALYST_SKEPTICAL,False,,,0.005884,NO_DATA,
UPBD,2025-08-25,9.3,BULLISH,NEUTRAL,NEUTRAL,NO_DATA,ESS_BULLISH_ANALYST_SKEPTICAL,False,-0.01309,-0.083624,0.005884,NEUTRAL,False
UPS,2025-08-25,7.1,BULLISH,NEUTRAL,BULLISH,NEUTRAL,ESS_BULLISH_ANALYST_MIXED,False,-0.043766,-0.005926,0.005884,LOSER,False
UPWK,2025-08-25,7.4,BULLISH,NEUTRAL,NO_DATA,NEUTRAL,ESS_BULLISH_ANALYST_SKEPTICAL,False,0.336016,0.073105,0.005884,WINNER,True
URI,2025-08-25,7.1,BULLISH,NEUTRAL,BULLISH,NEUTRAL,ESS_BULLISH_ANALYST_MIXED,False,-0.003949,-0.027845,0.005884,NEUTRAL,False
USFD,2025-08-25,9.0,BULLISH,NEUTRAL,BULLISH,NEUTRAL,ESS_BULLISH_ANALYST_MIXED,False,-0.004258,-0.041419,0.005884,NEUTRAL,False
UTHR,2025-08-25,7.8,BULLISH,NEUTRAL,BULLISH,NEUTRAL,ESS_BULLISH_ANALYST_MIXED,False,0.436735,0.370686,0.005884,WINNER,True
UTMD,2025-08-25,9.4,BULLISH,NO_DATA,BULLISH,NEUTRAL,ESS_BULLISH_ANALYST_MIXED,False,,,0.005884,NO_DATA,
UVE,2025-08-25,7.3,BULLISH,NEUTRAL,NO_DATA,NEUTRAL,ESS_BULLISH_ANALYST_SKEPTICAL,False,0.032773,0.312987,0.005884,WINNER,True
UVSP,2025-08-25,8.7,BULLISH,NEUTRAL,NO_DATA,NEUTRAL,ESS_BULLISH_ANALYST_SKEPTICAL,False,,,0.005884,NO_DATA,
UVV,2025-08-25,9.4,BULLISH,NEUTRAL,BEARISH,NEUTRAL,ESS_BULLISH_ANALYST_SKEPTICAL,True,-0.018611,-0.029531,0.005884,LOSER,False
VALE,2025-08-25,7.7,BULLISH,NEUTRAL,NO_DATA,NEUTRAL,ESS_BULLISH_ANALYST_SKEPTICAL,False,0.064897,0.121927,0.005884,WINNER,True
VC,2025-08-25,9.9,BULLISH,BULLISH,NO_DATA,BULLISH,ESS_BULLISH_ANALYST_FULL_AGREE,False,-0.041779,-0.145235,0.005884,LOSER,False
VICI,2025-08-25,7.6,BULLISH,NEUTRAL,NO_DATA,NEUTRAL,ESS_BULLISH_ANALYST_SKEPTICAL,False,-0.034736,-0.055924,0.005884,LOSER,False
VIPS,2025-08-25,8.0,BULLISH,BULLISH,NO_DATA,NEUTRAL,ESS_BULLISH_ANALYST_MIXED,False,,,0.005884,NO_DATA,
VIRC,2025-08-25,7.5,BULLISH,NEUTRAL,BEARISH,NEUTRAL,ESS_BULLISH_ANALYST_SKEPTICAL,True,,,0.005884,NO_DATA,
VIRT,2025-08-25,7.9,BULLISH,BULLISH,NO_DATA,NEUTRAL,ESS_BULLISH_ANALYST_MIXED,False,-0.163938,-0.204033,0.005884,LOSER,False
VLGEA,2025-08-25,9.3,BULLISH,NO_DATA,BULLISH,NEUTRAL,ESS_BULLISH_ANALYST_MIXED,False,,,0.005884,NO_DATA,
VMI,2025-08-25,9.4,BULLISH,NEUTRAL,BULLISH,BULLISH,ESS_BULLISH_ANALYST_MIXED,False,-0.014581,0.120424,0.005884,LOSER,False
VOYA,2025-08-25,9.5,BULLISH,NEUTRAL,NO_DATA,BULLISH,ESS_BULLISH_ANALYST_MIXED,False,0.002651,-0.025056,0.005884,NEUTRAL,False
VPG,2025-08-25,9.7,BULLISH,BULLISH,BULLISH,NO_DATA,ESS_BULLISH_ANALYST_FULL_AGREE,False,0.140895,0.285312,0.005884,WINNER,True
VREX,2025-08-25,8.8,BULLISH,NEUTRAL,NEUTRAL,NEUTRAL,ESS_BULLISH_ANALYST_SKEPTICAL,False,0.075439,0.051754,0.005884,WINNER,True
VRTS,2025-08-25,9.6,BULLISH,NEUTRAL,NO_DATA,NEUTRAL,ESS_BULLISH_ANALYST_SKEPTICAL,False,-0.042156,-0.161011,0.005884,LOSER,False
VTRS,2025-08-25,9.3,BULLISH,NEUTRAL,NEUTRAL,NO_DATA,ESS_BULLISH_ANALYST_SKEPTICAL,False,-0.079621,-0.018957,0.005884,LOSER,False
VVX,2025-08-25,8.2,BULLISH,NEUTRAL,NEUTRAL,NO_DATA,ESS_BULLISH_ANALYST_SKEPTICAL,False,-0.033397,0.061775,0.005884,LOSER,False
VZ,2025-08-25,7.2,BULLISH,NEUTRAL,BULLISH,NEUTRAL,ESS_BULLISH_ANALYST_MIXED,False,-0.023739,-0.107228,0.005884,LOSER,False
WAB,2025-08-25,7.1,BULLISH,NEUTRAL,BULLISH,NEUTRAL,ESS_BULLISH_ANALYST_MIXED,False,-0.005173,0.022348,0.005884,NEUTRAL,False
WABC,2025-08-25,7.2,BULLISH,NO_DATA,NO_DATA,NEUTRAL,ESS_BULLISH_ANALYST_SKEPTICAL,False,,,0.005884,NO_DATA,
WBA,2025-08-25,7.8,BULLISH,NEUTRAL,NEUTRAL,NEUTRAL,ESS_BULLISH_ANALYST_SKEPTICAL,False,,,0.005884,NO_DATA,
WBD,2025-08-25,9.5,BULLISH,NEUTRAL,NEUTRAL,NO_DATA,ESS_BULLISH_ANALYST_SKEPTICAL,False,0.646179,0.756644,0.005884,WINNER,True
WCC,2025-08-25,7.9,BULLISH,NEUTRAL,BULLISH,NEUTRAL,ESS_BULLISH_ANALYST_MIXED,False,-0.072841,0.006795,0.005884,LOSER,False
WDC,2025-08-25,8.6,BULLISH,BULLISH,NEUTRAL,NEUTRAL,ESS_BULLISH_ANALYST_MIXED,False,0.386237,0.635706,0.005884,WINNER,True
WEC,2025-08-25,8.1,BULLISH,NEUTRAL,BEARISH,NEUTRAL,ESS_BULLISH_ANALYST_SKEPTICAL,True,0.047307,0.082928,0.005884,WINNER,True
WEX,2025-08-25,8.2,BULLISH,BULLISH,NEUTRAL,NEUTRAL,ESS_BULLISH_ANALYST_MIXED,False,-0.055084,-0.064099,0.005884,LOSER,False
WEYS,2025-08-25,9.0,BULLISH,NO_DATA,NEUTRAL,NEUTRAL,ESS_BULLISH_ANALYST_SKEPTICAL,False,,,0.005884,NO_DATA,
WH,2025-08-25,7.4,BULLISH,NEUTRAL,NO_DATA,NEUTRAL,ESS_BULLISH_ANALYST_SKEPTICAL,False,-0.053319,-0.141302,0.005884,LOSER,False
WINA,2025-08-25,9.5,BULLISH,NO_DATA,NEUTRAL,BULLISH,ESS_BULLISH_ANALYST_MIXED,False,0.071213,-0.098601,0.005884,WINNER,True
WLDN,2025-08-25,8.5,BULLISH,BULLISH,NEUTRAL,BULLISH,ESS_BULLISH_ANALYST_MIXED,False,-0.167615,-0.117348,0.005884,LOSER,False
WMK,2025-08-25,7.5,BULLISH,NO_DATA,NEUTRAL,NEUTRAL,ESS_BULLISH_ANALYST_SKEPTICAL,False,,,0.005884,NO_DATA,
WNS,2025-08-25,7.2,BULLISH,NEUTRAL,NO_DATA,NEUTRAL,ESS_BULLISH_ANALYST_SKEPTICAL,False,,,0.005884,NO_DATA,
WRLD,2025-08-25,8.7,BULLISH,BEARISH,NO_DATA,BULLISH,ESS_BULLISH_ANALYST_MAJORITY_BEARISH,True,,,0.005884,NO_DATA,
WTS,2025-08-25,9.7,BULLISH,BULLISH,BULLISH,BULLISH,ESS_BULLISH_ANALYST_FULL_AGREE,False,-0.016874,-0.006963,0.005884,LOSER,False
XHR,2025-08-25,8.1,BULLISH,NEUTRAL,NO_DATA,NEUTRAL,ESS_BULLISH_ANALYST_SKEPTICAL,False,,,0.005884,NO_DATA,
XP,2025-08-25,8.9,BULLISH,BULLISH,NO_DATA,NO_DATA,ESS_BULLISH_ANALYST_FULL_AGREE,False,0.148923,0.050837,0.005884,WINNER,True
XRAY,2025-08-25,8.7,BULLISH,NEUTRAL,BULLISH,NEUTRAL,ESS_BULLISH_ANALYST_MIXED,False,-0.10625,-0.077653,0.005884,LOSER,False
YETI,2025-08-25,8.3,BULLISH,NEUTRAL,NO_DATA,NEUTRAL,ESS_BULLISH_ANALYST_SKEPTICAL,False,-0.020558,0.002535,0.005884,LOSER,False
ZBRA,2025-08-25,7.6,BULLISH,NEUTRAL,BULLISH,NEUTRAL,ESS_BULLISH_ANALYST_MIXED,False,-0.034642,-0.033578,0.005884,LOSER,False
ZD,2025-08-25,7.9,BULLISH,NEUTRAL,BULLISH,NO_DATA,ESS_BULLISH_ANALYST_MIXED,False,-0.038289,-0.004489,0.005884,LOSER,False
ZEUS,2025-08-25,8.4,BULLISH,NO_DATA,BULLISH,NEUTRAL,ESS_BULLISH_ANALYST_MIXED,False,,,0.005884,NO_DATA,
ZM,2025-08-25,8.6,BULLISH,NEUTRAL,NO_DATA,NEUTRAL,ESS_BULLISH_ANALYST_SKEPTICAL,False,0.020406,0.036017,0.005884,NEUTRAL,False
ZTO,2025-08-25,8.2,BULLISH,BEARISH,NO_DATA,NEUTRAL,ESS_BULLISH_ANALYST_MAJORITY_BEARISH,True,-0.000528,0.014255,0.005884,NEUTRAL,False
AA,2025-10-19,8.8,BULLISH,NEUTRAL,BEARISH,NEUTRAL,ESS_BULLISH_ANALYST_SKEPTICAL,True,-0.05933,0.239986,-0.030213,LOSER,False
AAMI,2025-10-19,9.1,BULLISH,NEUTRAL,NO_DATA,NO_DATA,ESS_BULLISH_ANALYST_SKEPTICAL,False,-0.103849,0.008242,-0.030213,LOSER,False
AAT,2025-10-19,7.5,BULLISH,NEUTRAL,NO_DATA,NEUTRAL,ESS_BULLISH_ANALYST_SKEPTICAL,False,-0.037245,-0.012891,-0.030213,NEUTRAL,False
ABBV,2025-10-19,8.2,BULLISH,NEUTRAL,NEUTRAL,BULLISH,ESS_BULLISH_ANALYST_MIXED,False,0.0078,-0.039817,-0.030213,WINNER,True
ABCB,2025-10-19,8.2,BULLISH,NEUTRAL,NO_DATA,NEUTRAL,ESS_BULLISH_ANALYST_SKEPTICAL,False,-0.012536,0.073013,-0.030213,NEUTRAL,False
ABEO,2025-10-19,7.2,BULLISH,NEUTRAL,NEUTRAL,NEUTRAL,ESS_BULLISH_ANALYST_SKEPTICAL,False,-0.185455,-0.105455,-0.030213,LOSER,False
ABEV,2025-10-19,8.9,BULLISH,NEUTRAL,NO_DATA,NEUTRAL,ESS_BULLISH_ANALYST_SKEPTICAL,False,0.114537,0.092511,-0.030213,WINNER,True
ABG,2025-10-19,8.2,BULLISH,BULLISH,NEUTRAL,NEUTRAL,ESS_BULLISH_ANALYST_MIXED,False,-0.103998,-0.039614,-0.030213,LOSER,False
ABR,2025-10-19,7.9,BULLISH,NEUTRAL,NO_DATA,NEUTRAL,ESS_BULLISH_ANALYST_SKEPTICAL,False,-0.257453,-0.298367,-0.030213,LOSER,False
ACA,2025-10-19,8.8,BULLISH,NEUTRAL,NO_DATA,NEUTRAL,ESS_BULLISH_ANALYST_SKEPTICAL,False,0.051356,0.171044,-0.030213,WINNER,True
ACAD,2025-10-19,9.0,BULLISH,NEUTRAL,BEARISH,NEUTRAL,ESS_BULLISH_ANALYST_SKEPTICAL,True,0.136581,0.270296,-0.030213,WINNER,True
ACEL,2025-10-19,8.8,BULLISH,NEUTRAL,NO_DATA,NEUTRAL,ESS_BULLISH_ANALYST_SKEPTICAL,False,-0.057748,0.06641,-0.030213,LOSER,False
ACM,2025-10-19,9.4,BULLISH,NEUTRAL,BULLISH,BULLISH,ESS_BULLISH_ANALYST_MIXED,False,-0.048709,-0.271904,-0.030213,NEUTRAL,False
ACN,2025-10-19,8.6,BULLISH,NEUTRAL,BULLISH,NEUTRAL,ESS_BULLISH_ANALYST_MIXED,False,-0.009001,0.114708,-0.030213,WINNER,True
ACRE,2025-10-19,7.5,BULLISH,NEUTRAL,NO_DATA,NEUTRAL,ESS_BULLISH_ANALYST_SKEPTICAL,False,0.060606,0.158009,-0.030213,WINNER,True
ACT,2025-10-19,9.2,BULLISH,NEUTRAL,NO_DATA,NO_DATA,ESS_BULLISH_ANALYST_SKEPTICAL,False,0.043916,0.142513,-0.030213,WINNER,True
ACU,2025-10-19,9.5,BULLISH,NEUTRAL,BULLISH,NEUTRAL,ESS_BULLISH_ANALYST_MIXED,False,-0.072562,0.097009,-0.030213,LOSER,False
ADBE,2025-10-19,8.8,BULLISH,NEUTRAL,BULLISH,NEUTRAL,ESS_BULLISH_ANALYST_MIXED,False,-0.055125,0.036139,-0.030213,LOSER,False
ADEA,2025-10-19,8.9,BULLISH,NEUTRAL,NEUTRAL,NO_DATA,ESS_BULLISH_ANALYST_SKEPTICAL,False,-0.264443,-0.222501,-0.030213,LOSER,False
ADM,2025-10-19,9.6,BULLISH,NEUTRAL,NEUTRAL,BULLISH,ESS_BULLISH_ANALYST_MIXED,False,-0.034183,-0.069611,-0.030213,NEUTRAL,False
ADMA,2025-10-19,8.9,BULLISH,NEUTRAL,NEUTRAL,NEUTRAL,ESS_BULLISH_ANALYST_SKEPTICAL,False,0.068074,0.280463,-0.030213,WINNER,True
ADNT,2025-10-19,7.2,BULLISH,NEUTRAL,BEARISH,NEUTRAL,ESS_BULLISH_ANALYST_SKEPTICAL,True,-0.186047,-0.166667,-0.030213,LOSER,False
ADT,2025-10-19,9.6,BULLISH,NEUTRAL,BULLISH,NEUTRAL,ESS_BULLISH_ANALYST_MIXED,False,-0.070012,-0.043681,-0.030213,LOSER,False
AEE,2025-10-19,8.2,BULLISH,NEUTRAL,NEUTRAL,NEUTRAL,ESS_BULLISH_ANALYST_SKEPTICAL,False,-0.007475,-0.054648,-0.030213,WINNER,True
AEM,2025-10-19,9.2,BULLISH,BULLISH,BULLISH,NEUTRAL,ESS_BULLISH_ANALYST_MIXED,False,-0.067283,-0.053235,-0.030213,LOSER,False
AEP,2025-10-19,8.6,BULLISH,NEUTRAL,NEUTRAL,NEUTRAL,ESS_BULLISH_ANALYST_SKEPTICAL,False,0.05656,-0.011277,-0.030213,WINNER,True
AER,2025-10-19,8.4,BULLISH,BULLISH,BEARISH,NEUTRAL,ESS_BULLISH_ANALYST_MIXED,True,0.09133,0.184395,-0.030213,WINNER,True
AES,2025-10-19,8.9,BULLISH,NEUTRAL,NEUTRAL,NEUTRAL,ESS_BULLISH_ANALYST_SKEPTICAL,False,-0.035109,-0.037922,-0.030213,NEUTRAL,False
AFG,2025-10-19,7.5,BULLISH,NEUTRAL,NO_DATA,NEUTRAL,ESS_BULLISH_ANALYST_SKEPTICAL,False,0.075373,0.07149,-0.030213,WINNER,True
AGX,2025-10-19,7.2,BULLISH,BULLISH,BEARISH,NEUTRAL,ESS_BULLISH_ANALYST_MIXED,True,0.188564,0.083431,-0.030213,WINNER,True
AGYS,2025-10-19,7.3,BULLISH,NEUTRAL,BEARISH,NEUTRAL,ESS_BULLISH_ANALYST_SKEPTICAL,True,0.111934,0.101372,-0.030213,WINNER,True
AIG,2025-10-19,7.5,BULLISH,NEUTRAL,NO_DATA,NEUTRAL,ESS_BULLISH_ANALYST_SKEPTICAL,False,-0.00798,0.115224,-0.030213,WINNER,True
AIR,2025-10-19,9.6,BULLISH,BULLISH,NEUTRAL,NEUTRAL,ESS_BULLISH_ANALYST_MIXED,False,-0.074506,-0.02547,-0.030213,LOSER,False
AIT,2025-10-19,7.5,BULLISH,NEUTRAL,BULLISH,NEUTRAL,ESS_BULLISH_ANALYST_MIXED,False,-0.026102,0.041618,-0.030213,NEUTRAL,False
AIZ,2025-10-19,8.7,BULLISH,BULLISH,NO_DATA,NEUTRAL,ESS_BULLISH_ANALYST_MIXED,False,0.080325,0.142489,-0.030213,WINNER,True
AKAM,2025-10-19,8.0,BULLISH,NEUTRAL,BULLISH,NEUTRAL,ESS_BULLISH_ANALYST_MIXED,False,0.181683,0.191784,-0.030213,WINNER,True
AL,2025-10-19,7.7,BULLISH,NEUTRAL,BEARISH,NEUTRAL,ESS_BULLISH_ANALYST_SKEPTICAL,True,,,-0.030213,NO_DATA,
ALB,2025-10-19,9.5,BULLISH,BULLISH,BEARISH,NEUTRAL,ESS_BULLISH_ANALYST_MIXED,True,0.262638,0.465613,-0.030213,WINNER,True
ALG,2025-10-19,8.1,BULLISH,NEUTRAL,BULLISH,NEUTRAL,ESS_BULLISH_ANALYST_MIXED,False,-0.111372,-0.059315,-0.030213,LOSER,False
ALIT,2025-10-19,7.1,BULLISH,NEUTRAL,NO_DATA,NO_DATA,ESS_BULLISH_ANALYST_SKEPTICAL,False,-0.325581,-0.310317,-0.030213,LOSER,False
ALKS,2025-10-19,9.1,BULLISH,NEUTRAL,NEUTRAL,BULLISH,ESS_BULLISH_ANALYST_MIXED,False,-0.05552,-0.102324,-0.030213,LOSER,False
ALL,2025-10-19,9.8,BULLISH,NEUTRAL,NO_DATA,BULLISH,ESS_BULLISH_ANALYST_MIXED,False,0.083441,0.062473,-0.030213,WINNER,True
ALLE,2025-10-19,9.6,BULLISH,NEUTRAL,BULLISH,BULLISH,ESS_BULLISH_ANALYST_MIXED,False,-0.09496,-0.101422,-0.030213,LOSER,False
ALNT,2025-10-19,8.3,BULLISH,NEUTRAL,BULLISH,NO_DATA,ESS_BULLISH_ANALYST_MIXED,False,-0.014691,0.07194,-0.030213,NEUTRAL,False
ALRS,2025-10-19,7.2,BULLISH,NEUTRAL,NO_DATA,NEUTRAL,ESS_BULLISH_ANALYST_SKEPTICAL,False,-0.022284,0.072423,-0.030213,NEUTRAL,False
ALSN,2025-10-19,7.7,BULLISH,NEUTRAL,BULLISH,NEUTRAL,ESS_BULLISH_ANALYST_MIXED,False,-0.020644,0.224147,-0.030213,NEUTRAL,False
ALV,2025-10-19,7.8,BULLISH,NEUTRAL,NO_DATA,NEUTRAL,ESS_BULLISH_ANALYST_SKEPTICAL,False,-0.002804,0.020989,-0.030213,WINNER,True
AM,2025-10-19,7.3,BULLISH,NEUTRAL,NO_DATA,NEUTRAL,ESS_BULLISH_ANALYST_SKEPTICAL,False,-0.014554,-0.024485,-0.030213,NEUTRAL,False
AMBC,2025-10-19,7.6,BULLISH,NEUTRAL,NO_DATA,NEUTRAL,ESS_BULLISH_ANALYST_SKEPTICAL,False,,,-0.030213,NO_DATA,
AMCX,2025-10-19,9.8,BULLISH,BULLISH,NEUTRAL,NEUTRAL,ESS_BULLISH_ANALYST_MIXED,False,0.129167,0.3375,-0.030213,WINNER,True
AMD,2025-10-19,7.8,BULLISH,NEUTRAL,BEARISH,NEUTRAL,ESS_BULLISH_ANALYST_SKEPTICAL,True,-0.042692,-0.1642,-0.030213,NEUTRAL,False
AMG,2025-10-19,8.7,BULLISH,NEUTRAL,NO_DATA,NEUTRAL,ESS_BULLISH_ANALYST_SKEPTICAL,False,0.030315,0.130565,-0.030213,WINNER,True
AMGN,2025-10-19,9.0,BULLISH,NEUTRAL,NEUTRAL,NEUTRAL,ESS_BULLISH_ANALYST_SKEPTICAL,False,0.134045,0.077157,-0.030213,WINNER,True
AMPH,2025-10-19,7.1,BULLISH,BULLISH,NEUTRAL,NEUTRAL,ESS_BULLISH_ANALYST_MIXED,False,0.091445,0.11673,-0.030213,WINNER,True
AMRK,2025-10-19,9.7,BULLISH,BULLISH,NO_DATA,BULLISH,ESS_BULLISH_ANALYST_FULL_AGREE,False,,,-0.030213,NO_DATA,
AMRN,2025-10-19,8.6,BULLISH,NEUTRAL,NO_DATA,NEUTRAL,ESS_BULLISH_ANALYST_SKEPTICAL,False,-0.174815,-0.317037,-0.030213,LOSER,False
AMWD,2025-10-19,7.3,BULLISH,NO_DATA,NEUTRAL,NEUTRAL,ESS_BULLISH_ANALYST_SKEPTICAL,False,-0.269856,-0.135695,-0.030213,LOSER,False
ANET,2025-10-19,9.8,BULLISH,NEUTRAL,NEUTRAL,BULLISH,ESS_BULLISH_ANALYST_MIXED,False,-0.157223,-0.149235,-0.030213,LOSER,False
ANGI,2025-10-19,9.1,BULLISH,NEUTRAL,NEUTRAL,NEUTRAL,ESS_BULLISH_ANALYST_SKEPTICAL,False,-0.230159,-0.116883,-0.030213,LOSER,False
ANGO,2025-10-19,8.4,BULLISH,NEUTRAL,NEUTRAL,NEUTRAL,ESS_BULLISH_ANALYST_SKEPTICAL,False,0.005076,0.124366,-0.030213,WINNER,True
ANIK,2025-10-19,7.8,BULLISH,NEUTRAL,BEARISH,NEUTRAL,ESS_BULLISH_ANALYST_SKEPTICAL,True,0.002073,-0.010363,-0.030213,WINNER,True
ANIP,2025-10-19,8.6,BULLISH,BULLISH,NEUTRAL,NEUTRAL,ESS_BULLISH_ANALYST_MIXED,False,-0.147708,-0.129205,-0.030213,LOSER,False
AOS,2025-10-19,7.4,BULLISH,NEUTRAL,BULLISH,NEUTRAL,ESS_BULLISH_ANALYST_MIXED,False,-0.08718,-0.017905,-0.030213,LOSER,False
APA,2025-10-19,7.6,BULLISH,NEUTRAL,NEUTRAL,NO_DATA,ESS_BULLISH_ANALYST_SKEPTICAL,False,0.120453,0.070545,-0.030213,WINNER,True
APAM,2025-10-19,8.3,BULLISH,NEUTRAL,NO_DATA,NEUTRAL,ESS_BULLISH_ANALYST_SKEPTICAL,False,-0.034743,-0.026327,-0.030213,NEUTRAL,False
APEI,2025-10-19,9.9,BULLISH,NEUTRAL,NEUTRAL,BULLISH,ESS_BULLISH_ANALYST_MIXED,False,-0.109009,0.023721,-0.030213,LOSER,False
APH,2025-10-19,9.2,BULLISH,BULLISH,NEUTRAL,NEUTRAL,ESS_BULLISH_ANALYST_MIXED,False,0.037362,0.017153,-0.030213,WINNER,True
APOG,2025-10-19,9.2,BULLISH,NEUTRAL,NEUTRAL,NEUTRAL,ESS_BULLISH_ANALYST_SKEPTICAL,False,-0.100788,0.062009,-0.030213,LOSER,False
APPN,2025-10-19,7.1,BULLISH,BULLISH,BEARISH,NEUTRAL,ESS_BULLISH_ANALYST_MIXED,True,0.445395,0.262924,-0.030213,WINNER,True
APTV,2025-10-19,7.9,BULLISH,NEUTRAL,BULLISH,NO_DATA,ESS_BULLISH_ANALYST_MIXED,False,-0.091487,-0.069664,-0.030213,LOSER,False
ARAY,2025-10-19,7.8,BULLISH,NEUTRAL,BEARISH,NEUTRAL,ESS_BULLISH_ANALYST_SKEPTICAL,True,-0.426036,-0.473373,-0.030213,LOSER,False
ARCT,2025-10-19,9.5,BULLISH,BULLISH,NO_DATA,NEUTRAL,ESS_BULLISH_ANALYST_MIXED,False,-0.692236,-0.701069,-0.030213,LOSER,False
ARLO,2025-10-19,8.5,BULLISH,NEUTRAL,NO_DATA,NEUTRAL,ESS_BULLISH_ANALYST_SKEPTICAL,False,-0.259525,-0.230812,-0.030213,LOSER,False
ARR,2025-10-19,8.1,BULLISH,NEUTRAL,NO_DATA,NEUTRAL,ESS_BULLISH_ANALYST_SKEPTICAL,False,0.071922,0.123948,-0.030213,WINNER,True
ARVN,2025-10-19,8.6,BULLISH,NEUTRAL,NO_DATA,NEUTRAL,ESS_BULLISH_ANALYST_SKEPTICAL,False,0.33642,0.160494,-0.030213,WINNER,True
ARW,2025-10-19,8.7,BULLISH,BULLISH,NEUTRAL,NEUTRAL,ESS_BULLISH_ANALYST_MIXED,False,-0.155912,-0.108136,-0.030213,LOSER,False
ASC,2025-10-19,8.9,BULLISH,NEUTRAL,NEUTRAL,NEUTRAL,ESS_BULLISH_ANALYST_SKEPTICAL,False,0.146984,-0.078165,-0.030213,WINNER,True
ASH,2025-10-19,7.7,BULLISH,NEUTRAL,NEUTRAL,NO_DATA,ESS_BULLISH_ANALYST_SKEPTICAL,False,0.001803,0.196448,-0.030213,WINNER,True
ASIX,2025-10-19,8.4,BULLISH,NO_DATA,BULLISH,NEUTRAL,ESS_BULLISH_ANALYST_MIXED,False,-0.244096,-0.132031,-0.030213,LOSER,False
ASND,2025-10-19,7.1,BULLISH,NEUTRAL,NO_DATA,NEUTRAL,ESS_BULLISH_ANALYST_SKEPTICAL,False,0.058087,-0.026363,-0.030213,WINNER,True
ASTE,2025-10-19,9.0,BULLISH,NEUTRAL,NEUTRAL,NEUTRAL,ESS_BULLISH_ANALYST_SKEPTICAL,False,-0.127049,-0.018301,-0.030213,LOSER,False
ATEX,2025-10-19,9.5,BULLISH,NEUTRAL,NO_DATA,NEUTRAL,ESS_BULLISH_ANALYST_SKEPTICAL,False,0.045301,0.04241,-0.030213,WINNER,True
ATGE,2025-10-19,9.2,BULLISH,NEUTRAL,NO_DATA,BULLISH,ESS_BULLISH_ANALYST_MIXED,False,,,-0.030213,NO_DATA,
ATHM,2025-10-19,9.4,BULLISH,NEUTRAL,NO_DATA,NEUTRAL,ESS_BULLISH_ANALYST_SKEPTICAL,False,-0.138799,-0.164329,-0.030213,LOSER,False
ATKR,2025-10-19,8.4,BULLISH,NEUTRAL,BULLISH,NEUTRAL,ESS_BULLISH_ANALYST_MIXED,False,-0.013636,-0.026242,-0.030213,NEUTRAL,False
ATLC,2025-10-19,7.6,BULLISH,NEUTRAL,NO_DATA,NEUTRAL,ESS_BULLISH_ANALYST_SKEPTICAL,False,-0.043296,0.231217,-0.030213,NEUTRAL,False
ATNI,2025-10-19,8.1,BULLISH,BEARISH,NEUTRAL,NEUTRAL,ESS_BULLISH_ANALYST_SKEPTICAL,True,0.287525,0.526351,-0.030213,WINNER,True
ATO,2025-10-19,8.6,BULLISH,NEUTRAL,NEUTRAL,NEUTRAL,ESS_BULLISH_ANALYST_SKEPTICAL,False,-0.014178,-0.041337,-0.030213,NEUTRAL,False
ATRO,2025-10-19,7.5,BULLISH,NEUTRAL,NEUTRAL,NEUTRAL,ESS_BULLISH_ANALYST_SKEPTICAL,False,0.027772,0.076477,-0.030213,WINNER,True
AUDC,2025-10-19,7.6,BULLISH,NEUTRAL,BULLISH,NEUTRAL,ESS_BULLISH_ANALYST_MIXED,False,,,-0.030213,NO_DATA,
AVD,2025-10-19,9.7,BULLISH,NO_DATA,NEUTRAL,NEUTRAL,ESS_BULLISH_ANALYST_SKEPTICAL,False,-0.102467,-0.265655,-0.030213,LOSER,False
AVNS,2025-10-19,7.2,BULLISH,NEUTRAL,NO_DATA,NEUTRAL,ESS_BULLISH_ANALYST_SKEPTICAL,False,-0.044218,0.013605,-0.030213,NEUTRAL,False
AVTR,2025-10-19,7.4,BULLISH,BEARISH,NO_DATA,NEUTRAL,ESS_BULLISH_ANALYST_MAJORITY_BEARISH,True,-0.26614,-0.270751,-0.030213,LOSER,False
AWI,2025-10-19,10.0,BULLISH,BULLISH,NO_DATA,BULLISH,ESS_BULLISH_ANALYST_FULL_AGREE,False,-0.104368,-0.074099,-0.030213,LOSER,False
AWR,2025-10-19,8.2,BULLISH,NEUTRAL,NEUTRAL,NEUTRAL,ESS_BULLISH_ANALYST_SKEPTICAL,False,-0.054522,-0.033616,-0.030213,LOSER,False
AX,2025-10-19,8.3,BULLISH,NEUTRAL,NO_DATA,NEUTRAL,ESS_BULLISH_ANALYST_SKEPTICAL,False,-0.028768,0.124745,-0.030213,NEUTRAL,False
AXL,2025-10-19,7.3,BULLISH,NEUTRAL,NEUTRAL,NEUTRAL,ESS_BULLISH_ANALYST_SKEPTICAL,False,,,-0.030213,NO_DATA,
AXS,2025-10-19,7.4,BULLISH,NEUTRAL,NO_DATA,NO_DATA,ESS_BULLISH_ANALYST_SKEPTICAL,False,0.096729,0.170307,-0.030213,WINNER,True
AYI,2025-10-19,8.6,BULLISH,BULLISH,BULLISH,BULLISH,ESS_BULLISH_ANALYST_FULL_AGREE,False,-0.052476,-0.012433,-0.030213,LOSER,False
AZZ,2025-10-19,9.0,BULLISH,NEUTRAL,NEUTRAL,NEUTRAL,ESS_BULLISH_ANALYST_SKEPTICAL,False,0.00499,0.099195,-0.030213,WINNER,True
B,2025-10-19,8.6,BULLISH,NEUTRAL,NEUTRAL,NEUTRAL,ESS_BULLISH_ANALYST_SKEPTICAL,False,0.086669,0.26859,-0.030213,WINNER,True
BAP,2025-10-19,9.8,BULLISH,BULLISH,NO_DATA,NEUTRAL,ESS_BULLISH_ANALYST_MIXED,False,-0.007532,0.108175,-0.030213,WINNER,True
BBVA,2025-10-19,9.5,BULLISH,BULLISH,NO_DATA,NEUTRAL,ESS_BULLISH_ANALYST_MIXED,False,0.035069,0.157557,-0.030213,WINNER,True
BBW,2025-10-19,8.4,BULLISH,NEUTRAL,NEUTRAL,NEUTRAL,ESS_BULLISH_ANALYST_SKEPTICAL,False,-0.107859,-0.024546,-0.030213,LOSER,False
BCBP,2025-10-19,8.4,BULLISH,NEUTRAL,NO_DATA,NEUTRAL,ESS_BULLISH_ANALYST_SKEPTICAL,False,-0.043555,0.075526,-0.030213,NEUTRAL,False
BCML,2025-10-19,7.5,BULLISH,NEUTRAL,NO_DATA,NEUTRAL,ESS_BULLISH_ANALYST_SKEPTICAL,False,-0.021482,0.182579,-0.030213,NEUTRAL,False
BCRX,2025-10-19,8.3,BULLISH,BULLISH,BEARISH,NEUTRAL,ESS_BULLISH_ANALYST_MIXED,True,0.010101,0.051948,-0.030213,WINNER,True
BCS,2025-10-19,8.7,BULLISH,BULLISH,NO_DATA,NEUTRAL,ESS_BULLISH_ANALYST_MIXED,False,0.074923,0.263507,-0.030213,WINNER,True
BFH,2025-10-19,7.2,BULLISH,NEUTRAL,BEARISH,NO_DATA,ESS_BULLISH_ANALYST_MAJORITY_BEARISH,True,0.01383,0.300194,-0.030213,WINNER,True
BFST,2025-10-19,7.5,BULLISH,NEUTRAL,NO_DATA,NEUTRAL,ESS_BULLISH_ANALYST_SKEPTICAL,False,0.061548,0.219151,-0.030213,WINNER,True
BGC,2025-10-19,7.9,BULLISH,NEUTRAL,NO_DATA,NO_DATA,ESS_BULLISH_ANALYST_SKEPTICAL,False,-0.053203,-0.028109,-0.030213,LOSER,False
BGS,2025-10-19,7.6,BULLISH,NEUTRAL,BULLISH,NEUTRAL,ESS_BULLISH_ANALYST_MIXED,False,0.0,0.030769,-0.030213,WINNER,True
BGSF,2025-10-19,7.5,BULLISH,NEUTRAL,BULLISH,NEUTRAL,ESS_BULLISH_ANALYST_MIXED,False,,,-0.030213,NO_DATA,
BH,2025-10-19,8.6,BULLISH,NO_DATA,NEUTRAL,NEUTRAL,ESS_BULLISH_ANALYST_SKEPTICAL,False,-0.166563,-0.074544,-0.030213,LOSER,False
BHE,2025-10-19,7.2,BULLISH,NO_DATA,BULLISH,NEUTRAL,ESS_BULLISH_ANALYST_MIXED,False,-0.006313,0.027356,-0.030213,WINNER,True
BHP,2025-10-19,8.8,BULLISH,NEUTRAL,NO_DATA,NEUTRAL,ESS_BULLISH_ANALYST_SKEPTICAL,False,-0.054401,0.043486,-0.030213,LOSER,False
BHR,2025-10-19,8.6,BULLISH,NEUTRAL,NO_DATA,NEUTRAL,ESS_BULLISH_ANALYST_SKEPTICAL,False,-0.02952,0.04059,-0.030213,NEUTRAL,False
BIDU,2025-10-19,9.5,BULLISH,NEUTRAL,NO_DATA,NEUTRAL,ESS_BULLISH_ANALYST_SKEPTICAL,False,-0.04078,-0.013348,-0.030213,NEUTRAL,False
BIIB,2025-10-19,8.3,BULLISH,NEUTRAL,NEUTRAL,NEUTRAL,ESS_BULLISH_ANALYST_SKEPTICAL,False,0.151401,0.158767,-0.030213,WINNER,True
BJRI,2025-10-19,7.6,BULLISH,NEUTRAL,NEUTRAL,NEUTRAL,ESS_BULLISH_ANALYST_SKEPTICAL,False,0.150804,0.326688,-0.030213,WINNER,True
BK,2025-10-19,8.7,BULLISH,NEUTRAL,NO_DATA,NEUTRAL,ESS_BULLISH_ANALYST_SKEPTICAL,False,-0.00433,0.060041,-0.030213,WINNER,True
BKH,2025-10-19,7.1,BULLISH,NEUTRAL,NO_DATA,NEUTRAL,ESS_BULLISH_ANALYST_SKEPTICAL,False,0.094802,0.073619,-0.030213,WINNER,True
BKR,2025-10-19,8.6,BULLISH,NEUTRAL,NEUTRAL,NO_DATA,ESS_BULLISH_ANALYST_SKEPTICAL,False,0.043395,-0.034544,-0.030213,WINNER,True
BLBD,2025-10-19,7.5,BULLISH,NEUTRAL,NEUTRAL,NEUTRAL,ESS_BULLISH_ANALYST_SKEPTICAL,False,-0.089512,-0.068716,-0.030213,LOSER,False
BLD,2025-10-19,9.7,BULLISH,NEUTRAL,BULLISH,BULLISH,ESS_BULLISH_ANALYST_MIXED,False,-0.065512,-0.023827,-0.030213,LOSER,False
BLK,2025-10-19,7.6,BULLISH,NEUTRAL,NO_DATA,NO_DATA,ESS_BULLISH_ANALYST_SKEPTICAL,False,-0.121431,-0.077436,-0.030213,LOSER,False
BMO,2025-10-19,9.0,BULLISH,NEUTRAL,NO_DATA,NEUTRAL,ESS_BULLISH_ANALYST_SKEPTICAL,False,-0.032353,0.024801,-0.030213,NEUTRAL,False
BMRN,2025-10-19,9.2,BULLISH,NEUTRAL,NEUTRAL,NEUTRAL,ESS_BULLISH_ANALYST_SKEPTICAL,False,0.020539,-0.021104,-0.030213,WINNER,True
BMY,2025-10-19,9.4,BULLISH,NEUTRAL,BULLISH,NEUTRAL,ESS_BULLISH_ANALYST_MIXED,False,0.079605,0.223446,-0.030213,WINNER,True
BN,2025-10-19,7.2,BULLISH,BULLISH,NO_DATA,NO_DATA,ESS_BULLISH_ANALYST_FULL_AGREE,False,-0.037456,-0.006441,-0.030213,NEUTRAL,False
BNS,2025-10-19,8.5,BULLISH,NEUTRAL,NO_DATA,NEUTRAL,ESS_BULLISH_ANALYST_SKEPTICAL,False,0.058383,0.124571,-0.030213,WINNER,True
BOOM,2025-10-19,8.9,BULLISH,NEUTRAL,NEUTRAL,NEUTRAL,ESS_BULLISH_ANALYST_SKEPTICAL,False,-0.235686,-0.149135,-0.030213,LOSER,False
BOX,2025-10-19,8.2,BULLISH,NEUTRAL,NEUTRAL,BULLISH,ESS_BULLISH_ANALYST_MIXED,False,-0.104293,-0.086155,-0.030213,LOSER,False
BP,2025-10-19,8.1,BULLISH,NEUTRAL,NO_DATA,NEUTRAL,ESS_BULLISH_ANALYST_SKEPTICAL,False,0.119768,0.016611,-0.030213,WINNER,True
BRC,2025-10-19,7.8,BULLISH,NO_DATA,BULLISH,NEUTRAL,ESS_BULLISH_ANALYST_MIXED,False,-0.011044,0.079279,-0.030213,NEUTRAL,False
BRY,2025-10-19,9.0,BULLISH,NEUTRAL,NO_DATA,NEUTRAL,ESS_BULLISH_ANALYST_SKEPTICAL,False,,,-0.030213,NO_DATA,
BSAC,2025-10-19,7.5,BULLISH,NEUTRAL,NO_DATA,NEUTRAL,ESS_BULLISH_ANALYST_SKEPTICAL,False,0.042113,0.078515,-0.030213,WINNER,True
BSBR,2025-10-19,8.6,BULLISH,NEUTRAL,NO_DATA,NEUTRAL,ESS_BULLISH_ANALYST_SKEPTICAL,False,0.15625,0.075368,-0.030213,WINNER,True
BSRR,2025-10-19,8.5,BULLISH,NEUTRAL,NO_DATA,NEUTRAL,ESS_BULLISH_ANALYST_SKEPTICAL,False,0.070149,0.272276,-0.030213,WINNER,True
BSVN,2025-10-19,8.5,BULLISH,NEUTRAL,NO_DATA,NEUTRAL,ESS_BULLISH_ANALYST_SKEPTICAL,False,-0.05482,0.042741,-0.030213,LOSER,False
BVN,2025-10-19,9.4,BULLISH,BULLISH,NO_DATA,NEUTRAL,ESS_BULLISH_ANALYST_MIXED,False,-0.100195,0.101365,-0.030213,LOSER,False
BWA,2025-10-19,8.6,BULLISH,NEUTRAL,NEUTRAL,NEUTRAL,ESS_BULLISH_ANALYST_SKEPTICAL,False,0.013498,0.055131,-0.030213,WINNER,True
BWB,2025-10-19,7.5,BULLISH,NEUTRAL,NO_DATA,NEUTRAL,ESS_BULLISH_ANALYST_SKEPTICAL,False,-0.070155,0.084531,-0.030213,LOSER,False
BYD,2025-10-19,9.4,BULLISH,NEUTRAL,BULLISH,NEUTRAL,ESS_BULLISH_ANALYST_MIXED,False,-0.044493,0.03762,-0.030213,NEUTRAL,False
CAC,2025-10-19,7.5,BULLISH,NEUTRAL,NO_DATA,NEUTRAL,ESS_BULLISH_ANALYST_SKEPTICAL,False,0.03751,0.263115,-0.030213,WINNER,True
CAH,2025-10-19,9.3,BULLISH,NEUTRAL,BULLISH,NEUTRAL,ESS_BULLISH_ANALYST_MIXED,False,0.316017,0.265976,-0.030213,WINNER,True
CAKE,2025-10-19,7.8,BULLISH,NEUTRAL,BULLISH,NEUTRAL,ESS_BULLISH_ANALYST_MIXED,False,-0.16843,-0.044933,-0.030213,LOSER,False
CALM,2025-10-19,9.3,BULLISH,NO_DATA,BEARISH,NEUTRAL,ESS_BULLISH_ANALYST_MAJORITY_BEARISH,True,-0.020834,-0.041874,-0.030213,NEUTRAL,False
CARS,2025-10-19,8.9,BULLISH,NEUTRAL,NEUTRAL,NEUTRAL,ESS_BULLISH_ANALYST_SKEPTICAL,False,0.072848,0.2772,-0.030213,WINNER,True
CART,2025-10-19,8.2,BULLISH,NEUTRAL,NO_DATA,NO_DATA,ESS_BULLISH_ANALYST_SKEPTICAL,False,0.058537,0.154044,-0.030213,WINNER,True
CASH,2025-10-19,7.2,BULLISH,NEUTRAL,NO_DATA,NEUTRAL,ESS_BULLISH_ANALYST_SKEPTICAL,False,-0.070853,0.029045,-0.030213,LOSER,False
CASY,2025-10-19,8.4,BULLISH,BULLISH,BULLISH,BULLISH,ESS_BULLISH_ANALYST_FULL_AGREE,False,-0.027422,-0.028805,-0.030213,NEUTRAL,False
CATY,2025-10-19,7.1,BULLISH,NEUTRAL,NO_DATA,NEUTRAL,ESS_BULLISH_ANALYST_SKEPTICAL,False,-0.027872,0.092777,-0.030213,NEUTRAL,False
CBAN,2025-10-19,8.5,BULLISH,NEUTRAL,NO_DATA,NEUTRAL,ESS_BULLISH_ANALYST_SKEPTICAL,False,-0.00022,0.142078,-0.030213,WINNER,True
CBFV,2025-10-19,9.2,BULLISH,BULLISH,NO_DATA,NEUTRAL,ESS_BULLISH_ANALYST_MIXED,False,0.023604,0.155581,-0.030213,WINNER,True
CBNK,2025-10-19,8.5,BULLISH,NEUTRAL,NO_DATA,NEUTRAL,ESS_BULLISH_ANALYST_SKEPTICAL,False,-0.100377,0.000932,-0.030213,LOSER,False
CBOE,2025-10-19,8.9,BULLISH,NEUTRAL,NO_DATA,NEUTRAL,ESS_BULLISH_ANALYST_SKEPTICAL,False,0.092876,0.048842,-0.030213,WINNER,True
CCBG,2025-10-19,7.5,BULLISH,NEUTRAL,NO_DATA,NEUTRAL,ESS_BULLISH_ANALYST_SKEPTICAL,False,-0.037326,0.107381,-0.030213,NEUTRAL,False
CCJ,2025-10-19,8.8,BULLISH,NEUTRAL,BEARISH,NEUTRAL,ESS_BULLISH_ANALYST_SKEPTICAL,True,-0.030268,0.021543,-0.030213,NEUTRAL,False
CCL,2025-10-19,7.8,BULLISH,BULLISH,BULLISH,NEUTRAL,ESS_BULLISH_ANALYST_MIXED,False,,,-0.030213,NO_DATA,
CDE,2025-10-19,9.0,BULLISH,BULLISH,BEARISH,NEUTRAL,ESS_BULLISH_ANALYST_MIXED,True,-0.347254,-0.222878,-0.030213,LOSER,False
CDNS,2025-10-19,7.8,BULLISH,NEUTRAL,NEUTRAL,NEUTRAL,ESS_BULLISH_ANALYST_SKEPTICAL,False,-0.080178,-0.044109,-0.030213,LOSER,False
CENTA,2025-10-19,9.7,BULLISH,NEUTRAL,NO_DATA,NO_DATA,ESS_BULLISH_ANALYST_SKEPTICAL,False,0.005751,0.062545,-0.030213,WINNER,True
CENX,2025-10-19,8.3,BULLISH,BULLISH,NEUTRAL,NEUTRAL,ESS_BULLISH_ANALYST_MIXED,False,-0.205779,-0.013135,-0.030213,LOSER,False
CERS,2025-10-19,8.4,BULLISH,NEUTRAL,NEUTRAL,NEUTRAL,ESS_BULLISH_ANALYST_SKEPTICAL,False,-0.08589,0.319018,-0.030213,LOSER,False
CF,2025-10-19,8.0,BULLISH,NEUTRAL,NEUTRAL,NEUTRAL,ESS_BULLISH_ANALYST_SKEPTICAL,False,-0.027596,-0.061635,-0.030213,NEUTRAL,False
CFFN,2025-10-19,8.8,BULLISH,NO_DATA,NO_DATA,NEUTRAL,ESS_BULLISH_ANALYST_SKEPTICAL,False,-0.016529,0.162575,-0.030213,NEUTRAL,False
CHKP,2025-10-19,8.9,BULLISH,NEUTRAL,BULLISH,NEUTRAL,ESS_BULLISH_ANALYST_MIXED,False,-0.012684,-0.026663,-0.030213,NEUTRAL,False
CHRW,2025-10-19,9.5,BULLISH,NEUTRAL,BULLISH,NEUTRAL,ESS_BULLISH_ANALYST_MIXED,False,0.190099,0.299941,-0.030213,WINNER,True
CHWY,2025-10-19,9.4,BULLISH,NEUTRAL,NO_DATA,BULLISH,ESS_BULLISH_ANALYST_MIXED,False,-0.078484,-0.138548,-0.030213,LOSER,False
CI,2025-10-19,9.3,BULLISH,NEUTRAL,BULLISH,NEUTRAL,ESS_BULLISH_ANALYST_MIXED,False,-0.111556,-0.10201,-0.030213,LOSER,False
CIEN,2025-10-19,8.7,BULLISH,BULLISH,BEARISH,NEUTRAL,ESS_BULLISH_ANALYST_MIXED,True,0.080176,0.217133,-0.030213,WINNER,True
CINF,2025-10-19,9.3,BULLISH,NEUTRAL,NO_DATA,BULLISH,ESS_BULLISH_ANALYST_MIXED,False,0.048225,0.08399,-0.030213,WINNER,True
CIVB,2025-10-19,7.2,BULLISH,NEUTRAL,NO_DATA,NEUTRAL,ESS_BULLISH_ANALYST_SKEPTICAL,False,0.020463,0.163078,-0.030213,WINNER,True
CLB,2025-10-19,7.1,BULLISH,NEUTRAL,NEUTRAL,NEUTRAL,ESS_BULLISH_ANALYST_SKEPTICAL,False,0.293639,0.356125,-0.030213,WINNER,True
CLMB,2025-10-19,8.5,BULLISH,NEUTRAL,BULLISH,NO_DATA,ESS_BULLISH_ANALYST_MIXED,False,-0.202909,-0.173307,-0.030213,LOSER,False
CM,2025-10-19,9.0,BULLISH,NEUTRAL,NO_DATA,NEUTRAL,ESS_BULLISH_ANALYST_SKEPTICAL,False,0.063413,0.143547,-0.030213,WINNER,True
CMC,2025-10-19,9.7,BULLISH,BULLISH,NEUTRAL,NEUTRAL,ESS_BULLISH_ANALYST_MIXED,False,-0.010045,0.191163,-0.030213,WINNER,True
CMCSA,2025-10-19,7.6,BULLISH,NEUTRAL,BULLISH,NEUTRAL,ESS_BULLISH_ANALYST_MIXED,False,-0.074738,0.023673,-0.030213,LOSER,False
CMG,2025-10-19,7.8,BULLISH,NEUTRAL,BULLISH,NEUTRAL,ESS_BULLISH_ANALYST_MIXED,False,-0.26111,-0.096085,-0.030213,LOSER,False
CMI,2025-10-19,8.3,BULLISH,BULLISH,NEUTRAL,NEUTRAL,ESS_BULLISH_ANALYST_MIXED,False,0.122968,0.214395,-0.030213,WINNER,True
CMRE,2025-10-19,9.8,BULLISH,BULLISH,NEUTRAL,NEUTRAL,ESS_BULLISH_ANALYST_MIXED,False,0.300962,0.328959,-0.030213,WINNER,True
CMT,2025-10-19,9.3,BULLISH,NEUTRAL,BULLISH,NEUTRAL,ESS_BULLISH_ANALYST_MIXED,False,-0.042336,0.12701,-0.030213,NEUTRAL,False
CNA,2025-10-19,8.7,BULLISH,NEUTRAL,NO_DATA,BULLISH,ESS_BULLISH_ANALYST_MIXED,False,0.024658,0.059448,-0.030213,WINNER,True
CNI,2025-10-19,7.1,BULLISH,NEUTRAL,BULLISH,NO_DATA,ESS_BULLISH_ANALYST_MIXED,False,-0.014681,0.044253,-0.030213,NEUTRAL,False
CNMD,2025-10-19,9.3,BULLISH,NEUTRAL,NEUTRAL,NEUTRAL,ESS_BULLISH_ANALYST_SKEPTICAL,False,-0.12432,-0.154667,-0.030213,LOSER,False
CNP,2025-10-19,7.5,BULLISH,NEUTRAL,NEUTRAL,NEUTRAL,ESS_BULLISH_ANALYST_SKEPTICAL,False,-0.005719,-0.043919,-0.030213,WINNER,True
CNQ,2025-10-19,9.1,BULLISH,BULLISH,NEUTRAL,NEUTRAL,ESS_BULLISH_ANALYST_MIXED,False,0.131229,0.046179,-0.030213,WINNER,True
CNS,2025-10-19,7.2,BULLISH,NEUTRAL,NO_DATA,NO_DATA,ESS_BULLISH_ANALYST_SKEPTICAL,False,-0.153722,-0.100151,-0.030213,LOSER,False
CNX,2025-10-19,7.9,BULLISH,BEARISH,NO_DATA,NEUTRAL,ESS_BULLISH_ANALYST_MAJORITY_BEARISH,True,0.150155,0.147678,-0.030213,WINNER,True
CNXC,2025-10-19,7.2,BULLISH,NEUTRAL,NO_DATA,NO_DATA,ESS_BULLISH_ANALYST_SKEPTICAL,False,-0.274289,-0.102351,-0.030213,LOSER,False
COFS,2025-10-19,8.5,BULLISH,NEUTRAL,NO_DATA,NEUTRAL,ESS_BULLISH_ANALYST_SKEPTICAL,False,0.044112,0.186139,-0.030213,WINNER,True
COLL,2025-10-19,9.5,BULLISH,BULLISH,BULLISH,NEUTRAL,ESS_BULLISH_ANALYST_MIXED,False,0.301004,0.415495,-0.030213,WINNER,True
COR,2025-10-19,8.0,BULLISH,NEUTRAL,BULLISH,NEUTRAL,ESS_BULLISH_ANALYST_MIXED,False,0.106432,0.041999,-0.030213,WINNER,True
COST,2025-10-19,8.2,BULLISH,BULLISH,BULLISH,NEUTRAL,ESS_BULLISH_ANALYST_MIXED,False,-0.042478,-0.082583,-0.030213,NEUTRAL,False
COUR,2025-10-19,7.3,BULLISH,NEUTRAL,NO_DATA,NO_DATA,ESS_BULLISH_ANALYST_SKEPTICAL,False,-0.228814,-0.234463,-0.030213,LOSER,False
CPRX,2025-10-19,7.1,BULLISH,NEUTRAL,NEUTRAL,NEUTRAL,ESS_BULLISH_ANALYST_SKEPTICAL,False,0.078534,0.126606,-0.030213,WINNER,True
CRAI,2025-10-19,9.2,BULLISH,NEUTRAL,BULLISH,NEUTRAL,ESS_BULLISH_ANALYST_MIXED,False,-0.061591,0.14369,-0.030213,LOSER,False
CRC,2025-10-19,9.3,BULLISH,BULLISH,NEUTRAL,NEUTRAL,ESS_BULLISH_ANALYST_MIXED,False,0.021068,-0.052836,-0.030213,WINNER,True
CRCT,2025-10-19,9.7,BULLISH,NEUTRAL,NO_DATA,NO_DATA,ESS_BULLISH_ANALYST_SKEPTICAL,False,-0.105469,0.017578,-0.030213,LOSER,False
CRM,2025-10-19,8.1,BULLISH,NEUTRAL,NEUTRAL,NEUTRAL,ESS_BULLISH_ANALYST_SKEPTICAL,False,-0.081721,0.015676,-0.030213,LOSER,False
CRNC,2025-10-19,8.6,BULLISH,BULLISH,NO_DATA,NEUTRAL,ESS_BULLISH_ANALYST_MIXED,False,-0.339527,-0.09375,-0.030213,LOSER,False
CRUS,2025-10-19,9.4,BULLISH,NEUTRAL,BULLISH,NEUTRAL,ESS_BULLISH_ANALYST_MIXED,False,-0.119723,-0.085505,-0.030213,LOSER,False
CSCO,2025-10-19,9.1,BULLISH,NEUTRAL,BULLISH,NEUTRAL,ESS_BULLISH_ANALYST_MIXED,False,0.095117,0.089172,-0.030213,WINNER,True
CSGS,2025-10-19,8.1,BULLISH,NEUTRAL,BULLISH,NEUTRAL,ESS_BULLISH_ANALYST_MIXED,False,0.193047,0.174444,-0.030213,WINNER,True
CTBI,2025-10-19,8.5,BULLISH,NEUTRAL,NO_DATA,NEUTRAL,ESS_BULLISH_ANALYST_SKEPTICAL,False,-0.002833,0.161895,-0.030213,WINNER,True
CTGO,2025-10-19,8.7,BULLISH,BULLISH,BEARISH,NEUTRAL,ESS_BULLISH_ANALYST_MIXED,True,,,-0.030213,NO_DATA,
CTSH,2025-10-19,8.8,BULLISH,NEUTRAL,BULLISH,NEUTRAL,ESS_BULLISH_ANALYST_MIXED,False,0.080418,0.261266,-0.030213,WINNER,True
CTSO,2025-10-19,7.8,BULLISH,NEUTRAL,NEUTRAL,NEUTRAL,ESS_BULLISH_ANALYST_SKEPTICAL,False,-0.268235,-0.241177,-0.030213,LOSER,False
CULP,2025-10-19,7.2,BULLISH,NEUTRAL,NEUTRAL,NEUTRAL,ESS_BULLISH_ANALYST_SKEPTICAL,False,-0.088517,-0.172249,-0.030213,LOSER,False
CUZ,2025-10-19,8.2,BULLISH,NEUTRAL,NO_DATA,NEUTRAL,ESS_BULLISH_ANALYST_SKEPTICAL,False,-0.050395,-0.057917,-0.030213,LOSER,False
CVCO,2025-10-19,8.0,BULLISH,NEUTRAL,BULLISH,NEUTRAL,ESS_BULLISH_ANALYST_MIXED,False,-0.055903,0.075039,-0.030213,LOSER,False
CVE,2025-10-19,9.5,BULLISH,NEUTRAL,NEUTRAL,NEUTRAL,ESS_BULLISH_ANALYST_SKEPTICAL,False,0.092625,-0.030089,-0.030213,WINNER,True
CVGI,2025-10-19,7.5,BULLISH,NEUTRAL,BULLISH,NEUTRAL,ESS_BULLISH_ANALYST_MIXED,False,0.063694,-0.025478,-0.030213,WINNER,True
CVGW,2025-10-19,7.6,BULLISH,NO_DATA,NEUTRAL,NEUTRAL,ESS_BULLISH_ANALYST_SKEPTICAL,False,-0.200084,-0.070618,-0.030213,LOSER,False
CVS,2025-10-19,9.8,BULLISH,NEUTRAL,NEUTRAL,BULLISH,ESS_BULLISH_ANALYST_MIXED,False,-0.047319,-0.049152,-0.030213,NEUTRAL,False
CW,2025-10-19,9.3,BULLISH,NEUTRAL,NEUTRAL,NEUTRAL,ESS_BULLISH_ANALYST_SKEPTICAL,False,-0.043511,-0.033068,-0.030213,NEUTRAL,False
CWCO,2025-10-19,9.0,BULLISH,NEUTRAL,NO_DATA,NEUTRAL,ESS_BULLISH_ANALYST_SKEPTICAL,False,-0.062585,0.000273,-0.030213,LOSER,False
CWK,2025-10-19,9.9,BULLISH,BULLISH,NO_DATA,NEUTRAL,ESS_BULLISH_ANALYST_MIXED,False,-0.083643,-0.01487,-0.030213,LOSER,False
CX,2025-10-19,9.3,BULLISH,NEUTRAL,NO_DATA,NEUTRAL,ESS_BULLISH_ANALYST_SKEPTICAL,False,0.067992,0.209205,-0.030213,WINNER,True
CXW,2025-10-19,8.1,BULLISH,NEUTRAL,NO_DATA,NEUTRAL,ESS_BULLISH_ANALYST_SKEPTICAL,False,-0.104884,0.08879,-0.030213,LOSER,False
CYH,2025-10-19,7.3,BULLISH,NEUTRAL,NEUTRAL,NEUTRAL,ESS_BULLISH_ANALYST_SKEPTICAL,False,-0.084639,0.009404,-0.030213,LOSER,False
CZFS,2025-10-19,8.4,BULLISH,NEUTRAL,NO_DATA,NEUTRAL,ESS_BULLISH_ANALYST_SKEPTICAL,False,-0.009373,0.108006,-0.030213,WINNER,True
CZNC,2025-10-19,7.5,BULLISH,NEUTRAL,NO_DATA,NEUTRAL,ESS_BULLISH_ANALYST_SKEPTICAL,False,0.021485,0.146158,-0.030213,WINNER,True
CZWI,2025-10-19,7.5,BULLISH,NEUTRAL,NO_DATA,NEUTRAL,ESS_BULLISH_ANALYST_SKEPTICAL,False,0.054089,0.189311,-0.030213,WINNER,True
D,2025-10-19,7.3,BULLISH,NEUTRAL,BEARISH,NEUTRAL,ESS_BULLISH_ANALYST_SKEPTICAL,True,0.0,-0.010928,-0.030213,WINNER,True
DAC,2025-10-19,7.5,BULLISH,NEUTRAL,BULLISH,NEUTRAL,ESS_BULLISH_ANALYST_MIXED,False,,,-0.030213,NO_DATA,
DAKT,2025-10-19,9.3,BULLISH,BULLISH,BULLISH,NEUTRAL,ESS_BULLISH_ANALYST_MIXED,False,-0.094094,-0.049049,-0.030213,LOSER,False
DAL,2025-10-19,7.9,BULLISH,NEUTRAL,BULLISH,NEUTRAL,ESS_BULLISH_ANALYST_MIXED,False,-0.074818,0.136032,-0.030213,LOSER,False
DB,2025-10-19,7.1,BULLISH,NEUTRAL,NO_DATA,NEUTRAL,ESS_BULLISH_ANALYST_SKEPTICAL,False,0.005605,0.127434,-0.030213,WINNER,True
DBX,2025-10-19,8.5,BULLISH,NEUTRAL,NO_DATA,NEUTRAL,ESS_BULLISH_ANALYST_SKEPTICAL,False,0.006145,-0.029362,-0.030213,WINNER,True
DCI,2025-10-19,7.9,BULLISH,NEUTRAL,BULLISH,NEUTRAL,ESS_BULLISH_ANALYST_MIXED,False,0.023194,0.10905,-0.030213,WINNER,True
DDS,2025-10-19,7.6,BULLISH,NEUTRAL,BEARISH,BULLISH,ESS_BULLISH_ANALYST_MIXED,True,0.008994,0.146329,-0.030213,WINNER,True
DELL,2025-10-19,9.9,BULLISH,BULLISH,NO_DATA,BULLISH,ESS_BULLISH_ANALYST_FULL_AGREE,False,-0.167328,-0.165632,-0.030213,LOSER,False
DFIN,2025-10-19,8.3,BULLISH,BULLISH,NO_DATA,NEUTRAL,ESS_BULLISH_ANALYST_MIXED,False,-0.12404,-0.084662,-0.030213,LOSER,False
DGICA,2025-10-19,10.0,BULLISH,BULLISH,NO_DATA,BULLISH,ESS_BULLISH_ANALYST_FULL_AGREE,False,0.049407,0.104777,-0.030213,WINNER,True
DGII,2025-10-19,9.3,BULLISH,NEUTRAL,BULLISH,NEUTRAL,ESS_BULLISH_ANALYST_MIXED,False,-0.013569,0.115463,-0.030213,NEUTRAL,False
DIN,2025-10-19,9.2,BULLISH,NEUTRAL,BULLISH,NEUTRAL,ESS_BULLISH_ANALYST_MIXED,False,-0.047292,0.245487,-0.030213,NEUTRAL,False
DINO,2025-10-19,8.1,BULLISH,BULLISH,NEUTRAL,NO_DATA,ESS_BULLISH_ANALYST_MIXED,False,0.066882,-0.101825,-0.030213,WINNER,True
DIOD,2025-10-19,8.4,BULLISH,NEUTRAL,BEARISH,NEUTRAL,ESS_BULLISH_ANALYST_SKEPTICAL,True,-0.245537,-0.109905,-0.030213,LOSER,False
DLTR,2025-10-19,7.5,BULLISH,NEUTRAL,BEARISH,NEUTRAL,ESS_BULLISH_ANALYST_SKEPTICAL,True,0.025752,0.281559,-0.030213,WINNER,True
DLX,2025-10-19,8.7,BULLISH,NEUTRAL,BULLISH,NEUTRAL,ESS_BULLISH_ANALYST_MIXED,False,0.040417,0.266355,-0.030213,WINNER,True
DNOW,2025-10-19,8.1,BULLISH,NEUTRAL,BULLISH,NEUTRAL,ESS_BULLISH_ANALYST_MIXED,False,-0.142657,-0.06014,-0.030213,LOSER,False
DORM,2025-10-19,7.3,BULLISH,BULLISH,NEUTRAL,NEUTRAL,ESS_BULLISH_ANALYST_MIXED,False,-0.101453,-0.119046,-0.030213,LOSER,False
DOX,2025-10-19,8.4,BULLISH,NEUTRAL,BULLISH,NEUTRAL,ESS_BULLISH_ANALYST_MIXED,False,-0.080107,-0.03364,-0.030213,LOSER,False
DUK,2025-10-19,8.2,BULLISH,NEUTRAL,NEUTRAL,NEUTRAL,ESS_BULLISH_ANALYST_SKEPTICAL,False,-0.031518,-0.080411,-0.030213,NEUTRAL,False
DUOL,2025-10-19,7.5,BULLISH,NEUTRAL,NO_DATA,NO_DATA,ESS_BULLISH_ANALYST_SKEPTICAL,False,-0.438973,-0.415182,-0.030213,LOSER,False
DX,2025-10-19,8.5,BULLISH,NEUTRAL,NO_DATA,NEUTRAL,ESS_BULLISH_ANALYST_SKEPTICAL,False,,,-0.030213,NO_DATA,
DXC,2025-10-19,7.2,BULLISH,NEUTRAL,BEARISH,NEUTRAL,ESS_BULLISH_ANALYST_SKEPTICAL,True,-0.059276,0.184758,-0.030213,LOSER,False
DXPE,2025-10-19,7.5,BULLISH,NEUTRAL,BULLISH,NEUTRAL,ESS_BULLISH_ANALYST_MIXED,False,-0.253925,-0.04597,-0.030213,LOSER,False
E,2025-10-19,8.3,BULLISH,NEUTRAL,NO_DATA,NEUTRAL,ESS_BULLISH_ANALYST_SKEPTICAL,False,0.091667,0.053161,-0.030213,WINNER,True
EAT,2025-10-19,7.2,BULLISH,NEUTRAL,NEUTRAL,NEUTRAL,ESS_BULLISH_ANALYST_SKEPTICAL,False,-0.058407,0.160425,-0.030213,LOSER,False
EBF,2025-10-19,7.8,BULLISH,NO_DATA,NEUTRAL,NEUTRAL,ESS_BULLISH_ANALYST_SKEPTICAL,False,-0.032577,0.070971,-0.030213,NEUTRAL,False
EBMT,2025-10-19,9.3,BULLISH,BULLISH,NO_DATA,NEUTRAL,ESS_BULLISH_ANALYST_MIXED,False,-0.028846,0.191218,-0.030213,NEUTRAL,False
EBR,2025-10-19,8.0,BULLISH,NEUTRAL,NO_DATA,NEUTRAL,ESS_BULLISH_ANALYST_SKEPTICAL,False,,,-0.030213,NO_DATA,
EBS,2025-10-19,9.3,BULLISH,NO_DATA,BEARISH,NEUTRAL,ESS_BULLISH_ANALYST_MAJORITY_BEARISH,True,0.029502,0.251272,-0.030213,WINNER,True
ECG,2025-10-19,8.9,BULLISH,BULLISH,NO_DATA,NO_DATA,ESS_BULLISH_ANALYST_FULL_AGREE,False,-0.061231,-0.043125,-0.030213,LOSER,False
ECL,2025-10-19,7.5,BULLISH,NEUTRAL,NEUTRAL,NEUTRAL,ESS_BULLISH_ANALYST_SKEPTICAL,False,-0.087447,-0.058939,-0.030213,LOSER,False
ECPG,2025-10-19,8.1,BULLISH,BULLISH,NO_DATA,NEUTRAL,ESS_BULLISH_ANALYST_MIXED,False,0.15807,0.296173,-0.030213,WINNER,True
ED,2025-10-19,9.5,BULLISH,NEUTRAL,NEUTRAL,NEUTRAL,ESS_BULLISH_ANALYST_SKEPTICAL,False,0.011699,-0.008821,-0.030213,WINNER,True
EDN,2025-10-19,8.0,BULLISH,NEUTRAL,NO_DATA,NEUTRAL,ESS_BULLISH_ANALYST_SKEPTICAL,False,,,-0.030213,NO_DATA,
EFSC,2025-10-19,8.5,BULLISH,NEUTRAL,NO_DATA,NEUTRAL,ESS_BULLISH_ANALYST_SKEPTICAL,False,-0.050573,0.038057,-0.030213,LOSER,False
EGAN,2025-10-19,7.3,BULLISH,BULLISH,BEARISH,NEUTRAL,ESS_BULLISH_ANALYST_MIXED,True,-0.212383,-0.263499,-0.030213,LOSER,False
EGO,2025-10-19,7.4,BULLISH,NEUTRAL,NO_DATA,NEUTRAL,ESS_BULLISH_ANALYST_SKEPTICAL,False,-0.028532,0.204245,-0.030213,NEUTRAL,False
EGY,2025-10-19,8.9,BULLISH,NEUTRAL,NO_DATA,NEUTRAL,ESS_BULLISH_ANALYST_SKEPTICAL,False,-0.01061,-0.079149,-0.030213,NEUTRAL,False
EHTH,2025-10-19,8.5,BULLISH,NEUTRAL,NO_DATA,NEUTRAL,ESS_BULLISH_ANALYST_SKEPTICAL,False,-0.278311,-0.024952,-0.030213,LOSER,False
EIG,2025-10-19,8.2,BULLISH,NEUTRAL,NO_DATA,NEUTRAL,ESS_BULLISH_ANALYST_SKEPTICAL,False,-0.047185,0.038624,-0.030213,NEUTRAL,False
ELA,2025-10-19,9.8,BULLISH,BULLISH,NO_DATA,NEUTRAL,ESS_BULLISH_ANALYST_MIXED,False,0.2975,0.685,-0.030213,WINNER,True
ELAN,2025-10-19,9.5,BULLISH,BULLISH,NEUTRAL,NEUTRAL,ESS_BULLISH_ANALYST_MIXED,False,-0.015193,0.017035,-0.030213,NEUTRAL,False
ELMD,2025-10-19,9.9,BULLISH,BULLISH,BULLISH,NEUTRAL,ESS_BULLISH_ANALYST_MIXED,False,-0.012485,0.205397,-0.030213,NEUTRAL,False
EMBC,2025-10-19,7.6,BULLISH,NEUTRAL,NO_DATA,NO_DATA,ESS_BULLISH_ANALYST_SKEPTICAL,False,0.007801,-0.158699,-0.030213,WINNER,True
EME,2025-10-19,9.6,BULLISH,BULLISH,BULLISH,BULLISH,ESS_BULLISH_ANALYST_FULL_AGREE,False,-0.12224,-0.124711,-0.030213,LOSER,False
EML,2025-10-19,8.7,BULLISH,NO_DATA,BULLISH,NEUTRAL,ESS_BULLISH_ANALYST_MIXED,False,-0.129144,-0.071869,-0.030213,LOSER,False
ENB,2025-10-19,8.7,BULLISH,NEUTRAL,BEARISH,NEUTRAL,ESS_BULLISH_ANALYST_SKEPTICAL,True,0.022453,-0.009955,-0.030213,WINNER,True
ENR,2025-10-19,9.8,BULLISH,BULLISH,NO_DATA,NEUTRAL,ESS_BULLISH_ANALYST_MIXED,False,-0.199341,-0.152666,-0.030213,LOSER,False
ENS,2025-10-19,7.6,BULLISH,NEUTRAL,NEUTRAL,NEUTRAL,ESS_BULLISH_ANALYST_SKEPTICAL,False,0.092497,0.17005,-0.030213,WINNER,True
ENSG,2025-10-19,9.7,BULLISH,NEUTRAL,BULLISH,BULLISH,ESS_BULLISH_ANALYST_MIXED,False,-0.037217,-0.045577,-0.030213,NEUTRAL,False
EPAM,2025-10-19,7.5,BULLISH,NEUTRAL,NEUTRAL,NEUTRAL,ESS_BULLISH_ANALYST_SKEPTICAL,False,0.232483,0.427724,-0.030213,WINNER,True
EPM,2025-10-19,8.0,BULLISH,BEARISH,BEARISH,NEUTRAL,ESS_BULLISH_ANALYST_MAJORITY_BEARISH,True,-0.099778,-0.186783,-0.030213,LOSER,False
EQBK,2025-10-19,9.3,BULLISH,BULLISH,NO_DATA,NEUTRAL,ESS_BULLISH_ANALYST_MIXED,False,0.008329,0.163645,-0.030213,WINNER,True
EQH,2025-10-19,7.2,BULLISH,NEUTRAL,NO_DATA,NEUTRAL,ESS_BULLISH_ANALYST_SKEPTICAL,False,-0.10227,0.00141,-0.030213,LOSER,False
EQT,2025-10-19,8.1,BULLISH,NEUTRAL,BEARISH,NEUTRAL,ESS_BULLISH_ANALYST_SKEPTICAL,True,0.043828,-0.044831,-0.030213,WINNER,True
ERJ,2025-10-19,9.4,BULLISH,NEUTRAL,NO_DATA,NEUTRAL,ESS_BULLISH_ANALYST_SKEPTICAL,False,,,-0.030213,NO_DATA,
ESCA,2025-10-19,8.4,BULLISH,NEUTRAL,NEUTRAL,NEUTRAL,ESS_BULLISH_ANALYST_SKEPTICAL,False,0.077315,0.103653,-0.030213,WINNER,True
ESNT,2025-10-19,7.7,BULLISH,NEUTRAL,NO_DATA,NEUTRAL,ESS_BULLISH_ANALYST_SKEPTICAL,False,0.02061,0.119638,-0.030213,WINNER,True
ESTC,2025-10-19,8.6,BULLISH,NEUTRAL,NO_DATA,BULLISH,ESS_BULLISH_ANALYST_MIXED,False,0.056424,-0.091375,-0.030213,WINNER,True
ETN,2025-10-19,7.9,BULLISH,NEUTRAL,NEUTRAL,NEUTRAL,ESS_BULLISH_ANALYST_SKEPTICAL,False,-0.101845,-0.161158,-0.030213,LOSER,False
ETON,2025-10-19,8.5,BULLISH,NEUTRAL,NO_DATA,BULLISH,ESS_BULLISH_ANALYST_MIXED,False,-0.065217,-0.129348,-0.030213,LOSER,False
EVI,2025-10-19,9.3,BULLISH,NO_DATA,BULLISH,NEUTRAL,ESS_BULLISH_ANALYST_MIXED,False,-0.22729,-0.150396,-0.030213,LOSER,False
EVTC,2025-10-19,8.3,BULLISH,NEUTRAL,BULLISH,NEUTRAL,ESS_BULLISH_ANALYST_MIXED,False,-0.067537,-0.047635,-0.030213,LOSER,False
EXC,2025-10-19,8.8,BULLISH,NEUTRAL,BEARISH,NEUTRAL,ESS_BULLISH_ANALYST_SKEPTICAL,True,-0.030162,-0.074075,-0.030213,NEUTRAL,False
EXE,2025-10-19,7.7,BULLISH,NEUTRAL,BEARISH,NO_DATA,ESS_BULLISH_ANALYST_MAJORITY_BEARISH,True,0.101278,0.012732,-0.030213,WINNER,True
EXPD,2025-10-19,7.4,BULLISH,NEUTRAL,BULLISH,NEUTRAL,ESS_BULLISH_ANALYST_MIXED,False,0.161657,0.258005,-0.030213,WINNER,True
EZPW,2025-10-19,8.9,BULLISH,NEUTRAL,NO_DATA,NEUTRAL,ESS_BULLISH_ANALYST_SKEPTICAL,False,-0.045867,0.045867,-0.030213,NEUTRAL,False
FAST,2025-10-19,7.8,BULLISH,NEUTRAL,BULLISH,NEUTRAL,ESS_BULLISH_ANALYST_MIXED,False,-0.065649,-0.01,-0.030213,LOSER,False
FBIN,2025-10-19,7.9,BULLISH,NEUTRAL,BULLISH,NO_DATA,ESS_BULLISH_ANALYST_MIXED,False,-0.10991,0.018108,-0.030213,LOSER,False
FBIZ,2025-10-19,9.2,BULLISH,NEUTRAL,NO_DATA,NEUTRAL,ESS_BULLISH_ANALYST_SKEPTICAL,False,0.009432,0.170101,-0.030213,WINNER,True
FC,2025-10-19,7.5,BULLISH,NEUTRAL,NEUTRAL,NEUTRAL,ESS_BULLISH_ANALYST_SKEPTICAL,False,-0.179501,-0.079718,-0.030213,LOSER,False
FCCO,2025-10-19,8.4,BULLISH,NEUTRAL,NO_DATA,NEUTRAL,ESS_BULLISH_ANALYST_SKEPTICAL,False,0.017179,0.154415,-0.030213,WINNER,True
FCEL,2025-10-19,8.9,BULLISH,BULLISH,BULLISH,NEUTRAL,ESS_BULLISH_ANALYST_MIXED,False,-0.221843,0.096701,-0.030213,LOSER,False
FCFS,2025-10-19,8.3,BULLISH,BULLISH,NO_DATA,NEUTRAL,ESS_BULLISH_ANALYST_MIXED,False,-0.015248,0.026593,-0.030213,NEUTRAL,False
FDP,2025-10-19,8.0,BULLISH,NO_DATA,BULLISH,NEUTRAL,ESS_BULLISH_ANALYST_MIXED,False,0.006652,0.09876,-0.030213,WINNER,True
FDX,2025-10-19,7.4,BULLISH,NEUTRAL,NEUTRAL,NEUTRAL,ESS_BULLISH_ANALYST_SKEPTICAL,False,0.097035,0.203418,-0.030213,WINNER,True
FFIV,2025-10-19,9.9,BULLISH,NEUTRAL,BULLISH,BULLISH,ESS_BULLISH_ANALYST_MIXED,False,-0.234233,-0.126105,-0.030213,LOSER,False
FHI,2025-10-19,8.3,BULLISH,BULLISH,NO_DATA,NEUTRAL,ESS_BULLISH_ANALYST_MIXED,False,-0.05909,0.029631,-0.030213,LOSER,False
FICO,2025-10-19,8.7,BULLISH,BULLISH,BEARISH,BULLISH,ESS_BULLISH_ANALYST_MIXED,True,0.06454,0.087028,-0.030213,WINNER,True
FLEX,2025-10-19,9.2,BULLISH,NEUTRAL,BULLISH,NEUTRAL,ESS_BULLISH_ANALYST_MIXED,False,-0.08255,0.004622,-0.030213,LOSER,False
FLS,2025-10-19,8.1,BULLISH,BULLISH,NEUTRAL,NEUTRAL,ESS_BULLISH_ANALYST_MIXED,False,0.279328,0.358969,-0.030213,WINNER,True
FLXS,2025-10-19,9.7,BULLISH,BEARISH,BULLISH,NEUTRAL,ESS_BULLISH_ANALYST_MIXED,True,-0.11828,0.013503,-0.030213,LOSER,False
FMAO,2025-10-19,7.2,BULLISH,NEUTRAL,NO_DATA,NEUTRAL,ESS_BULLISH_ANALYST_SKEPTICAL,False,-0.053543,0.115137,-0.030213,LOSER,False
FMS,2025-10-19,9.5,BULLISH,BULLISH,NO_DATA,NEUTRAL,ESS_BULLISH_ANALYST_MIXED,False,-0.151257,-0.131657,-0.030213,LOSER,False
FOX,2025-10-19,9.2,BULLISH,BULLISH,NO_DATA,NEUTRAL,ESS_BULLISH_ANALYST_MIXED,False,0.123009,0.216849,-0.030213,WINNER,True
FPI,2025-10-19,8.6,BULLISH,NEUTRAL,NO_DATA,NEUTRAL,ESS_BULLISH_ANALYST_SKEPTICAL,False,-0.078565,0.008729,-0.030213,LOSER,False
FRME,2025-10-19,9.7,BULLISH,BULLISH,NO_DATA,NEUTRAL,ESS_BULLISH_ANALYST_MIXED,False,-0.044354,0.070934,-0.030213,NEUTRAL,False
FSBW,2025-10-19,8.5,BULLISH,NEUTRAL,NO_DATA,NEUTRAL,ESS_BULLISH_ANALYST_SKEPTICAL,False,0.010026,0.137546,-0.030213,WINNER,True
FSFG,2025-10-19,7.2,BULLISH,NEUTRAL,NO_DATA,NEUTRAL,ESS_BULLISH_ANALYST_SKEPTICAL,False,,,-0.030213,NO_DATA,
FSLR,2025-10-19,8.3,BULLISH,NEUTRAL,BEARISH,NEUTRAL,ESS_BULLISH_ANALYST_SKEPTICAL,True,0.101266,0.143188,-0.030213,WINNER,True
FSS,2025-10-19,9.5,BULLISH,NEUTRAL,NO_DATA,NEUTRAL,ESS_BULLISH_ANALYST_SKEPTICAL,False,-0.128184,-0.091757,-0.030213,LOSER,False
FSTR,2025-10-19,7.5,BULLISH,NEUTRAL,NEUTRAL,NEUTRAL,ESS_BULLISH_ANALYST_SKEPTICAL,False,-0.014992,0.079085,-0.030213,NEUTRAL,False
FTDR,2025-10-19,8.6,BULLISH,NEUTRAL,NO_DATA,BULLISH,ESS_BULLISH_ANALYST_MIXED,False,-0.253508,-0.143655,-0.030213,LOSER,False
FTI,2025-10-19,8.1,BULLISH,BULLISH,NEUTRAL,NEUTRAL,ESS_BULLISH_ANALYST_MIXED,False,0.200254,0.193399,-0.030213,WINNER,True
FUBO,2025-10-19,9.5,BULLISH,NEUTRAL,NO_DATA,NEUTRAL,ESS_BULLISH_ANALYST_SKEPTICAL,False,-0.030137,-0.282192,-0.030213,NEUTRAL,False
FUL,2025-10-19,8.7,BULLISH,NEUTRAL,BULLISH,NEUTRAL,ESS_BULLISH_ANALYST_MIXED,False,-0.051785,0.0286,-0.030213,LOSER,False
FULT,2025-10-19,8.8,BULLISH,NEUTRAL,NO_DATA,NEUTRAL,ESS_BULLISH_ANALYST_SKEPTICAL,False,-0.022663,0.157507,-0.030213,NEUTRAL,False
FUNC,2025-10-19,8.4,BULLISH,NEUTRAL,NO_DATA,NEUTRAL,ESS_BULLISH_ANALYST_SKEPTICAL,False,0.036716,0.187048,-0.030213,WINNER,True
FVCB,2025-10-19,7.5,BULLISH,NEUTRAL,NO_DATA,NEUTRAL,ESS_BULLISH_ANALYST_SKEPTICAL,False,0.016319,0.162457,-0.030213,WINNER,True
FVRR,2025-10-19,9.5,BULLISH,BULLISH,NO_DATA,NEUTRAL,ESS_BULLISH_ANALYST_MIXED,False,-0.112967,-0.125275,-0.030213,LOSER,False
GAIA,2025-10-19,9.7,BULLISH,NEUTRAL,NO_DATA,NEUTRAL,ESS_BULLISH_ANALYST_SKEPTICAL,False,-0.337171,-0.365132,-0.030213,LOSER,False
GALT,2025-10-19,7.8,BULLISH,NEUTRAL,NEUTRAL,NEUTRAL,ESS_BULLISH_ANALYST_SKEPTICAL,False,0.21611,0.210216,-0.030213,WINNER,True
GAU,2025-10-19,8.9,BULLISH,NEUTRAL,NEUTRAL,NEUTRAL,ESS_BULLISH_ANALYST_SKEPTICAL,False,,,-0.030213,NO_DATA,
GBX,2025-10-19,7.1,BULLISH,NEUTRAL,NEUTRAL,NEUTRAL,ESS_BULLISH_ANALYST_SKEPTICAL,False,-0.075627,0.020589,-0.030213,LOSER,False
GD,2025-10-19,9.6,BULLISH,NEUTRAL,BULLISH,BULLISH,ESS_BULLISH_ANALYST_MIXED,False,0.012159,0.000445,-0.030213,WINNER,True
GDOT,2025-10-19,9.7,BULLISH,NEUTRAL,NO_DATA,NEUTRAL,ESS_BULLISH_ANALYST_SKEPTICAL,False,-0.164557,0.042722,-0.030213,LOSER,False
GDS,2025-10-19,7.1,BULLISH,NEUTRAL,NO_DATA,NEUTRAL,ESS_BULLISH_ANALYST_SKEPTICAL,False,-0.15615,0.002035,-0.030213,LOSER,False
GFI,2025-10-19,8.6,BULLISH,NEUTRAL,NO_DATA,NEUTRAL,ESS_BULLISH_ANALYST_SKEPTICAL,False,-0.088437,0.009369,-0.030213,LOSER,False
GHC,2025-10-19,7.1,BULLISH,NO_DATA,BEARISH,NEUTRAL,ESS_BULLISH_ANALYST_MAJORITY_BEARISH,True,0.060992,0.110281,-0.030213,WINNER,True
GHM,2025-10-19,7.1,BULLISH,NEUTRAL,BEARISH,NEUTRAL,ESS_BULLISH_ANALYST_SKEPTICAL,True,-0.104514,-0.015693,-0.030213,LOSER,False
GIB,2025-10-19,9.2,BULLISH,NEUTRAL,BULLISH,NEUTRAL,ESS_BULLISH_ANALYST_MIXED,False,-0.011485,0.059492,-0.030213,NEUTRAL,False
GIC,2025-10-19,9.6,BULLISH,NEUTRAL,NEUTRAL,NO_DATA,ESS_BULLISH_ANALYST_SKEPTICAL,False,-0.220248,-0.141983,-0.030213,LOSER,False
GILD,2025-10-19,8.9,BULLISH,NEUTRAL,BULLISH,BULLISH,ESS_BULLISH_ANALYST_MIXED,False,0.03306,-0.006805,-0.030213,WINNER,True
GLDD,2025-10-19,9.3,BULLISH,NEUTRAL,NO_DATA,NEUTRAL,ESS_BULLISH_ANALYST_SKEPTICAL,False,,,-0.030213,NO_DATA,
GLW,2025-10-19,9.0,BULLISH,BULLISH,NEUTRAL,NEUTRAL,ESS_BULLISH_ANALYST_MIXED,False,-0.057302,0.022237,-0.030213,LOSER,False
GNTX,2025-10-19,7.2,BULLISH,NEUTRAL,BULLISH,NEUTRAL,ESS_BULLISH_ANALYST_MIXED,False,-0.157337,-0.104766,-0.030213,LOSER,False
GOOG,2025-10-19,7.6,BULLISH,NEUTRAL,NEUTRAL,NO_DATA,ESS_BULLISH_ANALYST_SKEPTICAL,False,,,-0.030213,NO_DATA,
GOOGL,2025-10-19,8.0,BULLISH,NEUTRAL,BULLISH,NEUTRAL,ESS_BULLISH_ANALYST_MIXED,False,0.108088,0.179723,-0.030213,WINNER,True
GPI,2025-10-19,9.3,BULLISH,NEUTRAL,BULLISH,NEUTRAL,ESS_BULLISH_ANALYST_MIXED,False,-0.117838,-0.095257,-0.030213,LOSER,False
GPN,2025-10-19,7.7,BULLISH,NEUTRAL,BEARISH,NEUTRAL,ESS_BULLISH_ANALYST_SKEPTICAL,True,-0.172259,-0.05342,-0.030213,LOSER,False
GRC,2025-10-19,7.9,BULLISH,NEUTRAL,BULLISH,NEUTRAL,ESS_BULLISH_ANALYST_MIXED,False,-0.077952,0.032753,-0.030213,LOSER,False
GS,2025-10-19,7.3,BULLISH,NEUTRAL,NO_DATA,NEUTRAL,ESS_BULLISH_ANALYST_SKEPTICAL,False,0.017005,0.153703,-0.030213,WINNER,True
GSBC,2025-10-19,8.4,BULLISH,NEUTRAL,NO_DATA,NEUTRAL,ESS_BULLISH_ANALYST_SKEPTICAL,False,-0.012524,0.1522,-0.030213,NEUTRAL,False
GSK,2025-10-19,9.7,BULLISH,NEUTRAL,NO_DATA,NEUTRAL,ESS_BULLISH_ANALYST_SKEPTICAL,False,0.083044,0.104079,-0.030213,WINNER,True
GSL,2025-10-19,8.0,BULLISH,BULLISH,NEUTRAL,NEUTRAL,ESS_BULLISH_ANALYST_MIXED,False,0.245223,0.225801,-0.030213,WINNER,True
GTN,2025-10-19,9.4,BULLISH,NEUTRAL,NEUTRAL,NEUTRAL,ESS_BULLISH_ANALYST_SKEPTICAL,False,0.004175,0.059748,-0.030213,WINNER,True
GTX,2025-10-19,8.7,BULLISH,BULLISH,NO_DATA,NEUTRAL,ESS_BULLISH_ANALYST_MIXED,False,0.3304,0.388319,-0.030213,WINNER,True
HAE,2025-10-19,8.8,BULLISH,NEUTRAL,NEUTRAL,NEUTRAL,ESS_BULLISH_ANALYST_SKEPTICAL,False,0.467166,0.575626,-0.030213,WINNER,True
HAFC,2025-10-19,7.1,BULLISH,NEUTRAL,NO_DATA,NEUTRAL,ESS_BULLISH_ANALYST_SKEPTICAL,False,0.086025,0.209255,-0.030213,WINNER,True
HALO,2025-10-19,8.7,BULLISH,NEUTRAL,NEUTRAL,NEUTRAL,ESS_BULLISH_ANALYST_SKEPTICAL,False,0.054611,-0.02046,-0.030213,WINNER,True
HBCP,2025-10-19,8.5,BULLISH,NEUTRAL,NO_DATA,NEUTRAL,ESS_BULLISH_ANALYST_SKEPTICAL,False,-0.02153,0.144157,-0.030213,NEUTRAL,False
HBM,2025-10-19,9.9,BULLISH,BULLISH,BEARISH,NEUTRAL,ESS_BULLISH_ANALYST_MIXED,True,-0.080341,0.154595,-0.030213,LOSER,False
HBT,2025-10-19,7.5,BULLISH,NEUTRAL,NO_DATA,NEUTRAL,ESS_BULLISH_ANALYST_SKEPTICAL,False,-0.061078,0.132206,-0.030213,LOSER,False
HCA,2025-10-19,9.8,BULLISH,NEUTRAL,NEUTRAL,BULLISH,ESS_BULLISH_ANALYST_MIXED,False,0.103867,0.078735,-0.030213,WINNER,True
HCAT,2025-10-19,7.4,BULLISH,NEUTRAL,NO_DATA,NEUTRAL,ESS_BULLISH_ANALYST_SKEPTICAL,False,-0.304487,-0.240385,-0.030213,LOSER,False
HCI,2025-10-19,9.1,BULLISH,BULLISH,NO_DATA,BULLISH,ESS_BULLISH_ANALYST_FULL_AGREE,False,-0.110572,-0.030139,-0.030213,LOSER,False
HDSN,2025-10-19,8.2,BULLISH,NEUTRAL,NEUTRAL,NEUTRAL,ESS_BULLISH_ANALYST_SKEPTICAL,False,-0.247492,-0.183946,-0.030213,LOSER,False
HE,2025-10-19,7.9,BULLISH,NEUTRAL,NEUTRAL,NEUTRAL,ESS_BULLISH_ANALYST_SKEPTICAL,False,-0.045226,0.020101,-0.030213,NEUTRAL,False
HFWA,2025-10-19,7.2,BULLISH,BULLISH,NO_DATA,NEUTRAL,ESS_BULLISH_ANALYST_MIXED,False,-0.010318,0.160316,-0.030213,NEUTRAL,False
HHH,2025-10-19,9.5,BULLISH,BULLISH,NO_DATA,NO_DATA,ESS_BULLISH_ANALYST_FULL_AGREE,False,0.027309,0.040219,-0.030213,WINNER,True
HIG,2025-10-19,9.2,BULLISH,NEUTRAL,NO_DATA,NEUTRAL,ESS_BULLISH_ANALYST_SKEPTICAL,False,0.074849,0.126694,-0.030213,WINNER,True
HII,2025-10-19,8.9,BULLISH,NEUTRAL,NEUTRAL,BULLISH,ESS_BULLISH_ANALYST_MIXED,False,0.081849,0.133964,-0.030213,WINNER,True
HL,2025-10-19,8.2,BULLISH,NEUTRAL,NEUTRAL,NEUTRAL,ESS_BULLISH_ANALYST_SKEPTICAL,False,-0.028335,0.315528,-0.030213,NEUTRAL,False
HLNE,2025-10-19,8.9,BULLISH,BULLISH,NO_DATA,NEUTRAL,ESS_BULLISH_ANALYST_MIXED,False,0.045238,0.116017,-0.030213,WINNER,True
HNI,2025-10-19,7.1,BULLISH,NEUTRAL,BULLISH,NEUTRAL,ESS_BULLISH_ANALYST_MIXED,False,-0.11627,-0.027875,-0.030213,LOSER,False
HOOD,2025-10-19,9.0,BULLISH,BULLISH,NO_DATA,NO_DATA,ESS_BULLISH_ANALYST_FULL_AGREE,False,-0.158321,-0.137261,-0.030213,LOSER,False
HQY,2025-10-19,7.7,BULLISH,NEUTRAL,NEUTRAL,NEUTRAL,ESS_BULLISH_ANALYST_SKEPTICAL,False,0.104375,0.026551,-0.030213,WINNER,True
HRB,2025-10-19,7.2,BULLISH,NEUTRAL,NEUTRAL,NEUTRAL,ESS_BULLISH_ANALYST_SKEPTICAL,False,-0.13432,-0.149121,-0.030213,LOSER,False
HRMY,2025-10-19,9.7,BULLISH,NEUTRAL,NO_DATA,NO_DATA,ESS_BULLISH_ANALYST_SKEPTICAL,False,0.306303,0.440046,-0.030213,WINNER,True
HRTG,2025-10-19,8.4,BULLISH,NEUTRAL,NO_DATA,NEUTRAL,ESS_BULLISH_ANALYST_SKEPTICAL,False,0.258078,0.288669,-0.030213,WINNER,True
HSBC,2025-10-19,9.0,BULLISH,NEUTRAL,NO_DATA,NEUTRAL,ESS_BULLISH_ANALYST_SKEPTICAL,False,0.067102,0.177047,-0.030213,WINNER,True
HST,2025-10-19,8.2,BULLISH,NEUTRAL,NO_DATA,NEUTRAL,ESS_BULLISH_ANALYST_SKEPTICAL,False,0.043056,0.119466,-0.030213,WINNER,True
HTO,2025-10-19,8.2,BULLISH,NEUTRAL,BULLISH,NO_DATA,ESS_BULLISH_ANALYST_MIXED,False,-0.092395,-0.013816,-0.030213,LOSER,False
HUBB,2025-10-19,7.9,BULLISH,NEUTRAL,NEUTRAL,NEUTRAL,ESS_BULLISH_ANALYST_SKEPTICAL,False,-0.033291,0.010763,-0.030213,NEUTRAL,False
HURN,2025-10-19,9.0,BULLISH,NEUTRAL,BULLISH,BULLISH,ESS_BULLISH_ANALYST_MIXED,False,0.060606,0.177207,-0.030213,WINNER,True
HVT,2025-10-19,7.2,BULLISH,NEUTRAL,NEUTRAL,NEUTRAL,ESS_BULLISH_ANALYST_SKEPTICAL,False,0.102526,0.261686,-0.030213,WINNER,True
HWC,2025-10-19,7.1,BULLISH,NEUTRAL,NO_DATA,NEUTRAL,ESS_BULLISH_ANALYST_SKEPTICAL,False,0.002652,0.17288,-0.030213,WINNER,True
IAC,2025-10-19,7.8,BULLISH,NEUTRAL,BEARISH,NEUTRAL,ESS_BULLISH_ANALYST_SKEPTICAL,True,-0.018896,0.183863,-0.030213,NEUTRAL,False
IAG,2025-10-19,7.8,BULLISH,NEUTRAL,BULLISH,NEUTRAL,ESS_BULLISH_ANALYST_MIXED,False,0.000732,0.179225,-0.030213,WINNER,True
IBCP,2025-10-19,7.5,BULLISH,NEUTRAL,NO_DATA,NEUTRAL,ESS_BULLISH_ANALYST_SKEPTICAL,False,-0.058094,0.098786,-0.030213,LOSER,False
IBKR,2025-10-19,8.2,BULLISH,NEUTRAL,NO_DATA,NEUTRAL,ESS_BULLISH_ANALYST_SKEPTICAL,False,-0.054825,-0.058597,-0.030213,LOSER,False
IBM,2025-10-19,8.5,BULLISH,NEUTRAL,NEUTRAL,NEUTRAL,ESS_BULLISH_ANALYST_SKEPTICAL,False,0.027847,0.065068,-0.030213,WINNER,True
ICFI,2025-10-19,7.9,BULLISH,NEUTRAL,BULLISH,NEUTRAL,ESS_BULLISH_ANALYST_MIXED,False,-0.14903,-0.052017,-0.030213,LOSER,False
ICLR,2025-10-19,9.4,BULLISH,NEUTRAL,BULLISH,NEUTRAL,ESS_BULLISH_ANALYST_MIXED,False,-0.145556,-0.051738,-0.030213,LOSER,False
IDA,2025-10-19,8.0,BULLISH,NEUTRAL,BEARISH,NEUTRAL,ESS_BULLISH_ANALYST_SKEPTICAL,True,-0.07074,-0.068254,-0.030213,LOSER,False
IDN,2025-10-19,7.6,BULLISH,NEUTRAL,BULLISH,NEUTRAL,ESS_BULLISH_ANALYST_MIXED,False,0.373469,0.444898,-0.030213,WINNER,True
IDXX,2025-10-19,8.5,BULLISH,NEUTRAL,BULLISH,NEUTRAL,ESS_BULLISH_ANALYST_MIXED,False,0.041653,0.083446,-0.030213,WINNER,True
III,2025-10-19,8.6,BULLISH,NEUTRAL,BULLISH,NEUTRAL,ESS_BULLISH_ANALYST_MIXED,False,-0.087034,0.068726,-0.030213,LOSER,False
IIIN,2025-10-19,7.9,BULLISH,NEUTRAL,BULLISH,NEUTRAL,ESS_BULLISH_ANALYST_MIXED,False,-0.016693,0.093355,-0.030213,NEUTRAL,False
IIPR,2025-10-19,7.3,BULLISH,NEUTRAL,NO_DATA,NEUTRAL,ESS_BULLISH_ANALYST_SKEPTICAL,False,-0.129209,0.031662,-0.030213,LOSER,False
ILPT,2025-10-19,7.8,BULLISH,NEUTRAL,NO_DATA,NEUTRAL,ESS_BULLISH_ANALYST_SKEPTICAL,False,-0.034548,0.031604,-0.030213,NEUTRAL,False
IMKTA,2025-10-19,8.6,BULLISH,NO_DATA,BULLISH,NEUTRAL,ESS_BULLISH_ANALYST_MIXED,False,0.002707,-0.008798,-0.030213,WINNER,True
IMXI,2025-10-19,8.5,BULLISH,NEUTRAL,NO_DATA,NEUTRAL,ESS_BULLISH_ANALYST_SKEPTICAL,False,0.024456,0.044158,-0.030213,WINNER,True
INCY,2025-10-19,9.4,BULLISH,BULLISH,BEARISH,BULLISH,ESS_BULLISH_ANALYST_MIXED,True,0.20564,0.129279,-0.030213,WINNER,True
INFU,2025-10-19,7.8,BULLISH,NEUTRAL,NEUTRAL,NEUTRAL,ESS_BULLISH_ANALYST_SKEPTICAL,False,-0.030208,-0.008333,-0.030213,NEUTRAL,False
INGN,2025-10-19,8.4,BULLISH,NEUTRAL,NEUTRAL,NEUTRAL,ESS_BULLISH_ANALYST_SKEPTICAL,False,-0.201632,-0.203963,-0.030213,LOSER,False
INOD,2025-10-19,9.9,BULLISH,BULLISH,NO_DATA,BULLISH,ESS_BULLISH_ANALYST_FULL_AGREE,False,-0.270128,-0.368164,-0.030213,LOSER,False
INSE,2025-10-19,7.6,BULLISH,NEUTRAL,NO_DATA,NEUTRAL,ESS_BULLISH_ANALYST_SKEPTICAL,False,-0.096855,0.133333,-0.030213,LOSER,False
INVA,2025-10-19,8.8,BULLISH,BULLISH,NEUTRAL,NEUTRAL,ESS_BULLISH_ANALYST_MIXED,False,0.270773,0.166182,-0.030213,WINNER,True
INVX,2025-10-19,8.2,BULLISH,NEUTRAL,BEARISH,NO_DATA,ESS_BULLISH_ANALYST_MAJORITY_BEARISH,True,0.235655,0.182173,-0.030213,WINNER,True
IPI,2025-10-19,9.9,BULLISH,BULLISH,BEARISH,NO_DATA,ESS_BULLISH_ANALYST_MAJORITY_BEARISH,True,-0.114255,-0.046562,-0.030213,LOSER,False
IQ,2025-10-19,9.5,BULLISH,NEUTRAL,NO_DATA,NEUTRAL,ESS_BULLISH_ANALYST_SKEPTICAL,False,-0.009091,-0.15,-0.030213,WINNER,True
IQV,2025-10-19,7.3,BULLISH,NEUTRAL,BULLISH,NEUTRAL,ESS_BULLISH_ANALYST_MIXED,False,0.024664,0.049375,-0.030213,WINNER,True
IRDM,2025-10-19,8.7,BULLISH,NEUTRAL,NEUTRAL,NEUTRAL,ESS_BULLISH_ANALYST_SKEPTICAL,False,-0.134976,-0.105855,-0.030213,LOSER,False
IRMD,2025-10-19,8.4,BULLISH,NEUTRAL,NEUTRAL,NEUTRAL,ESS_BULLISH_ANALYST_SKEPTICAL,False,0.156162,0.299171,-0.030213,WINNER,True
IRWD,2025-10-19,8.3,BULLISH,BULLISH,BEARISH,NEUTRAL,ESS_BULLISH_ANALYST_MIXED,True,1.019481,1.116883,-0.030213,WINNER,True
ITGR,2025-10-19,8.6,BULLISH,NEUTRAL,BULLISH,NEUTRAL,ESS_BULLISH_ANALYST_MIXED,False,-0.369004,-0.268697,-0.030213,LOSER,False
ITRI,2025-10-19,9.7,BULLISH,BULLISH,BULLISH,NEUTRAL,ESS_BULLISH_ANALYST_MIXED,False,-0.281728,-0.294486,-0.030213,LOSER,False
ITW,2025-10-19,7.8,BULLISH,NEUTRAL,BULLISH,NEUTRAL,ESS_BULLISH_ANALYST_MIXED,False,-0.041406,-0.004755,-0.030213,NEUTRAL,False
IVR,2025-10-19,8.5,BULLISH,NEUTRAL,NO_DATA,NEUTRAL,ESS_BULLISH_ANALYST_SKEPTICAL,False,0.03523,0.139566,-0.030213,WINNER,True
IVZ,2025-10-19,9.2,BULLISH,NEUTRAL,NO_DATA,NEUTRAL,ESS_BULLISH_ANALYST_SKEPTICAL,False,0.000884,0.169612,-0.030213,WINNER,True
J,2025-10-19,7.9,BULLISH,NEUTRAL,NEUTRAL,NEUTRAL,ESS_BULLISH_ANALYST_SKEPTICAL,False,-0.072646,-0.181827,-0.030213,LOSER,False
JAZZ,2025-10-19,8.9,BULLISH,NEUTRAL,NEUTRAL,NEUTRAL,ESS_BULLISH_ANALYST_SKEPTICAL,False,0.338673,0.230997,-0.030213,WINNER,True
JBGS,2025-10-19,7.3,BULLISH,NO_DATA,NO_DATA,NEUTRAL,ESS_BULLISH_ANALYST_SKEPTICAL,False,-0.12154,-0.136916,-0.030213,LOSER,False
JBHT,2025-10-19,8.2,BULLISH,NEUTRAL,BULLISH,NEUTRAL,ESS_BULLISH_ANALYST_MIXED,False,-0.018352,0.189997,-0.030213,NEUTRAL,False
JBL,2025-10-19,8.9,BULLISH,NEUTRAL,BULLISH,NO_DATA,ESS_BULLISH_ANALYST_MIXED,False,-0.024807,0.064239,-0.030213,NEUTRAL,False
JBSS,2025-10-19,8.7,BULLISH,NEUTRAL,NEUTRAL,NEUTRAL,ESS_BULLISH_ANALYST_SKEPTICAL,False,0.128964,0.261567,-0.030213,WINNER,True
JELD,2025-10-19,8.0,BULLISH,NEUTRAL,NEUTRAL,NO_DATA,ESS_BULLISH_ANALYST_SKEPTICAL,False,-0.611465,-0.394904,-0.030213,LOSER,False
JHG,2025-10-19,8.2,BULLISH,BULLISH,NO_DATA,NEUTRAL,ESS_BULLISH_ANALYST_MIXED,False,0.019294,0.091052,-0.030213,WINNER,True
JILL,2025-10-19,8.0,BULLISH,BEARISH,NEUTRAL,NO_DATA,ESS_BULLISH_ANALYST_MAJORITY_BEARISH,True,-0.109804,-0.026144,-0.030213,LOSER,False
JNJ,2025-10-19,8.6,BULLISH,NEUTRAL,BEARISH,NEUTRAL,ESS_BULLISH_ANALYST_SKEPTICAL,True,0.032418,0.082142,-0.030213,WINNER,True
JPM,2025-10-19,7.3,BULLISH,NEUTRAL,NO_DATA,NEUTRAL,ESS_BULLISH_ANALYST_SKEPTICAL,False,-0.009757,0.03519,-0.030213,WINNER,True
JXN,2025-10-19,7.2,BULLISH,BULLISH,NO_DATA,NO_DATA,ESS_BULLISH_ANALYST_FULL_AGREE,False,-0.065406,0.106865,-0.030213,LOSER,False
KAI,2025-10-19,7.2,BULLISH,NEUTRAL,NEUTRAL,NEUTRAL,ESS_BULLISH_ANALYST_SKEPTICAL,False,-0.181965,-0.039864,-0.030213,LOSER,False
KAR,2025-10-19,8.4,BULLISH,NEUTRAL,NO_DATA,NEUTRAL,ESS_BULLISH_ANALYST_SKEPTICAL,False,,,-0.030213,NO_DATA,
KB,2025-10-19,7.9,BULLISH,NEUTRAL,NO_DATA,NEUTRAL,ESS_BULLISH_ANALYST_SKEPTICAL,False,0.016306,0.023795,-0.030213,WINNER,True
KBH,2025-10-19,8.0,BULLISH,NEUTRAL,BULLISH,NEUTRAL,ESS_BULLISH_ANALYST_MIXED,False,-0.053014,0.018046,-0.030213,LOSER,False
KBR,2025-10-19,8.5,BULLISH,NEUTRAL,NEUTRAL,NEUTRAL,ESS_BULLISH_ANALYST_SKEPTICAL,False,-0.06273,-0.012798,-0.030213,LOSER,False
KE,2025-10-19,9.1,BULLISH,NEUTRAL,BULLISH,NEUTRAL,ESS_BULLISH_ANALYST_MIXED,False,-0.037709,-0.011173,-0.030213,NEUTRAL,False
KELYA,2025-10-19,8.4,BULLISH,NEUTRAL,BULLISH,NEUTRAL,ESS_BULLISH_ANALYST_MIXED,False,-0.318292,-0.262601,-0.030213,LOSER,False
KEX,2025-10-19,7.4,BULLISH,NEUTRAL,BULLISH,NEUTRAL,ESS_BULLISH_ANALYST_MIXED,False,0.243378,0.292308,-0.030213,WINNER,True
KFY,2025-10-19,8.1,BULLISH,NEUTRAL,BULLISH,NEUTRAL,ESS_BULLISH_ANALYST_MIXED,False,-0.07728,0.004785,-0.030213,LOSER,False
KGC,2025-10-19,8.6,BULLISH,NEUTRAL,BULLISH,NEUTRAL,ESS_BULLISH_ANALYST_MIXED,False,-0.021982,0.079445,-0.030213,NEUTRAL,False
KLAC,2025-10-19,9.4,BULLISH,NEUTRAL,BULLISH,NEUTRAL,ESS_BULLISH_ANALYST_MIXED,False,-0.024214,0.062062,-0.030213,NEUTRAL,False
KMPR,2025-10-19,8.3,BULLISH,NEUTRAL,NO_DATA,NEUTRAL,ESS_BULLISH_ANALYST_SKEPTICAL,False,-0.248467,-0.175534,-0.030213,LOSER,False
KNSL,2025-10-19,9.0,BULLISH,NEUTRAL,NO_DATA,BULLISH,ESS_BULLISH_ANALYST_MIXED,False,-0.107946,-0.10513,-0.030213,LOSER,False
KOD,2025-10-19,8.6,BULLISH,NEUTRAL,NO_DATA,NEUTRAL,ESS_BULLISH_ANALYST_SKEPTICAL,False,0.085876,0.490395,-0.030213,WINNER,True
KR,2025-10-19,9.6,BULLISH,NEUTRAL,BULLISH,BULLISH,ESS_BULLISH_ANALYST_MIXED,False,-0.020399,-0.087131,-0.030213,NEUTRAL,False
KRG,2025-10-19,8.5,BULLISH,NEUTRAL,NO_DATA,NEUTRAL,ESS_BULLISH_ANALYST_SKEPTICAL,False,-0.013747,0.049667,-0.030213,NEUTRAL,False
KROS,2025-10-19,8.6,BULLISH,NEUTRAL,NO_DATA,NEUTRAL,ESS_BULLISH_ANALYST_SKEPTICAL,False,0.155365,0.325214,-0.030213,WINNER,True
KRYS,2025-10-19,9.1,BULLISH,NEUTRAL,BULLISH,NEUTRAL,ESS_BULLISH_ANALYST_MIXED,False,0.044805,0.190906,-0.030213,WINNER,True
KTB,2025-10-19,7.3,BULLISH,NEUTRAL,NO_DATA,NEUTRAL,ESS_BULLISH_ANALYST_SKEPTICAL,False,-0.17613,-0.239565,-0.030213,LOSER,False
KW,2025-10-19,8.0,BULLISH,NEUTRAL,NO_DATA,NEUTRAL,ESS_BULLISH_ANALYST_SKEPTICAL,False,0.217224,0.266067,-0.030213,WINNER,True
L,2025-10-19,8.5,BULLISH,NO_DATA,NO_DATA,NEUTRAL,ESS_BULLISH_ANALYST_SKEPTICAL,False,0.059678,0.06776,-0.030213,WINNER,True
LADR,2025-10-19,8.5,BULLISH,NEUTRAL,NO_DATA,NEUTRAL,ESS_BULLISH_ANALYST_SKEPTICAL,False,-0.036044,0.055453,-0.030213,NEUTRAL,False
LC,2025-10-19,8.5,BULLISH,NEUTRAL,NO_DATA,NEUTRAL,ESS_BULLISH_ANALYST_SKEPTICAL,False,-0.022616,0.199267,-0.030213,NEUTRAL,False
LCNB,2025-10-19,8.4,BULLISH,NEUTRAL,NO_DATA,NEUTRAL,ESS_BULLISH_ANALYST_SKEPTICAL,False,0.028359,0.19756,-0.030213,WINNER,True
LDOS,2025-10-19,8.8,BULLISH,BULLISH,BULLISH,NEUTRAL,ESS_BULLISH_ANALYST_MIXED,False,-0.007244,-0.046661,-0.030213,WINNER,True
LECO,2025-10-19,9.0,BULLISH,BULLISH,BULLISH,NEUTRAL,ESS_BULLISH_ANALYST_MIXED,False,-0.07844,0.017835,-0.030213,LOSER,False
LEG,2025-10-19,7.8,BULLISH,NEUTRAL,BULLISH,NEUTRAL,ESS_BULLISH_ANALYST_MIXED,False,-0.022321,0.266625,-0.030213,NEUTRAL,False
LEGH,2025-10-19,7.6,BULLISH,NEUTRAL,NO_DATA,NEUTRAL,ESS_BULLISH_ANALYST_SKEPTICAL,False,-0.190798,-0.11946,-0.030213,LOSER,False
LEVI,2025-10-19,8.3,BULLISH,NEUTRAL,NO_DATA,NEUTRAL,ESS_BULLISH_ANALYST_SKEPTICAL,False,-0.011181,0.06563,-0.030213,NEUTRAL,False
LFST,2025-10-19,8.3,BULLISH,BULLISH,NO_DATA,NO_DATA,ESS_BULLISH_ANALYST_FULL_AGREE,False,0.20155,0.344961,-0.030213,WINNER,True
LFVN,2025-10-19,8.5,BULLISH,NEUTRAL,NEUTRAL,NEUTRAL,ESS_BULLISH_ANALYST_SKEPTICAL,False,-0.241218,-0.262146,-0.030213,LOSER,False
LIVN,2025-10-19,7.6,BULLISH,NEUTRAL,BULLISH,NEUTRAL,ESS_BULLISH_ANALYST_MIXED,False,-0.003882,0.147505,-0.030213,WINNER,True
LKQ,2025-10-19,8.5,BULLISH,NEUTRAL,BULLISH,NEUTRAL,ESS_BULLISH_ANALYST_MIXED,False,-0.00465,-0.003517,-0.030213,WINNER,True
LLY,2025-10-19,8.3,BULLISH,NEUTRAL,BEARISH,NEUTRAL,ESS_BULLISH_ANALYST_SKEPTICAL,True,0.275171,0.308386,-0.030213,WINNER,True
LNG,2025-10-19,8.1,BULLISH,BULLISH,BEARISH,NEUTRAL,ESS_BULLISH_ANALYST_MIXED,True,-0.037465,-0.139898,-0.030213,NEUTRAL,False
LNN,2025-10-19,7.1,BULLISH,NEUTRAL,NEUTRAL,NEUTRAL,ESS_BULLISH_ANALYST_SKEPTICAL,False,-0.16271,-0.056377,-0.030213,LOSER,False
LNTH,2025-10-19,8.3,BULLISH,BULLISH,NEUTRAL,NEUTRAL,ESS_BULLISH_ANALYST_MIXED,False,-0.05477,0.145583,-0.030213,LOSER,False
LOCO,2025-10-19,9.3,BULLISH,NEUTRAL,BULLISH,NEUTRAL,ESS_BULLISH_ANALYST_MIXED,False,0.085353,0.187566,-0.030213,WINNER,True
LOPE,2025-10-19,8.7,BULLISH,NEUTRAL,NEUTRAL,BULLISH,ESS_BULLISH_ANALYST_MIXED,False,-0.228649,-0.224793,-0.030213,LOSER,False
LPL,2025-10-19,8.3,BULLISH,NEUTRAL,NO_DATA,NEUTRAL,ESS_BULLISH_ANALYST_SKEPTICAL,False,-0.189394,-0.217803,-0.030213,LOSER,False
LRCX,2025-10-19,9.9,BULLISH,NEUTRAL,BULLISH,BULLISH,ESS_BULLISH_ANALYST_MIXED,False,-0.005623,0.145235,-0.030213,WINNER,True
LRN,2025-10-19,7.3,BULLISH,BULLISH,NEUTRAL,NEUTRAL,ESS_BULLISH_ANALYST_MIXED,False,-0.556494,-0.548183,-0.030213,LOSER,False
LSCC,2025-10-19,8.3,BULLISH,NEUTRAL,NEUTRAL,NEUTRAL,ESS_BULLISH_ANALYST_SKEPTICAL,False,-0.07979,0.038686,-0.030213,LOSER,False
LUMN,2025-10-19,7.6,BULLISH,NEUTRAL,BULLISH,NO_DATA,ESS_BULLISH_ANALYST_MIXED,False,0.064246,0.094972,-0.030213,WINNER,True
LWAY,2025-10-19,7.6,BULLISH,NO_DATA,NEUTRAL,NEUTRAL,ESS_BULLISH_ANALYST_SKEPTICAL,False,-0.1986,-0.119013,-0.030213,LOSER,False
LXFR,2025-10-19,9.7,BULLISH,NEUTRAL,BULLISH,NEUTRAL,ESS_BULLISH_ANALYST_MIXED,False,-0.105543,0.03265,-0.030213,LOSER,False
LXP,2025-10-19,8.2,BULLISH,NEUTRAL,NO_DATA,NEUTRAL,ESS_BULLISH_ANALYST_SKEPTICAL,False,-0.045567,0.033608,-0.030213,NEUTRAL,False
LYFT,2025-10-19,9.1,BULLISH,NEUTRAL,NO_DATA,NEUTRAL,ESS_BULLISH_ANALYST_SKEPTICAL,False,0.073726,-0.017318,-0.030213,WINNER,True
LYG,2025-10-19,7.8,BULLISH,NEUTRAL,NO_DATA,NEUTRAL,ESS_BULLISH_ANALYST_SKEPTICAL,False,0.053571,0.15625,-0.030213,WINNER,True
M,2025-10-19,8.6,BULLISH,BULLISH,NEUTRAL,BULLISH,ESS_BULLISH_ANALYST_MIXED,False,0.085095,0.309087,-0.030213,WINNER,True
MANH,2025-10-19,8.1,BULLISH,NEUTRAL,NEUTRAL,NEUTRAL,ESS_BULLISH_ANALYST_SKEPTICAL,False,-0.139586,-0.114589,-0.030213,LOSER,False
MAS,2025-10-19,9.2,BULLISH,BULLISH,NEUTRAL,NEUTRAL,ESS_BULLISH_ANALYST_MIXED,False,-0.135694,-0.04764,-0.030213,LOSER,False
MBWM,2025-10-19,8.4,BULLISH,NEUTRAL,NO_DATA,NEUTRAL,ESS_BULLISH_ANALYST_SKEPTICAL,False,-0.019942,0.120547,-0.030213,NEUTRAL,False
MCB,2025-10-19,7.6,BULLISH,NEUTRAL,NO_DATA,NEUTRAL,ESS_BULLISH_ANALYST_SKEPTICAL,False,-0.088901,0.081077,-0.030213,LOSER,False
MCHX,2025-10-19,7.9,BULLISH,BULLISH,NEUTRAL,NEUTRAL,ESS_BULLISH_ANALYST_MIXED,False,-0.194444,-0.066667,-0.030213,LOSER,False
MCK,2025-10-19,9.9,BULLISH,NEUTRAL,NEUTRAL,BULLISH,ESS_BULLISH_ANALYST_MIXED,False,0.092572,0.029823,-0.030213,WINNER,True
MCRB,2025-10-19,7.8,BULLISH,NEUTRAL,NEUTRAL,NEUTRAL,ESS_BULLISH_ANALYST_SKEPTICAL,False,,,-0.030213,NO_DATA,
MCRI,2025-10-19,7.6,BULLISH,NEUTRAL,NEUTRAL,NEUTRAL,ESS_BULLISH_ANALYST_SKEPTICAL,False,-0.016266,0.046038,-0.030213,NEUTRAL,False
MCY,2025-10-19,9.2,BULLISH,NEUTRAL,NO_DATA,BULLISH,ESS_BULLISH_ANALYST_MIXED,False,0.120111,0.175328,-0.030213,WINNER,True
MD,2025-10-19,8.0,BULLISH,NEUTRAL,BULLISH,NEUTRAL,ESS_BULLISH_ANALYST_MIXED,False,0.36019,0.281991,-0.030213,WINNER,True
MDT,2025-10-19,8.8,BULLISH,NEUTRAL,BULLISH,NEUTRAL,ESS_BULLISH_ANALYST_MIXED,False,0.050876,0.026689,-0.030213,WINNER,True
MDU,2025-10-19,7.1,BULLISH,BEARISH,BEARISH,NEUTRAL,ESS_BULLISH_ANALYST_MAJORITY_BEARISH,True,0.053664,-0.003749,-0.030213,WINNER,True
MDXG,2025-10-19,7.4,BULLISH,NEUTRAL,NO_DATA,NEUTRAL,ESS_BULLISH_ANALYST_SKEPTICAL,False,-0.004444,0.074074,-0.030213,WINNER,True
MED,2025-10-19,8.7,BULLISH,NEUTRAL,BEARISH,NEUTRAL,ESS_BULLISH_ANALYST_SKEPTICAL,True,-0.121069,-0.054245,-0.030213,LOSER,False
MEDP,2025-10-19,8.7,BULLISH,NEUTRAL,NEUTRAL,BULLISH,ESS_BULLISH_ANALYST_MIXED,False,0.084073,0.029022,-0.030213,WINNER,True
MEI,2025-10-19,7.9,BULLISH,NO_DATA,NEUTRAL,NEUTRAL,ESS_BULLISH_ANALYST_SKEPTICAL,False,-0.002951,-0.035852,-0.030213,WINNER,True
MEOH,2025-10-19,8.6,BULLISH,NEUTRAL,NO_DATA,NEUTRAL,ESS_BULLISH_ANALYST_SKEPTICAL,False,0.043068,0.155041,-0.030213,WINNER,True
MET,2025-10-19,7.5,BULLISH,NEUTRAL,NO_DATA,NEUTRAL,ESS_BULLISH_ANALYST_SKEPTICAL,False,-0.035886,0.045214,-0.030213,NEUTRAL,False
MFC,2025-10-19,8.2,BULLISH,NEUTRAL,NO_DATA,NEUTRAL,ESS_BULLISH_ANALYST_SKEPTICAL,False,0.053689,0.135636,-0.030213,WINNER,True
MFG,2025-10-19,7.5,BULLISH,NEUTRAL,NO_DATA,NEUTRAL,ESS_BULLISH_ANALYST_SKEPTICAL,False,0.012365,0.122102,-0.030213,WINNER,True
MFIN,2025-10-19,8.4,BULLISH,NEUTRAL,NO_DATA,NEUTRAL,ESS_BULLISH_ANALYST_SKEPTICAL,False,-0.055631,0.062914,-0.030213,LOSER,False
MG,2025-10-19,7.5,BULLISH,NEUTRAL,NEUTRAL,NEUTRAL,ESS_BULLISH_ANALYST_SKEPTICAL,False,0.207951,0.292559,-0.030213,WINNER,True
MGA,2025-10-19,7.5,BULLISH,NEUTRAL,NEUTRAL,NEUTRAL,ESS_BULLISH_ANALYST_SKEPTICAL,False,0.063141,0.216198,-0.030213,WINNER,True
MGIC,2025-10-19,7.6,BULLISH,NEUTRAL,BULLISH,NEUTRAL,ESS_BULLISH_ANALYST_MIXED,False,,,-0.030213,NO_DATA,
MGPI,2025-10-19,7.2,BULLISH,NEUTRAL,BEARISH,NEUTRAL,ESS_BULLISH_ANALYST_SKEPTICAL,True,-0.034039,-0.005415,-0.030213,NEUTRAL,False
MGRC,2025-10-19,7.5,BULLISH,NEUTRAL,NEUTRAL,NEUTRAL,ESS_BULLISH_ANALYST_SKEPTICAL,False,-0.202735,-0.10216,-0.030213,LOSER,False
MHO,2025-10-19,8.0,BULLISH,NEUTRAL,BULLISH,NEUTRAL,ESS_BULLISH_ANALYST_MIXED,False,-0.108841,-0.043234,-0.030213,LOSER,False
MLAB,2025-10-19,8.4,BULLISH,NEUTRAL,NEUTRAL,NEUTRAL,ESS_BULLISH_ANALYST_SKEPTICAL,False,-0.076269,0.056521,-0.030213,LOSER,False
MLCO,2025-10-19,9.0,BULLISH,NEUTRAL,NO_DATA,NEUTRAL,ESS_BULLISH_ANALYST_SKEPTICAL,False,0.132075,-0.007547,-0.030213,WINNER,True
MLKN,2025-10-19,7.2,BULLISH,BULLISH,BEARISH,NO_DATA,ESS_BULLISH_ANALYST_MAJORITY_BEARISH,True,-0.174301,0.138971,-0.030213,LOSER,False
MLR,2025-10-19,7.5,BULLISH,NEUTRAL,NEUTRAL,NEUTRAL,ESS_BULLISH_ANALYST_SKEPTICAL,False,-0.116972,-0.065123,-0.030213,LOSER,False
MMS,2025-10-19,8.3,BULLISH,BULLISH,NEUTRAL,NEUTRAL,ESS_BULLISH_ANALYST_MIXED,False,-0.089658,0.006161,-0.030213,LOSER,False
MNST,2025-10-19,9.5,BULLISH,NEUTRAL,BULLISH,BULLISH,ESS_BULLISH_ANALYST_MIXED,False,0.045011,0.081709,-0.030213,WINNER,True
MO,2025-10-19,9.3,BULLISH,NEUTRAL,BEARISH,NEUTRAL,ESS_BULLISH_ANALYST_SKEPTICAL,True,-0.084783,-0.093323,-0.030213,LOSER,False
MOH,2025-10-19,7.8,BULLISH,BEARISH,BULLISH,BULLISH,ESS_BULLISH_ANALYST_MIXED,True,-0.285078,-0.17606,-0.030213,LOSER,False
MPAA,2025-10-19,8.4,BULLISH,NEUTRAL,NEUTRAL,NEUTRAL,ESS_BULLISH_ANALYST_SKEPTICAL,False,-0.166879,-0.180255,-0.030213,LOSER,False
MPWR,2025-10-19,8.8,BULLISH,NEUTRAL,NEUTRAL,NEUTRAL,ESS_BULLISH_ANALYST_SKEPTICAL,False,-0.169282,-0.098983,-0.030213,LOSER,False
MRC,2025-10-19,9.0,BULLISH,NEUTRAL,NEUTRAL,NEUTRAL,ESS_BULLISH_ANALYST_SKEPTICAL,False,,,-0.030213,NO_DATA,
MRK,2025-10-19,9.3,BULLISH,NEUTRAL,BULLISH,BULLISH,ESS_BULLISH_ANALYST_MIXED,False,0.117122,0.176444,-0.030213,WINNER,True
MRTN,2025-10-19,8.4,BULLISH,NEUTRAL,BULLISH,NEUTRAL,ESS_BULLISH_ANALYST_MIXED,False,-0.115314,0.075566,-0.030213,LOSER,False
MRVI,2025-10-19,9.3,BULLISH,NEUTRAL,NO_DATA,NO_DATA,ESS_BULLISH_ANALYST_SKEPTICAL,False,0.028409,0.0,-0.030213,WINNER,True
MSFT,2025-10-19,8.6,BULLISH,NEUTRAL,NEUTRAL,NEUTRAL,ESS_BULLISH_ANALYST_SKEPTICAL,False,-0.044505,-0.061735,-0.030213,NEUTRAL,False
MTD,2025-10-19,7.6,BULLISH,NEUTRAL,NEUTRAL,NEUTRAL,ESS_BULLISH_ANALYST_SKEPTICAL,False,0.028874,0.023695,-0.030213,WINNER,True
MTDR,2025-10-19,8.4,BULLISH,NEUTRAL,NEUTRAL,NEUTRAL,ESS_BULLISH_ANALYST_SKEPTICAL,False,-0.042267,-0.048084,-0.030213,NEUTRAL,False
MTG,2025-10-19,7.7,BULLISH,NEUTRAL,NO_DATA,NEUTRAL,ESS_BULLISH_ANALYST_SKEPTICAL,False,0.033227,0.108992,-0.030213,WINNER,True
MU,2025-10-19,8.7,BULLISH,BULLISH,BULLISH,NO_DATA,ESS_BULLISH_ANALYST_FULL_AGREE,False,0.105093,0.20206,-0.030213,WINNER,True
MWA,2025-10-19,8.7,BULLISH,NEUTRAL,NEUTRAL,NEUTRAL,ESS_BULLISH_ANALYST_SKEPTICAL,False,-0.090343,-0.024892,-0.030213,LOSER,False
MX,2025-10-19,9.3,BULLISH,NEUTRAL,NEUTRAL,NEUTRAL,ESS_BULLISH_ANALYST_SKEPTICAL,False,-0.240924,-0.138614,-0.030213,LOSER,False
MYE,2025-10-19,7.1,BULLISH,NEUTRAL,BULLISH,NEUTRAL,ESS_BULLISH_ANALYST_MIXED,False,0.020494,0.181154,-0.030213,WINNER,True
MYGN,2025-10-19,7.6,BULLISH,NEUTRAL,NEUTRAL,NEUTRAL,ESS_BULLISH_ANALYST_SKEPTICAL,False,-0.160759,-0.151899,-0.030213,LOSER,False
MYRG,2025-10-19,9.5,BULLISH,NEUTRAL,BULLISH,BULLISH,ESS_BULLISH_ANALYST_MIXED,False,0.058279,0.034032,-0.030213,WINNER,True
NABL,2025-10-19,9.0,BULLISH,NEUTRAL,NO_DATA,NO_DATA,ESS_BULLISH_ANALYST_SKEPTICAL,False,-0.096977,-0.034005,-0.030213,LOSER,False
NAGE,2025-10-19,8.9,BULLISH,NEUTRAL,NEUTRAL,NO_DATA,ESS_BULLISH_ANALYST_SKEPTICAL,False,-0.048544,-0.098474,-0.030213,NEUTRAL,False
NATH,2025-10-19,9.1,BULLISH,NO_DATA,NEUTRAL,NEUTRAL,ESS_BULLISH_ANALYST_SKEPTICAL,False,-0.135829,-0.091116,-0.030213,LOSER,False
NATL,2025-10-19,9.2,BULLISH,NEUTRAL,NO_DATA,NO_DATA,ESS_BULLISH_ANALYST_SKEPTICAL,False,-0.09971,0.029544,-0.030213,LOSER,False
NATR,2025-10-19,9.3,BULLISH,NO_DATA,NEUTRAL,NEUTRAL,ESS_BULLISH_ANALYST_SKEPTICAL,False,0.455944,0.576224,-0.030213,WINNER,True
NBHC,2025-10-19,7.2,BULLISH,BULLISH,NO_DATA,NEUTRAL,ESS_BULLISH_ANALYST_MIXED,False,-0.033623,0.095512,-0.030213,NEUTRAL,False
NBY,2025-10-19,7.8,BULLISH,NEUTRAL,NEUTRAL,NEUTRAL,ESS_BULLISH_ANALYST_SKEPTICAL,False,,,-0.030213,NO_DATA,
NDLS,2025-10-19,7.3,BULLISH,NEUTRAL,BULLISH,NEUTRAL,ESS_BULLISH_ANALYST_MIXED,False,,,-0.030213,NO_DATA,
NECB,2025-10-19,9.7,BULLISH,BULLISH,NO_DATA,NEUTRAL,ESS_BULLISH_ANALYST_MIXED,False,-0.030213,0.183259,-0.030213,NEUTRAL,False
NEM,2025-10-19,7.8,BULLISH,NEUTRAL,NEUTRAL,NEUTRAL,ESS_BULLISH_ANALYST_SKEPTICAL,False,-0.087364,0.049939,-0.030213,LOSER,False
NEU,2025-10-19,7.8,BULLISH,NO_DATA,BULLISH,BULLISH,ESS_BULLISH_ANALYST_FULL_AGREE,False,0.001987,-0.026004,-0.030213,WINNER,True
NEWT,2025-10-19,8.5,BULLISH,NEUTRAL,NO_DATA,NEUTRAL,ESS_BULLISH_ANALYST_SKEPTICAL,False,-0.089552,0.139925,-0.030213,LOSER,False
NFBK,2025-10-19,7.5,BULLISH,NEUTRAL,NO_DATA,NEUTRAL,ESS_BULLISH_ANALYST_SKEPTICAL,False,,,-0.030213,NO_DATA,
NFG,2025-10-19,7.3,BULLISH,NEUTRAL,NEUTRAL,NEUTRAL,ESS_BULLISH_ANALYST_SKEPTICAL,False,-0.059443,-0.049844,-0.030213,LOSER,False
NFLX,2025-10-19,7.4,BULLISH,NEUTRAL,BULLISH,NEUTRAL,ESS_BULLISH_ANALYST_MIXED,False,-0.07885,-0.241054,-0.030213,LOSER,False
NGS,2025-10-19,8.4,BULLISH,NEUTRAL,BEARISH,NEUTRAL,ESS_BULLISH_ANALYST_SKEPTICAL,True,0.102131,0.171683,-0.030213,WINNER,True
NHC,2025-10-19,9.0,BULLISH,NO_DATA,BULLISH,BULLISH,ESS_BULLISH_ANALYST_FULL_AGREE,False,0.012153,0.147776,-0.030213,WINNER,True
NICE,2025-10-19,8.6,BULLISH,NEUTRAL,NO_DATA,NEUTRAL,ESS_BULLISH_ANALYST_SKEPTICAL,False,-0.200893,-0.176764,-0.030213,LOSER,False
NKTR,2025-10-19,8.9,BULLISH,NEUTRAL,BULLISH,NEUTRAL,ESS_BULLISH_ANALYST_MIXED,False,-0.060645,-0.301476,-0.030213,LOSER,False
NLY,2025-10-19,7.7,BULLISH,NEUTRAL,NO_DATA,NEUTRAL,ESS_BULLISH_ANALYST_SKEPTICAL,False,0.021317,0.070583,-0.030213,WINNER,True
NMIH,2025-10-19,8.3,BULLISH,NEUTRAL,NO_DATA,NEUTRAL,ESS_BULLISH_ANALYST_SKEPTICAL,False,0.019375,0.15721,-0.030213,WINNER,True
NMR,2025-10-19,7.1,BULLISH,BULLISH,NO_DATA,NEUTRAL,ESS_BULLISH_ANALYST_MIXED,False,-0.025281,0.15309,-0.030213,NEUTRAL,False
NOG,2025-10-19,8.1,BULLISH,NEUTRAL,NEUTRAL,NO_DATA,ESS_BULLISH_ANALYST_SKEPTICAL,False,0.047418,0.023474,-0.030213,WINNER,True
NRIM,2025-10-19,8.5,BULLISH,NEUTRAL,NO_DATA,NEUTRAL,ESS_BULLISH_ANALYST_SKEPTICAL,False,0.087786,0.331247,-0.030213,WINNER,True
NSC,2025-10-19,7.7,BULLISH,NEUTRAL,BULLISH,NEUTRAL,ESS_BULLISH_ANALYST_MIXED,False,-0.031118,0.007155,-0.030213,NEUTRAL,False
NSIT,2025-10-19,8.3,BULLISH,NEUTRAL,BEARISH,NEUTRAL,ESS_BULLISH_ANALYST_SKEPTICAL,True,-0.196035,-0.288846,-0.030213,LOSER,False
NSSC,2025-10-19,9.9,BULLISH,BULLISH,BULLISH,BULLISH,ESS_BULLISH_ANALYST_FULL_AGREE,False,-0.10274,0.003489,-0.030213,LOSER,False
NTAP,2025-10-19,8.8,BULLISH,NEUTRAL,NEUTRAL,NEUTRAL,ESS_BULLISH_ANALYST_SKEPTICAL,False,-0.09246,-0.057489,-0.030213,LOSER,False
NTB,2025-10-19,9.9,BULLISH,BULLISH,NO_DATA,NEUTRAL,ESS_BULLISH_ANALYST_MIXED,False,0.068047,0.232929,-0.030213,WINNER,True
NTES,2025-10-19,9.6,BULLISH,NEUTRAL,NO_DATA,NEUTRAL,ESS_BULLISH_ANALYST_SKEPTICAL,False,-0.089369,-0.110865,-0.030213,LOSER,False
NTGR,2025-10-19,10.0,BULLISH,BULLISH,NO_DATA,BULLISH,ESS_BULLISH_ANALYST_FULL_AGREE,False,-0.248093,-0.268538,-0.030213,LOSER,False
NVAX,2025-10-19,8.9,BULLISH,NEUTRAL,BEARISH,NEUTRAL,ESS_BULLISH_ANALYST_SKEPTICAL,True,-0.25256,-0.240046,-0.030213,LOSER,False
NVDA,2025-10-19,9.7,BULLISH,NEUTRAL,NEUTRAL,BULLISH,ESS_BULLISH_ANALYST_MIXED,False,-0.007008,-0.046487,-0.030213,WINNER,True
NVGS,2025-10-19,8.7,BULLISH,NEUTRAL,BEARISH,NEUTRAL,ESS_BULLISH_ANALYST_SKEPTICAL,True,0.182774,0.143185,-0.030213,WINNER,True
NVO,2025-10-19,8.9,BULLISH,NEUTRAL,NEUTRAL,NEUTRAL,ESS_BULLISH_ANALYST_SKEPTICAL,False,-0.146932,-0.145856,-0.030213,LOSER,False
NVS,2025-10-19,9.1,BULLISH,NEUTRAL,NO_DATA,NEUTRAL,ESS_BULLISH_ANALYST_SKEPTICAL,False,-0.028682,0.026406,-0.030213,NEUTRAL,False
NWBI,2025-10-19,7.2,BULLISH,NEUTRAL,NO_DATA,NEUTRAL,ESS_BULLISH_ANALYST_SKEPTICAL,False,-0.0555,0.051549,-0.030213,LOSER,False
NWPX,2025-10-19,9.4,BULLISH,NEUTRAL,NO_DATA,BULLISH,ESS_BULLISH_ANALYST_MIXED,False,0.035521,0.179847,-0.030213,WINNER,True
NXST,2025-10-19,8.1,BULLISH,NEUTRAL,BULLISH,NEUTRAL,ESS_BULLISH_ANALYST_MIXED,False,-0.030066,0.06171,-0.030213,NEUTRAL,False
OC,2025-10-19,9.0,BULLISH,BEARISH,BULLISH,NEUTRAL,ESS_BULLISH_ANALYST_MIXED,True,-0.223259,-0.08579,-0.030213,LOSER,False
ODC,2025-10-19,8.0,BULLISH,NO_DATA,BULLISH,NEUTRAL,ESS_BULLISH_ANALYST_MIXED,False,-0.06371,-0.108037,-0.030213,LOSER,False
ODP,2025-10-19,7.2,BULLISH,NEUTRAL,NEUTRAL,NEUTRAL,ESS_BULLISH_ANALYST_SKEPTICAL,False,,,-0.030213,NO_DATA,
OFG,2025-10-19,8.3,BULLISH,NEUTRAL,NO_DATA,NEUTRAL,ESS_BULLISH_ANALYST_SKEPTICAL,False,-0.06381,0.010831,-0.030213,LOSER,False
OFIX,2025-10-19,7.8,BULLISH,NEUTRAL,BEARISH,NEUTRAL,ESS_BULLISH_ANALYST_SKEPTICAL,True,-0.078105,-0.003841,-0.030213,LOSER,False
OFLX,2025-10-19,7.6,BULLISH,NO_DATA,BULLISH,NEUTRAL,ESS_BULLISH_ANALYST_MIXED,False,-0.082178,0.039875,-0.030213,LOSER,False
OGE,2025-10-19,7.1,BULLISH,NEUTRAL,NEUTRAL,NEUTRAL,ESS_BULLISH_ANALYST_SKEPTICAL,False,-0.053805,-0.072454,-0.030213,LOSER,False
OGN,2025-10-19,7.3,BULLISH,NEUTRAL,NEUTRAL,NO_DATA,ESS_BULLISH_ANALYST_SKEPTICAL,False,-0.165584,-0.257748,-0.030213,LOSER,False
OGS,2025-10-19,7.5,BULLISH,NEUTRAL,BEARISH,NEUTRAL,ESS_BULLISH_ANALYST_SKEPTICAL,True,-0.013339,-0.044369,-0.030213,NEUTRAL,False
OI,2025-10-19,9.2,BULLISH,NEUTRAL,NO_DATA,NEUTRAL,ESS_BULLISH_ANALYST_SKEPTICAL,False,0.050736,0.226678,-0.030213,WINNER,True
OLN,2025-10-19,7.3,BULLISH,NEUTRAL,NEUTRAL,NEUTRAL,ESS_BULLISH_ANALYST_SKEPTICAL,False,-0.172473,-0.106667,-0.030213,LOSER,False
OMCL,2025-10-19,7.9,BULLISH,BULLISH,BEARISH,NEUTRAL,ESS_BULLISH_ANALYST_MIXED,True,0.139735,0.531457,-0.030213,WINNER,True
OMI,2025-10-19,7.9,BULLISH,NEUTRAL,NEUTRAL,NO_DATA,ESS_BULLISH_ANALYST_SKEPTICAL,False,,,-0.030213,NO_DATA,
ONEW,2025-10-19,7.6,BULLISH,NEUTRAL,NO_DATA,NEUTRAL,ESS_BULLISH_ANALYST_SKEPTICAL,False,-0.199086,-0.310705,-0.030213,LOSER,False
OPBK,2025-10-19,9.2,BULLISH,NEUTRAL,NO_DATA,NEUTRAL,ESS_BULLISH_ANALYST_SKEPTICAL,False,-0.049544,0.128995,-0.030213,NEUTRAL,False
OPRT,2025-10-19,7.5,BULLISH,NEUTRAL,NO_DATA,NEUTRAL,ESS_BULLISH_ANALYST_SKEPTICAL,False,-0.139963,0.003683,-0.030213,LOSER,False
ORI,2025-10-19,9.9,BULLISH,NEUTRAL,BULLISH,BULLISH,ESS_BULLISH_ANALYST_MIXED,False,0.06705,0.103354,-0.030213,WINNER,True
ORRF,2025-10-19,7.6,BULLISH,NEUTRAL,NO_DATA,NEUTRAL,ESS_BULLISH_ANALYST_SKEPTICAL,False,0.016009,0.139794,-0.030213,WINNER,True
OSBC,2025-10-19,8.5,BULLISH,NEUTRAL,NO_DATA,NEUTRAL,ESS_BULLISH_ANALYST_SKEPTICAL,False,0.009525,0.179193,-0.030213,WINNER,True
OSK,2025-10-19,7.9,BULLISH,NEUTRAL,NEUTRAL,NEUTRAL,ESS_BULLISH_ANALYST_SKEPTICAL,False,-0.089278,-0.043254,-0.030213,LOSER,False
OSPN,2025-10-19,8.6,BULLISH,NEUTRAL,NO_DATA,NEUTRAL,ESS_BULLISH_ANALYST_SKEPTICAL,False,-0.214859,-0.16852,-0.030213,LOSER,False
OTTR,2025-10-19,7.2,BULLISH,NO_DATA,BULLISH,NEUTRAL,ESS_BULLISH_ANALYST_MIXED,False,0.061661,0.09379,-0.030213,WINNER,True
OVID,2025-10-19,7.8,BULLISH,NEUTRAL,NEUTRAL,NEUTRAL,ESS_BULLISH_ANALYST_SKEPTICAL,False,-0.2,-0.187879,-0.030213,LOSER,False
OZK,2025-10-19,7.1,BULLISH,NEUTRAL,NO_DATA,NO_DATA,ESS_BULLISH_ANALYST_SKEPTICAL,False,-0.069264,0.039177,-0.030213,LOSER,False
PAAS,2025-10-19,8.5,BULLISH,NEUTRAL,NO_DATA,NEUTRAL,ESS_BULLISH_ANALYST_SKEPTICAL,False,-0.033266,0.27095,-0.030213,NEUTRAL,False
PACB,2025-10-19,8.4,BULLISH,NEUTRAL,BULLISH,NEUTRAL,ESS_BULLISH_ANALYST_MIXED,False,-0.166667,-0.050505,-0.030213,LOSER,False
PAG,2025-10-19,7.8,BULLISH,NEUTRAL,BULLISH,NEUTRAL,ESS_BULLISH_ANALYST_MIXED,False,-0.068677,-0.010577,-0.030213,LOSER,False
PAGS,2025-10-19,7.1,BULLISH,NEUTRAL,NO_DATA,NEUTRAL,ESS_BULLISH_ANALYST_SKEPTICAL,False,0.060908,0.055371,-0.030213,WINNER,True
PAHC,2025-10-19,9.5,BULLISH,BULLISH,BULLISH,NEUTRAL,ESS_BULLISH_ANALYST_MIXED,False,0.067947,-0.00247,-0.030213,WINNER,True
PAM,2025-10-19,7.2,BULLISH,BEARISH,NO_DATA,NEUTRAL,ESS_BULLISH_ANALYST_MAJORITY_BEARISH,True,0.475677,0.477669,-0.030213,WINNER,True
PANW,2025-10-19,7.7,BULLISH,NEUTRAL,BEARISH,BULLISH,ESS_BULLISH_ANALYST_MIXED,True,-0.051081,-0.122462,-0.030213,LOSER,False
PATH,2025-10-19,9.4,BULLISH,BULLISH,NO_DATA,NO_DATA,ESS_BULLISH_ANALYST_FULL_AGREE,False,-0.137476,0.000628,-0.030213,LOSER,False
PAYS,2025-10-19,7.5,BULLISH,NEUTRAL,NO_DATA,NEUTRAL,ESS_BULLISH_ANALYST_SKEPTICAL,False,-0.113677,-0.024867,-0.030213,LOSER,False
PBPB,2025-10-19,8.1,BULLISH,NEUTRAL,NEUTRAL,BULLISH,ESS_BULLISH_ANALYST_MIXED,False,,,-0.030213,NO_DATA,
PBYI,2025-10-19,9.1,BULLISH,NEUTRAL,NEUTRAL,NEUTRAL,ESS_BULLISH_ANALYST_SKEPTICAL,False,-0.07156,0.031193,-0.030213,LOSER,False
PCB,2025-10-19,8.5,BULLISH,NEUTRAL,NO_DATA,NEUTRAL,ESS_BULLISH_ANALYST_SKEPTICAL,False,0.044563,0.185292,-0.030213,WINNER,True
PCRX,2025-10-19,8.6,BULLISH,NEUTRAL,BEARISH,NEUTRAL,ESS_BULLISH_ANALYST_SKEPTICAL,True,0.059513,0.12424,-0.030213,WINNER,True
PCYO,2025-10-19,8.9,BULLISH,NO_DATA,BEARISH,NEUTRAL,ESS_BULLISH_ANALYST_MAJORITY_BEARISH,True,-0.000906,0.059783,-0.030213,WINNER,True
PDD,2025-10-19,9.4,BULLISH,BULLISH,NO_DATA,NEUTRAL,ESS_BULLISH_ANALYST_MIXED,False,,,-0.030213,NO_DATA,
PDEX,2025-10-19,8.6,BULLISH,NEUTRAL,NO_DATA,NEUTRAL,ESS_BULLISH_ANALYST_SKEPTICAL,False,,,-0.030213,NO_DATA,
PDS,2025-10-19,9.5,BULLISH,NEUTRAL,BEARISH,NO_DATA,ESS_BULLISH_ANALYST_MAJORITY_BEARISH,True,0.067287,0.260029,-0.030213,WINNER,True
PEB,2025-10-19,7.5,BULLISH,NEUTRAL,NO_DATA,NEUTRAL,ESS_BULLISH_ANALYST_SKEPTICAL,False,0.0,0.061055,-0.030213,WINNER,True
PEBO,2025-10-19,8.5,BULLISH,NEUTRAL,NO_DATA,NEUTRAL,ESS_BULLISH_ANALYST_SKEPTICAL,False,0.000637,0.126467,-0.030213,WINNER,True
PENG,2025-10-19,8.6,BULLISH,NEUTRAL,BEARISH,NO_DATA,ESS_BULLISH_ANALYST_MAJORITY_BEARISH,True,-0.181654,-0.116132,-0.030213,LOSER,False
PFBC,2025-10-19,9.2,BULLISH,NEUTRAL,NO_DATA,NO_DATA,ESS_BULLISH_ANALYST_SKEPTICAL,False,0.038337,0.183025,-0.030213,WINNER,True
PFE,2025-10-19,9.3,BULLISH,NEUTRAL,NEUTRAL,NEUTRAL,ESS_BULLISH_ANALYST_SKEPTICAL,False,0.048932,0.032034,-0.030213,WINNER,True
PFIS,2025-10-19,7.5,BULLISH,NEUTRAL,NO_DATA,NEUTRAL,ESS_BULLISH_ANALYST_SKEPTICAL,False,,,-0.030213,NO_DATA,
PFS,2025-10-19,7.2,BULLISH,NEUTRAL,NO_DATA,NEUTRAL,ESS_BULLISH_ANALYST_SKEPTICAL,False,-0.020219,0.152779,-0.030213,NEUTRAL,False
PGNY,2025-10-19,8.8,BULLISH,NEUTRAL,NO_DATA,NO_DATA,ESS_BULLISH_ANALYST_SKEPTICAL,False,0.316862,0.332654,-0.030213,WINNER,True
PHIN,2025-10-19,8.4,BULLISH,NEUTRAL,NO_DATA,NO_DATA,ESS_BULLISH_ANALYST_SKEPTICAL,False,-0.010734,0.130949,-0.030213,NEUTRAL,False
PHR,2025-10-19,7.4,BULLISH,NEUTRAL,NO_DATA,NEUTRAL,ESS_BULLISH_ANALYST_SKEPTICAL,False,-0.145597,-0.284656,-0.030213,LOSER,False
PJT,2025-10-19,7.1,BULLISH,NEUTRAL,NO_DATA,NEUTRAL,ESS_BULLISH_ANALYST_SKEPTICAL,False,-0.089958,-0.053107,-0.030213,LOSER,False
PKOH,2025-10-19,7.8,BULLISH,NO_DATA,NEUTRAL,NEUTRAL,ESS_BULLISH_ANALYST_SKEPTICAL,False,-0.091238,0.112918,-0.030213,LOSER,False
PLAB,2025-10-19,7.9,BULLISH,BULLISH,BULLISH,NEUTRAL,ESS_BULLISH_ANALYST_MIXED,False,-0.157119,0.344926,-0.030213,LOSER,False
PLBC,2025-10-19,7.5,BULLISH,NEUTRAL,NO_DATA,NEUTRAL,ESS_BULLISH_ANALYST_SKEPTICAL,False,0.010034,0.139899,-0.030213,WINNER,True
PLMR,2025-10-19,8.0,BULLISH,NEUTRAL,NO_DATA,NEUTRAL,ESS_BULLISH_ANALYST_SKEPTICAL,False,0.125858,0.162729,-0.030213,WINNER,True
PLPC,2025-10-19,8.7,BULLISH,NO_DATA,BULLISH,NEUTRAL,ESS_BULLISH_ANALYST_MIXED,False,-0.174194,-0.076903,-0.030213,LOSER,False
PLTR,2025-10-19,9.2,BULLISH,NEUTRAL,NO_DATA,NO_DATA,ESS_BULLISH_ANALYST_SKEPTICAL,False,-0.078529,0.022578,-0.030213,LOSER,False
PLX,2025-10-19,7.4,BULLISH,NEUTRAL,NO_DATA,NEUTRAL,ESS_BULLISH_ANALYST_SKEPTICAL,False,-0.121495,-0.158879,-0.030213,LOSER,False
PLXS,2025-10-19,8.9,BULLISH,NEUTRAL,BULLISH,BULLISH,ESS_BULLISH_ANALYST_MIXED,False,-0.093146,0.0,-0.030213,LOSER,False
PNR,2025-10-19,8.3,BULLISH,NEUTRAL,NEUTRAL,BULLISH,ESS_BULLISH_ANALYST_MIXED,False,-0.063576,-0.051839,-0.030213,LOSER,False
PNRG,2025-10-19,9.5,BULLISH,NO_DATA,BEARISH,NEUTRAL,ESS_BULLISH_ANALYST_MAJORITY_BEARISH,True,-0.090623,0.051982,-0.030213,LOSER,False
PNTG,2025-10-19,9.2,BULLISH,NEUTRAL,NO_DATA,BULLISH,ESS_BULLISH_ANALYST_MIXED,False,0.087083,0.223333,-0.030213,WINNER,True
POR,2025-10-19,7.7,BULLISH,NEUTRAL,NEUTRAL,NEUTRAL,ESS_BULLISH_ANALYST_SKEPTICAL,False,0.083944,0.086831,-0.030213,WINNER,True
POST,2025-10-19,8.2,BULLISH,NEUTRAL,BULLISH,NEUTRAL,ESS_BULLISH_ANALYST_MIXED,False,0.005251,-0.045293,-0.030213,WINNER,True
PRDO,2025-10-19,8.9,BULLISH,NEUTRAL,BEARISH,BULLISH,ESS_BULLISH_ANALYST_MIXED,True,-0.169748,-0.179349,-0.030213,LOSER,False
PRG,2025-10-19,9.6,BULLISH,NEUTRAL,NO_DATA,NO_DATA,ESS_BULLISH_ANALYST_SKEPTICAL,False,-0.171371,-0.030207,-0.030213,LOSER,False
PRGO,2025-10-19,9.3,BULLISH,NEUTRAL,NEUTRAL,NEUTRAL,ESS_BULLISH_ANALYST_SKEPTICAL,False,-0.382949,-0.386636,-0.030213,LOSER,False
PRI,2025-10-19,9.2,BULLISH,NEUTRAL,NO_DATA,NEUTRAL,ESS_BULLISH_ANALYST_SKEPTICAL,False,-0.014338,-0.009905,-0.030213,NEUTRAL,False
PRIM,2025-10-19,9.8,BULLISH,NEUTRAL,NEUTRAL,BULLISH,ESS_BULLISH_ANALYST_MIXED,False,-0.149048,-0.107438,-0.030213,LOSER,False
PRK,2025-10-19,9.0,BULLISH,BULLISH,NO_DATA,NEUTRAL,ESS_BULLISH_ANALYST_MIXED,False,-0.051687,0.052764,-0.030213,LOSER,False
PRKS,2025-10-19,8.4,BULLISH,NEUTRAL,BULLISH,NO_DATA,ESS_BULLISH_ANALYST_MIXED,False,-0.372703,-0.333078,-0.030213,LOSER,False
PRO,2025-10-19,7.7,BULLISH,NEUTRAL,BEARISH,BULLISH,ESS_BULLISH_ANALYST_MIXED,True,,,-0.030213,NO_DATA,
PRSU,2025-10-19,7.9,BULLISH,NEUTRAL,NEUTRAL,NO_DATA,ESS_BULLISH_ANALYST_SKEPTICAL,False,-0.073878,0.002788,-0.030213,LOSER,False
PRTH,2025-10-19,7.6,BULLISH,NEUTRAL,NO_DATA,NEUTRAL,ESS_BULLISH_ANALYST_SKEPTICAL,False,-0.257511,-0.200286,-0.030213,LOSER,False
PRVA,2025-10-19,7.1,BULLISH,NEUTRAL,NO_DATA,NO_DATA,ESS_BULLISH_ANALYST_SKEPTICAL,False,-0.123864,-0.093182,-0.030213,LOSER,False
PSMT,2025-10-19,7.7,BULLISH,NEUTRAL,BULLISH,NEUTRAL,ESS_BULLISH_ANALYST_MIXED,False,-0.048697,0.01779,-0.030213,NEUTRAL,False
PSTL,2025-10-19,9.2,BULLISH,BULLISH,NO_DATA,NEUTRAL,ESS_BULLISH_ANALYST_MIXED,False,0.049325,0.078658,-0.030213,WINNER,True
PSX,2025-10-19,8.4,BULLISH,BULLISH,BEARISH,NEUTRAL,ESS_BULLISH_ANALYST_MIXED,True,0.070945,-0.000859,-0.030213,WINNER,True
PTC,2025-10-19,8.5,BULLISH,NEUTRAL,NEUTRAL,NEUTRAL,ESS_BULLISH_ANALYST_SKEPTICAL,False,-0.159324,-0.145577,-0.030213,LOSER,False
PTCT,2025-10-19,9.9,BULLISH,NEUTRAL,BEARISH,BULLISH,ESS_BULLISH_ANALYST_MIXED,True,0.121855,0.091135,-0.030213,WINNER,True
PTON,2025-10-19,8.1,BULLISH,BULLISH,NO_DATA,BULLISH,ESS_BULLISH_ANALYST_FULL_AGREE,False,-0.048193,-0.16332,-0.030213,NEUTRAL,False
PVBC,2025-10-19,7.5,BULLISH,NEUTRAL,NO_DATA,NEUTRAL,ESS_BULLISH_ANALYST_SKEPTICAL,False,,,-0.030213,NO_DATA,
PVH,2025-10-19,8.9,BULLISH,NEUTRAL,BULLISH,NEUTRAL,ESS_BULLISH_ANALYST_MIXED,False,-0.10268,-0.134435,-0.030213,LOSER,False
PYPL,2025-10-19,7.2,BULLISH,NEUTRAL,BULLISH,NEUTRAL,ESS_BULLISH_ANALYST_MIXED,False,-0.122832,-0.139055,-0.030213,LOSER,False
QRVO,2025-10-19,8.1,BULLISH,NEUTRAL,NEUTRAL,NEUTRAL,ESS_BULLISH_ANALYST_SKEPTICAL,False,-0.129025,-0.086088,-0.030213,LOSER,False
R,2025-10-19,8.4,BULLISH,NEUTRAL,BULLISH,NEUTRAL,ESS_BULLISH_ANALYST_MIXED,False,-0.090646,0.041624,-0.030213,LOSER,False
RACE,2025-10-19,8.3,BULLISH,NEUTRAL,BULLISH,NEUTRAL,ESS_BULLISH_ANALYST_MIXED,False,-0.001205,-0.064422,-0.030213,WINNER,True
RBB,2025-10-19,7.5,BULLISH,NEUTRAL,NO_DATA,NEUTRAL,ESS_BULLISH_ANALYST_SKEPTICAL,False,0.06577,0.279955,-0.030213,WINNER,True
RBCAA,2025-10-19,9.2,BULLISH,NEUTRAL,NO_DATA,NEUTRAL,ESS_BULLISH_ANALYST_SKEPTICAL,False,,,-0.030213,NO_DATA,
RCKY,2025-10-19,7.7,BULLISH,NO_DATA,BEARISH,NEUTRAL,ESS_BULLISH_ANALYST_MAJORITY_BEARISH,True,0.049928,0.108748,-0.030213,WINNER,True
RDDT,2025-10-19,9.6,BULLISH,NEUTRAL,NO_DATA,NO_DATA,ESS_BULLISH_ANALYST_SKEPTICAL,False,-0.082922,0.142533,-0.030213,LOSER,False
RDN,2025-10-19,8.0,BULLISH,BULLISH,NO_DATA,NEUTRAL,ESS_BULLISH_ANALYST_MIXED,False,0.027107,0.109283,-0.030213,WINNER,True
RDVT,2025-10-19,9.6,BULLISH,NEUTRAL,NO_DATA,BULLISH,ESS_BULLISH_ANALYST_MIXED,False,0.023274,0.065815,-0.030213,WINNER,True
RDY,2025-10-19,7.4,BULLISH,NEUTRAL,NO_DATA,NEUTRAL,ESS_BULLISH_ANALYST_SKEPTICAL,False,-0.049491,-0.054915,-0.030213,NEUTRAL,False
REGN,2025-10-19,9.6,BULLISH,NEUTRAL,NEUTRAL,NEUTRAL,ESS_BULLISH_ANALYST_SKEPTICAL,False,0.25759,0.299736,-0.030213,WINNER,True
REI,2025-10-19,8.5,BULLISH,NEUTRAL,BEARISH,NEUTRAL,ESS_BULLISH_ANALYST_SKEPTICAL,True,0.010638,-0.085106,-0.030213,WINNER,True
RELL,2025-10-19,7.3,BULLISH,BULLISH,BEARISH,NO_DATA,ESS_BULLISH_ANALYST_MAJORITY_BEARISH,True,-0.11521,-0.037768,-0.030213,LOSER,False
REVG,2025-10-19,9.3,BULLISH,BULLISH,BULLISH,NEUTRAL,ESS_BULLISH_ANALYST_MIXED,False,,,-0.030213,NO_DATA,
REZI,2025-10-19,9.6,BULLISH,BULLISH,NO_DATA,BULLISH,ESS_BULLISH_ANALYST_FULL_AGREE,False,-0.288744,-0.166064,-0.030213,LOSER,False
RGCO,2025-10-19,9.3,BULLISH,NEUTRAL,BEARISH,NEUTRAL,ESS_BULLISH_ANALYST_SKEPTICAL,True,0.013947,0.099489,-0.030213,WINNER,True
RGLD,2025-10-19,7.6,BULLISH,NEUTRAL,NEUTRAL,NEUTRAL,ESS_BULLISH_ANALYST_SKEPTICAL,False,-0.044405,0.151762,-0.030213,NEUTRAL,False
RGP,2025-10-19,9.2,BULLISH,NEUTRAL,BULLISH,NEUTRAL,ESS_BULLISH_ANALYST_MIXED,False,0.106309,0.227677,-0.030213,WINNER,True
RIG,2025-10-19,8.9,BULLISH,NEUTRAL,NEUTRAL,NEUTRAL,ESS_BULLISH_ANALYST_SKEPTICAL,False,0.255319,0.191489,-0.030213,WINNER,True
RIGL,2025-10-19,8.4,BULLISH,NEUTRAL,NEUTRAL,NEUTRAL,ESS_BULLISH_ANALYST_SKEPTICAL,False,0.568907,0.417855,-0.030213,WINNER,True
RIO,2025-10-19,9.9,BULLISH,BULLISH,NO_DATA,NEUTRAL,ESS_BULLISH_ANALYST_MIXED,False,0.007221,0.121173,-0.030213,WINNER,True
RM,2025-10-19,8.4,BULLISH,NEUTRAL,NO_DATA,NEUTRAL,ESS_BULLISH_ANALYST_SKEPTICAL,False,,,-0.030213,NO_DATA,
RMAX,2025-10-19,8.6,BULLISH,NEUTRAL,NO_DATA,NEUTRAL,ESS_BULLISH_ANALYST_SKEPTICAL,False,-0.088968,-0.051008,-0.030213,LOSER,False
RMD,2025-10-19,8.6,BULLISH,NEUTRAL,BULLISH,NEUTRAL,ESS_BULLISH_ANALYST_MIXED,False,-0.090654,-0.104208,-0.030213,LOSER,False
RNAC,2025-10-19,8.4,BULLISH,NEUTRAL,BEARISH,NO_DATA,ESS_BULLISH_ANALYST_MAJORITY_BEARISH,True,-0.218462,-0.245128,-0.030213,LOSER,False
RNGR,2025-10-19,8.9,BULLISH,NEUTRAL,NEUTRAL,NEUTRAL,ESS_BULLISH_ANALYST_SKEPTICAL,False,0.033665,0.047777,-0.030213,WINNER,True
RNR,2025-10-19,9.6,BULLISH,NEUTRAL,NO_DATA,BULLISH,ESS_BULLISH_ANALYST_MIXED,False,0.069179,0.105699,-0.030213,WINNER,True
ROL,2025-10-19,8.5,BULLISH,NEUTRAL,NEUTRAL,NEUTRAL,ESS_BULLISH_ANALYST_SKEPTICAL,False,0.048575,0.076842,-0.030213,WINNER,True
ROST,2025-10-19,8.3,BULLISH,NEUTRAL,NEUTRAL,BULLISH,ESS_BULLISH_ANALYST_MIXED,False,0.01556,0.162184,-0.030213,WINNER,True
RPRX,2025-10-19,9.4,BULLISH,NEUTRAL,NO_DATA,NEUTRAL,ESS_BULLISH_ANALYST_SKEPTICAL,False,0.083257,0.054982,-0.030213,WINNER,True
RPT,2025-10-19,7.5,BULLISH,NEUTRAL,NO_DATA,NEUTRAL,ESS_BULLISH_ANALYST_SKEPTICAL,False,0.040581,0.167581,-0.030213,WINNER,True
RRBI,2025-10-19,8.7,BULLISH,BULLISH,NO_DATA,NEUTRAL,ESS_BULLISH_ANALYST_MIXED,False,0.012529,0.152644,-0.030213,WINNER,True
RRGB,2025-10-19,7.3,BULLISH,BULLISH,NEUTRAL,NEUTRAL,ESS_BULLISH_ANALYST_MIXED,False,-0.372308,-0.369231,-0.030213,LOSER,False
RRX,2025-10-19,8.1,BULLISH,NEUTRAL,BULLISH,NO_DATA,ESS_BULLISH_ANALYST_MIXED,False,-0.103764,-0.028337,-0.030213,LOSER,False
RUN,2025-10-19,7.9,BULLISH,BULLISH,NEUTRAL,NEUTRAL,ESS_BULLISH_ANALYST_MIXED,False,-0.062439,-0.115122,-0.030213,LOSER,False
RUSHA,2025-10-19,7.2,BULLISH,NEUTRAL,NO_DATA,NEUTRAL,ESS_BULLISH_ANALYST_SKEPTICAL,False,-0.065775,0.114111,-0.030213,LOSER,False
RY,2025-10-19,8.5,BULLISH,NEUTRAL,NO_DATA,NEUTRAL,ESS_BULLISH_ANALYST_SKEPTICAL,False,0.014768,0.137471,-0.030213,WINNER,True
RYAAY,2025-10-19,9.3,BULLISH,NEUTRAL,NO_DATA,NEUTRAL,ESS_BULLISH_ANALYST_SKEPTICAL,False,-0.004369,0.161003,-0.030213,WINNER,True
RYI,2025-10-19,9.0,BULLISH,NO_DATA,NEUTRAL,BULLISH,ESS_BULLISH_ANALYST_MIXED,False,,,-0.030213,NO_DATA,
RYN,2025-10-19,7.7,BULLISH,NEUTRAL,NO_DATA,NEUTRAL,ESS_BULLISH_ANALYST_SKEPTICAL,False,-0.078344,-0.048141,-0.030213,LOSER,False
SAFT,2025-10-19,8.8,BULLISH,NO_DATA,NO_DATA,NEUTRAL,ESS_BULLISH_ANALYST_SKEPTICAL,False,0.092356,0.160176,-0.030213,WINNER,True
SAIC,2025-10-19,9.6,BULLISH,NEUTRAL,BULLISH,NEUTRAL,ESS_BULLISH_ANALYST_MIXED,False,-0.124121,0.012462,-0.030213,LOSER,False
SAM,2025-10-19,9.0,BULLISH,NEUTRAL,BULLISH,BULLISH,ESS_BULLISH_ANALYST_MIXED,False,-0.109384,-0.096433,-0.030213,LOSER,False
SAN,2025-10-19,8.4,BULLISH,NEUTRAL,NO_DATA,NEUTRAL,ESS_BULLISH_ANALYST_SKEPTICAL,False,0.030395,0.181358,-0.030213,WINNER,True
SANM,2025-10-19,9.2,BULLISH,NEUTRAL,BULLISH,NEUTRAL,ESS_BULLISH_ANALYST_MIXED,False,0.179242,0.092862,-0.030213,WINNER,True
SBCF,2025-10-19,8.1,BULLISH,BULLISH,NO_DATA,NEUTRAL,ESS_BULLISH_ANALYST_MIXED,False,-0.024116,0.061694,-0.030213,NEUTRAL,False
SBFG,2025-10-19,8.5,BULLISH,NEUTRAL,NO_DATA,NEUTRAL,ESS_BULLISH_ANALYST_SKEPTICAL,False,0.017611,0.214435,-0.030213,WINNER,True
SBH,2025-10-19,9.9,BULLISH,BULLISH,BULLISH,BULLISH,ESS_BULLISH_ANALYST_FULL_AGREE,False,-0.021376,0.012024,-0.030213,NEUTRAL,False
SBS,2025-10-19,9.7,BULLISH,BULLISH,NO_DATA,NEUTRAL,ESS_BULLISH_ANALYST_MIXED,False,0.052436,0.010735,-0.030213,WINNER,True
SBSI,2025-10-19,8.2,BULLISH,NEUTRAL,NO_DATA,NEUTRAL,ESS_BULLISH_ANALYST_SKEPTICAL,False,0.012581,0.17955,-0.030213,WINNER,True
SCCO,2025-10-19,8.9,BULLISH,NEUTRAL,NEUTRAL,BULLISH,ESS_BULLISH_ANALYST_MIXED,False,-0.066097,0.07037,-0.030213,LOSER,False
SCL,2025-10-19,8.4,BULLISH,NEUTRAL,NEUTRAL,NEUTRAL,ESS_BULLISH_ANALYST_SKEPTICAL,False,-0.057933,0.082491,-0.030213,LOSER,False
SCS,2025-10-19,8.6,BULLISH,BULLISH,BULLISH,NEUTRAL,ESS_BULLISH_ANALYST_MIXED,False,,,-0.030213,NO_DATA,
SCSC,2025-10-19,8.4,BULLISH,BULLISH,BULLISH,NEUTRAL,ESS_BULLISH_ANALYST_MIXED,False,-0.092423,-0.024631,-0.030213,LOSER,False
SE,2025-10-19,7.3,BULLISH,BULLISH,NO_DATA,NEUTRAL,ESS_BULLISH_ANALYST_MIXED,False,-0.111285,-0.273024,-0.030213,LOSER,False
SEE,2025-10-19,8.1,BULLISH,NEUTRAL,BULLISH,NEUTRAL,ESS_BULLISH_ANALYST_MIXED,False,,,-0.030213,NO_DATA,
SEIC,2025-10-19,7.1,BULLISH,BULLISH,NO_DATA,NEUTRAL,ESS_BULLISH_ANALYST_MIXED,False,-0.041866,0.022157,-0.030213,NEUTRAL,False
SFIX,2025-10-19,8.4,BULLISH,BULLISH,NEUTRAL,NEUTRAL,ESS_BULLISH_ANALYST_MIXED,False,-0.081448,0.19457,-0.030213,LOSER,False
SGC,2025-10-19,8.2,BULLISH,NEUTRAL,NEUTRAL,NEUTRAL,ESS_BULLISH_ANALYST_SKEPTICAL,False,-0.125718,0.003029,-0.030213,LOSER,False
SHBI,2025-10-19,8.5,BULLISH,NEUTRAL,NO_DATA,NEUTRAL,ESS_BULLISH_ANALYST_SKEPTICAL,False,-0.011678,0.196791,-0.030213,NEUTRAL,False
SIGI,2025-10-19,8.4,BULLISH,NEUTRAL,NO_DATA,BULLISH,ESS_BULLISH_ANALYST_MIXED,False,-0.056377,0.016385,-0.030213,LOSER,False
SLF,2025-10-19,8.7,BULLISH,NEUTRAL,NO_DATA,NEUTRAL,ESS_BULLISH_ANALYST_SKEPTICAL,False,-0.031071,0.004252,-0.030213,NEUTRAL,False
SMFG,2025-10-19,9.3,BULLISH,BULLISH,NO_DATA,NEUTRAL,ESS_BULLISH_ANALYST_MIXED,False,0.0369,0.170972,-0.030213,WINNER,True
SMLR,2025-10-19,8.7,BULLISH,NO_DATA,NEUTRAL,NEUTRAL,ESS_BULLISH_ANALYST_SKEPTICAL,False,,,-0.030213,NO_DATA,
SMPL,2025-10-19,7.5,BULLISH,NEUTRAL,NO_DATA,NEUTRAL,ESS_BULLISH_ANALYST_SKEPTICAL,False,-0.217097,-0.22505,-0.030213,LOSER,False
SNA,2025-10-19,7.9,BULLISH,NEUTRAL,BULLISH,NEUTRAL,ESS_BULLISH_ANALYST_MIXED,False,-0.032182,0.022405,-0.030213,NEUTRAL,False
SNDK,2025-10-19,9.0,BULLISH,NEUTRAL,NO_DATA,NO_DATA,ESS_BULLISH_ANALYST_SKEPTICAL,False,0.654485,0.482437,-0.030213,WINNER,True
SNEX,2025-10-19,9.2,BULLISH,NEUTRAL,NO_DATA,BULLISH,ESS_BULLISH_ANALYST_MIXED,False,-0.155639,-0.066362,-0.030213,LOSER,False
SNX,2025-10-19,8.6,BULLISH,BULLISH,BULLISH,NEUTRAL,ESS_BULLISH_ANALYST_MIXED,False,-0.052903,-0.024194,-0.030213,LOSER,False
SNY,2025-10-19,9.2,BULLISH,NEUTRAL,NO_DATA,NEUTRAL,ESS_BULLISH_ANALYST_SKEPTICAL,False,0.018701,-0.034989,-0.030213,WINNER,True
SO,2025-10-19,7.6,BULLISH,NEUTRAL,NEUTRAL,NEUTRAL,ESS_BULLISH_ANALYST_SKEPTICAL,False,-0.064018,-0.099831,-0.030213,LOSER,False
SPFI,2025-10-19,8.5,BULLISH,NEUTRAL,NO_DATA,NEUTRAL,ESS_BULLISH_ANALYST_SKEPTICAL,False,-0.028803,0.089273,-0.030213,NEUTRAL,False
SPNS,2025-10-19,8.6,BULLISH,NEUTRAL,BULLISH,NEUTRAL,ESS_BULLISH_ANALYST_MIXED,False,,,-0.030213,NO_DATA,
SPOT,2025-10-19,9.0,BULLISH,NEUTRAL,NO_DATA,NEUTRAL,ESS_BULLISH_ANALYST_SKEPTICAL,False,-0.057851,-0.165366,-0.030213,LOSER,False
SR,2025-10-19,7.8,BULLISH,NEUTRAL,BEARISH,NEUTRAL,ESS_BULLISH_ANALYST_SKEPTICAL,True,-0.012153,-0.026691,-0.030213,NEUTRAL,False
SRCE,2025-10-19,8.5,BULLISH,NEUTRAL,NO_DATA,NEUTRAL,ESS_BULLISH_ANALYST_SKEPTICAL,False,0.022549,0.137054,-0.030213,WINNER,True
SRI,2025-10-19,8.5,BULLISH,NEUTRAL,BULLISH,NEUTRAL,ESS_BULLISH_ANALYST_MIXED,False,-0.212857,-0.152857,-0.030213,LOSER,False
STBA,2025-10-19,7.1,BULLISH,NEUTRAL,NO_DATA,NEUTRAL,ESS_BULLISH_ANALYST_SKEPTICAL,False,0.06218,0.192832,-0.030213,WINNER,True
STN,2025-10-19,7.2,BULLISH,NEUTRAL,NO_DATA,NEUTRAL,ESS_BULLISH_ANALYST_SKEPTICAL,False,-0.134126,-0.167277,-0.030213,LOSER,False
STNE,2025-10-19,9.4,BULLISH,BULLISH,NO_DATA,NEUTRAL,ESS_BULLISH_ANALYST_MIXED,False,-0.142551,-0.226688,-0.030213,LOSER,False
STNG,2025-10-19,9.4,BULLISH,BULLISH,NO_DATA,NEUTRAL,ESS_BULLISH_ANALYST_MIXED,False,0.074905,-0.120124,-0.030213,WINNER,True
STOK,2025-10-19,7.4,BULLISH,NEUTRAL,NO_DATA,NEUTRAL,ESS_BULLISH_ANALYST_SKEPTICAL,False,-0.165368,-0.078499,-0.030213,LOSER,False
STRA,2025-10-19,8.6,BULLISH,NEUTRAL,BULLISH,NEUTRAL,ESS_BULLISH_ANALYST_MIXED,False,-0.04304,0.028569,-0.030213,NEUTRAL,False
STRL,2025-10-19,7.6,BULLISH,BULLISH,NEUTRAL,BULLISH,ESS_BULLISH_ANALYST_MIXED,False,-0.095201,-0.180781,-0.030213,LOSER,False
STRT,2025-10-19,9.3,BULLISH,BEARISH,BULLISH,NEUTRAL,ESS_BULLISH_ANALYST_MIXED,True,0.008058,0.255284,-0.030213,WINNER,True
STT,2025-10-19,9.5,BULLISH,BULLISH,NO_DATA,NEUTRAL,ESS_BULLISH_ANALYST_MIXED,False,-0.018128,0.104779,-0.030213,NEUTRAL,False
STX,2025-10-19,8.8,BULLISH,BULLISH,NEUTRAL,BULLISH,ESS_BULLISH_ANALYST_MIXED,False,0.184049,0.36194,-0.030213,WINNER,True
SU,2025-10-19,8.1,BULLISH,BEARISH,NEUTRAL,NEUTRAL,ESS_BULLISH_ANALYST_SKEPTICAL,True,0.179541,0.106472,-0.030213,WINNER,True
SUPN,2025-10-19,8.3,BULLISH,BULLISH,NEUTRAL,NEUTRAL,ESS_BULLISH_ANALYST_MIXED,False,-0.129676,-0.044776,-0.030213,LOSER,False
SWX,2025-10-19,8.4,BULLISH,BEARISH,BEARISH,NEUTRAL,ESS_BULLISH_ANALYST_MAJORITY_BEARISH,True,0.009335,0.040572,-0.030213,WINNER,True
SYBX,2025-10-19,8.6,BULLISH,NEUTRAL,BULLISH,NEUTRAL,ESS_BULLISH_ANALYST_MIXED,False,,,-0.030213,NO_DATA,
SYF,2025-10-19,7.5,BULLISH,NEUTRAL,NO_DATA,NEUTRAL,ESS_BULLISH_ANALYST_SKEPTICAL,False,-0.010342,0.162799,-0.030213,NEUTRAL,False
SYMBOL,2025-10-19,,NO_DATA,NO_DATA,NO_DATA,NO_DATA,NO_ESS_DATA,False,,,-0.030213,NO_DATA,
SYMBOL,2025-10-19,,NO_DATA,NO_DATA,NO_DATA,NO_DATA,NO_ESS_DATA,False,,,-0.030213,NO_DATA,
SYMBOL,2025-10-19,,NO_DATA,NO_DATA,NO_DATA,NO_DATA,NO_ESS_DATA,False,,,-0.030213,NO_DATA,
SYMBOL,2025-10-19,,NO_DATA,NO_DATA,NO_DATA,NO_DATA,NO_ESS_DATA,False,,,-0.030213,NO_DATA,
SYMBOL,2025-10-19,,NO_DATA,NO_DATA,NO_DATA,NO_DATA,NO_ESS_DATA,False,,,-0.030213,NO_DATA,
SYMBOL,2025-10-19,,NO_DATA,NO_DATA,NO_DATA,NO_DATA,NO_ESS_DATA,False,,,-0.030213,NO_DATA,
SYMBOL,2025-10-19,,NO_DATA,NO_DATA,NO_DATA,NO_DATA,NO_ESS_DATA,False,,,-0.030213,NO_DATA,
SYMBOL,2025-10-19,,NO_DATA,NO_DATA,NO_DATA,NO_DATA,NO_ESS_DATA,False,,,-0.030213,NO_DATA,
SYMBOL,2025-10-19,,NO_DATA,NO_DATA,NO_DATA,NO_DATA,NO_ESS_DATA,False,,,-0.030213,NO_DATA,
SYMBOL,2025-10-19,,NO_DATA,NO_DATA,NO_DATA,NO_DATA,NO_ESS_DATA,False,,,-0.030213,NO_DATA,
SYMBOL,2025-10-19,,NO_DATA,NO_DATA,NO_DATA,NO_DATA,NO_ESS_DATA,False,,,-0.030213,NO_DATA,
SYMBOL,2025-10-19,,NO_DATA,NO_DATA,NO_DATA,NO_DATA,NO_ESS_DATA,False,,,-0.030213,NO_DATA,
SYMBOL,2025-10-19,,NO_DATA,NO_DATA,NO_DATA,NO_DATA,NO_ESS_DATA,False,,,-0.030213,NO_DATA,
SYMBOL,2025-10-19,,NO_DATA,NO_DATA,NO_DATA,NO_DATA,NO_ESS_DATA,False,,,-0.030213,NO_DATA,
SYMBOL,2025-10-19,,NO_DATA,NO_DATA,NO_DATA,NO_DATA,NO_ESS_DATA,False,,,-0.030213,NO_DATA,
SYMBOL,2025-10-19,,NO_DATA,NO_DATA,NO_DATA,NO_DATA,NO_ESS_DATA,False,,,-0.030213,NO_DATA,
SYMBOL,2025-10-19,,NO_DATA,NO_DATA,NO_DATA,NO_DATA,NO_ESS_DATA,False,,,-0.030213,NO_DATA,
TAC,2025-10-19,8.3,BULLISH,NEUTRAL,BEARISH,NEUTRAL,ESS_BULLISH_ANALYST_SKEPTICAL,True,-0.144721,-0.254448,-0.030213,LOSER,False
TBBK,2025-10-19,8.0,BULLISH,NEUTRAL,NO_DATA,NEUTRAL,ESS_BULLISH_ANALYST_SKEPTICAL,False,-0.190366,-0.071099,-0.030213,LOSER,False
TBPH,2025-10-19,9.3,BULLISH,NEUTRAL,BEARISH,BULLISH,ESS_BULLISH_ANALYST_MIXED,True,0.292103,0.27044,-0.030213,WINNER,True
TCMD,2025-10-19,9.1,BULLISH,NEUTRAL,NEUTRAL,NEUTRAL,ESS_BULLISH_ANALYST_SKEPTICAL,False,0.587269,1.008214,-0.030213,WINNER,True
TCOM,2025-10-19,9.3,BULLISH,BULLISH,NO_DATA,NEUTRAL,ESS_BULLISH_ANALYST_MIXED,False,0.01485,-0.001821,-0.030213,WINNER,True
TD,2025-10-19,8.5,BULLISH,NEUTRAL,NO_DATA,NEUTRAL,ESS_BULLISH_ANALYST_SKEPTICAL,False,0.029924,0.158382,-0.030213,WINNER,True
TDG,2025-10-19,7.4,BULLISH,NEUTRAL,BULLISH,NEUTRAL,ESS_BULLISH_ANALYST_MIXED,False,0.037936,-0.029884,-0.030213,WINNER,True
TECK,2025-10-19,8.2,BULLISH,NEUTRAL,BEARISH,NEUTRAL,ESS_BULLISH_ANALYST_SKEPTICAL,True,-0.117634,0.02145,-0.030213,LOSER,False
TER,2025-10-19,8.2,BULLISH,NEUTRAL,NO_DATA,BULLISH,ESS_BULLISH_ANALYST_MIXED,False,0.176234,0.369308,-0.030213,WINNER,True
TG,2025-10-19,9.8,BULLISH,NO_DATA,NEUTRAL,NEUTRAL,ESS_BULLISH_ANALYST_SKEPTICAL,False,0.084337,0.014726,-0.030213,WINNER,True
THC,2025-10-19,9.1,BULLISH,NEUTRAL,BULLISH,NEUTRAL,ESS_BULLISH_ANALYST_MIXED,False,-0.045074,-0.038296,-0.030213,NEUTRAL,False
THFF,2025-10-19,7.6,BULLISH,NEUTRAL,NO_DATA,NEUTRAL,ESS_BULLISH_ANALYST_SKEPTICAL,False,0.020303,0.210225,-0.030213,WINNER,True
THG,2025-10-19,9.8,BULLISH,NEUTRAL,NO_DATA,BULLISH,ESS_BULLISH_ANALYST_MIXED,False,0.054126,0.083791,-0.030213,WINNER,True
THR,2025-10-19,7.5,BULLISH,NEUTRAL,NEUTRAL,NEUTRAL,ESS_BULLISH_ANALYST_SKEPTICAL,False,0.254376,0.428678,-0.030213,WINNER,True
THRM,2025-10-19,8.0,BULLISH,NEUTRAL,BULLISH,NEUTRAL,ESS_BULLISH_ANALYST_MIXED,False,-0.010372,0.078075,-0.030213,NEUTRAL,False
THS,2025-10-19,7.5,BULLISH,NEUTRAL,BEARISH,NEUTRAL,ESS_BULLISH_ANALYST_SKEPTICAL,True,,,-0.030213,NO_DATA,
TILE,2025-10-19,8.7,BULLISH,NEUTRAL,NEUTRAL,NEUTRAL,ESS_BULLISH_ANALYST_SKEPTICAL,False,-0.084685,0.025602,-0.030213,LOSER,False
TK,2025-10-19,9.7,BULLISH,NO_DATA,BEARISH,NEUTRAL,ESS_BULLISH_ANALYST_MAJORITY_BEARISH,True,0.229777,0.080891,-0.030213,WINNER,True
TKC,2025-10-19,9.7,BULLISH,NEUTRAL,NO_DATA,NEUTRAL,ESS_BULLISH_ANALYST_SKEPTICAL,False,,,-0.030213,NO_DATA,
TLK,2025-10-19,9.7,BULLISH,NEUTRAL,NO_DATA,NEUTRAL,ESS_BULLISH_ANALYST_SKEPTICAL,False,,,-0.030213,NO_DATA,
TLN,2025-10-19,9.0,BULLISH,NEUTRAL,NO_DATA,NO_DATA,ESS_BULLISH_ANALYST_SKEPTICAL,False,-0.078753,-0.086324,-0.030213,LOSER,False
TLRY,2025-10-19,7.1,BULLISH,NEUTRAL,NO_DATA,NEUTRAL,ESS_BULLISH_ANALYST_SKEPTICAL,False,-0.343949,-0.214013,-0.030213,LOSER,False
TNC,2025-10-19,7.5,BULLISH,NEUTRAL,BULLISH,NEUTRAL,ESS_BULLISH_ANALYST_MIXED,False,-0.141777,-0.063483,-0.030213,LOSER,False
TNL,2025-10-19,8.9,BULLISH,NEUTRAL,NO_DATA,NO_DATA,ESS_BULLISH_ANALYST_SKEPTICAL,False,0.02793,0.196863,-0.030213,WINNER,True
TOL,2025-10-19,8.0,BULLISH,NEUTRAL,BULLISH,NEUTRAL,ESS_BULLISH_ANALYST_MIXED,False,-0.068818,0.027778,-0.030213,LOSER,False
TPC,2025-10-19,9.2,BULLISH,NEUTRAL,NEUTRAL,BULLISH,ESS_BULLISH_ANALYST_MIXED,False,-0.098793,0.007587,-0.030213,LOSER,False
TPH,2025-10-19,7.6,BULLISH,NEUTRAL,NEUTRAL,NEUTRAL,ESS_BULLISH_ANALYST_SKEPTICAL,False,-0.05344,0.012899,-0.030213,LOSER,False
TREE,2025-10-19,7.2,BULLISH,NEUTRAL,NO_DATA,NEUTRAL,ESS_BULLISH_ANALYST_SKEPTICAL,False,-0.16057,-0.094797,-0.030213,LOSER,False
TRMK,2025-10-19,8.8,BULLISH,NEUTRAL,NO_DATA,NEUTRAL,ESS_BULLISH_ANALYST_SKEPTICAL,False,-0.025601,0.077967,-0.030213,NEUTRAL,False
TRNS,2025-10-19,7.6,BULLISH,NEUTRAL,NEUTRAL,NEUTRAL,ESS_BULLISH_ANALYST_SKEPTICAL,False,-0.252218,-0.150965,-0.030213,LOSER,False
TROW,2025-10-19,7.8,BULLISH,BULLISH,NO_DATA,NEUTRAL,ESS_BULLISH_ANALYST_MIXED,False,-0.06485,0.003321,-0.030213,LOSER,False
TRS,2025-10-19,9.0,BULLISH,BULLISH,BULLISH,NEUTRAL,ESS_BULLISH_ANALYST_MIXED,False,-0.162336,-0.082936,-0.030213,LOSER,False
TRST,2025-10-19,8.6,BULLISH,NO_DATA,NO_DATA,NEUTRAL,ESS_BULLISH_ANALYST_SKEPTICAL,False,0.081841,0.202808,-0.030213,WINNER,True
TRV,2025-10-19,9.1,BULLISH,NEUTRAL,NO_DATA,NEUTRAL,ESS_BULLISH_ANALYST_SKEPTICAL,False,0.081433,0.111448,-0.030213,WINNER,True
TS,2025-10-19,8.9,BULLISH,NEUTRAL,NO_DATA,NEUTRAL,ESS_BULLISH_ANALYST_SKEPTICAL,False,,,-0.030213,NO_DATA,
TSM,2025-10-19,9.0,BULLISH,NEUTRAL,NO_DATA,NEUTRAL,ESS_BULLISH_ANALYST_SKEPTICAL,False,-0.066476,-0.041154,-0.030213,LOSER,False
TT,2025-10-19,7.4,BULLISH,NEUTRAL,BULLISH,NEUTRAL,ESS_BULLISH_ANALYST_MIXED,False,-0.027081,-0.079236,-0.030213,NEUTRAL,False
TU,2025-10-19,7.6,BULLISH,NEUTRAL,NEUTRAL,NEUTRAL,ESS_BULLISH_ANALYST_SKEPTICAL,False,-0.09947,-0.161804,-0.030213,LOSER,False
TV,2025-10-19,9.3,BULLISH,NEUTRAL,NO_DATA,NEUTRAL,ESS_BULLISH_ANALYST_SKEPTICAL,False,0.159184,0.293878,-0.030213,WINNER,True
TX,2025-10-19,8.0,BULLISH,NEUTRAL,NO_DATA,NEUTRAL,ESS_BULLISH_ANALYST_SKEPTICAL,False,-0.007166,0.053749,-0.030213,WINNER,True
TXG,2025-10-19,8.0,BULLISH,BULLISH,NO_DATA,NEUTRAL,ESS_BULLISH_ANALYST_MIXED,False,0.18417,0.217656,-0.030213,WINNER,True
TXT,2025-10-19,7.9,BULLISH,NEUTRAL,BULLISH,NEUTRAL,ESS_BULLISH_ANALYST_MIXED,False,-0.030947,0.067722,-0.030213,NEUTRAL,False
UBSI,2025-10-19,7.1,BULLISH,NEUTRAL,NO_DATA,NEUTRAL,ESS_BULLISH_ANALYST_SKEPTICAL,False,-0.012842,0.129789,-0.030213,NEUTRAL,False
UE,2025-10-19,8.2,BULLISH,NEUTRAL,NO_DATA,NEUTRAL,ESS_BULLISH_ANALYST_SKEPTICAL,False,-0.063405,-0.014439,-0.030213,LOSER,False
UFCS,2025-10-19,9.9,BULLISH,BULLISH,NO_DATA,BULLISH,ESS_BULLISH_ANALYST_FULL_AGREE,False,0.197087,0.207961,-0.030213,WINNER,True
UFI,2025-10-19,7.2,BULLISH,NEUTRAL,NEUTRAL,NEUTRAL,ESS_BULLISH_ANALYST_SKEPTICAL,False,-0.284444,-0.235556,-0.030213,LOSER,False
UGP,2025-10-19,9.4,BULLISH,BULLISH,NO_DATA,NEUTRAL,ESS_BULLISH_ANALYST_MIXED,False,,,-0.030213,NO_DATA,
UHS,2025-10-19,9.7,BULLISH,NEUTRAL,BULLISH,NEUTRAL,ESS_BULLISH_ANALYST_MIXED,False,0.104227,0.085334,-0.030213,WINNER,True
UI,2025-10-19,10.0,BULLISH,BULLISH,NO_DATA,BULLISH,ESS_BULLISH_ANALYST_FULL_AGREE,False,-0.275913,-0.249281,-0.030213,LOSER,False
UMC,2025-10-19,7.6,BULLISH,NEUTRAL,NO_DATA,NEUTRAL,ESS_BULLISH_ANALYST_SKEPTICAL,False,,,-0.030213,NO_DATA,
UNF,2025-10-19,9.2,BULLISH,NEUTRAL,BULLISH,NEUTRAL,ESS_BULLISH_ANALYST_MIXED,False,-0.073659,0.017906,-0.030213,LOSER,False
UNFI,2025-10-19,9.0,BULLISH,BULLISH,NO_DATA,BULLISH,ESS_BULLISH_ANALYST_FULL_AGREE,False,-0.140194,-0.201695,-0.030213,LOSER,False
UNM,2025-10-19,8.4,BULLISH,NEUTRAL,NO_DATA,NEUTRAL,ESS_BULLISH_ANALYST_SKEPTICAL,False,0.019612,0.056027,-0.030213,WINNER,True
UNTY,2025-10-19,7.6,BULLISH,NEUTRAL,NO_DATA,NEUTRAL,ESS_BULLISH_ANALYST_SKEPTICAL,False,,,-0.030213,NO_DATA,
UPBD,2025-10-19,9.4,BULLISH,NEUTRAL,NEUTRAL,NO_DATA,ESS_BULLISH_ANALYST_SKEPTICAL,False,-0.278051,-0.187503,-0.030213,LOSER,False
UPWK,2025-10-19,9.5,BULLISH,NEUTRAL,NO_DATA,BULLISH,ESS_BULLISH_ANALYST_MIXED,False,0.024595,0.227954,-0.030213,WINNER,True
URBN,2025-10-19,8.0,BULLISH,BULLISH,NEUTRAL,NEUTRAL,ESS_BULLISH_ANALYST_MIXED,False,-0.08195,0.227157,-0.030213,LOSER,False
URI,2025-10-19,7.7,BULLISH,NEUTRAL,BULLISH,NEUTRAL,ESS_BULLISH_ANALYST_MIXED,False,-0.198053,-0.198023,-0.030213,LOSER,False
USFD,2025-10-19,7.4,BULLISH,NEUTRAL,BULLISH,NEUTRAL,ESS_BULLISH_ANALYST_MIXED,False,-0.06477,0.0059,-0.030213,LOSER,False
UTHR,2025-10-19,8.0,BULLISH,NEUTRAL,BULLISH,NEUTRAL,ESS_BULLISH_ANALYST_MIXED,False,0.101458,0.17174,-0.030213,WINNER,True
UTI,2025-10-19,7.7,BULLISH,BEARISH,BEARISH,BULLISH,ESS_BULLISH_ANALYST_MAJORITY_BEARISH,True,-0.079491,-0.155485,-0.030213,LOSER,False
UTMD,2025-10-19,9.2,BULLISH,NO_DATA,BULLISH,NEUTRAL,ESS_BULLISH_ANALYST_MIXED,False,,,-0.030213,NO_DATA,
UVE,2025-10-19,9.3,BULLISH,NEUTRAL,NO_DATA,BULLISH,ESS_BULLISH_ANALYST_MIXED,False,0.183123,0.210509,-0.030213,WINNER,True
UVSP,2025-10-19,8.5,BULLISH,NEUTRAL,NO_DATA,NEUTRAL,ESS_BULLISH_ANALYST_SKEPTICAL,False,,,-0.030213,NO_DATA,
UVV,2025-10-19,7.2,BULLISH,NEUTRAL,BEARISH,NEUTRAL,ESS_BULLISH_ANALYST_SKEPTICAL,True,-0.006748,0.022493,-0.030213,WINNER,True
VAC,2025-10-19,7.2,BULLISH,NEUTRAL,NEUTRAL,NEUTRAL,ESS_BULLISH_ANALYST_SKEPTICAL,False,-0.313081,-0.149388,-0.030213,LOSER,False
VALE,2025-10-19,8.0,BULLISH,NEUTRAL,NO_DATA,NEUTRAL,ESS_BULLISH_ANALYST_SKEPTICAL,False,0.067544,0.179459,-0.030213,WINNER,True
VC,2025-10-19,8.5,BULLISH,BULLISH,NO_DATA,NEUTRAL,ESS_BULLISH_ANALYST_MIXED,False,-0.114657,-0.123668,-0.030213,LOSER,False
VCTR,2025-10-19,9.0,BULLISH,BULLISH,NO_DATA,NEUTRAL,ESS_BULLISH_ANALYST_MIXED,False,-0.048542,-0.034479,-0.030213,NEUTRAL,False
VEEV,2025-10-19,7.9,BULLISH,NEUTRAL,NEUTRAL,NEUTRAL,ESS_BULLISH_ANALYST_SKEPTICAL,False,-0.042636,-0.237173,-0.030213,NEUTRAL,False
VEON,2025-10-19,9.9,BULLISH,BULLISH,NO_DATA,NEUTRAL,ESS_BULLISH_ANALYST_MIXED,False,-0.06599,-0.016732,-0.030213,LOSER,False
VERI,2025-10-19,7.6,BULLISH,NEUTRAL,NEUTRAL,NEUTRAL,ESS_BULLISH_ANALYST_SKEPTICAL,False,,,-0.030213,NO_DATA,
VIAV,2025-10-19,7.8,BULLISH,NEUTRAL,BEARISH,NEUTRAL,ESS_BULLISH_ANALYST_SKEPTICAL,True,0.259878,0.322188,-0.030213,WINNER,True
VIPS,2025-10-19,8.3,BULLISH,NEUTRAL,NO_DATA,NEUTRAL,ESS_BULLISH_ANALYST_SKEPTICAL,False,,,-0.030213,NO_DATA,
VLGEA,2025-10-19,9.3,BULLISH,NO_DATA,NEUTRAL,NEUTRAL,ESS_BULLISH_ANALYST_SKEPTICAL,False,,,-0.030213,NO_DATA,
VLTO,2025-10-19,8.9,BULLISH,NEUTRAL,NO_DATA,NO_DATA,ESS_BULLISH_ANALYST_SKEPTICAL,False,-0.059434,-0.030871,-0.030213,LOSER,False
VMEO,2025-10-19,9.6,BULLISH,NEUTRAL,NO_DATA,NO_DATA,ESS_BULLISH_ANALYST_SKEPTICAL,False,,,-0.030213,NO_DATA,
VMI,2025-10-19,9.1,BULLISH,NEUTRAL,BULLISH,BULLISH,ESS_BULLISH_ANALYST_MIXED,False,-0.05416,-0.003301,-0.030213,LOSER,False
VNO,2025-10-19,8.2,BULLISH,NEUTRAL,NO_DATA,NEUTRAL,ESS_BULLISH_ANALYST_SKEPTICAL,False,-0.130355,-0.103913,-0.030213,LOSER,False
VOYA,2025-10-19,7.7,BULLISH,NEUTRAL,NO_DATA,NEUTRAL,ESS_BULLISH_ANALYST_SKEPTICAL,False,-0.056744,0.015272,-0.030213,LOSER,False
VPG,2025-10-19,7.5,BULLISH,NEUTRAL,BULLISH,NEUTRAL,ESS_BULLISH_ANALYST_MIXED,False,-0.178242,0.036354,-0.030213,LOSER,False
VREX,2025-10-19,8.4,BULLISH,NEUTRAL,NEUTRAL,NEUTRAL,ESS_BULLISH_ANALYST_SKEPTICAL,False,0.019776,0.060189,-0.030213,WINNER,True
VRT,2025-10-19,8.8,BULLISH,NEUTRAL,NO_DATA,BULLISH,ESS_BULLISH_ANALYST_MIXED,False,-0.061856,-0.121108,-0.030213,LOSER,False
VRTS,2025-10-19,9.3,BULLISH,NEUTRAL,NO_DATA,NEUTRAL,ESS_BULLISH_ANALYST_SKEPTICAL,False,-0.122115,-0.082881,-0.030213,LOSER,False
VSAT,2025-10-19,7.5,BULLISH,NEUTRAL,BULLISH,NEUTRAL,ESS_BULLISH_ANALYST_MIXED,False,-0.04907,-0.126988,-0.030213,NEUTRAL,False
VTRS,2025-10-19,9.0,BULLISH,NEUTRAL,NEUTRAL,NO_DATA,ESS_BULLISH_ANALYST_SKEPTICAL,False,0.038797,0.171539,-0.030213,WINNER,True
VVX,2025-10-19,7.8,BULLISH,NEUTRAL,NEUTRAL,NO_DATA,ESS_BULLISH_ANALYST_SKEPTICAL,False,-0.114974,-0.097168,-0.030213,LOSER,False
VZ,2025-10-19,7.9,BULLISH,NEUTRAL,BULLISH,NEUTRAL,ESS_BULLISH_ANALYST_MIXED,False,0.016667,-0.009559,-0.030213,WINNER,True
WAB,2025-10-19,7.4,BULLISH,NEUTRAL,BULLISH,NEUTRAL,ESS_BULLISH_ANALYST_MIXED,False,0.00881,0.09044,-0.030213,WINNER,True
WAFD,2025-10-19,7.1,BULLISH,NEUTRAL,NO_DATA,NEUTRAL,ESS_BULLISH_ANALYST_SKEPTICAL,False,0.053933,0.163843,-0.030213,WINNER,True
WAY,2025-10-19,8.8,BULLISH,NEUTRAL,NO_DATA,NO_DATA,ESS_BULLISH_ANALYST_SKEPTICAL,False,-0.056548,-0.118506,-0.030213,LOSER,False
WB,2025-10-19,9.6,BULLISH,NEUTRAL,NO_DATA,NEUTRAL,ESS_BULLISH_ANALYST_SKEPTICAL,False,,,-0.030213,NO_DATA,
WCC,2025-10-19,7.4,BULLISH,NEUTRAL,BULLISH,NEUTRAL,ESS_BULLISH_ANALYST_MIXED,False,0.137857,0.118989,-0.030213,WINNER,True
WDAY,2025-10-19,7.1,BULLISH,BULLISH,NEUTRAL,NEUTRAL,ESS_BULLISH_ANALYST_MIXED,False,-0.064511,-0.095854,-0.030213,LOSER,False
WDC,2025-10-19,9.4,BULLISH,BULLISH,NEUTRAL,NEUTRAL,ESS_BULLISH_ANALYST_MIXED,False,0.257796,0.441214,-0.030213,WINNER,True
WEC,2025-10-19,8.5,BULLISH,NEUTRAL,BEARISH,NEUTRAL,ESS_BULLISH_ANALYST_SKEPTICAL,True,-0.042561,-0.097039,-0.030213,NEUTRAL,False
WEYS,2025-10-19,8.6,BULLISH,NO_DATA,NEUTRAL,NEUTRAL,ESS_BULLISH_ANALYST_SKEPTICAL,False,,,-0.030213,NO_DATA,
WFRD,2025-10-19,7.2,BULLISH,BULLISH,NO_DATA,NO_DATA,ESS_BULLISH_ANALYST_FULL_AGREE,False,0.103602,0.190159,-0.030213,WINNER,True
WH,2025-10-19,7.9,BULLISH,NEUTRAL,NO_DATA,NEUTRAL,ESS_BULLISH_ANALYST_SKEPTICAL,False,-0.093916,0.012761,-0.030213,LOSER,False
WINA,2025-10-19,8.4,BULLISH,NO_DATA,NEUTRAL,NEUTRAL,ESS_BULLISH_ANALYST_SKEPTICAL,False,-0.038578,-0.009081,-0.030213,NEUTRAL,False
WIT,2025-10-19,7.2,BULLISH,NEUTRAL,NO_DATA,NEUTRAL,ESS_BULLISH_ANALYST_SKEPTICAL,False,,,-0.030213,NO_DATA,
WKC,2025-10-19,8.3,BULLISH,BULLISH,NEUTRAL,NO_DATA,ESS_BULLISH_ANALYST_MIXED,False,-0.064996,-0.066291,-0.030213,LOSER,False
WLDN,2025-10-19,8.2,BULLISH,NEUTRAL,NEUTRAL,NEUTRAL,ESS_BULLISH_ANALYST_SKEPTICAL,False,-0.043816,0.068652,-0.030213,NEUTRAL,False
WMK,2025-10-19,8.8,BULLISH,NO_DATA,NEUTRAL,NEUTRAL,ESS_BULLISH_ANALYST_SKEPTICAL,False,,,-0.030213,NO_DATA,
WMT,2025-10-19,8.3,BULLISH,NEUTRAL,NEUTRAL,BULLISH,ESS_BULLISH_ANALYST_MIXED,False,-0.052873,0.074863,-0.030213,LOSER,False
WNEB,2025-10-19,7.2,BULLISH,NEUTRAL,NO_DATA,NEUTRAL,ESS_BULLISH_ANALYST_SKEPTICAL,False,,,-0.030213,NO_DATA,
WOOF,2025-10-19,9.4,BULLISH,BULLISH,NO_DATA,NO_DATA,ESS_BULLISH_ANALYST_FULL_AGREE,False,-0.220109,-0.171196,-0.030213,LOSER,False
WRB,2025-10-19,9.5,BULLISH,NEUTRAL,NO_DATA,BULLISH,ESS_BULLISH_ANALYST_MIXED,False,0.054709,-0.038365,-0.030213,WINNER,True
WRLD,2025-10-19,8.3,BULLISH,NEUTRAL,NO_DATA,NEUTRAL,ESS_BULLISH_ANALYST_SKEPTICAL,False,,,-0.030213,NO_DATA,
WS,2025-10-19,7.6,BULLISH,NEUTRAL,NO_DATA,NO_DATA,ESS_BULLISH_ANALYST_SKEPTICAL,False,-0.019464,0.154706,-0.030213,NEUTRAL,False
WTM,2025-10-19,8.2,BULLISH,NO_DATA,NO_DATA,NEUTRAL,ESS_BULLISH_ANALYST_SKEPTICAL,False,,,-0.030213,NO_DATA,
WTS,2025-10-19,8.5,BULLISH,BULLISH,BULLISH,NEUTRAL,ESS_BULLISH_ANALYST_MIXED,False,-0.052476,-0.00021,-0.030213,LOSER,False
WWD,2025-10-19,8.4,BULLISH,NEUTRAL,BULLISH,NEUTRAL,ESS_BULLISH_ANALYST_MIXED,False,0.022462,0.164961,-0.030213,WINNER,True
XHR,2025-10-19,9.4,BULLISH,NO_DATA,NO_DATA,NEUTRAL,ESS_BULLISH_ANALYST_SKEPTICAL,False,,,-0.030213,NO_DATA,
XOM,2025-10-19,7.3,BULLISH,NEUTRAL,NEUTRAL,NEUTRAL,ESS_BULLISH_ANALYST_SKEPTICAL,False,0.065405,0.043117,-0.030213,WINNER,True
XRAY,2025-10-19,9.0,BULLISH,NEUTRAL,BULLISH,NEUTRAL,ESS_BULLISH_ANALYST_MIXED,False,-0.206497,-0.12761,-0.030213,LOSER,False
XYL,2025-10-19,8.1,BULLISH,BULLISH,NEUTRAL,NEUTRAL,ESS_BULLISH_ANALYST_MIXED,False,-0.044971,-0.065981,-0.030213,NEUTRAL,False
XYZ,2025-10-19,9.3,BULLISH,BULLISH,BEARISH,NO_DATA,ESS_BULLISH_ANALYST_MAJORITY_BEARISH,True,-0.246536,-0.158301,-0.030213,LOSER,False
YELP,2025-10-19,8.2,BULLISH,BULLISH,NEUTRAL,NEUTRAL,ESS_BULLISH_ANALYST_MIXED,False,-0.145333,-0.05564,-0.030213,LOSER,False
YUMC,2025-10-19,7.2,BULLISH,NEUTRAL,NO_DATA,NEUTRAL,ESS_BULLISH_ANALYST_SKEPTICAL,False,,,-0.030213,NO_DATA,
ZD,2025-10-19,9.9,BULLISH,NEUTRAL,BULLISH,NO_DATA,ESS_BULLISH_ANALYST_MIXED,False,-0.189655,-0.015052,-0.030213,LOSER,False
ZEUS,2025-10-19,7.8,BULLISH,NO_DATA,BULLISH,NEUTRAL,ESS_BULLISH_ANALYST_MIXED,False,,,-0.030213,NO_DATA,
ZM,2025-10-19,9.5,BULLISH,BULLISH,NO_DATA,NEUTRAL,ESS_BULLISH_ANALYST_MIXED,False,-0.007325,0.091198,-0.030213,WINNER,True
ZWS,2025-10-19,7.6,BULLISH,NEUTRAL,BULLISH,NO_DATA,ESS_BULLISH_ANALYST_MIXED,False,-0.033226,0.017683,-0.030213,NEUTRAL,False
A,2025-10-29,4.4,NEUTRAL,NEUTRAL,BULLISH,NEUTRAL,ESS_NEUTRAL_ANALYST_MIXED,False,0.071927,-0.036802,0.011867,WINNER,
AAL,2025-10-29,6.2,NEUTRAL,NEUTRAL,NEUTRAL,NEUTRAL,ESS_NEUTRAL_ANALYST_MIXED,False,0.083269,0.167309,0.011867,WINNER,
AAPL,2025-10-29,6.5,NEUTRAL,NEUTRAL,BULLISH,NEUTRAL,ESS_NEUTRAL_ANALYST_MIXED,False,0.034929,0.016038,0.011867,WINNER,
ABBV,2025-10-29,8.2,BULLISH,NEUTRAL,NEUTRAL,BULLISH,ESS_BULLISH_ANALYST_MIXED,False,0.011371,0.025318,0.011867,NEUTRAL,False
ABEO,2025-10-29,7.0,BULLISH,NEUTRAL,NEUTRAL,NEUTRAL,ESS_BULLISH_ANALYST_SKEPTICAL,False,0.016032,0.076152,0.011867,NEUTRAL,False
ABG,2025-10-29,9.4,BULLISH,BULLISH,NEUTRAL,NEUTRAL,ESS_BULLISH_ANALYST_MIXED,False,-0.020263,0.010237,0.011867,LOSER,False
ABM,2025-10-29,6.8,NEUTRAL,NEUTRAL,BULLISH,NEUTRAL,ESS_NEUTRAL_ANALYST_MIXED,False,-0.001625,-0.003947,0.011867,NEUTRAL,
ABUS,2025-10-29,5.6,NEUTRAL,NEUTRAL,NEUTRAL,NEUTRAL,ESS_NEUTRAL_ANALYST_MIXED,False,-0.043384,0.023861,0.011867,LOSER,
ACCO,2025-10-29,6.5,NEUTRAL,NEUTRAL,NEUTRAL,NEUTRAL,ESS_NEUTRAL_ANALYST_MIXED,False,-0.099552,-0.018407,0.011867,LOSER,
ACIU,2025-10-29,4.1,NEUTRAL,NEUTRAL,NEUTRAL,NEUTRAL,ESS_NEUTRAL_ANALYST_MIXED,False,-0.221354,-0.153646,0.011867,LOSER,
ACIW,2025-10-29,6.5,NEUTRAL,NEUTRAL,NEUTRAL,NEUTRAL,ESS_NEUTRAL_ANALYST_MIXED,False,-0.010139,0.026616,0.011867,LOSER,
ACLS,2025-10-29,6.9,NEUTRAL,NEUTRAL,NEUTRAL,NEUTRAL,ESS_NEUTRAL_ANALYST_MIXED,False,-0.00445,-0.015877,0.011867,NEUTRAL,
ACM,2025-10-29,9.4,BULLISH,NEUTRAL,BULLISH,BULLISH,ESS_BULLISH_ANALYST_MIXED,False,-0.227375,-0.271277,0.011867,LOSER,False
ACN,2025-10-29,8.6,BULLISH,NEUTRAL,BULLISH,NEUTRAL,ESS_BULLISH_ANALYST_MIXED,False,0.009082,0.095217,0.011867,NEUTRAL,False
ACU,2025-10-29,6.9,NEUTRAL,NEUTRAL,NEUTRAL,NO_DATA,ESS_NEUTRAL_ANALYST_MIXED,False,-0.036207,0.057828,0.011867,LOSER,
ADBE,2025-10-29,8.7,BULLISH,NEUTRAL,BULLISH,NEUTRAL,ESS_BULLISH_ANALYST_MIXED,False,-0.052477,0.045285,0.011867,LOSER,False
ADEA,2025-10-29,9.0,BULLISH,NEUTRAL,NEUTRAL,NO_DATA,ESS_BULLISH_ANALYST_SKEPTICAL,False,-0.294228,-0.012376,0.011867,LOSER,False
ADI,2025-10-29,7.5,BULLISH,BULLISH,BULLISH,NEUTRAL,ESS_BULLISH_ANALYST_MIXED,False,0.128914,0.176836,0.011867,WINNER,True
ADM,2025-10-29,9.6,BULLISH,NEUTRAL,NEUTRAL,BULLISH,ESS_BULLISH_ANALYST_MIXED,False,0.012093,-0.029897,0.011867,NEUTRAL,False
ADMA,2025-10-29,8.8,BULLISH,NEUTRAL,NEUTRAL,NEUTRAL,ESS_BULLISH_ANALYST_SKEPTICAL,False,0.235029,0.230522,0.011867,WINNER,True
ADSK,2025-10-29,4.2,NEUTRAL,NEUTRAL,NEUTRAL,NEUTRAL,ESS_NEUTRAL_ANALYST_MIXED,False,0.021072,0.013969,0.011867,NEUTRAL,
ADT,2025-10-29,9.6,BULLISH,NEUTRAL,BULLISH,NEUTRAL,ESS_BULLISH_ANALYST_MIXED,False,-0.039581,-0.052941,0.011867,LOSER,False
ADUS,2025-10-29,5.4,NEUTRAL,NEUTRAL,BULLISH,NEUTRAL,ESS_NEUTRAL_ANALYST_MIXED,False,-0.020774,-0.102974,0.011867,LOSER,
AEE,2025-10-29,8.6,BULLISH,NEUTRAL,NEUTRAL,NEUTRAL,ESS_BULLISH_ANALYST_SKEPTICAL,False,0.039793,-0.012692,0.011867,WINNER,True
AEIS,2025-10-29,6.2,NEUTRAL,BULLISH,NEUTRAL,NEUTRAL,ESS_NEUTRAL_ANALYST_MIXED,False,0.015611,0.044801,0.011867,NEUTRAL,
AEM,2025-10-29,9.1,BULLISH,BULLISH,BULLISH,NEUTRAL,ESS_BULLISH_ANALYST_MIXED,False,0.112578,0.095381,0.011867,WINNER,True
AEP,2025-10-29,8.7,BULLISH,NEUTRAL,NEUTRAL,NEUTRAL,ESS_BULLISH_ANALYST_SKEPTICAL,False,0.021587,-0.044445,0.011867,NEUTRAL,False
AES,2025-10-29,8.8,BULLISH,NEUTRAL,NEUTRAL,NEUTRAL,ESS_BULLISH_ANALYST_SKEPTICAL,False,-0.009134,-0.004201,0.011867,LOSER,False
AIR,2025-10-29,8.4,BULLISH,BULLISH,NEUTRAL,NEUTRAL,ESS_BULLISH_ANALYST_MIXED,False,-0.019213,-0.00389,0.011867,LOSER,False
AIT,2025-10-29,7.4,BULLISH,NEUTRAL,BULLISH,NEUTRAL,ESS_BULLISH_ANALYST_MIXED,False,0.020446,0.038504,0.011867,NEUTRAL,False
AKAM,2025-10-29,8.1,BULLISH,NEUTRAL,BULLISH,NEUTRAL,ESS_BULLISH_ANALYST_MIXED,False,0.226133,0.208601,0.011867,WINNER,True
ALDX,2025-10-29,3.1,BEARISH,NEUTRAL,BULLISH,NEUTRAL,ESS_BEARISH_ANALYST_MIXED,True,0.084075,0.02275,0.011867,WINNER,False
ALG,2025-10-29,8.0,BULLISH,NEUTRAL,BULLISH,NEUTRAL,ESS_BULLISH_ANALYST_MIXED,False,-0.110341,-0.043936,0.011867,LOSER,False
ALGT,2025-10-29,6.8,NEUTRAL,NEUTRAL,NEUTRAL,NEUTRAL,ESS_NEUTRAL_ANALYST_MIXED,False,0.217363,0.355919,0.011867,WINNER,
ALKS,2025-10-29,8.4,BULLISH,BULLISH,NEUTRAL,NEUTRAL,ESS_BULLISH_ANALYST_MIXED,False,-0.059459,-0.10938,0.011867,LOSER,False
ALLE,2025-10-29,8.5,BULLISH,NEUTRAL,BULLISH,NEUTRAL,ESS_BULLISH_ANALYST_MIXED,False,0.002657,-0.025605,0.011867,NEUTRAL,False
ALNT,2025-10-29,8.2,BULLISH,NEUTRAL,BULLISH,NO_DATA,ESS_BULLISH_ANALYST_MIXED,False,-0.049355,-0.021291,0.011867,LOSER,False
ALRM,2025-10-29,5.7,NEUTRAL,NEUTRAL,NEUTRAL,NEUTRAL,ESS_NEUTRAL_ANALYST_MIXED,False,0.058248,0.055397,0.011867,WINNER,
ALSN,2025-10-29,7.5,BULLISH,NEUTRAL,BULLISH,NEUTRAL,ESS_BULLISH_ANALYST_MIXED,False,0.090276,0.227882,0.011867,WINNER,True
AMAT,2025-10-29,6.6,NEUTRAL,NEUTRAL,BULLISH,NEUTRAL,ESS_NEUTRAL_ANALYST_MIXED,False,0.072087,0.117988,0.011867,WINNER,
AMBA,2025-10-29,3.3,BEARISH,NEUTRAL,NEUTRAL,NEUTRAL,ESS_BEARISH_ANALYST_MIXED,False,-0.137442,-0.185233,0.011867,LOSER,True
AMC,2025-10-29,9.5,BULLISH,BULLISH,NEUTRAL,NEUTRAL,ESS_BULLISH_ANALYST_MIXED,False,-0.078947,-0.387218,0.011867,LOSER,False
AMCX,2025-10-29,9.7,BULLISH,BULLISH,NEUTRAL,NEUTRAL,ESS_BULLISH_ANALYST_MIXED,False,0.153946,0.271669,0.011867,WINNER,True
AMGN,2025-10-29,9.0,BULLISH,NEUTRAL,NEUTRAL,NEUTRAL,ESS_BULLISH_ANALYST_SKEPTICAL,False,0.19246,0.137818,0.011867,WINNER,True
AMKR,2025-10-29,6.8,NEUTRAL,BULLISH,NEUTRAL,NEUTRAL,ESS_NEUTRAL_ANALYST_MIXED,False,0.113184,0.228908,0.011867,WINNER,
AMPH,2025-10-29,8.1,BULLISH,BULLISH,NEUTRAL,NEUTRAL,ESS_BULLISH_ANALYST_MIXED,False,0.142739,0.105198,0.011867,WINNER,True
AMZN,2025-10-29,3.6,BEARISH,BULLISH,NEUTRAL,NEUTRAL,ESS_BEARISH_ANALYST_MIXED,True,0.012679,0.007686,0.011867,NEUTRAL,False
ANET,2025-10-29,9.8,BULLISH,NEUTRAL,NEUTRAL,BULLISH,ESS_BULLISH_ANALYST_MIXED,False,-0.193483,-0.172067,0.011867,LOSER,False
ANGI,2025-10-29,6.3,NEUTRAL,NEUTRAL,NEUTRAL,NEUTRAL,ESS_NEUTRAL_ANALYST_MIXED,False,-0.142643,-0.041291,0.011867,LOSER,
ANGO,2025-10-29,8.9,BULLISH,NEUTRAL,NEUTRAL,NEUTRAL,ESS_BULLISH_ANALYST_SKEPTICAL,False,0.023102,0.061881,0.011867,NEUTRAL,False
ANIP,2025-10-29,8.7,BULLISH,BULLISH,NEUTRAL,NEUTRAL,ESS_BULLISH_ANALYST_MIXED,False,-0.080017,-0.117641,0.011867,LOSER,False
AOS,2025-10-29,3.7,BEARISH,NEUTRAL,BULLISH,NEUTRAL,ESS_BEARISH_ANALYST_MIXED,True,0.011559,0.043755,0.011867,NEUTRAL,False
AOSL,2025-10-29,3.6,BEARISH,NEUTRAL,NEUTRAL,NEUTRAL,ESS_BEARISH_ANALYST_MIXED,False,-0.293133,-0.299059,0.011867,LOSER,True
APA,2025-10-29,7.5,BULLISH,NEUTRAL,NEUTRAL,NO_DATA,ESS_BULLISH_ANALYST_SKEPTICAL,False,0.107808,0.081633,0.011867,WINNER,True
APEI,2025-10-29,8.8,BULLISH,NEUTRAL,NEUTRAL,NEUTRAL,ESS_BULLISH_ANALYST_SKEPTICAL,False,0.029264,0.110553,0.011867,NEUTRAL,False
APH,2025-10-29,9.7,BULLISH,BULLISH,BULLISH,NO_DATA,ESS_BULLISH_ANALYST_FULL_AGREE,False,0.008229,-0.018505,0.011867,NEUTRAL,False
APOG,2025-10-29,6.3,NEUTRAL,NEUTRAL,NEUTRAL,NEUTRAL,ESS_NEUTRAL_ANALYST_MIXED,False,-0.011135,-0.002716,0.011867,LOSER,
APPF,2025-10-29,4.2,NEUTRAL,NEUTRAL,NEUTRAL,NEUTRAL,ESS_NEUTRAL_ANALYST_MIXED,False,-0.043533,-0.008673,0.011867,LOSER,
APPS,2025-10-29,6.0,NEUTRAL,NEUTRAL,NEUTRAL,NEUTRAL,ESS_NEUTRAL_ANALYST_MIXED,False,-0.234824,-0.175719,0.011867,LOSER,
APTV,2025-10-29,8.4,BULLISH,NEUTRAL,BULLISH,NO_DATA,ESS_BULLISH_ANALYST_MIXED,False,-0.095838,-0.104699,0.011867,LOSER,False
ARMK,2025-10-29,4.0,NEUTRAL,NEUTRAL,NEUTRAL,NEUTRAL,ESS_NEUTRAL_ANALYST_MIXED,False,-0.049361,-0.04144,0.011867,LOSER,
AROC,2025-10-29,7.7,BULLISH,BULLISH,NEUTRAL,NEUTRAL,ESS_BULLISH_ANALYST_MIXED,False,-0.007916,0.049086,0.011867,NEUTRAL,False
ARTNA,2025-10-29,5.9,NEUTRAL,NEUTRAL,BULLISH,NEUTRAL,ESS_NEUTRAL_ANALYST_MIXED,False,,,0.011867,NO_DATA,
ARW,2025-10-29,9.5,BULLISH,BULLISH,NEUTRAL,NEUTRAL,ESS_BULLISH_ANALYST_MIXED,False,-0.069681,-0.026357,0.011867,LOSER,False
ASC,2025-10-29,8.8,BULLISH,NEUTRAL,NEUTRAL,NEUTRAL,ESS_BULLISH_ANALYST_SKEPTICAL,False,-0.027049,-0.135243,0.011867,LOSER,False
ASGN,2025-10-29,3.4,BEARISH,NEUTRAL,NEUTRAL,NO_DATA,ESS_BEARISH_ANALYST_MIXED,False,,,0.011867,NO_DATA,
ASTE,2025-10-29,9.7,BULLISH,NEUTRAL,NEUTRAL,BULLISH,ESS_BULLISH_ANALYST_MIXED,False,-0.069819,-0.050063,0.011867,LOSER,False
ATEN,2025-10-29,5.7,NEUTRAL,NEUTRAL,NEUTRAL,NEUTRAL,ESS_NEUTRAL_ANALYST_MIXED,False,-0.012048,0.035571,0.011867,LOSER,
ATKR,2025-10-29,8.3,BULLISH,NEUTRAL,BULLISH,NEUTRAL,ESS_BULLISH_ANALYST_MIXED,False,-0.036275,-0.071988,0.011867,LOSER,False
ATO,2025-10-29,8.7,BULLISH,NEUTRAL,NEUTRAL,NEUTRAL,ESS_BULLISH_ANALYST_SKEPTICAL,False,0.033337,-0.011132,0.011867,WINNER,True
ATRC,2025-10-29,5.3,NEUTRAL,NEUTRAL,NEUTRAL,NEUTRAL,ESS_NEUTRAL_ANALYST_MIXED,False,0.019187,0.140801,0.011867,NEUTRAL,
ATRO,2025-10-29,7.3,BULLISH,NEUTRAL,NEUTRAL,NEUTRAL,ESS_BULLISH_ANALYST_SKEPTICAL,False,0.096003,0.104238,0.011867,WINNER,True
AUDC,2025-10-29,7.5,BULLISH,NEUTRAL,BULLISH,NEUTRAL,ESS_BULLISH_ANALYST_MIXED,False,,,0.011867,NO_DATA,
AVA,2025-10-29,3.9,BEARISH,NEUTRAL,NEUTRAL,NEUTRAL,ESS_BEARISH_ANALYST_MIXED,False,0.094276,0.021553,0.011867,WINNER,False
AVGO,2025-10-29,6.1,NEUTRAL,NEUTRAL,NEUTRAL,NEUTRAL,ESS_NEUTRAL_ANALYST_MIXED,False,0.043992,-0.093066,0.011867,WINNER,
AVXL,2025-10-29,6.7,NEUTRAL,NEUTRAL,BULLISH,NEUTRAL,ESS_NEUTRAL_ANALYST_MIXED,False,-0.522444,-0.544888,0.011867,LOSER,
AVY,2025-10-29,8.0,BULLISH,NEUTRAL,BULLISH,NO_DATA,ESS_BULLISH_ANALYST_MIXED,False,-0.021737,0.042295,0.011867,LOSER,False
AWK,2025-10-29,6.1,NEUTRAL,NEUTRAL,NEUTRAL,NEUTRAL,ESS_NEUTRAL_ANALYST_MIXED,False,0.006499,0.013308,0.011867,NEUTRAL,
AWR,2025-10-29,6.3,NEUTRAL,NEUTRAL,NEUTRAL,NEUTRAL,ESS_NEUTRAL_ANALYST_MIXED,False,0.02228,0.012718,0.011867,NEUTRAL,
AXL,2025-10-29,7.3,BULLISH,NEUTRAL,NEUTRAL,NEUTRAL,ESS_BULLISH_ANALYST_SKEPTICAL,False,,,0.011867,NO_DATA,
AYI,2025-10-29,7.0,BULLISH,BULLISH,BULLISH,NO_DATA,ESS_BULLISH_ANALYST_FULL_AGREE,False,0.01361,0.020968,0.011867,NEUTRAL,False
AZZ,2025-10-29,6.9,NEUTRAL,NEUTRAL,NEUTRAL,NEUTRAL,ESS_NEUTRAL_ANALYST_MIXED,False,0.0542,0.0962,0.011867,WINNER,
B,2025-10-29,8.5,BULLISH,NEUTRAL,NEUTRAL,NEUTRAL,ESS_BULLISH_ANALYST_SKEPTICAL,False,0.294987,0.378939,0.011867,WINNER,True
BAX,2025-10-29,3.5,BEARISH,NEUTRAL,BULLISH,NEUTRAL,ESS_BEARISH_ANALYST_MIXED,True,-0.163697,-0.140937,0.011867,LOSER,True
BBW,2025-10-29,8.2,BULLISH,NEUTRAL,NEUTRAL,NEUTRAL,ESS_BULLISH_ANALYST_SKEPTICAL,False,-0.030213,0.08302,0.011867,LOSER,False
BBY,2025-10-29,7.6,BULLISH,NEUTRAL,NEUTRAL,NEUTRAL,ESS_BULLISH_ANALYST_SKEPTICAL,False,-0.05619,-0.181716,0.011867,LOSER,False
BCE,2025-10-29,6.3,NEUTRAL,NEUTRAL,NEUTRAL,NEUTRAL,ESS_NEUTRAL_ANALYST_MIXED,False,0.000851,0.008719,0.011867,NEUTRAL,
BCO,2025-10-29,5.9,NEUTRAL,NEUTRAL,NEUTRAL,NEUTRAL,ESS_NEUTRAL_ANALYST_MIXED,False,-0.001611,0.057849,0.011867,NEUTRAL,
BDC,2025-10-29,6.2,NEUTRAL,NEUTRAL,BULLISH,NEUTRAL,ESS_NEUTRAL_ANALYST_MIXED,False,-0.050013,-0.015856,0.011867,LOSER,
BDX,2025-10-29,3.4,BEARISH,NEUTRAL,BULLISH,NEUTRAL,ESS_BEARISH_ANALYST_MIXED,True,0.068863,0.080995,0.011867,WINNER,False
BGS,2025-10-29,7.5,BULLISH,NEUTRAL,BULLISH,NEUTRAL,ESS_BULLISH_ANALYST_MIXED,False,0.118932,0.126214,0.011867,WINNER,True
BHVN,2025-10-29,3.6,BEARISH,NEUTRAL,NEUTRAL,NEUTRAL,ESS_BEARISH_ANALYST_MIXED,False,-0.446162,-0.362783,0.011867,LOSER,True
BIIB,2025-10-29,8.2,BULLISH,NEUTRAL,NEUTRAL,NEUTRAL,ESS_BULLISH_ANALYST_SKEPTICAL,False,0.231503,0.195929,0.011867,WINNER,True
BIO,2025-10-29,8.2,BULLISH,NEUTRAL,NEUTRAL,NEUTRAL,ESS_BULLISH_ANALYST_SKEPTICAL,False,0.016872,-0.049269,0.011867,NEUTRAL,False
BJRI,2025-10-29,7.5,BULLISH,NEUTRAL,NEUTRAL,NEUTRAL,ESS_BULLISH_ANALYST_SKEPTICAL,False,0.274933,0.322141,0.011867,WINNER,True
BKD,2025-10-29,3.7,BEARISH,NEUTRAL,BULLISH,NEUTRAL,ESS_BEARISH_ANALYST_MIXED,True,0.243575,0.210056,0.011867,WINNER,False
BKNG,2025-10-29,6.1,NEUTRAL,NEUTRAL,NEUTRAL,NEUTRAL,ESS_NEUTRAL_ANALYST_MIXED,False,-0.031752,0.074053,0.011867,LOSER,
BKR,2025-10-29,7.2,BULLISH,NEUTRAL,NEUTRAL,NO_DATA,ESS_BULLISH_ANALYST_SKEPTICAL,False,0.043843,-0.056382,0.011867,WINNER,True
BLBD,2025-10-29,7.3,BULLISH,NEUTRAL,NEUTRAL,NEUTRAL,ESS_BULLISH_ANALYST_SKEPTICAL,False,0.008108,-0.033012,0.011867,NEUTRAL,False
BLD,2025-10-29,9.0,BULLISH,NEUTRAL,BULLISH,BULLISH,ESS_BULLISH_ANALYST_MIXED,False,0.046799,-0.01041,0.011867,WINNER,True
BMI,2025-10-29,3.6,BEARISH,NEUTRAL,NEUTRAL,NEUTRAL,ESS_BEARISH_ANALYST_MIXED,False,-0.022045,-0.015472,0.011867,LOSER,True
BMRN,2025-10-29,9.2,BULLISH,NEUTRAL,NEUTRAL,NEUTRAL,ESS_BULLISH_ANALYST_SKEPTICAL,False,0.078481,0.157732,0.011867,WINNER,True
BMY,2025-10-29,9.4,BULLISH,NEUTRAL,BULLISH,NEUTRAL,ESS_BULLISH_ANALYST_MIXED,False,0.15493,0.270188,0.011867,WINNER,True
BOOM,2025-10-29,6.4,NEUTRAL,NEUTRAL,NEUTRAL,NEUTRAL,ESS_NEUTRAL_ANALYST_MIXED,False,-0.272834,-0.215457,0.011867,LOSER,
BOX,2025-10-29,6.5,NEUTRAL,NEUTRAL,NEUTRAL,NEUTRAL,ESS_NEUTRAL_ANALYST_MIXED,False,-0.067256,-0.032839,0.011867,LOSER,
BR,2025-10-29,3.5,BEARISH,NEUTRAL,NEUTRAL,NEUTRAL,ESS_BEARISH_ANALYST_MIXED,False,0.037338,0.038483,0.011867,WINNER,False
BTG,2025-10-29,5.5,NEUTRAL,NEUTRAL,NEUTRAL,NEUTRAL,ESS_NEUTRAL_ANALYST_MIXED,False,-0.031447,-0.048218,0.011867,LOSER,
BWA,2025-10-29,9.7,BULLISH,NEUTRAL,NEUTRAL,BULLISH,ESS_BULLISH_ANALYST_MIXED,False,0.00537,0.073348,0.011867,NEUTRAL,False
BYD,2025-10-29,9.7,BULLISH,NEUTRAL,BULLISH,NO_DATA,ESS_BULLISH_ANALYST_MIXED,False,0.084494,0.123715,0.011867,WINNER,True
CABO,2025-10-29,6.3,NEUTRAL,NEUTRAL,BULLISH,NEUTRAL,ESS_NEUTRAL_ANALYST_MIXED,False,-0.243545,-0.238833,0.011867,LOSER,
CACI,2025-10-29,6.7,NEUTRAL,NEUTRAL,BULLISH,NEUTRAL,ESS_NEUTRAL_ANALYST_MIXED,False,0.097691,-0.040379,0.011867,WINNER,
CAG,2025-10-29,3.5,BEARISH,NEUTRAL,BULLISH,NEUTRAL,ESS_BEARISH_ANALYST_MIXED,True,0.04815,0.02525,0.011867,WINNER,False
CAH,2025-10-29,7.9,BULLISH,NEUTRAL,BULLISH,NEUTRAL,ESS_BULLISH_ANALYST_MIXED,False,0.29057,0.260899,0.011867,WINNER,True
CAKE,2025-10-29,7.7,BULLISH,NEUTRAL,BULLISH,NEUTRAL,ESS_BULLISH_ANALYST_MIXED,False,-0.048765,0.012908,0.011867,LOSER,False
CARS,2025-10-29,5.4,NEUTRAL,NEUTRAL,NEUTRAL,NEUTRAL,ESS_NEUTRAL_ANALYST_MIXED,False,0.100569,0.1926,0.011867,WINNER,
CASY,2025-10-29,6.1,NEUTRAL,BULLISH,BULLISH,NEUTRAL,ESS_NEUTRAL_ANALYST_MIXED,False,0.079377,0.072717,0.011867,WINNER,
CAT,2025-10-29,6.0,NEUTRAL,NEUTRAL,NEUTRAL,NEUTRAL,ESS_NEUTRAL_ANALYST_MIXED,False,-0.016619,-0.011751,0.011867,LOSER,
CB,2025-10-29,6.4,NEUTRAL,NEUTRAL,NEUTRAL,NO_DATA,ESS_NEUTRAL_ANALYST_MIXED,False,0.065396,0.131115,0.011867,WINNER,
CBIO,2025-10-29,3.1,BEARISH,NEUTRAL,BULLISH,NEUTRAL,ESS_BEARISH_ANALYST_MIXED,True,0.204,-0.0336,0.011867,WINNER,False
CCK,2025-10-29,3.9,BEARISH,NEUTRAL,BULLISH,NO_DATA,ESS_BEARISH_ANALYST_MAJORITY_BULLISH,True,0.016713,0.089373,0.011867,NEUTRAL,False
CCL,2025-10-29,7.8,BULLISH,BULLISH,BULLISH,NEUTRAL,ESS_BULLISH_ANALYST_MIXED,False,,,0.011867,NO_DATA,
CCRD,2025-10-29,8.3,BULLISH,NEUTRAL,NEUTRAL,NO_DATA,ESS_BULLISH_ANALYST_SKEPTICAL,False,,,0.011867,NO_DATA,
CDNS,2025-10-29,3.7,BEARISH,NEUTRAL,NEUTRAL,NEUTRAL,ESS_BEARISH_ANALYST_MIXED,False,-0.086665,-0.069473,0.011867,LOSER,True
CDTX,2025-10-29,7.6,BULLISH,NEUTRAL,NEUTRAL,NEUTRAL,ESS_BULLISH_ANALYST_SKEPTICAL,False,,,0.011867,NO_DATA,
CDW,2025-10-29,5.6,NEUTRAL,NEUTRAL,BULLISH,NEUTRAL,ESS_NEUTRAL_ANALYST_MIXED,False,-0.079182,-0.115001,0.011867,LOSER,
CENT,2025-10-29,3.7,BEARISH,NEUTRAL,BULLISH,NEUTRAL,ESS_BEARISH_ANALYST_MIXED,True,0.095574,0.04009,0.011867,WINNER,False
CENX,2025-10-29,4.0,NEUTRAL,BULLISH,NEUTRAL,NEUTRAL,ESS_NEUTRAL_ANALYST_MIXED,False,0.043887,0.359805,0.011867,WINNER,
CERS,2025-10-29,8.2,BULLISH,NEUTRAL,NEUTRAL,NEUTRAL,ESS_BULLISH_ANALYST_SKEPTICAL,False,0.213793,0.42069,0.011867,WINNER,True
CGC,2025-10-29,9.4,BULLISH,NEUTRAL,NEUTRAL,NEUTRAL,ESS_BULLISH_ANALYST_SKEPTICAL,False,-0.064,-0.032,0.011867,LOSER,False
CGEN,2025-10-29,3.1,BEARISH,NEUTRAL,BULLISH,NEUTRAL,ESS_BEARISH_ANALYST_MIXED,True,-0.054545,-0.109091,0.011867,LOSER,True
CGNX,2025-10-29,4.2,NEUTRAL,NEUTRAL,NEUTRAL,NEUTRAL,ESS_NEUTRAL_ANALYST_MIXED,False,-0.195088,-0.229524,0.011867,LOSER,
CHKP,2025-10-29,8.5,BULLISH,NEUTRAL,BULLISH,NEUTRAL,ESS_BULLISH_ANALYST_MIXED,False,-0.053275,-0.0441,0.011867,LOSER,False
CHRW,2025-10-29,9.3,BULLISH,NEUTRAL,BULLISH,NEUTRAL,ESS_BULLISH_ANALYST_MIXED,False,0.227933,0.272191,0.011867,WINNER,True
CHTR,2025-10-29,6.3,NEUTRAL,NEUTRAL,NEUTRAL,NEUTRAL,ESS_NEUTRAL_ANALYST_MIXED,False,-0.171552,-0.134625,0.011867,LOSER,
CI,2025-10-29,9.5,BULLISH,NEUTRAL,BULLISH,NEUTRAL,ESS_BULLISH_ANALYST_MIXED,False,-0.073014,-0.072077,0.011867,LOSER,False
CLB,2025-10-29,6.9,NEUTRAL,NEUTRAL,NEUTRAL,NEUTRAL,ESS_NEUTRAL_ANALYST_MIXED,False,-0.062106,0.012429,0.011867,LOSER,
CLMB,2025-10-29,9.4,BULLISH,NEUTRAL,BULLISH,NO_DATA,ESS_BULLISH_ANALYST_MIXED,False,-0.241603,-0.214437,0.011867,LOSER,False
CLNE,2025-10-29,5.4,NEUTRAL,NEUTRAL,NEUTRAL,NEUTRAL,ESS_NEUTRAL_ANALYST_MIXED,False,-0.237762,-0.251748,0.011867,LOSER,
CMC,2025-10-29,9.7,BULLISH,BULLISH,BULLISH,NEUTRAL,ESS_BULLISH_ANALYST_MIXED,False,0.048151,0.159408,0.011867,WINNER,True
CMCSA,2025-10-29,8.1,BULLISH,NEUTRAL,BULLISH,NEUTRAL,ESS_BULLISH_ANALYST_MIXED,False,-0.064494,0.046968,0.011867,LOSER,False
CMG,2025-10-29,7.9,BULLISH,NEUTRAL,BULLISH,NEUTRAL,ESS_BULLISH_ANALYST_MIXED,False,-0.131791,-0.065895,0.011867,LOSER,False
CMI,2025-10-29,8.2,BULLISH,BULLISH,NEUTRAL,NEUTRAL,ESS_BULLISH_ANALYST_MIXED,False,0.133414,0.171332,0.011867,WINNER,True
CMPR,2025-10-29,7.3,BULLISH,NEUTRAL,NEUTRAL,NEUTRAL,ESS_BULLISH_ANALYST_SKEPTICAL,False,0.031461,0.033708,0.011867,NEUTRAL,False
CMRE,2025-10-29,7.3,BULLISH,NEUTRAL,NEUTRAL,NEUTRAL,ESS_BULLISH_ANALYST_SKEPTICAL,False,0.26512,0.317316,0.011867,WINNER,True
CMT,2025-10-29,6.9,NEUTRAL,NEUTRAL,BULLISH,NEUTRAL,ESS_NEUTRAL_ANALYST_MIXED,False,0.032787,0.168852,0.011867,WINNER,
CMTL,2025-10-29,4.3,NEUTRAL,NEUTRAL,NEUTRAL,NEUTRAL,ESS_NEUTRAL_ANALYST_MIXED,False,0.044369,0.798635,0.011867,WINNER,
CNDT,2025-10-29,5.4,NEUTRAL,NEUTRAL,BULLISH,NO_DATA,ESS_NEUTRAL_ANALYST_MIXED,False,-0.177966,-0.207627,0.011867,LOSER,
CNMD,2025-10-29,9.3,BULLISH,NEUTRAL,NEUTRAL,NEUTRAL,ESS_BULLISH_ANALYST_SKEPTICAL,False,-0.070435,-0.111967,0.011867,LOSER,False
CNP,2025-10-29,8.0,BULLISH,NEUTRAL,NEUTRAL,NEUTRAL,ESS_BULLISH_ANALYST_SKEPTICAL,False,0.032177,-0.008098,0.011867,WINNER,True
CNQ,2025-10-29,8.1,BULLISH,BULLISH,NEUTRAL,NEUTRAL,ESS_BULLISH_ANALYST_MIXED,False,0.050389,0.032037,0.011867,WINNER,True
CNTY,2025-10-29,4.3,NEUTRAL,NEUTRAL,NEUTRAL,NEUTRAL,ESS_NEUTRAL_ANALYST_MIXED,False,-0.251232,-0.330049,0.011867,LOSER,
CNXN,2025-10-29,5.7,NEUTRAL,NEUTRAL,NEUTRAL,NEUTRAL,ESS_NEUTRAL_ANALYST_MIXED,False,-0.044181,-0.030512,0.011867,LOSER,
COHR,2025-10-29,6.0,NEUTRAL,NEUTRAL,BULLISH,NEUTRAL,ESS_NEUTRAL_ANALYST_MIXED,False,0.189773,0.369115,0.011867,WINNER,
COLL,2025-10-29,9.2,BULLISH,NEUTRAL,BULLISH,NEUTRAL,ESS_BULLISH_ANALYST_MIXED,False,0.340994,0.421431,0.011867,WINNER,True
COMM,2025-10-29,7.5,BULLISH,NEUTRAL,NEUTRAL,NEUTRAL,ESS_BULLISH_ANALYST_SKEPTICAL,False,,,0.011867,NO_DATA,
COO,2025-10-29,6.8,NEUTRAL,NEUTRAL,NEUTRAL,NEUTRAL,ESS_NEUTRAL_ANALYST_MIXED,False,0.120006,0.181374,0.011867,WINNER,
COR,2025-10-29,7.9,BULLISH,NEUTRAL,BULLISH,NEUTRAL,ESS_BULLISH_ANALYST_MIXED,False,0.109153,0.02293,0.011867,WINNER,True
COST,2025-10-29,8.2,BULLISH,BULLISH,BULLISH,NEUTRAL,ESS_BULLISH_ANALYST_MIXED,False,0.002699,-0.047513,0.011867,NEUTRAL,False
CPA,2025-10-29,6.5,NEUTRAL,NEUTRAL,NEUTRAL,NEUTRAL,ESS_NEUTRAL_ANALYST_MIXED,False,-0.016314,-0.012549,0.011867,LOSER,
CPAY,2025-10-29,6.8,NEUTRAL,NEUTRAL,NEUTRAL,NO_DATA,ESS_NEUTRAL_ANALYST_MIXED,False,0.103279,0.1524,0.011867,WINNER,
CPB,2025-10-29,5.2,NEUTRAL,NEUTRAL,NEUTRAL,NEUTRAL,ESS_NEUTRAL_ANALYST_MIXED,False,0.016678,-0.061041,0.011867,NEUTRAL,
CPK,2025-10-29,3.9,BEARISH,NEUTRAL,NEUTRAL,NEUTRAL,ESS_BEARISH_ANALYST_MIXED,False,0.082011,-0.012898,0.011867,WINNER,False
CPRT,2025-10-29,3.5,BEARISH,NEUTRAL,NEUTRAL,NEUTRAL,ESS_BEARISH_ANALYST_MIXED,False,-0.082824,-0.070823,0.011867,LOSER,True
CPRX,2025-10-29,6.9,NEUTRAL,NEUTRAL,NEUTRAL,NEUTRAL,ESS_NEUTRAL_ANALYST_MIXED,False,0.114231,0.145169,0.011867,WINNER,
CR,2025-10-29,3.7,BEARISH,NEUTRAL,NEUTRAL,BULLISH,ESS_BEARISH_ANALYST_MIXED,True,-0.050208,-0.024292,0.011867,LOSER,True
CRAI,2025-10-29,7.1,BULLISH,NEUTRAL,BULLISH,NEUTRAL,ESS_BULLISH_ANALYST_MIXED,False,-0.007201,0.170202,0.011867,NEUTRAL,False
CRBP,2025-10-29,4.1,NEUTRAL,NEUTRAL,NEUTRAL,NEUTRAL,ESS_NEUTRAL_ANALYST_MIXED,False,-0.31554,-0.511862,0.011867,LOSER,
CRC,2025-10-29,7.7,BULLISH,NEUTRAL,NEUTRAL,NEUTRAL,ESS_BULLISH_ANALYST_SKEPTICAL,False,0.019415,-0.03793,0.011867,NEUTRAL,False
CRL,2025-10-29,4.4,NEUTRAL,NEUTRAL,BULLISH,NEUTRAL,ESS_NEUTRAL_ANALYST_MIXED,False,-0.011157,0.127727,0.011867,LOSER,
CRM,2025-10-29,8.6,BULLISH,NEUTRAL,NEUTRAL,NEUTRAL,ESS_BULLISH_ANALYST_SKEPTICAL,False,-0.083194,0.060446,0.011867,LOSER,False
CRS,2025-10-29,7.3,BULLISH,NEUTRAL,BULLISH,NEUTRAL,ESS_BULLISH_ANALYST_MIXED,False,-0.015271,0.005935,0.011867,LOSER,False
CRUS,2025-10-29,9.4,BULLISH,BULLISH,BULLISH,NEUTRAL,ESS_BULLISH_ANALYST_MIXED,False,-0.083473,-0.085072,0.011867,LOSER,False
CSCO,2025-10-29,9.8,BULLISH,NEUTRAL,BULLISH,BULLISH,ESS_BULLISH_ANALYST_MIXED,False,0.078649,0.090565,0.011867,WINNER,True
CSGS,2025-10-29,9.3,BULLISH,NEUTRAL,BULLISH,BULLISH,ESS_BULLISH_ANALYST_MIXED,False,0.001144,-0.01829,0.011867,NEUTRAL,False
CSV,2025-10-29,5.4,NEUTRAL,NEUTRAL,NEUTRAL,NEUTRAL,ESS_NEUTRAL_ANALYST_MIXED,False,-0.017212,-0.024475,0.011867,LOSER,
CSX,2025-10-29,8.7,BULLISH,NEUTRAL,BULLISH,NEUTRAL,ESS_BULLISH_ANALYST_MIXED,False,0.005402,0.044072,0.011867,NEUTRAL,False
CTAS,2025-10-29,5.9,NEUTRAL,NEUTRAL,BULLISH,NEUTRAL,ESS_NEUTRAL_ANALYST_MIXED,False,0.013956,0.041319,0.011867,NEUTRAL,
CTS,2025-10-29,6.6,NEUTRAL,NEUTRAL,BULLISH,NEUTRAL,ESS_NEUTRAL_ANALYST_MIXED,False,0.029176,0.070744,0.011867,NEUTRAL,
CTSH,2025-10-29,8.7,BULLISH,NEUTRAL,BULLISH,NEUTRAL,ESS_BULLISH_ANALYST_MIXED,False,0.088715,0.190847,0.011867,WINNER,True
CTSO,2025-10-29,7.6,BULLISH,NEUTRAL,NEUTRAL,NEUTRAL,ESS_BULLISH_ANALYST_SKEPTICAL,False,0.037084,-0.15601,0.011867,WINNER,True
CULP,2025-10-29,4.3,NEUTRAL,NEUTRAL,NEUTRAL,NEUTRAL,ESS_NEUTRAL_ANALYST_MIXED,False,-0.058962,-0.167453,0.011867,LOSER,
CVCO,2025-10-29,7.2,BULLISH,NEUTRAL,BULLISH,NEUTRAL,ESS_BULLISH_ANALYST_MIXED,False,0.181658,0.193184,0.011867,WINNER,True
CVE,2025-10-29,9.9,BULLISH,BULLISH,NEUTRAL,NEUTRAL,ESS_BULLISH_ANALYST_MIXED,False,0.04628,-0.009959,0.011867,WINNER,True
CVGI,2025-10-29,7.3,BULLISH,NEUTRAL,BULLISH,NEUTRAL,ESS_BULLISH_ANALYST_MIXED,False,0.120253,-0.094937,0.011867,WINNER,True
CVLT,2025-10-29,6.4,NEUTRAL,BULLISH,NEUTRAL,NEUTRAL,ESS_NEUTRAL_ANALYST_MIXED,False,-0.118738,-0.089767,0.011867,LOSER,
CVS,2025-10-29,9.8,BULLISH,NEUTRAL,NEUTRAL,BULLISH,ESS_BULLISH_ANALYST_MIXED,False,-0.002978,-0.007196,0.011867,NEUTRAL,False
CVX,2025-10-29,4.2,NEUTRAL,NEUTRAL,BULLISH,NEUTRAL,ESS_NEUTRAL_ANALYST_MIXED,False,-0.014714,-0.015627,0.011867,LOSER,
CW,2025-10-29,6.9,NEUTRAL,NEUTRAL,NEUTRAL,NEUTRAL,ESS_NEUTRAL_ANALYST_MIXED,False,-0.061665,-0.065256,0.011867,LOSER,
CWT,2025-10-29,3.3,BEARISH,NEUTRAL,NEUTRAL,NEUTRAL,ESS_BEARISH_ANALYST_MIXED,False,-0.037642,-0.076034,0.011867,LOSER,True
CYH,2025-10-29,7.8,BULLISH,NEUTRAL,NEUTRAL,NO_DATA,ESS_BULLISH_ANALYST_SKEPTICAL,False,-0.178147,-0.23753,0.011867,LOSER,False
DAC,2025-10-29,7.3,BULLISH,NEUTRAL,BULLISH,NEUTRAL,ESS_BULLISH_ANALYST_MIXED,False,,,0.011867,NO_DATA,
DAKT,2025-10-29,10.0,BULLISH,BULLISH,BULLISH,BULLISH,ESS_BULLISH_ANALYST_FULL_AGREE,False,-0.030225,-0.023566,0.011867,LOSER,False
DAL,2025-10-29,9.6,BULLISH,NEUTRAL,BULLISH,BULLISH,ESS_BULLISH_ANALYST_MIXED,False,0.090878,0.183288,0.011867,WINNER,True
DAY,2025-10-29,6.2,NEUTRAL,NEUTRAL,NEUTRAL,NO_DATA,ESS_NEUTRAL_ANALYST_MIXED,False,,,0.011867,NO_DATA,
DBD,2025-10-29,6.8,NEUTRAL,NEUTRAL,NEUTRAL,NEUTRAL,ESS_NEUTRAL_ANALYST_MIXED,False,0.12365,0.204458,0.011867,WINNER,
DCI,2025-10-29,7.8,BULLISH,NEUTRAL,BULLISH,NEUTRAL,ESS_BULLISH_ANALYST_MIXED,False,0.075616,0.091777,0.011867,WINNER,True
DCO,2025-10-29,6.5,NEUTRAL,NEUTRAL,NEUTRAL,NEUTRAL,ESS_NEUTRAL_ANALYST_MIXED,False,-0.018518,0.028688,0.011867,LOSER,
DDD,2025-10-29,3.6,BEARISH,NEUTRAL,NEUTRAL,NEUTRAL,ESS_BEARISH_ANALYST_MIXED,False,-0.313531,-0.412541,0.011867,LOSER,True
DGII,2025-10-29,9.4,BULLISH,NEUTRAL,BULLISH,NEUTRAL,ESS_BULLISH_ANALYST_MIXED,False,0.096749,0.160461,0.011867,WINNER,True
DGX,2025-10-29,4.4,NEUTRAL,NEUTRAL,BULLISH,NEUTRAL,ESS_NEUTRAL_ANALYST_MIXED,False,0.082389,0.004234,0.011867,WINNER,
DHR,2025-10-29,3.3,BEARISH,NEUTRAL,BULLISH,NEUTRAL,ESS_BEARISH_ANALYST_MIXED,True,0.05967,0.079152,0.011867,WINNER,False
DHT,2025-10-29,6.9,NEUTRAL,NEUTRAL,BULLISH,NEUTRAL,ESS_NEUTRAL_ANALYST_MIXED,False,-0.001533,-0.057471,0.011867,NEUTRAL,
DHX,2025-10-29,5.7,NEUTRAL,NEUTRAL,NEUTRAL,NEUTRAL,ESS_NEUTRAL_ANALYST_MIXED,False,-0.073892,-0.231527,0.011867,LOSER,
DIN,2025-10-29,9.2,BULLISH,NEUTRAL,BULLISH,NEUTRAL,ESS_BULLISH_ANALYST_MIXED,False,0.239096,0.295167,0.011867,WINNER,True
DINO,2025-10-29,8.2,BULLISH,BULLISH,NEUTRAL,NO_DATA,ESS_BULLISH_ANALYST_MIXED,False,-0.010649,-0.140231,0.011867,LOSER,False
DIS,2025-10-29,5.4,NEUTRAL,NEUTRAL,NEUTRAL,NEUTRAL,ESS_NEUTRAL_ANALYST_MIXED,False,-0.05234,0.042839,0.011867,LOSER,
DKS,2025-10-29,3.1,BEARISH,NEUTRAL,NEUTRAL,NEUTRAL,ESS_BEARISH_ANALYST_MIXED,False,-0.084272,-0.098866,0.011867,LOSER,True
DLB,2025-10-29,3.3,BEARISH,NEUTRAL,NEUTRAL,NEUTRAL,ESS_BEARISH_ANALYST_MIXED,False,0.038491,0.008487,0.011867,WINNER,False
DLHC,2025-10-29,5.5,NEUTRAL,NEUTRAL,NEUTRAL,NEUTRAL,ESS_NEUTRAL_ANALYST_MIXED,False,0.110912,0.008944,0.011867,WINNER,
DLX,2025-10-29,8.6,BULLISH,NEUTRAL,BULLISH,NEUTRAL,ESS_BULLISH_ANALYST_MIXED,False,0.125883,0.271605,0.011867,WINNER,True
DNLI,2025-10-29,6.9,NEUTRAL,NEUTRAL,NEUTRAL,NEUTRAL,ESS_NEUTRAL_ANALYST_MIXED,False,0.198154,0.020308,0.011867,WINNER,
DNOW,2025-10-29,8.0,BULLISH,NEUTRAL,BULLISH,NEUTRAL,ESS_BULLISH_ANALYST_MIXED,False,-0.053559,-0.08,0.011867,LOSER,False
DORM,2025-10-29,6.5,NEUTRAL,NEUTRAL,NEUTRAL,NEUTRAL,ESS_NEUTRAL_ANALYST_MIXED,False,-0.009436,-0.057515,0.011867,LOSER,
DOX,2025-10-29,7.0,BULLISH,NEUTRAL,BULLISH,NEUTRAL,ESS_BULLISH_ANALYST_MIXED,False,-0.091255,-0.034815,0.011867,LOSER,False
DPZ,2025-10-29,6.1,NEUTRAL,NEUTRAL,NEUTRAL,NEUTRAL,ESS_NEUTRAL_ANALYST_MIXED,False,0.033903,0.042094,0.011867,WINNER,
DRI,2025-10-29,6.1,NEUTRAL,NEUTRAL,NEUTRAL,NEUTRAL,ESS_NEUTRAL_ANALYST_MIXED,False,-0.015515,0.02467,0.011867,LOSER,
DSGR,2025-10-29,5.9,NEUTRAL,NEUTRAL,NEUTRAL,NO_DATA,ESS_NEUTRAL_ANALYST_MIXED,False,-0.067204,-0.053091,0.011867,LOSER,
DTE,2025-10-29,6.1,NEUTRAL,NEUTRAL,NEUTRAL,NEUTRAL,ESS_NEUTRAL_ANALYST_MIXED,False,-0.013179,-0.057943,0.011867,LOSER,
DUK,2025-10-29,6.1,NEUTRAL,NEUTRAL,NEUTRAL,NEUTRAL,ESS_NEUTRAL_ANALYST_MIXED,False,0.005852,-0.046251,0.011867,NEUTRAL,
DVA,2025-10-29,5.5,NEUTRAL,NEUTRAL,BULLISH,NEUTRAL,ESS_NEUTRAL_ANALYST_MIXED,False,-0.054362,-0.103192,0.011867,LOSER,
DVN,2025-10-29,6.3,NEUTRAL,NEUTRAL,BULLISH,NEUTRAL,ESS_NEUTRAL_ANALYST_MIXED,False,0.156318,0.136129,0.011867,WINNER,
DXPE,2025-10-29,7.4,BULLISH,NEUTRAL,BULLISH,NEUTRAL,ESS_BULLISH_ANALYST_MIXED,False,-0.232484,-0.059448,0.011867,LOSER,False
EAT,2025-10-29,7.2,BULLISH,NEUTRAL,NEUTRAL,NEUTRAL,ESS_BULLISH_ANALYST_SKEPTICAL,False,0.337537,0.246304,0.011867,WINNER,True
ECL,2025-10-29,7.3,BULLISH,NEUTRAL,NEUTRAL,NEUTRAL,ESS_BULLISH_ANALYST_SKEPTICAL,False,0.068707,0.034157,0.011867,WINNER,True
ED,2025-10-29,9.2,BULLISH,NEUTRAL,NEUTRAL,NEUTRAL,ESS_BULLISH_ANALYST_SKEPTICAL,False,0.043256,0.034732,0.011867,WINNER,True
EEFT,2025-10-29,5.3,NEUTRAL,NEUTRAL,NEUTRAL,NEUTRAL,ESS_NEUTRAL_ANALYST_MIXED,False,-0.044863,-0.022689,0.011867,LOSER,
EFX,2025-10-29,3.4,BEARISH,NEUTRAL,BULLISH,NEUTRAL,ESS_BEARISH_ANALYST_MIXED,True,-0.007655,0.037951,0.011867,NEUTRAL,False
EGHT,2025-10-29,6.8,NEUTRAL,NEUTRAL,NEUTRAL,NEUTRAL,ESS_NEUTRAL_ANALYST_MIXED,False,0.043011,0.080645,0.011867,WINNER,
EHC,2025-10-29,7.7,BULLISH,BULLISH,BULLISH,NEUTRAL,ESS_BULLISH_ANALYST_MIXED,False,-0.074902,-0.140651,0.011867,LOSER,False
ELAN,2025-10-29,9.3,BULLISH,BULLISH,NEUTRAL,NEUTRAL,ESS_BULLISH_ANALYST_MIXED,False,0.030102,0.002656,0.011867,NEUTRAL,False
ELMD,2025-10-29,9.8,BULLISH,NEUTRAL,BULLISH,NEUTRAL,ESS_BULLISH_ANALYST_MIXED,False,0.114952,0.185339,0.011867,WINNER,True
EME,2025-10-29,9.6,BULLISH,BULLISH,BULLISH,BULLISH,ESS_BULLISH_ANALYST_FULL_AGREE,False,-0.208404,-0.197864,0.011867,LOSER,False
ENS,2025-10-29,3.3,BEARISH,NEUTRAL,NEUTRAL,NEUTRAL,ESS_BEARISH_ANALYST_MIXED,False,0.146347,0.188547,0.011867,WINNER,False
ENSG,2025-10-29,9.7,BULLISH,NEUTRAL,BULLISH,BULLISH,ESS_BULLISH_ANALYST_MIXED,False,0.015545,-0.034866,0.011867,NEUTRAL,False
ENTA,2025-10-29,6.5,NEUTRAL,NEUTRAL,BULLISH,NEUTRAL,ESS_NEUTRAL_ANALYST_MIXED,False,0.328316,0.545626,0.011867,WINNER,
EPAC,2025-10-29,8.3,BULLISH,NEUTRAL,NEUTRAL,BULLISH,ESS_BULLISH_ANALYST_MIXED,False,-0.092064,-0.044594,0.011867,LOSER,False
EPAM,2025-10-29,7.5,BULLISH,NEUTRAL,NEUTRAL,NEUTRAL,ESS_BULLISH_ANALYST_SKEPTICAL,False,0.148296,0.299601,0.011867,WINNER,True
EPC,2025-10-29,6.6,NEUTRAL,NEUTRAL,BULLISH,NEUTRAL,ESS_NEUTRAL_ANALYST_MIXED,False,-0.058017,-0.075449,0.011867,LOSER,
ES,2025-10-29,6.4,NEUTRAL,NEUTRAL,NEUTRAL,NEUTRAL,ESS_NEUTRAL_ANALYST_MIXED,False,-0.089825,-0.079343,0.011867,LOSER,
ESCA,2025-10-29,8.2,BULLISH,NEUTRAL,NEUTRAL,NEUTRAL,ESS_BULLISH_ANALYST_SKEPTICAL,False,0.162139,0.167397,0.011867,WINNER,True
ETD,2025-10-29,3.9,BEARISH,NEUTRAL,NEUTRAL,NO_DATA,ESS_BEARISH_ANALYST_MIXED,False,-0.115897,-0.140206,0.011867,LOSER,True
ETN,2025-10-29,7.8,BULLISH,NEUTRAL,NEUTRAL,NEUTRAL,ESS_BULLISH_ANALYST_SKEPTICAL,False,-0.105493,-0.168697,0.011867,LOSER,False
ETR,2025-10-29,6.1,NEUTRAL,NEUTRAL,NEUTRAL,NEUTRAL,ESS_NEUTRAL_ANALYST_MIXED,False,0.028397,-0.017897,0.011867,NEUTRAL,
EVRG,2025-10-29,8.2,BULLISH,NEUTRAL,BULLISH,NEUTRAL,ESS_BULLISH_ANALYST_MIXED,False,0.018577,-0.041764,0.011867,NEUTRAL,False
EVTC,2025-10-29,8.2,BULLISH,NEUTRAL,BULLISH,NEUTRAL,ESS_BULLISH_ANALYST_MIXED,False,-0.014661,0.005455,0.011867,LOSER,False
EXEL,2025-10-29,5.9,NEUTRAL,NEUTRAL,NEUTRAL,NEUTRAL,ESS_NEUTRAL_ANALYST_MIXED,False,0.120213,0.150647,0.011867,WINNER,
EXLS,2025-10-29,7.4,BULLISH,NEUTRAL,BULLISH,NEUTRAL,ESS_BULLISH_ANALYST_MIXED,False,0.030877,0.12273,0.011867,NEUTRAL,False
EXPD,2025-10-29,3.7,BEARISH,NEUTRAL,BULLISH,NEUTRAL,ESS_BEARISH_ANALYST_MIXED,True,0.249468,0.291622,0.011867,WINNER,False
EXTR,2025-10-29,3.6,BEARISH,NEUTRAL,NEUTRAL,NEUTRAL,ESS_BEARISH_ANALYST_MIXED,False,-0.028318,-0.060522,0.011867,LOSER,True
FARM,2025-10-29,3.8,BEARISH,NEUTRAL,NEUTRAL,NEUTRAL,ESS_BEARISH_ANALYST_MIXED,False,,,0.011867,NO_DATA,
FAST,2025-10-29,7.7,BULLISH,NEUTRAL,BULLISH,NEUTRAL,ESS_BULLISH_ANALYST_MIXED,False,-0.016792,0.004867,0.011867,LOSER,False
FATE,2025-10-29,6.6,NEUTRAL,NEUTRAL,NEUTRAL,NEUTRAL,ESS_NEUTRAL_ANALYST_MIXED,False,-0.149254,-0.253731,0.011867,LOSER,
FBIN,2025-10-29,7.7,BULLISH,NEUTRAL,BULLISH,NO_DATA,ESS_BULLISH_ANALYST_MIXED,False,0.043863,0.030519,0.011867,WINNER,True
FBRX,2025-10-29,4.1,NEUTRAL,NEUTRAL,NEUTRAL,NEUTRAL,ESS_NEUTRAL_ANALYST_MIXED,False,0.290681,0.812935,0.011867,WINNER,
FC,2025-10-29,7.3,BULLISH,NEUTRAL,NEUTRAL,NEUTRAL,ESS_BULLISH_ANALYST_SKEPTICAL,False,-0.073113,0.011792,0.011867,LOSER,False
FCEL,2025-10-29,8.8,BULLISH,BULLISH,BULLISH,NEUTRAL,ESS_BULLISH_ANALYST_MIXED,False,-0.179707,-0.002445,0.011867,LOSER,False
FCN,2025-10-29,7.4,BULLISH,NEUTRAL,BULLISH,NEUTRAL,ESS_BULLISH_ANALYST_MIXED,False,-0.033357,0.042007,0.011867,LOSER,False
FCX,2025-10-29,5.8,NEUTRAL,NEUTRAL,NEUTRAL,NO_DATA,ESS_NEUTRAL_ANALYST_MIXED,False,0.018725,0.220194,0.011867,NEUTRAL,
FDX,2025-10-29,7.8,BULLISH,NEUTRAL,NEUTRAL,NEUTRAL,ESS_BULLISH_ANALYST_SKEPTICAL,False,0.10431,0.179263,0.011867,WINNER,True
FFIV,2025-10-29,9.5,BULLISH,NEUTRAL,BULLISH,NEUTRAL,ESS_BULLISH_ANALYST_MIXED,False,-0.075746,0.002589,0.011867,LOSER,False
FI,2025-10-29,4.3,NEUTRAL,NEUTRAL,NEUTRAL,NEUTRAL,ESS_NEUTRAL_ANALYST_MIXED,False,,,0.011867,NO_DATA,
FIVE,2025-10-29,7.5,BULLISH,NEUTRAL,NEUTRAL,BULLISH,ESS_BULLISH_ANALYST_MIXED,False,0.020548,0.170205,0.011867,NEUTRAL,False
FIX,2025-10-29,5.2,NEUTRAL,NEUTRAL,NEUTRAL,BULLISH,ESS_NEUTRAL_ANALYST_MIXED,False,-0.032749,-0.058758,0.011867,LOSER,
FLEX,2025-10-29,9.1,BULLISH,NEUTRAL,BULLISH,NEUTRAL,ESS_BULLISH_ANALYST_MIXED,False,-0.105749,-0.053555,0.011867,LOSER,False
FN,2025-10-29,7.4,BULLISH,BULLISH,BULLISH,NEUTRAL,ESS_BULLISH_ANALYST_MIXED,False,0.034894,0.063435,0.011867,WINNER,True
FOXA,2025-10-29,6.4,NEUTRAL,NEUTRAL,NEUTRAL,NO_DATA,ESS_NEUTRAL_ANALYST_MIXED,False,0.077125,0.213945,0.011867,WINNER,
FOXF,2025-10-29,5.3,NEUTRAL,NEUTRAL,BULLISH,NEUTRAL,ESS_NEUTRAL_ANALYST_MIXED,False,-0.338255,-0.212081,0.011867,LOSER,
FSTR,2025-10-29,7.3,BULLISH,NEUTRAL,NEUTRAL,NEUTRAL,ESS_BULLISH_ANALYST_SKEPTICAL,False,0.033321,0.065492,0.011867,WINNER,True
FTI,2025-10-29,8.9,BULLISH,BULLISH,NEUTRAL,BULLISH,ESS_BULLISH_ANALYST_MIXED,False,0.104118,0.090213,0.011867,WINNER,True
FTNT,2025-10-29,4.2,NEUTRAL,NEUTRAL,NEUTRAL,NEUTRAL,ESS_NEUTRAL_ANALYST_MIXED,False,-0.03669,-0.04037,0.011867,LOSER,
FUL,2025-10-29,8.6,BULLISH,NEUTRAL,BULLISH,NEUTRAL,ESS_BULLISH_ANALYST_MIXED,False,0.003962,0.04789,0.011867,NEUTRAL,False
G,2025-10-29,8.1,BULLISH,NEUTRAL,BULLISH,NEUTRAL,ESS_BULLISH_ANALYST_MIXED,False,0.16284,0.263922,0.011867,WINNER,True
GALT,2025-10-29,4.1,NEUTRAL,NEUTRAL,NEUTRAL,NEUTRAL,ESS_NEUTRAL_ANALYST_MIXED,False,0.121331,-0.201566,0.011867,WINNER,
GAP,2025-10-29,7.9,BULLISH,NEUTRAL,NEUTRAL,NO_DATA,ESS_BULLISH_ANALYST_SKEPTICAL,False,0.142676,0.097932,0.011867,WINNER,True
GAU,2025-10-29,5.5,NEUTRAL,NEUTRAL,NEUTRAL,NEUTRAL,ESS_NEUTRAL_ANALYST_MIXED,False,,,0.011867,NO_DATA,
GBX,2025-10-29,6.9,NEUTRAL,NEUTRAL,NEUTRAL,NEUTRAL,ESS_NEUTRAL_ANALYST_MIXED,False,0.067126,0.116068,0.011867,WINNER,
GCO,2025-10-29,6.9,NEUTRAL,NEUTRAL,NEUTRAL,NEUTRAL,ESS_NEUTRAL_ANALYST_MIXED,False,0.208291,-0.164139,0.011867,WINNER,
GD,2025-10-29,9.6,BULLISH,NEUTRAL,BULLISH,BULLISH,ESS_BULLISH_ANALYST_MIXED,False,-0.005386,-0.008734,0.011867,NEUTRAL,False
GE,2025-10-29,6.2,NEUTRAL,NEUTRAL,NEUTRAL,NEUTRAL,ESS_NEUTRAL_ANALYST_MIXED,False,-0.050369,-0.007457,0.011867,LOSER,
GEF,2025-10-29,5.5,NEUTRAL,NEUTRAL,NEUTRAL,NEUTRAL,ESS_NEUTRAL_ANALYST_MIXED,False,0.155661,0.246294,0.011867,WINNER,
GEHC,2025-10-29,3.8,BEARISH,NEUTRAL,NEUTRAL,NO_DATA,ESS_BEARISH_ANALYST_MIXED,False,0.03373,0.074567,0.011867,WINNER,False
GEN,2025-10-29,3.8,BEARISH,NEUTRAL,NEUTRAL,NO_DATA,ESS_BEARISH_ANALYST_MIXED,False,0.024914,0.071943,0.011867,NEUTRAL,False
GERN,2025-10-29,5.3,NEUTRAL,NEUTRAL,NEUTRAL,NEUTRAL,ESS_NEUTRAL_ANALYST_MIXED,False,-0.04065,0.113821,0.011867,LOSER,
GGG,2025-10-29,7.1,BULLISH,NEUTRAL,NEUTRAL,NEUTRAL,ESS_BULLISH_ANALYST_SKEPTICAL,False,0.020297,0.030445,0.011867,NEUTRAL,False
GIB,2025-10-29,9.2,BULLISH,NEUTRAL,BULLISH,NEUTRAL,ESS_BULLISH_ANALYST_MIXED,False,0.030017,0.091449,0.011867,NEUTRAL,False
GIC,2025-10-29,7.7,BULLISH,NEUTRAL,NEUTRAL,NO_DATA,ESS_BULLISH_ANALYST_SKEPTICAL,False,0.005756,0.053164,0.011867,NEUTRAL,False
GILD,2025-10-29,8.8,BULLISH,NEUTRAL,BULLISH,BULLISH,ESS_BULLISH_ANALYST_MIXED,False,0.061941,0.061055,0.011867,WINNER,True
GLW,2025-10-29,9.1,BULLISH,BULLISH,NEUTRAL,NEUTRAL,ESS_BULLISH_ANALYST_MIXED,False,-0.064268,-0.010925,0.011867,LOSER,False
GNTX,2025-10-29,8.1,BULLISH,NEUTRAL,BULLISH,NO_DATA,ESS_BULLISH_ANALYST_MIXED,False,-0.037927,-0.011799,0.011867,LOSER,False
GOGO,2025-10-29,4.1,NEUTRAL,NEUTRAL,NEUTRAL,NEUTRAL,ESS_NEUTRAL_ANALYST_MIXED,False,-0.179104,-0.462687,0.011867,LOSER,
GOLF,2025-10-29,3.6,BEARISH,NEUTRAL,NEUTRAL,NEUTRAL,ESS_BEARISH_ANALYST_MIXED,False,0.064827,0.050803,0.011867,WINNER,False
GOOG,2025-10-29,7.3,BULLISH,NEUTRAL,NEUTRAL,NO_DATA,ESS_BULLISH_ANALYST_SKEPTICAL,False,,,0.011867,NO_DATA,
GOOGL,2025-10-29,8.0,BULLISH,NEUTRAL,BULLISH,NEUTRAL,ESS_BULLISH_ANALYST_MIXED,False,0.166114,0.142751,0.011867,WINNER,True
GPC,2025-10-29,6.7,NEUTRAL,NEUTRAL,BULLISH,NEUTRAL,ESS_NEUTRAL_ANALYST_MIXED,False,0.009679,-0.02895,0.011867,NEUTRAL,
GPI,2025-10-29,9.3,BULLISH,NEUTRAL,BULLISH,NEUTRAL,ESS_BULLISH_ANALYST_MIXED,False,-0.007916,-0.001848,0.011867,NEUTRAL,False
GPRE,2025-10-29,5.4,NEUTRAL,NEUTRAL,NEUTRAL,NEUTRAL,ESS_NEUTRAL_ANALYST_MIXED,False,0.00194,-0.044617,0.011867,NEUTRAL,
GPRO,2025-10-29,5.8,NEUTRAL,NEUTRAL,NEUTRAL,NEUTRAL,ESS_NEUTRAL_ANALYST_MIXED,False,-0.172589,-0.243655,0.011867,LOSER,
GRC,2025-10-29,8.2,BULLISH,NEUTRAL,BULLISH,NO_DATA,ESS_BULLISH_ANALYST_MIXED,False,0.046027,0.107677,0.011867,WINNER,True
GRMN,2025-10-29,3.1,BEARISH,NEUTRAL,NEUTRAL,NEUTRAL,ESS_BEARISH_ANALYST_MIXED,False,-0.110605,-0.05978,0.011867,LOSER,True
GSAT,2025-10-29,8.9,BULLISH,NEUTRAL,NEUTRAL,NO_DATA,ESS_BULLISH_ANALYST_SKEPTICAL,False,0.462446,0.44415,0.011867,WINNER,True
GSL,2025-10-29,8.0,BULLISH,BULLISH,NEUTRAL,NEUTRAL,ESS_BULLISH_ANALYST_MIXED,False,0.17247,0.168796,0.011867,WINNER,True
GTN,2025-10-29,8.2,BULLISH,NEUTRAL,NEUTRAL,NEUTRAL,ESS_BULLISH_ANALYST_SKEPTICAL,False,0.118182,0.112147,0.011867,WINNER,True
GWW,2025-10-29,5.2,NEUTRAL,NEUTRAL,NEUTRAL,NEUTRAL,ESS_NEUTRAL_ANALYST_MIXED,False,-0.008436,0.07276,0.011867,LOSER,
HAE,2025-10-29,8.7,BULLISH,NEUTRAL,NEUTRAL,NEUTRAL,ESS_BULLISH_ANALYST_SKEPTICAL,False,0.645429,0.628843,0.011867,WINNER,True
HAL,2025-10-29,7.3,BULLISH,NEUTRAL,BULLISH,NEUTRAL,ESS_BULLISH_ANALYST_MIXED,False,-0.045852,0.030894,0.011867,LOSER,False
HALO,2025-10-29,8.7,BULLISH,NEUTRAL,NEUTRAL,NEUTRAL,ESS_BULLISH_ANALYST_SKEPTICAL,False,0.094085,0.056543,0.011867,WINNER,True
HAS,2025-10-29,6.7,NEUTRAL,NEUTRAL,NEUTRAL,NO_DATA,ESS_NEUTRAL_ANALYST_MIXED,False,0.069362,0.07234,0.011867,WINNER,
HBI,2025-10-29,6.6,NEUTRAL,NEUTRAL,NEUTRAL,NEUTRAL,ESS_NEUTRAL_ANALYST_MIXED,False,,,0.011867,NO_DATA,
HCA,2025-10-29,9.4,BULLISH,NEUTRAL,NEUTRAL,NO_DATA,ESS_BULLISH_ANALYST_SKEPTICAL,False,0.085162,0.013504,0.011867,WINNER,True
HDSN,2025-10-29,3.6,BEARISH,NEUTRAL,NEUTRAL,NEUTRAL,ESS_BEARISH_ANALYST_MIXED,False,-0.256018,-0.250547,0.011867,LOSER,True
HE,2025-10-29,6.4,NEUTRAL,NEUTRAL,NEUTRAL,NEUTRAL,ESS_NEUTRAL_ANALYST_MIXED,False,0.018182,0.083117,0.011867,NEUTRAL,
HII,2025-10-29,5.5,NEUTRAL,NEUTRAL,NEUTRAL,BULLISH,ESS_NEUTRAL_ANALYST_MIXED,False,0.055569,0.163644,0.011867,WINNER,
HL,2025-10-29,8.1,BULLISH,NEUTRAL,NEUTRAL,NEUTRAL,ESS_BULLISH_ANALYST_SKEPTICAL,False,0.34278,0.532781,0.011867,WINNER,True
HLF,2025-10-29,4.0,NEUTRAL,NEUTRAL,BULLISH,NEUTRAL,ESS_NEUTRAL_ANALYST_MIXED,False,0.587282,0.591022,0.011867,WINNER,
HLT,2025-10-29,7.5,BULLISH,NEUTRAL,NEUTRAL,NEUTRAL,ESS_BULLISH_ANALYST_SKEPTICAL,False,0.095249,0.123415,0.011867,WINNER,True
HNI,2025-10-29,6.9,NEUTRAL,NEUTRAL,BULLISH,NEUTRAL,ESS_NEUTRAL_ANALYST_MIXED,False,0.011673,0.0414,0.011867,NEUTRAL,
HOLX,2025-10-29,4.4,NEUTRAL,NEUTRAL,BULLISH,NEUTRAL,ESS_NEUTRAL_ANALYST_MIXED,False,,,0.011867,NO_DATA,
HON,2025-10-29,4.1,NEUTRAL,NEUTRAL,BULLISH,NEUTRAL,ESS_NEUTRAL_ANALYST_MIXED,False,-0.036428,-0.011861,0.011867,LOSER,
HPQ,2025-10-29,9.4,BULLISH,NEUTRAL,BULLISH,NEUTRAL,ESS_BULLISH_ANALYST_MIXED,False,-0.118412,-0.16965,0.011867,LOSER,False
HQY,2025-10-29,7.8,BULLISH,NEUTRAL,NEUTRAL,NEUTRAL,ESS_BULLISH_ANALYST_SKEPTICAL,False,0.113723,-0.017577,0.011867,WINNER,True
HRB,2025-10-29,7.4,BULLISH,NEUTRAL,NEUTRAL,NEUTRAL,ESS_BULLISH_ANALYST_SKEPTICAL,False,-0.170703,-0.132048,0.011867,LOSER,False
HSIC,2025-10-29,5.5,NEUTRAL,NEUTRAL,BULLISH,NEUTRAL,ESS_NEUTRAL_ANALYST_MIXED,False,0.196566,0.226573,0.011867,WINNER,
HSII,2025-10-29,8.7,BULLISH,NEUTRAL,NEUTRAL,BULLISH,ESS_BULLISH_ANALYST_MIXED,False,,,0.011867,NO_DATA,
HSTM,2025-10-29,6.6,NEUTRAL,NEUTRAL,BULLISH,NEUTRAL,ESS_NEUTRAL_ANALYST_MIXED,False,0.023654,-0.0549,0.011867,NEUTRAL,
HTLD,2025-10-29,6.3,NEUTRAL,NEUTRAL,NEUTRAL,NEUTRAL,ESS_NEUTRAL_ANALYST_MIXED,False,0.018135,0.198195,0.011867,NEUTRAL,
HTO,2025-10-29,7.5,BULLISH,NEUTRAL,BULLISH,NO_DATA,ESS_BULLISH_ANALYST_MIXED,False,0.005424,0.058694,0.011867,NEUTRAL,False
HUBB,2025-10-29,8.3,BULLISH,NEUTRAL,NEUTRAL,NEUTRAL,ESS_BULLISH_ANALYST_SKEPTICAL,False,-0.08402,-0.041643,0.011867,LOSER,False
HURN,2025-10-29,8.9,BULLISH,NEUTRAL,BULLISH,BULLISH,ESS_BULLISH_ANALYST_MIXED,False,-0.029479,0.057367,0.011867,LOSER,False
HWM,2025-10-29,6.9,NEUTRAL,NEUTRAL,NEUTRAL,NEUTRAL,ESS_NEUTRAL_ANALYST_MIXED,False,0.006042,0.030137,0.011867,NEUTRAL,
HXL,2025-10-29,3.7,BEARISH,NEUTRAL,NEUTRAL,NEUTRAL,ESS_BEARISH_ANALYST_MIXED,False,0.046452,0.035745,0.011867,WINNER,False
IAG,2025-10-29,7.7,BULLISH,NEUTRAL,BULLISH,NEUTRAL,ESS_BULLISH_ANALYST_MIXED,False,0.35248,0.434291,0.011867,WINNER,True
IART,2025-10-29,4.1,NEUTRAL,NEUTRAL,BULLISH,NEUTRAL,ESS_NEUTRAL_ANALYST_MIXED,False,-0.149708,-0.182761,0.011867,LOSER,
IBM,2025-10-29,8.5,BULLISH,NEUTRAL,NEUTRAL,NEUTRAL,ESS_BULLISH_ANALYST_SKEPTICAL,False,0.006721,-0.002545,0.011867,NEUTRAL,False
IBP,2025-10-29,5.8,NEUTRAL,NEUTRAL,BULLISH,NEUTRAL,ESS_NEUTRAL_ANALYST_MIXED,False,0.020018,0.015613,0.011867,NEUTRAL,
ICFI,2025-10-29,7.7,BULLISH,NEUTRAL,BULLISH,NEUTRAL,ESS_BULLISH_ANALYST_MIXED,False,-0.088211,0.036517,0.011867,LOSER,False
IDN,2025-10-29,7.5,BULLISH,NEUTRAL,BULLISH,NEUTRAL,ESS_BULLISH_ANALYST_MIXED,False,0.397351,0.474614,0.011867,WINNER,True
IDXX,2025-10-29,7.2,BULLISH,NEUTRAL,BULLISH,NEUTRAL,ESS_BULLISH_ANALYST_MIXED,False,0.199503,0.09596,0.011867,WINNER,True
IEX,2025-10-29,4.1,NEUTRAL,NEUTRAL,BULLISH,NEUTRAL,ESS_NEUTRAL_ANALYST_MIXED,False,0.003057,0.03812,0.011867,NEUTRAL,
IFF,2025-10-29,7.2,BULLISH,NEUTRAL,NEUTRAL,NEUTRAL,ESS_BULLISH_ANALYST_SKEPTICAL,False,0.097977,0.077385,0.011867,WINNER,True
III,2025-10-29,8.5,BULLISH,NEUTRAL,BULLISH,NEUTRAL,ESS_BULLISH_ANALYST_MIXED,False,-0.027125,0.104454,0.011867,LOSER,False
IIIN,2025-10-29,8.3,BULLISH,NEUTRAL,BULLISH,NEUTRAL,ESS_BULLISH_ANALYST_MIXED,False,0.015365,0.069155,0.011867,NEUTRAL,False
ILMN,2025-10-29,5.7,NEUTRAL,NEUTRAL,NEUTRAL,NEUTRAL,ESS_NEUTRAL_ANALYST_MIXED,False,0.383247,0.415132,0.011867,WINNER,
IMO,2025-10-29,5.4,NEUTRAL,NEUTRAL,NEUTRAL,NEUTRAL,ESS_NEUTRAL_ANALYST_MIXED,False,0.06938,-0.064522,0.011867,WINNER,
INFU,2025-10-29,7.6,BULLISH,NEUTRAL,NEUTRAL,NEUTRAL,ESS_BULLISH_ANALYST_SKEPTICAL,False,-0.117871,-0.148289,0.011867,LOSER,False
INGN,2025-10-29,8.2,BULLISH,NEUTRAL,NEUTRAL,NEUTRAL,ESS_BULLISH_ANALYST_SKEPTICAL,False,-0.158145,-0.20214,0.011867,LOSER,False
INMD,2025-10-29,7.6,BULLISH,NEUTRAL,NEUTRAL,NEUTRAL,ESS_BULLISH_ANALYST_SKEPTICAL,False,,,0.011867,NO_DATA,
INO,2025-10-29,5.9,NEUTRAL,NEUTRAL,BULLISH,NEUTRAL,ESS_NEUTRAL_ANALYST_MIXED,False,-0.152263,-0.288066,0.011867,LOSER,
INSW,2025-10-29,5.4,NEUTRAL,NEUTRAL,NEUTRAL,NEUTRAL,ESS_NEUTRAL_ANALYST_MIXED,False,0.044361,-0.014533,0.011867,WINNER,
INVA,2025-10-29,8.6,BULLISH,BULLISH,NEUTRAL,NEUTRAL,ESS_BULLISH_ANALYST_MIXED,False,0.236767,0.122368,0.011867,WINNER,True
IPG,2025-10-29,6.6,NEUTRAL,NEUTRAL,NEUTRAL,NEUTRAL,ESS_NEUTRAL_ANALYST_MIXED,False,,,0.011867,NO_DATA,
IQV,2025-10-29,7.2,BULLISH,NEUTRAL,BULLISH,NEUTRAL,ESS_BULLISH_ANALYST_MIXED,False,0.055915,0.042602,0.011867,WINNER,True
IRDM,2025-10-29,8.5,BULLISH,NEUTRAL,NEUTRAL,NEUTRAL,ESS_BULLISH_ANALYST_SKEPTICAL,False,-0.031305,0.021173,0.011867,LOSER,False
ISRG,2025-10-29,7.1,BULLISH,BULLISH,NEUTRAL,NEUTRAL,ESS_BULLISH_ANALYST_MIXED,False,0.066761,0.070332,0.011867,WINNER,True
IT,2025-10-29,5.6,NEUTRAL,NEUTRAL,BULLISH,NEUTRAL,ESS_NEUTRAL_ANALYST_MIXED,False,-0.068071,0.016257,0.011867,LOSER,
ITGR,2025-10-29,5.4,NEUTRAL,NEUTRAL,BULLISH,NEUTRAL,ESS_NEUTRAL_ANALYST_MIXED,False,0.10536,0.202603,0.011867,WINNER,
ITRI,2025-10-29,9.7,BULLISH,BULLISH,BULLISH,NEUTRAL,ESS_BULLISH_ANALYST_MIXED,False,-0.283254,-0.311767,0.011867,LOSER,False
ITT,2025-10-29,6.8,NEUTRAL,NEUTRAL,BULLISH,NEUTRAL,ESS_NEUTRAL_ANALYST_MIXED,False,-0.057861,-0.090557,0.011867,LOSER,
ITW,2025-10-29,8.0,BULLISH,NEUTRAL,BULLISH,NO_DATA,ESS_BULLISH_ANALYST_MIXED,False,0.029955,0.042144,0.011867,NEUTRAL,False
J,2025-10-29,7.8,BULLISH,NEUTRAL,NEUTRAL,NEUTRAL,ESS_BULLISH_ANALYST_SKEPTICAL,False,-0.148712,-0.143681,0.011867,LOSER,False
JAZZ,2025-10-29,8.9,BULLISH,NEUTRAL,NEUTRAL,NEUTRAL,ESS_BULLISH_ANALYST_SKEPTICAL,False,0.300597,0.25617,0.011867,WINNER,True
JBHT,2025-10-29,7.4,BULLISH,NEUTRAL,BULLISH,BULLISH,ESS_BULLISH_ANALYST_MIXED,False,0.032769,0.172819,0.011867,WINNER,True
JBL,2025-10-29,8.9,BULLISH,NEUTRAL,BULLISH,NEUTRAL,ESS_BULLISH_ANALYST_MIXED,False,-0.051846,0.057319,0.011867,LOSER,False
JBSS,2025-10-29,8.6,BULLISH,NEUTRAL,NEUTRAL,NEUTRAL,ESS_BULLISH_ANALYST_SKEPTICAL,False,0.220672,0.214367,0.011867,WINNER,True
JCI,2025-10-29,6.2,NEUTRAL,NEUTRAL,NEUTRAL,NEUTRAL,ESS_NEUTRAL_ANALYST_MIXED,False,0.026204,0.073849,0.011867,NEUTRAL,
JJSF,2025-10-29,6.3,NEUTRAL,NEUTRAL,NEUTRAL,NEUTRAL,ESS_NEUTRAL_ANALYST_MIXED,False,0.050148,0.03946,0.011867,WINNER,
JKHY,2025-10-29,6.0,NEUTRAL,NEUTRAL,BULLISH,NEUTRAL,ESS_NEUTRAL_ANALYST_MIXED,False,0.164054,0.247867,0.011867,WINNER,
KBH,2025-10-29,7.9,BULLISH,NEUTRAL,BULLISH,NEUTRAL,ESS_BULLISH_ANALYST_MIXED,False,0.030033,-0.088294,0.011867,NEUTRAL,False
KBR,2025-10-29,5.9,NEUTRAL,NEUTRAL,NEUTRAL,NEUTRAL,ESS_NEUTRAL_ANALYST_MIXED,False,-0.038937,-0.058914,0.011867,LOSER,
KE,2025-10-29,9.9,BULLISH,NEUTRAL,BULLISH,BULLISH,ESS_BULLISH_ANALYST_MIXED,False,-0.019674,-0.029851,0.011867,LOSER,False
KELYA,2025-10-29,8.3,BULLISH,NEUTRAL,BULLISH,NEUTRAL,ESS_BULLISH_ANALYST_MIXED,False,-0.240655,-0.237139,0.011867,LOSER,False
KEX,2025-10-29,3.1,BEARISH,NEUTRAL,BULLISH,NEUTRAL,ESS_BEARISH_ANALYST_MIXED,True,0.124072,0.099515,0.011867,WINNER,False
KEYS,2025-10-29,3.7,BEARISH,NEUTRAL,NEUTRAL,NEUTRAL,ESS_BEARISH_ANALYST_MIXED,False,0.161201,0.21341,0.011867,WINNER,False
KFY,2025-10-29,9.4,BULLISH,NEUTRAL,BULLISH,NEUTRAL,ESS_BULLISH_ANALYST_MIXED,False,-0.010978,0.015454,0.011867,LOSER,False
KGC,2025-10-29,9.5,BULLISH,BULLISH,BULLISH,NEUTRAL,ESS_BULLISH_ANALYST_MIXED,False,0.216357,0.220684,0.011867,WINNER,True
KHC,2025-10-29,5.6,NEUTRAL,NEUTRAL,BULLISH,NEUTRAL,ESS_NEUTRAL_ANALYST_MIXED,False,0.062958,0.010456,0.011867,WINNER,
KLAC,2025-10-29,9.9,BULLISH,NEUTRAL,BULLISH,BULLISH,ESS_BULLISH_ANALYST_MIXED,False,-0.046822,0.022039,0.011867,LOSER,False
KMB,2025-10-29,3.8,BEARISH,NEUTRAL,NEUTRAL,NEUTRAL,ESS_BEARISH_ANALYST_MIXED,False,-0.065113,-0.123905,0.011867,LOSER,True
KMT,2025-10-29,7.4,BULLISH,NEUTRAL,NEUTRAL,NEUTRAL,ESS_BULLISH_ANALYST_SKEPTICAL,False,0.21801,0.266854,0.011867,WINNER,True
KO,2025-10-29,5.5,NEUTRAL,NEUTRAL,NEUTRAL,NEUTRAL,ESS_NEUTRAL_ANALYST_MIXED,False,0.069788,0.033691,0.011867,WINNER,
KOP,2025-10-29,6.5,NEUTRAL,NEUTRAL,BULLISH,NEUTRAL,ESS_NEUTRAL_ANALYST_MIXED,False,0.017099,-0.064489,0.011867,NEUTRAL,
KR,2025-10-29,8.8,BULLISH,NEUTRAL,BULLISH,NEUTRAL,ESS_BULLISH_ANALYST_MIXED,False,0.02421,-0.045359,0.011867,NEUTRAL,False
KRYS,2025-10-29,9.2,BULLISH,NEUTRAL,BULLISH,NEUTRAL,ESS_BULLISH_ANALYST_MIXED,False,0.17806,0.370873,0.011867,WINNER,True
KSS,2025-10-29,3.9,BEARISH,NEUTRAL,NEUTRAL,NEUTRAL,ESS_BEARISH_ANALYST_MIXED,False,0.543628,0.31714,0.011867,WINNER,False
LAD,2025-10-29,7.9,BULLISH,NEUTRAL,NEUTRAL,NO_DATA,ESS_BULLISH_ANALYST_SKEPTICAL,False,-0.007719,0.054462,0.011867,NEUTRAL,False
LCII,2025-10-29,5.8,NEUTRAL,NEUTRAL,BULLISH,NEUTRAL,ESS_NEUTRAL_ANALYST_MIXED,False,0.269752,0.381904,0.011867,WINNER,
LDOS,2025-10-29,7.8,BULLISH,NEUTRAL,BULLISH,NEUTRAL,ESS_BULLISH_ANALYST_MIXED,False,0.015625,-0.011951,0.011867,NEUTRAL,False
LECO,2025-10-29,9.3,BULLISH,BULLISH,BULLISH,NEUTRAL,ESS_BULLISH_ANALYST_MIXED,False,0.02098,0.046224,0.011867,NEUTRAL,False
LEG,2025-10-29,6.9,NEUTRAL,NEUTRAL,BULLISH,NEUTRAL,ESS_NEUTRAL_ANALYST_MIXED,False,0.019881,0.099175,0.011867,NEUTRAL,
LFUS,2025-10-29,6.5,NEUTRAL,NEUTRAL,BULLISH,NEUTRAL,ESS_NEUTRAL_ANALYST_MIXED,False,0.017241,0.022486,0.011867,NEUTRAL,
LFVN,2025-10-29,8.4,BULLISH,NEUTRAL,NEUTRAL,NEUTRAL,ESS_BULLISH_ANALYST_SKEPTICAL,False,-0.157055,-0.228073,0.011867,LOSER,False
LHX,2025-10-29,6.9,NEUTRAL,NEUTRAL,NEUTRAL,NEUTRAL,ESS_NEUTRAL_ANALYST_MIXED,False,-0.024469,0.035878,0.011867,LOSER,
LII,2025-10-29,5.2,NEUTRAL,NEUTRAL,NEUTRAL,NEUTRAL,ESS_NEUTRAL_ANALYST_MIXED,False,0.022736,0.018041,0.011867,NEUTRAL,
LIVN,2025-10-29,7.4,BULLISH,NEUTRAL,BULLISH,NEUTRAL,ESS_BULLISH_ANALYST_MIXED,False,0.196288,0.170979,0.011867,WINNER,True
LKQ,2025-10-29,8.4,BULLISH,NEUTRAL,BULLISH,NEUTRAL,ESS_BULLISH_ANALYST_MIXED,False,-0.001532,0.02739,0.011867,NEUTRAL,False
LMAT,2025-10-29,5.9,NEUTRAL,NEUTRAL,NEUTRAL,NEUTRAL,ESS_NEUTRAL_ANALYST_MIXED,False,-0.064459,-0.064346,0.011867,LOSER,
LMT,2025-10-29,7.3,BULLISH,NEUTRAL,NEUTRAL,NEUTRAL,ESS_BULLISH_ANALYST_SKEPTICAL,False,-0.056601,0.014942,0.011867,LOSER,False
LNN,2025-10-29,6.9,NEUTRAL,NEUTRAL,NEUTRAL,NEUTRAL,ESS_NEUTRAL_ANALYST_MIXED,False,0.033719,0.065739,0.011867,WINNER,
LNTH,2025-10-29,8.1,BULLISH,BULLISH,NEUTRAL,NEUTRAL,ESS_BULLISH_ANALYST_MIXED,False,0.053507,0.205082,0.011867,WINNER,True
LOCO,2025-10-29,9.3,BULLISH,NEUTRAL,BULLISH,NEUTRAL,ESS_BULLISH_ANALYST_MIXED,False,0.147213,0.123028,0.011867,WINNER,True
LOPE,2025-10-29,8.3,BULLISH,NEUTRAL,NEUTRAL,BULLISH,ESS_BULLISH_ANALYST_MIXED,False,-0.227106,-0.175756,0.011867,LOSER,False
LOW,2025-10-29,6.9,NEUTRAL,NEUTRAL,BULLISH,NEUTRAL,ESS_NEUTRAL_ANALYST_MIXED,False,0.01673,0.022391,0.011867,NEUTRAL,
LPTX,2025-10-29,6.7,NEUTRAL,NEUTRAL,BULLISH,NEUTRAL,ESS_NEUTRAL_ANALYST_MIXED,False,,,0.011867,NO_DATA,
LPX,2025-10-29,7.0,BULLISH,NEUTRAL,NEUTRAL,NEUTRAL,ESS_BULLISH_ANALYST_SKEPTICAL,False,-0.07606,-0.077074,0.011867,LOSER,False
LRCX,2025-10-29,8.7,BULLISH,BULLISH,BULLISH,NO_DATA,ESS_BULLISH_ANALYST_FULL_AGREE,False,-0.029066,0.096406,0.011867,LOSER,False
LRN,2025-10-29,7.4,BULLISH,BULLISH,NEUTRAL,NEUTRAL,ESS_BULLISH_ANALYST_MIXED,False,-0.093076,-0.049393,0.011867,LOSER,False
LSCC,2025-10-29,8.3,BULLISH,NEUTRAL,NEUTRAL,NEUTRAL,ESS_BULLISH_ANALYST_SKEPTICAL,False,-0.049675,0.009204,0.011867,LOSER,False
LTRX,2025-10-29,7.3,BULLISH,NEUTRAL,NEUTRAL,NEUTRAL,ESS_BULLISH_ANALYST_SKEPTICAL,False,0.024,0.148,0.011867,NEUTRAL,False
LUMN,2025-10-29,7.6,BULLISH,NEUTRAL,BULLISH,NO_DATA,ESS_BULLISH_ANALYST_MIXED,False,-0.262727,-0.313636,0.011867,LOSER,False
LW,2025-10-29,6.1,NEUTRAL,BULLISH,BULLISH,NEUTRAL,ESS_NEUTRAL_ANALYST_MIXED,False,-0.059616,-0.333802,0.011867,LOSER,
LXFR,2025-10-29,9.7,BULLISH,NEUTRAL,BULLISH,NEUTRAL,ESS_BULLISH_ANALYST_MIXED,False,-0.031008,0.081395,0.011867,LOSER,False
M,2025-10-29,9.0,BULLISH,BULLISH,NEUTRAL,BULLISH,ESS_BULLISH_ANALYST_MIXED,False,0.144319,0.139602,0.011867,WINNER,True
MA,2025-10-29,6.8,NEUTRAL,NEUTRAL,BULLISH,NEUTRAL,ESS_NEUTRAL_ANALYST_MIXED,False,-0.007303,0.04205,0.011867,NEUTRAL,
MAN,2025-10-29,6.2,NEUTRAL,NEUTRAL,BULLISH,NO_DATA,ESS_NEUTRAL_ANALYST_MIXED,False,-0.060745,0.009934,0.011867,LOSER,
MANH,2025-10-29,8.1,BULLISH,NEUTRAL,NEUTRAL,NEUTRAL,ESS_BULLISH_ANALYST_SKEPTICAL,False,-0.010542,-0.01144,0.011867,LOSER,False
MAR,2025-10-29,6.3,NEUTRAL,NEUTRAL,NEUTRAL,NEUTRAL,ESS_NEUTRAL_ANALYST_MIXED,False,0.161106,0.197754,0.011867,WINNER,
MAS,2025-10-29,8.7,BULLISH,NEUTRAL,NEUTRAL,NEUTRAL,ESS_BULLISH_ANALYST_SKEPTICAL,False,-0.000376,-0.004537,0.011867,NEUTRAL,False
MATW,2025-10-29,4.2,NEUTRAL,NEUTRAL,NEUTRAL,NO_DATA,ESS_NEUTRAL_ANALYST_MIXED,False,0.059586,0.167573,0.011867,WINNER,
MATX,2025-10-29,6.2,NEUTRAL,NEUTRAL,NEUTRAL,NEUTRAL,ESS_NEUTRAL_ANALYST_MIXED,False,0.110486,0.275765,0.011867,WINNER,
MBOT,2025-10-29,3.1,BEARISH,NEUTRAL,BULLISH,NEUTRAL,ESS_BEARISH_ANALYST_MIXED,True,0.13615,-0.00939,0.011867,WINNER,False
MCD,2025-10-29,7.2,BULLISH,NEUTRAL,BULLISH,NEUTRAL,ESS_BULLISH_ANALYST_MIXED,False,0.031321,0.026563,0.011867,NEUTRAL,False
MCFT,2025-10-29,8.0,BULLISH,BULLISH,NEUTRAL,BULLISH,ESS_BULLISH_ANALYST_MIXED,False,-0.132802,-0.091037,0.011867,LOSER,False
MCHX,2025-10-29,9.7,BULLISH,BULLISH,NEUTRAL,NEUTRAL,ESS_BULLISH_ANALYST_MIXED,False,-0.079096,-0.056497,0.011867,LOSER,False
MCK,2025-10-29,9.9,BULLISH,BULLISH,NEUTRAL,BULLISH,ESS_BULLISH_ANALYST_MIXED,False,0.090995,0.029176,0.011867,WINNER,True
MCRB,2025-10-29,7.6,BULLISH,NEUTRAL,NEUTRAL,NEUTRAL,ESS_BULLISH_ANALYST_SKEPTICAL,False,,,0.011867,NO_DATA,
MCRI,2025-10-29,8.0,BULLISH,NEUTRAL,NEUTRAL,NO_DATA,ESS_BULLISH_ANALYST_SKEPTICAL,False,0.084559,0.094923,0.011867,WINNER,True
MD,2025-10-29,9.3,BULLISH,NEUTRAL,BULLISH,BULLISH,ESS_BULLISH_ANALYST_MIXED,False,0.348069,0.224958,0.011867,WINNER,True
MDT,2025-10-29,8.8,BULLISH,NEUTRAL,BULLISH,NEUTRAL,ESS_BULLISH_ANALYST_MIXED,False,0.148261,0.055892,0.011867,WINNER,True
MEDP,2025-10-29,8.6,BULLISH,BULLISH,NEUTRAL,BULLISH,ESS_BULLISH_ANALYST_MIXED,False,0.013497,-0.024959,0.011867,NEUTRAL,False
META,2025-10-29,7.8,BULLISH,BULLISH,NEUTRAL,NEUTRAL,ESS_BULLISH_ANALYST_MIXED,False,-0.137986,-0.122983,0.011867,LOSER,False
MG,2025-10-29,7.3,BULLISH,NEUTRAL,NEUTRAL,NEUTRAL,ESS_BULLISH_ANALYST_SKEPTICAL,False,0.239917,0.337125,0.011867,WINNER,True
MGA,2025-10-29,6.3,NEUTRAL,NEUTRAL,NEUTRAL,NEUTRAL,ESS_NEUTRAL_ANALYST_MIXED,False,0.073407,0.181758,0.011867,WINNER,
MGEE,2025-10-29,3.9,BEARISH,NEUTRAL,NEUTRAL,NEUTRAL,ESS_BEARISH_ANALYST_MIXED,False,-0.002048,-0.045374,0.011867,NEUTRAL,False
MGIC,2025-10-29,7.5,BULLISH,NEUTRAL,BULLISH,NEUTRAL,ESS_BULLISH_ANALYST_MIXED,False,,,0.011867,NO_DATA,
MGM,2025-10-29,5.3,NEUTRAL,NEUTRAL,BULLISH,NEUTRAL,ESS_NEUTRAL_ANALYST_MIXED,False,0.130727,0.190644,0.011867,WINNER,
MGRC,2025-10-29,7.3,BULLISH,NEUTRAL,NEUTRAL,NEUTRAL,ESS_BULLISH_ANALYST_SKEPTICAL,False,-0.072938,-0.044339,0.011867,LOSER,False
MHK,2025-10-29,6.7,NEUTRAL,NEUTRAL,BULLISH,NEUTRAL,ESS_NEUTRAL_ANALYST_MIXED,False,-0.013869,-0.068493,0.011867,LOSER,
MHO,2025-10-29,8.8,BULLISH,NEUTRAL,NEUTRAL,NO_DATA,ESS_BULLISH_ANALYST_SKEPTICAL,False,0.10028,0.028868,0.011867,WINNER,True
MKSI,2025-10-29,6.5,NEUTRAL,NEUTRAL,BULLISH,NEUTRAL,ESS_NEUTRAL_ANALYST_MIXED,False,0.107704,0.153176,0.011867,WINNER,
MLAB,2025-10-29,8.2,BULLISH,NEUTRAL,NEUTRAL,NEUTRAL,ESS_BULLISH_ANALYST_SKEPTICAL,False,0.047578,0.044704,0.011867,WINNER,True
MLR,2025-10-29,7.3,BULLISH,NEUTRAL,NEUTRAL,NEUTRAL,ESS_BULLISH_ANALYST_SKEPTICAL,False,-0.036079,-0.063454,0.011867,LOSER,False
MMS,2025-10-29,7.7,BULLISH,NEUTRAL,NEUTRAL,NEUTRAL,ESS_BULLISH_ANALYST_SKEPTICAL,False,0.014939,0.025668,0.011867,NEUTRAL,False
MMSI,2025-10-29,5.3,NEUTRAL,BULLISH,NEUTRAL,NEUTRAL,ESS_NEUTRAL_ANALYST_MIXED,False,0.06389,0.083917,0.011867,WINNER,
MNOV,2025-10-29,6.7,NEUTRAL,NEUTRAL,BULLISH,NEUTRAL,ESS_NEUTRAL_ANALYST_MIXED,False,0.228814,0.084746,0.011867,WINNER,
MNST,2025-10-29,9.7,BULLISH,NEUTRAL,BULLISH,BULLISH,ESS_BULLISH_ANALYST_MIXED,False,0.126653,0.166316,0.011867,WINNER,True
MPAA,2025-10-29,8.2,BULLISH,NEUTRAL,NEUTRAL,NEUTRAL,ESS_BULLISH_ANALYST_SKEPTICAL,False,-0.226072,-0.271873,0.011867,LOSER,False
MPWR,2025-10-29,8.9,BULLISH,NEUTRAL,NEUTRAL,NEUTRAL,ESS_BULLISH_ANALYST_SKEPTICAL,False,-0.151643,-0.149934,0.011867,LOSER,False
MRC,2025-10-29,6.5,NEUTRAL,NEUTRAL,NEUTRAL,NEUTRAL,ESS_NEUTRAL_ANALYST_MIXED,False,,,0.011867,NO_DATA,
MRCY,2025-10-29,6.0,NEUTRAL,NEUTRAL,BULLISH,NEUTRAL,ESS_NEUTRAL_ANALYST_MIXED,False,-0.097495,-0.032412,0.011867,LOSER,
MRK,2025-10-29,9.3,BULLISH,NEUTRAL,BULLISH,BULLISH,ESS_BULLISH_ANALYST_MIXED,False,0.210788,0.241987,0.011867,WINNER,True
MRSN,2025-10-29,7.6,BULLISH,NEUTRAL,NEUTRAL,NEUTRAL,ESS_BULLISH_ANALYST_SKEPTICAL,False,,,0.011867,NO_DATA,
MRVL,2025-10-29,5.6,NEUTRAL,NEUTRAL,NEUTRAL,NEUTRAL,ESS_NEUTRAL_ANALYST_MIXED,False,-0.008319,-0.048697,0.011867,LOSER,
MSFT,2025-10-29,8.6,BULLISH,NEUTRAL,NEUTRAL,NEUTRAL,ESS_BULLISH_ANALYST_SKEPTICAL,False,-0.089778,-0.098861,0.011867,LOSER,False
MSI,2025-10-29,3.3,BEARISH,NEUTRAL,NEUTRAL,NEUTRAL,ESS_BEARISH_ANALYST_MIXED,False,-0.144616,-0.124125,0.011867,LOSER,True
MSM,2025-10-29,6.7,NEUTRAL,NEUTRAL,BULLISH,NEUTRAL,ESS_NEUTRAL_ANALYST_MIXED,False,0.066803,0.039582,0.011867,WINNER,
MTD,2025-10-29,7.4,BULLISH,NEUTRAL,NEUTRAL,NEUTRAL,ESS_BULLISH_ANALYST_SKEPTICAL,False,0.059211,0.018147,0.011867,WINNER,True
MTDR,2025-10-29,9.6,BULLISH,NEUTRAL,NEUTRAL,NO_DATA,ESS_BULLISH_ANALYST_SKEPTICAL,False,0.078286,0.070148,0.011867,WINNER,True
MTRN,2025-10-29,6.2,NEUTRAL,NEUTRAL,BULLISH,NEUTRAL,ESS_NEUTRAL_ANALYST_MIXED,False,0.053505,0.09308,0.011867,WINNER,
MTX,2025-10-29,6.1,NEUTRAL,NEUTRAL,NEUTRAL,NO_DATA,ESS_NEUTRAL_ANALYST_MIXED,False,0.066946,0.130435,0.011867,WINNER,
MU,2025-10-29,9.7,BULLISH,BULLISH,BULLISH,NEUTRAL,ESS_BULLISH_ANALYST_MIXED,False,0.043463,0.299426,0.011867,WINNER,True
MWA,2025-10-29,6.3,NEUTRAL,NEUTRAL,NEUTRAL,NEUTRAL,ESS_NEUTRAL_ANALYST_MIXED,False,-0.053673,-0.040009,0.011867,LOSER,
MX,2025-10-29,5.4,NEUTRAL,NEUTRAL,NEUTRAL,NEUTRAL,ESS_NEUTRAL_ANALYST_MIXED,False,-0.131579,-0.151316,0.011867,LOSER,
MYGN,2025-10-29,9.4,BULLISH,NEUTRAL,NEUTRAL,NEUTRAL,ESS_BULLISH_ANALYST_SKEPTICAL,False,-0.035398,-0.202276,0.011867,LOSER,False
MYRG,2025-10-29,9.4,BULLISH,NEUTRAL,BULLISH,BULLISH,ESS_BULLISH_ANALYST_MIXED,False,-0.005145,-0.013349,0.011867,NEUTRAL,False
NAGE,2025-10-29,8.7,BULLISH,NEUTRAL,NEUTRAL,NO_DATA,ESS_BULLISH_ANALYST_SKEPTICAL,False,-0.068776,-0.093535,0.011867,LOSER,False
NBY,2025-10-29,4.1,NEUTRAL,NEUTRAL,NEUTRAL,NEUTRAL,ESS_NEUTRAL_ANALYST_MIXED,False,,,0.011867,NO_DATA,
NCLH,2025-10-29,6.9,NEUTRAL,BULLISH,BULLISH,NEUTRAL,ESS_NEUTRAL_ANALYST_MIXED,False,-0.169217,0.008551,0.011867,LOSER,
NDLS,2025-10-29,7.0,BULLISH,NEUTRAL,BULLISH,NEUTRAL,ESS_BULLISH_ANALYST_MIXED,False,,,0.011867,NO_DATA,
NDSN,2025-10-29,5.9,NEUTRAL,NEUTRAL,BULLISH,NEUTRAL,ESS_NEUTRAL_ANALYST_MIXED,False,0.019213,0.046344,0.011867,NEUTRAL,
NEE,2025-10-29,5.8,NEUTRAL,NEUTRAL,NEUTRAL,NEUTRAL,ESS_NEUTRAL_ANALYST_MIXED,False,0.062553,-0.011576,0.011867,WINNER,
NEM,2025-10-29,9.0,BULLISH,BULLISH,NEUTRAL,NEUTRAL,ESS_BULLISH_ANALYST_MIXED,False,0.142132,0.256434,0.011867,WINNER,True
NERV,2025-10-29,4.1,NEUTRAL,NEUTRAL,NEUTRAL,NEUTRAL,ESS_NEUTRAL_ANALYST_MIXED,False,-0.01182,-0.033097,0.011867,LOSER,
NEXT,2025-10-29,5.4,NEUTRAL,NEUTRAL,NEUTRAL,NEUTRAL,ESS_NEUTRAL_ANALYST_MIXED,False,0.040886,-0.078365,0.011867,WINNER,
NFLX,2025-10-29,5.4,NEUTRAL,NEUTRAL,NEUTRAL,NEUTRAL,ESS_NEUTRAL_ANALYST_MIXED,False,-0.022364,-0.14441,0.011867,LOSER,
NG,2025-10-29,8.9,BULLISH,BULLISH,NEUTRAL,NEUTRAL,ESS_BULLISH_ANALYST_MIXED,False,0.258025,0.171605,0.011867,WINNER,True
NGVT,2025-10-29,6.5,NEUTRAL,NEUTRAL,BULLISH,NEUTRAL,ESS_NEUTRAL_ANALYST_MIXED,False,-0.02846,0.106399,0.011867,LOSER,
NKTR,2025-10-29,7.7,BULLISH,NEUTRAL,BULLISH,NEUTRAL,ESS_BULLISH_ANALYST_MIXED,False,0.093577,-0.283414,0.011867,WINNER,True
NOC,2025-10-29,7.3,BULLISH,NEUTRAL,BULLISH,NEUTRAL,ESS_BULLISH_ANALYST_MIXED,False,-0.021778,-0.008322,0.011867,LOSER,False
NOG,2025-10-29,5.5,NEUTRAL,NEUTRAL,NEUTRAL,NO_DATA,ESS_NEUTRAL_ANALYST_MIXED,False,0.019117,-0.003186,0.011867,NEUTRAL,
NOV,2025-10-29,6.8,NEUTRAL,NEUTRAL,NEUTRAL,BULLISH,ESS_NEUTRAL_ANALYST_MIXED,False,0.003266,0.028901,0.011867,NEUTRAL,
NOW,2025-10-29,4.3,NEUTRAL,BULLISH,NEUTRAL,NEUTRAL,ESS_NEUTRAL_ANALYST_MIXED,False,-0.108906,-0.152243,0.011867,LOSER,
NSC,2025-10-29,7.1,BULLISH,NEUTRAL,BULLISH,NEUTRAL,ESS_BULLISH_ANALYST_MIXED,False,0.049957,0.049813,0.011867,WINNER,True
NSSC,2025-10-29,9.9,BULLISH,BULLISH,BULLISH,BULLISH,ESS_BULLISH_ANALYST_FULL_AGREE,False,-0.076782,-0.035944,0.011867,LOSER,False
NTAP,2025-10-29,8.5,BULLISH,NEUTRAL,NEUTRAL,NEUTRAL,ESS_BULLISH_ANALYST_SKEPTICAL,False,-0.022433,-0.04136,0.011867,LOSER,False
NTLA,2025-10-29,4.1,NEUTRAL,NEUTRAL,NEUTRAL,NEUTRAL,ESS_NEUTRAL_ANALYST_MIXED,False,-0.314787,-0.303354,0.011867,LOSER,
NTR,2025-10-29,3.9,BEARISH,NEUTRAL,NEUTRAL,NEUTRAL,ESS_BEARISH_ANALYST_MIXED,False,0.030652,0.110737,0.011867,NEUTRAL,False
NUS,2025-10-29,6.1,NEUTRAL,NEUTRAL,NEUTRAL,NEUTRAL,ESS_NEUTRAL_ANALYST_MIXED,False,-0.065978,-0.081089,0.011867,LOSER,
NVDA,2025-10-29,8.8,BULLISH,NEUTRAL,NEUTRAL,BULLISH,ESS_BULLISH_ANALYST_MIXED,False,-0.145093,-0.09085,0.011867,LOSER,False
NVMI,2025-10-29,4.3,NEUTRAL,NEUTRAL,NEUTRAL,NEUTRAL,ESS_NEUTRAL_ANALYST_MIXED,False,-0.110188,-0.050031,0.011867,LOSER,
NVO,2025-10-29,8.9,BULLISH,NEUTRAL,NEUTRAL,NEUTRAL,ESS_BULLISH_ANALYST_SKEPTICAL,False,-0.039323,0.001947,0.011867,LOSER,False
NWE,2025-10-29,6.4,NEUTRAL,NEUTRAL,NEUTRAL,NEUTRAL,ESS_NEUTRAL_ANALYST_MIXED,False,0.154772,0.094722,0.011867,WINNER,
NXST,2025-10-29,8.1,BULLISH,NEUTRAL,BULLISH,NEUTRAL,ESS_BULLISH_ANALYST_MIXED,False,0.028316,0.083334,0.011867,NEUTRAL,False
NYT,2025-10-29,5.9,NEUTRAL,NEUTRAL,NEUTRAL,NEUTRAL,ESS_NEUTRAL_ANALYST_MIXED,False,0.149938,0.239615,0.011867,WINNER,
ODP,2025-10-29,7.1,BULLISH,NEUTRAL,NEUTRAL,NEUTRAL,ESS_BULLISH_ANALYST_SKEPTICAL,False,,,0.011867,NO_DATA,
OEC,2025-10-29,6.3,NEUTRAL,NEUTRAL,BULLISH,NEUTRAL,ESS_NEUTRAL_ANALYST_MIXED,False,-0.046904,-0.026266,0.011867,LOSER,
OGE,2025-10-29,6.7,NEUTRAL,NEUTRAL,NEUTRAL,NEUTRAL,ESS_NEUTRAL_ANALYST_MIXED,False,0.030849,-0.034001,0.011867,NEUTRAL,
OGN,2025-10-29,4.0,NEUTRAL,NEUTRAL,NEUTRAL,NO_DATA,ESS_NEUTRAL_ANALYST_MIXED,False,0.219362,0.12447,0.011867,WINNER,
OII,2025-10-29,7.2,BULLISH,NEUTRAL,NEUTRAL,NEUTRAL,ESS_BULLISH_ANALYST_SKEPTICAL,False,0.036974,0.025924,0.011867,WINNER,True
OIS,2025-10-29,6.9,NEUTRAL,NEUTRAL,BULLISH,NEUTRAL,ESS_NEUTRAL_ANALYST_MIXED,False,-0.076246,0.008798,0.011867,LOSER,
OLED,2025-10-29,8.0,BULLISH,BULLISH,NEUTRAL,NEUTRAL,ESS_BULLISH_ANALYST_MIXED,False,-0.202775,-0.197631,0.011867,LOSER,False
OLN,2025-10-29,3.9,BEARISH,NEUTRAL,NEUTRAL,NEUTRAL,ESS_BEARISH_ANALYST_MIXED,False,-0.003967,-0.007743,0.011867,NEUTRAL,False
OMC,2025-10-29,8.1,BULLISH,NEUTRAL,BULLISH,NEUTRAL,ESS_BULLISH_ANALYST_MIXED,False,-0.048113,0.080092,0.011867,LOSER,False
OMER,2025-10-29,4.1,NEUTRAL,NEUTRAL,NEUTRAL,NEUTRAL,ESS_NEUTRAL_ANALYST_MIXED,False,0.261719,1.157552,0.011867,WINNER,
OMI,2025-10-29,6.9,NEUTRAL,NEUTRAL,NEUTRAL,NEUTRAL,ESS_NEUTRAL_ANALYST_MIXED,False,,,0.011867,NO_DATA,
ONCY,2025-10-29,8.9,BULLISH,BULLISH,BULLISH,NEUTRAL,ESS_BULLISH_ANALYST_MIXED,False,-0.145299,-0.222222,0.011867,LOSER,False
OOMA,2025-10-29,6.8,NEUTRAL,NEUTRAL,NEUTRAL,NEUTRAL,ESS_NEUTRAL_ANALYST_MIXED,False,0.007168,0.035842,0.011867,NEUTRAL,
ORI,2025-10-29,9.1,BULLISH,NEUTRAL,BULLISH,NO_DATA,ESS_BULLISH_ANALYST_MIXED,False,0.200521,0.215364,0.011867,WINNER,True
ORLY,2025-10-29,7.0,BULLISH,NEUTRAL,BULLISH,NO_DATA,ESS_BULLISH_ANALYST_MIXED,False,0.075963,-0.028989,0.011867,WINNER,True
OSIS,2025-10-29,6.2,NEUTRAL,NEUTRAL,BULLISH,NEUTRAL,ESS_NEUTRAL_ANALYST_MIXED,False,0.086137,0.08337,0.011867,WINNER,
OSK,2025-10-29,9.1,BULLISH,NEUTRAL,NEUTRAL,BULLISH,ESS_BULLISH_ANALYST_MIXED,False,0.031223,0.033073,0.011867,NEUTRAL,False
OTIS,2025-10-29,3.7,BEARISH,NEUTRAL,NEUTRAL,NEUTRAL,ESS_BEARISH_ANALYST_MIXED,False,-0.04408,-0.053762,0.011867,LOSER,True
OTTR,2025-10-29,8.8,BULLISH,NEUTRAL,BULLISH,NEUTRAL,ESS_BULLISH_ANALYST_MIXED,False,0.070551,0.076282,0.011867,WINNER,True
OVID,2025-10-29,7.6,BULLISH,NEUTRAL,NEUTRAL,NEUTRAL,ESS_BULLISH_ANALYST_SKEPTICAL,False,0.227586,0.137931,0.011867,WINNER,True
PACB,2025-10-29,8.3,BULLISH,NEUTRAL,BULLISH,NEUTRAL,ESS_BULLISH_ANALYST_MIXED,False,0.154229,-0.149254,0.011867,WINNER,True
PAG,2025-10-29,7.7,BULLISH,NEUTRAL,BULLISH,NEUTRAL,ESS_BULLISH_ANALYST_MIXED,False,0.014482,0.031795,0.011867,NEUTRAL,False
PAHC,2025-10-29,9.6,BULLISH,BULLISH,BULLISH,NEUTRAL,ESS_BULLISH_ANALYST_MIXED,False,0.019511,-0.081515,0.011867,NEUTRAL,False
PATK,2025-10-29,5.8,NEUTRAL,NEUTRAL,BULLISH,NEUTRAL,ESS_NEUTRAL_ANALYST_MIXED,False,0.094347,0.135582,0.011867,WINNER,
PBYI,2025-10-29,8.9,BULLISH,NEUTRAL,NEUTRAL,NEUTRAL,ESS_BULLISH_ANALYST_SKEPTICAL,False,-0.021318,0.180233,0.011867,LOSER,False
PCG,2025-10-29,6.4,NEUTRAL,NEUTRAL,NEUTRAL,NEUTRAL,ESS_NEUTRAL_ANALYST_MIXED,False,0.022843,0.014594,0.011867,NEUTRAL,
PDS,2025-10-29,8.6,BULLISH,NEUTRAL,NEUTRAL,NO_DATA,ESS_BULLISH_ANALYST_SKEPTICAL,False,0.055593,0.204297,0.011867,WINNER,True
PEG,2025-10-29,7.9,BULLISH,NEUTRAL,NEUTRAL,NEUTRAL,ESS_BULLISH_ANALYST_SKEPTICAL,False,0.040229,0.013027,0.011867,WINNER,True
PEP,2025-10-29,5.9,NEUTRAL,NEUTRAL,BULLISH,NEUTRAL,ESS_NEUTRAL_ANALYST_MIXED,False,0.017652,-0.003484,0.011867,NEUTRAL,
PFE,2025-10-29,9.1,BULLISH,NEUTRAL,NEUTRAL,NEUTRAL,ESS_BULLISH_ANALYST_SKEPTICAL,False,0.078355,0.047353,0.011867,WINNER,True
PH,2025-10-29,6.7,NEUTRAL,NEUTRAL,BULLISH,NEUTRAL,ESS_NEUTRAL_ANALYST_MIXED,False,0.114232,0.151537,0.011867,WINNER,
PHM,2025-10-29,8.5,BULLISH,NEUTRAL,BULLISH,NEUTRAL,ESS_BULLISH_ANALYST_MIXED,False,0.075784,0.005958,0.011867,WINNER,True
PII,2025-10-29,5.9,NEUTRAL,BULLISH,NEUTRAL,BULLISH,ESS_NEUTRAL_ANALYST_MIXED,False,-0.018343,-0.026114,0.011867,LOSER,
PKG,2025-10-29,5.7,NEUTRAL,NEUTRAL,NEUTRAL,NO_DATA,ESS_NEUTRAL_ANALYST_MIXED,False,0.037732,0.068143,0.011867,WINNER,
PLAB,2025-10-29,8.9,BULLISH,BULLISH,BULLISH,NEUTRAL,ESS_BULLISH_ANALYST_MIXED,False,-0.050166,0.366915,0.011867,LOSER,False
PLSE,2025-10-29,6.7,NEUTRAL,NEUTRAL,BULLISH,NEUTRAL,ESS_NEUTRAL_ANALYST_MIXED,False,-0.199883,-0.172998,0.011867,LOSER,
PLUS,2025-10-29,7.0,BULLISH,NEUTRAL,BULLISH,NEUTRAL,ESS_BULLISH_ANALYST_MIXED,False,0.240639,0.239947,0.011867,WINNER,True
PLXS,2025-10-29,7.3,BULLISH,NEUTRAL,BULLISH,NO_DATA,ESS_BULLISH_ANALYST_MIXED,False,0.024952,0.084749,0.011867,NEUTRAL,False
POR,2025-10-29,6.9,NEUTRAL,NEUTRAL,NEUTRAL,NEUTRAL,ESS_NEUTRAL_ANALYST_MIXED,False,0.11082,0.057536,0.011867,WINNER,
POST,2025-10-29,8.4,BULLISH,NEUTRAL,BULLISH,NEUTRAL,ESS_BULLISH_ANALYST_MIXED,False,-0.001823,-0.041547,0.011867,NEUTRAL,False
POWL,2025-10-29,8.0,BULLISH,NEUTRAL,BULLISH,NEUTRAL,ESS_BULLISH_ANALYST_MIXED,False,-0.207852,-0.176825,0.011867,LOSER,False
PPL,2025-10-29,6.1,NEUTRAL,NEUTRAL,NEUTRAL,NEUTRAL,ESS_NEUTRAL_ANALYST_MIXED,False,0.011513,-0.026678,0.011867,NEUTRAL,
PRGO,2025-10-29,9.3,BULLISH,NEUTRAL,NEUTRAL,NEUTRAL,ESS_BULLISH_ANALYST_SKEPTICAL,False,-0.37265,-0.346335,0.011867,LOSER,False
PRGS,2025-10-29,6.2,NEUTRAL,NEUTRAL,BULLISH,NEUTRAL,ESS_NEUTRAL_ANALYST_MIXED,False,-0.027021,0.024436,0.011867,LOSER,
PRIM,2025-10-29,9.8,BULLISH,NEUTRAL,NEUTRAL,BULLISH,ESS_BULLISH_ANALYST_MIXED,False,-0.122695,-0.122834,0.011867,LOSER,False
PRKS,2025-10-29,8.4,BULLISH,NEUTRAL,BULLISH,NO_DATA,ESS_BULLISH_ANALYST_MIXED,False,-0.248438,-0.243857,0.011867,LOSER,False
PRLB,2025-10-29,6.0,NEUTRAL,NEUTRAL,BULLISH,NEUTRAL,ESS_NEUTRAL_ANALYST_MIXED,False,-0.035124,-0.006835,0.011867,LOSER,
PRSU,2025-10-29,5.5,NEUTRAL,NEUTRAL,NEUTRAL,NO_DATA,ESS_NEUTRAL_ANALYST_MIXED,False,-0.019703,-0.037978,0.011867,LOSER,
PRTA,2025-10-29,5.3,NEUTRAL,NEUTRAL,NEUTRAL,NEUTRAL,ESS_NEUTRAL_ANALYST_MIXED,False,0.00939,-0.109859,0.011867,NEUTRAL,
PSMT,2025-10-29,7.7,BULLISH,NEUTRAL,BULLISH,NEUTRAL,ESS_BULLISH_ANALYST_MIXED,False,0.016683,0.022547,0.011867,NEUTRAL,False
PTC,2025-10-29,8.5,BULLISH,NEUTRAL,NEUTRAL,NEUTRAL,ESS_BULLISH_ANALYST_SKEPTICAL,False,-0.113363,-0.112554,0.011867,LOSER,False
PTEN,2025-10-29,7.1,BULLISH,NEUTRAL,NEUTRAL,NO_DATA,ESS_BULLISH_ANALYST_SKEPTICAL,False,-0.104777,-0.07353,0.011867,LOSER,False
PVH,2025-10-29,8.1,BULLISH,NEUTRAL,BULLISH,NEUTRAL,ESS_BULLISH_ANALYST_MIXED,False,0.053015,-0.15247,0.011867,WINNER,True
PWR,2025-10-29,3.6,BEARISH,NEUTRAL,NEUTRAL,NEUTRAL,ESS_BEARISH_ANALYST_MIXED,False,0.036083,-0.039359,0.011867,WINNER,False
PXLW,2025-10-29,7.3,BULLISH,NEUTRAL,NEUTRAL,NEUTRAL,ESS_BULLISH_ANALYST_SKEPTICAL,False,0.055215,0.016871,0.011867,WINNER,True
PYPL,2025-10-29,7.8,BULLISH,NEUTRAL,BULLISH,NEUTRAL,ESS_BULLISH_ANALYST_MIXED,False,-0.098236,-0.144266,0.011867,LOSER,False
QCOM,2025-10-29,6.5,NEUTRAL,NEUTRAL,NEUTRAL,NEUTRAL,ESS_NEUTRAL_ANALYST_MIXED,False,-0.059215,-0.024368,0.011867,LOSER,
QGEN,2025-10-29,6.6,NEUTRAL,NEUTRAL,NEUTRAL,NEUTRAL,ESS_NEUTRAL_ANALYST_MIXED,False,0.011867,-0.033694,0.011867,NEUTRAL,
QLYS,2025-10-29,5.7,NEUTRAL,NEUTRAL,NEUTRAL,NEUTRAL,ESS_NEUTRAL_ANALYST_MIXED,False,0.149233,0.120594,0.011867,WINNER,
QNST,2025-10-29,6.7,NEUTRAL,NEUTRAL,NEUTRAL,NEUTRAL,ESS_NEUTRAL_ANALYST_MIXED,False,0.006489,0.040375,0.011867,NEUTRAL,
QRHC,2025-10-29,5.5,NEUTRAL,NEUTRAL,NEUTRAL,NEUTRAL,ESS_NEUTRAL_ANALYST_MIXED,False,0.205128,0.25,0.011867,WINNER,
QRVO,2025-10-29,8.8,BULLISH,NEUTRAL,NEUTRAL,NEUTRAL,ESS_BULLISH_ANALYST_SKEPTICAL,False,-0.10044,-0.104943,0.011867,LOSER,False
QUAD,2025-10-29,6.5,NEUTRAL,NEUTRAL,NEUTRAL,NEUTRAL,ESS_NEUTRAL_ANALYST_MIXED,False,0.093647,0.215587,0.011867,WINNER,
R,2025-10-29,7.2,BULLISH,NEUTRAL,BULLISH,NEUTRAL,ESS_BULLISH_ANALYST_MIXED,False,0.019552,0.142927,0.011867,NEUTRAL,False
RACE,2025-10-29,8.1,BULLISH,NEUTRAL,BULLISH,NEUTRAL,ESS_BULLISH_ANALYST_MIXED,False,0.001175,-0.040083,0.011867,NEUTRAL,False
RARE,2025-10-29,4.1,NEUTRAL,NEUTRAL,NEUTRAL,NEUTRAL,ESS_NEUTRAL_ANALYST_MIXED,False,0.004626,-0.429893,0.011867,NEUTRAL,
RBBN,2025-10-29,8.2,BULLISH,NEUTRAL,BULLISH,NEUTRAL,ESS_BULLISH_ANALYST_MIXED,False,-0.171015,-0.147826,0.011867,LOSER,False
RBC,2025-10-29,5.9,NEUTRAL,NEUTRAL,BULLISH,NEUTRAL,ESS_NEUTRAL_ANALYST_MIXED,False,0.088106,0.117279,0.011867,WINNER,
RCI,2025-10-29,9.3,BULLISH,NEUTRAL,NEUTRAL,NEUTRAL,ESS_BULLISH_ANALYST_SKEPTICAL,False,-0.016591,-0.057315,0.011867,LOSER,False
RCKT,2025-10-29,3.1,BEARISH,NEUTRAL,BULLISH,NEUTRAL,ESS_BEARISH_ANALYST_MIXED,True,-0.095238,-0.079365,0.011867,LOSER,True
RCL,2025-10-29,3.1,BEARISH,NEUTRAL,BULLISH,NEUTRAL,ESS_BEARISH_ANALYST_MIXED,True,-0.049277,0.012871,0.011867,LOSER,True
RCMT,2025-10-29,5.5,NEUTRAL,NEUTRAL,NEUTRAL,NEUTRAL,ESS_NEUTRAL_ANALYST_MIXED,False,-0.135541,-0.112583,0.011867,LOSER,
REGN,2025-10-29,9.6,BULLISH,NEUTRAL,NEUTRAL,NEUTRAL,ESS_BULLISH_ANALYST_SKEPTICAL,False,0.196441,0.196916,0.011867,WINNER,True
REVG,2025-10-29,9.8,BULLISH,BULLISH,BULLISH,BULLISH,ESS_BULLISH_ANALYST_FULL_AGREE,False,,,0.011867,NO_DATA,
RGLD,2025-10-29,8.9,BULLISH,BULLISH,NEUTRAL,NEUTRAL,ESS_BULLISH_ANALYST_MIXED,False,0.152811,0.27429,0.011867,WINNER,True
RGP,2025-10-29,7.1,BULLISH,NEUTRAL,BULLISH,NEUTRAL,ESS_BULLISH_ANALYST_MIXED,False,0.127058,0.224861,0.011867,WINNER,True
RIG,2025-10-29,7.5,BULLISH,NEUTRAL,NEUTRAL,NEUTRAL,ESS_BULLISH_ANALYST_SKEPTICAL,False,0.151436,0.062663,0.011867,WINNER,True
RIGL,2025-10-29,8.2,BULLISH,NEUTRAL,NEUTRAL,NEUTRAL,ESS_BULLISH_ANALYST_SKEPTICAL,False,0.717347,0.465306,0.011867,WINNER,True
RMBS,2025-10-29,7.0,BULLISH,NEUTRAL,BULLISH,NEUTRAL,ESS_BULLISH_ANALYST_MIXED,False,-0.141792,-0.159752,0.011867,LOSER,False
RMD,2025-10-29,6.5,NEUTRAL,NEUTRAL,BULLISH,NEUTRAL,ESS_NEUTRAL_ANALYST_MIXED,False,0.011113,-0.040188,0.011867,NEUTRAL,
RMTI,2025-10-29,4.1,NEUTRAL,NEUTRAL,NEUTRAL,NEUTRAL,ESS_NEUTRAL_ANALYST_MIXED,False,-0.082569,-0.256881,0.011867,LOSER,
RNG,2025-10-29,9.1,BULLISH,NEUTRAL,NEUTRAL,BULLISH,ESS_BULLISH_ANALYST_MIXED,False,-0.048197,-0.004044,0.011867,LOSER,False
RNGR,2025-10-29,8.8,BULLISH,NEUTRAL,NEUTRAL,NEUTRAL,ESS_BULLISH_ANALYST_SKEPTICAL,False,-0.026962,0.016252,0.011867,LOSER,False
ROG,2025-10-29,6.2,NEUTRAL,NEUTRAL,BULLISH,NEUTRAL,ESS_NEUTRAL_ANALYST_MIXED,False,0.002632,0.122503,0.011867,NEUTRAL,
ROK,2025-10-29,3.7,BEARISH,NEUTRAL,NEUTRAL,BULLISH,ESS_BEARISH_ANALYST_MIXED,True,0.079217,0.080908,0.011867,WINNER,False
ROL,2025-10-29,7.7,BULLISH,NEUTRAL,NEUTRAL,NEUTRAL,ESS_BULLISH_ANALYST_SKEPTICAL,False,0.144841,0.13162,0.011867,WINNER,True
ROST,2025-10-29,8.3,BULLISH,NEUTRAL,NEUTRAL,BULLISH,ESS_BULLISH_ANALYST_MIXED,False,0.113806,0.143941,0.011867,WINNER,True
RRGB,2025-10-29,7.3,BULLISH,BULLISH,NEUTRAL,NEUTRAL,ESS_BULLISH_ANALYST_MIXED,False,-0.185874,-0.232342,0.011867,LOSER,False
RRR,2025-10-29,5.4,NEUTRAL,NEUTRAL,NEUTRAL,NEUTRAL,ESS_NEUTRAL_ANALYST_MIXED,False,0.120099,0.20537,0.011867,WINNER,
RRX,2025-10-29,6.9,NEUTRAL,NEUTRAL,BULLISH,NO_DATA,ESS_NEUTRAL_ANALYST_MIXED,False,-0.030804,-0.047069,0.011867,LOSER,
RSG,2025-10-29,4.1,NEUTRAL,NEUTRAL,BULLISH,NEUTRAL,ESS_NEUTRAL_ANALYST_MIXED,False,0.031164,0.019097,0.011867,NEUTRAL,
RTX,2025-10-29,6.2,NEUTRAL,NEUTRAL,NEUTRAL,NEUTRAL,ESS_NEUTRAL_ANALYST_MIXED,False,-0.004302,0.049835,0.011867,NEUTRAL,
RUN,2025-10-29,8.5,BULLISH,NEUTRAL,NEUTRAL,NEUTRAL,ESS_BULLISH_ANALYST_SKEPTICAL,False,0.006461,-0.019384,0.011867,NEUTRAL,False
RVTY,2025-10-29,5.9,NEUTRAL,NEUTRAL,NEUTRAL,NO_DATA,ESS_NEUTRAL_ANALYST_MIXED,False,0.095593,0.018993,0.011867,WINNER,
S,2025-10-29,3.7,BEARISH,NEUTRAL,BULLISH,NO_DATA,ESS_BEARISH_ANALYST_MAJORITY_BULLISH,True,-0.039692,-0.109597,0.011867,LOSER,True
SAIC,2025-10-29,9.5,BULLISH,NEUTRAL,BULLISH,NEUTRAL,ESS_BULLISH_ANALYST_MIXED,False,-0.049084,0.139974,0.011867,LOSER,False
SAM,2025-10-29,6.8,NEUTRAL,NEUTRAL,BULLISH,NO_DATA,ESS_NEUTRAL_ANALYST_MIXED,False,-0.08536,-0.072166,0.011867,LOSER,
SANM,2025-10-29,9.8,BULLISH,NEUTRAL,BULLISH,BULLISH,ESS_BULLISH_ANALYST_MIXED,False,0.130929,0.113477,0.011867,WINNER,True
SBH,2025-10-29,9.7,BULLISH,NEUTRAL,BULLISH,BULLISH,ESS_BULLISH_ANALYST_MIXED,False,0.054521,-0.061835,0.011867,WINNER,True
SCCO,2025-10-29,8.8,BULLISH,NEUTRAL,NEUTRAL,BULLISH,ESS_BULLISH_ANALYST_MIXED,False,-0.034287,0.041089,0.011867,LOSER,False
SCI,2025-10-29,4.0,NEUTRAL,NEUTRAL,NEUTRAL,NEUTRAL,ESS_NEUTRAL_ANALYST_MIXED,False,-0.008241,-0.022002,0.011867,LOSER,
SCL,2025-10-29,4.2,NEUTRAL,NEUTRAL,NEUTRAL,NEUTRAL,ESS_NEUTRAL_ANALYST_MIXED,False,0.035033,0.07796,0.011867,WINNER,
SCS,2025-10-29,8.5,BULLISH,BULLISH,BULLISH,NEUTRAL,ESS_BULLISH_ANALYST_MIXED,False,,,0.011867,NO_DATA,
SCSC,2025-10-29,7.0,BULLISH,NEUTRAL,BULLISH,NEUTRAL,ESS_BULLISH_ANALYST_MIXED,False,-0.021185,-0.051654,0.011867,LOSER,False
SCVL,2025-10-29,4.1,NEUTRAL,BULLISH,NEUTRAL,NEUTRAL,ESS_NEUTRAL_ANALYST_MIXED,False,-0.112305,-0.064481,0.011867,LOSER,
SEE,2025-10-29,7.9,BULLISH,NEUTRAL,BULLISH,NEUTRAL,ESS_BULLISH_ANALYST_MIXED,False,,,0.011867,NO_DATA,
SFIX,2025-10-29,8.8,BULLISH,BULLISH,NEUTRAL,NEUTRAL,ESS_BULLISH_ANALYST_MIXED,False,0.007109,0.270142,0.011867,NEUTRAL,False
SFM,2025-10-29,5.2,NEUTRAL,NEUTRAL,NEUTRAL,NEUTRAL,ESS_NEUTRAL_ANALYST_MIXED,False,-0.198374,-0.228312,0.011867,LOSER,
SGC,2025-10-29,7.1,BULLISH,NEUTRAL,NEUTRAL,NEUTRAL,ESS_BULLISH_ANALYST_SKEPTICAL,False,0.020254,0.03075,0.011867,NEUTRAL,False
SIRI,2025-10-29,7.4,BULLISH,NEUTRAL,BULLISH,NEUTRAL,ESS_BULLISH_ANALYST_MIXED,False,0.022139,-0.022574,0.011867,NEUTRAL,False
SKYW,2025-10-29,3.1,BEARISH,NEUTRAL,BULLISH,NEUTRAL,ESS_BEARISH_ANALYST_MIXED,True,0.050823,0.041611,0.011867,WINNER,False
SLAB,2025-10-29,4.2,NEUTRAL,NEUTRAL,NEUTRAL,NEUTRAL,ESS_NEUTRAL_ANALYST_MIXED,False,-0.035895,0.002796,0.011867,LOSER,
SLS,2025-10-29,6.7,NEUTRAL,NEUTRAL,BULLISH,NEUTRAL,ESS_NEUTRAL_ANALYST_MIXED,False,-0.221154,0.610577,0.011867,LOSER,
SMP,2025-10-29,6.5,NEUTRAL,BULLISH,NEUTRAL,NEUTRAL,ESS_NEUTRAL_ANALYST_MIXED,False,-0.029561,-0.038867,0.011867,LOSER,
SNA,2025-10-29,7.8,BULLISH,NEUTRAL,BULLISH,NEUTRAL,ESS_BULLISH_ANALYST_MIXED,False,0.016087,0.048806,0.011867,NEUTRAL,False
SNX,2025-10-29,8.6,BULLISH,BULLISH,BULLISH,NEUTRAL,ESS_BULLISH_ANALYST_MIXED,False,-0.020492,-0.015417,0.011867,LOSER,False
SO,2025-10-29,5.8,NEUTRAL,NEUTRAL,NEUTRAL,NEUTRAL,ESS_NEUTRAL_ANALYST_MIXED,False,-0.017542,-0.056142,0.011867,LOSER,
SPB,2025-10-29,5.8,NEUTRAL,NEUTRAL,BULLISH,NEUTRAL,ESS_NEUTRAL_ANALYST_MIXED,False,0.098993,0.116769,0.011867,WINNER,
SPNS,2025-10-29,7.3,BULLISH,NEUTRAL,BULLISH,NEUTRAL,ESS_BULLISH_ANALYST_MIXED,False,,,0.011867,NO_DATA,
SPOK,2025-10-29,6.3,NEUTRAL,NEUTRAL,NEUTRAL,NEUTRAL,ESS_NEUTRAL_ANALYST_MIXED,False,-0.13989,-0.152843,0.011867,LOSER,
SPSC,2025-10-29,3.3,BEARISH,NEUTRAL,NEUTRAL,NEUTRAL,ESS_BEARISH_ANALYST_MIXED,False,-0.207834,-0.127496,0.011867,LOSER,True
SRDX,2025-10-29,5.3,NEUTRAL,NEUTRAL,NEUTRAL,NEUTRAL,ESS_NEUTRAL_ANALYST_MIXED,False,,,0.011867,NO_DATA,
SRI,2025-10-29,8.3,BULLISH,NEUTRAL,BULLISH,NEUTRAL,ESS_BULLISH_ANALYST_MIXED,False,-0.191218,-0.177054,0.011867,LOSER,False
SSD,2025-10-29,5.2,NEUTRAL,NEUTRAL,NEUTRAL,NEUTRAL,ESS_NEUTRAL_ANALYST_MIXED,False,-0.067469,-0.07382,0.011867,LOSER,
SSNC,2025-10-29,3.7,BEARISH,NEUTRAL,NEUTRAL,NO_DATA,ESS_BEARISH_ANALYST_MIXED,False,0.032064,0.076759,0.011867,WINNER,False
SSYS,2025-10-29,5.5,NEUTRAL,NEUTRAL,NEUTRAL,NEUTRAL,ESS_NEUTRAL_ANALYST_MIXED,False,-0.208108,-0.206306,0.011867,LOSER,
ST,2025-10-29,6.8,NEUTRAL,NEUTRAL,BULLISH,NEUTRAL,ESS_NEUTRAL_ANALYST_MIXED,False,-0.013697,0.020748,0.011867,LOSER,
STE,2025-10-29,5.9,NEUTRAL,NEUTRAL,NEUTRAL,NEUTRAL,ESS_NEUTRAL_ANALYST_MIXED,False,0.124541,0.082056,0.011867,WINNER,
STGW,2025-10-29,5.3,NEUTRAL,NEUTRAL,NEUTRAL,NO_DATA,ESS_NEUTRAL_ANALYST_MIXED,False,0.128421,0.050526,0.011867,WINNER,
STLD,2025-10-29,3.7,BEARISH,NEUTRAL,BULLISH,NEUTRAL,ESS_BEARISH_ANALYST_MIXED,True,0.026672,0.057564,0.011867,NEUTRAL,False
STRA,2025-10-29,8.5,BULLISH,NEUTRAL,BULLISH,NEUTRAL,ESS_BULLISH_ANALYST_MIXED,False,-0.002939,0.041105,0.011867,NEUTRAL,False
STRL,2025-10-29,9.3,BULLISH,BULLISH,NEUTRAL,BULLISH,ESS_BULLISH_ANALYST_MIXED,False,-0.146374,-0.229478,0.011867,LOSER,False
STRT,2025-10-29,9.6,BULLISH,NEUTRAL,BULLISH,NEUTRAL,ESS_BULLISH_ANALYST_MIXED,False,0.140858,0.178582,0.011867,WINNER,True
STX,2025-10-29,9.3,BULLISH,BULLISH,NEUTRAL,BULLISH,ESS_BULLISH_ANALYST_MIXED,False,0.041676,0.06181,0.011867,WINNER,True
SU,2025-10-29,6.4,NEUTRAL,NEUTRAL,NEUTRAL,NEUTRAL,ESS_NEUTRAL_ANALYST_MIXED,False,0.1195,0.09325,0.011867,WINNER,
SUPN,2025-10-29,8.2,BULLISH,BULLISH,NEUTRAL,NEUTRAL,ESS_BULLISH_ANALYST_MIXED,False,-0.181214,-0.079562,0.011867,LOSER,False
SWK,2025-10-29,3.5,BEARISH,NEUTRAL,NEUTRAL,NEUTRAL,ESS_BEARISH_ANALYST_MIXED,False,0.022298,0.086653,0.011867,NEUTRAL,False
SWKS,2025-10-29,5.6,NEUTRAL,NEUTRAL,NEUTRAL,NEUTRAL,ESS_NEUTRAL_ANALYST_MIXED,False,-0.152911,-0.177701,0.011867,LOSER,
SYBX,2025-10-29,8.4,BULLISH,NEUTRAL,BULLISH,NEUTRAL,ESS_BULLISH_ANALYST_MIXED,False,,,0.011867,NO_DATA,
